[0.000000] (-) TimerEvent: {}
[0.001068] (helios16p_cane_robot) JobQueued: {'identifier': 'helios16p_cane_robot', 'dependencies': OrderedDict()}
[0.001427] (kiss_icp) JobQueued: {'identifier': 'kiss_icp', 'dependencies': OrderedDict()}
[0.001776] (rslidar_msg) JobQueued: {'identifier': 'rslidar_msg', 'dependencies': OrderedDict()}
[0.002074] (rslidar_sdk) JobQueued: {'identifier': 'rslidar_sdk', 'dependencies': OrderedDict([('rslidar_msg', '/home/ph/ws/helios16p_ws/install/rslidar_msg')])}
[0.002166] (rslidar_msg) JobStarted: {'identifier': 'rslidar_msg'}
[0.017945] (helios16p_cane_robot) JobStarted: {'identifier': 'helios16p_cane_robot'}
[0.033821] (kiss_icp) JobStarted: {'identifier': 'kiss_icp'}
[0.048742] (rslidar_msg) JobProgress: {'identifier': 'rslidar_msg', 'progress': 'cmake'}
[0.050733] (rslidar_msg) JobProgress: {'identifier': 'rslidar_msg', 'progress': 'build'}
[0.053023] (rslidar_msg) Command: {'cmd': ['/usr/bin/cmake', '--build', '/home/ph/ws/helios16p_ws/build/rslidar_msg', '--', '-j8', '-l8'], 'cwd': '/home/ph/ws/helios16p_ws/build/rslidar_msg', 'env': OrderedDict([('LESSOPEN', '| /usr/bin/lesspipe %s'), ('LANGUAGE', 'en_US'), ('USER', 'ph'), ('LC_TIME', 'it_IT.UTF-8'), ('XDG_SEAT', 'seat0'), ('XDG_SESSION_TYPE', 'x11'), ('SHLVL', '1'), ('LD_LIBRARY_PATH', '/usr/lib/x86_64-linux-gnu/gazebo-11/plugins:/opt/ros/humble/opt/rviz_ogre_vendor/lib:/opt/ros/humble/lib/x86_64-linux-gnu:/opt/ros/humble/lib'), ('HOME', '/home/ph'), ('OLDPWD', '/home/ph'), ('DESKTOP_SESSION', 'i3'), ('NVM_BIN', '/home/ph/.nvm/versions/node/v18.20.8/bin'), ('NVM_INC', '/home/ph/.nvm/versions/node/v18.20.8/include/node'), ('ROS_PYTHON_VERSION', '3'), ('GTK_MODULES', 'gail:atk-bridge'), ('XDG_SEAT_PATH', '/org/freedesktop/DisplayManager/Seat0'), ('LC_MONETARY', 'it_IT.UTF-8'), ('DBUS_SESSION_BUS_ADDRESS', 'unix:path=/run/user/1000/bus'), ('NVM_DIR', '/home/ph/.nvm'), ('_colcon_cd_root', '/opt/ros/humble/'), ('ROS_DISTRO', 'humble'), ('GTK_IM_MODULE', 'ibus'), ('LOGNAME', 'ph'), ('WINDOWID', '50331680'), ('_', '/usr/bin/colcon'), ('ROS_VERSION', '2'), ('XTERM_SHELL', '/bin/bash'), ('XDG_SESSION_CLASS', 'user'), ('TERM', 'xterm'), ('XDG_SESSION_ID', 'c2'), ('ROS_LOCALHOST_ONLY', '0'), ('PATH', '/home/ph/.nvm/versions/node/v18.20.8/bin:/home/ph/.local/bin:/opt/ros/humble/bin:/home/ph/.local/bin:/usr/local/sbin:/usr/local/bin:/usr/sbin:/usr/bin:/sbin:/bin:/usr/games:/usr/local/games:/snap/bin'), ('GDM_LANG', 'en_US'), ('XDG_SESSION_PATH', '/org/freedesktop/DisplayManager/Session0'), ('LC_ADDRESS', 'it_IT.UTF-8'), ('XDG_RUNTIME_DIR', '/run/user/1000'), ('DISPLAY', ':0'), ('LANG', 'en_US.UTF-8'), ('XDG_CURRENT_DESKTOP', 'i3'), ('LC_TELEPHONE', 'it_IT.UTF-8'), ('XMODIFIERS', '@im=ibus'), ('XDG_SESSION_DESKTOP', 'i3'), ('XAUTHORITY', '/home/ph/.Xauthority'), ('LS_COLORS', 'rs=0:di=01;34:ln=01;36:mh=00:pi=40;33:so=01;35:do=01;35:bd=40;33;01:cd=40;33;01:or=40;31;01:mi=00:su=37;41:sg=30;43:ca=30;41:tw=30;42:ow=34;42:st=37;44:ex=01;32:*.tar=01;31:*.tgz=01;31:*.arc=01;31:*.arj=01;31:*.taz=01;31:*.lha=01;31:*.lz4=01;31:*.lzh=01;31:*.lzma=01;31:*.tlz=01;31:*.txz=01;31:*.tzo=01;31:*.t7z=01;31:*.zip=01;31:*.z=01;31:*.dz=01;31:*.gz=01;31:*.lrz=01;31:*.lz=01;31:*.lzo=01;31:*.xz=01;31:*.zst=01;31:*.tzst=01;31:*.bz2=01;31:*.bz=01;31:*.tbz=01;31:*.tbz2=01;31:*.tz=01;31:*.deb=01;31:*.rpm=01;31:*.jar=01;31:*.war=01;31:*.ear=01;31:*.sar=01;31:*.rar=01;31:*.alz=01;31:*.ace=01;31:*.zoo=01;31:*.cpio=01;31:*.7z=01;31:*.rz=01;31:*.cab=01;31:*.wim=01;31:*.swm=01;31:*.dwm=01;31:*.esd=01;31:*.jpg=01;35:*.jpeg=01;35:*.mjpg=01;35:*.mjpeg=01;35:*.gif=01;35:*.bmp=01;35:*.pbm=01;35:*.pgm=01;35:*.ppm=01;35:*.tga=01;35:*.xbm=01;35:*.xpm=01;35:*.tif=01;35:*.tiff=01;35:*.png=01;35:*.svg=01;35:*.svgz=01;35:*.mng=01;35:*.pcx=01;35:*.mov=01;35:*.mpg=01;35:*.mpeg=01;35:*.m2v=01;35:*.mkv=01;35:*.webm=01;35:*.webp=01;35:*.ogm=01;35:*.mp4=01;35:*.m4v=01;35:*.mp4v=01;35:*.vob=01;35:*.qt=01;35:*.nuv=01;35:*.wmv=01;35:*.asf=01;35:*.rm=01;35:*.rmvb=01;35:*.flc=01;35:*.avi=01;35:*.fli=01;35:*.flv=01;35:*.gl=01;35:*.dl=01;35:*.xcf=01;35:*.xwd=01;35:*.yuv=01;35:*.cgm=01;35:*.emf=01;35:*.ogv=01;35:*.ogx=01;35:*.aac=00;36:*.au=00;36:*.flac=00;36:*.m4a=00;36:*.mid=00;36:*.midi=00;36:*.mka=00;36:*.mp3=00;36:*.mpc=00;36:*.ogg=00;36:*.ra=00;36:*.wav=00;36:*.oga=00;36:*.opus=00;36:*.spx=00;36:*.xspf=00;36:'), ('ROS_DOMAIN_ID', '2'), ('XDG_GREETER_DATA_DIR', '/var/lib/lightdm-data/ph'), ('AMENT_PREFIX_PATH', '/opt/ros/humble'), ('SHELL', '/bin/bash'), ('CMAKE_POLICY_VERSION_MINIMUM', '3.5'), ('LC_NAME', 'it_IT.UTF-8'), ('QT_ACCESSIBILITY', '1'), ('GDMSESSION', 'i3'), ('LESSCLOSE', '/usr/bin/lesspipe %s %s'), ('LC_MEASUREMENT', 'it_IT.UTF-8'), ('GPG_AGENT_INFO', '/run/user/1000/gnupg/S.gpg-agent:0:1'), ('LC_IDENTIFICATION', 'it_IT.UTF-8'), ('QT_IM_MODULE', 'ibus'), ('XDG_VTNR', '7'), ('GPG_TTY', '/dev/pts/3'), ('PWD', '/home/ph/ws/helios16p_ws/build/rslidar_msg'), ('LC_ALL', 'en_US.UTF-8'), ('XDG_CONFIG_DIRS', '/etc/xdg/xdg-i3:/etc/xdg'), ('XTERM_LOCALE', 'en_US.UTF-8'), ('CLUTTER_IM_MODULE', 'ibus'), ('NVM_CD_FLAGS', ''), ('XDG_DATA_DIRS', '/usr/share/i3:/usr/share/gnome:/usr/local/share/:/usr/share/'), ('XTERM_VERSION', 'XTerm(372)'), ('PYTHONPATH', '/opt/ros/humble/lib/python3.10/site-packages:/opt/ros/humble/local/lib/python3.10/dist-packages'), ('LC_NUMERIC', 'it_IT.UTF-8'), ('I3SOCK', '/run/user/1000/i3/ipc-socket.2193'), ('LC_PAPER', 'it_IT.UTF-8'), ('COLCON', '1'), ('CMAKE_PREFIX_PATH', '/opt/ros/humble')]), 'shell': False}
[0.099343] (-) TimerEvent: {}
[0.203343] (-) TimerEvent: {}
[0.303904] (-) TimerEvent: {}
[0.404411] (-) TimerEvent: {}
[0.504894] (-) TimerEvent: {}
[0.605353] (-) TimerEvent: {}
[0.705808] (-) TimerEvent: {}
[0.775095] (rslidar_msg) StdoutLine: {'line': b'[  3%] Built target rslidar_msg__cpp\n'}
[0.776703] (rslidar_msg) StdoutLine: {'line': b'[ 12%] Built target rslidar_msg__rosidl_generator_c\n'}
[0.777205] (rslidar_msg) StdoutLine: {'line': b'[ 12%] Built target ament_cmake_python_copy_rslidar_msg\n'}
[0.777790] (rslidar_msg) StdoutLine: {'line': b'[ 22%] Built target rslidar_msg__rosidl_typesupport_cpp\n'}
[0.778049] (rslidar_msg) StdoutLine: {'line': b'[ 32%] Built target rslidar_msg__rosidl_typesupport_introspection_cpp\n'}
[0.778272] (rslidar_msg) StdoutLine: {'line': b'[ 41%] Built target rslidar_msg__rosidl_typesupport_fastrtps_c\n'}
[0.778520] (rslidar_msg) StdoutLine: {'line': b'[ 61%] Built target rslidar_msg__rosidl_typesupport_fastrtps_cpp\n'}
[0.778711] (rslidar_msg) StdoutLine: {'line': b'[ 61%] Built target rslidar_msg__rosidl_typesupport_introspection_c\n'}
[0.778967] (rslidar_msg) StdoutLine: {'line': b'[ 70%] Built target rslidar_msg__rosidl_typesupport_c\n'}
[0.779153] (rslidar_msg) StdoutLine: {'line': b'[ 70%] Built target rslidar_msg\n'}
[0.779415] (rslidar_msg) StdoutLine: {'line': b'[ 74%] Built target rslidar_msg__py\n'}
[0.781493] (rslidar_msg) StdoutLine: {'line': b'[ 80%] Built target rslidar_msg__rosidl_generator_py\n'}
[0.782128] (rslidar_msg) StdoutLine: {'line': b'[ 90%] Built target rslidar_msg__rosidl_typesupport_introspection_c__pyext\n'}
[0.783423] (rslidar_msg) StdoutLine: {'line': b'[ 93%] Built target rslidar_msg__rosidl_typesupport_c__pyext\n'}
[0.784491] (rslidar_msg) StdoutLine: {'line': b'[100%] Built target rslidar_msg__rosidl_typesupport_fastrtps_c__pyext\n'}
[0.785503] (kiss_icp) JobProgress: {'identifier': 'kiss_icp', 'progress': 'cmake'}
[0.785620] (kiss_icp) Command: {'cmd': ['/usr/bin/cmake', '/home/ph/ws/helios16p_ws/src/kiss-icp/ros', '-DCMAKE_INSTALL_PREFIX=/home/ph/ws/helios16p_ws/install/kiss_icp'], 'cwd': '/home/ph/ws/helios16p_ws/build/kiss_icp', 'env': OrderedDict([('LESSOPEN', '| /usr/bin/lesspipe %s'), ('LANGUAGE', 'en_US'), ('USER', 'ph'), ('LC_TIME', 'it_IT.UTF-8'), ('XDG_SEAT', 'seat0'), ('XDG_SESSION_TYPE', 'x11'), ('SHLVL', '1'), ('LD_LIBRARY_PATH', '/usr/lib/x86_64-linux-gnu/gazebo-11/plugins:/opt/ros/humble/opt/rviz_ogre_vendor/lib:/opt/ros/humble/lib/x86_64-linux-gnu:/opt/ros/humble/lib'), ('HOME', '/home/ph'), ('OLDPWD', '/home/ph'), ('DESKTOP_SESSION', 'i3'), ('NVM_BIN', '/home/ph/.nvm/versions/node/v18.20.8/bin'), ('NVM_INC', '/home/ph/.nvm/versions/node/v18.20.8/include/node'), ('ROS_PYTHON_VERSION', '3'), ('GTK_MODULES', 'gail:atk-bridge'), ('XDG_SEAT_PATH', '/org/freedesktop/DisplayManager/Seat0'), ('LC_MONETARY', 'it_IT.UTF-8'), ('DBUS_SESSION_BUS_ADDRESS', 'unix:path=/run/user/1000/bus'), ('NVM_DIR', '/home/ph/.nvm'), ('_colcon_cd_root', '/opt/ros/humble/'), ('ROS_DISTRO', 'humble'), ('GTK_IM_MODULE', 'ibus'), ('LOGNAME', 'ph'), ('WINDOWID', '50331680'), ('_', '/usr/bin/colcon'), ('ROS_VERSION', '2'), ('XTERM_SHELL', '/bin/bash'), ('XDG_SESSION_CLASS', 'user'), ('TERM', 'xterm'), ('XDG_SESSION_ID', 'c2'), ('ROS_LOCALHOST_ONLY', '0'), ('PATH', '/home/ph/.nvm/versions/node/v18.20.8/bin:/home/ph/.local/bin:/opt/ros/humble/bin:/home/ph/.local/bin:/usr/local/sbin:/usr/local/bin:/usr/sbin:/usr/bin:/sbin:/bin:/usr/games:/usr/local/games:/snap/bin'), ('GDM_LANG', 'en_US'), ('XDG_SESSION_PATH', '/org/freedesktop/DisplayManager/Session0'), ('LC_ADDRESS', 'it_IT.UTF-8'), ('XDG_RUNTIME_DIR', '/run/user/1000'), ('DISPLAY', ':0'), ('LANG', 'en_US.UTF-8'), ('XDG_CURRENT_DESKTOP', 'i3'), ('LC_TELEPHONE', 'it_IT.UTF-8'), ('XMODIFIERS', '@im=ibus'), ('XDG_SESSION_DESKTOP', 'i3'), ('XAUTHORITY', '/home/ph/.Xauthority'), ('LS_COLORS', 'rs=0:di=01;34:ln=01;36:mh=00:pi=40;33:so=01;35:do=01;35:bd=40;33;01:cd=40;33;01:or=40;31;01:mi=00:su=37;41:sg=30;43:ca=30;41:tw=30;42:ow=34;42:st=37;44:ex=01;32:*.tar=01;31:*.tgz=01;31:*.arc=01;31:*.arj=01;31:*.taz=01;31:*.lha=01;31:*.lz4=01;31:*.lzh=01;31:*.lzma=01;31:*.tlz=01;31:*.txz=01;31:*.tzo=01;31:*.t7z=01;31:*.zip=01;31:*.z=01;31:*.dz=01;31:*.gz=01;31:*.lrz=01;31:*.lz=01;31:*.lzo=01;31:*.xz=01;31:*.zst=01;31:*.tzst=01;31:*.bz2=01;31:*.bz=01;31:*.tbz=01;31:*.tbz2=01;31:*.tz=01;31:*.deb=01;31:*.rpm=01;31:*.jar=01;31:*.war=01;31:*.ear=01;31:*.sar=01;31:*.rar=01;31:*.alz=01;31:*.ace=01;31:*.zoo=01;31:*.cpio=01;31:*.7z=01;31:*.rz=01;31:*.cab=01;31:*.wim=01;31:*.swm=01;31:*.dwm=01;31:*.esd=01;31:*.jpg=01;35:*.jpeg=01;35:*.mjpg=01;35:*.mjpeg=01;35:*.gif=01;35:*.bmp=01;35:*.pbm=01;35:*.pgm=01;35:*.ppm=01;35:*.tga=01;35:*.xbm=01;35:*.xpm=01;35:*.tif=01;35:*.tiff=01;35:*.png=01;35:*.svg=01;35:*.svgz=01;35:*.mng=01;35:*.pcx=01;35:*.mov=01;35:*.mpg=01;35:*.mpeg=01;35:*.m2v=01;35:*.mkv=01;35:*.webm=01;35:*.webp=01;35:*.ogm=01;35:*.mp4=01;35:*.m4v=01;35:*.mp4v=01;35:*.vob=01;35:*.qt=01;35:*.nuv=01;35:*.wmv=01;35:*.asf=01;35:*.rm=01;35:*.rmvb=01;35:*.flc=01;35:*.avi=01;35:*.fli=01;35:*.flv=01;35:*.gl=01;35:*.dl=01;35:*.xcf=01;35:*.xwd=01;35:*.yuv=01;35:*.cgm=01;35:*.emf=01;35:*.ogv=01;35:*.ogx=01;35:*.aac=00;36:*.au=00;36:*.flac=00;36:*.m4a=00;36:*.mid=00;36:*.midi=00;36:*.mka=00;36:*.mp3=00;36:*.mpc=00;36:*.ogg=00;36:*.ra=00;36:*.wav=00;36:*.oga=00;36:*.opus=00;36:*.spx=00;36:*.xspf=00;36:'), ('ROS_DOMAIN_ID', '2'), ('XDG_GREETER_DATA_DIR', '/var/lib/lightdm-data/ph'), ('AMENT_PREFIX_PATH', '/opt/ros/humble'), ('SHELL', '/bin/bash'), ('CMAKE_POLICY_VERSION_MINIMUM', '3.5'), ('LC_NAME', 'it_IT.UTF-8'), ('QT_ACCESSIBILITY', '1'), ('GDMSESSION', 'i3'), ('LESSCLOSE', '/usr/bin/lesspipe %s %s'), ('LC_MEASUREMENT', 'it_IT.UTF-8'), ('GPG_AGENT_INFO', '/run/user/1000/gnupg/S.gpg-agent:0:1'), ('LC_IDENTIFICATION', 'it_IT.UTF-8'), ('QT_IM_MODULE', 'ibus'), ('XDG_VTNR', '7'), ('GPG_TTY', '/dev/pts/3'), ('PWD', '/home/ph/ws/helios16p_ws/build/kiss_icp'), ('LC_ALL', 'en_US.UTF-8'), ('XDG_CONFIG_DIRS', '/etc/xdg/xdg-i3:/etc/xdg'), ('XTERM_LOCALE', 'en_US.UTF-8'), ('CLUTTER_IM_MODULE', 'ibus'), ('NVM_CD_FLAGS', ''), ('XDG_DATA_DIRS', '/usr/share/i3:/usr/share/gnome:/usr/local/share/:/usr/share/'), ('XTERM_VERSION', 'XTerm(372)'), ('PYTHONPATH', '/opt/ros/humble/lib/python3.10/site-packages:/opt/ros/humble/local/lib/python3.10/dist-packages'), ('LC_NUMERIC', 'it_IT.UTF-8'), ('I3SOCK', '/run/user/1000/i3/ipc-socket.2193'), ('LC_PAPER', 'it_IT.UTF-8'), ('COLCON', '1'), ('CMAKE_PREFIX_PATH', '/opt/ros/humble')]), 'shell': False}
[0.805965] (-) TimerEvent: {}
[0.906548] (-) TimerEvent: {}
[0.912416] (rslidar_msg) StdoutLine: {'line': b'running egg_info\n'}
[0.985400] (rslidar_msg) StdoutLine: {'line': b'writing rslidar_msg.egg-info/PKG-INFO\n'}
[0.986897] (rslidar_msg) StdoutLine: {'line': b'writing dependency_links to rslidar_msg.egg-info/dependency_links.txt\n'}
[0.987972] (rslidar_msg) StdoutLine: {'line': b'writing top-level names to rslidar_msg.egg-info/top_level.txt\n'}
[0.996542] (kiss_icp) StdoutLine: {'line': b'-- The CXX compiler identification is GNU 11.4.0\n'}
[1.006671] (-) TimerEvent: {}
[1.026052] (kiss_icp) StdoutLine: {'line': b'-- Detecting CXX compiler ABI info\n'}
[1.106820] (-) TimerEvent: {}
[1.207359] (-) TimerEvent: {}
[1.213718] (rslidar_msg) StdoutLine: {'line': b"reading manifest file 'rslidar_msg.egg-info/SOURCES.txt'\n"}
[1.217405] (rslidar_msg) StdoutLine: {'line': b"writing manifest file 'rslidar_msg.egg-info/SOURCES.txt'\n"}
[1.250940] (kiss_icp) StdoutLine: {'line': b'-- Detecting CXX compiler ABI info - done\n'}
[1.301862] (rslidar_msg) StdoutLine: {'line': b'[100%] Built target ament_cmake_python_build_rslidar_msg_egg\n'}
[1.307514] (-) TimerEvent: {}
[1.314457] (kiss_icp) StdoutLine: {'line': b'-- Check for working CXX compiler: /usr/bin/c++ - skipped\n'}
[1.315469] (kiss_icp) StdoutLine: {'line': b'-- Detecting CXX compile features\n'}
[1.317409] (kiss_icp) StdoutLine: {'line': b'-- Detecting CXX compile features - done\n'}
[1.322372] (rslidar_msg) CommandEnded: {'returncode': 0}
[1.325152] (rslidar_msg) JobProgress: {'identifier': 'rslidar_msg', 'progress': 'install'}
[1.341618] (rslidar_msg) Command: {'cmd': ['/usr/bin/cmake', '--install', '/home/ph/ws/helios16p_ws/build/rslidar_msg'], 'cwd': '/home/ph/ws/helios16p_ws/build/rslidar_msg', 'env': OrderedDict([('LESSOPEN', '| /usr/bin/lesspipe %s'), ('LANGUAGE', 'en_US'), ('USER', 'ph'), ('LC_TIME', 'it_IT.UTF-8'), ('XDG_SEAT', 'seat0'), ('XDG_SESSION_TYPE', 'x11'), ('SHLVL', '1'), ('LD_LIBRARY_PATH', '/usr/lib/x86_64-linux-gnu/gazebo-11/plugins:/opt/ros/humble/opt/rviz_ogre_vendor/lib:/opt/ros/humble/lib/x86_64-linux-gnu:/opt/ros/humble/lib'), ('HOME', '/home/ph'), ('OLDPWD', '/home/ph'), ('DESKTOP_SESSION', 'i3'), ('NVM_BIN', '/home/ph/.nvm/versions/node/v18.20.8/bin'), ('NVM_INC', '/home/ph/.nvm/versions/node/v18.20.8/include/node'), ('ROS_PYTHON_VERSION', '3'), ('GTK_MODULES', 'gail:atk-bridge'), ('XDG_SEAT_PATH', '/org/freedesktop/DisplayManager/Seat0'), ('LC_MONETARY', 'it_IT.UTF-8'), ('DBUS_SESSION_BUS_ADDRESS', 'unix:path=/run/user/1000/bus'), ('NVM_DIR', '/home/ph/.nvm'), ('_colcon_cd_root', '/opt/ros/humble/'), ('ROS_DISTRO', 'humble'), ('GTK_IM_MODULE', 'ibus'), ('LOGNAME', 'ph'), ('WINDOWID', '50331680'), ('_', '/usr/bin/colcon'), ('ROS_VERSION', '2'), ('XTERM_SHELL', '/bin/bash'), ('XDG_SESSION_CLASS', 'user'), ('TERM', 'xterm'), ('XDG_SESSION_ID', 'c2'), ('ROS_LOCALHOST_ONLY', '0'), ('PATH', '/home/ph/.nvm/versions/node/v18.20.8/bin:/home/ph/.local/bin:/opt/ros/humble/bin:/home/ph/.local/bin:/usr/local/sbin:/usr/local/bin:/usr/sbin:/usr/bin:/sbin:/bin:/usr/games:/usr/local/games:/snap/bin'), ('GDM_LANG', 'en_US'), ('XDG_SESSION_PATH', '/org/freedesktop/DisplayManager/Session0'), ('LC_ADDRESS', 'it_IT.UTF-8'), ('XDG_RUNTIME_DIR', '/run/user/1000'), ('DISPLAY', ':0'), ('LANG', 'en_US.UTF-8'), ('XDG_CURRENT_DESKTOP', 'i3'), ('LC_TELEPHONE', 'it_IT.UTF-8'), ('XMODIFIERS', '@im=ibus'), ('XDG_SESSION_DESKTOP', 'i3'), ('XAUTHORITY', '/home/ph/.Xauthority'), ('LS_COLORS', 'rs=0:di=01;34:ln=01;36:mh=00:pi=40;33:so=01;35:do=01;35:bd=40;33;01:cd=40;33;01:or=40;31;01:mi=00:su=37;41:sg=30;43:ca=30;41:tw=30;42:ow=34;42:st=37;44:ex=01;32:*.tar=01;31:*.tgz=01;31:*.arc=01;31:*.arj=01;31:*.taz=01;31:*.lha=01;31:*.lz4=01;31:*.lzh=01;31:*.lzma=01;31:*.tlz=01;31:*.txz=01;31:*.tzo=01;31:*.t7z=01;31:*.zip=01;31:*.z=01;31:*.dz=01;31:*.gz=01;31:*.lrz=01;31:*.lz=01;31:*.lzo=01;31:*.xz=01;31:*.zst=01;31:*.tzst=01;31:*.bz2=01;31:*.bz=01;31:*.tbz=01;31:*.tbz2=01;31:*.tz=01;31:*.deb=01;31:*.rpm=01;31:*.jar=01;31:*.war=01;31:*.ear=01;31:*.sar=01;31:*.rar=01;31:*.alz=01;31:*.ace=01;31:*.zoo=01;31:*.cpio=01;31:*.7z=01;31:*.rz=01;31:*.cab=01;31:*.wim=01;31:*.swm=01;31:*.dwm=01;31:*.esd=01;31:*.jpg=01;35:*.jpeg=01;35:*.mjpg=01;35:*.mjpeg=01;35:*.gif=01;35:*.bmp=01;35:*.pbm=01;35:*.pgm=01;35:*.ppm=01;35:*.tga=01;35:*.xbm=01;35:*.xpm=01;35:*.tif=01;35:*.tiff=01;35:*.png=01;35:*.svg=01;35:*.svgz=01;35:*.mng=01;35:*.pcx=01;35:*.mov=01;35:*.mpg=01;35:*.mpeg=01;35:*.m2v=01;35:*.mkv=01;35:*.webm=01;35:*.webp=01;35:*.ogm=01;35:*.mp4=01;35:*.m4v=01;35:*.mp4v=01;35:*.vob=01;35:*.qt=01;35:*.nuv=01;35:*.wmv=01;35:*.asf=01;35:*.rm=01;35:*.rmvb=01;35:*.flc=01;35:*.avi=01;35:*.fli=01;35:*.flv=01;35:*.gl=01;35:*.dl=01;35:*.xcf=01;35:*.xwd=01;35:*.yuv=01;35:*.cgm=01;35:*.emf=01;35:*.ogv=01;35:*.ogx=01;35:*.aac=00;36:*.au=00;36:*.flac=00;36:*.m4a=00;36:*.mid=00;36:*.midi=00;36:*.mka=00;36:*.mp3=00;36:*.mpc=00;36:*.ogg=00;36:*.ra=00;36:*.wav=00;36:*.oga=00;36:*.opus=00;36:*.spx=00;36:*.xspf=00;36:'), ('ROS_DOMAIN_ID', '2'), ('XDG_GREETER_DATA_DIR', '/var/lib/lightdm-data/ph'), ('AMENT_PREFIX_PATH', '/opt/ros/humble'), ('SHELL', '/bin/bash'), ('CMAKE_POLICY_VERSION_MINIMUM', '3.5'), ('LC_NAME', 'it_IT.UTF-8'), ('QT_ACCESSIBILITY', '1'), ('GDMSESSION', 'i3'), ('LESSCLOSE', '/usr/bin/lesspipe %s %s'), ('LC_MEASUREMENT', 'it_IT.UTF-8'), ('GPG_AGENT_INFO', '/run/user/1000/gnupg/S.gpg-agent:0:1'), ('LC_IDENTIFICATION', 'it_IT.UTF-8'), ('QT_IM_MODULE', 'ibus'), ('XDG_VTNR', '7'), ('GPG_TTY', '/dev/pts/3'), ('PWD', '/home/ph/ws/helios16p_ws/build/rslidar_msg'), ('LC_ALL', 'en_US.UTF-8'), ('XDG_CONFIG_DIRS', '/etc/xdg/xdg-i3:/etc/xdg'), ('XTERM_LOCALE', 'en_US.UTF-8'), ('CLUTTER_IM_MODULE', 'ibus'), ('NVM_CD_FLAGS', ''), ('XDG_DATA_DIRS', '/usr/share/i3:/usr/share/gnome:/usr/local/share/:/usr/share/'), ('XTERM_VERSION', 'XTerm(372)'), ('PYTHONPATH', '/opt/ros/humble/lib/python3.10/site-packages:/opt/ros/humble/local/lib/python3.10/dist-packages'), ('LC_NUMERIC', 'it_IT.UTF-8'), ('I3SOCK', '/run/user/1000/i3/ipc-socket.2193'), ('LC_PAPER', 'it_IT.UTF-8'), ('COLCON', '1'), ('CMAKE_PREFIX_PATH', '/opt/ros/humble')]), 'shell': False}
[1.350820] (kiss_icp) StderrLine: {'line': b'\x1b[0mCMake Deprecation Warning at /home/ph/ws/helios16p_ws/src/kiss-icp/cpp/kiss_icp/3rdparty/find_dependencies.cmake:25 (cmake_policy):\n'}
[1.351380] (kiss_icp) StderrLine: {'line': b'  The OLD behavior for policy CMP0135 will be removed from a future version\n'}
[1.351734] (kiss_icp) StderrLine: {'line': b'  of CMake.\n'}
[1.352030] (kiss_icp) StderrLine: {'line': b'\n'}
[1.352313] (kiss_icp) StderrLine: {'line': b'  The cmake-policies(7) manual explains that the OLD behaviors of all\n'}
[1.352644] (kiss_icp) StderrLine: {'line': b'  policies are deprecated and that a policy should be set to OLD only under\n'}
[1.352890] (kiss_icp) StderrLine: {'line': b'  specific short-term circumstances.  Projects should be ported to the NEW\n'}
[1.353079] (kiss_icp) StderrLine: {'line': b'  behavior and not rely on setting a policy to OLD.\n'}
[1.353280] (kiss_icp) StderrLine: {'line': b'Call Stack (most recent call first):\n'}
[1.353500] (kiss_icp) StderrLine: {'line': b'  /home/ph/ws/helios16p_ws/src/kiss-icp/cpp/kiss_icp/CMakeLists.txt:48 (include)\n'}
[1.353682] (kiss_icp) StderrLine: {'line': b'\n'}
[1.353858] (kiss_icp) StderrLine: {'line': b'\x1b[0m\n'}
[1.355122] (rslidar_msg) StdoutLine: {'line': b'-- Install configuration: ""\n'}
[1.355683] (rslidar_msg) StdoutLine: {'line': b'-- Up-to-date: /home/ph/ws/helios16p_ws/install/rslidar_msg/share/ament_index/resource_index/rosidl_interfaces/rslidar_msg\n'}
[1.356129] (rslidar_msg) StdoutLine: {'line': b'-- Up-to-date: /home/ph/ws/helios16p_ws/install/rslidar_msg/include/rslidar_msg/rslidar_msg\n'}
[1.356705] (rslidar_msg) StdoutLine: {'line': b'-- Up-to-date: /home/ph/ws/helios16p_ws/install/rslidar_msg/include/rslidar_msg/rslidar_msg/msg\n'}
[1.357141] (rslidar_msg) StdoutLine: {'line': b'-- Up-to-date: /home/ph/ws/helios16p_ws/install/rslidar_msg/include/rslidar_msg/rslidar_msg/msg/rosidl_generator_c__visibility_control.h\n'}
[1.357548] (rslidar_msg) StdoutLine: {'line': b'-- Up-to-date: /home/ph/ws/helios16p_ws/install/rslidar_msg/include/rslidar_msg/rslidar_msg/msg/detail\n'}
[1.357923] (rslidar_msg) StdoutLine: {'line': b'-- Up-to-date: /home/ph/ws/helios16p_ws/install/rslidar_msg/include/rslidar_msg/rslidar_msg/msg/detail/rslidar_packet__functions.c\n'}
[1.358226] (rslidar_msg) StdoutLine: {'line': b'-- Up-to-date: /home/ph/ws/helios16p_ws/install/rslidar_msg/include/rslidar_msg/rslidar_msg/msg/detail/rslidar_packet__struct.h\n'}
[1.358720] (rslidar_msg) StdoutLine: {'line': b'-- Up-to-date: /home/ph/ws/helios16p_ws/install/rslidar_msg/include/rslidar_msg/rslidar_msg/msg/detail/rslidar_packet__functions.h\n'}
[1.359165] (rslidar_msg) StdoutLine: {'line': b'-- Up-to-date: /home/ph/ws/helios16p_ws/install/rslidar_msg/include/rslidar_msg/rslidar_msg/msg/detail/rslidar_packet__type_support.h\n'}
[1.359521] (rslidar_msg) StdoutLine: {'line': b'-- Up-to-date: /home/ph/ws/helios16p_ws/install/rslidar_msg/include/rslidar_msg/rslidar_msg/msg/rslidar_packet.h\n'}
[1.359887] (rslidar_msg) StdoutLine: {'line': b'-- Up-to-date: /home/ph/ws/helios16p_ws/install/rslidar_msg/share/rslidar_msg/environment/library_path.sh\n'}
[1.360179] (rslidar_msg) StdoutLine: {'line': b'-- Up-to-date: /home/ph/ws/helios16p_ws/install/rslidar_msg/share/rslidar_msg/environment/library_path.dsv\n'}
[1.360592] (rslidar_msg) StdoutLine: {'line': b'-- Up-to-date: /home/ph/ws/helios16p_ws/install/rslidar_msg/lib/librslidar_msg__rosidl_generator_c.so\n'}
[1.361035] (rslidar_msg) StdoutLine: {'line': b'-- Up-to-date: /home/ph/ws/helios16p_ws/install/rslidar_msg/include/rslidar_msg/rslidar_msg\n'}
[1.361505] (rslidar_msg) StdoutLine: {'line': b'-- Up-to-date: /home/ph/ws/helios16p_ws/install/rslidar_msg/include/rslidar_msg/rslidar_msg/msg\n'}
[1.361895] (rslidar_msg) StdoutLine: {'line': b'-- Up-to-date: /home/ph/ws/helios16p_ws/install/rslidar_msg/include/rslidar_msg/rslidar_msg/msg/detail\n'}
[1.362366] (rslidar_msg) StdoutLine: {'line': b'-- Up-to-date: /home/ph/ws/helios16p_ws/install/rslidar_msg/include/rslidar_msg/rslidar_msg/msg/detail/rslidar_packet__rosidl_typesupport_fastrtps_c.h\n'}
[1.362780] (rslidar_msg) StdoutLine: {'line': b'-- Up-to-date: /home/ph/ws/helios16p_ws/install/rslidar_msg/include/rslidar_msg/rslidar_msg/msg/rosidl_typesupport_fastrtps_c__visibility_control.h\n'}
[1.363086] (rslidar_msg) StdoutLine: {'line': b'-- Up-to-date: /home/ph/ws/helios16p_ws/install/rslidar_msg/lib/librslidar_msg__rosidl_typesupport_fastrtps_c.so\n'}
[1.363474] (rslidar_msg) StdoutLine: {'line': b'-- Up-to-date: /home/ph/ws/helios16p_ws/install/rslidar_msg/include/rslidar_msg/rslidar_msg\n'}
[1.363773] (rslidar_msg) StdoutLine: {'line': b'-- Up-to-date: /home/ph/ws/helios16p_ws/install/rslidar_msg/include/rslidar_msg/rslidar_msg/msg\n'}
[1.364082] (rslidar_msg) StdoutLine: {'line': b'-- Up-to-date: /home/ph/ws/helios16p_ws/install/rslidar_msg/include/rslidar_msg/rslidar_msg/msg/rosidl_generator_cpp__visibility_control.hpp\n'}
[1.364540] (rslidar_msg) StdoutLine: {'line': b'-- Up-to-date: /home/ph/ws/helios16p_ws/install/rslidar_msg/include/rslidar_msg/rslidar_msg/msg/detail\n'}
[1.364927] (rslidar_msg) StdoutLine: {'line': b'-- Up-to-date: /home/ph/ws/helios16p_ws/install/rslidar_msg/include/rslidar_msg/rslidar_msg/msg/detail/rslidar_packet__builder.hpp\n'}
[1.365222] (rslidar_msg) StdoutLine: {'line': b'-- Up-to-date: /home/ph/ws/helios16p_ws/install/rslidar_msg/include/rslidar_msg/rslidar_msg/msg/detail/rslidar_packet__traits.hpp\n'}
[1.365713] (rslidar_msg) StdoutLine: {'line': b'-- Up-to-date: /home/ph/ws/helios16p_ws/install/rslidar_msg/include/rslidar_msg/rslidar_msg/msg/detail/rslidar_packet__struct.hpp\n'}
[1.366003] (rslidar_msg) StdoutLine: {'line': b'-- Up-to-date: /home/ph/ws/helios16p_ws/install/rslidar_msg/include/rslidar_msg/rslidar_msg/msg/detail/rslidar_packet__type_support.hpp\n'}
[1.366321] (rslidar_msg) StdoutLine: {'line': b'-- Up-to-date: /home/ph/ws/helios16p_ws/install/rslidar_msg/include/rslidar_msg/rslidar_msg/msg/rslidar_packet.hpp\n'}
[1.366710] (rslidar_msg) StdoutLine: {'line': b'-- Up-to-date: /home/ph/ws/helios16p_ws/install/rslidar_msg/include/rslidar_msg/rslidar_msg\n'}
[1.367050] (rslidar_msg) StdoutLine: {'line': b'-- Up-to-date: /home/ph/ws/helios16p_ws/install/rslidar_msg/include/rslidar_msg/rslidar_msg/msg\n'}
[1.367530] (rslidar_msg) StdoutLine: {'line': b'-- Up-to-date: /home/ph/ws/helios16p_ws/install/rslidar_msg/include/rslidar_msg/rslidar_msg/msg/rosidl_typesupport_fastrtps_cpp__visibility_control.h\n'}
[1.367888] (rslidar_msg) StdoutLine: {'line': b'-- Up-to-date: /home/ph/ws/helios16p_ws/install/rslidar_msg/include/rslidar_msg/rslidar_msg/msg/detail\n'}
[1.368182] (rslidar_msg) StdoutLine: {'line': b'-- Up-to-date: /home/ph/ws/helios16p_ws/install/rslidar_msg/include/rslidar_msg/rslidar_msg/msg/detail/rslidar_packet__rosidl_typesupport_fastrtps_cpp.hpp\n'}
[1.368577] (rslidar_msg) StdoutLine: {'line': b'-- Up-to-date: /home/ph/ws/helios16p_ws/install/rslidar_msg/include/rslidar_msg/rslidar_msg/msg/detail/dds_fastrtps\n'}
[1.368887] (rslidar_msg) StdoutLine: {'line': b'-- Up-to-date: /home/ph/ws/helios16p_ws/install/rslidar_msg/lib/librslidar_msg__rosidl_typesupport_fastrtps_cpp.so\n'}
[1.369180] (rslidar_msg) StdoutLine: {'line': b'-- Up-to-date: /home/ph/ws/helios16p_ws/install/rslidar_msg/include/rslidar_msg/rslidar_msg\n'}
[1.369574] (rslidar_msg) StdoutLine: {'line': b'-- Up-to-date: /home/ph/ws/helios16p_ws/install/rslidar_msg/include/rslidar_msg/rslidar_msg/msg\n'}
[1.369887] (rslidar_msg) StdoutLine: {'line': b'-- Up-to-date: /home/ph/ws/helios16p_ws/install/rslidar_msg/include/rslidar_msg/rslidar_msg/msg/rosidl_typesupport_introspection_c__visibility_control.h\n'}
[1.370186] (rslidar_msg) StdoutLine: {'line': b'-- Up-to-date: /home/ph/ws/helios16p_ws/install/rslidar_msg/include/rslidar_msg/rslidar_msg/msg/detail\n'}
[1.370588] (rslidar_msg) StdoutLine: {'line': b'-- Up-to-date: /home/ph/ws/helios16p_ws/install/rslidar_msg/include/rslidar_msg/rslidar_msg/msg/detail/rslidar_packet__type_support.c\n'}
[1.370951] (rslidar_msg) StdoutLine: {'line': b'-- Up-to-date: /home/ph/ws/helios16p_ws/install/rslidar_msg/include/rslidar_msg/rslidar_msg/msg/detail/rslidar_packet__rosidl_typesupport_introspection_c.h\n'}
[1.371271] (rslidar_msg) StdoutLine: {'line': b'-- Up-to-date: /home/ph/ws/helios16p_ws/install/rslidar_msg/lib/librslidar_msg__rosidl_typesupport_introspection_c.so\n'}
[1.371667] (rslidar_msg) StdoutLine: {'line': b'-- Up-to-date: /home/ph/ws/helios16p_ws/install/rslidar_msg/lib/librslidar_msg__rosidl_typesupport_c.so\n'}
[1.372027] (rslidar_msg) StdoutLine: {'line': b'-- Up-to-date: /home/ph/ws/helios16p_ws/install/rslidar_msg/include/rslidar_msg/rslidar_msg\n'}
[1.372373] (rslidar_msg) StdoutLine: {'line': b'-- Up-to-date: /home/ph/ws/helios16p_ws/install/rslidar_msg/include/rslidar_msg/rslidar_msg/msg\n'}
[1.372761] (rslidar_msg) StdoutLine: {'line': b'-- Up-to-date: /home/ph/ws/helios16p_ws/install/rslidar_msg/include/rslidar_msg/rslidar_msg/msg/detail\n'}
[1.373058] (rslidar_msg) StdoutLine: {'line': b'-- Up-to-date: /home/ph/ws/helios16p_ws/install/rslidar_msg/include/rslidar_msg/rslidar_msg/msg/detail/rslidar_packet__type_support.cpp\n'}
[1.373451] (rslidar_msg) StdoutLine: {'line': b'-- Up-to-date: /home/ph/ws/helios16p_ws/install/rslidar_msg/include/rslidar_msg/rslidar_msg/msg/detail/rslidar_packet__rosidl_typesupport_introspection_cpp.hpp\n'}
[1.373878] (rslidar_msg) StdoutLine: {'line': b'-- Up-to-date: /home/ph/ws/helios16p_ws/install/rslidar_msg/lib/librslidar_msg__rosidl_typesupport_introspection_cpp.so\n'}
[1.374384] (rslidar_msg) StdoutLine: {'line': b'-- Up-to-date: /home/ph/ws/helios16p_ws/install/rslidar_msg/lib/librslidar_msg__rosidl_typesupport_cpp.so\n'}
[1.374823] (rslidar_msg) StdoutLine: {'line': b'-- Up-to-date: /home/ph/ws/helios16p_ws/install/rslidar_msg/share/rslidar_msg/environment/pythonpath.sh\n'}
[1.375126] (rslidar_msg) StdoutLine: {'line': b'-- Up-to-date: /home/ph/ws/helios16p_ws/install/rslidar_msg/share/rslidar_msg/environment/pythonpath.dsv\n'}
[1.375492] (rslidar_msg) StdoutLine: {'line': b'-- Up-to-date: /home/ph/ws/helios16p_ws/install/rslidar_msg/local/lib/python3.10/dist-packages/rslidar_msg-0.0.0-py3.10.egg-info\n'}
[1.375804] (rslidar_msg) StdoutLine: {'line': b'-- Installing: /home/ph/ws/helios16p_ws/install/rslidar_msg/local/lib/python3.10/dist-packages/rslidar_msg-0.0.0-py3.10.egg-info/top_level.txt\n'}
[1.376100] (rslidar_msg) StdoutLine: {'line': b'-- Installing: /home/ph/ws/helios16p_ws/install/rslidar_msg/local/lib/python3.10/dist-packages/rslidar_msg-0.0.0-py3.10.egg-info/PKG-INFO\n'}
[1.376481] (rslidar_msg) StdoutLine: {'line': b'-- Installing: /home/ph/ws/helios16p_ws/install/rslidar_msg/local/lib/python3.10/dist-packages/rslidar_msg-0.0.0-py3.10.egg-info/SOURCES.txt\n'}
[1.376793] (rslidar_msg) StdoutLine: {'line': b'-- Installing: /home/ph/ws/helios16p_ws/install/rslidar_msg/local/lib/python3.10/dist-packages/rslidar_msg-0.0.0-py3.10.egg-info/dependency_links.txt\n'}
[1.377087] (rslidar_msg) StdoutLine: {'line': b'-- Up-to-date: /home/ph/ws/helios16p_ws/install/rslidar_msg/local/lib/python3.10/dist-packages/rslidar_msg\n'}
[1.377422] (rslidar_msg) StdoutLine: {'line': b'-- Up-to-date: /home/ph/ws/helios16p_ws/install/rslidar_msg/local/lib/python3.10/dist-packages/rslidar_msg/rslidar_msg_s__rosidl_typesupport_c.cpython-310-x86_64-linux-gnu.so\n'}
[1.377840] (rslidar_msg) StdoutLine: {'line': b'-- Up-to-date: /home/ph/ws/helios16p_ws/install/rslidar_msg/local/lib/python3.10/dist-packages/rslidar_msg/librslidar_msg__rosidl_generator_py.so\n'}
[1.378138] (rslidar_msg) StdoutLine: {'line': b'-- Up-to-date: /home/ph/ws/helios16p_ws/install/rslidar_msg/local/lib/python3.10/dist-packages/rslidar_msg/_rslidar_msg_s.ep.rosidl_typesupport_c.c\n'}
[1.378483] (rslidar_msg) StdoutLine: {'line': b'-- Up-to-date: /home/ph/ws/helios16p_ws/install/rslidar_msg/local/lib/python3.10/dist-packages/rslidar_msg/rslidar_msg_s__rosidl_typesupport_introspection_c.cpython-310-x86_64-linux-gnu.so\n'}
[1.378791] (rslidar_msg) StdoutLine: {'line': b'-- Up-to-date: /home/ph/ws/helios16p_ws/install/rslidar_msg/local/lib/python3.10/dist-packages/rslidar_msg/_rslidar_msg_s.ep.rosidl_typesupport_introspection_c.c\n'}
[1.379084] (rslidar_msg) StdoutLine: {'line': b'-- Up-to-date: /home/ph/ws/helios16p_ws/install/rslidar_msg/local/lib/python3.10/dist-packages/rslidar_msg/rslidar_msg_s__rosidl_typesupport_fastrtps_c.cpython-310-x86_64-linux-gnu.so\n'}
[1.379422] (rslidar_msg) StdoutLine: {'line': b'-- Up-to-date: /home/ph/ws/helios16p_ws/install/rslidar_msg/local/lib/python3.10/dist-packages/rslidar_msg/__init__.py\n'}
[1.379783] (rslidar_msg) StdoutLine: {'line': b'-- Up-to-date: /home/ph/ws/helios16p_ws/install/rslidar_msg/local/lib/python3.10/dist-packages/rslidar_msg/_rslidar_msg_s.ep.rosidl_typesupport_fastrtps_c.c\n'}
[1.380067] (rslidar_msg) StdoutLine: {'line': b'-- Up-to-date: /home/ph/ws/helios16p_ws/install/rslidar_msg/local/lib/python3.10/dist-packages/rslidar_msg/msg\n'}
[1.380388] (rslidar_msg) StdoutLine: {'line': b'-- Up-to-date: /home/ph/ws/helios16p_ws/install/rslidar_msg/local/lib/python3.10/dist-packages/rslidar_msg/msg/_rslidar_packet_s.c\n'}
[1.380715] (rslidar_msg) StdoutLine: {'line': b'-- Up-to-date: /home/ph/ws/helios16p_ws/install/rslidar_msg/local/lib/python3.10/dist-packages/rslidar_msg/msg/__init__.py\n'}
[1.381011] (rslidar_msg) StdoutLine: {'line': b'-- Up-to-date: /home/ph/ws/helios16p_ws/install/rslidar_msg/local/lib/python3.10/dist-packages/rslidar_msg/msg/_rslidar_packet.py\n'}
[1.407661] (-) TimerEvent: {}
[1.468335] (rslidar_msg) StdoutLine: {'line': b"Listing '/home/ph/ws/helios16p_ws/install/rslidar_msg/local/lib/python3.10/dist-packages/rslidar_msg'...\n"}
[1.468844] (rslidar_msg) StdoutLine: {'line': b"Listing '/home/ph/ws/helios16p_ws/install/rslidar_msg/local/lib/python3.10/dist-packages/rslidar_msg/msg'...\n"}
[1.483415] (rslidar_msg) StdoutLine: {'line': b'-- Up-to-date: /home/ph/ws/helios16p_ws/install/rslidar_msg/local/lib/python3.10/dist-packages/rslidar_msg/rslidar_msg_s__rosidl_typesupport_fastrtps_c.cpython-310-x86_64-linux-gnu.so\n'}
[1.484307] (rslidar_msg) StdoutLine: {'line': b'-- Up-to-date: /home/ph/ws/helios16p_ws/install/rslidar_msg/local/lib/python3.10/dist-packages/rslidar_msg/rslidar_msg_s__rosidl_typesupport_introspection_c.cpython-310-x86_64-linux-gnu.so\n'}
[1.485195] (rslidar_msg) StdoutLine: {'line': b'-- Up-to-date: /home/ph/ws/helios16p_ws/install/rslidar_msg/local/lib/python3.10/dist-packages/rslidar_msg/rslidar_msg_s__rosidl_typesupport_c.cpython-310-x86_64-linux-gnu.so\n'}
[1.486146] (rslidar_msg) StdoutLine: {'line': b'-- Up-to-date: /home/ph/ws/helios16p_ws/install/rslidar_msg/lib/librslidar_msg__rosidl_generator_py.so\n'}
[1.486798] (rslidar_msg) StdoutLine: {'line': b'-- Up-to-date: /home/ph/ws/helios16p_ws/install/rslidar_msg/share/rslidar_msg/msg/RslidarPacket.idl\n'}
[1.487283] (rslidar_msg) StdoutLine: {'line': b'-- Up-to-date: /home/ph/ws/helios16p_ws/install/rslidar_msg/share/rslidar_msg/msg/RslidarPacket.msg\n'}
[1.487858] (rslidar_msg) StdoutLine: {'line': b'-- Up-to-date: /home/ph/ws/helios16p_ws/install/rslidar_msg/share/ament_index/resource_index/package_run_dependencies/rslidar_msg\n'}
[1.488210] (rslidar_msg) StdoutLine: {'line': b'-- Up-to-date: /home/ph/ws/helios16p_ws/install/rslidar_msg/share/ament_index/resource_index/parent_prefix_path/rslidar_msg\n'}
[1.488764] (rslidar_msg) StdoutLine: {'line': b'-- Up-to-date: /home/ph/ws/helios16p_ws/install/rslidar_msg/share/rslidar_msg/environment/ament_prefix_path.sh\n'}
[1.489064] (rslidar_msg) StdoutLine: {'line': b'-- Up-to-date: /home/ph/ws/helios16p_ws/install/rslidar_msg/share/rslidar_msg/environment/ament_prefix_path.dsv\n'}
[1.489374] (rslidar_msg) StdoutLine: {'line': b'-- Up-to-date: /home/ph/ws/helios16p_ws/install/rslidar_msg/share/rslidar_msg/environment/path.sh\n'}
[1.489659] (rslidar_msg) StdoutLine: {'line': b'-- Up-to-date: /home/ph/ws/helios16p_ws/install/rslidar_msg/share/rslidar_msg/environment/path.dsv\n'}
[1.489933] (rslidar_msg) StdoutLine: {'line': b'-- Up-to-date: /home/ph/ws/helios16p_ws/install/rslidar_msg/share/rslidar_msg/local_setup.bash\n'}
[1.490200] (rslidar_msg) StdoutLine: {'line': b'-- Up-to-date: /home/ph/ws/helios16p_ws/install/rslidar_msg/share/rslidar_msg/local_setup.sh\n'}
[1.490512] (rslidar_msg) StdoutLine: {'line': b'-- Up-to-date: /home/ph/ws/helios16p_ws/install/rslidar_msg/share/rslidar_msg/local_setup.zsh\n'}
[1.490788] (rslidar_msg) StdoutLine: {'line': b'-- Up-to-date: /home/ph/ws/helios16p_ws/install/rslidar_msg/share/rslidar_msg/local_setup.dsv\n'}
[1.491326] (rslidar_msg) StdoutLine: {'line': b'-- Installing: /home/ph/ws/helios16p_ws/install/rslidar_msg/share/rslidar_msg/package.dsv\n'}
[1.491660] (rslidar_msg) StdoutLine: {'line': b'-- Up-to-date: /home/ph/ws/helios16p_ws/install/rslidar_msg/share/ament_index/resource_index/packages/rslidar_msg\n'}
[1.491934] (rslidar_msg) StdoutLine: {'line': b'-- Up-to-date: /home/ph/ws/helios16p_ws/install/rslidar_msg/share/rslidar_msg/cmake/export_rslidar_msg__rosidl_generator_cExport.cmake\n'}
[1.492272] (rslidar_msg) StdoutLine: {'line': b'-- Up-to-date: /home/ph/ws/helios16p_ws/install/rslidar_msg/share/rslidar_msg/cmake/export_rslidar_msg__rosidl_generator_cExport-noconfig.cmake\n'}
[1.492579] (rslidar_msg) StdoutLine: {'line': b'-- Up-to-date: /home/ph/ws/helios16p_ws/install/rslidar_msg/share/rslidar_msg/cmake/export_rslidar_msg__rosidl_typesupport_fastrtps_cExport.cmake\n'}
[1.492848] (rslidar_msg) StdoutLine: {'line': b'-- Up-to-date: /home/ph/ws/helios16p_ws/install/rslidar_msg/share/rslidar_msg/cmake/export_rslidar_msg__rosidl_typesupport_fastrtps_cExport-noconfig.cmake\n'}
[1.493113] (rslidar_msg) StdoutLine: {'line': b'-- Up-to-date: /home/ph/ws/helios16p_ws/install/rslidar_msg/share/rslidar_msg/cmake/export_rslidar_msg__rosidl_generator_cppExport.cmake\n'}
[1.493635] (rslidar_msg) StdoutLine: {'line': b'-- Up-to-date: /home/ph/ws/helios16p_ws/install/rslidar_msg/share/rslidar_msg/cmake/export_rslidar_msg__rosidl_typesupport_fastrtps_cppExport.cmake\n'}
[1.494037] (rslidar_msg) StdoutLine: {'line': b'-- Up-to-date: /home/ph/ws/helios16p_ws/install/rslidar_msg/share/rslidar_msg/cmake/export_rslidar_msg__rosidl_typesupport_fastrtps_cppExport-noconfig.cmake\n'}
[1.494409] (rslidar_msg) StdoutLine: {'line': b'-- Up-to-date: /home/ph/ws/helios16p_ws/install/rslidar_msg/share/rslidar_msg/cmake/rslidar_msg__rosidl_typesupport_introspection_cExport.cmake\n'}
[1.494820] (rslidar_msg) StdoutLine: {'line': b'-- Up-to-date: /home/ph/ws/helios16p_ws/install/rslidar_msg/share/rslidar_msg/cmake/rslidar_msg__rosidl_typesupport_introspection_cExport-noconfig.cmake\n'}
[1.495164] (rslidar_msg) StdoutLine: {'line': b'-- Up-to-date: /home/ph/ws/helios16p_ws/install/rslidar_msg/share/rslidar_msg/cmake/rslidar_msg__rosidl_typesupport_cExport.cmake\n'}
[1.495755] (rslidar_msg) StdoutLine: {'line': b'-- Up-to-date: /home/ph/ws/helios16p_ws/install/rslidar_msg/share/rslidar_msg/cmake/rslidar_msg__rosidl_typesupport_cExport-noconfig.cmake\n'}
[1.496285] (rslidar_msg) StdoutLine: {'line': b'-- Up-to-date: /home/ph/ws/helios16p_ws/install/rslidar_msg/share/rslidar_msg/cmake/rslidar_msg__rosidl_typesupport_introspection_cppExport.cmake\n'}
[1.496621] (rslidar_msg) StdoutLine: {'line': b'-- Up-to-date: /home/ph/ws/helios16p_ws/install/rslidar_msg/share/rslidar_msg/cmake/rslidar_msg__rosidl_typesupport_introspection_cppExport-noconfig.cmake\n'}
[1.496912] (rslidar_msg) StdoutLine: {'line': b'-- Up-to-date: /home/ph/ws/helios16p_ws/install/rslidar_msg/share/rslidar_msg/cmake/rslidar_msg__rosidl_typesupport_cppExport.cmake\n'}
[1.497199] (rslidar_msg) StdoutLine: {'line': b'-- Up-to-date: /home/ph/ws/helios16p_ws/install/rslidar_msg/share/rslidar_msg/cmake/rslidar_msg__rosidl_typesupport_cppExport-noconfig.cmake\n'}
[1.497517] (rslidar_msg) StdoutLine: {'line': b'-- Up-to-date: /home/ph/ws/helios16p_ws/install/rslidar_msg/share/rslidar_msg/cmake/export_rslidar_msg__rosidl_generator_pyExport.cmake\n'}
[1.497812] (rslidar_msg) StdoutLine: {'line': b'-- Up-to-date: /home/ph/ws/helios16p_ws/install/rslidar_msg/share/rslidar_msg/cmake/export_rslidar_msg__rosidl_generator_pyExport-noconfig.cmake\n'}
[1.498100] (rslidar_msg) StdoutLine: {'line': b'-- Up-to-date: /home/ph/ws/helios16p_ws/install/rslidar_msg/share/rslidar_msg/cmake/rosidl_cmake-extras.cmake\n'}
[1.498405] (rslidar_msg) StdoutLine: {'line': b'-- Up-to-date: /home/ph/ws/helios16p_ws/install/rslidar_msg/share/rslidar_msg/cmake/ament_cmake_export_dependencies-extras.cmake\n'}
[1.498696] (rslidar_msg) StdoutLine: {'line': b'-- Up-to-date: /home/ph/ws/helios16p_ws/install/rslidar_msg/share/rslidar_msg/cmake/ament_cmake_export_include_directories-extras.cmake\n'}
[1.498969] (rslidar_msg) StdoutLine: {'line': b'-- Up-to-date: /home/ph/ws/helios16p_ws/install/rslidar_msg/share/rslidar_msg/cmake/ament_cmake_export_libraries-extras.cmake\n'}
[1.499343] (rslidar_msg) StdoutLine: {'line': b'-- Up-to-date: /home/ph/ws/helios16p_ws/install/rslidar_msg/share/rslidar_msg/cmake/ament_cmake_export_targets-extras.cmake\n'}
[1.499687] (rslidar_msg) StdoutLine: {'line': b'-- Up-to-date: /home/ph/ws/helios16p_ws/install/rslidar_msg/share/rslidar_msg/cmake/rosidl_cmake_export_typesupport_targets-extras.cmake\n'}
[1.500138] (rslidar_msg) StdoutLine: {'line': b'-- Up-to-date: /home/ph/ws/helios16p_ws/install/rslidar_msg/share/rslidar_msg/cmake/rosidl_cmake_export_typesupport_libraries-extras.cmake\n'}
[1.500831] (rslidar_msg) StdoutLine: {'line': b'-- Up-to-date: /home/ph/ws/helios16p_ws/install/rslidar_msg/share/rslidar_msg/cmake/rslidar_msgConfig.cmake\n'}
[1.501213] (rslidar_msg) StdoutLine: {'line': b'-- Up-to-date: /home/ph/ws/helios16p_ws/install/rslidar_msg/share/rslidar_msg/cmake/rslidar_msgConfig-version.cmake\n'}
[1.502550] (rslidar_msg) StdoutLine: {'line': b'-- Up-to-date: /home/ph/ws/helios16p_ws/install/rslidar_msg/share/rslidar_msg/package.xml\n'}
[1.503420] (rslidar_msg) CommandEnded: {'returncode': 0}
[1.507885] (-) TimerEvent: {}
[1.589560] (rslidar_msg) JobEnded: {'identifier': 'rslidar_msg', 'rc': 0}
[1.593674] (rslidar_sdk) JobStarted: {'identifier': 'rslidar_sdk'}
[1.608053] (-) TimerEvent: {}
[1.617374] (rslidar_sdk) JobProgress: {'identifier': 'rslidar_sdk', 'progress': 'cmake'}
[1.618990] (rslidar_sdk) Command: {'cmd': ['/usr/bin/cmake', '/home/ph/ws/helios16p_ws/src/rslidar_sdk', '-DCMAKE_INSTALL_PREFIX=/home/ph/ws/helios16p_ws/install/rslidar_sdk'], 'cwd': '/home/ph/ws/helios16p_ws/build/rslidar_sdk', 'env': OrderedDict([('LESSOPEN', '| /usr/bin/lesspipe %s'), ('LANGUAGE', 'en_US'), ('USER', 'ph'), ('LC_TIME', 'it_IT.UTF-8'), ('XDG_SEAT', 'seat0'), ('XDG_SESSION_TYPE', 'x11'), ('SHLVL', '1'), ('LD_LIBRARY_PATH', '/home/ph/ws/helios16p_ws/install/rslidar_msg/lib:/usr/lib/x86_64-linux-gnu/gazebo-11/plugins:/opt/ros/humble/opt/rviz_ogre_vendor/lib:/opt/ros/humble/lib/x86_64-linux-gnu:/opt/ros/humble/lib'), ('HOME', '/home/ph'), ('OLDPWD', '/home/ph'), ('DESKTOP_SESSION', 'i3'), ('NVM_BIN', '/home/ph/.nvm/versions/node/v18.20.8/bin'), ('NVM_INC', '/home/ph/.nvm/versions/node/v18.20.8/include/node'), ('ROS_PYTHON_VERSION', '3'), ('GTK_MODULES', 'gail:atk-bridge'), ('XDG_SEAT_PATH', '/org/freedesktop/DisplayManager/Seat0'), ('LC_MONETARY', 'it_IT.UTF-8'), ('DBUS_SESSION_BUS_ADDRESS', 'unix:path=/run/user/1000/bus'), ('NVM_DIR', '/home/ph/.nvm'), ('_colcon_cd_root', '/opt/ros/humble/'), ('ROS_DISTRO', 'humble'), ('GTK_IM_MODULE', 'ibus'), ('LOGNAME', 'ph'), ('WINDOWID', '50331680'), ('_', '/usr/bin/colcon'), ('ROS_VERSION', '2'), ('XTERM_SHELL', '/bin/bash'), ('XDG_SESSION_CLASS', 'user'), ('TERM', 'xterm'), ('XDG_SESSION_ID', 'c2'), ('ROS_LOCALHOST_ONLY', '0'), ('PATH', '/home/ph/.nvm/versions/node/v18.20.8/bin:/home/ph/.local/bin:/opt/ros/humble/bin:/home/ph/.local/bin:/usr/local/sbin:/usr/local/bin:/usr/sbin:/usr/bin:/sbin:/bin:/usr/games:/usr/local/games:/snap/bin'), ('GDM_LANG', 'en_US'), ('XDG_SESSION_PATH', '/org/freedesktop/DisplayManager/Session0'), ('LC_ADDRESS', 'it_IT.UTF-8'), ('XDG_RUNTIME_DIR', '/run/user/1000'), ('DISPLAY', ':0'), ('LANG', 'en_US.UTF-8'), ('XDG_CURRENT_DESKTOP', 'i3'), ('LC_TELEPHONE', 'it_IT.UTF-8'), ('XMODIFIERS', '@im=ibus'), ('XDG_SESSION_DESKTOP', 'i3'), ('XAUTHORITY', '/home/ph/.Xauthority'), ('LS_COLORS', 'rs=0:di=01;34:ln=01;36:mh=00:pi=40;33:so=01;35:do=01;35:bd=40;33;01:cd=40;33;01:or=40;31;01:mi=00:su=37;41:sg=30;43:ca=30;41:tw=30;42:ow=34;42:st=37;44:ex=01;32:*.tar=01;31:*.tgz=01;31:*.arc=01;31:*.arj=01;31:*.taz=01;31:*.lha=01;31:*.lz4=01;31:*.lzh=01;31:*.lzma=01;31:*.tlz=01;31:*.txz=01;31:*.tzo=01;31:*.t7z=01;31:*.zip=01;31:*.z=01;31:*.dz=01;31:*.gz=01;31:*.lrz=01;31:*.lz=01;31:*.lzo=01;31:*.xz=01;31:*.zst=01;31:*.tzst=01;31:*.bz2=01;31:*.bz=01;31:*.tbz=01;31:*.tbz2=01;31:*.tz=01;31:*.deb=01;31:*.rpm=01;31:*.jar=01;31:*.war=01;31:*.ear=01;31:*.sar=01;31:*.rar=01;31:*.alz=01;31:*.ace=01;31:*.zoo=01;31:*.cpio=01;31:*.7z=01;31:*.rz=01;31:*.cab=01;31:*.wim=01;31:*.swm=01;31:*.dwm=01;31:*.esd=01;31:*.jpg=01;35:*.jpeg=01;35:*.mjpg=01;35:*.mjpeg=01;35:*.gif=01;35:*.bmp=01;35:*.pbm=01;35:*.pgm=01;35:*.ppm=01;35:*.tga=01;35:*.xbm=01;35:*.xpm=01;35:*.tif=01;35:*.tiff=01;35:*.png=01;35:*.svg=01;35:*.svgz=01;35:*.mng=01;35:*.pcx=01;35:*.mov=01;35:*.mpg=01;35:*.mpeg=01;35:*.m2v=01;35:*.mkv=01;35:*.webm=01;35:*.webp=01;35:*.ogm=01;35:*.mp4=01;35:*.m4v=01;35:*.mp4v=01;35:*.vob=01;35:*.qt=01;35:*.nuv=01;35:*.wmv=01;35:*.asf=01;35:*.rm=01;35:*.rmvb=01;35:*.flc=01;35:*.avi=01;35:*.fli=01;35:*.flv=01;35:*.gl=01;35:*.dl=01;35:*.xcf=01;35:*.xwd=01;35:*.yuv=01;35:*.cgm=01;35:*.emf=01;35:*.ogv=01;35:*.ogx=01;35:*.aac=00;36:*.au=00;36:*.flac=00;36:*.m4a=00;36:*.mid=00;36:*.midi=00;36:*.mka=00;36:*.mp3=00;36:*.mpc=00;36:*.ogg=00;36:*.ra=00;36:*.wav=00;36:*.oga=00;36:*.opus=00;36:*.spx=00;36:*.xspf=00;36:'), ('ROS_DOMAIN_ID', '2'), ('XDG_GREETER_DATA_DIR', '/var/lib/lightdm-data/ph'), ('AMENT_PREFIX_PATH', '/home/ph/ws/helios16p_ws/install/rslidar_msg:/opt/ros/humble'), ('SHELL', '/bin/bash'), ('CMAKE_POLICY_VERSION_MINIMUM', '3.5'), ('LC_NAME', 'it_IT.UTF-8'), ('QT_ACCESSIBILITY', '1'), ('GDMSESSION', 'i3'), ('LESSCLOSE', '/usr/bin/lesspipe %s %s'), ('LC_MEASUREMENT', 'it_IT.UTF-8'), ('GPG_AGENT_INFO', '/run/user/1000/gnupg/S.gpg-agent:0:1'), ('LC_IDENTIFICATION', 'it_IT.UTF-8'), ('QT_IM_MODULE', 'ibus'), ('XDG_VTNR', '7'), ('GPG_TTY', '/dev/pts/3'), ('PWD', '/home/ph/ws/helios16p_ws/build/rslidar_sdk'), ('LC_ALL', 'en_US.UTF-8'), ('XDG_CONFIG_DIRS', '/etc/xdg/xdg-i3:/etc/xdg'), ('XTERM_LOCALE', 'en_US.UTF-8'), ('CLUTTER_IM_MODULE', 'ibus'), ('NVM_CD_FLAGS', ''), ('XDG_DATA_DIRS', '/usr/share/i3:/usr/share/gnome:/usr/local/share/:/usr/share/'), ('XTERM_VERSION', 'XTerm(372)'), ('PYTHONPATH', '/home/ph/ws/helios16p_ws/install/rslidar_msg/local/lib/python3.10/dist-packages:/opt/ros/humble/lib/python3.10/site-packages:/opt/ros/humble/local/lib/python3.10/dist-packages'), ('LC_NUMERIC', 'it_IT.UTF-8'), ('I3SOCK', '/run/user/1000/i3/ipc-socket.2193'), ('LC_PAPER', 'it_IT.UTF-8'), ('COLCON', '1'), ('CMAKE_PREFIX_PATH', '/home/ph/ws/helios16p_ws/install/rslidar_msg:/opt/ros/humble')]), 'shell': False}
[1.635018] (rslidar_sdk) StderrLine: {'line': b'\x1b[0mCMake Deprecation Warning at CMakeLists.txt:1 (cmake_minimum_required):\n'}
[1.635604] (rslidar_sdk) StderrLine: {'line': b'  Compatibility with CMake < 3.10 will be removed from a future version of\n'}
[1.635933] (rslidar_sdk) StderrLine: {'line': b'  CMake.\n'}
[1.636225] (rslidar_sdk) StderrLine: {'line': b'\n'}
[1.636571] (rslidar_sdk) StderrLine: {'line': b'  Update the VERSION argument <min> value.  Or, use the <min>...<max> syntax\n'}
[1.636855] (rslidar_sdk) StderrLine: {'line': b'  to tell CMake that the project requires at least <min> but has been updated\n'}
[1.637140] (rslidar_sdk) StderrLine: {'line': b'  to work with policies introduced by <max> or earlier.\n'}
[1.637482] (rslidar_sdk) StderrLine: {'line': b'\n'}
[1.637767] (rslidar_sdk) StderrLine: {'line': b'\x1b[0m\n'}
[1.709361] (-) TimerEvent: {}
[1.810048] (-) TimerEvent: {}
[1.823556] (rslidar_sdk) StdoutLine: {'line': b'-- The C compiler identification is GNU 11.4.0\n'}
[1.842554] (kiss_icp) StderrLine: {'line': b'\x1b[0mCMake Deprecation Warning at /usr/share/cmake/tsl-robin-map/tsl-robin-mapTargets.cmake:7 (cmake_policy):\n'}
[1.843199] (kiss_icp) StderrLine: {'line': b'  Compatibility with CMake < 3.10 will be removed from a future version of\n'}
[1.843543] (kiss_icp) StderrLine: {'line': b'  CMake.\n'}
[1.843840] (kiss_icp) StderrLine: {'line': b'\n'}
[1.844093] (kiss_icp) StderrLine: {'line': b'  Update the VERSION argument <min> value.  Or, use the <min>...<max> syntax\n'}
[1.844387] (kiss_icp) StderrLine: {'line': b'  to tell CMake that the project requires at least <min> but has been updated\n'}
[1.844673] (kiss_icp) StderrLine: {'line': b'  to work with policies introduced by <max> or earlier.\n'}
[1.844929] (kiss_icp) StderrLine: {'line': b'Call Stack (most recent call first):\n'}
[1.845189] (kiss_icp) StderrLine: {'line': b'  /usr/share/cmake/tsl-robin-map/tsl-robin-mapConfig.cmake:31 (include)\n'}
[1.845487] (kiss_icp) StderrLine: {'line': b'  /home/ph/ws/helios16p_ws/src/kiss-icp/cpp/kiss_icp/3rdparty/find_dependencies.cmake:32 (find_package)\n'}
[1.845733] (kiss_icp) StderrLine: {'line': b'  /home/ph/ws/helios16p_ws/src/kiss-icp/cpp/kiss_icp/3rdparty/find_dependencies.cmake:43 (find_external_dependency)\n'}
[1.845959] (kiss_icp) StderrLine: {'line': b'  /home/ph/ws/helios16p_ws/src/kiss-icp/cpp/kiss_icp/CMakeLists.txt:48 (include)\n'}
[1.846202] (kiss_icp) StderrLine: {'line': b'\n'}
[1.846509] (kiss_icp) StderrLine: {'line': b'\x1b[0m\n'}
[1.862673] (kiss_icp) StdoutLine: {'line': b'-- Found ament_cmake: 1.3.12 (/opt/ros/humble/share/ament_cmake/cmake)\n'}
[1.910203] (-) TimerEvent: {}
[2.010827] (-) TimerEvent: {}
[2.047974] (rslidar_sdk) StdoutLine: {'line': b'-- The CXX compiler identification is GNU 11.4.0\n'}
[2.076132] (rslidar_sdk) StdoutLine: {'line': b'-- Detecting C compiler ABI info\n'}
[2.110972] (-) TimerEvent: {}
[2.211571] (-) TimerEvent: {}
[2.265291] (rslidar_sdk) StdoutLine: {'line': b'-- Detecting C compiler ABI info - done\n'}
[2.282630] (kiss_icp) StdoutLine: {'line': b'-- Found Python3: /usr/bin/python3 (found version "3.10.12") found components: Interpreter\n'}
[2.311731] (-) TimerEvent: {}
[2.323583] (rslidar_sdk) StdoutLine: {'line': b'-- Check for working C compiler: /usr/bin/cc - skipped\n'}
[2.324607] (rslidar_sdk) StdoutLine: {'line': b'-- Detecting C compile features\n'}
[2.326197] (rslidar_sdk) StdoutLine: {'line': b'-- Detecting C compile features - done\n'}
[2.360562] (rslidar_sdk) StdoutLine: {'line': b'-- Detecting CXX compiler ABI info\n'}
[2.411882] (-) TimerEvent: {}
[2.512503] (-) TimerEvent: {}
[2.583303] (rslidar_sdk) StdoutLine: {'line': b'-- Detecting CXX compiler ABI info - done\n'}
[2.612731] (-) TimerEvent: {}
[2.617714] (kiss_icp) StdoutLine: {'line': b'-- Found geometry_msgs: 4.9.0 (/opt/ros/humble/share/geometry_msgs/cmake)\n'}
[2.635301] (rslidar_sdk) StdoutLine: {'line': b'-- Check for working CXX compiler: /usr/bin/c++ - skipped\n'}
[2.636510] (rslidar_sdk) StdoutLine: {'line': b'-- Detecting CXX compile features\n'}
[2.639124] (rslidar_sdk) StdoutLine: {'line': b'-- Detecting CXX compile features - done\n'}
[2.660004] (rslidar_sdk) StderrLine: {'line': b'\x1b[0m=============================================================\x1b[0m\n'}
[2.660517] (rslidar_sdk) StderrLine: {'line': b'\x1b[0m-- POINT_TYPE is XYZI\x1b[0m\n'}
[2.660848] (rslidar_sdk) StderrLine: {'line': b'\x1b[0m=============================================================\x1b[0m\n'}
[2.709676] (rslidar_sdk) StderrLine: {'line': b'\x1b[0m=============================================================\x1b[0m\n'}
[2.710213] (rslidar_sdk) StderrLine: {'line': b'\x1b[0m-- ROS Not Found. ROS Support is turned Off.\x1b[0m\n'}
[2.710567] (rslidar_sdk) StderrLine: {'line': b'\x1b[0m=============================================================\x1b[0m\n'}
[2.712829] (-) TimerEvent: {}
[2.793141] (kiss_icp) StdoutLine: {'line': b'-- Found rosidl_generator_c: 3.1.7 (/opt/ros/humble/share/rosidl_generator_c/cmake)\n'}
[2.812992] (-) TimerEvent: {}
[2.815940] (kiss_icp) StdoutLine: {'line': b'-- Found rosidl_adapter: 3.1.7 (/opt/ros/humble/share/rosidl_adapter/cmake)\n'}
[2.856701] (kiss_icp) StdoutLine: {'line': b'-- Found rosidl_generator_cpp: 3.1.7 (/opt/ros/humble/share/rosidl_generator_cpp/cmake)\n'}
[2.878191] (helios16p_cane_robot) Command: {'cmd': ['/usr/bin/python3', '-W', 'ignore:setup.py install is deprecated', '-W', 'ignore:easy_install command is deprecated', 'setup.py', 'egg_info', '--egg-base', '../../build/helios16p_cane_robot', 'build', '--build-base', '/home/ph/ws/helios16p_ws/build/helios16p_cane_robot/build', 'install', '--record', '/home/ph/ws/helios16p_ws/build/helios16p_cane_robot/install.log', '--single-version-externally-managed', 'install_data'], 'cwd': '/home/ph/ws/helios16p_ws/src/helios16p_cane_robot', 'env': {'LESSOPEN': '| /usr/bin/lesspipe %s', 'LANGUAGE': 'en_US', 'USER': 'ph', 'LC_TIME': 'it_IT.UTF-8', 'XDG_SEAT': 'seat0', 'XDG_SESSION_TYPE': 'x11', 'SHLVL': '1', 'LD_LIBRARY_PATH': '/usr/lib/x86_64-linux-gnu/gazebo-11/plugins:/opt/ros/humble/opt/rviz_ogre_vendor/lib:/opt/ros/humble/lib/x86_64-linux-gnu:/opt/ros/humble/lib', 'HOME': '/home/ph', 'OLDPWD': '/home/ph', 'DESKTOP_SESSION': 'i3', 'NVM_BIN': '/home/ph/.nvm/versions/node/v18.20.8/bin', 'NVM_INC': '/home/ph/.nvm/versions/node/v18.20.8/include/node', 'ROS_PYTHON_VERSION': '3', 'GTK_MODULES': 'gail:atk-bridge', 'XDG_SEAT_PATH': '/org/freedesktop/DisplayManager/Seat0', 'LC_MONETARY': 'it_IT.UTF-8', 'DBUS_SESSION_BUS_ADDRESS': 'unix:path=/run/user/1000/bus', 'NVM_DIR': '/home/ph/.nvm', '_colcon_cd_root': '/opt/ros/humble/', 'ROS_DISTRO': 'humble', 'GTK_IM_MODULE': 'ibus', 'LOGNAME': 'ph', 'WINDOWID': '50331680', '_': '/usr/bin/colcon', 'ROS_VERSION': '2', 'XTERM_SHELL': '/bin/bash', 'XDG_SESSION_CLASS': 'user', 'TERM': 'xterm', 'XDG_SESSION_ID': 'c2', 'ROS_LOCALHOST_ONLY': '0', 'PATH': '/home/ph/.nvm/versions/node/v18.20.8/bin:/home/ph/.local/bin:/opt/ros/humble/bin:/home/ph/.local/bin:/usr/local/sbin:/usr/local/bin:/usr/sbin:/usr/bin:/sbin:/bin:/usr/games:/usr/local/games:/snap/bin', 'GDM_LANG': 'en_US', 'XDG_SESSION_PATH': '/org/freedesktop/DisplayManager/Session0', 'LC_ADDRESS': 'it_IT.UTF-8', 'XDG_RUNTIME_DIR': '/run/user/1000', 'DISPLAY': ':0', 'LANG': 'en_US.UTF-8', 'XDG_CURRENT_DESKTOP': 'i3', 'LC_TELEPHONE': 'it_IT.UTF-8', 'XMODIFIERS': '@im=ibus', 'XDG_SESSION_DESKTOP': 'i3', 'XAUTHORITY': '/home/ph/.Xauthority', 'LS_COLORS': 'rs=0:di=01;34:ln=01;36:mh=00:pi=40;33:so=01;35:do=01;35:bd=40;33;01:cd=40;33;01:or=40;31;01:mi=00:su=37;41:sg=30;43:ca=30;41:tw=30;42:ow=34;42:st=37;44:ex=01;32:*.tar=01;31:*.tgz=01;31:*.arc=01;31:*.arj=01;31:*.taz=01;31:*.lha=01;31:*.lz4=01;31:*.lzh=01;31:*.lzma=01;31:*.tlz=01;31:*.txz=01;31:*.tzo=01;31:*.t7z=01;31:*.zip=01;31:*.z=01;31:*.dz=01;31:*.gz=01;31:*.lrz=01;31:*.lz=01;31:*.lzo=01;31:*.xz=01;31:*.zst=01;31:*.tzst=01;31:*.bz2=01;31:*.bz=01;31:*.tbz=01;31:*.tbz2=01;31:*.tz=01;31:*.deb=01;31:*.rpm=01;31:*.jar=01;31:*.war=01;31:*.ear=01;31:*.sar=01;31:*.rar=01;31:*.alz=01;31:*.ace=01;31:*.zoo=01;31:*.cpio=01;31:*.7z=01;31:*.rz=01;31:*.cab=01;31:*.wim=01;31:*.swm=01;31:*.dwm=01;31:*.esd=01;31:*.jpg=01;35:*.jpeg=01;35:*.mjpg=01;35:*.mjpeg=01;35:*.gif=01;35:*.bmp=01;35:*.pbm=01;35:*.pgm=01;35:*.ppm=01;35:*.tga=01;35:*.xbm=01;35:*.xpm=01;35:*.tif=01;35:*.tiff=01;35:*.png=01;35:*.svg=01;35:*.svgz=01;35:*.mng=01;35:*.pcx=01;35:*.mov=01;35:*.mpg=01;35:*.mpeg=01;35:*.m2v=01;35:*.mkv=01;35:*.webm=01;35:*.webp=01;35:*.ogm=01;35:*.mp4=01;35:*.m4v=01;35:*.mp4v=01;35:*.vob=01;35:*.qt=01;35:*.nuv=01;35:*.wmv=01;35:*.asf=01;35:*.rm=01;35:*.rmvb=01;35:*.flc=01;35:*.avi=01;35:*.fli=01;35:*.flv=01;35:*.gl=01;35:*.dl=01;35:*.xcf=01;35:*.xwd=01;35:*.yuv=01;35:*.cgm=01;35:*.emf=01;35:*.ogv=01;35:*.ogx=01;35:*.aac=00;36:*.au=00;36:*.flac=00;36:*.m4a=00;36:*.mid=00;36:*.midi=00;36:*.mka=00;36:*.mp3=00;36:*.mpc=00;36:*.ogg=00;36:*.ra=00;36:*.wav=00;36:*.oga=00;36:*.opus=00;36:*.spx=00;36:*.xspf=00;36:', 'ROS_DOMAIN_ID': '2', 'XDG_GREETER_DATA_DIR': '/var/lib/lightdm-data/ph', 'AMENT_PREFIX_PATH': '/opt/ros/humble', 'SHELL': '/bin/bash', 'CMAKE_POLICY_VERSION_MINIMUM': '3.5', 'LC_NAME': 'it_IT.UTF-8', 'QT_ACCESSIBILITY': '1', 'GDMSESSION': 'i3', 'LESSCLOSE': '/usr/bin/lesspipe %s %s', 'LC_MEASUREMENT': 'it_IT.UTF-8', 'GPG_AGENT_INFO': '/run/user/1000/gnupg/S.gpg-agent:0:1', 'LC_IDENTIFICATION': 'it_IT.UTF-8', 'QT_IM_MODULE': 'ibus', 'XDG_VTNR': '7', 'GPG_TTY': '/dev/pts/3', 'PWD': '/home/ph/ws/helios16p_ws/build/helios16p_cane_robot', 'LC_ALL': 'en_US.UTF-8', 'XDG_CONFIG_DIRS': '/etc/xdg/xdg-i3:/etc/xdg', 'XTERM_LOCALE': 'en_US.UTF-8', 'CLUTTER_IM_MODULE': 'ibus', 'NVM_CD_FLAGS': '', 'XDG_DATA_DIRS': '/usr/share/i3:/usr/share/gnome:/usr/local/share/:/usr/share/', 'XTERM_VERSION': 'XTerm(372)', 'PYTHONPATH': '/home/ph/ws/helios16p_ws/build/helios16p_cane_robot/prefix_override:/usr/lib/python3/dist-packages/colcon_core/task/python/colcon_distutils_commands:/home/ph/ws/helios16p_ws/install/helios16p_cane_robot/lib/python3.10/site-packages:/opt/ros/humble/lib/python3.10/site-packages:/opt/ros/humble/local/lib/python3.10/dist-packages', 'LC_NUMERIC': 'it_IT.UTF-8', 'I3SOCK': '/run/user/1000/i3/ipc-socket.2193', 'LC_PAPER': 'it_IT.UTF-8', 'COLCON': '1'}, 'shell': False}
[2.913143] (-) TimerEvent: {}
[2.914121] (kiss_icp) StdoutLine: {'line': b'-- Using all available rosidl_typesupport_c: rosidl_typesupport_fastrtps_c;rosidl_typesupport_introspection_c\n'}
[2.986261] (kiss_icp) StdoutLine: {'line': b'-- Using all available rosidl_typesupport_cpp: rosidl_typesupport_fastrtps_cpp;rosidl_typesupport_introspection_cpp\n'}
[3.013322] (-) TimerEvent: {}
[3.113907] (-) TimerEvent: {}
[3.136917] (rslidar_sdk) StdoutLine: {'line': b'-- Found Python3: /usr/bin/python3 (found version "3.10.12") found components: Interpreter\n'}
[3.187779] (kiss_icp) StdoutLine: {'line': b'-- Found nav_msgs: 4.9.0 (/opt/ros/humble/share/nav_msgs/cmake)\n'}
[3.214022] (-) TimerEvent: {}
[3.274987] (kiss_icp) StdoutLine: {'line': b'-- Found rclcpp: 16.0.16 (/opt/ros/humble/share/rclcpp/cmake)\n'}
[3.314156] (-) TimerEvent: {}
[3.414652] (-) TimerEvent: {}
[3.448958] (kiss_icp) StdoutLine: {'line': b'-- Found rmw_implementation_cmake: 6.1.2 (/opt/ros/humble/share/rmw_implementation_cmake/cmake)\n'}
[3.461121] (kiss_icp) StdoutLine: {'line': b'-- Found rmw_fastrtps_cpp: 6.2.9 (/opt/ros/humble/share/rmw_fastrtps_cpp/cmake)\n'}
[3.514797] (-) TimerEvent: {}
[3.615340] (-) TimerEvent: {}
[3.715883] (-) TimerEvent: {}
[3.724105] (rslidar_sdk) StdoutLine: {'line': b'-- Found rosidl_generator_c: 3.1.7 (/opt/ros/humble/share/rosidl_generator_c/cmake)\n'}
[3.748662] (rslidar_sdk) StdoutLine: {'line': b'-- Found rosidl_adapter: 3.1.7 (/opt/ros/humble/share/rosidl_adapter/cmake)\n'}
[3.790283] (kiss_icp) StdoutLine: {'line': b'-- Found OpenSSL: /usr/lib/x86_64-linux-gnu/libcrypto.so (found version "3.0.2")\n'}
[3.793370] (rslidar_sdk) StdoutLine: {'line': b'-- Found rosidl_generator_cpp: 3.1.7 (/opt/ros/humble/share/rosidl_generator_cpp/cmake)\n'}
[3.816022] (-) TimerEvent: {}
[3.836554] (helios16p_cane_robot) StdoutLine: {'line': b'running egg_info\n'}
[3.857756] (rslidar_sdk) StdoutLine: {'line': b'-- Using all available rosidl_typesupport_c: rosidl_typesupport_fastrtps_c;rosidl_typesupport_introspection_c\n'}
[3.907465] (helios16p_cane_robot) StdoutLine: {'line': b'creating ../../build/helios16p_cane_robot/helios16p_cane_robot.egg-info\n'}
[3.908042] (helios16p_cane_robot) StdoutLine: {'line': b'writing ../../build/helios16p_cane_robot/helios16p_cane_robot.egg-info/PKG-INFO\n'}
[3.910683] (helios16p_cane_robot) StdoutLine: {'line': b'writing dependency_links to ../../build/helios16p_cane_robot/helios16p_cane_robot.egg-info/dependency_links.txt\n'}
[3.912023] (helios16p_cane_robot) StdoutLine: {'line': b'writing requirements to ../../build/helios16p_cane_robot/helios16p_cane_robot.egg-info/requires.txt\n'}
[3.912545] (helios16p_cane_robot) StdoutLine: {'line': b'writing top-level names to ../../build/helios16p_cane_robot/helios16p_cane_robot.egg-info/top_level.txt\n'}
[3.913497] (helios16p_cane_robot) StdoutLine: {'line': b"writing manifest file '../../build/helios16p_cane_robot/helios16p_cane_robot.egg-info/SOURCES.txt'\n"}
[3.914331] (kiss_icp) StdoutLine: {'line': b'-- Found FastRTPS: /opt/ros/humble/include\n'}
[3.916168] (-) TimerEvent: {}
[3.935692] (rslidar_sdk) StdoutLine: {'line': b'-- Using all available rosidl_typesupport_cpp: rosidl_typesupport_fastrtps_cpp;rosidl_typesupport_introspection_cpp\n'}
[4.016336] (-) TimerEvent: {}
[4.044713] (helios16p_cane_robot) StdoutLine: {'line': b"reading manifest file '../../build/helios16p_cane_robot/helios16p_cane_robot.egg-info/SOURCES.txt'\n"}
[4.048362] (helios16p_cane_robot) StdoutLine: {'line': b"writing manifest file '../../build/helios16p_cane_robot/helios16p_cane_robot.egg-info/SOURCES.txt'\n"}
[4.048884] (helios16p_cane_robot) StdoutLine: {'line': b'running build\n'}
[4.049279] (helios16p_cane_robot) StdoutLine: {'line': b'running build_py\n'}
[4.049642] (helios16p_cane_robot) StdoutLine: {'line': b'creating /home/ph/ws/helios16p_ws/build/helios16p_cane_robot/build/lib/helios16p_cane_robot\n'}
[4.050023] (helios16p_cane_robot) StdoutLine: {'line': b'copying helios16p_cane_robot/__init__.py -> /home/ph/ws/helios16p_ws/build/helios16p_cane_robot/build/lib/helios16p_cane_robot\n'}
[4.050876] (helios16p_cane_robot) StdoutLine: {'line': b'running install\n'}
[4.063566] (helios16p_cane_robot) StdoutLine: {'line': b'running install_lib\n'}
[4.073231] (kiss_icp) StdoutLine: {'line': b"-- Using RMW implementation 'rmw_fastrtps_cpp' as default\n"}
[4.113676] (kiss_icp) StdoutLine: {'line': b'-- Found Threads: TRUE\n'}
[4.116487] (-) TimerEvent: {}
[4.133844] (helios16p_cane_robot) StdoutLine: {'line': b'creating /home/ph/ws/helios16p_ws/install/helios16p_cane_robot/lib/python3.10/site-packages/helios16p_cane_robot\n'}
[4.134379] (helios16p_cane_robot) StdoutLine: {'line': b'copying /home/ph/ws/helios16p_ws/build/helios16p_cane_robot/build/lib/helios16p_cane_robot/__init__.py -> /home/ph/ws/helios16p_ws/install/helios16p_cane_robot/lib/python3.10/site-packages/helios16p_cane_robot\n'}
[4.136037] (helios16p_cane_robot) StdoutLine: {'line': b'byte-compiling /home/ph/ws/helios16p_ws/install/helios16p_cane_robot/lib/python3.10/site-packages/helios16p_cane_robot/__init__.py to __init__.cpython-310.pyc\n'}
[4.136723] (helios16p_cane_robot) StdoutLine: {'line': b'running install_data\n'}
[4.137312] (helios16p_cane_robot) StdoutLine: {'line': b'creating /home/ph/ws/helios16p_ws/install/helios16p_cane_robot/share/ament_index/resource_index/packages\n'}
[4.138162] (helios16p_cane_robot) StdoutLine: {'line': b'copying resource/helios16p_cane_robot -> /home/ph/ws/helios16p_ws/install/helios16p_cane_robot/share/ament_index/resource_index/packages\n'}
[4.138757] (helios16p_cane_robot) StdoutLine: {'line': b'copying package.xml -> /home/ph/ws/helios16p_ws/install/helios16p_cane_robot/share/helios16p_cane_robot\n'}
[4.139271] (helios16p_cane_robot) StdoutLine: {'line': b'creating /home/ph/ws/helios16p_ws/install/helios16p_cane_robot/share/helios16p_cane_robot/launch\n'}
[4.139608] (helios16p_cane_robot) StdoutLine: {'line': b'copying launch/helios16p_cane_robot.launch.py -> /home/ph/ws/helios16p_ws/install/helios16p_cane_robot/share/helios16p_cane_robot/launch\n'}
[4.140086] (helios16p_cane_robot) StdoutLine: {'line': b'copying launch/L.py -> /home/ph/ws/helios16p_ws/install/helios16p_cane_robot/share/helios16p_cane_robot/launch\n'}
[4.140580] (helios16p_cane_robot) StdoutLine: {'line': b'creating /home/ph/ws/helios16p_ws/install/helios16p_cane_robot/share/helios16p_cane_robot/configs\n'}
[4.140919] (helios16p_cane_robot) StdoutLine: {'line': b'copying configs/lidar_config.yaml -> /home/ph/ws/helios16p_ws/install/helios16p_cane_robot/share/helios16p_cane_robot/configs\n'}
[4.141426] (helios16p_cane_robot) StdoutLine: {'line': b'creating /home/ph/ws/helios16p_ws/install/helios16p_cane_robot/share/helios16p_cane_robot/urdf\n'}
[4.141749] (helios16p_cane_robot) StdoutLine: {'line': b'copying urdf/helios16p.urdf.xacro -> /home/ph/ws/helios16p_ws/install/helios16p_cane_robot/share/helios16p_cane_robot/urdf\n'}
[4.142117] (helios16p_cane_robot) StdoutLine: {'line': b'running install_egg_info\n'}
[4.154747] (rslidar_sdk) StdoutLine: {'line': b'-- Found rmw_implementation_cmake: 6.1.2 (/opt/ros/humble/share/rmw_implementation_cmake/cmake)\n'}
[4.167777] (rslidar_sdk) StdoutLine: {'line': b'-- Found rmw_fastrtps_cpp: 6.2.9 (/opt/ros/humble/share/rmw_fastrtps_cpp/cmake)\n'}
[4.208679] (helios16p_cane_robot) StdoutLine: {'line': b'Copying ../../build/helios16p_cane_robot/helios16p_cane_robot.egg-info to /home/ph/ws/helios16p_ws/install/helios16p_cane_robot/lib/python3.10/site-packages/helios16p_cane_robot-0.0.0-py3.10.egg-info\n'}
[4.211359] (helios16p_cane_robot) StdoutLine: {'line': b'running install_scripts\n'}
[4.216645] (-) TimerEvent: {}
[4.287999] (kiss_icp) StdoutLine: {'line': b'-- Found rclcpp_components: 16.0.16 (/opt/ros/humble/share/rclcpp_components/cmake)\n'}
[4.316784] (-) TimerEvent: {}
[4.417331] (-) TimerEvent: {}
[4.436970] (kiss_icp) StdoutLine: {'line': b'-- Found sensor_msgs: 4.9.0 (/opt/ros/humble/share/sensor_msgs/cmake)\n'}
[4.495855] (rslidar_sdk) StdoutLine: {'line': b'-- Found OpenSSL: /usr/lib/x86_64-linux-gnu/libcrypto.so (found version "3.0.2")\n'}
[4.517481] (-) TimerEvent: {}
[4.529383] (kiss_icp) StdoutLine: {'line': b'-- Found tf2_ros: 0.25.17 (/opt/ros/humble/share/tf2_ros/cmake)\n'}
[4.617627] (-) TimerEvent: {}
[4.627742] (rslidar_sdk) StdoutLine: {'line': b'-- Found FastRTPS: /opt/ros/humble/include\n'}
[4.717764] (-) TimerEvent: {}
[4.731110] (helios16p_cane_robot) StdoutLine: {'line': b"writing list of installed files to '/home/ph/ws/helios16p_ws/build/helios16p_cane_robot/install.log'\n"}
[4.794064] (rslidar_sdk) StdoutLine: {'line': b"-- Using RMW implementation 'rmw_fastrtps_cpp' as default\n"}
[4.812961] (helios16p_cane_robot) CommandEnded: {'returncode': 0}
[4.818077] (-) TimerEvent: {}
[4.831793] (helios16p_cane_robot) JobEnded: {'identifier': 'helios16p_cane_robot', 'rc': 0}
[4.836422] (rslidar_sdk) StdoutLine: {'line': b'-- Performing Test CMAKE_HAVE_LIBC_PTHREAD\n'}
[4.915940] (kiss_icp) StdoutLine: {'line': b'-- Found std_srvs: 4.9.0 (/opt/ros/humble/share/std_srvs/cmake)\n'}
[4.918185] (-) TimerEvent: {}
[5.018631] (-) TimerEvent: {}
[5.022105] (rslidar_sdk) StdoutLine: {'line': b'-- Performing Test CMAKE_HAVE_LIBC_PTHREAD - Success\n'}
[5.025594] (rslidar_sdk) StdoutLine: {'line': b'-- Found Threads: TRUE\n'}
[5.118751] (-) TimerEvent: {}
[5.219297] (-) TimerEvent: {}
[5.243585] (kiss_icp) StdoutLine: {'line': b'-- Configuring done (4.5s)\n'}
[5.260072] (rslidar_sdk) StderrLine: {'line': b'\x1b[0m=============================================================\x1b[0m\n'}
[5.260544] (rslidar_sdk) StderrLine: {'line': b'\x1b[0m-- ROS2 Found. ROS2 Support is turned On.\x1b[0m\n'}
[5.260804] (rslidar_sdk) StderrLine: {'line': b'\x1b[0m=============================================================\x1b[0m\n'}
[5.268940] (rslidar_sdk) StdoutLine: {'line': b'-- Found sensor_msgs: 4.9.0 (/opt/ros/humble/share/sensor_msgs/cmake)\n'}
[5.319448] (-) TimerEvent: {}
[5.339279] (kiss_icp) StdoutLine: {'line': b'-- Generating done (0.1s)\n'}
[5.404651] (rslidar_sdk) StdoutLine: {'line': b'-- Found rslidar_msg: 0.0.0 (/home/ph/ws/helios16p_ws/install/rslidar_msg/share/rslidar_msg/cmake)\n'}
[5.419575] (-) TimerEvent: {}
[5.475086] (kiss_icp) StdoutLine: {'line': b'-- Build files have been written to: /home/ph/ws/helios16p_ws/build/kiss_icp\n'}
[5.480472] (rslidar_sdk) StderrLine: {'line': b'\x1b[0mCMake Deprecation Warning at src/rs_driver/CMakeLists.txt:1 (cmake_minimum_required):\n'}
[5.480878] (rslidar_sdk) StderrLine: {'line': b'  Compatibility with CMake < 3.10 will be removed from a future version of\n'}
[5.481139] (rslidar_sdk) StderrLine: {'line': b'  CMake.\n'}
[5.481552] (rslidar_sdk) StderrLine: {'line': b'\n'}
[5.481796] (rslidar_sdk) StderrLine: {'line': b'  Update the VERSION argument <min> value.  Or, use the <min>...<max> syntax\n'}
[5.482028] (rslidar_sdk) StderrLine: {'line': b'  to tell CMake that the project requires at least <min> but has been updated\n'}
[5.482276] (rslidar_sdk) StderrLine: {'line': b'  to work with policies introduced by <max> or earlier.\n'}
[5.482537] (rslidar_sdk) StderrLine: {'line': b'\n'}
[5.482763] (rslidar_sdk) StderrLine: {'line': b'\x1b[0m\n'}
[5.482987] (rslidar_sdk) StderrLine: {'line': b'\x1b[0m=============================================================\x1b[0m\n'}
[5.483261] (rslidar_sdk) StderrLine: {'line': b'\x1b[0m-- CMake run for UNIX GNU Compiler\x1b[0m\n'}
[5.483530] (rslidar_sdk) StderrLine: {'line': b'\x1b[0m=============================================================\x1b[0m\n'}
[5.486196] (rslidar_sdk) StderrLine: {'line': b'\x1b[0m=============================================================\x1b[0m\n'}
[5.486632] (rslidar_sdk) StderrLine: {'line': b'\x1b[0m-- rs_driver Version : v1.5.18\x1b[0m\n'}
[5.486871] (rslidar_sdk) StderrLine: {'line': b'\x1b[0m=============================================================\x1b[0m\n'}
[5.501314] (kiss_icp) CommandEnded: {'returncode': 0}
[5.503018] (kiss_icp) JobProgress: {'identifier': 'kiss_icp', 'progress': 'build'}
[5.504357] (kiss_icp) Command: {'cmd': ['/usr/bin/cmake', '--build', '/home/ph/ws/helios16p_ws/build/kiss_icp', '--', '-j8', '-l8'], 'cwd': '/home/ph/ws/helios16p_ws/build/kiss_icp', 'env': OrderedDict([('LESSOPEN', '| /usr/bin/lesspipe %s'), ('LANGUAGE', 'en_US'), ('USER', 'ph'), ('LC_TIME', 'it_IT.UTF-8'), ('XDG_SEAT', 'seat0'), ('XDG_SESSION_TYPE', 'x11'), ('SHLVL', '1'), ('LD_LIBRARY_PATH', '/usr/lib/x86_64-linux-gnu/gazebo-11/plugins:/opt/ros/humble/opt/rviz_ogre_vendor/lib:/opt/ros/humble/lib/x86_64-linux-gnu:/opt/ros/humble/lib'), ('HOME', '/home/ph'), ('OLDPWD', '/home/ph'), ('DESKTOP_SESSION', 'i3'), ('NVM_BIN', '/home/ph/.nvm/versions/node/v18.20.8/bin'), ('NVM_INC', '/home/ph/.nvm/versions/node/v18.20.8/include/node'), ('ROS_PYTHON_VERSION', '3'), ('GTK_MODULES', 'gail:atk-bridge'), ('XDG_SEAT_PATH', '/org/freedesktop/DisplayManager/Seat0'), ('LC_MONETARY', 'it_IT.UTF-8'), ('DBUS_SESSION_BUS_ADDRESS', 'unix:path=/run/user/1000/bus'), ('NVM_DIR', '/home/ph/.nvm'), ('_colcon_cd_root', '/opt/ros/humble/'), ('ROS_DISTRO', 'humble'), ('GTK_IM_MODULE', 'ibus'), ('LOGNAME', 'ph'), ('WINDOWID', '50331680'), ('_', '/usr/bin/colcon'), ('ROS_VERSION', '2'), ('XTERM_SHELL', '/bin/bash'), ('XDG_SESSION_CLASS', 'user'), ('TERM', 'xterm'), ('XDG_SESSION_ID', 'c2'), ('ROS_LOCALHOST_ONLY', '0'), ('PATH', '/home/ph/.nvm/versions/node/v18.20.8/bin:/home/ph/.local/bin:/opt/ros/humble/bin:/home/ph/.local/bin:/usr/local/sbin:/usr/local/bin:/usr/sbin:/usr/bin:/sbin:/bin:/usr/games:/usr/local/games:/snap/bin'), ('GDM_LANG', 'en_US'), ('XDG_SESSION_PATH', '/org/freedesktop/DisplayManager/Session0'), ('LC_ADDRESS', 'it_IT.UTF-8'), ('XDG_RUNTIME_DIR', '/run/user/1000'), ('DISPLAY', ':0'), ('LANG', 'en_US.UTF-8'), ('XDG_CURRENT_DESKTOP', 'i3'), ('LC_TELEPHONE', 'it_IT.UTF-8'), ('XMODIFIERS', '@im=ibus'), ('XDG_SESSION_DESKTOP', 'i3'), ('XAUTHORITY', '/home/ph/.Xauthority'), ('LS_COLORS', 'rs=0:di=01;34:ln=01;36:mh=00:pi=40;33:so=01;35:do=01;35:bd=40;33;01:cd=40;33;01:or=40;31;01:mi=00:su=37;41:sg=30;43:ca=30;41:tw=30;42:ow=34;42:st=37;44:ex=01;32:*.tar=01;31:*.tgz=01;31:*.arc=01;31:*.arj=01;31:*.taz=01;31:*.lha=01;31:*.lz4=01;31:*.lzh=01;31:*.lzma=01;31:*.tlz=01;31:*.txz=01;31:*.tzo=01;31:*.t7z=01;31:*.zip=01;31:*.z=01;31:*.dz=01;31:*.gz=01;31:*.lrz=01;31:*.lz=01;31:*.lzo=01;31:*.xz=01;31:*.zst=01;31:*.tzst=01;31:*.bz2=01;31:*.bz=01;31:*.tbz=01;31:*.tbz2=01;31:*.tz=01;31:*.deb=01;31:*.rpm=01;31:*.jar=01;31:*.war=01;31:*.ear=01;31:*.sar=01;31:*.rar=01;31:*.alz=01;31:*.ace=01;31:*.zoo=01;31:*.cpio=01;31:*.7z=01;31:*.rz=01;31:*.cab=01;31:*.wim=01;31:*.swm=01;31:*.dwm=01;31:*.esd=01;31:*.jpg=01;35:*.jpeg=01;35:*.mjpg=01;35:*.mjpeg=01;35:*.gif=01;35:*.bmp=01;35:*.pbm=01;35:*.pgm=01;35:*.ppm=01;35:*.tga=01;35:*.xbm=01;35:*.xpm=01;35:*.tif=01;35:*.tiff=01;35:*.png=01;35:*.svg=01;35:*.svgz=01;35:*.mng=01;35:*.pcx=01;35:*.mov=01;35:*.mpg=01;35:*.mpeg=01;35:*.m2v=01;35:*.mkv=01;35:*.webm=01;35:*.webp=01;35:*.ogm=01;35:*.mp4=01;35:*.m4v=01;35:*.mp4v=01;35:*.vob=01;35:*.qt=01;35:*.nuv=01;35:*.wmv=01;35:*.asf=01;35:*.rm=01;35:*.rmvb=01;35:*.flc=01;35:*.avi=01;35:*.fli=01;35:*.flv=01;35:*.gl=01;35:*.dl=01;35:*.xcf=01;35:*.xwd=01;35:*.yuv=01;35:*.cgm=01;35:*.emf=01;35:*.ogv=01;35:*.ogx=01;35:*.aac=00;36:*.au=00;36:*.flac=00;36:*.m4a=00;36:*.mid=00;36:*.midi=00;36:*.mka=00;36:*.mp3=00;36:*.mpc=00;36:*.ogg=00;36:*.ra=00;36:*.wav=00;36:*.oga=00;36:*.opus=00;36:*.spx=00;36:*.xspf=00;36:'), ('ROS_DOMAIN_ID', '2'), ('XDG_GREETER_DATA_DIR', '/var/lib/lightdm-data/ph'), ('AMENT_PREFIX_PATH', '/opt/ros/humble'), ('SHELL', '/bin/bash'), ('CMAKE_POLICY_VERSION_MINIMUM', '3.5'), ('LC_NAME', 'it_IT.UTF-8'), ('QT_ACCESSIBILITY', '1'), ('GDMSESSION', 'i3'), ('LESSCLOSE', '/usr/bin/lesspipe %s %s'), ('LC_MEASUREMENT', 'it_IT.UTF-8'), ('GPG_AGENT_INFO', '/run/user/1000/gnupg/S.gpg-agent:0:1'), ('LC_IDENTIFICATION', 'it_IT.UTF-8'), ('QT_IM_MODULE', 'ibus'), ('XDG_VTNR', '7'), ('GPG_TTY', '/dev/pts/3'), ('PWD', '/home/ph/ws/helios16p_ws/build/kiss_icp'), ('LC_ALL', 'en_US.UTF-8'), ('XDG_CONFIG_DIRS', '/etc/xdg/xdg-i3:/etc/xdg'), ('XTERM_LOCALE', 'en_US.UTF-8'), ('CLUTTER_IM_MODULE', 'ibus'), ('NVM_CD_FLAGS', ''), ('XDG_DATA_DIRS', '/usr/share/i3:/usr/share/gnome:/usr/local/share/:/usr/share/'), ('XTERM_VERSION', 'XTerm(372)'), ('PYTHONPATH', '/opt/ros/humble/lib/python3.10/site-packages:/opt/ros/humble/local/lib/python3.10/dist-packages'), ('LC_NUMERIC', 'it_IT.UTF-8'), ('I3SOCK', '/run/user/1000/i3/ipc-socket.2193'), ('LC_PAPER', 'it_IT.UTF-8'), ('COLCON', '1'), ('CMAKE_PREFIX_PATH', '/opt/ros/humble')]), 'shell': False}
[5.519709] (-) TimerEvent: {}
[5.589005] (kiss_icp) StdoutLine: {'line': b'[ 14%] \x1b[32mBuilding CXX object kiss_icp/core/CMakeFiles/kiss_icp_core.dir/Registration.cpp.o\x1b[0m\n'}
[5.589733] (kiss_icp) StdoutLine: {'line': b'[ 14%] \x1b[32mBuilding CXX object CMakeFiles/kiss_icp_node.dir/rclcpp_components/node_main_kiss_icp_node.cpp.o\x1b[0m\n'}
[5.590030] (kiss_icp) StdoutLine: {'line': b'[ 35%] \x1b[32mBuilding CXX object kiss_icp/core/CMakeFiles/kiss_icp_core.dir/VoxelHashMap.cpp.o\x1b[0m\n'}
[5.590284] (kiss_icp) StdoutLine: {'line': b'[ 35%] \x1b[32mBuilding CXX object kiss_icp/core/CMakeFiles/kiss_icp_core.dir/VoxelUtils.cpp.o\x1b[0m\n'}
[5.590546] (kiss_icp) StdoutLine: {'line': b'[ 42%] \x1b[32mBuilding CXX object kiss_icp/core/CMakeFiles/kiss_icp_core.dir/Preprocessing.cpp.o\x1b[0m\n'}
[5.591567] (kiss_icp) StdoutLine: {'line': b'[ 50%] \x1b[32mBuilding CXX object kiss_icp/core/CMakeFiles/kiss_icp_core.dir/Threshold.cpp.o\x1b[0m\n'}
[5.591871] (kiss_icp) StdoutLine: {'line': b'[ 35%] \x1b[32mBuilding CXX object kiss_icp/metrics/CMakeFiles/kiss_icp_metrics.dir/Metrics.cpp.o\x1b[0m\n'}
[5.619902] (-) TimerEvent: {}
[5.726352] (-) TimerEvent: {}
[5.827001] (-) TimerEvent: {}
[5.872485] (rslidar_sdk) StdoutLine: {'line': b'-- Configuring done (4.2s)\n'}
[5.927158] (-) TimerEvent: {}
[5.973982] (rslidar_sdk) StdoutLine: {'line': b'-- Generating done (0.1s)\n'}
[6.027343] (-) TimerEvent: {}
[6.098380] (rslidar_sdk) StdoutLine: {'line': b'-- Build files have been written to: /home/ph/ws/helios16p_ws/build/rslidar_sdk\n'}
[6.128131] (-) TimerEvent: {}
[6.140919] (rslidar_sdk) CommandEnded: {'returncode': 0}
[6.142652] (rslidar_sdk) JobProgress: {'identifier': 'rslidar_sdk', 'progress': 'build'}
[6.142773] (rslidar_sdk) Command: {'cmd': ['/usr/bin/cmake', '--build', '/home/ph/ws/helios16p_ws/build/rslidar_sdk', '--', '-j8', '-l8'], 'cwd': '/home/ph/ws/helios16p_ws/build/rslidar_sdk', 'env': OrderedDict([('LESSOPEN', '| /usr/bin/lesspipe %s'), ('LANGUAGE', 'en_US'), ('USER', 'ph'), ('LC_TIME', 'it_IT.UTF-8'), ('XDG_SEAT', 'seat0'), ('XDG_SESSION_TYPE', 'x11'), ('SHLVL', '1'), ('LD_LIBRARY_PATH', '/home/ph/ws/helios16p_ws/install/rslidar_msg/lib:/usr/lib/x86_64-linux-gnu/gazebo-11/plugins:/opt/ros/humble/opt/rviz_ogre_vendor/lib:/opt/ros/humble/lib/x86_64-linux-gnu:/opt/ros/humble/lib'), ('HOME', '/home/ph'), ('OLDPWD', '/home/ph'), ('DESKTOP_SESSION', 'i3'), ('NVM_BIN', '/home/ph/.nvm/versions/node/v18.20.8/bin'), ('NVM_INC', '/home/ph/.nvm/versions/node/v18.20.8/include/node'), ('ROS_PYTHON_VERSION', '3'), ('GTK_MODULES', 'gail:atk-bridge'), ('XDG_SEAT_PATH', '/org/freedesktop/DisplayManager/Seat0'), ('LC_MONETARY', 'it_IT.UTF-8'), ('DBUS_SESSION_BUS_ADDRESS', 'unix:path=/run/user/1000/bus'), ('NVM_DIR', '/home/ph/.nvm'), ('_colcon_cd_root', '/opt/ros/humble/'), ('ROS_DISTRO', 'humble'), ('GTK_IM_MODULE', 'ibus'), ('LOGNAME', 'ph'), ('WINDOWID', '50331680'), ('_', '/usr/bin/colcon'), ('ROS_VERSION', '2'), ('XTERM_SHELL', '/bin/bash'), ('XDG_SESSION_CLASS', 'user'), ('TERM', 'xterm'), ('XDG_SESSION_ID', 'c2'), ('ROS_LOCALHOST_ONLY', '0'), ('PATH', '/home/ph/.nvm/versions/node/v18.20.8/bin:/home/ph/.local/bin:/opt/ros/humble/bin:/home/ph/.local/bin:/usr/local/sbin:/usr/local/bin:/usr/sbin:/usr/bin:/sbin:/bin:/usr/games:/usr/local/games:/snap/bin'), ('GDM_LANG', 'en_US'), ('XDG_SESSION_PATH', '/org/freedesktop/DisplayManager/Session0'), ('LC_ADDRESS', 'it_IT.UTF-8'), ('XDG_RUNTIME_DIR', '/run/user/1000'), ('DISPLAY', ':0'), ('LANG', 'en_US.UTF-8'), ('XDG_CURRENT_DESKTOP', 'i3'), ('LC_TELEPHONE', 'it_IT.UTF-8'), ('XMODIFIERS', '@im=ibus'), ('XDG_SESSION_DESKTOP', 'i3'), ('XAUTHORITY', '/home/ph/.Xauthority'), ('LS_COLORS', 'rs=0:di=01;34:ln=01;36:mh=00:pi=40;33:so=01;35:do=01;35:bd=40;33;01:cd=40;33;01:or=40;31;01:mi=00:su=37;41:sg=30;43:ca=30;41:tw=30;42:ow=34;42:st=37;44:ex=01;32:*.tar=01;31:*.tgz=01;31:*.arc=01;31:*.arj=01;31:*.taz=01;31:*.lha=01;31:*.lz4=01;31:*.lzh=01;31:*.lzma=01;31:*.tlz=01;31:*.txz=01;31:*.tzo=01;31:*.t7z=01;31:*.zip=01;31:*.z=01;31:*.dz=01;31:*.gz=01;31:*.lrz=01;31:*.lz=01;31:*.lzo=01;31:*.xz=01;31:*.zst=01;31:*.tzst=01;31:*.bz2=01;31:*.bz=01;31:*.tbz=01;31:*.tbz2=01;31:*.tz=01;31:*.deb=01;31:*.rpm=01;31:*.jar=01;31:*.war=01;31:*.ear=01;31:*.sar=01;31:*.rar=01;31:*.alz=01;31:*.ace=01;31:*.zoo=01;31:*.cpio=01;31:*.7z=01;31:*.rz=01;31:*.cab=01;31:*.wim=01;31:*.swm=01;31:*.dwm=01;31:*.esd=01;31:*.jpg=01;35:*.jpeg=01;35:*.mjpg=01;35:*.mjpeg=01;35:*.gif=01;35:*.bmp=01;35:*.pbm=01;35:*.pgm=01;35:*.ppm=01;35:*.tga=01;35:*.xbm=01;35:*.xpm=01;35:*.tif=01;35:*.tiff=01;35:*.png=01;35:*.svg=01;35:*.svgz=01;35:*.mng=01;35:*.pcx=01;35:*.mov=01;35:*.mpg=01;35:*.mpeg=01;35:*.m2v=01;35:*.mkv=01;35:*.webm=01;35:*.webp=01;35:*.ogm=01;35:*.mp4=01;35:*.m4v=01;35:*.mp4v=01;35:*.vob=01;35:*.qt=01;35:*.nuv=01;35:*.wmv=01;35:*.asf=01;35:*.rm=01;35:*.rmvb=01;35:*.flc=01;35:*.avi=01;35:*.fli=01;35:*.flv=01;35:*.gl=01;35:*.dl=01;35:*.xcf=01;35:*.xwd=01;35:*.yuv=01;35:*.cgm=01;35:*.emf=01;35:*.ogv=01;35:*.ogx=01;35:*.aac=00;36:*.au=00;36:*.flac=00;36:*.m4a=00;36:*.mid=00;36:*.midi=00;36:*.mka=00;36:*.mp3=00;36:*.mpc=00;36:*.ogg=00;36:*.ra=00;36:*.wav=00;36:*.oga=00;36:*.opus=00;36:*.spx=00;36:*.xspf=00;36:'), ('ROS_DOMAIN_ID', '2'), ('XDG_GREETER_DATA_DIR', '/var/lib/lightdm-data/ph'), ('AMENT_PREFIX_PATH', '/home/ph/ws/helios16p_ws/install/rslidar_msg:/opt/ros/humble'), ('SHELL', '/bin/bash'), ('CMAKE_POLICY_VERSION_MINIMUM', '3.5'), ('LC_NAME', 'it_IT.UTF-8'), ('QT_ACCESSIBILITY', '1'), ('GDMSESSION', 'i3'), ('LESSCLOSE', '/usr/bin/lesspipe %s %s'), ('LC_MEASUREMENT', 'it_IT.UTF-8'), ('GPG_AGENT_INFO', '/run/user/1000/gnupg/S.gpg-agent:0:1'), ('LC_IDENTIFICATION', 'it_IT.UTF-8'), ('QT_IM_MODULE', 'ibus'), ('XDG_VTNR', '7'), ('GPG_TTY', '/dev/pts/3'), ('PWD', '/home/ph/ws/helios16p_ws/build/rslidar_sdk'), ('LC_ALL', 'en_US.UTF-8'), ('XDG_CONFIG_DIRS', '/etc/xdg/xdg-i3:/etc/xdg'), ('XTERM_LOCALE', 'en_US.UTF-8'), ('CLUTTER_IM_MODULE', 'ibus'), ('NVM_CD_FLAGS', ''), ('XDG_DATA_DIRS', '/usr/share/i3:/usr/share/gnome:/usr/local/share/:/usr/share/'), ('XTERM_VERSION', 'XTerm(372)'), ('PYTHONPATH', '/home/ph/ws/helios16p_ws/install/rslidar_msg/local/lib/python3.10/dist-packages:/opt/ros/humble/lib/python3.10/site-packages:/opt/ros/humble/local/lib/python3.10/dist-packages'), ('LC_NUMERIC', 'it_IT.UTF-8'), ('I3SOCK', '/run/user/1000/i3/ipc-socket.2193'), ('LC_PAPER', 'it_IT.UTF-8'), ('COLCON', '1'), ('CMAKE_PREFIX_PATH', '/home/ph/ws/helios16p_ws/install/rslidar_msg:/opt/ros/humble')]), 'shell': False}
[6.229013] (-) TimerEvent: {}
[6.266322] (rslidar_sdk) StdoutLine: {'line': b'[ 33%] \x1b[32mBuilding CXX object CMakeFiles/rslidar_sdk_node.dir/node/rslidar_sdk_node.cpp.o\x1b[0m\n'}
[6.266803] (rslidar_sdk) StdoutLine: {'line': b'[ 66%] \x1b[32mBuilding CXX object CMakeFiles/rslidar_sdk_node.dir/src/manager/node_manager.cpp.o\x1b[0m\n'}
[6.329171] (-) TimerEvent: {}
[6.429796] (-) TimerEvent: {}
[6.531581] (-) TimerEvent: {}
[6.670452] (-) TimerEvent: {}
[6.771124] (-) TimerEvent: {}
[6.873382] (-) TimerEvent: {}
[6.974160] (-) TimerEvent: {}
[7.076366] (-) TimerEvent: {}
[7.176975] (-) TimerEvent: {}
[7.280851] (-) TimerEvent: {}
[7.381479] (-) TimerEvent: {}
[7.483370] (-) TimerEvent: {}
[7.585363] (-) TimerEvent: {}
[7.686364] (-) TimerEvent: {}
[7.789367] (-) TimerEvent: {}
[7.890030] (-) TimerEvent: {}
[7.990714] (-) TimerEvent: {}
[8.092900] (-) TimerEvent: {}
[8.194593] (-) TimerEvent: {}
[8.300920] (-) TimerEvent: {}
[8.403587] (-) TimerEvent: {}
[8.506846] (-) TimerEvent: {}
[8.607930] (-) TimerEvent: {}
[8.709224] (-) TimerEvent: {}
[8.812994] (-) TimerEvent: {}
[8.917379] (-) TimerEvent: {}
[9.018107] (-) TimerEvent: {}
[9.119181] (-) TimerEvent: {}
[9.223382] (-) TimerEvent: {}
[9.324068] (-) TimerEvent: {}
[9.426357] (-) TimerEvent: {}
[9.528378] (-) TimerEvent: {}
[9.629073] (-) TimerEvent: {}
[9.732162] (-) TimerEvent: {}
[9.834372] (-) TimerEvent: {}
[9.935068] (-) TimerEvent: {}
[10.039382] (-) TimerEvent: {}
[10.142413] (-) TimerEvent: {}
[10.243111] (-) TimerEvent: {}
[10.349811] (-) TimerEvent: {}
[10.450548] (-) TimerEvent: {}
[10.553604] (-) TimerEvent: {}
[10.657390] (-) TimerEvent: {}
[10.758097] (-) TimerEvent: {}
[10.862384] (-) TimerEvent: {}
[10.963101] (-) TimerEvent: {}
[11.066381] (-) TimerEvent: {}
[11.167090] (-) TimerEvent: {}
[11.274408] (-) TimerEvent: {}
[11.375187] (-) TimerEvent: {}
[11.475878] (-) TimerEvent: {}
[11.577012] (-) TimerEvent: {}
[11.679900] (-) TimerEvent: {}
[11.780659] (-) TimerEvent: {}
[11.881367] (-) TimerEvent: {}
[11.982043] (-) TimerEvent: {}
[12.085380] (-) TimerEvent: {}
[12.186075] (-) TimerEvent: {}
[12.290376] (-) TimerEvent: {}
[12.391058] (-) TimerEvent: {}
[12.491758] (-) TimerEvent: {}
[12.592455] (-) TimerEvent: {}
[12.695925] (-) TimerEvent: {}
[12.801416] (-) TimerEvent: {}
[12.902331] (-) TimerEvent: {}
[13.003059] (-) TimerEvent: {}
[13.104090] (-) TimerEvent: {}
[13.207383] (-) TimerEvent: {}
[13.309519] (-) TimerEvent: {}
[13.410206] (-) TimerEvent: {}
[13.516494] (-) TimerEvent: {}
[13.618140] (-) TimerEvent: {}
[13.718947] (-) TimerEvent: {}
[13.819712] (-) TimerEvent: {}
[13.921992] (-) TimerEvent: {}
[14.024382] (-) TimerEvent: {}
[14.125605] (-) TimerEvent: {}
[14.230146] (-) TimerEvent: {}
[14.331025] (-) TimerEvent: {}
[14.431743] (-) TimerEvent: {}
[14.533756] (-) TimerEvent: {}
[14.634515] (-) TimerEvent: {}
[14.737381] (-) TimerEvent: {}
[14.838054] (-) TimerEvent: {}
[14.938580] (-) TimerEvent: {}
[15.039099] (-) TimerEvent: {}
[15.139792] (-) TimerEvent: {}
[15.240623] (-) TimerEvent: {}
[15.341339] (-) TimerEvent: {}
[15.441935] (-) TimerEvent: {}
[15.544601] (-) TimerEvent: {}
[15.646708] (-) TimerEvent: {}
[15.747390] (-) TimerEvent: {}
[15.848817] (-) TimerEvent: {}
[15.952388] (-) TimerEvent: {}
[16.053303] (-) TimerEvent: {}
[16.153978] (-) TimerEvent: {}
[16.255533] (-) TimerEvent: {}
[16.358061] (-) TimerEvent: {}
[16.460756] (-) TimerEvent: {}
[16.561399] (-) TimerEvent: {}
[16.662408] (-) TimerEvent: {}
[16.765380] (-) TimerEvent: {}
[16.865976] (-) TimerEvent: {}
[16.966862] (-) TimerEvent: {}
[17.070386] (-) TimerEvent: {}
[17.171167] (-) TimerEvent: {}
[17.272464] (-) TimerEvent: {}
[17.374931] (-) TimerEvent: {}
[17.475597] (-) TimerEvent: {}
[17.578263] (-) TimerEvent: {}
[17.679906] (-) TimerEvent: {}
[17.780915] (-) TimerEvent: {}
[17.884734] (-) TimerEvent: {}
[17.987456] (-) TimerEvent: {}
[18.088178] (-) TimerEvent: {}
[18.190411] (-) TimerEvent: {}
[18.293200] (-) TimerEvent: {}
[18.394347] (-) TimerEvent: {}
[18.495991] (-) TimerEvent: {}
[18.596995] (-) TimerEvent: {}
[18.697757] (-) TimerEvent: {}
[18.798450] (-) TimerEvent: {}
[18.901389] (-) TimerEvent: {}
[19.003710] (-) TimerEvent: {}
[19.104561] (-) TimerEvent: {}
[19.205338] (-) TimerEvent: {}
[19.309371] (-) TimerEvent: {}
[19.411387] (-) TimerEvent: {}
[19.515466] (-) TimerEvent: {}
[19.617382] (-) TimerEvent: {}
[19.721440] (-) TimerEvent: {}
[19.822084] (-) TimerEvent: {}
[19.923152] (-) TimerEvent: {}
[20.024898] (-) TimerEvent: {}
[20.129332] (-) TimerEvent: {}
[20.230039] (-) TimerEvent: {}
[20.331904] (-) TimerEvent: {}
[20.433982] (-) TimerEvent: {}
[20.547372] (-) TimerEvent: {}
[20.648025] (-) TimerEvent: {}
[20.748814] (-) TimerEvent: {}
[20.853370] (-) TimerEvent: {}
[20.954019] (-) TimerEvent: {}
[21.056328] (-) TimerEvent: {}
[21.158822] (-) TimerEvent: {}
[21.259486] (-) TimerEvent: {}
[21.363382] (-) TimerEvent: {}
[21.464039] (-) TimerEvent: {}
[21.567371] (-) TimerEvent: {}
[21.667990] (-) TimerEvent: {}
[21.768664] (-) TimerEvent: {}
[21.869349] (-) TimerEvent: {}
[21.970003] (-) TimerEvent: {}
[22.072380] (-) TimerEvent: {}
[22.173322] (-) TimerEvent: {}
[22.274439] (-) TimerEvent: {}
[22.376384] (-) TimerEvent: {}
[22.477068] (-) TimerEvent: {}
[22.578460] (-) TimerEvent: {}
[22.679168] (-) TimerEvent: {}
[22.779784] (-) TimerEvent: {}
[22.794119] (kiss_icp) StdoutLine: {'line': b'[ 57%] \x1b[1m\x1b[32mLinking CXX executable kiss_icp_node\x1b[0m\n'}
[22.879958] (-) TimerEvent: {}
[22.980602] (-) TimerEvent: {}
[23.081198] (-) TimerEvent: {}
[23.181802] (-) TimerEvent: {}
[23.194087] (kiss_icp) StdoutLine: {'line': b'[ 57%] Built target kiss_icp_node\n'}
[23.281983] (-) TimerEvent: {}
[23.382671] (-) TimerEvent: {}
[23.484593] (-) TimerEvent: {}
[23.586456] (-) TimerEvent: {}
[23.687169] (-) TimerEvent: {}
[23.787848] (-) TimerEvent: {}
[23.888473] (-) TimerEvent: {}
[23.989055] (-) TimerEvent: {}
[24.089714] (-) TimerEvent: {}
[24.190359] (-) TimerEvent: {}
[24.290974] (-) TimerEvent: {}
[24.391627] (-) TimerEvent: {}
[24.492305] (-) TimerEvent: {}
[24.592933] (-) TimerEvent: {}
[24.693641] (-) TimerEvent: {}
[24.794303] (-) TimerEvent: {}
[24.894940] (-) TimerEvent: {}
[24.995611] (-) TimerEvent: {}
[25.096267] (-) TimerEvent: {}
[25.196896] (-) TimerEvent: {}
[25.297554] (-) TimerEvent: {}
[25.398186] (-) TimerEvent: {}
[25.498772] (-) TimerEvent: {}
[25.599327] (-) TimerEvent: {}
[25.699896] (-) TimerEvent: {}
[25.800493] (-) TimerEvent: {}
[25.900983] (-) TimerEvent: {}
[26.001515] (-) TimerEvent: {}
[26.102018] (-) TimerEvent: {}
[26.202600] (-) TimerEvent: {}
[26.303088] (-) TimerEvent: {}
[26.403600] (-) TimerEvent: {}
[26.504087] (-) TimerEvent: {}
[26.604599] (-) TimerEvent: {}
[26.705114] (-) TimerEvent: {}
[26.805635] (-) TimerEvent: {}
[26.906124] (-) TimerEvent: {}
[27.006634] (-) TimerEvent: {}
[27.107127] (-) TimerEvent: {}
[27.207673] (-) TimerEvent: {}
[27.308230] (-) TimerEvent: {}
[27.408746] (-) TimerEvent: {}
[27.509263] (-) TimerEvent: {}
[27.609775] (-) TimerEvent: {}
[27.710363] (-) TimerEvent: {}
[27.810893] (-) TimerEvent: {}
[27.911597] (-) TimerEvent: {}
[28.012084] (-) TimerEvent: {}
[28.112620] (-) TimerEvent: {}
[28.213109] (-) TimerEvent: {}
[28.313650] (-) TimerEvent: {}
[28.414136] (-) TimerEvent: {}
[28.514641] (-) TimerEvent: {}
[28.615117] (-) TimerEvent: {}
[28.715607] (-) TimerEvent: {}
[28.816116] (-) TimerEvent: {}
[28.916687] (-) TimerEvent: {}
[29.017171] (-) TimerEvent: {}
[29.117678] (-) TimerEvent: {}
[29.218165] (-) TimerEvent: {}
[29.318668] (-) TimerEvent: {}
[29.419168] (-) TimerEvent: {}
[29.519752] (-) TimerEvent: {}
[29.620437] (-) TimerEvent: {}
[29.720923] (-) TimerEvent: {}
[29.821444] (-) TimerEvent: {}
[29.921981] (-) TimerEvent: {}
[30.022511] (-) TimerEvent: {}
[30.123003] (-) TimerEvent: {}
[30.223520] (-) TimerEvent: {}
[30.324028] (-) TimerEvent: {}
[30.424572] (-) TimerEvent: {}
[30.525151] (-) TimerEvent: {}
[30.625668] (-) TimerEvent: {}
[30.726162] (-) TimerEvent: {}
[30.826662] (-) TimerEvent: {}
[30.927157] (-) TimerEvent: {}
[31.027659] (-) TimerEvent: {}
[31.128137] (-) TimerEvent: {}
[31.228644] (-) TimerEvent: {}
[31.329137] (-) TimerEvent: {}
[31.429638] (-) TimerEvent: {}
[31.530114] (-) TimerEvent: {}
[31.630614] (-) TimerEvent: {}
[31.731100] (-) TimerEvent: {}
[31.831605] (-) TimerEvent: {}
[31.932116] (-) TimerEvent: {}
[32.032702] (-) TimerEvent: {}
[32.133275] (-) TimerEvent: {}
[32.233763] (-) TimerEvent: {}
[32.334280] (-) TimerEvent: {}
[32.434780] (-) TimerEvent: {}
[32.535297] (-) TimerEvent: {}
[32.635822] (-) TimerEvent: {}
[32.736326] (-) TimerEvent: {}
[32.836904] (-) TimerEvent: {}
[32.913965] (kiss_icp) StdoutLine: {'line': b'[ 64%] \x1b[1m\x1b[32mLinking CXX static library libkiss_icp_core.a\x1b[0m\n'}
[32.937042] (-) TimerEvent: {}
[33.037576] (-) TimerEvent: {}
[33.138086] (-) TimerEvent: {}
[33.239201] (-) TimerEvent: {}
[33.340867] (-) TimerEvent: {}
[33.441586] (-) TimerEvent: {}
[33.496395] (kiss_icp) StdoutLine: {'line': b'[ 64%] Built target kiss_icp_core\n'}
[33.538367] (kiss_icp) StdoutLine: {'line': b'[ 71%] \x1b[32mBuilding CXX object kiss_icp/pipeline/CMakeFiles/kiss_icp_pipeline.dir/KissICP.cpp.o\x1b[0m\n'}
[33.541751] (-) TimerEvent: {}
[33.643366] (-) TimerEvent: {}
[33.743989] (-) TimerEvent: {}
[33.844610] (-) TimerEvent: {}
[33.945193] (-) TimerEvent: {}
[34.045777] (-) TimerEvent: {}
[34.146390] (-) TimerEvent: {}
[34.247008] (-) TimerEvent: {}
[34.347697] (-) TimerEvent: {}
[34.448314] (-) TimerEvent: {}
[34.548951] (-) TimerEvent: {}
[34.649608] (-) TimerEvent: {}
[34.750220] (-) TimerEvent: {}
[34.850825] (-) TimerEvent: {}
[34.951364] (-) TimerEvent: {}
[35.051972] (-) TimerEvent: {}
[35.152616] (-) TimerEvent: {}
[35.253266] (-) TimerEvent: {}
[35.353861] (-) TimerEvent: {}
[35.454534] (-) TimerEvent: {}
[35.555164] (-) TimerEvent: {}
[35.655744] (-) TimerEvent: {}
[35.756351] (-) TimerEvent: {}
[35.856961] (-) TimerEvent: {}
[35.957653] (-) TimerEvent: {}
[36.058281] (-) TimerEvent: {}
[36.158981] (-) TimerEvent: {}
[36.259760] (-) TimerEvent: {}
[36.360358] (-) TimerEvent: {}
[36.461014] (-) TimerEvent: {}
[36.561669] (-) TimerEvent: {}
[36.662288] (-) TimerEvent: {}
[36.762775] (-) TimerEvent: {}
[36.863337] (-) TimerEvent: {}
[36.963899] (-) TimerEvent: {}
[37.064604] (-) TimerEvent: {}
[37.165314] (-) TimerEvent: {}
[37.265927] (-) TimerEvent: {}
[37.366623] (-) TimerEvent: {}
[37.467295] (-) TimerEvent: {}
[37.567924] (-) TimerEvent: {}
[37.668641] (-) TimerEvent: {}
[37.769312] (-) TimerEvent: {}
[37.869951] (-) TimerEvent: {}
[37.970674] (-) TimerEvent: {}
[38.071337] (-) TimerEvent: {}
[38.171998] (-) TimerEvent: {}
[38.272684] (-) TimerEvent: {}
[38.373345] (-) TimerEvent: {}
[38.474173] (-) TimerEvent: {}
[38.574854] (-) TimerEvent: {}
[38.675589] (-) TimerEvent: {}
[38.776226] (-) TimerEvent: {}
[38.876886] (-) TimerEvent: {}
[38.977563] (-) TimerEvent: {}
[39.078206] (-) TimerEvent: {}
[39.178876] (-) TimerEvent: {}
[39.279610] (-) TimerEvent: {}
[39.380222] (-) TimerEvent: {}
[39.480885] (-) TimerEvent: {}
[39.581573] (-) TimerEvent: {}
[39.682196] (-) TimerEvent: {}
[39.782829] (-) TimerEvent: {}
[39.883479] (-) TimerEvent: {}
[39.984075] (-) TimerEvent: {}
[40.084763] (-) TimerEvent: {}
[40.185379] (-) TimerEvent: {}
[40.286049] (-) TimerEvent: {}
[40.386812] (-) TimerEvent: {}
[40.487406] (-) TimerEvent: {}
[40.587982] (-) TimerEvent: {}
[40.688627] (-) TimerEvent: {}
[40.714958] (kiss_icp) StdoutLine: {'line': b'[ 78%] \x1b[1m\x1b[32mLinking CXX static library libkiss_icp_pipeline.a\x1b[0m\n'}
[40.788830] (-) TimerEvent: {}
[40.864363] (kiss_icp) StdoutLine: {'line': b'[ 78%] Built target kiss_icp_pipeline\n'}
[40.888982] (-) TimerEvent: {}
[40.901278] (kiss_icp) StdoutLine: {'line': b'[ 85%] \x1b[32mBuilding CXX object CMakeFiles/odometry_component.dir/src/OdometryServer.cpp.o\x1b[0m\n'}
[40.989149] (-) TimerEvent: {}
[41.089827] (-) TimerEvent: {}
[41.190344] (-) TimerEvent: {}
[41.290849] (-) TimerEvent: {}
[41.391437] (-) TimerEvent: {}
[41.491969] (-) TimerEvent: {}
[41.592539] (-) TimerEvent: {}
[41.693104] (-) TimerEvent: {}
[41.793678] (-) TimerEvent: {}
[41.894179] (-) TimerEvent: {}
[41.994862] (-) TimerEvent: {}
[42.095525] (-) TimerEvent: {}
[42.196152] (-) TimerEvent: {}
[42.296822] (-) TimerEvent: {}
[42.397486] (-) TimerEvent: {}
[42.498082] (-) TimerEvent: {}
[42.598616] (-) TimerEvent: {}
[42.699148] (-) TimerEvent: {}
[42.799675] (-) TimerEvent: {}
[42.900157] (-) TimerEvent: {}
[43.000674] (-) TimerEvent: {}
[43.101168] (-) TimerEvent: {}
[43.201682] (-) TimerEvent: {}
[43.302223] (-) TimerEvent: {}
[43.402826] (-) TimerEvent: {}
[43.503341] (-) TimerEvent: {}
[43.603818] (-) TimerEvent: {}
[43.704310] (-) TimerEvent: {}
[43.804794] (-) TimerEvent: {}
[43.905339] (-) TimerEvent: {}
[44.005873] (-) TimerEvent: {}
[44.106433] (-) TimerEvent: {}
[44.206970] (-) TimerEvent: {}
[44.307546] (-) TimerEvent: {}
[44.408122] (-) TimerEvent: {}
[44.508697] (-) TimerEvent: {}
[44.609260] (-) TimerEvent: {}
[44.709791] (-) TimerEvent: {}
[44.810345] (-) TimerEvent: {}
[44.910882] (-) TimerEvent: {}
[45.011467] (-) TimerEvent: {}
[45.112061] (-) TimerEvent: {}
[45.212767] (-) TimerEvent: {}
[45.313367] (-) TimerEvent: {}
[45.414014] (-) TimerEvent: {}
[45.514678] (-) TimerEvent: {}
[45.615318] (-) TimerEvent: {}
[45.715948] (-) TimerEvent: {}
[45.816640] (-) TimerEvent: {}
[45.917299] (-) TimerEvent: {}
[46.017921] (-) TimerEvent: {}
[46.118558] (-) TimerEvent: {}
[46.219183] (-) TimerEvent: {}
[46.313831] (kiss_icp) StdoutLine: {'line': b'[ 92%] \x1b[1m\x1b[32mLinking CXX static library libkiss_icp_metrics.a\x1b[0m\n'}
[46.319345] (-) TimerEvent: {}
[46.419914] (-) TimerEvent: {}
[46.476914] (kiss_icp) StdoutLine: {'line': b'[ 92%] Built target kiss_icp_metrics\n'}
[46.520080] (-) TimerEvent: {}
[46.620721] (-) TimerEvent: {}
[46.721363] (-) TimerEvent: {}
[46.821957] (-) TimerEvent: {}
[46.922495] (-) TimerEvent: {}
[47.022991] (-) TimerEvent: {}
[47.123513] (-) TimerEvent: {}
[47.224003] (-) TimerEvent: {}
[47.324523] (-) TimerEvent: {}
[47.425014] (-) TimerEvent: {}
[47.525607] (-) TimerEvent: {}
[47.626106] (-) TimerEvent: {}
[47.726796] (-) TimerEvent: {}
[47.827320] (-) TimerEvent: {}
[47.927802] (-) TimerEvent: {}
[48.028305] (-) TimerEvent: {}
[48.128815] (-) TimerEvent: {}
[48.229356] (-) TimerEvent: {}
[48.329951] (-) TimerEvent: {}
[48.430603] (-) TimerEvent: {}
[48.531208] (-) TimerEvent: {}
[48.631763] (-) TimerEvent: {}
[48.732329] (-) TimerEvent: {}
[48.832999] (-) TimerEvent: {}
[48.933661] (-) TimerEvent: {}
[49.034324] (-) TimerEvent: {}
[49.134942] (-) TimerEvent: {}
[49.235593] (-) TimerEvent: {}
[49.336203] (-) TimerEvent: {}
[49.436825] (-) TimerEvent: {}
[49.537455] (-) TimerEvent: {}
[49.638128] (-) TimerEvent: {}
[49.738787] (-) TimerEvent: {}
[49.839392] (-) TimerEvent: {}
[49.939997] (-) TimerEvent: {}
[50.040633] (-) TimerEvent: {}
[50.141281] (-) TimerEvent: {}
[50.241889] (-) TimerEvent: {}
[50.342540] (-) TimerEvent: {}
[50.443121] (-) TimerEvent: {}
[50.543743] (-) TimerEvent: {}
[50.644288] (-) TimerEvent: {}
[50.744827] (-) TimerEvent: {}
[50.845347] (-) TimerEvent: {}
[50.945847] (-) TimerEvent: {}
[51.046344] (-) TimerEvent: {}
[51.147012] (-) TimerEvent: {}
[51.247584] (-) TimerEvent: {}
[51.348135] (-) TimerEvent: {}
[51.448766] (-) TimerEvent: {}
[51.549375] (-) TimerEvent: {}
[51.650114] (-) TimerEvent: {}
[51.750714] (-) TimerEvent: {}
[51.851589] (-) TimerEvent: {}
[51.952160] (-) TimerEvent: {}
[52.052679] (-) TimerEvent: {}
[52.153154] (-) TimerEvent: {}
[52.253750] (-) TimerEvent: {}
[52.354270] (-) TimerEvent: {}
[52.454820] (-) TimerEvent: {}
[52.555378] (-) TimerEvent: {}
[52.655976] (-) TimerEvent: {}
[52.756655] (-) TimerEvent: {}
[52.857300] (-) TimerEvent: {}
[52.957898] (-) TimerEvent: {}
[53.058493] (-) TimerEvent: {}
[53.158993] (-) TimerEvent: {}
[53.259493] (-) TimerEvent: {}
[53.360023] (-) TimerEvent: {}
[53.460527] (-) TimerEvent: {}
[53.561010] (-) TimerEvent: {}
[53.661502] (-) TimerEvent: {}
[53.761989] (-) TimerEvent: {}
[53.862476] (-) TimerEvent: {}
[53.962956] (-) TimerEvent: {}
[54.063471] (-) TimerEvent: {}
[54.163973] (-) TimerEvent: {}
[54.264484] (-) TimerEvent: {}
[54.364961] (-) TimerEvent: {}
[54.465479] (-) TimerEvent: {}
[54.566013] (-) TimerEvent: {}
[54.666505] (-) TimerEvent: {}
[54.766983] (-) TimerEvent: {}
[54.867503] (-) TimerEvent: {}
[54.967989] (-) TimerEvent: {}
[55.068522] (-) TimerEvent: {}
[55.169031] (-) TimerEvent: {}
[55.269617] (-) TimerEvent: {}
[55.370152] (-) TimerEvent: {}
[55.472370] (-) TimerEvent: {}
[55.572977] (-) TimerEvent: {}
[55.673542] (-) TimerEvent: {}
[55.774078] (-) TimerEvent: {}
[55.874632] (-) TimerEvent: {}
[55.975167] (-) TimerEvent: {}
[56.075868] (-) TimerEvent: {}
[56.176401] (-) TimerEvent: {}
[56.276939] (-) TimerEvent: {}
[56.377538] (-) TimerEvent: {}
[56.478135] (-) TimerEvent: {}
[56.578737] (-) TimerEvent: {}
[56.679346] (-) TimerEvent: {}
[56.779888] (-) TimerEvent: {}
[56.880474] (-) TimerEvent: {}
[56.980988] (-) TimerEvent: {}
[57.081642] (-) TimerEvent: {}
[57.182184] (-) TimerEvent: {}
[57.282754] (-) TimerEvent: {}
[57.383324] (-) TimerEvent: {}
[57.483866] (-) TimerEvent: {}
[57.584453] (-) TimerEvent: {}
[57.685053] (-) TimerEvent: {}
[57.785594] (-) TimerEvent: {}
[57.886099] (-) TimerEvent: {}
[57.986645] (-) TimerEvent: {}
[58.087147] (-) TimerEvent: {}
[58.187676] (-) TimerEvent: {}
[58.288171] (-) TimerEvent: {}
[58.388690] (-) TimerEvent: {}
[58.489180] (-) TimerEvent: {}
[58.589705] (-) TimerEvent: {}
[58.690230] (-) TimerEvent: {}
[58.790720] (-) TimerEvent: {}
[58.891198] (-) TimerEvent: {}
[58.991750] (-) TimerEvent: {}
[59.092343] (-) TimerEvent: {}
[59.192901] (-) TimerEvent: {}
[59.293492] (-) TimerEvent: {}
[59.394075] (-) TimerEvent: {}
[59.494611] (-) TimerEvent: {}
[59.595111] (-) TimerEvent: {}
[59.695628] (-) TimerEvent: {}
[59.796127] (-) TimerEvent: {}
[59.896643] (-) TimerEvent: {}
[59.997138] (-) TimerEvent: {}
[60.097652] (-) TimerEvent: {}
[60.198138] (-) TimerEvent: {}
[60.298683] (-) TimerEvent: {}
[60.399168] (-) TimerEvent: {}
[60.499685] (-) TimerEvent: {}
[60.600180] (-) TimerEvent: {}
[60.700696] (-) TimerEvent: {}
[60.801198] (-) TimerEvent: {}
[60.901726] (-) TimerEvent: {}
[61.002290] (-) TimerEvent: {}
[61.102827] (-) TimerEvent: {}
[61.203329] (-) TimerEvent: {}
[61.303831] (-) TimerEvent: {}
[61.404350] (-) TimerEvent: {}
[61.504837] (-) TimerEvent: {}
[61.605349] (-) TimerEvent: {}
[61.705869] (-) TimerEvent: {}
[61.806347] (-) TimerEvent: {}
[61.906820] (-) TimerEvent: {}
[62.007341] (-) TimerEvent: {}
[62.107901] (-) TimerEvent: {}
[62.208356] (-) TimerEvent: {}
[62.308851] (-) TimerEvent: {}
[62.409360] (-) TimerEvent: {}
[62.509940] (-) TimerEvent: {}
[62.610469] (-) TimerEvent: {}
[62.710966] (-) TimerEvent: {}
[62.811484] (-) TimerEvent: {}
[62.912003] (-) TimerEvent: {}
[63.012526] (-) TimerEvent: {}
[63.113028] (-) TimerEvent: {}
[63.213549] (-) TimerEvent: {}
[63.314063] (-) TimerEvent: {}
[63.414665] (-) TimerEvent: {}
[63.515171] (-) TimerEvent: {}
[63.615804] (-) TimerEvent: {}
[63.716318] (-) TimerEvent: {}
[63.816818] (-) TimerEvent: {}
[63.917320] (-) TimerEvent: {}
[64.017828] (-) TimerEvent: {}
[64.118429] (-) TimerEvent: {}
[64.218922] (-) TimerEvent: {}
[64.319435] (-) TimerEvent: {}
[64.419950] (-) TimerEvent: {}
[64.520523] (-) TimerEvent: {}
[64.621147] (-) TimerEvent: {}
[64.722301] (-) TimerEvent: {}
[64.824877] (-) TimerEvent: {}
[64.925562] (-) TimerEvent: {}
[65.026205] (-) TimerEvent: {}
[65.126883] (-) TimerEvent: {}
[65.227408] (-) TimerEvent: {}
[65.327890] (-) TimerEvent: {}
[65.428338] (-) TimerEvent: {}
[65.528838] (-) TimerEvent: {}
[65.629353] (-) TimerEvent: {}
[65.729922] (-) TimerEvent: {}
[65.830442] (-) TimerEvent: {}
[65.930952] (-) TimerEvent: {}
[66.031474] (-) TimerEvent: {}
[66.131945] (-) TimerEvent: {}
[66.232459] (-) TimerEvent: {}
[66.332953] (-) TimerEvent: {}
[66.433486] (-) TimerEvent: {}
[66.534005] (-) TimerEvent: {}
[66.634576] (-) TimerEvent: {}
[66.735067] (-) TimerEvent: {}
[66.835580] (-) TimerEvent: {}
[66.936129] (-) TimerEvent: {}
[67.036627] (-) TimerEvent: {}
[67.137108] (-) TimerEvent: {}
[67.237632] (-) TimerEvent: {}
[67.338225] (-) TimerEvent: {}
[67.438877] (-) TimerEvent: {}
[67.539406] (-) TimerEvent: {}
[67.639890] (-) TimerEvent: {}
[67.740367] (-) TimerEvent: {}
[67.840847] (-) TimerEvent: {}
[67.941332] (-) TimerEvent: {}
[68.041806] (-) TimerEvent: {}
[68.142297] (-) TimerEvent: {}
[68.242769] (-) TimerEvent: {}
[68.343263] (-) TimerEvent: {}
[68.443745] (-) TimerEvent: {}
[68.544217] (-) TimerEvent: {}
[68.644733] (-) TimerEvent: {}
[68.745270] (-) TimerEvent: {}
[68.845845] (-) TimerEvent: {}
[68.946398] (-) TimerEvent: {}
[69.047073] (-) TimerEvent: {}
[69.147709] (-) TimerEvent: {}
[69.248254] (-) TimerEvent: {}
[69.348750] (-) TimerEvent: {}
[69.449231] (-) TimerEvent: {}
[69.549745] (-) TimerEvent: {}
[69.643810] (rslidar_sdk) StdoutLine: {'line': b'[100%] \x1b[1m\x1b[32mLinking CXX executable rslidar_sdk_node\x1b[0m\n'}
[69.649879] (-) TimerEvent: {}
[69.750376] (-) TimerEvent: {}
[69.850860] (-) TimerEvent: {}
[69.951343] (-) TimerEvent: {}
[70.051813] (-) TimerEvent: {}
[70.152323] (-) TimerEvent: {}
[70.252805] (-) TimerEvent: {}
[70.306420] (rslidar_sdk) StdoutLine: {'line': b'[100%] Built target rslidar_sdk_node\n'}
[70.325340] (rslidar_sdk) CommandEnded: {'returncode': 0}
[70.329809] (rslidar_sdk) JobProgress: {'identifier': 'rslidar_sdk', 'progress': 'install'}
[70.331377] (rslidar_sdk) Command: {'cmd': ['/usr/bin/cmake', '--install', '/home/ph/ws/helios16p_ws/build/rslidar_sdk'], 'cwd': '/home/ph/ws/helios16p_ws/build/rslidar_sdk', 'env': OrderedDict([('LESSOPEN', '| /usr/bin/lesspipe %s'), ('LANGUAGE', 'en_US'), ('USER', 'ph'), ('LC_TIME', 'it_IT.UTF-8'), ('XDG_SEAT', 'seat0'), ('XDG_SESSION_TYPE', 'x11'), ('SHLVL', '1'), ('LD_LIBRARY_PATH', '/home/ph/ws/helios16p_ws/install/rslidar_msg/lib:/usr/lib/x86_64-linux-gnu/gazebo-11/plugins:/opt/ros/humble/opt/rviz_ogre_vendor/lib:/opt/ros/humble/lib/x86_64-linux-gnu:/opt/ros/humble/lib'), ('HOME', '/home/ph'), ('OLDPWD', '/home/ph'), ('DESKTOP_SESSION', 'i3'), ('NVM_BIN', '/home/ph/.nvm/versions/node/v18.20.8/bin'), ('NVM_INC', '/home/ph/.nvm/versions/node/v18.20.8/include/node'), ('ROS_PYTHON_VERSION', '3'), ('GTK_MODULES', 'gail:atk-bridge'), ('XDG_SEAT_PATH', '/org/freedesktop/DisplayManager/Seat0'), ('LC_MONETARY', 'it_IT.UTF-8'), ('DBUS_SESSION_BUS_ADDRESS', 'unix:path=/run/user/1000/bus'), ('NVM_DIR', '/home/ph/.nvm'), ('_colcon_cd_root', '/opt/ros/humble/'), ('ROS_DISTRO', 'humble'), ('GTK_IM_MODULE', 'ibus'), ('LOGNAME', 'ph'), ('WINDOWID', '50331680'), ('_', '/usr/bin/colcon'), ('ROS_VERSION', '2'), ('XTERM_SHELL', '/bin/bash'), ('XDG_SESSION_CLASS', 'user'), ('TERM', 'xterm'), ('XDG_SESSION_ID', 'c2'), ('ROS_LOCALHOST_ONLY', '0'), ('PATH', '/home/ph/.nvm/versions/node/v18.20.8/bin:/home/ph/.local/bin:/opt/ros/humble/bin:/home/ph/.local/bin:/usr/local/sbin:/usr/local/bin:/usr/sbin:/usr/bin:/sbin:/bin:/usr/games:/usr/local/games:/snap/bin'), ('GDM_LANG', 'en_US'), ('XDG_SESSION_PATH', '/org/freedesktop/DisplayManager/Session0'), ('LC_ADDRESS', 'it_IT.UTF-8'), ('XDG_RUNTIME_DIR', '/run/user/1000'), ('DISPLAY', ':0'), ('LANG', 'en_US.UTF-8'), ('XDG_CURRENT_DESKTOP', 'i3'), ('LC_TELEPHONE', 'it_IT.UTF-8'), ('XMODIFIERS', '@im=ibus'), ('XDG_SESSION_DESKTOP', 'i3'), ('XAUTHORITY', '/home/ph/.Xauthority'), ('LS_COLORS', 'rs=0:di=01;34:ln=01;36:mh=00:pi=40;33:so=01;35:do=01;35:bd=40;33;01:cd=40;33;01:or=40;31;01:mi=00:su=37;41:sg=30;43:ca=30;41:tw=30;42:ow=34;42:st=37;44:ex=01;32:*.tar=01;31:*.tgz=01;31:*.arc=01;31:*.arj=01;31:*.taz=01;31:*.lha=01;31:*.lz4=01;31:*.lzh=01;31:*.lzma=01;31:*.tlz=01;31:*.txz=01;31:*.tzo=01;31:*.t7z=01;31:*.zip=01;31:*.z=01;31:*.dz=01;31:*.gz=01;31:*.lrz=01;31:*.lz=01;31:*.lzo=01;31:*.xz=01;31:*.zst=01;31:*.tzst=01;31:*.bz2=01;31:*.bz=01;31:*.tbz=01;31:*.tbz2=01;31:*.tz=01;31:*.deb=01;31:*.rpm=01;31:*.jar=01;31:*.war=01;31:*.ear=01;31:*.sar=01;31:*.rar=01;31:*.alz=01;31:*.ace=01;31:*.zoo=01;31:*.cpio=01;31:*.7z=01;31:*.rz=01;31:*.cab=01;31:*.wim=01;31:*.swm=01;31:*.dwm=01;31:*.esd=01;31:*.jpg=01;35:*.jpeg=01;35:*.mjpg=01;35:*.mjpeg=01;35:*.gif=01;35:*.bmp=01;35:*.pbm=01;35:*.pgm=01;35:*.ppm=01;35:*.tga=01;35:*.xbm=01;35:*.xpm=01;35:*.tif=01;35:*.tiff=01;35:*.png=01;35:*.svg=01;35:*.svgz=01;35:*.mng=01;35:*.pcx=01;35:*.mov=01;35:*.mpg=01;35:*.mpeg=01;35:*.m2v=01;35:*.mkv=01;35:*.webm=01;35:*.webp=01;35:*.ogm=01;35:*.mp4=01;35:*.m4v=01;35:*.mp4v=01;35:*.vob=01;35:*.qt=01;35:*.nuv=01;35:*.wmv=01;35:*.asf=01;35:*.rm=01;35:*.rmvb=01;35:*.flc=01;35:*.avi=01;35:*.fli=01;35:*.flv=01;35:*.gl=01;35:*.dl=01;35:*.xcf=01;35:*.xwd=01;35:*.yuv=01;35:*.cgm=01;35:*.emf=01;35:*.ogv=01;35:*.ogx=01;35:*.aac=00;36:*.au=00;36:*.flac=00;36:*.m4a=00;36:*.mid=00;36:*.midi=00;36:*.mka=00;36:*.mp3=00;36:*.mpc=00;36:*.ogg=00;36:*.ra=00;36:*.wav=00;36:*.oga=00;36:*.opus=00;36:*.spx=00;36:*.xspf=00;36:'), ('ROS_DOMAIN_ID', '2'), ('XDG_GREETER_DATA_DIR', '/var/lib/lightdm-data/ph'), ('AMENT_PREFIX_PATH', '/home/ph/ws/helios16p_ws/install/rslidar_msg:/opt/ros/humble'), ('SHELL', '/bin/bash'), ('CMAKE_POLICY_VERSION_MINIMUM', '3.5'), ('LC_NAME', 'it_IT.UTF-8'), ('QT_ACCESSIBILITY', '1'), ('GDMSESSION', 'i3'), ('LESSCLOSE', '/usr/bin/lesspipe %s %s'), ('LC_MEASUREMENT', 'it_IT.UTF-8'), ('GPG_AGENT_INFO', '/run/user/1000/gnupg/S.gpg-agent:0:1'), ('LC_IDENTIFICATION', 'it_IT.UTF-8'), ('QT_IM_MODULE', 'ibus'), ('XDG_VTNR', '7'), ('GPG_TTY', '/dev/pts/3'), ('PWD', '/home/ph/ws/helios16p_ws/build/rslidar_sdk'), ('LC_ALL', 'en_US.UTF-8'), ('XDG_CONFIG_DIRS', '/etc/xdg/xdg-i3:/etc/xdg'), ('XTERM_LOCALE', 'en_US.UTF-8'), ('CLUTTER_IM_MODULE', 'ibus'), ('NVM_CD_FLAGS', ''), ('XDG_DATA_DIRS', '/usr/share/i3:/usr/share/gnome:/usr/local/share/:/usr/share/'), ('XTERM_VERSION', 'XTerm(372)'), ('PYTHONPATH', '/home/ph/ws/helios16p_ws/install/rslidar_msg/local/lib/python3.10/dist-packages:/opt/ros/humble/lib/python3.10/site-packages:/opt/ros/humble/local/lib/python3.10/dist-packages'), ('LC_NUMERIC', 'it_IT.UTF-8'), ('I3SOCK', '/run/user/1000/i3/ipc-socket.2193'), ('LC_PAPER', 'it_IT.UTF-8'), ('COLCON', '1'), ('CMAKE_PREFIX_PATH', '/home/ph/ws/helios16p_ws/install/rslidar_msg:/opt/ros/humble')]), 'shell': False}
[70.345718] (rslidar_sdk) StdoutLine: {'line': b'-- Install configuration: "Release"\n'}
[70.348979] (rslidar_sdk) StdoutLine: {'line': b'-- Installing: /home/ph/ws/helios16p_ws/install/rslidar_sdk/lib/rslidar_sdk/rslidar_sdk_node\n'}
[70.352951] (-) TimerEvent: {}
[70.355274] (rslidar_sdk) StdoutLine: {'line': b'-- Set non-toolchain portion of runtime path of "/home/ph/ws/helios16p_ws/install/rslidar_sdk/lib/rslidar_sdk/rslidar_sdk_node" to ""\n'}
[70.355889] (rslidar_sdk) StdoutLine: {'line': b'-- Installing: /home/ph/ws/helios16p_ws/install/rslidar_sdk/share/rslidar_sdk/launch\n'}
[70.356780] (rslidar_sdk) StdoutLine: {'line': b'-- Installing: /home/ph/ws/helios16p_ws/install/rslidar_sdk/share/rslidar_sdk/launch/humble_start.py\n'}
[70.357566] (rslidar_sdk) StdoutLine: {'line': b'-- Installing: /home/ph/ws/helios16p_ws/install/rslidar_sdk/share/rslidar_sdk/launch/start.launch\n'}
[70.358319] (rslidar_sdk) StdoutLine: {'line': b'-- Installing: /home/ph/ws/helios16p_ws/install/rslidar_sdk/share/rslidar_sdk/launch/elequent_start.py\n'}
[70.359039] (rslidar_sdk) StdoutLine: {'line': b'-- Installing: /home/ph/ws/helios16p_ws/install/rslidar_sdk/share/rslidar_sdk/launch/start.py\n'}
[70.359655] (rslidar_sdk) StdoutLine: {'line': b'-- Installing: /home/ph/ws/helios16p_ws/install/rslidar_sdk/share/rslidar_sdk/rviz\n'}
[70.360108] (rslidar_sdk) StdoutLine: {'line': b'-- Installing: /home/ph/ws/helios16p_ws/install/rslidar_sdk/share/rslidar_sdk/rviz/rviz.rviz\n'}
[70.360877] (rslidar_sdk) StdoutLine: {'line': b'-- Installing: /home/ph/ws/helios16p_ws/install/rslidar_sdk/share/rslidar_sdk/rviz/rviz2.rviz\n'}
[70.362157] (rslidar_sdk) StdoutLine: {'line': b'-- Installing: /home/ph/ws/helios16p_ws/install/rslidar_sdk/share/ament_index/resource_index/package_run_dependencies/rslidar_sdk\n'}
[70.363126] (rslidar_sdk) StdoutLine: {'line': b'-- Installing: /home/ph/ws/helios16p_ws/install/rslidar_sdk/share/ament_index/resource_index/parent_prefix_path/rslidar_sdk\n'}
[70.364074] (rslidar_sdk) StdoutLine: {'line': b'-- Installing: /home/ph/ws/helios16p_ws/install/rslidar_sdk/share/rslidar_sdk/environment/ament_prefix_path.sh\n'}
[70.365059] (rslidar_sdk) StdoutLine: {'line': b'-- Installing: /home/ph/ws/helios16p_ws/install/rslidar_sdk/share/rslidar_sdk/environment/ament_prefix_path.dsv\n'}
[70.365827] (rslidar_sdk) StdoutLine: {'line': b'-- Installing: /home/ph/ws/helios16p_ws/install/rslidar_sdk/share/rslidar_sdk/environment/path.sh\n'}
[70.366744] (rslidar_sdk) StdoutLine: {'line': b'-- Installing: /home/ph/ws/helios16p_ws/install/rslidar_sdk/share/rslidar_sdk/environment/path.dsv\n'}
[70.367565] (rslidar_sdk) StdoutLine: {'line': b'-- Installing: /home/ph/ws/helios16p_ws/install/rslidar_sdk/share/rslidar_sdk/local_setup.bash\n'}
[70.368415] (rslidar_sdk) StdoutLine: {'line': b'-- Installing: /home/ph/ws/helios16p_ws/install/rslidar_sdk/share/rslidar_sdk/local_setup.sh\n'}
[70.369062] (rslidar_sdk) StdoutLine: {'line': b'-- Installing: /home/ph/ws/helios16p_ws/install/rslidar_sdk/share/rslidar_sdk/local_setup.zsh\n'}
[70.369689] (rslidar_sdk) StdoutLine: {'line': b'-- Installing: /home/ph/ws/helios16p_ws/install/rslidar_sdk/share/rslidar_sdk/local_setup.dsv\n'}
[70.370427] (rslidar_sdk) StdoutLine: {'line': b'-- Installing: /home/ph/ws/helios16p_ws/install/rslidar_sdk/share/rslidar_sdk/package.dsv\n'}
[70.371322] (rslidar_sdk) StdoutLine: {'line': b'-- Installing: /home/ph/ws/helios16p_ws/install/rslidar_sdk/share/ament_index/resource_index/packages/rslidar_sdk\n'}
[70.371892] (rslidar_sdk) StdoutLine: {'line': b'-- Installing: /home/ph/ws/helios16p_ws/install/rslidar_sdk/share/rslidar_sdk/cmake/rslidar_sdkConfig.cmake\n'}
[70.372608] (rslidar_sdk) StdoutLine: {'line': b'-- Installing: /home/ph/ws/helios16p_ws/install/rslidar_sdk/share/rslidar_sdk/cmake/rslidar_sdkConfig-version.cmake\n'}
[70.373279] (rslidar_sdk) StdoutLine: {'line': b'-- Installing: /home/ph/ws/helios16p_ws/install/rslidar_sdk/share/rslidar_sdk/package.xml\n'}
[70.377845] (rslidar_sdk) CommandEnded: {'returncode': 0}
[70.417414] (rslidar_sdk) JobEnded: {'identifier': 'rslidar_sdk', 'rc': 0}
[70.453093] (-) TimerEvent: {}
[70.553612] (-) TimerEvent: {}
[70.654158] (-) TimerEvent: {}
[70.754698] (-) TimerEvent: {}
[70.855217] (-) TimerEvent: {}
[70.955785] (-) TimerEvent: {}
[71.056372] (-) TimerEvent: {}
[71.156984] (-) TimerEvent: {}
[71.257600] (-) TimerEvent: {}
[71.358182] (-) TimerEvent: {}
[71.458754] (-) TimerEvent: {}
[71.559212] (-) TimerEvent: {}
[71.659685] (-) TimerEvent: {}
[71.760143] (-) TimerEvent: {}
[71.860680] (-) TimerEvent: {}
[71.961137] (-) TimerEvent: {}
[72.061608] (-) TimerEvent: {}
[72.162055] (-) TimerEvent: {}
[72.262605] (-) TimerEvent: {}
[72.363115] (-) TimerEvent: {}
[72.463598] (-) TimerEvent: {}
[72.564050] (-) TimerEvent: {}
[72.664518] (-) TimerEvent: {}
[72.764960] (-) TimerEvent: {}
[72.865444] (-) TimerEvent: {}
[72.965902] (-) TimerEvent: {}
[73.066348] (-) TimerEvent: {}
[73.166808] (-) TimerEvent: {}
[73.267278] (-) TimerEvent: {}
[73.367730] (-) TimerEvent: {}
[73.468194] (-) TimerEvent: {}
[73.568737] (-) TimerEvent: {}
[73.669298] (-) TimerEvent: {}
[73.769831] (-) TimerEvent: {}
[73.870325] (-) TimerEvent: {}
[73.970831] (-) TimerEvent: {}
[74.071403] (-) TimerEvent: {}
[74.171978] (-) TimerEvent: {}
[74.272593] (-) TimerEvent: {}
[74.373204] (-) TimerEvent: {}
[74.473846] (-) TimerEvent: {}
[74.574447] (-) TimerEvent: {}
[74.675041] (-) TimerEvent: {}
[74.775648] (-) TimerEvent: {}
[74.876270] (-) TimerEvent: {}
[74.976874] (-) TimerEvent: {}
[75.077451] (-) TimerEvent: {}
[75.178062] (-) TimerEvent: {}
[75.278666] (-) TimerEvent: {}
[75.379265] (-) TimerEvent: {}
[75.479850] (-) TimerEvent: {}
[75.580445] (-) TimerEvent: {}
[75.681011] (-) TimerEvent: {}
[75.781602] (-) TimerEvent: {}
[75.882194] (-) TimerEvent: {}
[75.982803] (-) TimerEvent: {}
[76.083375] (-) TimerEvent: {}
[76.183943] (-) TimerEvent: {}
[76.284525] (-) TimerEvent: {}
[76.385091] (-) TimerEvent: {}
[76.485676] (-) TimerEvent: {}
[76.586267] (-) TimerEvent: {}
[76.686820] (-) TimerEvent: {}
[76.787377] (-) TimerEvent: {}
[76.887958] (-) TimerEvent: {}
[76.988718] (-) TimerEvent: {}
[77.089370] (-) TimerEvent: {}
[77.189959] (-) TimerEvent: {}
[77.290546] (-) TimerEvent: {}
[77.391113] (-) TimerEvent: {}
[77.491735] (-) TimerEvent: {}
[77.592322] (-) TimerEvent: {}
[77.692878] (-) TimerEvent: {}
[77.793454] (-) TimerEvent: {}
[77.893971] (-) TimerEvent: {}
[77.994466] (-) TimerEvent: {}
[78.094930] (-) TimerEvent: {}
[78.195407] (-) TimerEvent: {}
[78.295868] (-) TimerEvent: {}
[78.396341] (-) TimerEvent: {}
[78.496797] (-) TimerEvent: {}
[78.597274] (-) TimerEvent: {}
[78.697743] (-) TimerEvent: {}
[78.798212] (-) TimerEvent: {}
[78.898722] (-) TimerEvent: {}
[78.999190] (-) TimerEvent: {}
[79.099696] (-) TimerEvent: {}
[79.200177] (-) TimerEvent: {}
[79.300687] (-) TimerEvent: {}
[79.401257] (-) TimerEvent: {}
[79.501733] (-) TimerEvent: {}
[79.602199] (-) TimerEvent: {}
[79.702680] (-) TimerEvent: {}
[79.803128] (-) TimerEvent: {}
[79.903617] (-) TimerEvent: {}
[80.004158] (-) TimerEvent: {}
[80.104756] (-) TimerEvent: {}
[80.205255] (-) TimerEvent: {}
[80.305794] (-) TimerEvent: {}
[80.406292] (-) TimerEvent: {}
[80.506755] (-) TimerEvent: {}
[80.607212] (-) TimerEvent: {}
[80.707705] (-) TimerEvent: {}
[80.808170] (-) TimerEvent: {}
[80.908656] (-) TimerEvent: {}
[81.009127] (-) TimerEvent: {}
[81.109599] (-) TimerEvent: {}
[81.210052] (-) TimerEvent: {}
[81.310530] (-) TimerEvent: {}
[81.410990] (-) TimerEvent: {}
[81.511491] (-) TimerEvent: {}
[81.612018] (-) TimerEvent: {}
[81.712512] (-) TimerEvent: {}
[81.812970] (-) TimerEvent: {}
[81.913448] (-) TimerEvent: {}
[82.013913] (-) TimerEvent: {}
[82.114372] (-) TimerEvent: {}
[82.214823] (-) TimerEvent: {}
[82.315320] (-) TimerEvent: {}
[82.416387] (-) TimerEvent: {}
[82.516972] (-) TimerEvent: {}
[82.617510] (-) TimerEvent: {}
[82.717965] (-) TimerEvent: {}
[82.818447] (-) TimerEvent: {}
[82.918915] (-) TimerEvent: {}
[83.019345] (-) TimerEvent: {}
[83.119828] (-) TimerEvent: {}
[83.220363] (-) TimerEvent: {}
[83.320838] (-) TimerEvent: {}
[83.421386] (-) TimerEvent: {}
[83.521988] (-) TimerEvent: {}
[83.622614] (-) TimerEvent: {}
[83.723144] (-) TimerEvent: {}
[83.823655] (-) TimerEvent: {}
[83.924174] (-) TimerEvent: {}
[84.024818] (-) TimerEvent: {}
[84.125447] (-) TimerEvent: {}
[84.226059] (-) TimerEvent: {}
[84.326689] (-) TimerEvent: {}
[84.427203] (-) TimerEvent: {}
[84.527719] (-) TimerEvent: {}
[84.628229] (-) TimerEvent: {}
[84.728729] (-) TimerEvent: {}
[84.829210] (-) TimerEvent: {}
[84.929727] (-) TimerEvent: {}
[85.030201] (-) TimerEvent: {}
[85.130744] (-) TimerEvent: {}
[85.231220] (-) TimerEvent: {}
[85.331705] (-) TimerEvent: {}
[85.432168] (-) TimerEvent: {}
[85.532648] (-) TimerEvent: {}
[85.633115] (-) TimerEvent: {}
[85.733616] (-) TimerEvent: {}
[85.834106] (-) TimerEvent: {}
[85.934619] (-) TimerEvent: {}
[86.035075] (-) TimerEvent: {}
[86.135553] (-) TimerEvent: {}
[86.235997] (-) TimerEvent: {}
[86.336488] (-) TimerEvent: {}
[86.436949] (-) TimerEvent: {}
[86.537443] (-) TimerEvent: {}
[86.637911] (-) TimerEvent: {}
[86.738367] (-) TimerEvent: {}
[86.838816] (-) TimerEvent: {}
[86.939304] (-) TimerEvent: {}
[87.039763] (-) TimerEvent: {}
[87.140230] (-) TimerEvent: {}
[87.240705] (-) TimerEvent: {}
[87.341178] (-) TimerEvent: {}
[87.441679] (-) TimerEvent: {}
[87.542176] (-) TimerEvent: {}
[87.642768] (-) TimerEvent: {}
[87.743284] (-) TimerEvent: {}
[87.843968] (-) TimerEvent: {}
[87.944558] (-) TimerEvent: {}
[88.045050] (-) TimerEvent: {}
[88.145567] (-) TimerEvent: {}
[88.246057] (-) TimerEvent: {}
[88.346610] (-) TimerEvent: {}
[88.447159] (-) TimerEvent: {}
[88.547658] (-) TimerEvent: {}
[88.648137] (-) TimerEvent: {}
[88.748617] (-) TimerEvent: {}
[88.849076] (-) TimerEvent: {}
[88.949570] (-) TimerEvent: {}
[89.050038] (-) TimerEvent: {}
[89.150531] (-) TimerEvent: {}
[89.251005] (-) TimerEvent: {}
[89.351504] (-) TimerEvent: {}
[89.451968] (-) TimerEvent: {}
[89.552485] (-) TimerEvent: {}
[89.653069] (-) TimerEvent: {}
[89.753677] (-) TimerEvent: {}
[89.854304] (-) TimerEvent: {}
[89.955005] (-) TimerEvent: {}
[90.055606] (-) TimerEvent: {}
[90.156178] (-) TimerEvent: {}
[90.256771] (-) TimerEvent: {}
[90.357285] (-) TimerEvent: {}
[90.457762] (-) TimerEvent: {}
[90.558234] (-) TimerEvent: {}
[90.658737] (-) TimerEvent: {}
[90.759222] (-) TimerEvent: {}
[90.859796] (-) TimerEvent: {}
[90.960282] (-) TimerEvent: {}
[91.060757] (-) TimerEvent: {}
[91.161288] (-) TimerEvent: {}
[91.261780] (-) TimerEvent: {}
[91.362293] (-) TimerEvent: {}
[91.462769] (-) TimerEvent: {}
[91.563270] (-) TimerEvent: {}
[91.663780] (-) TimerEvent: {}
[91.764328] (-) TimerEvent: {}
[91.864806] (-) TimerEvent: {}
[91.965312] (-) TimerEvent: {}
[92.065771] (-) TimerEvent: {}
[92.166273] (-) TimerEvent: {}
[92.266734] (-) TimerEvent: {}
[92.367197] (-) TimerEvent: {}
[92.467672] (-) TimerEvent: {}
[92.568134] (-) TimerEvent: {}
[92.668612] (-) TimerEvent: {}
[92.769078] (-) TimerEvent: {}
[92.869570] (-) TimerEvent: {}
[92.970084] (-) TimerEvent: {}
[93.070594] (-) TimerEvent: {}
[93.171162] (-) TimerEvent: {}
[93.271715] (-) TimerEvent: {}
[93.372189] (-) TimerEvent: {}
[93.472683] (-) TimerEvent: {}
[93.573223] (-) TimerEvent: {}
[93.673714] (-) TimerEvent: {}
[93.774181] (-) TimerEvent: {}
[93.874678] (-) TimerEvent: {}
[93.975156] (-) TimerEvent: {}
[94.075692] (-) TimerEvent: {}
[94.176159] (-) TimerEvent: {}
[94.276674] (-) TimerEvent: {}
[94.377157] (-) TimerEvent: {}
[94.477641] (-) TimerEvent: {}
[94.578113] (-) TimerEvent: {}
[94.678595] (-) TimerEvent: {}
[94.779117] (-) TimerEvent: {}
[94.879708] (-) TimerEvent: {}
[94.980717] (-) TimerEvent: {}
[95.081318] (-) TimerEvent: {}
[95.181918] (-) TimerEvent: {}
[95.282448] (-) TimerEvent: {}
[95.314130] (kiss_icp) StdoutLine: {'line': b'[100%] \x1b[1m\x1b[32mLinking CXX shared library libodometry_component.so\x1b[0m\n'}
[95.382584] (-) TimerEvent: {}
[95.483756] (-) TimerEvent: {}
[95.584387] (-) TimerEvent: {}
[95.685046] (-) TimerEvent: {}
[95.785582] (-) TimerEvent: {}
[95.886138] (-) TimerEvent: {}
[95.969171] (kiss_icp) StdoutLine: {'line': b'[100%] Built target odometry_component\n'}
[95.986400] (-) TimerEvent: {}
[95.987215] (kiss_icp) CommandEnded: {'returncode': 0}
[95.992125] (kiss_icp) JobProgress: {'identifier': 'kiss_icp', 'progress': 'install'}
[95.993780] (kiss_icp) Command: {'cmd': ['/usr/bin/cmake', '--install', '/home/ph/ws/helios16p_ws/build/kiss_icp'], 'cwd': '/home/ph/ws/helios16p_ws/build/kiss_icp', 'env': OrderedDict([('LESSOPEN', '| /usr/bin/lesspipe %s'), ('LANGUAGE', 'en_US'), ('USER', 'ph'), ('LC_TIME', 'it_IT.UTF-8'), ('XDG_SEAT', 'seat0'), ('XDG_SESSION_TYPE', 'x11'), ('SHLVL', '1'), ('LD_LIBRARY_PATH', '/usr/lib/x86_64-linux-gnu/gazebo-11/plugins:/opt/ros/humble/opt/rviz_ogre_vendor/lib:/opt/ros/humble/lib/x86_64-linux-gnu:/opt/ros/humble/lib'), ('HOME', '/home/ph'), ('OLDPWD', '/home/ph'), ('DESKTOP_SESSION', 'i3'), ('NVM_BIN', '/home/ph/.nvm/versions/node/v18.20.8/bin'), ('NVM_INC', '/home/ph/.nvm/versions/node/v18.20.8/include/node'), ('ROS_PYTHON_VERSION', '3'), ('GTK_MODULES', 'gail:atk-bridge'), ('XDG_SEAT_PATH', '/org/freedesktop/DisplayManager/Seat0'), ('LC_MONETARY', 'it_IT.UTF-8'), ('DBUS_SESSION_BUS_ADDRESS', 'unix:path=/run/user/1000/bus'), ('NVM_DIR', '/home/ph/.nvm'), ('_colcon_cd_root', '/opt/ros/humble/'), ('ROS_DISTRO', 'humble'), ('GTK_IM_MODULE', 'ibus'), ('LOGNAME', 'ph'), ('WINDOWID', '50331680'), ('_', '/usr/bin/colcon'), ('ROS_VERSION', '2'), ('XTERM_SHELL', '/bin/bash'), ('XDG_SESSION_CLASS', 'user'), ('TERM', 'xterm'), ('XDG_SESSION_ID', 'c2'), ('ROS_LOCALHOST_ONLY', '0'), ('PATH', '/home/ph/.nvm/versions/node/v18.20.8/bin:/home/ph/.local/bin:/opt/ros/humble/bin:/home/ph/.local/bin:/usr/local/sbin:/usr/local/bin:/usr/sbin:/usr/bin:/sbin:/bin:/usr/games:/usr/local/games:/snap/bin'), ('GDM_LANG', 'en_US'), ('XDG_SESSION_PATH', '/org/freedesktop/DisplayManager/Session0'), ('LC_ADDRESS', 'it_IT.UTF-8'), ('XDG_RUNTIME_DIR', '/run/user/1000'), ('DISPLAY', ':0'), ('LANG', 'en_US.UTF-8'), ('XDG_CURRENT_DESKTOP', 'i3'), ('LC_TELEPHONE', 'it_IT.UTF-8'), ('XMODIFIERS', '@im=ibus'), ('XDG_SESSION_DESKTOP', 'i3'), ('XAUTHORITY', '/home/ph/.Xauthority'), ('LS_COLORS', 'rs=0:di=01;34:ln=01;36:mh=00:pi=40;33:so=01;35:do=01;35:bd=40;33;01:cd=40;33;01:or=40;31;01:mi=00:su=37;41:sg=30;43:ca=30;41:tw=30;42:ow=34;42:st=37;44:ex=01;32:*.tar=01;31:*.tgz=01;31:*.arc=01;31:*.arj=01;31:*.taz=01;31:*.lha=01;31:*.lz4=01;31:*.lzh=01;31:*.lzma=01;31:*.tlz=01;31:*.txz=01;31:*.tzo=01;31:*.t7z=01;31:*.zip=01;31:*.z=01;31:*.dz=01;31:*.gz=01;31:*.lrz=01;31:*.lz=01;31:*.lzo=01;31:*.xz=01;31:*.zst=01;31:*.tzst=01;31:*.bz2=01;31:*.bz=01;31:*.tbz=01;31:*.tbz2=01;31:*.tz=01;31:*.deb=01;31:*.rpm=01;31:*.jar=01;31:*.war=01;31:*.ear=01;31:*.sar=01;31:*.rar=01;31:*.alz=01;31:*.ace=01;31:*.zoo=01;31:*.cpio=01;31:*.7z=01;31:*.rz=01;31:*.cab=01;31:*.wim=01;31:*.swm=01;31:*.dwm=01;31:*.esd=01;31:*.jpg=01;35:*.jpeg=01;35:*.mjpg=01;35:*.mjpeg=01;35:*.gif=01;35:*.bmp=01;35:*.pbm=01;35:*.pgm=01;35:*.ppm=01;35:*.tga=01;35:*.xbm=01;35:*.xpm=01;35:*.tif=01;35:*.tiff=01;35:*.png=01;35:*.svg=01;35:*.svgz=01;35:*.mng=01;35:*.pcx=01;35:*.mov=01;35:*.mpg=01;35:*.mpeg=01;35:*.m2v=01;35:*.mkv=01;35:*.webm=01;35:*.webp=01;35:*.ogm=01;35:*.mp4=01;35:*.m4v=01;35:*.mp4v=01;35:*.vob=01;35:*.qt=01;35:*.nuv=01;35:*.wmv=01;35:*.asf=01;35:*.rm=01;35:*.rmvb=01;35:*.flc=01;35:*.avi=01;35:*.fli=01;35:*.flv=01;35:*.gl=01;35:*.dl=01;35:*.xcf=01;35:*.xwd=01;35:*.yuv=01;35:*.cgm=01;35:*.emf=01;35:*.ogv=01;35:*.ogx=01;35:*.aac=00;36:*.au=00;36:*.flac=00;36:*.m4a=00;36:*.mid=00;36:*.midi=00;36:*.mka=00;36:*.mp3=00;36:*.mpc=00;36:*.ogg=00;36:*.ra=00;36:*.wav=00;36:*.oga=00;36:*.opus=00;36:*.spx=00;36:*.xspf=00;36:'), ('ROS_DOMAIN_ID', '2'), ('XDG_GREETER_DATA_DIR', '/var/lib/lightdm-data/ph'), ('AMENT_PREFIX_PATH', '/opt/ros/humble'), ('SHELL', '/bin/bash'), ('CMAKE_POLICY_VERSION_MINIMUM', '3.5'), ('LC_NAME', 'it_IT.UTF-8'), ('QT_ACCESSIBILITY', '1'), ('GDMSESSION', 'i3'), ('LESSCLOSE', '/usr/bin/lesspipe %s %s'), ('LC_MEASUREMENT', 'it_IT.UTF-8'), ('GPG_AGENT_INFO', '/run/user/1000/gnupg/S.gpg-agent:0:1'), ('LC_IDENTIFICATION', 'it_IT.UTF-8'), ('QT_IM_MODULE', 'ibus'), ('XDG_VTNR', '7'), ('GPG_TTY', '/dev/pts/3'), ('PWD', '/home/ph/ws/helios16p_ws/build/kiss_icp'), ('LC_ALL', 'en_US.UTF-8'), ('XDG_CONFIG_DIRS', '/etc/xdg/xdg-i3:/etc/xdg'), ('XTERM_LOCALE', 'en_US.UTF-8'), ('CLUTTER_IM_MODULE', 'ibus'), ('NVM_CD_FLAGS', ''), ('XDG_DATA_DIRS', '/usr/share/i3:/usr/share/gnome:/usr/local/share/:/usr/share/'), ('XTERM_VERSION', 'XTerm(372)'), ('PYTHONPATH', '/opt/ros/humble/lib/python3.10/site-packages:/opt/ros/humble/local/lib/python3.10/dist-packages'), ('LC_NUMERIC', 'it_IT.UTF-8'), ('I3SOCK', '/run/user/1000/i3/ipc-socket.2193'), ('LC_PAPER', 'it_IT.UTF-8'), ('COLCON', '1'), ('CMAKE_PREFIX_PATH', '/opt/ros/humble')]), 'shell': False}
[96.005399] (kiss_icp) StdoutLine: {'line': b'-- Install configuration: "Release"\n'}
[96.008525] (kiss_icp) StdoutLine: {'line': b'-- Installing: /home/ph/ws/helios16p_ws/install/kiss_icp/lib/kiss_icp/kiss_icp_node\n'}
[96.009987] (kiss_icp) StdoutLine: {'line': b'-- Set non-toolchain portion of runtime path of "/home/ph/ws/helios16p_ws/install/kiss_icp/lib/kiss_icp/kiss_icp_node" to ""\n'}
[96.010489] (kiss_icp) StdoutLine: {'line': b'-- Installing: /home/ph/ws/helios16p_ws/install/kiss_icp/lib/libodometry_component.so\n'}
[96.017258] (kiss_icp) StdoutLine: {'line': b'-- Set non-toolchain portion of runtime path of "/home/ph/ws/helios16p_ws/install/kiss_icp/lib/libodometry_component.so" to ""\n'}
[96.017722] (kiss_icp) StdoutLine: {'line': b'-- Installing: /home/ph/ws/helios16p_ws/install/kiss_icp/share/kiss_icp//launch\n'}
[96.018208] (kiss_icp) StdoutLine: {'line': b'-- Installing: /home/ph/ws/helios16p_ws/install/kiss_icp/share/kiss_icp//launch/odometry.launch.py\n'}
[96.018951] (kiss_icp) StdoutLine: {'line': b'-- Installing: /home/ph/ws/helios16p_ws/install/kiss_icp/share/kiss_icp//rviz\n'}
[96.019552] (kiss_icp) StdoutLine: {'line': b'-- Installing: /home/ph/ws/helios16p_ws/install/kiss_icp/share/kiss_icp//rviz/kiss_icp.rviz\n'}
[96.020443] (kiss_icp) StdoutLine: {'line': b'-- Installing: /home/ph/ws/helios16p_ws/install/kiss_icp/share/kiss_icp//config\n'}
[96.020817] (kiss_icp) StdoutLine: {'line': b'-- Installing: /home/ph/ws/helios16p_ws/install/kiss_icp/share/kiss_icp//config/config.yaml\n'}
[96.022179] (kiss_icp) StdoutLine: {'line': b'-- Installing: /home/ph/ws/helios16p_ws/install/kiss_icp/share/ament_index/resource_index/package_run_dependencies/kiss_icp\n'}
[96.023357] (kiss_icp) StdoutLine: {'line': b'-- Installing: /home/ph/ws/helios16p_ws/install/kiss_icp/share/ament_index/resource_index/parent_prefix_path/kiss_icp\n'}
[96.024322] (kiss_icp) StdoutLine: {'line': b'-- Installing: /home/ph/ws/helios16p_ws/install/kiss_icp/share/kiss_icp/environment/ament_prefix_path.sh\n'}
[96.024730] (kiss_icp) StdoutLine: {'line': b'-- Installing: /home/ph/ws/helios16p_ws/install/kiss_icp/share/kiss_icp/environment/ament_prefix_path.dsv\n'}
[96.025411] (kiss_icp) StdoutLine: {'line': b'-- Installing: /home/ph/ws/helios16p_ws/install/kiss_icp/share/kiss_icp/environment/path.sh\n'}
[96.025889] (kiss_icp) StdoutLine: {'line': b'-- Installing: /home/ph/ws/helios16p_ws/install/kiss_icp/share/kiss_icp/environment/path.dsv\n'}
[96.026632] (kiss_icp) StdoutLine: {'line': b'-- Installing: /home/ph/ws/helios16p_ws/install/kiss_icp/share/kiss_icp/local_setup.bash\n'}
[96.027722] (kiss_icp) StdoutLine: {'line': b'-- Installing: /home/ph/ws/helios16p_ws/install/kiss_icp/share/kiss_icp/local_setup.sh\n'}
[96.028500] (kiss_icp) StdoutLine: {'line': b'-- Installing: /home/ph/ws/helios16p_ws/install/kiss_icp/share/kiss_icp/local_setup.zsh\n'}
[96.029019] (kiss_icp) StdoutLine: {'line': b'-- Installing: /home/ph/ws/helios16p_ws/install/kiss_icp/share/kiss_icp/local_setup.dsv\n'}
[96.029570] (kiss_icp) StdoutLine: {'line': b'-- Installing: /home/ph/ws/helios16p_ws/install/kiss_icp/share/kiss_icp/package.dsv\n'}
[96.030321] (kiss_icp) StdoutLine: {'line': b'-- Installing: /home/ph/ws/helios16p_ws/install/kiss_icp/share/ament_index/resource_index/packages/kiss_icp\n'}
[96.030931] (kiss_icp) StdoutLine: {'line': b'-- Installing: /home/ph/ws/helios16p_ws/install/kiss_icp/share/ament_index/resource_index/rclcpp_components/kiss_icp\n'}
[96.031878] (kiss_icp) StdoutLine: {'line': b'-- Installing: /home/ph/ws/helios16p_ws/install/kiss_icp/share/kiss_icp/cmake/kiss_icpConfig.cmake\n'}
[96.032463] (kiss_icp) StdoutLine: {'line': b'-- Installing: /home/ph/ws/helios16p_ws/install/kiss_icp/share/kiss_icp/cmake/kiss_icpConfig-version.cmake\n'}
[96.033068] (kiss_icp) StdoutLine: {'line': b'-- Installing: /home/ph/ws/helios16p_ws/install/kiss_icp/share/kiss_icp/package.xml\n'}
[96.037209] (kiss_icp) CommandEnded: {'returncode': 0}
[96.079516] (kiss_icp) JobEnded: {'identifier': 'kiss_icp', 'rc': 0}
[96.081570] (-) EventReactorShutdown: {}
