[1.061s] Invoking command in '/home/admin/bench/lab/STAGING_helios16p_kiss_legged_bench_cyclone_container_files/helios16p_ws/build/vicon_receiver': CMAKE_PREFIX_PATH=${CMAKE_PREFIX_PATH}:/home/admin/bench/lab/helios16p_ws/install/helios16p_cane_robot:/opt/ros/humble /usr/local/bin/cmake /home/admin/bench/lab/STAGING_helios16p_kiss_legged_bench_cyclone_container_files/helios16p_ws/src/vicon_receiver -DCMAKE_INSTALL_PREFIX=/home/admin/bench/lab/STAGING_helios16p_kiss_legged_bench_cyclone_container_files/helios16p_ws/install/vicon_receiver
[1.488s] [0mCMake Deprecation Warning at CMakeLists.txt:1 (cmake_minimum_required):
[1.488s]   Compatibility with CMake < 3.10 will be removed from a future version of
[1.488s]   CMake.
[1.489s] 
[1.489s]   Update the VERSION argument <min> value.  Or, use the <min>...<max> syntax
[1.490s]   to tell CMake that the project requires at least <min> but has been updated
[1.490s]   to work with policies introduced by <max> or earlier.
[1.490s] 
[1.491s] [0m
[1.748s] -- The C compiler identification is GNU 11.4.0
[2.282s] -- The CXX compiler identification is GNU 11.4.0
[2.319s] -- Detecting C compiler ABI info
[2.698s] -- Detecting C compiler ABI info - done
[2.762s] -- Check for working C compiler: /usr/bin/cc - skipped
[2.764s] -- Detecting C compile features
[2.766s] -- Detecting C compile features - done
[2.981s] -- Detecting CXX compiler ABI info
[3.473s] -- Detecting CXX compiler ABI info - done
[3.534s] -- Check for working CXX compiler: /usr/bin/c++ - skipped
[3.535s] -- Detecting CXX compile features
[3.537s] -- Detecting CXX compile features - done
[3.734s] -- Found ament_cmake: 1.3.13 (/opt/ros/humble/share/ament_cmake/cmake)
[4.434s] -- Found Python3: /usr/bin/python3 (found version "3.10.12") found components: Interpreter
[5.051s] -- Found rclcpp: 16.0.15 (/opt/ros/humble/share/rclcpp/cmake)
[5.430s] -- Found rosidl_generator_c: 3.1.7 (/opt/ros/humble/share/rosidl_generator_c/cmake)
[5.485s] -- Found rosidl_adapter: 3.1.7 (/opt/ros/humble/share/rosidl_adapter/cmake)
[5.557s] -- Found rosidl_generator_cpp: 3.1.7 (/opt/ros/humble/share/rosidl_generator_cpp/cmake)
[5.688s] -- Using all available rosidl_typesupport_c: rosidl_typesupport_fastrtps_c;rosidl_typesupport_introspection_c
[5.807s] -- Using all available rosidl_typesupport_cpp: rosidl_typesupport_fastrtps_cpp;rosidl_typesupport_introspection_cpp
[6.213s] -- Found rmw_implementation_cmake: 6.1.2 (/opt/ros/humble/share/rmw_implementation_cmake/cmake)
[6.239s] -- Found rmw_cyclonedds_cpp: 1.3.4 (/opt/ros/humble/share/rmw_cyclonedds_cpp/cmake)
[6.429s] -- Using RMW implementation 'rmw_cyclonedds_cpp' as default
[6.514s] -- Performing Test CMAKE_HAVE_LIBC_PTHREAD
[6.996s] -- Performing Test CMAKE_HAVE_LIBC_PTHREAD - Success
[7.003s] -- Found Threads: TRUE
[7.467s] -- Found geometry_msgs: 4.9.0 (/opt/ros/humble/share/geometry_msgs/cmake)
[7.587s] -- Found tf2: 0.25.16 (/opt/ros/humble/share/tf2/cmake)
[7.699s] -- Found tf2_ros: 0.25.16 (/opt/ros/humble/share/tf2_ros/cmake)
[8.553s] -- Found tf2_geometry_msgs: 0.25.16 (/opt/ros/humble/share/tf2_geometry_msgs/cmake)
[8.718s] -- Found eigen3_cmake_module: 0.1.1 (/opt/ros/humble/share/eigen3_cmake_module/cmake)
[8.726s] -- Found Eigen3: TRUE (found version "3.4.0")
[8.727s] -- Ensuring Eigen3 include directory is part of orocos-kdl CMake target
[9.442s] -- Configuring done (8.1s)
[12.553s] -- Generating done (3.1s)
[12.716s] -- Build files have been written to: /home/admin/bench/lab/STAGING_helios16p_kiss_legged_bench_cyclone_container_files/helios16p_ws/build/vicon_receiver
[12.745s] Invoked command in '/home/admin/bench/lab/STAGING_helios16p_kiss_legged_bench_cyclone_container_files/helios16p_ws/build/vicon_receiver' returned '0': CMAKE_PREFIX_PATH=${CMAKE_PREFIX_PATH}:/home/admin/bench/lab/helios16p_ws/install/helios16p_cane_robot:/opt/ros/humble /usr/local/bin/cmake /home/admin/bench/lab/STAGING_helios16p_kiss_legged_bench_cyclone_container_files/helios16p_ws/src/vicon_receiver -DCMAKE_INSTALL_PREFIX=/home/admin/bench/lab/STAGING_helios16p_kiss_legged_bench_cyclone_container_files/helios16p_ws/install/vicon_receiver
[12.749s] Invoking command in '/home/admin/bench/lab/STAGING_helios16p_kiss_legged_bench_cyclone_container_files/helios16p_ws/build/vicon_receiver': CMAKE_PREFIX_PATH=${CMAKE_PREFIX_PATH}:/home/admin/bench/lab/helios16p_ws/install/helios16p_cane_robot:/opt/ros/humble /usr/local/bin/cmake --build /home/admin/bench/lab/STAGING_helios16p_kiss_legged_bench_cyclone_container_files/helios16p_ws/build/vicon_receiver -- -j8 -l8
[13.116s] [ 66%] [32mBuilding CXX object CMakeFiles/vicon_client.dir/src/publisher.cpp.o[0m
[13.116s] [ 66%] [32mBuilding CXX object CMakeFiles/vicon_client.dir/src/communicator.cpp.o[0m
[155.736s] [01m[K/home/admin/bench/lab/STAGING_helios16p_kiss_legged_bench_cyclone_container_files/helios16p_ws/src/vicon_receiver/src/communicator.cpp:[m[K In member function ‘[01m[Kvoid Communicator::get_frame()[m[K’:
[155.747s] [01m[K/home/admin/bench/lab/STAGING_helios16p_kiss_legged_bench_cyclone_container_files/helios16p_ws/src/vicon_receiver/src/communicator.cpp:153:27:[m[K [01;35m[Kwarning: [m[Kvariable ‘[01m[Kframe_number[m[K’ set but not used [[01;35m[K-Wunused-but-set-variable[m[K]
[155.747s]   153 |     Output_GetFrameNumber [01;35m[Kframe_number[m[K = vicon_client.GetFrameNumber();
[155.748s]       |                           [01;35m[K^~~~~~~~~~~~[m[K
[173.430s] [100%] [1m[32mLinking CXX executable vicon_client[0m
[176.901s] [100%] Built target vicon_client
[177.273s] Invoked command in '/home/admin/bench/lab/STAGING_helios16p_kiss_legged_bench_cyclone_container_files/helios16p_ws/build/vicon_receiver' returned '0': CMAKE_PREFIX_PATH=${CMAKE_PREFIX_PATH}:/home/admin/bench/lab/helios16p_ws/install/helios16p_cane_robot:/opt/ros/humble /usr/local/bin/cmake --build /home/admin/bench/lab/STAGING_helios16p_kiss_legged_bench_cyclone_container_files/helios16p_ws/build/vicon_receiver -- -j8 -l8
[177.482s] Invoking command in '/home/admin/bench/lab/STAGING_helios16p_kiss_legged_bench_cyclone_container_files/helios16p_ws/build/vicon_receiver': CMAKE_PREFIX_PATH=${CMAKE_PREFIX_PATH}:/home/admin/bench/lab/helios16p_ws/install/helios16p_cane_robot:/opt/ros/humble /usr/local/bin/cmake --install /home/admin/bench/lab/STAGING_helios16p_kiss_legged_bench_cyclone_container_files/helios16p_ws/build/vicon_receiver
[178.818s] -- Install configuration: ""
[178.819s] -- Installing: /home/admin/bench/lab/STAGING_helios16p_kiss_legged_bench_cyclone_container_files/helios16p_ws/install/vicon_receiver/include
[178.825s] -- Installing: /home/admin/bench/lab/STAGING_helios16p_kiss_legged_bench_cyclone_container_files/helios16p_ws/install/vicon_receiver/include/boost
[178.826s] -- Installing: /home/admin/bench/lab/STAGING_helios16p_kiss_legged_bench_cyclone_container_files/helios16p_ws/install/vicon_receiver/include/boost/thread.hpp
[178.828s] -- Installing: /home/admin/bench/lab/STAGING_helios16p_kiss_legged_bench_cyclone_container_files/helios16p_ws/install/vicon_receiver/include/boost/asio.hpp
[178.835s] -- Installing: /home/admin/bench/lab/STAGING_helios16p_kiss_legged_bench_cyclone_container_files/helios16p_ws/install/vicon_receiver/include/boost/asio
[178.849s] -- Installing: /home/admin/bench/lab/STAGING_helios16p_kiss_legged_bench_cyclone_container_files/helios16p_ws/install/vicon_receiver/include/boost/asio/executor_work_guard.hpp
[178.853s] -- Installing: /home/admin/bench/lab/STAGING_helios16p_kiss_legged_bench_cyclone_container_files/helios16p_ws/install/vicon_receiver/include/boost/asio/basic_streambuf.hpp
[178.864s] -- Installing: /home/admin/bench/lab/STAGING_helios16p_kiss_legged_bench_cyclone_container_files/helios16p_ws/install/vicon_receiver/include/boost/asio/handler_continuation_hook.hpp
[178.865s] -- Installing: /home/admin/bench/lab/STAGING_helios16p_kiss_legged_bench_cyclone_container_files/helios16p_ws/install/vicon_receiver/include/boost/asio/compose.hpp
[178.865s] -- Installing: /home/admin/bench/lab/STAGING_helios16p_kiss_legged_bench_cyclone_container_files/helios16p_ws/install/vicon_receiver/include/boost/asio/post.hpp
[178.866s] -- Installing: /home/admin/bench/lab/STAGING_helios16p_kiss_legged_bench_cyclone_container_files/helios16p_ws/install/vicon_receiver/include/boost/asio/static_thread_pool.hpp
[178.868s] -- Installing: /home/admin/bench/lab/STAGING_helios16p_kiss_legged_bench_cyclone_container_files/helios16p_ws/install/vicon_receiver/include/boost/asio/system_executor.hpp
[178.884s] -- Installing: /home/admin/bench/lab/STAGING_helios16p_kiss_legged_bench_cyclone_container_files/helios16p_ws/install/vicon_receiver/include/boost/asio/streambuf.hpp
[178.884s] -- Installing: /home/admin/bench/lab/STAGING_helios16p_kiss_legged_bench_cyclone_container_files/helios16p_ws/install/vicon_receiver/include/boost/asio/basic_socket_iostream.hpp
[178.885s] -- Installing: /home/admin/bench/lab/STAGING_helios16p_kiss_legged_bench_cyclone_container_files/helios16p_ws/install/vicon_receiver/include/boost/asio/async_result.hpp
[178.885s] -- Installing: /home/admin/bench/lab/STAGING_helios16p_kiss_legged_bench_cyclone_container_files/helios16p_ws/install/vicon_receiver/include/boost/asio/use_awaitable.hpp
[178.885s] -- Installing: /home/admin/bench/lab/STAGING_helios16p_kiss_legged_bench_cyclone_container_files/helios16p_ws/install/vicon_receiver/include/boost/asio/detail
[178.897s] -- Installing: /home/admin/bench/lab/STAGING_helios16p_kiss_legged_bench_cyclone_container_files/helios16p_ws/install/vicon_receiver/include/boost/asio/detail/object_pool.hpp
[178.902s] -- Installing: /home/admin/bench/lab/STAGING_helios16p_kiss_legged_bench_cyclone_container_files/helios16p_ws/install/vicon_receiver/include/boost/asio/detail/thread.hpp
[178.904s] -- Installing: /home/admin/bench/lab/STAGING_helios16p_kiss_legged_bench_cyclone_container_files/helios16p_ws/install/vicon_receiver/include/boost/asio/detail/dependent_type.hpp
[178.907s] -- Installing: /home/admin/bench/lab/STAGING_helios16p_kiss_legged_bench_cyclone_container_files/helios16p_ws/install/vicon_receiver/include/boost/asio/detail/win_global.hpp
[178.937s] -- Installing: /home/admin/bench/lab/STAGING_helios16p_kiss_legged_bench_cyclone_container_files/helios16p_ws/install/vicon_receiver/include/boost/asio/detail/win_mutex.hpp
[178.939s] -- Installing: /home/admin/bench/lab/STAGING_helios16p_kiss_legged_bench_cyclone_container_files/helios16p_ws/install/vicon_receiver/include/boost/asio/detail/timer_queue_ptime.hpp
[178.943s] -- Installing: /home/admin/bench/lab/STAGING_helios16p_kiss_legged_bench_cyclone_container_files/helios16p_ws/install/vicon_receiver/include/boost/asio/detail/win_iocp_handle_service.hpp
[178.948s] -- Installing: /home/admin/bench/lab/STAGING_helios16p_kiss_legged_bench_cyclone_container_files/helios16p_ws/install/vicon_receiver/include/boost/asio/detail/reactor_fwd.hpp
[178.952s] -- Installing: /home/admin/bench/lab/STAGING_helios16p_kiss_legged_bench_cyclone_container_files/helios16p_ws/install/vicon_receiver/include/boost/asio/detail/mutex.hpp
[178.956s] -- Installing: /home/admin/bench/lab/STAGING_helios16p_kiss_legged_bench_cyclone_container_files/helios16p_ws/install/vicon_receiver/include/boost/asio/detail/win_iocp_socket_send_op.hpp
[178.956s] -- Installing: /home/admin/bench/lab/STAGING_helios16p_kiss_legged_bench_cyclone_container_files/helios16p_ws/install/vicon_receiver/include/boost/asio/detail/scheduler.hpp
[178.964s] -- Installing: /home/admin/bench/lab/STAGING_helios16p_kiss_legged_bench_cyclone_container_files/helios16p_ws/install/vicon_receiver/include/boost/asio/detail/chrono_time_traits.hpp
[178.965s] -- Installing: /home/admin/bench/lab/STAGING_helios16p_kiss_legged_bench_cyclone_container_files/helios16p_ws/install/vicon_receiver/include/boost/asio/detail/static_mutex.hpp
[178.965s] -- Installing: /home/admin/bench/lab/STAGING_helios16p_kiss_legged_bench_cyclone_container_files/helios16p_ws/install/vicon_receiver/include/boost/asio/detail/win_iocp_socket_recvfrom_op.hpp
[178.992s] -- Installing: /home/admin/bench/lab/STAGING_helios16p_kiss_legged_bench_cyclone_container_files/helios16p_ws/install/vicon_receiver/include/boost/asio/detail/reactive_socket_service.hpp
[178.993s] -- Installing: /home/admin/bench/lab/STAGING_helios16p_kiss_legged_bench_cyclone_container_files/helios16p_ws/install/vicon_receiver/include/boost/asio/detail/std_mutex.hpp
[178.993s] -- Installing: /home/admin/bench/lab/STAGING_helios16p_kiss_legged_bench_cyclone_container_files/helios16p_ws/install/vicon_receiver/include/boost/asio/detail/scheduler_thread_info.hpp
[178.993s] -- Installing: /home/admin/bench/lab/STAGING_helios16p_kiss_legged_bench_cyclone_container_files/helios16p_ws/install/vicon_receiver/include/boost/asio/detail/thread_group.hpp
[178.993s] -- Installing: /home/admin/bench/lab/STAGING_helios16p_kiss_legged_bench_cyclone_container_files/helios16p_ws/install/vicon_receiver/include/boost/asio/detail/strand_executor_service.hpp
[178.994s] -- Installing: /home/admin/bench/lab/STAGING_helios16p_kiss_legged_bench_cyclone_container_files/helios16p_ws/install/vicon_receiver/include/boost/asio/detail/win_event.hpp
[179.008s] -- Installing: /home/admin/bench/lab/STAGING_helios16p_kiss_legged_bench_cyclone_container_files/helios16p_ws/install/vicon_receiver/include/boost/asio/detail/executor_op.hpp
[179.009s] -- Installing: /home/admin/bench/lab/STAGING_helios16p_kiss_legged_bench_cyclone_container_files/helios16p_ws/install/vicon_receiver/include/boost/asio/detail/noncopyable.hpp
[179.009s] -- Installing: /home/admin/bench/lab/STAGING_helios16p_kiss_legged_bench_cyclone_container_files/helios16p_ws/install/vicon_receiver/include/boost/asio/detail/bind_handler.hpp
[179.009s] -- Installing: /home/admin/bench/lab/STAGING_helios16p_kiss_legged_bench_cyclone_container_files/helios16p_ws/install/vicon_receiver/include/boost/asio/detail/win_iocp_socket_service.hpp
[179.010s] -- Installing: /home/admin/bench/lab/STAGING_helios16p_kiss_legged_bench_cyclone_container_files/helios16p_ws/install/vicon_receiver/include/boost/asio/detail/win_tss_ptr.hpp
[179.010s] -- Installing: /home/admin/bench/lab/STAGING_helios16p_kiss_legged_bench_cyclone_container_files/helios16p_ws/install/vicon_receiver/include/boost/asio/detail/reactive_socket_recv_op.hpp
[179.014s] -- Installing: /home/admin/bench/lab/STAGING_helios16p_kiss_legged_bench_cyclone_container_files/helios16p_ws/install/vicon_receiver/include/boost/asio/detail/win_iocp_socket_accept_op.hpp
[179.014s] -- Installing: /home/admin/bench/lab/STAGING_helios16p_kiss_legged_bench_cyclone_container_files/helios16p_ws/install/vicon_receiver/include/boost/asio/detail/strand_service.hpp
[179.017s] -- Installing: /home/admin/bench/lab/STAGING_helios16p_kiss_legged_bench_cyclone_container_files/helios16p_ws/install/vicon_receiver/include/boost/asio/detail/wrapped_handler.hpp
[179.019s] -- Installing: /home/admin/bench/lab/STAGING_helios16p_kiss_legged_bench_cyclone_container_files/helios16p_ws/install/vicon_receiver/include/boost/asio/detail/null_signal_blocker.hpp
[179.023s] -- Installing: /home/admin/bench/lab/STAGING_helios16p_kiss_legged_bench_cyclone_container_files/helios16p_ws/install/vicon_receiver/include/boost/asio/detail/reactive_null_buffers_op.hpp
[179.024s] -- Installing: /home/admin/bench/lab/STAGING_helios16p_kiss_legged_bench_cyclone_container_files/helios16p_ws/install/vicon_receiver/include/boost/asio/detail/is_buffer_sequence.hpp
[179.030s] -- Installing: /home/admin/bench/lab/STAGING_helios16p_kiss_legged_bench_cyclone_container_files/helios16p_ws/install/vicon_receiver/include/boost/asio/detail/posix_signal_blocker.hpp
[179.033s] -- Installing: /home/admin/bench/lab/STAGING_helios16p_kiss_legged_bench_cyclone_container_files/helios16p_ws/install/vicon_receiver/include/boost/asio/detail/fd_set_adapter.hpp
[179.040s] -- Installing: /home/admin/bench/lab/STAGING_helios16p_kiss_legged_bench_cyclone_container_files/helios16p_ws/install/vicon_receiver/include/boost/asio/detail/deadline_timer_service.hpp
[179.040s] -- Installing: /home/admin/bench/lab/STAGING_helios16p_kiss_legged_bench_cyclone_container_files/helios16p_ws/install/vicon_receiver/include/boost/asio/detail/reactor_op_queue.hpp
[179.041s] -- Installing: /home/admin/bench/lab/STAGING_helios16p_kiss_legged_bench_cyclone_container_files/helios16p_ws/install/vicon_receiver/include/boost/asio/detail/chrono.hpp
[179.048s] -- Installing: /home/admin/bench/lab/STAGING_helios16p_kiss_legged_bench_cyclone_container_files/helios16p_ws/install/vicon_receiver/include/boost/asio/detail/wait_op.hpp
[179.049s] -- Installing: /home/admin/bench/lab/STAGING_helios16p_kiss_legged_bench_cyclone_container_files/helios16p_ws/install/vicon_receiver/include/boost/asio/detail/dev_poll_reactor.hpp
[179.050s] -- Installing: /home/admin/bench/lab/STAGING_helios16p_kiss_legged_bench_cyclone_container_files/helios16p_ws/install/vicon_receiver/include/boost/asio/detail/posix_tss_ptr.hpp
[179.051s] -- Installing: /home/admin/bench/lab/STAGING_helios16p_kiss_legged_bench_cyclone_container_files/helios16p_ws/install/vicon_receiver/include/boost/asio/detail/throw_error.hpp
[179.057s] -- Installing: /home/admin/bench/lab/STAGING_helios16p_kiss_legged_bench_cyclone_container_files/helios16p_ws/install/vicon_receiver/include/boost/asio/detail/timer_queue.hpp
[179.058s] -- Installing: /home/admin/bench/lab/STAGING_helios16p_kiss_legged_bench_cyclone_container_files/helios16p_ws/install/vicon_receiver/include/boost/asio/detail/completion_handler.hpp
[179.063s] -- Installing: /home/admin/bench/lab/STAGING_helios16p_kiss_legged_bench_cyclone_container_files/helios16p_ws/install/vicon_receiver/include/boost/asio/detail/reactor.hpp
[179.063s] -- Installing: /home/admin/bench/lab/STAGING_helios16p_kiss_legged_bench_cyclone_container_files/helios16p_ws/install/vicon_receiver/include/boost/asio/detail/future.hpp
[179.067s] -- Installing: /home/admin/bench/lab/STAGING_helios16p_kiss_legged_bench_cyclone_container_files/helios16p_ws/install/vicon_receiver/include/boost/asio/detail/socket_ops.hpp
[179.069s] -- Installing: /home/admin/bench/lab/STAGING_helios16p_kiss_legged_bench_cyclone_container_files/helios16p_ws/install/vicon_receiver/include/boost/asio/detail/std_global.hpp
[179.070s] -- Installing: /home/admin/bench/lab/STAGING_helios16p_kiss_legged_bench_cyclone_container_files/helios16p_ws/install/vicon_receiver/include/boost/asio/detail/blocking_executor_op.hpp
[179.081s] -- Installing: /home/admin/bench/lab/STAGING_helios16p_kiss_legged_bench_cyclone_container_files/helios16p_ws/install/vicon_receiver/include/boost/asio/detail/timer_scheduler_fwd.hpp
[179.089s] -- Installing: /home/admin/bench/lab/STAGING_helios16p_kiss_legged_bench_cyclone_container_files/helios16p_ws/install/vicon_receiver/include/boost/asio/detail/work_dispatcher.hpp
[179.089s] -- Installing: /home/admin/bench/lab/STAGING_helios16p_kiss_legged_bench_cyclone_container_files/helios16p_ws/install/vicon_receiver/include/boost/asio/detail/reactive_socket_connect_op.hpp
[179.090s] -- Installing: /home/admin/bench/lab/STAGING_helios16p_kiss_legged_bench_cyclone_container_files/helios16p_ws/install/vicon_receiver/include/boost/asio/detail/posix_thread.hpp
[179.090s] -- Installing: /home/admin/bench/lab/STAGING_helios16p_kiss_legged_bench_cyclone_container_files/helios16p_ws/install/vicon_receiver/include/boost/asio/detail/call_stack.hpp
[179.090s] -- Installing: /home/admin/bench/lab/STAGING_helios16p_kiss_legged_bench_cyclone_container_files/helios16p_ws/install/vicon_receiver/include/boost/asio/detail/select_interrupter.hpp
[179.095s] -- Installing: /home/admin/bench/lab/STAGING_helios16p_kiss_legged_bench_cyclone_container_files/helios16p_ws/install/vicon_receiver/include/boost/asio/detail/null_fenced_block.hpp
[179.097s] -- Installing: /home/admin/bench/lab/STAGING_helios16p_kiss_legged_bench_cyclone_container_files/helios16p_ws/install/vicon_receiver/include/boost/asio/detail/win_iocp_socket_recvmsg_op.hpp
[179.098s] -- Installing: /home/admin/bench/lab/STAGING_helios16p_kiss_legged_bench_cyclone_container_files/helios16p_ws/install/vicon_receiver/include/boost/asio/detail/null_socket_service.hpp
[179.098s] -- Installing: /home/admin/bench/lab/STAGING_helios16p_kiss_legged_bench_cyclone_container_files/helios16p_ws/install/vicon_receiver/include/boost/asio/detail/null_static_mutex.hpp
[179.100s] -- Installing: /home/admin/bench/lab/STAGING_helios16p_kiss_legged_bench_cyclone_container_files/helios16p_ws/install/vicon_receiver/include/boost/asio/detail/config.hpp
[179.110s] -- Installing: /home/admin/bench/lab/STAGING_helios16p_kiss_legged_bench_cyclone_container_files/helios16p_ws/install/vicon_receiver/include/boost/asio/detail/recycling_allocator.hpp
[179.111s] -- Installing: /home/admin/bench/lab/STAGING_helios16p_kiss_legged_bench_cyclone_container_files/helios16p_ws/install/vicon_receiver/include/boost/asio/detail/winsock_init.hpp
[179.112s] -- Installing: /home/admin/bench/lab/STAGING_helios16p_kiss_legged_bench_cyclone_container_files/helios16p_ws/install/vicon_receiver/include/boost/asio/detail/type_traits.hpp
[179.114s] -- Installing: /home/admin/bench/lab/STAGING_helios16p_kiss_legged_bench_cyclone_container_files/helios16p_ws/install/vicon_receiver/include/boost/asio/detail/winrt_resolve_op.hpp
[179.119s] -- Installing: /home/admin/bench/lab/STAGING_helios16p_kiss_legged_bench_cyclone_container_files/helios16p_ws/install/vicon_receiver/include/boost/asio/detail/null_tss_ptr.hpp
[179.121s] -- Installing: /home/admin/bench/lab/STAGING_helios16p_kiss_legged_bench_cyclone_container_files/helios16p_ws/install/vicon_receiver/include/boost/asio/detail/win_iocp_overlapped_op.hpp
[179.129s] -- Installing: /home/admin/bench/lab/STAGING_helios16p_kiss_legged_bench_cyclone_container_files/helios16p_ws/install/vicon_receiver/include/boost/asio/detail/epoll_reactor.hpp
[179.133s] -- Installing: /home/admin/bench/lab/STAGING_helios16p_kiss_legged_bench_cyclone_container_files/helios16p_ws/install/vicon_receiver/include/boost/asio/detail/push_options.hpp
[179.134s] -- Installing: /home/admin/bench/lab/STAGING_helios16p_kiss_legged_bench_cyclone_container_files/helios16p_ws/install/vicon_receiver/include/boost/asio/detail/signal_set_service.hpp
[179.134s] -- Installing: /home/admin/bench/lab/STAGING_helios16p_kiss_legged_bench_cyclone_container_files/helios16p_ws/install/vicon_receiver/include/boost/asio/detail/socket_option.hpp
[179.137s] -- Installing: /home/admin/bench/lab/STAGING_helios16p_kiss_legged_bench_cyclone_container_files/helios16p_ws/install/vicon_receiver/include/boost/asio/detail/regex_fwd.hpp
[179.139s] -- Installing: /home/admin/bench/lab/STAGING_helios16p_kiss_legged_bench_cyclone_container_files/helios16p_ws/install/vicon_receiver/include/boost/asio/detail/atomic_count.hpp
[179.143s] -- Installing: /home/admin/bench/lab/STAGING_helios16p_kiss_legged_bench_cyclone_container_files/helios16p_ws/install/vicon_receiver/include/boost/asio/detail/conditionally_enabled_mutex.hpp
[179.146s] -- Installing: /home/admin/bench/lab/STAGING_helios16p_kiss_legged_bench_cyclone_container_files/helios16p_ws/install/vicon_receiver/include/boost/asio/detail/timer_queue_base.hpp
[179.148s] -- Installing: /home/admin/bench/lab/STAGING_helios16p_kiss_legged_bench_cyclone_container_files/helios16p_ws/install/vicon_receiver/include/boost/asio/detail/handler_invoke_helpers.hpp
[179.150s] -- Installing: /home/admin/bench/lab/STAGING_helios16p_kiss_legged_bench_cyclone_container_files/helios16p_ws/install/vicon_receiver/include/boost/asio/detail/win_iocp_handle_read_op.hpp
[179.151s] -- Installing: /home/admin/bench/lab/STAGING_helios16p_kiss_legged_bench_cyclone_container_files/helios16p_ws/install/vicon_receiver/include/boost/asio/detail/resolve_query_op.hpp
[179.153s] -- Installing: /home/admin/bench/lab/STAGING_helios16p_kiss_legged_bench_cyclone_container_files/helios16p_ws/install/vicon_receiver/include/boost/asio/detail/reactive_socket_accept_op.hpp
[179.158s] -- Installing: /home/admin/bench/lab/STAGING_helios16p_kiss_legged_bench_cyclone_container_files/helios16p_ws/install/vicon_receiver/include/boost/asio/detail/win_iocp_serial_port_service.hpp
[179.158s] -- Installing: /home/admin/bench/lab/STAGING_helios16p_kiss_legged_bench_cyclone_container_files/helios16p_ws/install/vicon_receiver/include/boost/asio/detail/string_view.hpp
[179.161s] -- Installing: /home/admin/bench/lab/STAGING_helios16p_kiss_legged_bench_cyclone_container_files/helios16p_ws/install/vicon_receiver/include/boost/asio/detail/consuming_buffers.hpp
[179.163s] -- Installing: /home/admin/bench/lab/STAGING_helios16p_kiss_legged_bench_cyclone_container_files/helios16p_ws/install/vicon_receiver/include/boost/asio/detail/winrt_async_manager.hpp
[179.166s] -- Installing: /home/admin/bench/lab/STAGING_helios16p_kiss_legged_bench_cyclone_container_files/helios16p_ws/install/vicon_receiver/include/boost/asio/detail/handler_type_requirements.hpp
[179.169s] -- Installing: /home/admin/bench/lab/STAGING_helios16p_kiss_legged_bench_cyclone_container_files/helios16p_ws/install/vicon_receiver/include/boost/asio/detail/source_location.hpp
[179.172s] -- Installing: /home/admin/bench/lab/STAGING_helios16p_kiss_legged_bench_cyclone_container_files/helios16p_ws/install/vicon_receiver/include/boost/asio/detail/assert.hpp
[179.174s] -- Installing: /home/admin/bench/lab/STAGING_helios16p_kiss_legged_bench_cyclone_container_files/helios16p_ws/install/vicon_receiver/include/boost/asio/detail/win_fenced_block.hpp
[179.175s] -- Installing: /home/admin/bench/lab/STAGING_helios16p_kiss_legged_bench_cyclone_container_files/helios16p_ws/install/vicon_receiver/include/boost/asio/detail/posix_static_mutex.hpp
[179.183s] -- Installing: /home/admin/bench/lab/STAGING_helios16p_kiss_legged_bench_cyclone_container_files/helios16p_ws/install/vicon_receiver/include/boost/asio/detail/macos_fenced_block.hpp
[179.184s] -- Installing: /home/admin/bench/lab/STAGING_helios16p_kiss_legged_bench_cyclone_container_files/helios16p_ws/install/vicon_receiver/include/boost/asio/detail/concurrency_hint.hpp
[179.185s] -- Installing: /home/admin/bench/lab/STAGING_helios16p_kiss_legged_bench_cyclone_container_files/helios16p_ws/install/vicon_receiver/include/boost/asio/detail/buffer_resize_guard.hpp
[179.186s] -- Installing: /home/admin/bench/lab/STAGING_helios16p_kiss_legged_bench_cyclone_container_files/helios16p_ws/install/vicon_receiver/include/boost/asio/detail/cstdint.hpp
[179.191s] -- Installing: /home/admin/bench/lab/STAGING_helios16p_kiss_legged_bench_cyclone_container_files/helios16p_ws/install/vicon_receiver/include/boost/asio/detail/kqueue_reactor.hpp
[179.193s] -- Installing: /home/admin/bench/lab/STAGING_helios16p_kiss_legged_bench_cyclone_container_files/helios16p_ws/install/vicon_receiver/include/boost/asio/detail/null_event.hpp
[179.200s] -- Installing: /home/admin/bench/lab/STAGING_helios16p_kiss_legged_bench_cyclone_container_files/helios16p_ws/install/vicon_receiver/include/boost/asio/detail/winrt_resolver_service.hpp
[179.200s] -- Installing: /home/admin/bench/lab/STAGING_helios16p_kiss_legged_bench_cyclone_container_files/helios16p_ws/install/vicon_receiver/include/boost/asio/detail/std_thread.hpp
[179.204s] -- Installing: /home/admin/bench/lab/STAGING_helios16p_kiss_legged_bench_cyclone_container_files/helios16p_ws/install/vicon_receiver/include/boost/asio/detail/thread_info_base.hpp
[179.206s] -- Installing: /home/admin/bench/lab/STAGING_helios16p_kiss_legged_bench_cyclone_container_files/helios16p_ws/install/vicon_receiver/include/boost/asio/detail/posix_event.hpp
[179.208s] -- Installing: /home/admin/bench/lab/STAGING_helios16p_kiss_legged_bench_cyclone_container_files/helios16p_ws/install/vicon_receiver/include/boost/asio/detail/null_mutex.hpp
[179.212s] -- Installing: /home/admin/bench/lab/STAGING_helios16p_kiss_legged_bench_cyclone_container_files/helios16p_ws/install/vicon_receiver/include/boost/asio/detail/solaris_fenced_block.hpp
[179.213s] -- Installing: /home/admin/bench/lab/STAGING_helios16p_kiss_legged_bench_cyclone_container_files/helios16p_ws/install/vicon_receiver/include/boost/asio/detail/fenced_block.hpp
[179.219s] -- Installing: /home/admin/bench/lab/STAGING_helios16p_kiss_legged_bench_cyclone_container_files/helios16p_ws/install/vicon_receiver/include/boost/asio/detail/wait_handler.hpp
[179.221s] -- Installing: /home/admin/bench/lab/STAGING_helios16p_kiss_legged_bench_cyclone_container_files/helios16p_ws/install/vicon_receiver/include/boost/asio/detail/variadic_templates.hpp
[179.227s] -- Installing: /home/admin/bench/lab/STAGING_helios16p_kiss_legged_bench_cyclone_container_files/helios16p_ws/install/vicon_receiver/include/boost/asio/detail/socket_types.hpp
[179.228s] -- Installing: /home/admin/bench/lab/STAGING_helios16p_kiss_legged_bench_cyclone_container_files/helios16p_ws/install/vicon_receiver/include/boost/asio/detail/memory.hpp
[179.234s] -- Installing: /home/admin/bench/lab/STAGING_helios16p_kiss_legged_bench_cyclone_container_files/helios16p_ws/install/vicon_receiver/include/boost/asio/detail/win_iocp_io_context.hpp
[179.236s] -- Installing: /home/admin/bench/lab/STAGING_helios16p_kiss_legged_bench_cyclone_container_files/helios16p_ws/install/vicon_receiver/include/boost/asio/detail/win_iocp_socket_service_base.hpp
[179.241s] -- Installing: /home/admin/bench/lab/STAGING_helios16p_kiss_legged_bench_cyclone_container_files/helios16p_ws/install/vicon_receiver/include/boost/asio/detail/null_global.hpp
[179.243s] -- Installing: /home/admin/bench/lab/STAGING_helios16p_kiss_legged_bench_cyclone_container_files/helios16p_ws/install/vicon_receiver/include/boost/asio/detail/bulk_executor_op.hpp
[179.248s] -- Installing: /home/admin/bench/lab/STAGING_helios16p_kiss_legged_bench_cyclone_container_files/helios16p_ws/install/vicon_receiver/include/boost/asio/detail/posix_global.hpp
[179.251s] -- Installing: /home/admin/bench/lab/STAGING_helios16p_kiss_legged_bench_cyclone_container_files/helios16p_ws/install/vicon_receiver/include/boost/asio/detail/operation.hpp
[179.255s] -- Installing: /home/admin/bench/lab/STAGING_helios16p_kiss_legged_bench_cyclone_container_files/helios16p_ws/install/vicon_receiver/include/boost/asio/detail/executor_function.hpp
[179.262s] -- Installing: /home/admin/bench/lab/STAGING_helios16p_kiss_legged_bench_cyclone_container_files/helios16p_ws/install/vicon_receiver/include/boost/asio/detail/resolve_endpoint_op.hpp
[179.268s] -- Installing: /home/admin/bench/lab/STAGING_helios16p_kiss_legged_bench_cyclone_container_files/helios16p_ws/install/vicon_receiver/include/boost/asio/detail/posix_fd_set_adapter.hpp
[179.274s] -- Installing: /home/admin/bench/lab/STAGING_helios16p_kiss_legged_bench_cyclone_container_files/helios16p_ws/install/vicon_receiver/include/boost/asio/detail/signal_handler.hpp
[179.276s] -- Installing: /home/admin/bench/lab/STAGING_helios16p_kiss_legged_bench_cyclone_container_files/helios16p_ws/install/vicon_receiver/include/boost/asio/detail/std_fenced_block.hpp
[179.286s] -- Installing: /home/admin/bench/lab/STAGING_helios16p_kiss_legged_bench_cyclone_container_files/helios16p_ws/install/vicon_receiver/include/boost/asio/detail/win_iocp_null_buffers_op.hpp
[179.287s] -- Installing: /home/admin/bench/lab/STAGING_helios16p_kiss_legged_bench_cyclone_container_files/helios16p_ws/install/vicon_receiver/include/boost/asio/detail/resolver_service_base.hpp
[179.296s] -- Installing: /home/admin/bench/lab/STAGING_helios16p_kiss_legged_bench_cyclone_container_files/helios16p_ws/install/vicon_receiver/include/boost/asio/detail/reactive_socket_recvfrom_op.hpp
[179.299s] -- Installing: /home/admin/bench/lab/STAGING_helios16p_kiss_legged_bench_cyclone_container_files/helios16p_ws/install/vicon_receiver/include/boost/asio/detail/win_iocp_overlapped_ptr.hpp
[179.305s] -- Installing: /home/admin/bench/lab/STAGING_helios16p_kiss_legged_bench_cyclone_container_files/helios16p_ws/install/vicon_receiver/include/boost/asio/detail/timer_scheduler.hpp
[179.311s] -- Installing: /home/admin/bench/lab/STAGING_helios16p_kiss_legged_bench_cyclone_container_files/helios16p_ws/install/vicon_receiver/include/boost/asio/detail/gcc_arm_fenced_block.hpp
[179.317s] -- Installing: /home/admin/bench/lab/STAGING_helios16p_kiss_legged_bench_cyclone_container_files/helios16p_ws/install/vicon_receiver/include/boost/asio/detail/win_iocp_wait_op.hpp
[179.322s] -- Installing: /home/admin/bench/lab/STAGING_helios16p_kiss_legged_bench_cyclone_container_files/helios16p_ws/install/vicon_receiver/include/boost/asio/detail/signal_blocker.hpp
[179.323s] -- Installing: /home/admin/bench/lab/STAGING_helios16p_kiss_legged_bench_cyclone_container_files/helios16p_ws/install/vicon_receiver/include/boost/asio/detail/reactive_wait_op.hpp
[179.326s] -- Installing: /home/admin/bench/lab/STAGING_helios16p_kiss_legged_bench_cyclone_container_files/helios16p_ws/install/vicon_receiver/include/boost/asio/detail/winrt_timer_scheduler.hpp
[179.337s] -- Installing: /home/admin/bench/lab/STAGING_helios16p_kiss_legged_bench_cyclone_container_files/helios16p_ws/install/vicon_receiver/include/boost/asio/detail/eventfd_select_interrupter.hpp
[179.343s] -- Installing: /home/admin/bench/lab/STAGING_helios16p_kiss_legged_bench_cyclone_container_files/helios16p_ws/install/vicon_receiver/include/boost/asio/detail/pop_options.hpp
[179.344s] -- Installing: /home/admin/bench/lab/STAGING_helios16p_kiss_legged_bench_cyclone_container_files/helios16p_ws/install/vicon_receiver/include/boost/asio/detail/functional.hpp
[179.350s] -- Installing: /home/admin/bench/lab/STAGING_helios16p_kiss_legged_bench_cyclone_container_files/helios16p_ws/install/vicon_receiver/include/boost/asio/detail/is_executor.hpp
[179.355s] -- Installing: /home/admin/bench/lab/STAGING_helios16p_kiss_legged_bench_cyclone_container_files/helios16p_ws/install/vicon_receiver/include/boost/asio/detail/reactive_socket_sendto_op.hpp
[179.361s] -- Installing: /home/admin/bench/lab/STAGING_helios16p_kiss_legged_bench_cyclone_container_files/helios16p_ws/install/vicon_receiver/include/boost/asio/detail/std_event.hpp
[179.364s] -- Installing: /home/admin/bench/lab/STAGING_helios16p_kiss_legged_bench_cyclone_container_files/helios16p_ws/install/vicon_receiver/include/boost/asio/detail/resolver_service.hpp
[179.368s] -- Installing: /home/admin/bench/lab/STAGING_helios16p_kiss_legged_bench_cyclone_container_files/helios16p_ws/install/vicon_receiver/include/boost/asio/detail/descriptor_ops.hpp
[179.373s] -- Installing: /home/admin/bench/lab/STAGING_helios16p_kiss_legged_bench_cyclone_container_files/helios16p_ws/install/vicon_receiver/include/boost/asio/detail/win_iocp_handle_write_op.hpp
[179.379s] -- Installing: /home/admin/bench/lab/STAGING_helios16p_kiss_legged_bench_cyclone_container_files/helios16p_ws/install/vicon_receiver/include/boost/asio/detail/io_control.hpp
[179.381s] -- Installing: /home/admin/bench/lab/STAGING_helios16p_kiss_legged_bench_cyclone_container_files/helios16p_ws/install/vicon_receiver/include/boost/asio/detail/signal_init.hpp
[179.387s] -- Installing: /home/admin/bench/lab/STAGING_helios16p_kiss_legged_bench_cyclone_container_files/helios16p_ws/install/vicon_receiver/include/boost/asio/detail/pipe_select_interrupter.hpp
[179.392s] -- Installing: /home/admin/bench/lab/STAGING_helios16p_kiss_legged_bench_cyclone_container_files/helios16p_ws/install/vicon_receiver/include/boost/asio/detail/throw_exception.hpp
[179.394s] -- Installing: /home/admin/bench/lab/STAGING_helios16p_kiss_legged_bench_cyclone_container_files/helios16p_ws/install/vicon_receiver/include/boost/asio/detail/winapp_thread.hpp
[179.399s] -- Installing: /home/admin/bench/lab/STAGING_helios16p_kiss_legged_bench_cyclone_container_files/helios16p_ws/install/vicon_receiver/include/boost/asio/detail/array_fwd.hpp
[179.400s] -- Installing: /home/admin/bench/lab/STAGING_helios16p_kiss_legged_bench_cyclone_container_files/helios16p_ws/install/vicon_receiver/include/boost/asio/detail/win_fd_set_adapter.hpp
[179.406s] -- Installing: /home/admin/bench/lab/STAGING_helios16p_kiss_legged_bench_cyclone_container_files/helios16p_ws/install/vicon_receiver/include/boost/asio/detail/keyword_tss_ptr.hpp
[179.408s] -- Installing: /home/admin/bench/lab/STAGING_helios16p_kiss_legged_bench_cyclone_container_files/helios16p_ws/install/vicon_receiver/include/boost/asio/detail/impl
[179.413s] -- Installing: /home/admin/bench/lab/STAGING_helios16p_kiss_legged_bench_cyclone_container_files/helios16p_ws/install/vicon_receiver/include/boost/asio/detail/impl/win_iocp_serial_port_service.ipp
[179.416s] -- Installing: /home/admin/bench/lab/STAGING_helios16p_kiss_legged_bench_cyclone_container_files/helios16p_ws/install/vicon_receiver/include/boost/asio/detail/impl/select_reactor.ipp
[179.420s] -- Installing: /home/admin/bench/lab/STAGING_helios16p_kiss_legged_bench_cyclone_container_files/helios16p_ws/install/vicon_receiver/include/boost/asio/detail/impl/strand_executor_service.hpp
[179.422s] -- Installing: /home/admin/bench/lab/STAGING_helios16p_kiss_legged_bench_cyclone_container_files/helios16p_ws/install/vicon_receiver/include/boost/asio/detail/impl/winsock_init.ipp
[179.431s] -- Installing: /home/admin/bench/lab/STAGING_helios16p_kiss_legged_bench_cyclone_container_files/helios16p_ws/install/vicon_receiver/include/boost/asio/detail/impl/win_mutex.ipp
[179.433s] -- Installing: /home/admin/bench/lab/STAGING_helios16p_kiss_legged_bench_cyclone_container_files/helios16p_ws/install/vicon_receiver/include/boost/asio/detail/impl/strand_service.hpp
[179.438s] -- Installing: /home/admin/bench/lab/STAGING_helios16p_kiss_legged_bench_cyclone_container_files/helios16p_ws/install/vicon_receiver/include/boost/asio/detail/impl/dev_poll_reactor.hpp
[179.440s] -- Installing: /home/admin/bench/lab/STAGING_helios16p_kiss_legged_bench_cyclone_container_files/helios16p_ws/install/vicon_receiver/include/boost/asio/detail/impl/win_event.ipp
[179.443s] -- Installing: /home/admin/bench/lab/STAGING_helios16p_kiss_legged_bench_cyclone_container_files/helios16p_ws/install/vicon_receiver/include/boost/asio/detail/impl/timer_queue_ptime.ipp
[179.448s] -- Installing: /home/admin/bench/lab/STAGING_helios16p_kiss_legged_bench_cyclone_container_files/helios16p_ws/install/vicon_receiver/include/boost/asio/detail/impl/descriptor_ops.ipp
[179.449s] -- Installing: /home/admin/bench/lab/STAGING_helios16p_kiss_legged_bench_cyclone_container_files/helios16p_ws/install/vicon_receiver/include/boost/asio/detail/impl/resolver_service_base.ipp
[179.460s] -- Installing: /home/admin/bench/lab/STAGING_helios16p_kiss_legged_bench_cyclone_container_files/helios16p_ws/install/vicon_receiver/include/boost/asio/detail/impl/win_static_mutex.ipp
[179.461s] -- Installing: /home/admin/bench/lab/STAGING_helios16p_kiss_legged_bench_cyclone_container_files/helios16p_ws/install/vicon_receiver/include/boost/asio/detail/impl/reactive_descriptor_service.ipp
[179.466s] -- Installing: /home/admin/bench/lab/STAGING_helios16p_kiss_legged_bench_cyclone_container_files/helios16p_ws/install/vicon_receiver/include/boost/asio/detail/impl/kqueue_reactor.ipp
[179.470s] -- Installing: /home/admin/bench/lab/STAGING_helios16p_kiss_legged_bench_cyclone_container_files/helios16p_ws/install/vicon_receiver/include/boost/asio/detail/impl/eventfd_select_interrupter.ipp
[179.487s] -- Installing: /home/admin/bench/lab/STAGING_helios16p_kiss_legged_bench_cyclone_container_files/helios16p_ws/install/vicon_receiver/include/boost/asio/detail/impl/win_tss_ptr.ipp
[179.487s] -- Installing: /home/admin/bench/lab/STAGING_helios16p_kiss_legged_bench_cyclone_container_files/helios16p_ws/install/vicon_receiver/include/boost/asio/detail/impl/socket_select_interrupter.ipp
[179.488s] -- Installing: /home/admin/bench/lab/STAGING_helios16p_kiss_legged_bench_cyclone_container_files/helios16p_ws/install/vicon_receiver/include/boost/asio/detail/impl/posix_mutex.ipp
[179.495s] -- Installing: /home/admin/bench/lab/STAGING_helios16p_kiss_legged_bench_cyclone_container_files/helios16p_ws/install/vicon_receiver/include/boost/asio/detail/impl/socket_ops.ipp
[179.504s] -- Installing: /home/admin/bench/lab/STAGING_helios16p_kiss_legged_bench_cyclone_container_files/helios16p_ws/install/vicon_receiver/include/boost/asio/detail/impl/epoll_reactor.hpp
[179.514s] -- Installing: /home/admin/bench/lab/STAGING_helios16p_kiss_legged_bench_cyclone_container_files/helios16p_ws/install/vicon_receiver/include/boost/asio/detail/impl/scheduler.ipp
[179.514s] -- Installing: /home/admin/bench/lab/STAGING_helios16p_kiss_legged_bench_cyclone_container_files/helios16p_ws/install/vicon_receiver/include/boost/asio/detail/impl/win_iocp_socket_service_base.ipp
[179.515s] -- Installing: /home/admin/bench/lab/STAGING_helios16p_kiss_legged_bench_cyclone_container_files/helios16p_ws/install/vicon_receiver/include/boost/asio/detail/impl/posix_thread.ipp
[179.515s] -- Installing: /home/admin/bench/lab/STAGING_helios16p_kiss_legged_bench_cyclone_container_files/helios16p_ws/install/vicon_receiver/include/boost/asio/detail/impl/dev_poll_reactor.ipp
[179.516s] -- Installing: /home/admin/bench/lab/STAGING_helios16p_kiss_legged_bench_cyclone_container_files/helios16p_ws/install/vicon_receiver/include/boost/asio/detail/impl/win_object_handle_service.ipp
[179.516s] -- Installing: /home/admin/bench/lab/STAGING_helios16p_kiss_legged_bench_cyclone_container_files/helios16p_ws/install/vicon_receiver/include/boost/asio/detail/impl/kqueue_reactor.hpp
[179.516s] -- Installing: /home/admin/bench/lab/STAGING_helios16p_kiss_legged_bench_cyclone_container_files/helios16p_ws/install/vicon_receiver/include/boost/asio/detail/impl/win_thread.ipp
[179.519s] -- Installing: /home/admin/bench/lab/STAGING_helios16p_kiss_legged_bench_cyclone_container_files/helios16p_ws/install/vicon_receiver/include/boost/asio/detail/impl/win_iocp_io_context.hpp
[179.521s] -- Installing: /home/admin/bench/lab/STAGING_helios16p_kiss_legged_bench_cyclone_container_files/helios16p_ws/install/vicon_receiver/include/boost/asio/detail/impl/timer_queue_set.ipp
[179.524s] -- Installing: /home/admin/bench/lab/STAGING_helios16p_kiss_legged_bench_cyclone_container_files/helios16p_ws/install/vicon_receiver/include/boost/asio/detail/impl/posix_event.ipp
[179.526s] -- Installing: /home/admin/bench/lab/STAGING_helios16p_kiss_legged_bench_cyclone_container_files/helios16p_ws/install/vicon_receiver/include/boost/asio/detail/impl/posix_tss_ptr.ipp
[179.530s] -- Installing: /home/admin/bench/lab/STAGING_helios16p_kiss_legged_bench_cyclone_container_files/helios16p_ws/install/vicon_receiver/include/boost/asio/detail/impl/reactive_socket_service_base.ipp
[179.536s] -- Installing: /home/admin/bench/lab/STAGING_helios16p_kiss_legged_bench_cyclone_container_files/helios16p_ws/install/vicon_receiver/include/boost/asio/detail/impl/winrt_timer_scheduler.hpp
[179.538s] -- Installing: /home/admin/bench/lab/STAGING_helios16p_kiss_legged_bench_cyclone_container_files/helios16p_ws/install/vicon_receiver/include/boost/asio/detail/impl/win_iocp_io_context.ipp
[179.538s] -- Installing: /home/admin/bench/lab/STAGING_helios16p_kiss_legged_bench_cyclone_container_files/helios16p_ws/install/vicon_receiver/include/boost/asio/detail/impl/handler_tracking.ipp
[179.544s] -- Installing: /home/admin/bench/lab/STAGING_helios16p_kiss_legged_bench_cyclone_container_files/helios16p_ws/install/vicon_receiver/include/boost/asio/detail/impl/strand_service.ipp
[179.546s] -- Installing: /home/admin/bench/lab/STAGING_helios16p_kiss_legged_bench_cyclone_container_files/helios16p_ws/install/vicon_receiver/include/boost/asio/detail/impl/null_event.ipp
[179.553s] -- Installing: /home/admin/bench/lab/STAGING_helios16p_kiss_legged_bench_cyclone_container_files/helios16p_ws/install/vicon_receiver/include/boost/asio/detail/impl/service_registry.ipp
[179.554s] -- Installing: /home/admin/bench/lab/STAGING_helios16p_kiss_legged_bench_cyclone_container_files/helios16p_ws/install/vicon_receiver/include/boost/asio/detail/impl/epoll_reactor.ipp
[179.559s] -- Installing: /home/admin/bench/lab/STAGING_helios16p_kiss_legged_bench_cyclone_container_files/helios16p_ws/install/vicon_receiver/include/boost/asio/detail/impl/win_iocp_handle_service.ipp
[179.562s] -- Installing: /home/admin/bench/lab/STAGING_helios16p_kiss_legged_bench_cyclone_container_files/helios16p_ws/install/vicon_receiver/include/boost/asio/detail/impl/buffer_sequence_adapter.ipp
[179.563s] -- Installing: /home/admin/bench/lab/STAGING_helios16p_kiss_legged_bench_cyclone_container_files/helios16p_ws/install/vicon_receiver/include/boost/asio/detail/impl/service_registry.hpp
[179.567s] -- Installing: /home/admin/bench/lab/STAGING_helios16p_kiss_legged_bench_cyclone_container_files/helios16p_ws/install/vicon_receiver/include/boost/asio/detail/impl/signal_set_service.ipp
[179.574s] -- Installing: /home/admin/bench/lab/STAGING_helios16p_kiss_legged_bench_cyclone_container_files/helios16p_ws/install/vicon_receiver/include/boost/asio/detail/impl/reactive_serial_port_service.ipp
[179.576s] -- Installing: /home/admin/bench/lab/STAGING_helios16p_kiss_legged_bench_cyclone_container_files/helios16p_ws/install/vicon_receiver/include/boost/asio/detail/impl/select_reactor.hpp
[179.593s] -- Installing: /home/admin/bench/lab/STAGING_helios16p_kiss_legged_bench_cyclone_container_files/helios16p_ws/install/vicon_receiver/include/boost/asio/detail/impl/pipe_select_interrupter.ipp
[179.596s] -- Installing: /home/admin/bench/lab/STAGING_helios16p_kiss_legged_bench_cyclone_container_files/helios16p_ws/install/vicon_receiver/include/boost/asio/detail/impl/strand_executor_service.ipp
[179.597s] -- Installing: /home/admin/bench/lab/STAGING_helios16p_kiss_legged_bench_cyclone_container_files/helios16p_ws/install/vicon_receiver/include/boost/asio/detail/impl/throw_error.ipp
[179.602s] -- Installing: /home/admin/bench/lab/STAGING_helios16p_kiss_legged_bench_cyclone_container_files/helios16p_ws/install/vicon_receiver/include/boost/asio/detail/impl/winrt_timer_scheduler.ipp
[179.603s] -- Installing: /home/admin/bench/lab/STAGING_helios16p_kiss_legged_bench_cyclone_container_files/helios16p_ws/install/vicon_receiver/include/boost/asio/detail/descriptor_write_op.hpp
[179.608s] -- Installing: /home/admin/bench/lab/STAGING_helios16p_kiss_legged_bench_cyclone_container_files/helios16p_ws/install/vicon_receiver/include/boost/asio/detail/wince_thread.hpp
[179.614s] -- Installing: /home/admin/bench/lab/STAGING_helios16p_kiss_legged_bench_cyclone_container_files/helios16p_ws/install/vicon_receiver/include/boost/asio/detail/hash_map.hpp
[179.616s] -- Installing: /home/admin/bench/lab/STAGING_helios16p_kiss_legged_bench_cyclone_container_files/helios16p_ws/install/vicon_receiver/include/boost/asio/detail/array.hpp
[179.617s] -- Installing: /home/admin/bench/lab/STAGING_helios16p_kiss_legged_bench_cyclone_container_files/helios16p_ws/install/vicon_receiver/include/boost/asio/detail/socket_holder.hpp
[179.623s] -- Installing: /home/admin/bench/lab/STAGING_helios16p_kiss_legged_bench_cyclone_container_files/helios16p_ws/install/vicon_receiver/include/boost/asio/detail/base_from_completion_cond.hpp
[179.623s] -- Installing: /home/admin/bench/lab/STAGING_helios16p_kiss_legged_bench_cyclone_container_files/helios16p_ws/install/vicon_receiver/include/boost/asio/detail/gcc_hppa_fenced_block.hpp
[179.653s] -- Installing: /home/admin/bench/lab/STAGING_helios16p_kiss_legged_bench_cyclone_container_files/helios16p_ws/install/vicon_receiver/include/boost/asio/detail/timer_queue_set.hpp
[179.655s] -- Installing: /home/admin/bench/lab/STAGING_helios16p_kiss_legged_bench_cyclone_container_files/helios16p_ws/install/vicon_receiver/include/boost/asio/detail/win_iocp_operation.hpp
[179.660s] -- Installing: /home/admin/bench/lab/STAGING_helios16p_kiss_legged_bench_cyclone_container_files/helios16p_ws/install/vicon_receiver/include/boost/asio/detail/buffered_stream_storage.hpp
[179.664s] -- Installing: /home/admin/bench/lab/STAGING_helios16p_kiss_legged_bench_cyclone_container_files/helios16p_ws/install/vicon_receiver/include/boost/asio/detail/win_iocp_socket_connect_op.hpp
[179.667s] -- Installing: /home/admin/bench/lab/STAGING_helios16p_kiss_legged_bench_cyclone_container_files/helios16p_ws/install/vicon_receiver/include/boost/asio/detail/non_const_lvalue.hpp
[179.669s] -- Installing: /home/admin/bench/lab/STAGING_helios16p_kiss_legged_bench_cyclone_container_files/helios16p_ws/install/vicon_receiver/include/boost/asio/detail/old_win_sdk_compat.hpp
[179.673s] -- Installing: /home/admin/bench/lab/STAGING_helios16p_kiss_legged_bench_cyclone_container_files/helios16p_ws/install/vicon_receiver/include/boost/asio/detail/reactive_descriptor_service.hpp
[179.674s] -- Installing: /home/admin/bench/lab/STAGING_helios16p_kiss_legged_bench_cyclone_container_files/helios16p_ws/install/vicon_receiver/include/boost/asio/detail/service_registry.hpp
[179.679s] -- Installing: /home/admin/bench/lab/STAGING_helios16p_kiss_legged_bench_cyclone_container_files/helios16p_ws/install/vicon_receiver/include/boost/asio/detail/std_static_mutex.hpp
[179.687s] -- Installing: /home/admin/bench/lab/STAGING_helios16p_kiss_legged_bench_cyclone_container_files/helios16p_ws/install/vicon_receiver/include/boost/asio/detail/reactive_socket_send_op.hpp
[179.688s] -- Installing: /home/admin/bench/lab/STAGING_helios16p_kiss_legged_bench_cyclone_container_files/helios16p_ws/install/vicon_receiver/include/boost/asio/detail/descriptor_read_op.hpp
[179.688s] -- Installing: /home/admin/bench/lab/STAGING_helios16p_kiss_legged_bench_cyclone_container_files/helios16p_ws/install/vicon_receiver/include/boost/asio/detail/socket_select_interrupter.hpp
[179.691s] -- Installing: /home/admin/bench/lab/STAGING_helios16p_kiss_legged_bench_cyclone_container_files/helios16p_ws/install/vicon_receiver/include/boost/asio/detail/reactive_socket_service_base.hpp
[179.704s] -- Installing: /home/admin/bench/lab/STAGING_helios16p_kiss_legged_bench_cyclone_container_files/helios16p_ws/install/vicon_receiver/include/boost/asio/detail/signal_op.hpp
[179.708s] -- Installing: /home/admin/bench/lab/STAGING_helios16p_kiss_legged_bench_cyclone_container_files/helios16p_ws/install/vicon_receiver/include/boost/asio/detail/null_thread.hpp
[179.710s] -- Installing: /home/admin/bench/lab/STAGING_helios16p_kiss_legged_bench_cyclone_container_files/helios16p_ws/install/vicon_receiver/include/boost/asio/detail/posix_mutex.hpp
[179.715s] -- Installing: /home/admin/bench/lab/STAGING_helios16p_kiss_legged_bench_cyclone_container_files/helios16p_ws/install/vicon_receiver/include/boost/asio/detail/resolve_op.hpp
[179.715s] -- Installing: /home/admin/bench/lab/STAGING_helios16p_kiss_legged_bench_cyclone_container_files/helios16p_ws/install/vicon_receiver/include/boost/asio/detail/cstddef.hpp
[179.716s] -- Installing: /home/admin/bench/lab/STAGING_helios16p_kiss_legged_bench_cyclone_container_files/helios16p_ws/install/vicon_receiver/include/boost/asio/detail/win_object_handle_service.hpp
[179.721s] -- Installing: /home/admin/bench/lab/STAGING_helios16p_kiss_legged_bench_cyclone_container_files/helios16p_ws/install/vicon_receiver/include/boost/asio/detail/op_queue.hpp
[179.723s] -- Installing: /home/admin/bench/lab/STAGING_helios16p_kiss_legged_bench_cyclone_container_files/helios16p_ws/install/vicon_receiver/include/boost/asio/detail/win_iocp_thread_info.hpp
[179.731s] -- Installing: /home/admin/bench/lab/STAGING_helios16p_kiss_legged_bench_cyclone_container_files/helios16p_ws/install/vicon_receiver/include/boost/asio/detail/winrt_utils.hpp
[179.745s] -- Installing: /home/admin/bench/lab/STAGING_helios16p_kiss_legged_bench_cyclone_container_files/helios16p_ws/install/vicon_receiver/include/boost/asio/detail/global.hpp
[179.746s] -- Installing: /home/admin/bench/lab/STAGING_helios16p_kiss_legged_bench_cyclone_container_files/helios16p_ws/install/vicon_receiver/include/boost/asio/detail/handler_cont_helpers.hpp
[179.746s] -- Installing: /home/admin/bench/lab/STAGING_helios16p_kiss_legged_bench_cyclone_container_files/helios16p_ws/install/vicon_receiver/include/boost/asio/detail/select_reactor.hpp
[179.746s] -- Installing: /home/admin/bench/lab/STAGING_helios16p_kiss_legged_bench_cyclone_container_files/helios16p_ws/install/vicon_receiver/include/boost/asio/detail/thread_context.hpp
[179.750s] -- Installing: /home/admin/bench/lab/STAGING_helios16p_kiss_legged_bench_cyclone_container_files/helios16p_ws/install/vicon_receiver/include/boost/asio/detail/reactive_serial_port_service.hpp
[179.758s] -- Installing: /home/admin/bench/lab/STAGING_helios16p_kiss_legged_bench_cyclone_container_files/helios16p_ws/install/vicon_receiver/include/boost/asio/detail/tss_ptr.hpp
[179.766s] -- Installing: /home/admin/bench/lab/STAGING_helios16p_kiss_legged_bench_cyclone_container_files/helios16p_ws/install/vicon_receiver/include/boost/asio/detail/handler_alloc_helpers.hpp
[179.767s] -- Installing: /home/admin/bench/lab/STAGING_helios16p_kiss_legged_bench_cyclone_container_files/helios16p_ws/install/vicon_receiver/include/boost/asio/detail/reactor_op.hpp
[179.769s] -- Installing: /home/admin/bench/lab/STAGING_helios16p_kiss_legged_bench_cyclone_container_files/helios16p_ws/install/vicon_receiver/include/boost/asio/detail/gcc_x86_fenced_block.hpp
[179.770s] -- Installing: /home/admin/bench/lab/STAGING_helios16p_kiss_legged_bench_cyclone_container_files/helios16p_ws/install/vicon_receiver/include/boost/asio/detail/event.hpp
[179.775s] -- Installing: /home/admin/bench/lab/STAGING_helios16p_kiss_legged_bench_cyclone_container_files/helios16p_ws/install/vicon_receiver/include/boost/asio/detail/conditionally_enabled_event.hpp
[179.779s] -- Installing: /home/admin/bench/lab/STAGING_helios16p_kiss_legged_bench_cyclone_container_files/helios16p_ws/install/vicon_receiver/include/boost/asio/detail/scheduler_operation.hpp
[179.786s] -- Installing: /home/admin/bench/lab/STAGING_helios16p_kiss_legged_bench_cyclone_container_files/helios16p_ws/install/vicon_receiver/include/boost/asio/detail/win_iocp_socket_recv_op.hpp
[179.787s] -- Installing: /home/admin/bench/lab/STAGING_helios16p_kiss_legged_bench_cyclone_container_files/helios16p_ws/install/vicon_receiver/include/boost/asio/detail/winrt_async_op.hpp
[179.788s] -- Installing: /home/admin/bench/lab/STAGING_helios16p_kiss_legged_bench_cyclone_container_files/helios16p_ws/install/vicon_receiver/include/boost/asio/detail/win_static_mutex.hpp
[179.789s] -- Installing: /home/admin/bench/lab/STAGING_helios16p_kiss_legged_bench_cyclone_container_files/helios16p_ws/install/vicon_receiver/include/boost/asio/detail/handler_work.hpp
[179.800s] -- Installing: /home/admin/bench/lab/STAGING_helios16p_kiss_legged_bench_cyclone_container_files/helios16p_ws/install/vicon_receiver/include/boost/asio/detail/date_time_fwd.hpp
[179.801s] -- Installing: /home/admin/bench/lab/STAGING_helios16p_kiss_legged_bench_cyclone_container_files/helios16p_ws/install/vicon_receiver/include/boost/asio/detail/scoped_ptr.hpp
[179.801s] -- Installing: /home/admin/bench/lab/STAGING_helios16p_kiss_legged_bench_cyclone_container_files/helios16p_ws/install/vicon_receiver/include/boost/asio/detail/handler_tracking.hpp
[179.810s] -- Installing: /home/admin/bench/lab/STAGING_helios16p_kiss_legged_bench_cyclone_container_files/helios16p_ws/install/vicon_receiver/include/boost/asio/detail/scoped_lock.hpp
[179.813s] -- Installing: /home/admin/bench/lab/STAGING_helios16p_kiss_legged_bench_cyclone_container_files/helios16p_ws/install/vicon_receiver/include/boost/asio/detail/null_reactor.hpp
[179.819s] -- Installing: /home/admin/bench/lab/STAGING_helios16p_kiss_legged_bench_cyclone_container_files/helios16p_ws/install/vicon_receiver/include/boost/asio/detail/win_thread.hpp
[179.823s] -- Installing: /home/admin/bench/lab/STAGING_helios16p_kiss_legged_bench_cyclone_container_files/helios16p_ws/install/vicon_receiver/include/boost/asio/detail/gcc_sync_fenced_block.hpp
[179.835s] -- Installing: /home/admin/bench/lab/STAGING_helios16p_kiss_legged_bench_cyclone_container_files/helios16p_ws/install/vicon_receiver/include/boost/asio/detail/limits.hpp
[179.838s] -- Installing: /home/admin/bench/lab/STAGING_helios16p_kiss_legged_bench_cyclone_container_files/helios16p_ws/install/vicon_receiver/include/boost/asio/detail/buffer_sequence_adapter.hpp
[179.839s] -- Installing: /home/admin/bench/lab/STAGING_helios16p_kiss_legged_bench_cyclone_container_files/helios16p_ws/install/vicon_receiver/include/boost/asio/detail/reactive_socket_recvmsg_op.hpp
[179.842s] -- Installing: /home/admin/bench/lab/STAGING_helios16p_kiss_legged_bench_cyclone_container_files/helios16p_ws/install/vicon_receiver/include/boost/asio/detail/io_object_impl.hpp
[179.843s] -- Installing: /home/admin/bench/lab/STAGING_helios16p_kiss_legged_bench_cyclone_container_files/helios16p_ws/install/vicon_receiver/include/boost/asio/execution
[179.848s] -- Installing: /home/admin/bench/lab/STAGING_helios16p_kiss_legged_bench_cyclone_container_files/helios16p_ws/install/vicon_receiver/include/boost/asio/execution/schedule.hpp
[179.852s] -- Installing: /home/admin/bench/lab/STAGING_helios16p_kiss_legged_bench_cyclone_container_files/helios16p_ws/install/vicon_receiver/include/boost/asio/execution/allocator.hpp
[179.855s] -- Installing: /home/admin/bench/lab/STAGING_helios16p_kiss_legged_bench_cyclone_container_files/helios16p_ws/install/vicon_receiver/include/boost/asio/execution/scheduler.hpp
[179.861s] -- Installing: /home/admin/bench/lab/STAGING_helios16p_kiss_legged_bench_cyclone_container_files/helios16p_ws/install/vicon_receiver/include/boost/asio/execution/invocable_archetype.hpp
[179.867s] -- Installing: /home/admin/bench/lab/STAGING_helios16p_kiss_legged_bench_cyclone_container_files/helios16p_ws/install/vicon_receiver/include/boost/asio/execution/receiver_invocation_error.hpp
[179.872s] -- Installing: /home/admin/bench/lab/STAGING_helios16p_kiss_legged_bench_cyclone_container_files/helios16p_ws/install/vicon_receiver/include/boost/asio/execution/detail
[179.884s] -- Installing: /home/admin/bench/lab/STAGING_helios16p_kiss_legged_bench_cyclone_container_files/helios16p_ws/install/vicon_receiver/include/boost/asio/execution/detail/as_receiver.hpp
[179.884s] -- Installing: /home/admin/bench/lab/STAGING_helios16p_kiss_legged_bench_cyclone_container_files/helios16p_ws/install/vicon_receiver/include/boost/asio/execution/detail/submit_receiver.hpp
[179.886s] -- Installing: /home/admin/bench/lab/STAGING_helios16p_kiss_legged_bench_cyclone_container_files/helios16p_ws/install/vicon_receiver/include/boost/asio/execution/detail/as_operation.hpp
[179.888s] -- Installing: /home/admin/bench/lab/STAGING_helios16p_kiss_legged_bench_cyclone_container_files/helios16p_ws/install/vicon_receiver/include/boost/asio/execution/detail/void_receiver.hpp
[179.895s] -- Installing: /home/admin/bench/lab/STAGING_helios16p_kiss_legged_bench_cyclone_container_files/helios16p_ws/install/vicon_receiver/include/boost/asio/execution/detail/as_invocable.hpp
[179.895s] -- Installing: /home/admin/bench/lab/STAGING_helios16p_kiss_legged_bench_cyclone_container_files/helios16p_ws/install/vicon_receiver/include/boost/asio/execution/detail/bulk_sender.hpp
[179.896s] -- Installing: /home/admin/bench/lab/STAGING_helios16p_kiss_legged_bench_cyclone_container_files/helios16p_ws/install/vicon_receiver/include/boost/asio/execution/start.hpp
[179.902s] -- Installing: /home/admin/bench/lab/STAGING_helios16p_kiss_legged_bench_cyclone_container_files/helios16p_ws/install/vicon_receiver/include/boost/asio/execution/operation_state.hpp
[179.904s] -- Installing: /home/admin/bench/lab/STAGING_helios16p_kiss_legged_bench_cyclone_container_files/helios16p_ws/install/vicon_receiver/include/boost/asio/execution/sender.hpp
[179.909s] -- Installing: /home/admin/bench/lab/STAGING_helios16p_kiss_legged_bench_cyclone_container_files/helios16p_ws/install/vicon_receiver/include/boost/asio/execution/set_done.hpp
[179.911s] -- Installing: /home/admin/bench/lab/STAGING_helios16p_kiss_legged_bench_cyclone_container_files/helios16p_ws/install/vicon_receiver/include/boost/asio/execution/executor.hpp
[179.917s] -- Installing: /home/admin/bench/lab/STAGING_helios16p_kiss_legged_bench_cyclone_container_files/helios16p_ws/install/vicon_receiver/include/boost/asio/execution/relationship.hpp
[179.919s] -- Installing: /home/admin/bench/lab/STAGING_helios16p_kiss_legged_bench_cyclone_container_files/helios16p_ws/install/vicon_receiver/include/boost/asio/execution/bulk_execute.hpp
[179.924s] -- Installing: /home/admin/bench/lab/STAGING_helios16p_kiss_legged_bench_cyclone_container_files/helios16p_ws/install/vicon_receiver/include/boost/asio/execution/any_executor.hpp
[179.930s] -- Installing: /home/admin/bench/lab/STAGING_helios16p_kiss_legged_bench_cyclone_container_files/helios16p_ws/install/vicon_receiver/include/boost/asio/execution/prefer_only.hpp
[179.934s] -- Installing: /home/admin/bench/lab/STAGING_helios16p_kiss_legged_bench_cyclone_container_files/helios16p_ws/install/vicon_receiver/include/boost/asio/execution/outstanding_work.hpp
[179.938s] -- Installing: /home/admin/bench/lab/STAGING_helios16p_kiss_legged_bench_cyclone_container_files/helios16p_ws/install/vicon_receiver/include/boost/asio/execution/bad_executor.hpp
[179.944s] -- Installing: /home/admin/bench/lab/STAGING_helios16p_kiss_legged_bench_cyclone_container_files/helios16p_ws/install/vicon_receiver/include/boost/asio/execution/execute.hpp
[179.949s] -- Installing: /home/admin/bench/lab/STAGING_helios16p_kiss_legged_bench_cyclone_container_files/helios16p_ws/install/vicon_receiver/include/boost/asio/execution/set_error.hpp
[179.953s] -- Installing: /home/admin/bench/lab/STAGING_helios16p_kiss_legged_bench_cyclone_container_files/helios16p_ws/install/vicon_receiver/include/boost/asio/execution/context_as.hpp
[179.957s] -- Installing: /home/admin/bench/lab/STAGING_helios16p_kiss_legged_bench_cyclone_container_files/helios16p_ws/install/vicon_receiver/include/boost/asio/execution/set_value.hpp
[179.967s] -- Installing: /home/admin/bench/lab/STAGING_helios16p_kiss_legged_bench_cyclone_container_files/helios16p_ws/install/vicon_receiver/include/boost/asio/execution/blocking.hpp
[179.970s] -- Installing: /home/admin/bench/lab/STAGING_helios16p_kiss_legged_bench_cyclone_container_files/helios16p_ws/install/vicon_receiver/include/boost/asio/execution/bulk_guarantee.hpp
[179.977s] -- Installing: /home/admin/bench/lab/STAGING_helios16p_kiss_legged_bench_cyclone_container_files/helios16p_ws/install/vicon_receiver/include/boost/asio/execution/mapping.hpp
[179.997s] -- Installing: /home/admin/bench/lab/STAGING_helios16p_kiss_legged_bench_cyclone_container_files/helios16p_ws/install/vicon_receiver/include/boost/asio/execution/impl
[179.998s] -- Installing: /home/admin/bench/lab/STAGING_helios16p_kiss_legged_bench_cyclone_container_files/helios16p_ws/install/vicon_receiver/include/boost/asio/execution/impl/receiver_invocation_error.ipp
[179.998s] -- Installing: /home/admin/bench/lab/STAGING_helios16p_kiss_legged_bench_cyclone_container_files/helios16p_ws/install/vicon_receiver/include/boost/asio/execution/impl/bad_executor.ipp
[179.998s] -- Installing: /home/admin/bench/lab/STAGING_helios16p_kiss_legged_bench_cyclone_container_files/helios16p_ws/install/vicon_receiver/include/boost/asio/execution/receiver.hpp
[179.999s] -- Installing: /home/admin/bench/lab/STAGING_helios16p_kiss_legged_bench_cyclone_container_files/helios16p_ws/install/vicon_receiver/include/boost/asio/execution/occupancy.hpp
[180.008s] -- Installing: /home/admin/bench/lab/STAGING_helios16p_kiss_legged_bench_cyclone_container_files/helios16p_ws/install/vicon_receiver/include/boost/asio/execution/submit.hpp
[180.009s] -- Installing: /home/admin/bench/lab/STAGING_helios16p_kiss_legged_bench_cyclone_container_files/helios16p_ws/install/vicon_receiver/include/boost/asio/execution/connect.hpp
[180.009s] -- Installing: /home/admin/bench/lab/STAGING_helios16p_kiss_legged_bench_cyclone_container_files/helios16p_ws/install/vicon_receiver/include/boost/asio/execution/blocking_adaptation.hpp
[180.010s] -- Installing: /home/admin/bench/lab/STAGING_helios16p_kiss_legged_bench_cyclone_container_files/helios16p_ws/install/vicon_receiver/include/boost/asio/execution/context.hpp
[180.017s] -- Installing: /home/admin/bench/lab/STAGING_helios16p_kiss_legged_bench_cyclone_container_files/helios16p_ws/install/vicon_receiver/include/boost/asio/buffered_stream.hpp
[180.018s] -- Installing: /home/admin/bench/lab/STAGING_helios16p_kiss_legged_bench_cyclone_container_files/helios16p_ws/install/vicon_receiver/include/boost/asio/posix
[180.018s] -- Installing: /home/admin/bench/lab/STAGING_helios16p_kiss_legged_bench_cyclone_container_files/helios16p_ws/install/vicon_receiver/include/boost/asio/posix/stream_descriptor.hpp
[180.018s] -- Installing: /home/admin/bench/lab/STAGING_helios16p_kiss_legged_bench_cyclone_container_files/helios16p_ws/install/vicon_receiver/include/boost/asio/posix/basic_stream_descriptor.hpp
[180.019s] -- Installing: /home/admin/bench/lab/STAGING_helios16p_kiss_legged_bench_cyclone_container_files/helios16p_ws/install/vicon_receiver/include/boost/asio/posix/descriptor.hpp
[180.023s] -- Installing: /home/admin/bench/lab/STAGING_helios16p_kiss_legged_bench_cyclone_container_files/helios16p_ws/install/vicon_receiver/include/boost/asio/posix/basic_descriptor.hpp
[180.024s] -- Installing: /home/admin/bench/lab/STAGING_helios16p_kiss_legged_bench_cyclone_container_files/helios16p_ws/install/vicon_receiver/include/boost/asio/posix/descriptor_base.hpp
[180.026s] -- Installing: /home/admin/bench/lab/STAGING_helios16p_kiss_legged_bench_cyclone_container_files/helios16p_ws/install/vicon_receiver/include/boost/asio/steady_timer.hpp
[180.026s] -- Installing: /home/admin/bench/lab/STAGING_helios16p_kiss_legged_bench_cyclone_container_files/helios16p_ws/install/vicon_receiver/include/boost/asio/buffered_read_stream.hpp
[180.030s] -- Installing: /home/admin/bench/lab/STAGING_helios16p_kiss_legged_bench_cyclone_container_files/helios16p_ws/install/vicon_receiver/include/boost/asio/write.hpp
[180.034s] -- Installing: /home/admin/bench/lab/STAGING_helios16p_kiss_legged_bench_cyclone_container_files/helios16p_ws/install/vicon_receiver/include/boost/asio/require_concept.hpp
[180.039s] -- Installing: /home/admin/bench/lab/STAGING_helios16p_kiss_legged_bench_cyclone_container_files/helios16p_ws/install/vicon_receiver/include/boost/asio/basic_signal_set.hpp
[180.040s] -- Installing: /home/admin/bench/lab/STAGING_helios16p_kiss_legged_bench_cyclone_container_files/helios16p_ws/install/vicon_receiver/include/boost/asio/basic_streambuf_fwd.hpp
[180.043s] -- Installing: /home/admin/bench/lab/STAGING_helios16p_kiss_legged_bench_cyclone_container_files/helios16p_ws/install/vicon_receiver/include/boost/asio/basic_io_object.hpp
[180.048s] -- Installing: /home/admin/bench/lab/STAGING_helios16p_kiss_legged_bench_cyclone_container_files/helios16p_ws/install/vicon_receiver/include/boost/asio/io_service_strand.hpp
[180.050s] -- Installing: /home/admin/bench/lab/STAGING_helios16p_kiss_legged_bench_cyclone_container_files/helios16p_ws/install/vicon_receiver/include/boost/asio/strand.hpp
[180.054s] -- Installing: /home/admin/bench/lab/STAGING_helios16p_kiss_legged_bench_cyclone_container_files/helios16p_ws/install/vicon_receiver/include/boost/asio/basic_deadline_timer.hpp
[180.064s] -- Installing: /home/admin/bench/lab/STAGING_helios16p_kiss_legged_bench_cyclone_container_files/helios16p_ws/install/vicon_receiver/include/boost/asio/executor.hpp
[180.076s] -- Installing: /home/admin/bench/lab/STAGING_helios16p_kiss_legged_bench_cyclone_container_files/helios16p_ws/install/vicon_receiver/include/boost/asio/this_coro.hpp
[180.078s] -- Installing: /home/admin/bench/lab/STAGING_helios16p_kiss_legged_bench_cyclone_container_files/helios16p_ws/install/vicon_receiver/include/boost/asio/serial_port_base.hpp
[180.078s] -- Installing: /home/admin/bench/lab/STAGING_helios16p_kiss_legged_bench_cyclone_container_files/helios16p_ws/install/vicon_receiver/include/boost/asio/high_resolution_timer.hpp
[180.079s] -- Installing: /home/admin/bench/lab/STAGING_helios16p_kiss_legged_bench_cyclone_container_files/helios16p_ws/install/vicon_receiver/include/boost/asio/time_traits.hpp
[180.085s] -- Installing: /home/admin/bench/lab/STAGING_helios16p_kiss_legged_bench_cyclone_container_files/helios16p_ws/install/vicon_receiver/include/boost/asio/signal_set.hpp
[180.086s] -- Installing: /home/admin/bench/lab/STAGING_helios16p_kiss_legged_bench_cyclone_container_files/helios16p_ws/install/vicon_receiver/include/boost/asio/error.hpp
[180.086s] -- Installing: /home/admin/bench/lab/STAGING_helios16p_kiss_legged_bench_cyclone_container_files/helios16p_ws/install/vicon_receiver/include/boost/asio/buffered_read_stream_fwd.hpp
[180.087s] -- Installing: /home/admin/bench/lab/STAGING_helios16p_kiss_legged_bench_cyclone_container_files/helios16p_ws/install/vicon_receiver/include/boost/asio/defer.hpp
[180.091s] -- Installing: /home/admin/bench/lab/STAGING_helios16p_kiss_legged_bench_cyclone_container_files/helios16p_ws/install/vicon_receiver/include/boost/asio/dispatch.hpp
[180.092s] -- Installing: /home/admin/bench/lab/STAGING_helios16p_kiss_legged_bench_cyclone_container_files/helios16p_ws/install/vicon_receiver/include/boost/asio/execution_context.hpp
[180.092s] -- Installing: /home/admin/bench/lab/STAGING_helios16p_kiss_legged_bench_cyclone_container_files/helios16p_ws/install/vicon_receiver/include/boost/asio/redirect_error.hpp
[180.102s] -- Installing: /home/admin/bench/lab/STAGING_helios16p_kiss_legged_bench_cyclone_container_files/helios16p_ws/install/vicon_receiver/include/boost/asio/system_context.hpp
[180.106s] -- Installing: /home/admin/bench/lab/STAGING_helios16p_kiss_legged_bench_cyclone_container_files/helios16p_ws/install/vicon_receiver/include/boost/asio/use_future.hpp
[180.107s] -- Installing: /home/admin/bench/lab/STAGING_helios16p_kiss_legged_bench_cyclone_container_files/helios16p_ws/install/vicon_receiver/include/boost/asio/io_service.hpp
[180.112s] -- Installing: /home/admin/bench/lab/STAGING_helios16p_kiss_legged_bench_cyclone_container_files/helios16p_ws/install/vicon_receiver/include/boost/asio/version.hpp
[180.112s] -- Installing: /home/admin/bench/lab/STAGING_helios16p_kiss_legged_bench_cyclone_container_files/helios16p_ws/install/vicon_receiver/include/boost/asio/traits
[180.113s] -- Installing: /home/admin/bench/lab/STAGING_helios16p_kiss_legged_bench_cyclone_container_files/helios16p_ws/install/vicon_receiver/include/boost/asio/traits/start_free.hpp
[180.116s] -- Installing: /home/admin/bench/lab/STAGING_helios16p_kiss_legged_bench_cyclone_container_files/helios16p_ws/install/vicon_receiver/include/boost/asio/traits/require_member.hpp
[180.117s] -- Installing: /home/admin/bench/lab/STAGING_helios16p_kiss_legged_bench_cyclone_container_files/helios16p_ws/install/vicon_receiver/include/boost/asio/traits/static_require.hpp
[180.117s] -- Installing: /home/admin/bench/lab/STAGING_helios16p_kiss_legged_bench_cyclone_container_files/helios16p_ws/install/vicon_receiver/include/boost/asio/traits/schedule_free.hpp
[180.120s] -- Installing: /home/admin/bench/lab/STAGING_helios16p_kiss_legged_bench_cyclone_container_files/helios16p_ws/install/vicon_receiver/include/boost/asio/traits/set_error_member.hpp
[180.124s] -- Installing: /home/admin/bench/lab/STAGING_helios16p_kiss_legged_bench_cyclone_container_files/helios16p_ws/install/vicon_receiver/include/boost/asio/traits/execute_free.hpp
[180.127s] -- Installing: /home/admin/bench/lab/STAGING_helios16p_kiss_legged_bench_cyclone_container_files/helios16p_ws/install/vicon_receiver/include/boost/asio/traits/connect_free.hpp
[180.137s] -- Installing: /home/admin/bench/lab/STAGING_helios16p_kiss_legged_bench_cyclone_container_files/helios16p_ws/install/vicon_receiver/include/boost/asio/traits/query_static_constexpr_member.hpp
[180.150s] -- Installing: /home/admin/bench/lab/STAGING_helios16p_kiss_legged_bench_cyclone_container_files/helios16p_ws/install/vicon_receiver/include/boost/asio/traits/bulk_execute_member.hpp
[180.154s] -- Installing: /home/admin/bench/lab/STAGING_helios16p_kiss_legged_bench_cyclone_container_files/helios16p_ws/install/vicon_receiver/include/boost/asio/traits/query_member.hpp
[180.159s] -- Installing: /home/admin/bench/lab/STAGING_helios16p_kiss_legged_bench_cyclone_container_files/helios16p_ws/install/vicon_receiver/include/boost/asio/traits/set_done_member.hpp
[180.161s] -- Installing: /home/admin/bench/lab/STAGING_helios16p_kiss_legged_bench_cyclone_container_files/helios16p_ws/install/vicon_receiver/include/boost/asio/traits/execute_member.hpp
[180.162s] -- Installing: /home/admin/bench/lab/STAGING_helios16p_kiss_legged_bench_cyclone_container_files/helios16p_ws/install/vicon_receiver/include/boost/asio/traits/submit_free.hpp
[180.168s] -- Installing: /home/admin/bench/lab/STAGING_helios16p_kiss_legged_bench_cyclone_container_files/helios16p_ws/install/vicon_receiver/include/boost/asio/traits/static_query.hpp
[180.170s] -- Installing: /home/admin/bench/lab/STAGING_helios16p_kiss_legged_bench_cyclone_container_files/helios16p_ws/install/vicon_receiver/include/boost/asio/traits/static_require_concept.hpp
[180.177s] -- Installing: /home/admin/bench/lab/STAGING_helios16p_kiss_legged_bench_cyclone_container_files/helios16p_ws/install/vicon_receiver/include/boost/asio/traits/set_value_member.hpp
[180.191s] -- Installing: /home/admin/bench/lab/STAGING_helios16p_kiss_legged_bench_cyclone_container_files/helios16p_ws/install/vicon_receiver/include/boost/asio/traits/require_free.hpp
[180.197s] -- Installing: /home/admin/bench/lab/STAGING_helios16p_kiss_legged_bench_cyclone_container_files/helios16p_ws/install/vicon_receiver/include/boost/asio/traits/connect_member.hpp
[180.202s] -- Installing: /home/admin/bench/lab/STAGING_helios16p_kiss_legged_bench_cyclone_container_files/helios16p_ws/install/vicon_receiver/include/boost/asio/traits/schedule_member.hpp
[180.215s] -- Installing: /home/admin/bench/lab/STAGING_helios16p_kiss_legged_bench_cyclone_container_files/helios16p_ws/install/vicon_receiver/include/boost/asio/traits/require_concept_member.hpp
[180.215s] -- Installing: /home/admin/bench/lab/STAGING_helios16p_kiss_legged_bench_cyclone_container_files/helios16p_ws/install/vicon_receiver/include/boost/asio/traits/start_member.hpp
[180.231s] -- Installing: /home/admin/bench/lab/STAGING_helios16p_kiss_legged_bench_cyclone_container_files/helios16p_ws/install/vicon_receiver/include/boost/asio/traits/set_value_free.hpp
[180.231s] -- Installing: /home/admin/bench/lab/STAGING_helios16p_kiss_legged_bench_cyclone_container_files/helios16p_ws/install/vicon_receiver/include/boost/asio/traits/bulk_execute_free.hpp
[180.234s] -- Installing: /home/admin/bench/lab/STAGING_helios16p_kiss_legged_bench_cyclone_container_files/helios16p_ws/install/vicon_receiver/include/boost/asio/traits/prefer_member.hpp
[180.239s] -- Installing: /home/admin/bench/lab/STAGING_helios16p_kiss_legged_bench_cyclone_container_files/helios16p_ws/install/vicon_receiver/include/boost/asio/traits/submit_member.hpp
[180.245s] -- Installing: /home/admin/bench/lab/STAGING_helios16p_kiss_legged_bench_cyclone_container_files/helios16p_ws/install/vicon_receiver/include/boost/asio/traits/set_error_free.hpp
[180.246s] -- Installing: /home/admin/bench/lab/STAGING_helios16p_kiss_legged_bench_cyclone_container_files/helios16p_ws/install/vicon_receiver/include/boost/asio/traits/query_free.hpp
[180.260s] -- Installing: /home/admin/bench/lab/STAGING_helios16p_kiss_legged_bench_cyclone_container_files/helios16p_ws/install/vicon_receiver/include/boost/asio/traits/require_concept_free.hpp
[180.261s] -- Installing: /home/admin/bench/lab/STAGING_helios16p_kiss_legged_bench_cyclone_container_files/helios16p_ws/install/vicon_receiver/include/boost/asio/traits/set_done_free.hpp
[180.261s] -- Installing: /home/admin/bench/lab/STAGING_helios16p_kiss_legged_bench_cyclone_container_files/helios16p_ws/install/vicon_receiver/include/boost/asio/traits/equality_comparable.hpp
[180.266s] -- Installing: /home/admin/bench/lab/STAGING_helios16p_kiss_legged_bench_cyclone_container_files/helios16p_ws/install/vicon_receiver/include/boost/asio/traits/prefer_free.hpp
[180.268s] -- Installing: /home/admin/bench/lab/STAGING_helios16p_kiss_legged_bench_cyclone_container_files/helios16p_ws/install/vicon_receiver/include/boost/asio/basic_socket.hpp
[180.275s] -- Installing: /home/admin/bench/lab/STAGING_helios16p_kiss_legged_bench_cyclone_container_files/helios16p_ws/install/vicon_receiver/include/boost/asio/buffers_iterator.hpp
[180.276s] -- Installing: /home/admin/bench/lab/STAGING_helios16p_kiss_legged_bench_cyclone_container_files/helios16p_ws/install/vicon_receiver/include/boost/asio/windows
[180.281s] -- Installing: /home/admin/bench/lab/STAGING_helios16p_kiss_legged_bench_cyclone_container_files/helios16p_ws/install/vicon_receiver/include/boost/asio/windows/overlapped_ptr.hpp
[180.287s] -- Installing: /home/admin/bench/lab/STAGING_helios16p_kiss_legged_bench_cyclone_container_files/helios16p_ws/install/vicon_receiver/include/boost/asio/windows/basic_object_handle.hpp
[180.291s] -- Installing: /home/admin/bench/lab/STAGING_helios16p_kiss_legged_bench_cyclone_container_files/helios16p_ws/install/vicon_receiver/include/boost/asio/windows/basic_stream_handle.hpp
[180.308s] -- Installing: /home/admin/bench/lab/STAGING_helios16p_kiss_legged_bench_cyclone_container_files/helios16p_ws/install/vicon_receiver/include/boost/asio/windows/basic_overlapped_handle.hpp
[180.311s] -- Installing: /home/admin/bench/lab/STAGING_helios16p_kiss_legged_bench_cyclone_container_files/helios16p_ws/install/vicon_receiver/include/boost/asio/windows/basic_random_access_handle.hpp
[180.321s] -- Installing: /home/admin/bench/lab/STAGING_helios16p_kiss_legged_bench_cyclone_container_files/helios16p_ws/install/vicon_receiver/include/boost/asio/windows/object_handle.hpp
[180.324s] -- Installing: /home/admin/bench/lab/STAGING_helios16p_kiss_legged_bench_cyclone_container_files/helios16p_ws/install/vicon_receiver/include/boost/asio/windows/stream_handle.hpp
[180.339s] -- Installing: /home/admin/bench/lab/STAGING_helios16p_kiss_legged_bench_cyclone_container_files/helios16p_ws/install/vicon_receiver/include/boost/asio/windows/overlapped_handle.hpp
[180.340s] -- Installing: /home/admin/bench/lab/STAGING_helios16p_kiss_legged_bench_cyclone_container_files/helios16p_ws/install/vicon_receiver/include/boost/asio/windows/random_access_handle.hpp
[180.347s] -- Installing: /home/admin/bench/lab/STAGING_helios16p_kiss_legged_bench_cyclone_container_files/helios16p_ws/install/vicon_receiver/include/boost/asio/buffered_stream_fwd.hpp
[180.358s] -- Installing: /home/admin/bench/lab/STAGING_helios16p_kiss_legged_bench_cyclone_container_files/helios16p_ws/install/vicon_receiver/include/boost/asio/bind_executor.hpp
[180.360s] -- Installing: /home/admin/bench/lab/STAGING_helios16p_kiss_legged_bench_cyclone_container_files/helios16p_ws/install/vicon_receiver/include/boost/asio/read_until.hpp
[180.388s] -- Installing: /home/admin/bench/lab/STAGING_helios16p_kiss_legged_bench_cyclone_container_files/helios16p_ws/install/vicon_receiver/include/boost/asio/placeholders.hpp
[180.389s] -- Installing: /home/admin/bench/lab/STAGING_helios16p_kiss_legged_bench_cyclone_container_files/helios16p_ws/install/vicon_receiver/include/boost/asio/buffer.hpp
[180.399s] -- Installing: /home/admin/bench/lab/STAGING_helios16p_kiss_legged_bench_cyclone_container_files/helios16p_ws/install/vicon_receiver/include/boost/asio/basic_serial_port.hpp
[180.409s] -- Installing: /home/admin/bench/lab/STAGING_helios16p_kiss_legged_bench_cyclone_container_files/helios16p_ws/install/vicon_receiver/include/boost/asio/basic_socket_acceptor.hpp
[180.412s] -- Installing: /home/admin/bench/lab/STAGING_helios16p_kiss_legged_bench_cyclone_container_files/helios16p_ws/install/vicon_receiver/include/boost/asio/local
[180.415s] -- Installing: /home/admin/bench/lab/STAGING_helios16p_kiss_legged_bench_cyclone_container_files/helios16p_ws/install/vicon_receiver/include/boost/asio/local/detail
[180.418s] -- Installing: /home/admin/bench/lab/STAGING_helios16p_kiss_legged_bench_cyclone_container_files/helios16p_ws/install/vicon_receiver/include/boost/asio/local/detail/impl
[180.432s] -- Installing: /home/admin/bench/lab/STAGING_helios16p_kiss_legged_bench_cyclone_container_files/helios16p_ws/install/vicon_receiver/include/boost/asio/local/detail/impl/endpoint.ipp
[180.432s] -- Installing: /home/admin/bench/lab/STAGING_helios16p_kiss_legged_bench_cyclone_container_files/helios16p_ws/install/vicon_receiver/include/boost/asio/local/detail/endpoint.hpp
[180.445s] -- Installing: /home/admin/bench/lab/STAGING_helios16p_kiss_legged_bench_cyclone_container_files/helios16p_ws/install/vicon_receiver/include/boost/asio/local/stream_protocol.hpp
[180.446s] -- Installing: /home/admin/bench/lab/STAGING_helios16p_kiss_legged_bench_cyclone_container_files/helios16p_ws/install/vicon_receiver/include/boost/asio/local/basic_endpoint.hpp
[180.448s] -- Installing: /home/admin/bench/lab/STAGING_helios16p_kiss_legged_bench_cyclone_container_files/helios16p_ws/install/vicon_receiver/include/boost/asio/local/datagram_protocol.hpp
[180.449s] -- Installing: /home/admin/bench/lab/STAGING_helios16p_kiss_legged_bench_cyclone_container_files/helios16p_ws/install/vicon_receiver/include/boost/asio/local/connect_pair.hpp
[180.449s] -- Installing: /home/admin/bench/lab/STAGING_helios16p_kiss_legged_bench_cyclone_container_files/helios16p_ws/install/vicon_receiver/include/boost/asio/basic_seq_packet_socket.hpp
[180.449s] -- Installing: /home/admin/bench/lab/STAGING_helios16p_kiss_legged_bench_cyclone_container_files/helios16p_ws/install/vicon_receiver/include/boost/asio/deadline_timer.hpp
[180.455s] -- Installing: /home/admin/bench/lab/STAGING_helios16p_kiss_legged_bench_cyclone_container_files/helios16p_ws/install/vicon_receiver/include/boost/asio/prefer.hpp
[180.455s] -- Installing: /home/admin/bench/lab/STAGING_helios16p_kiss_legged_bench_cyclone_container_files/helios16p_ws/install/vicon_receiver/include/boost/asio/wait_traits.hpp
[180.459s] -- Installing: /home/admin/bench/lab/STAGING_helios16p_kiss_legged_bench_cyclone_container_files/helios16p_ws/install/vicon_receiver/include/boost/asio/basic_raw_socket.hpp
[180.464s] -- Installing: /home/admin/bench/lab/STAGING_helios16p_kiss_legged_bench_cyclone_container_files/helios16p_ws/install/vicon_receiver/include/boost/asio/is_executor.hpp
[180.465s] -- Installing: /home/admin/bench/lab/STAGING_helios16p_kiss_legged_bench_cyclone_container_files/helios16p_ws/install/vicon_receiver/include/boost/asio/require.hpp
[180.471s] -- Installing: /home/admin/bench/lab/STAGING_helios16p_kiss_legged_bench_cyclone_container_files/helios16p_ws/install/vicon_receiver/include/boost/asio/buffered_write_stream_fwd.hpp
[180.475s] -- Installing: /home/admin/bench/lab/STAGING_helios16p_kiss_legged_bench_cyclone_container_files/helios16p_ws/install/vicon_receiver/include/boost/asio/socket_base.hpp
[180.479s] -- Installing: /home/admin/bench/lab/STAGING_helios16p_kiss_legged_bench_cyclone_container_files/helios16p_ws/install/vicon_receiver/include/boost/asio/awaitable.hpp
[180.486s] -- Installing: /home/admin/bench/lab/STAGING_helios16p_kiss_legged_bench_cyclone_container_files/helios16p_ws/install/vicon_receiver/include/boost/asio/uses_executor.hpp
[180.487s] -- Installing: /home/admin/bench/lab/STAGING_helios16p_kiss_legged_bench_cyclone_container_files/helios16p_ws/install/vicon_receiver/include/boost/asio/thread_pool.hpp
[180.492s] -- Installing: /home/admin/bench/lab/STAGING_helios16p_kiss_legged_bench_cyclone_container_files/helios16p_ws/install/vicon_receiver/include/boost/asio/associated_allocator.hpp
[180.492s] -- Installing: /home/admin/bench/lab/STAGING_helios16p_kiss_legged_bench_cyclone_container_files/helios16p_ws/install/vicon_receiver/include/boost/asio/any_io_executor.hpp
[180.499s] -- Installing: /home/admin/bench/lab/STAGING_helios16p_kiss_legged_bench_cyclone_container_files/helios16p_ws/install/vicon_receiver/include/boost/asio/read_at.hpp
[180.501s] -- Installing: /home/admin/bench/lab/STAGING_helios16p_kiss_legged_bench_cyclone_container_files/helios16p_ws/install/vicon_receiver/include/boost/asio/system_timer.hpp
[180.502s] -- Installing: /home/admin/bench/lab/STAGING_helios16p_kiss_legged_bench_cyclone_container_files/helios16p_ws/install/vicon_receiver/include/boost/asio/multiple_exceptions.hpp
[180.508s] -- Installing: /home/admin/bench/lab/STAGING_helios16p_kiss_legged_bench_cyclone_container_files/helios16p_ws/install/vicon_receiver/include/boost/asio/read.hpp
[180.511s] -- Installing: /home/admin/bench/lab/STAGING_helios16p_kiss_legged_bench_cyclone_container_files/helios16p_ws/install/vicon_receiver/include/boost/asio/impl
[180.512s] -- Installing: /home/admin/bench/lab/STAGING_helios16p_kiss_legged_bench_cyclone_container_files/helios16p_ws/install/vicon_receiver/include/boost/asio/impl/executor.ipp
[180.513s] -- Installing: /home/admin/bench/lab/STAGING_helios16p_kiss_legged_bench_cyclone_container_files/helios16p_ws/install/vicon_receiver/include/boost/asio/impl/compose.hpp
[180.521s] -- Installing: /home/admin/bench/lab/STAGING_helios16p_kiss_legged_bench_cyclone_container_files/helios16p_ws/install/vicon_receiver/include/boost/asio/impl/post.hpp
[180.521s] -- Installing: /home/admin/bench/lab/STAGING_helios16p_kiss_legged_bench_cyclone_container_files/helios16p_ws/install/vicon_receiver/include/boost/asio/impl/system_executor.hpp
[180.522s] -- Installing: /home/admin/bench/lab/STAGING_helios16p_kiss_legged_bench_cyclone_container_files/helios16p_ws/install/vicon_receiver/include/boost/asio/impl/use_awaitable.hpp
[180.527s] -- Installing: /home/admin/bench/lab/STAGING_helios16p_kiss_legged_bench_cyclone_container_files/helios16p_ws/install/vicon_receiver/include/boost/asio/impl/system_context.ipp
[180.529s] -- Installing: /home/admin/bench/lab/STAGING_helios16p_kiss_legged_bench_cyclone_container_files/helios16p_ws/install/vicon_receiver/include/boost/asio/impl/multiple_exceptions.ipp
[180.532s] -- Installing: /home/admin/bench/lab/STAGING_helios16p_kiss_legged_bench_cyclone_container_files/helios16p_ws/install/vicon_receiver/include/boost/asio/impl/buffered_read_stream.hpp
[180.534s] -- Installing: /home/admin/bench/lab/STAGING_helios16p_kiss_legged_bench_cyclone_container_files/helios16p_ws/install/vicon_receiver/include/boost/asio/impl/write.hpp
[180.537s] -- Installing: /home/admin/bench/lab/STAGING_helios16p_kiss_legged_bench_cyclone_container_files/helios16p_ws/install/vicon_receiver/include/boost/asio/impl/thread_pool.ipp
[180.559s] -- Installing: /home/admin/bench/lab/STAGING_helios16p_kiss_legged_bench_cyclone_container_files/helios16p_ws/install/vicon_receiver/include/boost/asio/impl/execution_context.ipp
[180.562s] -- Installing: /home/admin/bench/lab/STAGING_helios16p_kiss_legged_bench_cyclone_container_files/helios16p_ws/install/vicon_receiver/include/boost/asio/impl/executor.hpp
[180.567s] -- Installing: /home/admin/bench/lab/STAGING_helios16p_kiss_legged_bench_cyclone_container_files/helios16p_ws/install/vicon_receiver/include/boost/asio/impl/serial_port_base.ipp
[180.569s] -- Installing: /home/admin/bench/lab/STAGING_helios16p_kiss_legged_bench_cyclone_container_files/helios16p_ws/install/vicon_receiver/include/boost/asio/impl/serial_port_base.hpp
[180.580s] -- Installing: /home/admin/bench/lab/STAGING_helios16p_kiss_legged_bench_cyclone_container_files/helios16p_ws/install/vicon_receiver/include/boost/asio/impl/error.ipp
[180.580s] -- Installing: /home/admin/bench/lab/STAGING_helios16p_kiss_legged_bench_cyclone_container_files/helios16p_ws/install/vicon_receiver/include/boost/asio/impl/defer.hpp
[180.583s] -- Installing: /home/admin/bench/lab/STAGING_helios16p_kiss_legged_bench_cyclone_container_files/helios16p_ws/install/vicon_receiver/include/boost/asio/impl/dispatch.hpp
[180.588s] -- Installing: /home/admin/bench/lab/STAGING_helios16p_kiss_legged_bench_cyclone_container_files/helios16p_ws/install/vicon_receiver/include/boost/asio/impl/execution_context.hpp
[180.590s] -- Installing: /home/admin/bench/lab/STAGING_helios16p_kiss_legged_bench_cyclone_container_files/helios16p_ws/install/vicon_receiver/include/boost/asio/impl/redirect_error.hpp
[180.590s] -- Installing: /home/admin/bench/lab/STAGING_helios16p_kiss_legged_bench_cyclone_container_files/helios16p_ws/install/vicon_receiver/include/boost/asio/impl/system_context.hpp
[180.596s] -- Installing: /home/admin/bench/lab/STAGING_helios16p_kiss_legged_bench_cyclone_container_files/helios16p_ws/install/vicon_receiver/include/boost/asio/impl/use_future.hpp
[180.597s] -- Installing: /home/admin/bench/lab/STAGING_helios16p_kiss_legged_bench_cyclone_container_files/helios16p_ws/install/vicon_receiver/include/boost/asio/impl/read_until.hpp
[180.604s] -- Installing: /home/admin/bench/lab/STAGING_helios16p_kiss_legged_bench_cyclone_container_files/helios16p_ws/install/vicon_receiver/include/boost/asio/impl/handler_alloc_hook.ipp
[180.606s] -- Installing: /home/admin/bench/lab/STAGING_helios16p_kiss_legged_bench_cyclone_container_files/helios16p_ws/install/vicon_receiver/include/boost/asio/impl/io_context.ipp
[180.615s] -- Installing: /home/admin/bench/lab/STAGING_helios16p_kiss_legged_bench_cyclone_container_files/helios16p_ws/install/vicon_receiver/include/boost/asio/impl/awaitable.hpp
[180.615s] -- Installing: /home/admin/bench/lab/STAGING_helios16p_kiss_legged_bench_cyclone_container_files/helios16p_ws/install/vicon_receiver/include/boost/asio/impl/thread_pool.hpp
[180.621s] -- Installing: /home/admin/bench/lab/STAGING_helios16p_kiss_legged_bench_cyclone_container_files/helios16p_ws/install/vicon_receiver/include/boost/asio/impl/read_at.hpp
[180.626s] -- Installing: /home/admin/bench/lab/STAGING_helios16p_kiss_legged_bench_cyclone_container_files/helios16p_ws/install/vicon_receiver/include/boost/asio/impl/read.hpp
[180.634s] -- Installing: /home/admin/bench/lab/STAGING_helios16p_kiss_legged_bench_cyclone_container_files/helios16p_ws/install/vicon_receiver/include/boost/asio/impl/detached.hpp
[180.636s] -- Installing: /home/admin/bench/lab/STAGING_helios16p_kiss_legged_bench_cyclone_container_files/helios16p_ws/install/vicon_receiver/include/boost/asio/impl/buffered_write_stream.hpp
[180.641s] -- Installing: /home/admin/bench/lab/STAGING_helios16p_kiss_legged_bench_cyclone_container_files/helios16p_ws/install/vicon_receiver/include/boost/asio/impl/connect.hpp
[180.652s] -- Installing: /home/admin/bench/lab/STAGING_helios16p_kiss_legged_bench_cyclone_container_files/helios16p_ws/install/vicon_receiver/include/boost/asio/impl/io_context.hpp
[180.652s] -- Installing: /home/admin/bench/lab/STAGING_helios16p_kiss_legged_bench_cyclone_container_files/helios16p_ws/install/vicon_receiver/include/boost/asio/impl/write_at.hpp
[180.657s] -- Installing: /home/admin/bench/lab/STAGING_helios16p_kiss_legged_bench_cyclone_container_files/helios16p_ws/install/vicon_receiver/include/boost/asio/impl/co_spawn.hpp
[180.664s] -- Installing: /home/admin/bench/lab/STAGING_helios16p_kiss_legged_bench_cyclone_container_files/helios16p_ws/install/vicon_receiver/include/boost/asio/generic
[180.665s] -- Installing: /home/admin/bench/lab/STAGING_helios16p_kiss_legged_bench_cyclone_container_files/helios16p_ws/install/vicon_receiver/include/boost/asio/generic/detail
[180.668s] -- Installing: /home/admin/bench/lab/STAGING_helios16p_kiss_legged_bench_cyclone_container_files/helios16p_ws/install/vicon_receiver/include/boost/asio/generic/detail/impl
[180.675s] -- Installing: /home/admin/bench/lab/STAGING_helios16p_kiss_legged_bench_cyclone_container_files/helios16p_ws/install/vicon_receiver/include/boost/asio/generic/detail/impl/endpoint.ipp
[180.677s] -- Installing: /home/admin/bench/lab/STAGING_helios16p_kiss_legged_bench_cyclone_container_files/helios16p_ws/install/vicon_receiver/include/boost/asio/generic/detail/endpoint.hpp
[180.685s] -- Installing: /home/admin/bench/lab/STAGING_helios16p_kiss_legged_bench_cyclone_container_files/helios16p_ws/install/vicon_receiver/include/boost/asio/generic/seq_packet_protocol.hpp
[180.686s] -- Installing: /home/admin/bench/lab/STAGING_helios16p_kiss_legged_bench_cyclone_container_files/helios16p_ws/install/vicon_receiver/include/boost/asio/generic/stream_protocol.hpp
[180.688s] -- Installing: /home/admin/bench/lab/STAGING_helios16p_kiss_legged_bench_cyclone_container_files/helios16p_ws/install/vicon_receiver/include/boost/asio/generic/basic_endpoint.hpp
[180.695s] -- Installing: /home/admin/bench/lab/STAGING_helios16p_kiss_legged_bench_cyclone_container_files/helios16p_ws/install/vicon_receiver/include/boost/asio/generic/datagram_protocol.hpp
[180.698s] -- Installing: /home/admin/bench/lab/STAGING_helios16p_kiss_legged_bench_cyclone_container_files/helios16p_ws/install/vicon_receiver/include/boost/asio/generic/raw_protocol.hpp
[180.698s] -- Installing: /home/admin/bench/lab/STAGING_helios16p_kiss_legged_bench_cyclone_container_files/helios16p_ws/install/vicon_receiver/include/boost/asio/basic_socket_streambuf.hpp
[180.707s] -- Installing: /home/admin/bench/lab/STAGING_helios16p_kiss_legged_bench_cyclone_container_files/helios16p_ws/install/vicon_receiver/include/boost/asio/packaged_task.hpp
[180.713s] -- Installing: /home/admin/bench/lab/STAGING_helios16p_kiss_legged_bench_cyclone_container_files/helios16p_ws/install/vicon_receiver/include/boost/asio/associated_executor.hpp
[180.715s] -- Installing: /home/admin/bench/lab/STAGING_helios16p_kiss_legged_bench_cyclone_container_files/helios16p_ws/install/vicon_receiver/include/boost/asio/is_write_buffered.hpp
[180.715s] -- Installing: /home/admin/bench/lab/STAGING_helios16p_kiss_legged_bench_cyclone_container_files/helios16p_ws/install/vicon_receiver/include/boost/asio/detached.hpp
[180.720s] -- Installing: /home/admin/bench/lab/STAGING_helios16p_kiss_legged_bench_cyclone_container_files/helios16p_ws/install/vicon_receiver/include/boost/asio/execution.hpp
[180.728s] -- Installing: /home/admin/bench/lab/STAGING_helios16p_kiss_legged_bench_cyclone_container_files/helios16p_ws/install/vicon_receiver/include/boost/asio/basic_stream_socket.hpp
[180.746s] -- Installing: /home/admin/bench/lab/STAGING_helios16p_kiss_legged_bench_cyclone_container_files/helios16p_ws/install/vicon_receiver/include/boost/asio/buffered_write_stream.hpp
[180.746s] -- Installing: /home/admin/bench/lab/STAGING_helios16p_kiss_legged_bench_cyclone_container_files/helios16p_ws/install/vicon_receiver/include/boost/asio/is_applicable_property.hpp
[180.751s] -- Installing: /home/admin/bench/lab/STAGING_helios16p_kiss_legged_bench_cyclone_container_files/helios16p_ws/install/vicon_receiver/include/boost/asio/coroutine.hpp
[180.757s] -- Installing: /home/admin/bench/lab/STAGING_helios16p_kiss_legged_bench_cyclone_container_files/helios16p_ws/install/vicon_receiver/include/boost/asio/connect.hpp
[180.784s] -- Installing: /home/admin/bench/lab/STAGING_helios16p_kiss_legged_bench_cyclone_container_files/helios16p_ws/install/vicon_receiver/include/boost/asio/query.hpp
[180.786s] -- Installing: /home/admin/bench/lab/STAGING_helios16p_kiss_legged_bench_cyclone_container_files/helios16p_ws/install/vicon_receiver/include/boost/asio/io_context_strand.hpp
[180.786s] -- Installing: /home/admin/bench/lab/STAGING_helios16p_kiss_legged_bench_cyclone_container_files/helios16p_ws/install/vicon_receiver/include/boost/asio/io_context.hpp
[180.787s] -- Installing: /home/admin/bench/lab/STAGING_helios16p_kiss_legged_bench_cyclone_container_files/helios16p_ws/install/vicon_receiver/include/boost/asio/write_at.hpp
[180.795s] -- Installing: /home/admin/bench/lab/STAGING_helios16p_kiss_legged_bench_cyclone_container_files/helios16p_ws/install/vicon_receiver/include/boost/asio/handler_invoke_hook.hpp
[180.796s] -- Installing: /home/admin/bench/lab/STAGING_helios16p_kiss_legged_bench_cyclone_container_files/helios16p_ws/install/vicon_receiver/include/boost/asio/handler_alloc_hook.hpp
[180.796s] -- Installing: /home/admin/bench/lab/STAGING_helios16p_kiss_legged_bench_cyclone_container_files/helios16p_ws/install/vicon_receiver/include/boost/asio/basic_datagram_socket.hpp
[180.807s] -- Installing: /home/admin/bench/lab/STAGING_helios16p_kiss_legged_bench_cyclone_container_files/helios16p_ws/install/vicon_receiver/include/boost/asio/completion_condition.hpp
[180.808s] -- Installing: /home/admin/bench/lab/STAGING_helios16p_kiss_legged_bench_cyclone_container_files/helios16p_ws/install/vicon_receiver/include/boost/asio/serial_port.hpp
[180.808s] -- Installing: /home/admin/bench/lab/STAGING_helios16p_kiss_legged_bench_cyclone_container_files/helios16p_ws/install/vicon_receiver/include/boost/asio/basic_waitable_timer.hpp
[180.808s] -- Installing: /home/admin/bench/lab/STAGING_helios16p_kiss_legged_bench_cyclone_container_files/helios16p_ws/install/vicon_receiver/include/boost/asio/is_read_buffered.hpp
[180.822s] -- Installing: /home/admin/bench/lab/STAGING_helios16p_kiss_legged_bench_cyclone_container_files/helios16p_ws/install/vicon_receiver/include/boost/asio/ip
[180.822s] -- Installing: /home/admin/bench/lab/STAGING_helios16p_kiss_legged_bench_cyclone_container_files/helios16p_ws/install/vicon_receiver/include/boost/asio/ip/address_v4.hpp
[180.823s] -- Installing: /home/admin/bench/lab/STAGING_helios16p_kiss_legged_bench_cyclone_container_files/helios16p_ws/install/vicon_receiver/include/boost/asio/ip/basic_resolver_results.hpp
[180.823s] -- Installing: /home/admin/bench/lab/STAGING_helios16p_kiss_legged_bench_cyclone_container_files/helios16p_ws/install/vicon_receiver/include/boost/asio/ip/address_v6_range.hpp
[180.836s] -- Installing: /home/admin/bench/lab/STAGING_helios16p_kiss_legged_bench_cyclone_container_files/helios16p_ws/install/vicon_receiver/include/boost/asio/ip/multicast.hpp
[180.837s] -- Installing: /home/admin/bench/lab/STAGING_helios16p_kiss_legged_bench_cyclone_container_files/helios16p_ws/install/vicon_receiver/include/boost/asio/ip/detail
[180.837s] -- Installing: /home/admin/bench/lab/STAGING_helios16p_kiss_legged_bench_cyclone_container_files/helios16p_ws/install/vicon_receiver/include/boost/asio/ip/detail/socket_option.hpp
[180.844s] -- Installing: /home/admin/bench/lab/STAGING_helios16p_kiss_legged_bench_cyclone_container_files/helios16p_ws/install/vicon_receiver/include/boost/asio/ip/detail/impl
[180.845s] -- Installing: /home/admin/bench/lab/STAGING_helios16p_kiss_legged_bench_cyclone_container_files/helios16p_ws/install/vicon_receiver/include/boost/asio/ip/detail/impl/endpoint.ipp
[180.845s] -- Installing: /home/admin/bench/lab/STAGING_helios16p_kiss_legged_bench_cyclone_container_files/helios16p_ws/install/vicon_receiver/include/boost/asio/ip/detail/endpoint.hpp
[180.857s] -- Installing: /home/admin/bench/lab/STAGING_helios16p_kiss_legged_bench_cyclone_container_files/helios16p_ws/install/vicon_receiver/include/boost/asio/ip/bad_address_cast.hpp
[180.861s] -- Installing: /home/admin/bench/lab/STAGING_helios16p_kiss_legged_bench_cyclone_container_files/helios16p_ws/install/vicon_receiver/include/boost/asio/ip/basic_resolver.hpp
[180.861s] -- Installing: /home/admin/bench/lab/STAGING_helios16p_kiss_legged_bench_cyclone_container_files/helios16p_ws/install/vicon_receiver/include/boost/asio/ip/address_v6.hpp
[180.861s] -- Installing: /home/admin/bench/lab/STAGING_helios16p_kiss_legged_bench_cyclone_container_files/helios16p_ws/install/vicon_receiver/include/boost/asio/ip/address_v4_iterator.hpp
[180.866s] -- Installing: /home/admin/bench/lab/STAGING_helios16p_kiss_legged_bench_cyclone_container_files/helios16p_ws/install/vicon_receiver/include/boost/asio/ip/resolver_query_base.hpp
[180.867s] -- Installing: /home/admin/bench/lab/STAGING_helios16p_kiss_legged_bench_cyclone_container_files/helios16p_ws/install/vicon_receiver/include/boost/asio/ip/udp.hpp
[180.873s] -- Installing: /home/admin/bench/lab/STAGING_helios16p_kiss_legged_bench_cyclone_container_files/helios16p_ws/install/vicon_receiver/include/boost/asio/ip/basic_endpoint.hpp
[180.873s] -- Installing: /home/admin/bench/lab/STAGING_helios16p_kiss_legged_bench_cyclone_container_files/helios16p_ws/install/vicon_receiver/include/boost/asio/ip/network_v4.hpp
[180.874s] -- Installing: /home/admin/bench/lab/STAGING_helios16p_kiss_legged_bench_cyclone_container_files/helios16p_ws/install/vicon_receiver/include/boost/asio/ip/network_v6.hpp
[180.881s] -- Installing: /home/admin/bench/lab/STAGING_helios16p_kiss_legged_bench_cyclone_container_files/helios16p_ws/install/vicon_receiver/include/boost/asio/ip/address_v6_iterator.hpp
[180.881s] -- Installing: /home/admin/bench/lab/STAGING_helios16p_kiss_legged_bench_cyclone_container_files/helios16p_ws/install/vicon_receiver/include/boost/asio/ip/address_v4_range.hpp
[180.882s] -- Installing: /home/admin/bench/lab/STAGING_helios16p_kiss_legged_bench_cyclone_container_files/helios16p_ws/install/vicon_receiver/include/boost/asio/ip/icmp.hpp
[180.882s] -- Installing: /home/admin/bench/lab/STAGING_helios16p_kiss_legged_bench_cyclone_container_files/helios16p_ws/install/vicon_receiver/include/boost/asio/ip/host_name.hpp
[180.893s] -- Installing: /home/admin/bench/lab/STAGING_helios16p_kiss_legged_bench_cyclone_container_files/helios16p_ws/install/vicon_receiver/include/boost/asio/ip/unicast.hpp
[180.901s] -- Installing: /home/admin/bench/lab/STAGING_helios16p_kiss_legged_bench_cyclone_container_files/helios16p_ws/install/vicon_receiver/include/boost/asio/ip/impl
[180.902s] -- Installing: /home/admin/bench/lab/STAGING_helios16p_kiss_legged_bench_cyclone_container_files/helios16p_ws/install/vicon_receiver/include/boost/asio/ip/impl/address_v4.hpp
[180.902s] -- Installing: /home/admin/bench/lab/STAGING_helios16p_kiss_legged_bench_cyclone_container_files/helios16p_ws/install/vicon_receiver/include/boost/asio/ip/impl/address_v4.ipp
[180.905s] -- Installing: /home/admin/bench/lab/STAGING_helios16p_kiss_legged_bench_cyclone_container_files/helios16p_ws/install/vicon_receiver/include/boost/asio/ip/impl/address_v6.hpp
[180.907s] -- Installing: /home/admin/bench/lab/STAGING_helios16p_kiss_legged_bench_cyclone_container_files/helios16p_ws/install/vicon_receiver/include/boost/asio/ip/impl/network_v4.ipp
[180.908s] -- Installing: /home/admin/bench/lab/STAGING_helios16p_kiss_legged_bench_cyclone_container_files/helios16p_ws/install/vicon_receiver/include/boost/asio/ip/impl/basic_endpoint.hpp
[180.908s] -- Installing: /home/admin/bench/lab/STAGING_helios16p_kiss_legged_bench_cyclone_container_files/helios16p_ws/install/vicon_receiver/include/boost/asio/ip/impl/network_v4.hpp
[180.909s] -- Installing: /home/admin/bench/lab/STAGING_helios16p_kiss_legged_bench_cyclone_container_files/helios16p_ws/install/vicon_receiver/include/boost/asio/ip/impl/network_v6.hpp
[180.909s] -- Installing: /home/admin/bench/lab/STAGING_helios16p_kiss_legged_bench_cyclone_container_files/helios16p_ws/install/vicon_receiver/include/boost/asio/ip/impl/network_v6.ipp
[180.909s] -- Installing: /home/admin/bench/lab/STAGING_helios16p_kiss_legged_bench_cyclone_container_files/helios16p_ws/install/vicon_receiver/include/boost/asio/ip/impl/host_name.ipp
[180.918s] -- Installing: /home/admin/bench/lab/STAGING_helios16p_kiss_legged_bench_cyclone_container_files/helios16p_ws/install/vicon_receiver/include/boost/asio/ip/impl/address.ipp
[180.919s] -- Installing: /home/admin/bench/lab/STAGING_helios16p_kiss_legged_bench_cyclone_container_files/helios16p_ws/install/vicon_receiver/include/boost/asio/ip/impl/address.hpp
[180.920s] -- Installing: /home/admin/bench/lab/STAGING_helios16p_kiss_legged_bench_cyclone_container_files/helios16p_ws/install/vicon_receiver/include/boost/asio/ip/impl/address_v6.ipp
[180.920s] -- Installing: /home/admin/bench/lab/STAGING_helios16p_kiss_legged_bench_cyclone_container_files/helios16p_ws/install/vicon_receiver/include/boost/asio/ip/basic_resolver_entry.hpp
[180.920s] -- Installing: /home/admin/bench/lab/STAGING_helios16p_kiss_legged_bench_cyclone_container_files/helios16p_ws/install/vicon_receiver/include/boost/asio/ip/resolver_base.hpp
[180.923s] -- Installing: /home/admin/bench/lab/STAGING_helios16p_kiss_legged_bench_cyclone_container_files/helios16p_ws/install/vicon_receiver/include/boost/asio/ip/basic_resolver_query.hpp
[180.930s] -- Installing: /home/admin/bench/lab/STAGING_helios16p_kiss_legged_bench_cyclone_container_files/helios16p_ws/install/vicon_receiver/include/boost/asio/ip/address.hpp
[180.933s] -- Installing: /home/admin/bench/lab/STAGING_helios16p_kiss_legged_bench_cyclone_container_files/helios16p_ws/install/vicon_receiver/include/boost/asio/ip/v6_only.hpp
[180.933s] -- Installing: /home/admin/bench/lab/STAGING_helios16p_kiss_legged_bench_cyclone_container_files/helios16p_ws/install/vicon_receiver/include/boost/asio/ip/basic_resolver_iterator.hpp
[180.934s] -- Installing: /home/admin/bench/lab/STAGING_helios16p_kiss_legged_bench_cyclone_container_files/helios16p_ws/install/vicon_receiver/include/boost/asio/ip/tcp.hpp
[180.937s] -- Installing: /home/admin/bench/lab/STAGING_helios16p_kiss_legged_bench_cyclone_container_files/helios16p_ws/install/vicon_receiver/include/boost/asio/co_spawn.hpp
[180.944s] -- Installing: /home/admin/bench/lab/STAGING_helios16p_kiss_legged_bench_cyclone_container_files/helios16p_ws/install/vicon_receiver/include/boost/algorithm
[180.952s] -- Installing: /home/admin/bench/lab/STAGING_helios16p_kiss_legged_bench_cyclone_container_files/helios16p_ws/install/vicon_receiver/include/boost/algorithm/string.hpp
[180.953s] -- Installing: /home/admin/bench/lab/STAGING_helios16p_kiss_legged_bench_cyclone_container_files/helios16p_ws/install/vicon_receiver/include/boost/algorithm/string
[180.954s] -- Installing: /home/admin/bench/lab/STAGING_helios16p_kiss_legged_bench_cyclone_container_files/helios16p_ws/install/vicon_receiver/include/boost/algorithm/string/std_containers_traits.hpp
[180.956s] -- Installing: /home/admin/bench/lab/STAGING_helios16p_kiss_legged_bench_cyclone_container_files/helios16p_ws/install/vicon_receiver/include/boost/algorithm/string/detail
[180.958s] -- Installing: /home/admin/bench/lab/STAGING_helios16p_kiss_legged_bench_cyclone_container_files/helios16p_ws/install/vicon_receiver/include/boost/algorithm/string/detail/find_format_store.hpp
[180.970s] -- Installing: /home/admin/bench/lab/STAGING_helios16p_kiss_legged_bench_cyclone_container_files/helios16p_ws/install/vicon_receiver/include/boost/algorithm/string/detail/replace_storage.hpp
[180.973s] -- Installing: /home/admin/bench/lab/STAGING_helios16p_kiss_legged_bench_cyclone_container_files/helios16p_ws/install/vicon_receiver/include/boost/algorithm/string/detail/find_iterator.hpp
[180.985s] -- Installing: /home/admin/bench/lab/STAGING_helios16p_kiss_legged_bench_cyclone_container_files/helios16p_ws/install/vicon_receiver/include/boost/algorithm/string/detail/finder.hpp
[180.993s] -- Installing: /home/admin/bench/lab/STAGING_helios16p_kiss_legged_bench_cyclone_container_files/helios16p_ws/install/vicon_receiver/include/boost/algorithm/string/detail/util.hpp
[181.000s] -- Installing: /home/admin/bench/lab/STAGING_helios16p_kiss_legged_bench_cyclone_container_files/helios16p_ws/install/vicon_receiver/include/boost/algorithm/string/detail/trim.hpp
[181.007s] -- Installing: /home/admin/bench/lab/STAGING_helios16p_kiss_legged_bench_cyclone_container_files/helios16p_ws/install/vicon_receiver/include/boost/algorithm/string/detail/sequence.hpp
[181.016s] -- Installing: /home/admin/bench/lab/STAGING_helios16p_kiss_legged_bench_cyclone_container_files/helios16p_ws/install/vicon_receiver/include/boost/algorithm/string/detail/find_format.hpp
[181.017s] -- Installing: /home/admin/bench/lab/STAGING_helios16p_kiss_legged_bench_cyclone_container_files/helios16p_ws/install/vicon_receiver/include/boost/algorithm/string/detail/classification.hpp
[181.017s] -- Installing: /home/admin/bench/lab/STAGING_helios16p_kiss_legged_bench_cyclone_container_files/helios16p_ws/install/vicon_receiver/include/boost/algorithm/string/detail/predicate.hpp
[181.020s] -- Installing: /home/admin/bench/lab/STAGING_helios16p_kiss_legged_bench_cyclone_container_files/helios16p_ws/install/vicon_receiver/include/boost/algorithm/string/detail/find_format_all.hpp
[181.021s] -- Installing: /home/admin/bench/lab/STAGING_helios16p_kiss_legged_bench_cyclone_container_files/helios16p_ws/install/vicon_receiver/include/boost/algorithm/string/detail/formatter.hpp
[181.025s] -- Installing: /home/admin/bench/lab/STAGING_helios16p_kiss_legged_bench_cyclone_container_files/helios16p_ws/install/vicon_receiver/include/boost/algorithm/string/detail/case_conv.hpp
[181.026s] -- Installing: /home/admin/bench/lab/STAGING_helios16p_kiss_legged_bench_cyclone_container_files/helios16p_ws/install/vicon_receiver/include/boost/algorithm/string/erase.hpp
[181.042s] -- Installing: /home/admin/bench/lab/STAGING_helios16p_kiss_legged_bench_cyclone_container_files/helios16p_ws/install/vicon_receiver/include/boost/algorithm/string/sequence_traits.hpp
[181.048s] -- Installing: /home/admin/bench/lab/STAGING_helios16p_kiss_legged_bench_cyclone_container_files/helios16p_ws/install/vicon_receiver/include/boost/algorithm/string/find_iterator.hpp
[181.052s] -- Installing: /home/admin/bench/lab/STAGING_helios16p_kiss_legged_bench_cyclone_container_files/helios16p_ws/install/vicon_receiver/include/boost/algorithm/string/yes_no_type.hpp
[181.056s] -- Installing: /home/admin/bench/lab/STAGING_helios16p_kiss_legged_bench_cyclone_container_files/helios16p_ws/install/vicon_receiver/include/boost/algorithm/string/find.hpp
[181.059s] -- Installing: /home/admin/bench/lab/STAGING_helios16p_kiss_legged_bench_cyclone_container_files/helios16p_ws/install/vicon_receiver/include/boost/algorithm/string/std
[181.063s] -- Installing: /home/admin/bench/lab/STAGING_helios16p_kiss_legged_bench_cyclone_container_files/helios16p_ws/install/vicon_receiver/include/boost/algorithm/string/std/slist_traits.hpp
[181.067s] -- Installing: /home/admin/bench/lab/STAGING_helios16p_kiss_legged_bench_cyclone_container_files/helios16p_ws/install/vicon_receiver/include/boost/algorithm/string/std/string_traits.hpp
[181.077s] -- Installing: /home/admin/bench/lab/STAGING_helios16p_kiss_legged_bench_cyclone_container_files/helios16p_ws/install/vicon_receiver/include/boost/algorithm/string/std/list_traits.hpp
[181.077s] -- Installing: /home/admin/bench/lab/STAGING_helios16p_kiss_legged_bench_cyclone_container_files/helios16p_ws/install/vicon_receiver/include/boost/algorithm/string/finder.hpp
[181.082s] -- Installing: /home/admin/bench/lab/STAGING_helios16p_kiss_legged_bench_cyclone_container_files/helios16p_ws/install/vicon_receiver/include/boost/algorithm/string/config.hpp
[181.089s] -- Installing: /home/admin/bench/lab/STAGING_helios16p_kiss_legged_bench_cyclone_container_files/helios16p_ws/install/vicon_receiver/include/boost/algorithm/string/trim.hpp
[181.093s] -- Installing: /home/admin/bench/lab/STAGING_helios16p_kiss_legged_bench_cyclone_container_files/helios16p_ws/install/vicon_receiver/include/boost/algorithm/string/join.hpp
[181.099s] -- Installing: /home/admin/bench/lab/STAGING_helios16p_kiss_legged_bench_cyclone_container_files/helios16p_ws/install/vicon_receiver/include/boost/algorithm/string/replace.hpp
[181.114s] -- Installing: /home/admin/bench/lab/STAGING_helios16p_kiss_legged_bench_cyclone_container_files/helios16p_ws/install/vicon_receiver/include/boost/algorithm/string/compare.hpp
[181.115s] -- Installing: /home/admin/bench/lab/STAGING_helios16p_kiss_legged_bench_cyclone_container_files/helios16p_ws/install/vicon_receiver/include/boost/algorithm/string/split.hpp
[181.118s] -- Installing: /home/admin/bench/lab/STAGING_helios16p_kiss_legged_bench_cyclone_container_files/helios16p_ws/install/vicon_receiver/include/boost/algorithm/string/constants.hpp
[181.120s] -- Installing: /home/admin/bench/lab/STAGING_helios16p_kiss_legged_bench_cyclone_container_files/helios16p_ws/install/vicon_receiver/include/boost/algorithm/string/concept.hpp
[181.127s] -- Installing: /home/admin/bench/lab/STAGING_helios16p_kiss_legged_bench_cyclone_container_files/helios16p_ws/install/vicon_receiver/include/boost/algorithm/string/iter_find.hpp
[181.132s] -- Installing: /home/admin/bench/lab/STAGING_helios16p_kiss_legged_bench_cyclone_container_files/helios16p_ws/install/vicon_receiver/include/boost/algorithm/string/find_format.hpp
[181.139s] -- Installing: /home/admin/bench/lab/STAGING_helios16p_kiss_legged_bench_cyclone_container_files/helios16p_ws/install/vicon_receiver/include/boost/algorithm/string/classification.hpp
[181.158s] -- Installing: /home/admin/bench/lab/STAGING_helios16p_kiss_legged_bench_cyclone_container_files/helios16p_ws/install/vicon_receiver/include/boost/algorithm/string/predicate.hpp
[181.163s] -- Installing: /home/admin/bench/lab/STAGING_helios16p_kiss_legged_bench_cyclone_container_files/helios16p_ws/install/vicon_receiver/include/boost/algorithm/string/formatter.hpp
[181.164s] -- Installing: /home/admin/bench/lab/STAGING_helios16p_kiss_legged_bench_cyclone_container_files/helios16p_ws/install/vicon_receiver/include/boost/algorithm/string/predicate_facade.hpp
[181.165s] -- Installing: /home/admin/bench/lab/STAGING_helios16p_kiss_legged_bench_cyclone_container_files/helios16p_ws/install/vicon_receiver/include/boost/algorithm/string/case_conv.hpp
[181.171s] -- Installing: /home/admin/bench/lab/STAGING_helios16p_kiss_legged_bench_cyclone_container_files/helios16p_ws/install/vicon_receiver/include/boost/function_equal.hpp
[181.175s] -- Installing: /home/admin/bench/lab/STAGING_helios16p_kiss_legged_bench_cyclone_container_files/helios16p_ws/install/vicon_receiver/include/boost/operators.hpp
[181.178s] -- Installing: /home/admin/bench/lab/STAGING_helios16p_kiss_legged_bench_cyclone_container_files/helios16p_ws/install/vicon_receiver/include/boost/ref.hpp
[181.185s] -- Installing: /home/admin/bench/lab/STAGING_helios16p_kiss_legged_bench_cyclone_container_files/helios16p_ws/install/vicon_receiver/include/boost/non_type.hpp
[181.186s] -- Installing: /home/admin/bench/lab/STAGING_helios16p_kiss_legged_bench_cyclone_container_files/helios16p_ws/install/vicon_receiver/include/boost/swap.hpp
[181.188s] -- Installing: /home/admin/bench/lab/STAGING_helios16p_kiss_legged_bench_cyclone_container_files/helios16p_ws/install/vicon_receiver/include/boost/exception
[181.192s] -- Installing: /home/admin/bench/lab/STAGING_helios16p_kiss_legged_bench_cyclone_container_files/helios16p_ws/install/vicon_receiver/include/boost/exception/detail
[181.195s] -- Installing: /home/admin/bench/lab/STAGING_helios16p_kiss_legged_bench_cyclone_container_files/helios16p_ws/install/vicon_receiver/include/boost/exception/detail/shared_ptr.hpp
[181.200s] -- Installing: /home/admin/bench/lab/STAGING_helios16p_kiss_legged_bench_cyclone_container_files/helios16p_ws/install/vicon_receiver/include/boost/exception/detail/is_output_streamable.hpp
[181.201s] -- Installing: /home/admin/bench/lab/STAGING_helios16p_kiss_legged_bench_cyclone_container_files/helios16p_ws/install/vicon_receiver/include/boost/exception/detail/type_info.hpp
[181.202s] -- Installing: /home/admin/bench/lab/STAGING_helios16p_kiss_legged_bench_cyclone_container_files/helios16p_ws/install/vicon_receiver/include/boost/exception/detail/exception_ptr.hpp
[181.205s] -- Installing: /home/admin/bench/lab/STAGING_helios16p_kiss_legged_bench_cyclone_container_files/helios16p_ws/install/vicon_receiver/include/boost/exception/detail/error_info_impl.hpp
[181.209s] -- Installing: /home/admin/bench/lab/STAGING_helios16p_kiss_legged_bench_cyclone_container_files/helios16p_ws/install/vicon_receiver/include/boost/exception/detail/clone_current_exception.hpp
[181.216s] -- Installing: /home/admin/bench/lab/STAGING_helios16p_kiss_legged_bench_cyclone_container_files/helios16p_ws/install/vicon_receiver/include/boost/exception/detail/object_hex_dump.hpp
[181.224s] -- Installing: /home/admin/bench/lab/STAGING_helios16p_kiss_legged_bench_cyclone_container_files/helios16p_ws/install/vicon_receiver/include/boost/exception/exception.hpp
[181.225s] -- Installing: /home/admin/bench/lab/STAGING_helios16p_kiss_legged_bench_cyclone_container_files/helios16p_ws/install/vicon_receiver/include/boost/exception/diagnostic_information.hpp
[181.227s] -- Installing: /home/admin/bench/lab/STAGING_helios16p_kiss_legged_bench_cyclone_container_files/helios16p_ws/install/vicon_receiver/include/boost/exception/to_string.hpp
[181.235s] -- Installing: /home/admin/bench/lab/STAGING_helios16p_kiss_legged_bench_cyclone_container_files/helios16p_ws/install/vicon_receiver/include/boost/exception/current_exception_cast.hpp
[181.236s] -- Installing: /home/admin/bench/lab/STAGING_helios16p_kiss_legged_bench_cyclone_container_files/helios16p_ws/install/vicon_receiver/include/boost/exception/to_string_stub.hpp
[181.241s] -- Installing: /home/admin/bench/lab/STAGING_helios16p_kiss_legged_bench_cyclone_container_files/helios16p_ws/install/vicon_receiver/include/boost/exception/get_error_info.hpp
[181.243s] -- Installing: /home/admin/bench/lab/STAGING_helios16p_kiss_legged_bench_cyclone_container_files/helios16p_ws/install/vicon_receiver/include/boost/exception/info.hpp
[181.251s] -- Installing: /home/admin/bench/lab/STAGING_helios16p_kiss_legged_bench_cyclone_container_files/helios16p_ws/install/vicon_receiver/include/boost/noncopyable.hpp
[181.252s] -- Installing: /home/admin/bench/lab/STAGING_helios16p_kiss_legged_bench_cyclone_container_files/helios16p_ws/install/vicon_receiver/include/boost/shared_ptr.hpp
[181.257s] -- Installing: /home/admin/bench/lab/STAGING_helios16p_kiss_legged_bench_cyclone_container_files/helios16p_ws/install/vicon_receiver/include/boost/predef.h
[181.260s] -- Installing: /home/admin/bench/lab/STAGING_helios16p_kiss_legged_bench_cyclone_container_files/helios16p_ws/install/vicon_receiver/include/boost/mem_fn.hpp
[181.261s] -- Installing: /home/admin/bench/lab/STAGING_helios16p_kiss_legged_bench_cyclone_container_files/helios16p_ws/install/vicon_receiver/include/boost/config
[181.262s] -- Installing: /home/admin/bench/lab/STAGING_helios16p_kiss_legged_bench_cyclone_container_files/helios16p_ws/install/vicon_receiver/include/boost/config/compiler
[181.264s] -- Installing: /home/admin/bench/lab/STAGING_helios16p_kiss_legged_bench_cyclone_container_files/helios16p_ws/install/vicon_receiver/include/boost/config/compiler/cray.hpp
[181.270s] -- Installing: /home/admin/bench/lab/STAGING_helios16p_kiss_legged_bench_cyclone_container_files/helios16p_ws/install/vicon_receiver/include/boost/config/compiler/mpw.hpp
[181.272s] -- Installing: /home/admin/bench/lab/STAGING_helios16p_kiss_legged_bench_cyclone_container_files/helios16p_ws/install/vicon_receiver/include/boost/config/compiler/gcc.hpp
[181.279s] -- Installing: /home/admin/bench/lab/STAGING_helios16p_kiss_legged_bench_cyclone_container_files/helios16p_ws/install/vicon_receiver/include/boost/config/compiler/diab.hpp
[181.284s] -- Installing: /home/admin/bench/lab/STAGING_helios16p_kiss_legged_bench_cyclone_container_files/helios16p_ws/install/vicon_receiver/include/boost/config/compiler/codegear.hpp
[181.285s] -- Installing: /home/admin/bench/lab/STAGING_helios16p_kiss_legged_bench_cyclone_container_files/helios16p_ws/install/vicon_receiver/include/boost/config/compiler/pgi.hpp
[181.292s] -- Installing: /home/admin/bench/lab/STAGING_helios16p_kiss_legged_bench_cyclone_container_files/helios16p_ws/install/vicon_receiver/include/boost/config/compiler/borland.hpp
[181.293s] -- Installing: /home/admin/bench/lab/STAGING_helios16p_kiss_legged_bench_cyclone_container_files/helios16p_ws/install/vicon_receiver/include/boost/config/compiler/intel.hpp
[181.302s] -- Installing: /home/admin/bench/lab/STAGING_helios16p_kiss_legged_bench_cyclone_container_files/helios16p_ws/install/vicon_receiver/include/boost/config/compiler/vacpp.hpp
[181.305s] -- Installing: /home/admin/bench/lab/STAGING_helios16p_kiss_legged_bench_cyclone_container_files/helios16p_ws/install/vicon_receiver/include/boost/config/compiler/common_edg.hpp
[181.306s] -- Installing: /home/admin/bench/lab/STAGING_helios16p_kiss_legged_bench_cyclone_container_files/helios16p_ws/install/vicon_receiver/include/boost/config/compiler/visualc.hpp
[181.316s] -- Installing: /home/admin/bench/lab/STAGING_helios16p_kiss_legged_bench_cyclone_container_files/helios16p_ws/install/vicon_receiver/include/boost/config/compiler/kai.hpp
[181.316s] -- Installing: /home/admin/bench/lab/STAGING_helios16p_kiss_legged_bench_cyclone_container_files/helios16p_ws/install/vicon_receiver/include/boost/config/compiler/digitalmars.hpp
[181.326s] -- Installing: /home/admin/bench/lab/STAGING_helios16p_kiss_legged_bench_cyclone_container_files/helios16p_ws/install/vicon_receiver/include/boost/config/compiler/hp_acc.hpp
[181.338s] -- Installing: /home/admin/bench/lab/STAGING_helios16p_kiss_legged_bench_cyclone_container_files/helios16p_ws/install/vicon_receiver/include/boost/config/compiler/sgi_mipspro.hpp
[181.342s] -- Installing: /home/admin/bench/lab/STAGING_helios16p_kiss_legged_bench_cyclone_container_files/helios16p_ws/install/vicon_receiver/include/boost/config/compiler/pathscale.hpp
[181.357s] -- Installing: /home/admin/bench/lab/STAGING_helios16p_kiss_legged_bench_cyclone_container_files/helios16p_ws/install/vicon_receiver/include/boost/config/compiler/greenhills.hpp
[181.358s] -- Installing: /home/admin/bench/lab/STAGING_helios16p_kiss_legged_bench_cyclone_container_files/helios16p_ws/install/vicon_receiver/include/boost/config/compiler/sunpro_cc.hpp
[181.365s] -- Installing: /home/admin/bench/lab/STAGING_helios16p_kiss_legged_bench_cyclone_container_files/helios16p_ws/install/vicon_receiver/include/boost/config/compiler/xlcpp.hpp
[181.366s] -- Installing: /home/admin/bench/lab/STAGING_helios16p_kiss_legged_bench_cyclone_container_files/helios16p_ws/install/vicon_receiver/include/boost/config/compiler/comeau.hpp
[181.367s] -- Installing: /home/admin/bench/lab/STAGING_helios16p_kiss_legged_bench_cyclone_container_files/helios16p_ws/install/vicon_receiver/include/boost/config/compiler/compaq_cxx.hpp
[181.375s] -- Installing: /home/admin/bench/lab/STAGING_helios16p_kiss_legged_bench_cyclone_container_files/helios16p_ws/install/vicon_receiver/include/boost/config/compiler/nvcc.hpp
[181.380s] -- Installing: /home/admin/bench/lab/STAGING_helios16p_kiss_legged_bench_cyclone_container_files/helios16p_ws/install/vicon_receiver/include/boost/config/compiler/metrowerks.hpp
[181.385s] -- Installing: /home/admin/bench/lab/STAGING_helios16p_kiss_legged_bench_cyclone_container_files/helios16p_ws/install/vicon_receiver/include/boost/config/compiler/clang.hpp
[181.391s] -- Installing: /home/admin/bench/lab/STAGING_helios16p_kiss_legged_bench_cyclone_container_files/helios16p_ws/install/vicon_receiver/include/boost/config/compiler/xlcpp_zos.hpp
[181.392s] -- Installing: /home/admin/bench/lab/STAGING_helios16p_kiss_legged_bench_cyclone_container_files/helios16p_ws/install/vicon_receiver/include/boost/config/compiler/gcc_xml.hpp
[181.398s] -- Installing: /home/admin/bench/lab/STAGING_helios16p_kiss_legged_bench_cyclone_container_files/helios16p_ws/install/vicon_receiver/include/boost/config/detail
[181.398s] -- Installing: /home/admin/bench/lab/STAGING_helios16p_kiss_legged_bench_cyclone_container_files/helios16p_ws/install/vicon_receiver/include/boost/config/detail/select_stdlib_config.hpp
[181.404s] -- Installing: /home/admin/bench/lab/STAGING_helios16p_kiss_legged_bench_cyclone_container_files/helios16p_ws/install/vicon_receiver/include/boost/config/detail/suffix.hpp
[181.406s] -- Installing: /home/admin/bench/lab/STAGING_helios16p_kiss_legged_bench_cyclone_container_files/helios16p_ws/install/vicon_receiver/include/boost/config/detail/select_compiler_config.hpp
[181.411s] -- Installing: /home/admin/bench/lab/STAGING_helios16p_kiss_legged_bench_cyclone_container_files/helios16p_ws/install/vicon_receiver/include/boost/config/detail/posix_features.hpp
[181.417s] -- Installing: /home/admin/bench/lab/STAGING_helios16p_kiss_legged_bench_cyclone_container_files/helios16p_ws/install/vicon_receiver/include/boost/config/detail/select_platform_config.hpp
[181.421s] -- Installing: /home/admin/bench/lab/STAGING_helios16p_kiss_legged_bench_cyclone_container_files/helios16p_ws/install/vicon_receiver/include/boost/config/abi
[181.437s] -- Installing: /home/admin/bench/lab/STAGING_helios16p_kiss_legged_bench_cyclone_container_files/helios16p_ws/install/vicon_receiver/include/boost/config/abi/borland_suffix.hpp
[181.437s] -- Installing: /home/admin/bench/lab/STAGING_helios16p_kiss_legged_bench_cyclone_container_files/helios16p_ws/install/vicon_receiver/include/boost/config/abi/borland_prefix.hpp
[181.440s] -- Installing: /home/admin/bench/lab/STAGING_helios16p_kiss_legged_bench_cyclone_container_files/helios16p_ws/install/vicon_receiver/include/boost/config/abi/msvc_suffix.hpp
[181.440s] -- Installing: /home/admin/bench/lab/STAGING_helios16p_kiss_legged_bench_cyclone_container_files/helios16p_ws/install/vicon_receiver/include/boost/config/abi/msvc_prefix.hpp
[181.450s] -- Installing: /home/admin/bench/lab/STAGING_helios16p_kiss_legged_bench_cyclone_container_files/helios16p_ws/install/vicon_receiver/include/boost/config/user.hpp
[181.454s] -- Installing: /home/admin/bench/lab/STAGING_helios16p_kiss_legged_bench_cyclone_container_files/helios16p_ws/install/vicon_receiver/include/boost/config/pragma_message.hpp
[181.454s] -- Installing: /home/admin/bench/lab/STAGING_helios16p_kiss_legged_bench_cyclone_container_files/helios16p_ws/install/vicon_receiver/include/boost/config/abi_suffix.hpp
[181.455s] -- Installing: /home/admin/bench/lab/STAGING_helios16p_kiss_legged_bench_cyclone_container_files/helios16p_ws/install/vicon_receiver/include/boost/config/helper_macros.hpp
[181.455s] -- Installing: /home/admin/bench/lab/STAGING_helios16p_kiss_legged_bench_cyclone_container_files/helios16p_ws/install/vicon_receiver/include/boost/config/platform
[181.455s] -- Installing: /home/admin/bench/lab/STAGING_helios16p_kiss_legged_bench_cyclone_container_files/helios16p_ws/install/vicon_receiver/include/boost/config/platform/cray.hpp
[181.456s] -- Installing: /home/admin/bench/lab/STAGING_helios16p_kiss_legged_bench_cyclone_container_files/helios16p_ws/install/vicon_receiver/include/boost/config/platform/macos.hpp
[181.461s] -- Installing: /home/admin/bench/lab/STAGING_helios16p_kiss_legged_bench_cyclone_container_files/helios16p_ws/install/vicon_receiver/include/boost/config/platform/haiku.hpp
[181.461s] -- Installing: /home/admin/bench/lab/STAGING_helios16p_kiss_legged_bench_cyclone_container_files/helios16p_ws/install/vicon_receiver/include/boost/config/platform/hpux.hpp
[181.462s] -- Installing: /home/admin/bench/lab/STAGING_helios16p_kiss_legged_bench_cyclone_container_files/helios16p_ws/install/vicon_receiver/include/boost/config/platform/zos.hpp
[181.462s] -- Installing: /home/admin/bench/lab/STAGING_helios16p_kiss_legged_bench_cyclone_container_files/helios16p_ws/install/vicon_receiver/include/boost/config/platform/irix.hpp
[181.469s] -- Installing: /home/admin/bench/lab/STAGING_helios16p_kiss_legged_bench_cyclone_container_files/helios16p_ws/install/vicon_receiver/include/boost/config/platform/win32.hpp
[181.471s] -- Installing: /home/admin/bench/lab/STAGING_helios16p_kiss_legged_bench_cyclone_container_files/helios16p_ws/install/vicon_receiver/include/boost/config/platform/symbian.hpp
[181.480s] -- Installing: /home/admin/bench/lab/STAGING_helios16p_kiss_legged_bench_cyclone_container_files/helios16p_ws/install/vicon_receiver/include/boost/config/platform/beos.hpp
[181.482s] -- Installing: /home/admin/bench/lab/STAGING_helios16p_kiss_legged_bench_cyclone_container_files/helios16p_ws/install/vicon_receiver/include/boost/config/platform/amigaos.hpp
[181.486s] -- Installing: /home/admin/bench/lab/STAGING_helios16p_kiss_legged_bench_cyclone_container_files/helios16p_ws/install/vicon_receiver/include/boost/config/platform/linux.hpp
[181.487s] -- Installing: /home/admin/bench/lab/STAGING_helios16p_kiss_legged_bench_cyclone_container_files/helios16p_ws/install/vicon_receiver/include/boost/config/platform/aix.hpp
[181.488s] -- Installing: /home/admin/bench/lab/STAGING_helios16p_kiss_legged_bench_cyclone_container_files/helios16p_ws/install/vicon_receiver/include/boost/config/platform/cygwin.hpp
[181.498s] -- Installing: /home/admin/bench/lab/STAGING_helios16p_kiss_legged_bench_cyclone_container_files/helios16p_ws/install/vicon_receiver/include/boost/config/platform/solaris.hpp
[181.499s] -- Installing: /home/admin/bench/lab/STAGING_helios16p_kiss_legged_bench_cyclone_container_files/helios16p_ws/install/vicon_receiver/include/boost/config/platform/vms.hpp
[181.500s] -- Installing: /home/admin/bench/lab/STAGING_helios16p_kiss_legged_bench_cyclone_container_files/helios16p_ws/install/vicon_receiver/include/boost/config/platform/qnxnto.hpp
[181.500s] -- Installing: /home/admin/bench/lab/STAGING_helios16p_kiss_legged_bench_cyclone_container_files/helios16p_ws/install/vicon_receiver/include/boost/config/platform/vxworks.hpp
[181.508s] -- Installing: /home/admin/bench/lab/STAGING_helios16p_kiss_legged_bench_cyclone_container_files/helios16p_ws/install/vicon_receiver/include/boost/config/platform/cloudabi.hpp
[181.509s] -- Installing: /home/admin/bench/lab/STAGING_helios16p_kiss_legged_bench_cyclone_container_files/helios16p_ws/install/vicon_receiver/include/boost/config/platform/bsd.hpp
[181.510s] -- Installing: /home/admin/bench/lab/STAGING_helios16p_kiss_legged_bench_cyclone_container_files/helios16p_ws/install/vicon_receiver/include/boost/config/warning_disable.hpp
[181.510s] -- Installing: /home/admin/bench/lab/STAGING_helios16p_kiss_legged_bench_cyclone_container_files/helios16p_ws/install/vicon_receiver/include/boost/config/requires_threads.hpp
[181.513s] -- Installing: /home/admin/bench/lab/STAGING_helios16p_kiss_legged_bench_cyclone_container_files/helios16p_ws/install/vicon_receiver/include/boost/config/header_deprecated.hpp
[181.514s] -- Installing: /home/admin/bench/lab/STAGING_helios16p_kiss_legged_bench_cyclone_container_files/helios16p_ws/install/vicon_receiver/include/boost/config/stdlib
[181.515s] -- Installing: /home/admin/bench/lab/STAGING_helios16p_kiss_legged_bench_cyclone_container_files/helios16p_ws/install/vicon_receiver/include/boost/config/stdlib/dinkumware.hpp
[181.517s] -- Installing: /home/admin/bench/lab/STAGING_helios16p_kiss_legged_bench_cyclone_container_files/helios16p_ws/install/vicon_receiver/include/boost/config/stdlib/sgi.hpp
[181.526s] -- Installing: /home/admin/bench/lab/STAGING_helios16p_kiss_legged_bench_cyclone_container_files/helios16p_ws/install/vicon_receiver/include/boost/config/stdlib/msl.hpp
[181.535s] -- Installing: /home/admin/bench/lab/STAGING_helios16p_kiss_legged_bench_cyclone_container_files/helios16p_ws/install/vicon_receiver/include/boost/config/stdlib/stlport.hpp
[181.543s] -- Installing: /home/admin/bench/lab/STAGING_helios16p_kiss_legged_bench_cyclone_container_files/helios16p_ws/install/vicon_receiver/include/boost/config/stdlib/libcpp.hpp
[181.552s] -- Installing: /home/admin/bench/lab/STAGING_helios16p_kiss_legged_bench_cyclone_container_files/helios16p_ws/install/vicon_receiver/include/boost/config/stdlib/vacpp.hpp
[181.556s] -- Installing: /home/admin/bench/lab/STAGING_helios16p_kiss_legged_bench_cyclone_container_files/helios16p_ws/install/vicon_receiver/include/boost/config/stdlib/roguewave.hpp
[181.558s] -- Installing: /home/admin/bench/lab/STAGING_helios16p_kiss_legged_bench_cyclone_container_files/helios16p_ws/install/vicon_receiver/include/boost/config/stdlib/libstdcpp3.hpp
[181.565s] -- Installing: /home/admin/bench/lab/STAGING_helios16p_kiss_legged_bench_cyclone_container_files/helios16p_ws/install/vicon_receiver/include/boost/config/stdlib/libcomo.hpp
[181.568s] -- Installing: /home/admin/bench/lab/STAGING_helios16p_kiss_legged_bench_cyclone_container_files/helios16p_ws/install/vicon_receiver/include/boost/config/stdlib/modena.hpp
[181.571s] -- Installing: /home/admin/bench/lab/STAGING_helios16p_kiss_legged_bench_cyclone_container_files/helios16p_ws/install/vicon_receiver/include/boost/config/stdlib/xlcpp_zos.hpp
[181.577s] -- Installing: /home/admin/bench/lab/STAGING_helios16p_kiss_legged_bench_cyclone_container_files/helios16p_ws/install/vicon_receiver/include/boost/config/no_tr1
[181.582s] -- Installing: /home/admin/bench/lab/STAGING_helios16p_kiss_legged_bench_cyclone_container_files/helios16p_ws/install/vicon_receiver/include/boost/config/no_tr1/cmath.hpp
[181.584s] -- Installing: /home/admin/bench/lab/STAGING_helios16p_kiss_legged_bench_cyclone_container_files/helios16p_ws/install/vicon_receiver/include/boost/config/no_tr1/memory.hpp
[181.593s] -- Installing: /home/admin/bench/lab/STAGING_helios16p_kiss_legged_bench_cyclone_container_files/helios16p_ws/install/vicon_receiver/include/boost/config/no_tr1/utility.hpp
[181.595s] -- Installing: /home/admin/bench/lab/STAGING_helios16p_kiss_legged_bench_cyclone_container_files/helios16p_ws/install/vicon_receiver/include/boost/config/no_tr1/functional.hpp
[181.604s] -- Installing: /home/admin/bench/lab/STAGING_helios16p_kiss_legged_bench_cyclone_container_files/helios16p_ws/install/vicon_receiver/include/boost/config/no_tr1/complex.hpp
[181.609s] -- Installing: /home/admin/bench/lab/STAGING_helios16p_kiss_legged_bench_cyclone_container_files/helios16p_ws/install/vicon_receiver/include/boost/config/workaround.hpp
[181.610s] -- Installing: /home/admin/bench/lab/STAGING_helios16p_kiss_legged_bench_cyclone_container_files/helios16p_ws/install/vicon_receiver/include/boost/config/abi_prefix.hpp
[181.614s] -- Installing: /home/admin/bench/lab/STAGING_helios16p_kiss_legged_bench_cyclone_container_files/helios16p_ws/install/vicon_receiver/include/boost/config/auto_link.hpp
[181.619s] -- Installing: /home/admin/bench/lab/STAGING_helios16p_kiss_legged_bench_cyclone_container_files/helios16p_ws/install/vicon_receiver/include/boost/fusion
[181.622s] -- Installing: /home/admin/bench/lab/STAGING_helios16p_kiss_legged_bench_cyclone_container_files/helios16p_ws/install/vicon_receiver/include/boost/fusion/algorithm
[181.628s] -- Installing: /home/admin/bench/lab/STAGING_helios16p_kiss_legged_bench_cyclone_container_files/helios16p_ws/install/vicon_receiver/include/boost/fusion/algorithm/iteration
[181.630s] -- Installing: /home/admin/bench/lab/STAGING_helios16p_kiss_legged_bench_cyclone_container_files/helios16p_ws/install/vicon_receiver/include/boost/fusion/algorithm/iteration/for_each.hpp
[181.632s] -- Installing: /home/admin/bench/lab/STAGING_helios16p_kiss_legged_bench_cyclone_container_files/helios16p_ws/install/vicon_receiver/include/boost/fusion/algorithm/iteration/detail
[181.635s] -- Installing: /home/admin/bench/lab/STAGING_helios16p_kiss_legged_bench_cyclone_container_files/helios16p_ws/install/vicon_receiver/include/boost/fusion/algorithm/iteration/detail/for_each.hpp
[181.637s] -- Installing: /home/admin/bench/lab/STAGING_helios16p_kiss_legged_bench_cyclone_container_files/helios16p_ws/install/vicon_receiver/include/boost/fusion/algorithm/iteration/detail/segmented_fold.hpp
[181.638s] -- Installing: /home/admin/bench/lab/STAGING_helios16p_kiss_legged_bench_cyclone_container_files/helios16p_ws/install/vicon_receiver/include/boost/fusion/algorithm/iteration/detail/segmented_for_each.hpp
[181.643s] -- Installing: /home/admin/bench/lab/STAGING_helios16p_kiss_legged_bench_cyclone_container_files/helios16p_ws/install/vicon_receiver/include/boost/fusion/algorithm/iteration/detail/preprocessed
[181.644s] -- Installing: /home/admin/bench/lab/STAGING_helios16p_kiss_legged_bench_cyclone_container_files/helios16p_ws/install/vicon_receiver/include/boost/fusion/algorithm/iteration/detail/preprocessed/fold.hpp
[181.648s] -- Installing: /home/admin/bench/lab/STAGING_helios16p_kiss_legged_bench_cyclone_container_files/helios16p_ws/install/vicon_receiver/include/boost/fusion/algorithm/iteration/detail/fold.hpp
[181.651s] -- Installing: /home/admin/bench/lab/STAGING_helios16p_kiss_legged_bench_cyclone_container_files/helios16p_ws/install/vicon_receiver/include/boost/fusion/algorithm/iteration/fold_fwd.hpp
[181.654s] -- Installing: /home/admin/bench/lab/STAGING_helios16p_kiss_legged_bench_cyclone_container_files/helios16p_ws/install/vicon_receiver/include/boost/fusion/algorithm/iteration/fold.hpp
[181.657s] -- Installing: /home/admin/bench/lab/STAGING_helios16p_kiss_legged_bench_cyclone_container_files/helios16p_ws/install/vicon_receiver/include/boost/fusion/algorithm/iteration/for_each_fwd.hpp
[181.658s] -- Installing: /home/admin/bench/lab/STAGING_helios16p_kiss_legged_bench_cyclone_container_files/helios16p_ws/install/vicon_receiver/include/boost/fusion/algorithm/query
[181.660s] -- Installing: /home/admin/bench/lab/STAGING_helios16p_kiss_legged_bench_cyclone_container_files/helios16p_ws/install/vicon_receiver/include/boost/fusion/algorithm/query/detail
[181.660s] -- Installing: /home/admin/bench/lab/STAGING_helios16p_kiss_legged_bench_cyclone_container_files/helios16p_ws/install/vicon_receiver/include/boost/fusion/algorithm/query/detail/find_if.hpp
[181.662s] -- Installing: /home/admin/bench/lab/STAGING_helios16p_kiss_legged_bench_cyclone_container_files/helios16p_ws/install/vicon_receiver/include/boost/fusion/algorithm/query/detail/segmented_find.hpp
[181.667s] -- Installing: /home/admin/bench/lab/STAGING_helios16p_kiss_legged_bench_cyclone_container_files/helios16p_ws/install/vicon_receiver/include/boost/fusion/algorithm/query/find.hpp
[181.668s] -- Installing: /home/admin/bench/lab/STAGING_helios16p_kiss_legged_bench_cyclone_container_files/helios16p_ws/install/vicon_receiver/include/boost/fusion/algorithm/query/find_if_fwd.hpp
[181.672s] -- Installing: /home/admin/bench/lab/STAGING_helios16p_kiss_legged_bench_cyclone_container_files/helios16p_ws/install/vicon_receiver/include/boost/fusion/algorithm/query/find_fwd.hpp
[181.673s] -- Installing: /home/admin/bench/lab/STAGING_helios16p_kiss_legged_bench_cyclone_container_files/helios16p_ws/install/vicon_receiver/include/boost/fusion/algorithm/transformation
[181.676s] -- Installing: /home/admin/bench/lab/STAGING_helios16p_kiss_legged_bench_cyclone_container_files/helios16p_ws/install/vicon_receiver/include/boost/fusion/algorithm/transformation/push_back.hpp
[181.676s] -- Installing: /home/admin/bench/lab/STAGING_helios16p_kiss_legged_bench_cyclone_container_files/helios16p_ws/install/vicon_receiver/include/boost/fusion/algorithm/transformation/transform.hpp
[181.683s] -- Installing: /home/admin/bench/lab/STAGING_helios16p_kiss_legged_bench_cyclone_container_files/helios16p_ws/install/vicon_receiver/include/boost/fusion/algorithm/transformation/insert_range.hpp
[181.684s] -- Installing: /home/admin/bench/lab/STAGING_helios16p_kiss_legged_bench_cyclone_container_files/helios16p_ws/install/vicon_receiver/include/boost/fusion/algorithm/transformation/erase.hpp
[181.690s] -- Installing: /home/admin/bench/lab/STAGING_helios16p_kiss_legged_bench_cyclone_container_files/helios16p_ws/install/vicon_receiver/include/boost/fusion/algorithm/transformation/pop_front.hpp
[181.691s] -- Installing: /home/admin/bench/lab/STAGING_helios16p_kiss_legged_bench_cyclone_container_files/helios16p_ws/install/vicon_receiver/include/boost/fusion/algorithm/transformation/push_front.hpp
[181.697s] -- Installing: /home/admin/bench/lab/STAGING_helios16p_kiss_legged_bench_cyclone_container_files/helios16p_ws/install/vicon_receiver/include/boost/fusion/algorithm/transformation/erase_key.hpp
[181.706s] -- Installing: /home/admin/bench/lab/STAGING_helios16p_kiss_legged_bench_cyclone_container_files/helios16p_ws/install/vicon_receiver/include/boost/fusion/algorithm/transformation/pop_back.hpp
[181.707s] -- Installing: /home/admin/bench/lab/STAGING_helios16p_kiss_legged_bench_cyclone_container_files/helios16p_ws/install/vicon_receiver/include/boost/fusion/algorithm/transformation/insert.hpp
[181.708s] -- Installing: /home/admin/bench/lab/STAGING_helios16p_kiss_legged_bench_cyclone_container_files/helios16p_ws/install/vicon_receiver/include/boost/fusion/container
[181.712s] -- Installing: /home/admin/bench/lab/STAGING_helios16p_kiss_legged_bench_cyclone_container_files/helios16p_ws/install/vicon_receiver/include/boost/fusion/container/map
[181.717s] -- Installing: /home/admin/bench/lab/STAGING_helios16p_kiss_legged_bench_cyclone_container_files/helios16p_ws/install/vicon_receiver/include/boost/fusion/container/map/detail
[181.718s] -- Installing: /home/admin/bench/lab/STAGING_helios16p_kiss_legged_bench_cyclone_container_files/helios16p_ws/install/vicon_receiver/include/boost/fusion/container/map/detail/cpp03
[181.718s] -- Installing: /home/admin/bench/lab/STAGING_helios16p_kiss_legged_bench_cyclone_container_files/helios16p_ws/install/vicon_receiver/include/boost/fusion/container/map/detail/cpp03/map_fwd.hpp
[181.723s] -- Installing: /home/admin/bench/lab/STAGING_helios16p_kiss_legged_bench_cyclone_container_files/helios16p_ws/install/vicon_receiver/include/boost/fusion/container/map/detail/cpp03/preprocessed
[181.723s] -- Installing: /home/admin/bench/lab/STAGING_helios16p_kiss_legged_bench_cyclone_container_files/helios16p_ws/install/vicon_receiver/include/boost/fusion/container/map/detail/cpp03/preprocessed/map50_fwd.hpp
[181.724s] -- Installing: /home/admin/bench/lab/STAGING_helios16p_kiss_legged_bench_cyclone_container_files/helios16p_ws/install/vicon_receiver/include/boost/fusion/container/map/detail/cpp03/preprocessed/map40_fwd.hpp
[181.731s] -- Installing: /home/admin/bench/lab/STAGING_helios16p_kiss_legged_bench_cyclone_container_files/helios16p_ws/install/vicon_receiver/include/boost/fusion/container/map/detail/cpp03/preprocessed/map_fwd.hpp
[181.733s] -- Installing: /home/admin/bench/lab/STAGING_helios16p_kiss_legged_bench_cyclone_container_files/helios16p_ws/install/vicon_receiver/include/boost/fusion/container/map/detail/cpp03/preprocessed/map30_fwd.hpp
[181.737s] -- Installing: /home/admin/bench/lab/STAGING_helios16p_kiss_legged_bench_cyclone_container_files/helios16p_ws/install/vicon_receiver/include/boost/fusion/container/map/detail/cpp03/preprocessed/map20_fwd.hpp
[181.741s] -- Installing: /home/admin/bench/lab/STAGING_helios16p_kiss_legged_bench_cyclone_container_files/helios16p_ws/install/vicon_receiver/include/boost/fusion/container/map/detail/cpp03/preprocessed/map10_fwd.hpp
[181.742s] -- Installing: /home/admin/bench/lab/STAGING_helios16p_kiss_legged_bench_cyclone_container_files/helios16p_ws/install/vicon_receiver/include/boost/fusion/container/map/detail/cpp03/limits.hpp
[181.742s] -- Installing: /home/admin/bench/lab/STAGING_helios16p_kiss_legged_bench_cyclone_container_files/helios16p_ws/install/vicon_receiver/include/boost/fusion/container/map/map_fwd.hpp
[181.743s] -- Installing: /home/admin/bench/lab/STAGING_helios16p_kiss_legged_bench_cyclone_container_files/helios16p_ws/install/vicon_receiver/include/boost/fusion/container/list
[181.743s] -- Installing: /home/admin/bench/lab/STAGING_helios16p_kiss_legged_bench_cyclone_container_files/helios16p_ws/install/vicon_receiver/include/boost/fusion/container/list/nil.hpp
[181.744s] -- Installing: /home/admin/bench/lab/STAGING_helios16p_kiss_legged_bench_cyclone_container_files/helios16p_ws/install/vicon_receiver/include/boost/fusion/container/list/detail
[181.744s] -- Installing: /home/admin/bench/lab/STAGING_helios16p_kiss_legged_bench_cyclone_container_files/helios16p_ws/install/vicon_receiver/include/boost/fusion/container/list/detail/value_of_impl.hpp
[181.747s] -- Installing: /home/admin/bench/lab/STAGING_helios16p_kiss_legged_bench_cyclone_container_files/helios16p_ws/install/vicon_receiver/include/boost/fusion/container/list/detail/end_impl.hpp
[181.750s] -- Installing: /home/admin/bench/lab/STAGING_helios16p_kiss_legged_bench_cyclone_container_files/helios16p_ws/install/vicon_receiver/include/boost/fusion/container/list/detail/next_impl.hpp
[181.751s] -- Installing: /home/admin/bench/lab/STAGING_helios16p_kiss_legged_bench_cyclone_container_files/helios16p_ws/install/vicon_receiver/include/boost/fusion/container/list/detail/reverse_cons.hpp
[181.752s] -- Installing: /home/admin/bench/lab/STAGING_helios16p_kiss_legged_bench_cyclone_container_files/helios16p_ws/install/vicon_receiver/include/boost/fusion/container/list/detail/begin_impl.hpp
[181.756s] -- Installing: /home/admin/bench/lab/STAGING_helios16p_kiss_legged_bench_cyclone_container_files/helios16p_ws/install/vicon_receiver/include/boost/fusion/container/list/detail/equal_to_impl.hpp
[181.758s] -- Installing: /home/admin/bench/lab/STAGING_helios16p_kiss_legged_bench_cyclone_container_files/helios16p_ws/install/vicon_receiver/include/boost/fusion/container/list/detail/value_at_impl.hpp
[181.763s] -- Installing: /home/admin/bench/lab/STAGING_helios16p_kiss_legged_bench_cyclone_container_files/helios16p_ws/install/vicon_receiver/include/boost/fusion/container/list/detail/cpp03
[181.763s] -- Installing: /home/admin/bench/lab/STAGING_helios16p_kiss_legged_bench_cyclone_container_files/helios16p_ws/install/vicon_receiver/include/boost/fusion/container/list/detail/cpp03/preprocessed
[181.764s] -- Installing: /home/admin/bench/lab/STAGING_helios16p_kiss_legged_bench_cyclone_container_files/helios16p_ws/install/vicon_receiver/include/boost/fusion/container/list/detail/cpp03/preprocessed/list30_fwd.hpp
[181.772s] -- Installing: /home/admin/bench/lab/STAGING_helios16p_kiss_legged_bench_cyclone_container_files/helios16p_ws/install/vicon_receiver/include/boost/fusion/container/list/detail/cpp03/preprocessed/list_fwd.hpp
[181.775s] -- Installing: /home/admin/bench/lab/STAGING_helios16p_kiss_legged_bench_cyclone_container_files/helios16p_ws/install/vicon_receiver/include/boost/fusion/container/list/detail/cpp03/preprocessed/list40_fwd.hpp
[181.780s] -- Installing: /home/admin/bench/lab/STAGING_helios16p_kiss_legged_bench_cyclone_container_files/helios16p_ws/install/vicon_receiver/include/boost/fusion/container/list/detail/cpp03/preprocessed/list10_fwd.hpp
[181.780s] -- Installing: /home/admin/bench/lab/STAGING_helios16p_kiss_legged_bench_cyclone_container_files/helios16p_ws/install/vicon_receiver/include/boost/fusion/container/list/detail/cpp03/preprocessed/list20_fwd.hpp
[181.782s] -- Installing: /home/admin/bench/lab/STAGING_helios16p_kiss_legged_bench_cyclone_container_files/helios16p_ws/install/vicon_receiver/include/boost/fusion/container/list/detail/cpp03/preprocessed/list50_fwd.hpp
[181.784s] -- Installing: /home/admin/bench/lab/STAGING_helios16p_kiss_legged_bench_cyclone_container_files/helios16p_ws/install/vicon_receiver/include/boost/fusion/container/list/detail/cpp03/list_fwd.hpp
[181.785s] -- Installing: /home/admin/bench/lab/STAGING_helios16p_kiss_legged_bench_cyclone_container_files/helios16p_ws/install/vicon_receiver/include/boost/fusion/container/list/detail/cpp03/limits.hpp
[181.788s] -- Installing: /home/admin/bench/lab/STAGING_helios16p_kiss_legged_bench_cyclone_container_files/helios16p_ws/install/vicon_receiver/include/boost/fusion/container/list/detail/at_impl.hpp
[181.789s] -- Installing: /home/admin/bench/lab/STAGING_helios16p_kiss_legged_bench_cyclone_container_files/helios16p_ws/install/vicon_receiver/include/boost/fusion/container/list/detail/deref_impl.hpp
[181.790s] -- Installing: /home/admin/bench/lab/STAGING_helios16p_kiss_legged_bench_cyclone_container_files/helios16p_ws/install/vicon_receiver/include/boost/fusion/container/list/detail/empty_impl.hpp
[181.793s] -- Installing: /home/admin/bench/lab/STAGING_helios16p_kiss_legged_bench_cyclone_container_files/helios16p_ws/install/vicon_receiver/include/boost/fusion/container/list/cons_fwd.hpp
[181.796s] -- Installing: /home/admin/bench/lab/STAGING_helios16p_kiss_legged_bench_cyclone_container_files/helios16p_ws/install/vicon_receiver/include/boost/fusion/container/list/list_fwd.hpp
[181.799s] -- Installing: /home/admin/bench/lab/STAGING_helios16p_kiss_legged_bench_cyclone_container_files/helios16p_ws/install/vicon_receiver/include/boost/fusion/container/list/cons.hpp
[181.805s] -- Installing: /home/admin/bench/lab/STAGING_helios16p_kiss_legged_bench_cyclone_container_files/helios16p_ws/install/vicon_receiver/include/boost/fusion/container/list/cons_iterator.hpp
[181.807s] -- Installing: /home/admin/bench/lab/STAGING_helios16p_kiss_legged_bench_cyclone_container_files/helios16p_ws/install/vicon_receiver/include/boost/fusion/container/vector
[181.815s] -- Installing: /home/admin/bench/lab/STAGING_helios16p_kiss_legged_bench_cyclone_container_files/helios16p_ws/install/vicon_receiver/include/boost/fusion/container/vector/vector10.hpp
[181.818s] -- Installing: /home/admin/bench/lab/STAGING_helios16p_kiss_legged_bench_cyclone_container_files/helios16p_ws/install/vicon_receiver/include/boost/fusion/container/vector/detail
[181.825s] -- Installing: /home/admin/bench/lab/STAGING_helios16p_kiss_legged_bench_cyclone_container_files/helios16p_ws/install/vicon_receiver/include/boost/fusion/container/vector/detail/value_of_impl.hpp
[181.831s] -- Installing: /home/admin/bench/lab/STAGING_helios16p_kiss_legged_bench_cyclone_container_files/helios16p_ws/install/vicon_receiver/include/boost/fusion/container/vector/detail/end_impl.hpp
[181.837s] -- Installing: /home/admin/bench/lab/STAGING_helios16p_kiss_legged_bench_cyclone_container_files/helios16p_ws/install/vicon_receiver/include/boost/fusion/container/vector/detail/advance_impl.hpp
[181.837s] -- Installing: /home/admin/bench/lab/STAGING_helios16p_kiss_legged_bench_cyclone_container_files/helios16p_ws/install/vicon_receiver/include/boost/fusion/container/vector/detail/config.hpp
[181.840s] -- Installing: /home/admin/bench/lab/STAGING_helios16p_kiss_legged_bench_cyclone_container_files/helios16p_ws/install/vicon_receiver/include/boost/fusion/container/vector/detail/next_impl.hpp
[181.842s] -- Installing: /home/admin/bench/lab/STAGING_helios16p_kiss_legged_bench_cyclone_container_files/helios16p_ws/install/vicon_receiver/include/boost/fusion/container/vector/detail/prior_impl.hpp
[181.845s] -- Installing: /home/admin/bench/lab/STAGING_helios16p_kiss_legged_bench_cyclone_container_files/helios16p_ws/install/vicon_receiver/include/boost/fusion/container/vector/detail/begin_impl.hpp
[181.849s] -- Installing: /home/admin/bench/lab/STAGING_helios16p_kiss_legged_bench_cyclone_container_files/helios16p_ws/install/vicon_receiver/include/boost/fusion/container/vector/detail/equal_to_impl.hpp
[181.851s] -- Installing: /home/admin/bench/lab/STAGING_helios16p_kiss_legged_bench_cyclone_container_files/helios16p_ws/install/vicon_receiver/include/boost/fusion/container/vector/detail/distance_impl.hpp
[181.852s] -- Installing: /home/admin/bench/lab/STAGING_helios16p_kiss_legged_bench_cyclone_container_files/helios16p_ws/install/vicon_receiver/include/boost/fusion/container/vector/detail/value_at_impl.hpp
[181.853s] -- Installing: /home/admin/bench/lab/STAGING_helios16p_kiss_legged_bench_cyclone_container_files/helios16p_ws/install/vicon_receiver/include/boost/fusion/container/vector/detail/cpp03
[181.857s] -- Installing: /home/admin/bench/lab/STAGING_helios16p_kiss_legged_bench_cyclone_container_files/helios16p_ws/install/vicon_receiver/include/boost/fusion/container/vector/detail/cpp03/vector10.hpp
[181.862s] -- Installing: /home/admin/bench/lab/STAGING_helios16p_kiss_legged_bench_cyclone_container_files/helios16p_ws/install/vicon_receiver/include/boost/fusion/container/vector/detail/cpp03/vector20.hpp
[181.863s] -- Installing: /home/admin/bench/lab/STAGING_helios16p_kiss_legged_bench_cyclone_container_files/helios16p_ws/install/vicon_receiver/include/boost/fusion/container/vector/detail/cpp03/vector20_fwd.hpp
[181.863s] -- Installing: /home/admin/bench/lab/STAGING_helios16p_kiss_legged_bench_cyclone_container_files/helios16p_ws/install/vicon_receiver/include/boost/fusion/container/vector/detail/cpp03/vector30.hpp
[181.869s] -- Installing: /home/admin/bench/lab/STAGING_helios16p_kiss_legged_bench_cyclone_container_files/helios16p_ws/install/vicon_receiver/include/boost/fusion/container/vector/detail/cpp03/vector_forward_ctor.hpp
[181.870s] -- Installing: /home/admin/bench/lab/STAGING_helios16p_kiss_legged_bench_cyclone_container_files/helios16p_ws/install/vicon_receiver/include/boost/fusion/container/vector/detail/cpp03/vector.hpp
[181.872s] -- Installing: /home/admin/bench/lab/STAGING_helios16p_kiss_legged_bench_cyclone_container_files/helios16p_ws/install/vicon_receiver/include/boost/fusion/container/vector/detail/cpp03/vector_fwd.hpp
[181.876s] -- Installing: /home/admin/bench/lab/STAGING_helios16p_kiss_legged_bench_cyclone_container_files/helios16p_ws/install/vicon_receiver/include/boost/fusion/container/vector/detail/cpp03/vector40_fwd.hpp
[181.877s] -- Installing: /home/admin/bench/lab/STAGING_helios16p_kiss_legged_bench_cyclone_container_files/helios16p_ws/install/vicon_receiver/include/boost/fusion/container/vector/detail/cpp03/vector40.hpp
[181.879s] -- Installing: /home/admin/bench/lab/STAGING_helios16p_kiss_legged_bench_cyclone_container_files/helios16p_ws/install/vicon_receiver/include/boost/fusion/container/vector/detail/cpp03/preprocessed
[181.883s] -- Installing: /home/admin/bench/lab/STAGING_helios16p_kiss_legged_bench_cyclone_container_files/helios16p_ws/install/vicon_receiver/include/boost/fusion/container/vector/detail/cpp03/preprocessed/vvector30_fwd.hpp
[181.885s] -- Installing: /home/admin/bench/lab/STAGING_helios16p_kiss_legged_bench_cyclone_container_files/helios16p_ws/install/vicon_receiver/include/boost/fusion/container/vector/detail/cpp03/preprocessed/vector_chooser20.hpp
[181.888s] -- Installing: /home/admin/bench/lab/STAGING_helios16p_kiss_legged_bench_cyclone_container_files/helios16p_ws/install/vicon_receiver/include/boost/fusion/container/vector/detail/cpp03/preprocessed/vector10.hpp
[181.898s] -- Installing: /home/admin/bench/lab/STAGING_helios16p_kiss_legged_bench_cyclone_container_files/helios16p_ws/install/vicon_receiver/include/boost/fusion/container/vector/detail/cpp03/preprocessed/vector20.hpp
[181.905s] -- Installing: /home/admin/bench/lab/STAGING_helios16p_kiss_legged_bench_cyclone_container_files/helios16p_ws/install/vicon_receiver/include/boost/fusion/container/vector/detail/cpp03/preprocessed/vector_chooser30.hpp
[181.917s] -- Installing: /home/admin/bench/lab/STAGING_helios16p_kiss_legged_bench_cyclone_container_files/helios16p_ws/install/vicon_receiver/include/boost/fusion/container/vector/detail/cpp03/preprocessed/vector20_fwd.hpp
[181.919s] -- Installing: /home/admin/bench/lab/STAGING_helios16p_kiss_legged_bench_cyclone_container_files/helios16p_ws/install/vicon_receiver/include/boost/fusion/container/vector/detail/cpp03/preprocessed/vector_chooser.hpp
[181.920s] -- Installing: /home/admin/bench/lab/STAGING_helios16p_kiss_legged_bench_cyclone_container_files/helios16p_ws/install/vicon_receiver/include/boost/fusion/container/vector/detail/cpp03/preprocessed/vvector10_fwd.hpp
[181.921s] -- Installing: /home/admin/bench/lab/STAGING_helios16p_kiss_legged_bench_cyclone_container_files/helios16p_ws/install/vicon_receiver/include/boost/fusion/container/vector/detail/cpp03/preprocessed/vector_chooser50.hpp
[181.922s] -- Installing: /home/admin/bench/lab/STAGING_helios16p_kiss_legged_bench_cyclone_container_files/helios16p_ws/install/vicon_receiver/include/boost/fusion/container/vector/detail/cpp03/preprocessed/vvector40.hpp
[181.925s] -- Installing: /home/admin/bench/lab/STAGING_helios16p_kiss_legged_bench_cyclone_container_files/helios16p_ws/install/vicon_receiver/include/boost/fusion/container/vector/detail/cpp03/preprocessed/vector30.hpp
[181.933s] -- Installing: /home/admin/bench/lab/STAGING_helios16p_kiss_legged_bench_cyclone_container_files/helios16p_ws/install/vicon_receiver/include/boost/fusion/container/vector/detail/cpp03/preprocessed/vector_chooser10.hpp
[181.935s] -- Installing: /home/admin/bench/lab/STAGING_helios16p_kiss_legged_bench_cyclone_container_files/helios16p_ws/install/vicon_receiver/include/boost/fusion/container/vector/detail/cpp03/preprocessed/vector.hpp
[181.943s] -- Installing: /home/admin/bench/lab/STAGING_helios16p_kiss_legged_bench_cyclone_container_files/helios16p_ws/install/vicon_receiver/include/boost/fusion/container/vector/detail/cpp03/preprocessed/vector_fwd.hpp
[181.949s] -- Installing: /home/admin/bench/lab/STAGING_helios16p_kiss_legged_bench_cyclone_container_files/helios16p_ws/install/vicon_receiver/include/boost/fusion/container/vector/detail/cpp03/preprocessed/vector40_fwd.hpp
[181.950s] -- Installing: /home/admin/bench/lab/STAGING_helios16p_kiss_legged_bench_cyclone_container_files/helios16p_ws/install/vicon_receiver/include/boost/fusion/container/vector/detail/cpp03/preprocessed/vector40.hpp
[181.962s] -- Installing: /home/admin/bench/lab/STAGING_helios16p_kiss_legged_bench_cyclone_container_files/helios16p_ws/install/vicon_receiver/include/boost/fusion/container/vector/detail/cpp03/preprocessed/vvector20.hpp
[181.970s] -- Installing: /home/admin/bench/lab/STAGING_helios16p_kiss_legged_bench_cyclone_container_files/helios16p_ws/install/vicon_receiver/include/boost/fusion/container/vector/detail/cpp03/preprocessed/vector30_fwd.hpp
[181.970s] -- Installing: /home/admin/bench/lab/STAGING_helios16p_kiss_legged_bench_cyclone_container_files/helios16p_ws/install/vicon_receiver/include/boost/fusion/container/vector/detail/cpp03/preprocessed/vvector50.hpp
[181.977s] -- Installing: /home/admin/bench/lab/STAGING_helios16p_kiss_legged_bench_cyclone_container_files/helios16p_ws/install/vicon_receiver/include/boost/fusion/container/vector/detail/cpp03/preprocessed/vector10_fwd.hpp
[181.982s] -- Installing: /home/admin/bench/lab/STAGING_helios16p_kiss_legged_bench_cyclone_container_files/helios16p_ws/install/vicon_receiver/include/boost/fusion/container/vector/detail/cpp03/preprocessed/vvector20_fwd.hpp
[181.985s] -- Installing: /home/admin/bench/lab/STAGING_helios16p_kiss_legged_bench_cyclone_container_files/helios16p_ws/install/vicon_receiver/include/boost/fusion/container/vector/detail/cpp03/preprocessed/vvector40_fwd.hpp
[181.985s] -- Installing: /home/admin/bench/lab/STAGING_helios16p_kiss_legged_bench_cyclone_container_files/helios16p_ws/install/vicon_receiver/include/boost/fusion/container/vector/detail/cpp03/preprocessed/vvector10.hpp
[181.988s] -- Installing: /home/admin/bench/lab/STAGING_helios16p_kiss_legged_bench_cyclone_container_files/helios16p_ws/install/vicon_receiver/include/boost/fusion/container/vector/detail/cpp03/preprocessed/vector50_fwd.hpp
[181.991s] -- Installing: /home/admin/bench/lab/STAGING_helios16p_kiss_legged_bench_cyclone_container_files/helios16p_ws/install/vicon_receiver/include/boost/fusion/container/vector/detail/cpp03/preprocessed/vvector30.hpp
[181.994s] -- Installing: /home/admin/bench/lab/STAGING_helios16p_kiss_legged_bench_cyclone_container_files/helios16p_ws/install/vicon_receiver/include/boost/fusion/container/vector/detail/cpp03/preprocessed/vector_chooser40.hpp
[181.999s] -- Installing: /home/admin/bench/lab/STAGING_helios16p_kiss_legged_bench_cyclone_container_files/helios16p_ws/install/vicon_receiver/include/boost/fusion/container/vector/detail/cpp03/preprocessed/vector50.hpp
[182.010s] -- Installing: /home/admin/bench/lab/STAGING_helios16p_kiss_legged_bench_cyclone_container_files/helios16p_ws/install/vicon_receiver/include/boost/fusion/container/vector/detail/cpp03/preprocessed/vvector50_fwd.hpp
[182.012s] -- Installing: /home/admin/bench/lab/STAGING_helios16p_kiss_legged_bench_cyclone_container_files/helios16p_ws/install/vicon_receiver/include/boost/fusion/container/vector/detail/cpp03/vector_n.hpp
[182.015s] -- Installing: /home/admin/bench/lab/STAGING_helios16p_kiss_legged_bench_cyclone_container_files/helios16p_ws/install/vicon_receiver/include/boost/fusion/container/vector/detail/cpp03/vector30_fwd.hpp
[182.017s] -- Installing: /home/admin/bench/lab/STAGING_helios16p_kiss_legged_bench_cyclone_container_files/helios16p_ws/install/vicon_receiver/include/boost/fusion/container/vector/detail/cpp03/vector10_fwd.hpp
[182.019s] -- Installing: /home/admin/bench/lab/STAGING_helios16p_kiss_legged_bench_cyclone_container_files/helios16p_ws/install/vicon_receiver/include/boost/fusion/container/vector/detail/cpp03/vector_n_chooser.hpp
[182.026s] -- Installing: /home/admin/bench/lab/STAGING_helios16p_kiss_legged_bench_cyclone_container_files/helios16p_ws/install/vicon_receiver/include/boost/fusion/container/vector/detail/cpp03/value_at_impl.hpp
[182.026s] -- Installing: /home/admin/bench/lab/STAGING_helios16p_kiss_legged_bench_cyclone_container_files/helios16p_ws/install/vicon_receiver/include/boost/fusion/container/vector/detail/cpp03/vector50_fwd.hpp
[182.029s] -- Installing: /home/admin/bench/lab/STAGING_helios16p_kiss_legged_bench_cyclone_container_files/helios16p_ws/install/vicon_receiver/include/boost/fusion/container/vector/detail/cpp03/vector50.hpp
[182.031s] -- Installing: /home/admin/bench/lab/STAGING_helios16p_kiss_legged_bench_cyclone_container_files/helios16p_ws/install/vicon_receiver/include/boost/fusion/container/vector/detail/cpp03/limits.hpp
[182.032s] -- Installing: /home/admin/bench/lab/STAGING_helios16p_kiss_legged_bench_cyclone_container_files/helios16p_ws/install/vicon_receiver/include/boost/fusion/container/vector/detail/at_impl.hpp
[182.034s] -- Installing: /home/admin/bench/lab/STAGING_helios16p_kiss_legged_bench_cyclone_container_files/helios16p_ws/install/vicon_receiver/include/boost/fusion/container/vector/detail/deref_impl.hpp
[182.035s] -- Installing: /home/admin/bench/lab/STAGING_helios16p_kiss_legged_bench_cyclone_container_files/helios16p_ws/install/vicon_receiver/include/boost/fusion/container/vector/vector.hpp
[182.045s] -- Installing: /home/admin/bench/lab/STAGING_helios16p_kiss_legged_bench_cyclone_container_files/helios16p_ws/install/vicon_receiver/include/boost/fusion/container/vector/vector_fwd.hpp
[182.047s] -- Installing: /home/admin/bench/lab/STAGING_helios16p_kiss_legged_bench_cyclone_container_files/helios16p_ws/install/vicon_receiver/include/boost/fusion/container/vector/vector_iterator.hpp
[182.048s] -- Installing: /home/admin/bench/lab/STAGING_helios16p_kiss_legged_bench_cyclone_container_files/helios16p_ws/install/vicon_receiver/include/boost/fusion/container/deque
[182.048s] -- Installing: /home/admin/bench/lab/STAGING_helios16p_kiss_legged_bench_cyclone_container_files/helios16p_ws/install/vicon_receiver/include/boost/fusion/container/deque/detail
[182.052s] -- Installing: /home/admin/bench/lab/STAGING_helios16p_kiss_legged_bench_cyclone_container_files/helios16p_ws/install/vicon_receiver/include/boost/fusion/container/deque/detail/cpp03
[182.053s] -- Installing: /home/admin/bench/lab/STAGING_helios16p_kiss_legged_bench_cyclone_container_files/helios16p_ws/install/vicon_receiver/include/boost/fusion/container/deque/detail/cpp03/preprocessed
[182.055s] -- Installing: /home/admin/bench/lab/STAGING_helios16p_kiss_legged_bench_cyclone_container_files/helios16p_ws/install/vicon_receiver/include/boost/fusion/container/deque/detail/cpp03/preprocessed/deque40_fwd.hpp
[182.056s] -- Installing: /home/admin/bench/lab/STAGING_helios16p_kiss_legged_bench_cyclone_container_files/helios16p_ws/install/vicon_receiver/include/boost/fusion/container/deque/detail/cpp03/preprocessed/deque50_fwd.hpp
[182.056s] -- Installing: /home/admin/bench/lab/STAGING_helios16p_kiss_legged_bench_cyclone_container_files/helios16p_ws/install/vicon_receiver/include/boost/fusion/container/deque/detail/cpp03/preprocessed/deque30_fwd.hpp
[182.057s] -- Installing: /home/admin/bench/lab/STAGING_helios16p_kiss_legged_bench_cyclone_container_files/helios16p_ws/install/vicon_receiver/include/boost/fusion/container/deque/detail/cpp03/preprocessed/deque_fwd.hpp
[182.060s] -- Installing: /home/admin/bench/lab/STAGING_helios16p_kiss_legged_bench_cyclone_container_files/helios16p_ws/install/vicon_receiver/include/boost/fusion/container/deque/detail/cpp03/preprocessed/deque20_fwd.hpp
[182.064s] -- Installing: /home/admin/bench/lab/STAGING_helios16p_kiss_legged_bench_cyclone_container_files/helios16p_ws/install/vicon_receiver/include/boost/fusion/container/deque/detail/cpp03/preprocessed/deque10_fwd.hpp
[182.068s] -- Installing: /home/admin/bench/lab/STAGING_helios16p_kiss_legged_bench_cyclone_container_files/helios16p_ws/install/vicon_receiver/include/boost/fusion/container/deque/detail/cpp03/deque_fwd.hpp
[182.069s] -- Installing: /home/admin/bench/lab/STAGING_helios16p_kiss_legged_bench_cyclone_container_files/helios16p_ws/install/vicon_receiver/include/boost/fusion/container/deque/detail/cpp03/limits.hpp
[182.070s] -- Installing: /home/admin/bench/lab/STAGING_helios16p_kiss_legged_bench_cyclone_container_files/helios16p_ws/install/vicon_receiver/include/boost/fusion/container/deque/deque_fwd.hpp
[182.071s] -- Installing: /home/admin/bench/lab/STAGING_helios16p_kiss_legged_bench_cyclone_container_files/helios16p_ws/install/vicon_receiver/include/boost/fusion/container/set
[182.075s] -- Installing: /home/admin/bench/lab/STAGING_helios16p_kiss_legged_bench_cyclone_container_files/helios16p_ws/install/vicon_receiver/include/boost/fusion/container/set/detail
[182.076s] -- Installing: /home/admin/bench/lab/STAGING_helios16p_kiss_legged_bench_cyclone_container_files/helios16p_ws/install/vicon_receiver/include/boost/fusion/container/set/detail/cpp03
[182.077s] -- Installing: /home/admin/bench/lab/STAGING_helios16p_kiss_legged_bench_cyclone_container_files/helios16p_ws/install/vicon_receiver/include/boost/fusion/container/set/detail/cpp03/preprocessed
[182.077s] -- Installing: /home/admin/bench/lab/STAGING_helios16p_kiss_legged_bench_cyclone_container_files/helios16p_ws/install/vicon_receiver/include/boost/fusion/container/set/detail/cpp03/preprocessed/set30_fwd.hpp
[182.083s] -- Installing: /home/admin/bench/lab/STAGING_helios16p_kiss_legged_bench_cyclone_container_files/helios16p_ws/install/vicon_receiver/include/boost/fusion/container/set/detail/cpp03/preprocessed/set50_fwd.hpp
[182.084s] -- Installing: /home/admin/bench/lab/STAGING_helios16p_kiss_legged_bench_cyclone_container_files/helios16p_ws/install/vicon_receiver/include/boost/fusion/container/set/detail/cpp03/preprocessed/set40_fwd.hpp
[182.086s] -- Installing: /home/admin/bench/lab/STAGING_helios16p_kiss_legged_bench_cyclone_container_files/helios16p_ws/install/vicon_receiver/include/boost/fusion/container/set/detail/cpp03/preprocessed/set20_fwd.hpp
[182.087s] -- Installing: /home/admin/bench/lab/STAGING_helios16p_kiss_legged_bench_cyclone_container_files/helios16p_ws/install/vicon_receiver/include/boost/fusion/container/set/detail/cpp03/preprocessed/set_fwd.hpp
[182.092s] -- Installing: /home/admin/bench/lab/STAGING_helios16p_kiss_legged_bench_cyclone_container_files/helios16p_ws/install/vicon_receiver/include/boost/fusion/container/set/detail/cpp03/preprocessed/set10_fwd.hpp
[182.095s] -- Installing: /home/admin/bench/lab/STAGING_helios16p_kiss_legged_bench_cyclone_container_files/helios16p_ws/install/vicon_receiver/include/boost/fusion/container/set/detail/cpp03/set_fwd.hpp
[182.096s] -- Installing: /home/admin/bench/lab/STAGING_helios16p_kiss_legged_bench_cyclone_container_files/helios16p_ws/install/vicon_receiver/include/boost/fusion/container/set/detail/cpp03/limits.hpp
[182.100s] -- Installing: /home/admin/bench/lab/STAGING_helios16p_kiss_legged_bench_cyclone_container_files/helios16p_ws/install/vicon_receiver/include/boost/fusion/container/set/set_fwd.hpp
[182.102s] -- Installing: /home/admin/bench/lab/STAGING_helios16p_kiss_legged_bench_cyclone_container_files/helios16p_ws/install/vicon_receiver/include/boost/fusion/mpl
[182.106s] -- Installing: /home/admin/bench/lab/STAGING_helios16p_kiss_legged_bench_cyclone_container_files/helios16p_ws/install/vicon_receiver/include/boost/fusion/mpl/empty.hpp
[182.106s] -- Installing: /home/admin/bench/lab/STAGING_helios16p_kiss_legged_bench_cyclone_container_files/helios16p_ws/install/vicon_receiver/include/boost/fusion/mpl/at.hpp
[182.109s] -- Installing: /home/admin/bench/lab/STAGING_helios16p_kiss_legged_bench_cyclone_container_files/helios16p_ws/install/vicon_receiver/include/boost/fusion/mpl/push_back.hpp
[182.110s] -- Installing: /home/admin/bench/lab/STAGING_helios16p_kiss_legged_bench_cyclone_container_files/helios16p_ws/install/vicon_receiver/include/boost/fusion/mpl/has_key.hpp
[182.111s] -- Installing: /home/admin/bench/lab/STAGING_helios16p_kiss_legged_bench_cyclone_container_files/helios16p_ws/install/vicon_receiver/include/boost/fusion/mpl/insert_range.hpp
[182.116s] -- Installing: /home/admin/bench/lab/STAGING_helios16p_kiss_legged_bench_cyclone_container_files/helios16p_ws/install/vicon_receiver/include/boost/fusion/mpl/detail
[182.117s] -- Installing: /home/admin/bench/lab/STAGING_helios16p_kiss_legged_bench_cyclone_container_files/helios16p_ws/install/vicon_receiver/include/boost/fusion/mpl/detail/clear.hpp
[182.118s] -- Installing: /home/admin/bench/lab/STAGING_helios16p_kiss_legged_bench_cyclone_container_files/helios16p_ws/install/vicon_receiver/include/boost/fusion/mpl/erase.hpp
[182.123s] -- Installing: /home/admin/bench/lab/STAGING_helios16p_kiss_legged_bench_cyclone_container_files/helios16p_ws/install/vicon_receiver/include/boost/fusion/mpl/begin.hpp
[182.130s] -- Installing: /home/admin/bench/lab/STAGING_helios16p_kiss_legged_bench_cyclone_container_files/helios16p_ws/install/vicon_receiver/include/boost/fusion/mpl/pop_front.hpp
[182.130s] -- Installing: /home/admin/bench/lab/STAGING_helios16p_kiss_legged_bench_cyclone_container_files/helios16p_ws/install/vicon_receiver/include/boost/fusion/mpl/push_front.hpp
[182.131s] -- Installing: /home/admin/bench/lab/STAGING_helios16p_kiss_legged_bench_cyclone_container_files/helios16p_ws/install/vicon_receiver/include/boost/fusion/mpl/back.hpp
[182.131s] -- Installing: /home/admin/bench/lab/STAGING_helios16p_kiss_legged_bench_cyclone_container_files/helios16p_ws/install/vicon_receiver/include/boost/fusion/mpl/front.hpp
[182.132s] -- Installing: /home/admin/bench/lab/STAGING_helios16p_kiss_legged_bench_cyclone_container_files/helios16p_ws/install/vicon_receiver/include/boost/fusion/mpl/clear.hpp
[182.132s] -- Installing: /home/admin/bench/lab/STAGING_helios16p_kiss_legged_bench_cyclone_container_files/helios16p_ws/install/vicon_receiver/include/boost/fusion/mpl/end.hpp
[182.136s] -- Installing: /home/admin/bench/lab/STAGING_helios16p_kiss_legged_bench_cyclone_container_files/helios16p_ws/install/vicon_receiver/include/boost/fusion/mpl/erase_key.hpp
[182.137s] -- Installing: /home/admin/bench/lab/STAGING_helios16p_kiss_legged_bench_cyclone_container_files/helios16p_ws/install/vicon_receiver/include/boost/fusion/mpl/pop_back.hpp
[182.137s] -- Installing: /home/admin/bench/lab/STAGING_helios16p_kiss_legged_bench_cyclone_container_files/helios16p_ws/install/vicon_receiver/include/boost/fusion/mpl/size.hpp
[182.138s] -- Installing: /home/admin/bench/lab/STAGING_helios16p_kiss_legged_bench_cyclone_container_files/helios16p_ws/install/vicon_receiver/include/boost/fusion/mpl/insert.hpp
[182.139s] -- Installing: /home/admin/bench/lab/STAGING_helios16p_kiss_legged_bench_cyclone_container_files/helios16p_ws/install/vicon_receiver/include/boost/fusion/iterator
[182.143s] -- Installing: /home/admin/bench/lab/STAGING_helios16p_kiss_legged_bench_cyclone_container_files/helios16p_ws/install/vicon_receiver/include/boost/fusion/iterator/segmented_iterator.hpp
[182.145s] -- Installing: /home/admin/bench/lab/STAGING_helios16p_kiss_legged_bench_cyclone_container_files/helios16p_ws/install/vicon_receiver/include/boost/fusion/iterator/advance.hpp
[182.149s] -- Installing: /home/admin/bench/lab/STAGING_helios16p_kiss_legged_bench_cyclone_container_files/helios16p_ws/install/vicon_receiver/include/boost/fusion/iterator/distance.hpp
[182.154s] -- Installing: /home/admin/bench/lab/STAGING_helios16p_kiss_legged_bench_cyclone_container_files/helios16p_ws/install/vicon_receiver/include/boost/fusion/iterator/detail
[182.157s] -- Installing: /home/admin/bench/lab/STAGING_helios16p_kiss_legged_bench_cyclone_container_files/helios16p_ws/install/vicon_receiver/include/boost/fusion/iterator/detail/segmented_next_impl.hpp
[182.159s] -- Installing: /home/admin/bench/lab/STAGING_helios16p_kiss_legged_bench_cyclone_container_files/helios16p_ws/install/vicon_receiver/include/boost/fusion/iterator/detail/segmented_iterator.hpp
[182.166s] -- Installing: /home/admin/bench/lab/STAGING_helios16p_kiss_legged_bench_cyclone_container_files/helios16p_ws/install/vicon_receiver/include/boost/fusion/iterator/detail/segment_sequence.hpp
[182.168s] -- Installing: /home/admin/bench/lab/STAGING_helios16p_kiss_legged_bench_cyclone_container_files/helios16p_ws/install/vicon_receiver/include/boost/fusion/iterator/detail/advance.hpp
[182.174s] -- Installing: /home/admin/bench/lab/STAGING_helios16p_kiss_legged_bench_cyclone_container_files/helios16p_ws/install/vicon_receiver/include/boost/fusion/iterator/detail/distance.hpp
[182.175s] -- Installing: /home/admin/bench/lab/STAGING_helios16p_kiss_legged_bench_cyclone_container_files/helios16p_ws/install/vicon_receiver/include/boost/fusion/iterator/detail/adapt_value_traits.hpp
[182.181s] -- Installing: /home/admin/bench/lab/STAGING_helios16p_kiss_legged_bench_cyclone_container_files/helios16p_ws/install/vicon_receiver/include/boost/fusion/iterator/detail/segmented_equal_to.hpp
[182.190s] -- Installing: /home/admin/bench/lab/STAGING_helios16p_kiss_legged_bench_cyclone_container_files/helios16p_ws/install/vicon_receiver/include/boost/fusion/iterator/detail/adapt_deref_traits.hpp
[182.191s] -- Installing: /home/admin/bench/lab/STAGING_helios16p_kiss_legged_bench_cyclone_container_files/helios16p_ws/install/vicon_receiver/include/boost/fusion/iterator/deref.hpp
[182.194s] -- Installing: /home/admin/bench/lab/STAGING_helios16p_kiss_legged_bench_cyclone_container_files/helios16p_ws/install/vicon_receiver/include/boost/fusion/iterator/next.hpp
[182.200s] -- Installing: /home/admin/bench/lab/STAGING_helios16p_kiss_legged_bench_cyclone_container_files/helios16p_ws/install/vicon_receiver/include/boost/fusion/iterator/mpl
[182.200s] -- Installing: /home/admin/bench/lab/STAGING_helios16p_kiss_legged_bench_cyclone_container_files/helios16p_ws/install/vicon_receiver/include/boost/fusion/iterator/mpl/fusion_iterator.hpp
[182.204s] -- Installing: /home/admin/bench/lab/STAGING_helios16p_kiss_legged_bench_cyclone_container_files/helios16p_ws/install/vicon_receiver/include/boost/fusion/iterator/mpl/convert_iterator.hpp
[182.207s] -- Installing: /home/admin/bench/lab/STAGING_helios16p_kiss_legged_bench_cyclone_container_files/helios16p_ws/install/vicon_receiver/include/boost/fusion/iterator/deref_data.hpp
[182.208s] -- Installing: /home/admin/bench/lab/STAGING_helios16p_kiss_legged_bench_cyclone_container_files/helios16p_ws/install/vicon_receiver/include/boost/fusion/iterator/iterator_adapter.hpp
[182.210s] -- Installing: /home/admin/bench/lab/STAGING_helios16p_kiss_legged_bench_cyclone_container_files/helios16p_ws/install/vicon_receiver/include/boost/fusion/iterator/key_of.hpp
[182.211s] -- Installing: /home/admin/bench/lab/STAGING_helios16p_kiss_legged_bench_cyclone_container_files/helios16p_ws/install/vicon_receiver/include/boost/fusion/iterator/equal_to.hpp
[182.215s] -- Installing: /home/admin/bench/lab/STAGING_helios16p_kiss_legged_bench_cyclone_container_files/helios16p_ws/install/vicon_receiver/include/boost/fusion/iterator/value_of.hpp
[182.217s] -- Installing: /home/admin/bench/lab/STAGING_helios16p_kiss_legged_bench_cyclone_container_files/helios16p_ws/install/vicon_receiver/include/boost/fusion/iterator/mpl.hpp
[182.225s] -- Installing: /home/admin/bench/lab/STAGING_helios16p_kiss_legged_bench_cyclone_container_files/helios16p_ws/install/vicon_receiver/include/boost/fusion/iterator/prior.hpp
[182.226s] -- Installing: /home/admin/bench/lab/STAGING_helios16p_kiss_legged_bench_cyclone_container_files/helios16p_ws/install/vicon_receiver/include/boost/fusion/iterator/iterator_facade.hpp
[182.227s] -- Installing: /home/admin/bench/lab/STAGING_helios16p_kiss_legged_bench_cyclone_container_files/helios16p_ws/install/vicon_receiver/include/boost/fusion/iterator/value_of_data.hpp
[182.228s] -- Installing: /home/admin/bench/lab/STAGING_helios16p_kiss_legged_bench_cyclone_container_files/helios16p_ws/install/vicon_receiver/include/boost/fusion/adapted
[182.229s] -- Installing: /home/admin/bench/lab/STAGING_helios16p_kiss_legged_bench_cyclone_container_files/helios16p_ws/install/vicon_receiver/include/boost/fusion/adapted/boost_tuple
[182.235s] -- Installing: /home/admin/bench/lab/STAGING_helios16p_kiss_legged_bench_cyclone_container_files/helios16p_ws/install/vicon_receiver/include/boost/fusion/adapted/boost_tuple/detail
[182.236s] -- Installing: /home/admin/bench/lab/STAGING_helios16p_kiss_legged_bench_cyclone_container_files/helios16p_ws/install/vicon_receiver/include/boost/fusion/adapted/boost_tuple/detail/end_impl.hpp
[182.236s] -- Installing: /home/admin/bench/lab/STAGING_helios16p_kiss_legged_bench_cyclone_container_files/helios16p_ws/install/vicon_receiver/include/boost/fusion/adapted/boost_tuple/detail/build_cons.hpp
[182.239s] -- Installing: /home/admin/bench/lab/STAGING_helios16p_kiss_legged_bench_cyclone_container_files/helios16p_ws/install/vicon_receiver/include/boost/fusion/adapted/boost_tuple/detail/size_impl.hpp
[182.240s] -- Installing: /home/admin/bench/lab/STAGING_helios16p_kiss_legged_bench_cyclone_container_files/helios16p_ws/install/vicon_receiver/include/boost/fusion/adapted/boost_tuple/detail/convert_impl.hpp
[182.241s] -- Installing: /home/admin/bench/lab/STAGING_helios16p_kiss_legged_bench_cyclone_container_files/helios16p_ws/install/vicon_receiver/include/boost/fusion/adapted/boost_tuple/detail/begin_impl.hpp
[182.245s] -- Installing: /home/admin/bench/lab/STAGING_helios16p_kiss_legged_bench_cyclone_container_files/helios16p_ws/install/vicon_receiver/include/boost/fusion/adapted/boost_tuple/detail/category_of_impl.hpp
[182.247s] -- Installing: /home/admin/bench/lab/STAGING_helios16p_kiss_legged_bench_cyclone_container_files/helios16p_ws/install/vicon_receiver/include/boost/fusion/adapted/boost_tuple/detail/is_sequence_impl.hpp
[182.247s] -- Installing: /home/admin/bench/lab/STAGING_helios16p_kiss_legged_bench_cyclone_container_files/helios16p_ws/install/vicon_receiver/include/boost/fusion/adapted/boost_tuple/detail/is_view_impl.hpp
[182.255s] -- Installing: /home/admin/bench/lab/STAGING_helios16p_kiss_legged_bench_cyclone_container_files/helios16p_ws/install/vicon_receiver/include/boost/fusion/adapted/boost_tuple/detail/value_at_impl.hpp
[182.256s] -- Installing: /home/admin/bench/lab/STAGING_helios16p_kiss_legged_bench_cyclone_container_files/helios16p_ws/install/vicon_receiver/include/boost/fusion/adapted/boost_tuple/detail/at_impl.hpp
[182.262s] -- Installing: /home/admin/bench/lab/STAGING_helios16p_kiss_legged_bench_cyclone_container_files/helios16p_ws/install/vicon_receiver/include/boost/fusion/adapted/boost_tuple/boost_tuple_iterator.hpp
[182.263s] -- Installing: /home/admin/bench/lab/STAGING_helios16p_kiss_legged_bench_cyclone_container_files/helios16p_ws/install/vicon_receiver/include/boost/fusion/adapted/boost_tuple/mpl
[182.263s] -- Installing: /home/admin/bench/lab/STAGING_helios16p_kiss_legged_bench_cyclone_container_files/helios16p_ws/install/vicon_receiver/include/boost/fusion/adapted/boost_tuple/mpl/clear.hpp
[182.263s] -- Installing: /home/admin/bench/lab/STAGING_helios16p_kiss_legged_bench_cyclone_container_files/helios16p_ws/install/vicon_receiver/include/boost/fusion/adapted/boost_tuple/tag_of.hpp
[182.264s] -- Installing: /home/admin/bench/lab/STAGING_helios16p_kiss_legged_bench_cyclone_container_files/helios16p_ws/install/vicon_receiver/include/boost/fusion/adapted/mpl
[182.265s] -- Installing: /home/admin/bench/lab/STAGING_helios16p_kiss_legged_bench_cyclone_container_files/helios16p_ws/install/vicon_receiver/include/boost/fusion/adapted/mpl/detail
[182.266s] -- Installing: /home/admin/bench/lab/STAGING_helios16p_kiss_legged_bench_cyclone_container_files/helios16p_ws/install/vicon_receiver/include/boost/fusion/adapted/mpl/detail/end_impl.hpp
[182.271s] -- Installing: /home/admin/bench/lab/STAGING_helios16p_kiss_legged_bench_cyclone_container_files/helios16p_ws/install/vicon_receiver/include/boost/fusion/adapted/mpl/detail/size_impl.hpp
[182.272s] -- Installing: /home/admin/bench/lab/STAGING_helios16p_kiss_legged_bench_cyclone_container_files/helios16p_ws/install/vicon_receiver/include/boost/fusion/adapted/mpl/detail/begin_impl.hpp
[182.274s] -- Installing: /home/admin/bench/lab/STAGING_helios16p_kiss_legged_bench_cyclone_container_files/helios16p_ws/install/vicon_receiver/include/boost/fusion/adapted/mpl/detail/category_of_impl.hpp
[182.275s] -- Installing: /home/admin/bench/lab/STAGING_helios16p_kiss_legged_bench_cyclone_container_files/helios16p_ws/install/vicon_receiver/include/boost/fusion/adapted/mpl/detail/is_sequence_impl.hpp
[182.280s] -- Installing: /home/admin/bench/lab/STAGING_helios16p_kiss_legged_bench_cyclone_container_files/helios16p_ws/install/vicon_receiver/include/boost/fusion/adapted/mpl/detail/is_view_impl.hpp
[182.281s] -- Installing: /home/admin/bench/lab/STAGING_helios16p_kiss_legged_bench_cyclone_container_files/helios16p_ws/install/vicon_receiver/include/boost/fusion/adapted/mpl/detail/value_at_impl.hpp
[182.284s] -- Installing: /home/admin/bench/lab/STAGING_helios16p_kiss_legged_bench_cyclone_container_files/helios16p_ws/install/vicon_receiver/include/boost/fusion/adapted/mpl/detail/at_impl.hpp
[182.288s] -- Installing: /home/admin/bench/lab/STAGING_helios16p_kiss_legged_bench_cyclone_container_files/helios16p_ws/install/vicon_receiver/include/boost/fusion/adapted/mpl/detail/empty_impl.hpp
[182.289s] -- Installing: /home/admin/bench/lab/STAGING_helios16p_kiss_legged_bench_cyclone_container_files/helios16p_ws/install/vicon_receiver/include/boost/fusion/adapted/mpl/detail/has_key_impl.hpp
[182.294s] -- Installing: /home/admin/bench/lab/STAGING_helios16p_kiss_legged_bench_cyclone_container_files/helios16p_ws/install/vicon_receiver/include/boost/fusion/adapted/mpl/mpl_iterator.hpp
[182.296s] -- Installing: /home/admin/bench/lab/STAGING_helios16p_kiss_legged_bench_cyclone_container_files/helios16p_ws/install/vicon_receiver/include/boost/fusion/adapted/mpl.hpp
[182.297s] -- Installing: /home/admin/bench/lab/STAGING_helios16p_kiss_legged_bench_cyclone_container_files/helios16p_ws/install/vicon_receiver/include/boost/fusion/adapted/boost_tuple.hpp
[182.299s] -- Installing: /home/admin/bench/lab/STAGING_helios16p_kiss_legged_bench_cyclone_container_files/helios16p_ws/install/vicon_receiver/include/boost/fusion/mpl.hpp
[182.300s] -- Installing: /home/admin/bench/lab/STAGING_helios16p_kiss_legged_bench_cyclone_container_files/helios16p_ws/install/vicon_receiver/include/boost/fusion/view
[182.302s] -- Installing: /home/admin/bench/lab/STAGING_helios16p_kiss_legged_bench_cyclone_container_files/helios16p_ws/install/vicon_receiver/include/boost/fusion/view/detail
[182.306s] -- Installing: /home/admin/bench/lab/STAGING_helios16p_kiss_legged_bench_cyclone_container_files/helios16p_ws/install/vicon_receiver/include/boost/fusion/view/detail/strictest_traversal.hpp
[182.310s] -- Installing: /home/admin/bench/lab/STAGING_helios16p_kiss_legged_bench_cyclone_container_files/helios16p_ws/install/vicon_receiver/include/boost/fusion/view/iterator_range
[182.310s] -- Installing: /home/admin/bench/lab/STAGING_helios16p_kiss_legged_bench_cyclone_container_files/helios16p_ws/install/vicon_receiver/include/boost/fusion/view/iterator_range/detail
[182.310s] -- Installing: /home/admin/bench/lab/STAGING_helios16p_kiss_legged_bench_cyclone_container_files/helios16p_ws/install/vicon_receiver/include/boost/fusion/view/iterator_range/detail/end_impl.hpp
[182.316s] -- Installing: /home/admin/bench/lab/STAGING_helios16p_kiss_legged_bench_cyclone_container_files/helios16p_ws/install/vicon_receiver/include/boost/fusion/view/iterator_range/detail/segmented_iterator_range.hpp
[182.323s] -- Installing: /home/admin/bench/lab/STAGING_helios16p_kiss_legged_bench_cyclone_container_files/helios16p_ws/install/vicon_receiver/include/boost/fusion/view/iterator_range/detail/size_impl.hpp
[182.324s] -- Installing: /home/admin/bench/lab/STAGING_helios16p_kiss_legged_bench_cyclone_container_files/helios16p_ws/install/vicon_receiver/include/boost/fusion/view/iterator_range/detail/begin_impl.hpp
[182.324s] -- Installing: /home/admin/bench/lab/STAGING_helios16p_kiss_legged_bench_cyclone_container_files/helios16p_ws/install/vicon_receiver/include/boost/fusion/view/iterator_range/detail/is_segmented_impl.hpp
[182.325s] -- Installing: /home/admin/bench/lab/STAGING_helios16p_kiss_legged_bench_cyclone_container_files/helios16p_ws/install/vicon_receiver/include/boost/fusion/view/iterator_range/detail/value_at_impl.hpp
[182.326s] -- Installing: /home/admin/bench/lab/STAGING_helios16p_kiss_legged_bench_cyclone_container_files/helios16p_ws/install/vicon_receiver/include/boost/fusion/view/iterator_range/detail/at_impl.hpp
[182.328s] -- Installing: /home/admin/bench/lab/STAGING_helios16p_kiss_legged_bench_cyclone_container_files/helios16p_ws/install/vicon_receiver/include/boost/fusion/view/iterator_range/detail/segments_impl.hpp
[182.335s] -- Installing: /home/admin/bench/lab/STAGING_helios16p_kiss_legged_bench_cyclone_container_files/helios16p_ws/install/vicon_receiver/include/boost/fusion/view/iterator_range/iterator_range.hpp
[182.344s] -- Installing: /home/admin/bench/lab/STAGING_helios16p_kiss_legged_bench_cyclone_container_files/helios16p_ws/install/vicon_receiver/include/boost/fusion/view/transform_view
[182.345s] -- Installing: /home/admin/bench/lab/STAGING_helios16p_kiss_legged_bench_cyclone_container_files/helios16p_ws/install/vicon_receiver/include/boost/fusion/view/transform_view/detail
[182.345s] -- Installing: /home/admin/bench/lab/STAGING_helios16p_kiss_legged_bench_cyclone_container_files/helios16p_ws/install/vicon_receiver/include/boost/fusion/view/transform_view/detail/value_of_impl.hpp
[182.346s] -- Installing: /home/admin/bench/lab/STAGING_helios16p_kiss_legged_bench_cyclone_container_files/helios16p_ws/install/vicon_receiver/include/boost/fusion/view/transform_view/detail/end_impl.hpp
[182.347s] -- Installing: /home/admin/bench/lab/STAGING_helios16p_kiss_legged_bench_cyclone_container_files/helios16p_ws/install/vicon_receiver/include/boost/fusion/view/transform_view/detail/advance_impl.hpp
[182.347s] -- Installing: /home/admin/bench/lab/STAGING_helios16p_kiss_legged_bench_cyclone_container_files/helios16p_ws/install/vicon_receiver/include/boost/fusion/view/transform_view/detail/next_impl.hpp
[182.354s] -- Installing: /home/admin/bench/lab/STAGING_helios16p_kiss_legged_bench_cyclone_container_files/helios16p_ws/install/vicon_receiver/include/boost/fusion/view/transform_view/detail/prior_impl.hpp
[182.354s] -- Installing: /home/admin/bench/lab/STAGING_helios16p_kiss_legged_bench_cyclone_container_files/helios16p_ws/install/vicon_receiver/include/boost/fusion/view/transform_view/detail/begin_impl.hpp
[182.357s] -- Installing: /home/admin/bench/lab/STAGING_helios16p_kiss_legged_bench_cyclone_container_files/helios16p_ws/install/vicon_receiver/include/boost/fusion/view/transform_view/detail/equal_to_impl.hpp
[182.358s] -- Installing: /home/admin/bench/lab/STAGING_helios16p_kiss_legged_bench_cyclone_container_files/helios16p_ws/install/vicon_receiver/include/boost/fusion/view/transform_view/detail/distance_impl.hpp
[182.362s] -- Installing: /home/admin/bench/lab/STAGING_helios16p_kiss_legged_bench_cyclone_container_files/helios16p_ws/install/vicon_receiver/include/boost/fusion/view/transform_view/detail/value_at_impl.hpp
[182.363s] -- Installing: /home/admin/bench/lab/STAGING_helios16p_kiss_legged_bench_cyclone_container_files/helios16p_ws/install/vicon_receiver/include/boost/fusion/view/transform_view/detail/at_impl.hpp
[182.365s] -- Installing: /home/admin/bench/lab/STAGING_helios16p_kiss_legged_bench_cyclone_container_files/helios16p_ws/install/vicon_receiver/include/boost/fusion/view/transform_view/detail/deref_impl.hpp
[182.371s] -- Installing: /home/admin/bench/lab/STAGING_helios16p_kiss_legged_bench_cyclone_container_files/helios16p_ws/install/vicon_receiver/include/boost/fusion/view/transform_view/transform_view_fwd.hpp
[182.372s] -- Installing: /home/admin/bench/lab/STAGING_helios16p_kiss_legged_bench_cyclone_container_files/helios16p_ws/install/vicon_receiver/include/boost/fusion/view/transform_view/transform_view.hpp
[182.377s] -- Installing: /home/admin/bench/lab/STAGING_helios16p_kiss_legged_bench_cyclone_container_files/helios16p_ws/install/vicon_receiver/include/boost/fusion/view/transform_view/transform_view_iterator.hpp
[182.378s] -- Installing: /home/admin/bench/lab/STAGING_helios16p_kiss_legged_bench_cyclone_container_files/helios16p_ws/install/vicon_receiver/include/boost/fusion/view/single_view
[182.382s] -- Installing: /home/admin/bench/lab/STAGING_helios16p_kiss_legged_bench_cyclone_container_files/helios16p_ws/install/vicon_receiver/include/boost/fusion/view/single_view/detail
[182.382s] -- Installing: /home/admin/bench/lab/STAGING_helios16p_kiss_legged_bench_cyclone_container_files/helios16p_ws/install/vicon_receiver/include/boost/fusion/view/single_view/detail/value_of_impl.hpp
[182.387s] -- Installing: /home/admin/bench/lab/STAGING_helios16p_kiss_legged_bench_cyclone_container_files/helios16p_ws/install/vicon_receiver/include/boost/fusion/view/single_view/detail/end_impl.hpp
[182.391s] -- Installing: /home/admin/bench/lab/STAGING_helios16p_kiss_legged_bench_cyclone_container_files/helios16p_ws/install/vicon_receiver/include/boost/fusion/view/single_view/detail/advance_impl.hpp
[182.396s] -- Installing: /home/admin/bench/lab/STAGING_helios16p_kiss_legged_bench_cyclone_container_files/helios16p_ws/install/vicon_receiver/include/boost/fusion/view/single_view/detail/next_impl.hpp
[182.399s] -- Installing: /home/admin/bench/lab/STAGING_helios16p_kiss_legged_bench_cyclone_container_files/helios16p_ws/install/vicon_receiver/include/boost/fusion/view/single_view/detail/size_impl.hpp
[182.403s] -- Installing: /home/admin/bench/lab/STAGING_helios16p_kiss_legged_bench_cyclone_container_files/helios16p_ws/install/vicon_receiver/include/boost/fusion/view/single_view/detail/prior_impl.hpp
[182.404s] -- Installing: /home/admin/bench/lab/STAGING_helios16p_kiss_legged_bench_cyclone_container_files/helios16p_ws/install/vicon_receiver/include/boost/fusion/view/single_view/detail/begin_impl.hpp
[182.409s] -- Installing: /home/admin/bench/lab/STAGING_helios16p_kiss_legged_bench_cyclone_container_files/helios16p_ws/install/vicon_receiver/include/boost/fusion/view/single_view/detail/equal_to_impl.hpp
[182.412s] -- Installing: /home/admin/bench/lab/STAGING_helios16p_kiss_legged_bench_cyclone_container_files/helios16p_ws/install/vicon_receiver/include/boost/fusion/view/single_view/detail/distance_impl.hpp
[182.419s] -- Installing: /home/admin/bench/lab/STAGING_helios16p_kiss_legged_bench_cyclone_container_files/helios16p_ws/install/vicon_receiver/include/boost/fusion/view/single_view/detail/value_at_impl.hpp
[182.420s] -- Installing: /home/admin/bench/lab/STAGING_helios16p_kiss_legged_bench_cyclone_container_files/helios16p_ws/install/vicon_receiver/include/boost/fusion/view/single_view/detail/at_impl.hpp
[182.425s] -- Installing: /home/admin/bench/lab/STAGING_helios16p_kiss_legged_bench_cyclone_container_files/helios16p_ws/install/vicon_receiver/include/boost/fusion/view/single_view/detail/deref_impl.hpp
[182.426s] -- Installing: /home/admin/bench/lab/STAGING_helios16p_kiss_legged_bench_cyclone_container_files/helios16p_ws/install/vicon_receiver/include/boost/fusion/view/single_view/single_view_iterator.hpp
[182.427s] -- Installing: /home/admin/bench/lab/STAGING_helios16p_kiss_legged_bench_cyclone_container_files/helios16p_ws/install/vicon_receiver/include/boost/fusion/view/single_view/single_view.hpp
[182.428s] -- Installing: /home/admin/bench/lab/STAGING_helios16p_kiss_legged_bench_cyclone_container_files/helios16p_ws/install/vicon_receiver/include/boost/fusion/view/joint_view
[182.434s] -- Installing: /home/admin/bench/lab/STAGING_helios16p_kiss_legged_bench_cyclone_container_files/helios16p_ws/install/vicon_receiver/include/boost/fusion/view/joint_view/detail
[182.435s] -- Installing: /home/admin/bench/lab/STAGING_helios16p_kiss_legged_bench_cyclone_container_files/helios16p_ws/install/vicon_receiver/include/boost/fusion/view/joint_view/detail/value_of_impl.hpp
[182.436s] -- Installing: /home/admin/bench/lab/STAGING_helios16p_kiss_legged_bench_cyclone_container_files/helios16p_ws/install/vicon_receiver/include/boost/fusion/view/joint_view/detail/end_impl.hpp
[182.439s] -- Installing: /home/admin/bench/lab/STAGING_helios16p_kiss_legged_bench_cyclone_container_files/helios16p_ws/install/vicon_receiver/include/boost/fusion/view/joint_view/detail/value_of_data_impl.hpp
[182.439s] -- Installing: /home/admin/bench/lab/STAGING_helios16p_kiss_legged_bench_cyclone_container_files/helios16p_ws/install/vicon_receiver/include/boost/fusion/view/joint_view/detail/next_impl.hpp
[182.441s] -- Installing: /home/admin/bench/lab/STAGING_helios16p_kiss_legged_bench_cyclone_container_files/helios16p_ws/install/vicon_receiver/include/boost/fusion/view/joint_view/detail/deref_data_impl.hpp
[182.444s] -- Installing: /home/admin/bench/lab/STAGING_helios16p_kiss_legged_bench_cyclone_container_files/helios16p_ws/install/vicon_receiver/include/boost/fusion/view/joint_view/detail/begin_impl.hpp
[182.450s] -- Installing: /home/admin/bench/lab/STAGING_helios16p_kiss_legged_bench_cyclone_container_files/helios16p_ws/install/vicon_receiver/include/boost/fusion/view/joint_view/detail/key_of_impl.hpp
[182.453s] -- Installing: /home/admin/bench/lab/STAGING_helios16p_kiss_legged_bench_cyclone_container_files/helios16p_ws/install/vicon_receiver/include/boost/fusion/view/joint_view/detail/deref_impl.hpp
[182.454s] -- Installing: /home/admin/bench/lab/STAGING_helios16p_kiss_legged_bench_cyclone_container_files/helios16p_ws/install/vicon_receiver/include/boost/fusion/view/joint_view/joint_view_fwd.hpp
[182.456s] -- Installing: /home/admin/bench/lab/STAGING_helios16p_kiss_legged_bench_cyclone_container_files/helios16p_ws/install/vicon_receiver/include/boost/fusion/view/joint_view/joint_view_iterator.hpp
[182.458s] -- Installing: /home/admin/bench/lab/STAGING_helios16p_kiss_legged_bench_cyclone_container_files/helios16p_ws/install/vicon_receiver/include/boost/fusion/view/joint_view/joint_view.hpp
[182.462s] -- Installing: /home/admin/bench/lab/STAGING_helios16p_kiss_legged_bench_cyclone_container_files/helios16p_ws/install/vicon_receiver/include/boost/fusion/view/iterator_range.hpp
[182.464s] -- Installing: /home/admin/bench/lab/STAGING_helios16p_kiss_legged_bench_cyclone_container_files/helios16p_ws/install/vicon_receiver/include/boost/fusion/sequence
[182.466s] -- Installing: /home/admin/bench/lab/STAGING_helios16p_kiss_legged_bench_cyclone_container_files/helios16p_ws/install/vicon_receiver/include/boost/fusion/sequence/convert.hpp
[182.471s] -- Installing: /home/admin/bench/lab/STAGING_helios16p_kiss_legged_bench_cyclone_container_files/helios16p_ws/install/vicon_receiver/include/boost/fusion/sequence/intrinsic
[182.472s] -- Installing: /home/admin/bench/lab/STAGING_helios16p_kiss_legged_bench_cyclone_container_files/helios16p_ws/install/vicon_receiver/include/boost/fusion/sequence/intrinsic/empty.hpp
[182.479s] -- Installing: /home/admin/bench/lab/STAGING_helios16p_kiss_legged_bench_cyclone_container_files/helios16p_ws/install/vicon_receiver/include/boost/fusion/sequence/intrinsic/at.hpp
[182.480s] -- Installing: /home/admin/bench/lab/STAGING_helios16p_kiss_legged_bench_cyclone_container_files/helios16p_ws/install/vicon_receiver/include/boost/fusion/sequence/intrinsic/has_key.hpp
[182.482s] -- Installing: /home/admin/bench/lab/STAGING_helios16p_kiss_legged_bench_cyclone_container_files/helios16p_ws/install/vicon_receiver/include/boost/fusion/sequence/intrinsic/detail
[182.483s] -- Installing: /home/admin/bench/lab/STAGING_helios16p_kiss_legged_bench_cyclone_container_files/helios16p_ws/install/vicon_receiver/include/boost/fusion/sequence/intrinsic/detail/segmented_begin.hpp
[182.486s] -- Installing: /home/admin/bench/lab/STAGING_helios16p_kiss_legged_bench_cyclone_container_files/helios16p_ws/install/vicon_receiver/include/boost/fusion/sequence/intrinsic/detail/segmented_size.hpp
[182.491s] -- Installing: /home/admin/bench/lab/STAGING_helios16p_kiss_legged_bench_cyclone_container_files/helios16p_ws/install/vicon_receiver/include/boost/fusion/sequence/intrinsic/detail/segmented_end_impl.hpp
[182.492s] -- Installing: /home/admin/bench/lab/STAGING_helios16p_kiss_legged_bench_cyclone_container_files/helios16p_ws/install/vicon_receiver/include/boost/fusion/sequence/intrinsic/detail/segmented_end.hpp
[182.495s] -- Installing: /home/admin/bench/lab/STAGING_helios16p_kiss_legged_bench_cyclone_container_files/helios16p_ws/install/vicon_receiver/include/boost/fusion/sequence/intrinsic/detail/segmented_begin_impl.hpp
[182.502s] -- Installing: /home/admin/bench/lab/STAGING_helios16p_kiss_legged_bench_cyclone_container_files/helios16p_ws/install/vicon_receiver/include/boost/fusion/sequence/intrinsic/begin.hpp
[182.503s] -- Installing: /home/admin/bench/lab/STAGING_helios16p_kiss_legged_bench_cyclone_container_files/helios16p_ws/install/vicon_receiver/include/boost/fusion/sequence/intrinsic/at_c.hpp
[182.504s] -- Installing: /home/admin/bench/lab/STAGING_helios16p_kiss_legged_bench_cyclone_container_files/helios16p_ws/install/vicon_receiver/include/boost/fusion/sequence/intrinsic/value_at.hpp
[182.509s] -- Installing: /home/admin/bench/lab/STAGING_helios16p_kiss_legged_bench_cyclone_container_files/helios16p_ws/install/vicon_receiver/include/boost/fusion/sequence/intrinsic/end.hpp
[182.509s] -- Installing: /home/admin/bench/lab/STAGING_helios16p_kiss_legged_bench_cyclone_container_files/helios16p_ws/install/vicon_receiver/include/boost/fusion/sequence/intrinsic/segments.hpp
[182.515s] -- Installing: /home/admin/bench/lab/STAGING_helios16p_kiss_legged_bench_cyclone_container_files/helios16p_ws/install/vicon_receiver/include/boost/fusion/sequence/intrinsic/size.hpp
[182.519s] -- Installing: /home/admin/bench/lab/STAGING_helios16p_kiss_legged_bench_cyclone_container_files/helios16p_ws/install/vicon_receiver/include/boost/fusion/sequence/comparison
[182.527s] -- Installing: /home/admin/bench/lab/STAGING_helios16p_kiss_legged_bench_cyclone_container_files/helios16p_ws/install/vicon_receiver/include/boost/fusion/sequence/comparison/detail
[182.528s] -- Installing: /home/admin/bench/lab/STAGING_helios16p_kiss_legged_bench_cyclone_container_files/helios16p_ws/install/vicon_receiver/include/boost/fusion/sequence/comparison/detail/equal_to.hpp
[182.528s] -- Installing: /home/admin/bench/lab/STAGING_helios16p_kiss_legged_bench_cyclone_container_files/helios16p_ws/install/vicon_receiver/include/boost/fusion/sequence/comparison/enable_comparison.hpp
[182.529s] -- Installing: /home/admin/bench/lab/STAGING_helios16p_kiss_legged_bench_cyclone_container_files/helios16p_ws/install/vicon_receiver/include/boost/fusion/sequence/comparison/equal_to.hpp
[182.529s] -- Installing: /home/admin/bench/lab/STAGING_helios16p_kiss_legged_bench_cyclone_container_files/helios16p_ws/install/vicon_receiver/include/boost/fusion/sequence/intrinsic_fwd.hpp
[182.529s] -- Installing: /home/admin/bench/lab/STAGING_helios16p_kiss_legged_bench_cyclone_container_files/helios16p_ws/install/vicon_receiver/include/boost/fusion/support
[182.533s] -- Installing: /home/admin/bench/lab/STAGING_helios16p_kiss_legged_bench_cyclone_container_files/helios16p_ws/install/vicon_receiver/include/boost/fusion/support/iterator_base.hpp
[182.536s] -- Installing: /home/admin/bench/lab/STAGING_helios16p_kiss_legged_bench_cyclone_container_files/helios16p_ws/install/vicon_receiver/include/boost/fusion/support/segmented_fold_until.hpp
[182.542s] -- Installing: /home/admin/bench/lab/STAGING_helios16p_kiss_legged_bench_cyclone_container_files/helios16p_ws/install/vicon_receiver/include/boost/fusion/support/detail
[182.542s] -- Installing: /home/admin/bench/lab/STAGING_helios16p_kiss_legged_bench_cyclone_container_files/helios16p_ws/install/vicon_receiver/include/boost/fusion/support/detail/is_native_fusion_sequence.hpp
[182.544s] -- Installing: /home/admin/bench/lab/STAGING_helios16p_kiss_legged_bench_cyclone_container_files/helios16p_ws/install/vicon_receiver/include/boost/fusion/support/detail/access.hpp
[182.547s] -- Installing: /home/admin/bench/lab/STAGING_helios16p_kiss_legged_bench_cyclone_container_files/helios16p_ws/install/vicon_receiver/include/boost/fusion/support/detail/index_sequence.hpp
[182.549s] -- Installing: /home/admin/bench/lab/STAGING_helios16p_kiss_legged_bench_cyclone_container_files/helios16p_ws/install/vicon_receiver/include/boost/fusion/support/detail/and.hpp
[182.552s] -- Installing: /home/admin/bench/lab/STAGING_helios16p_kiss_legged_bench_cyclone_container_files/helios16p_ws/install/vicon_receiver/include/boost/fusion/support/detail/as_fusion_element.hpp
[182.557s] -- Installing: /home/admin/bench/lab/STAGING_helios16p_kiss_legged_bench_cyclone_container_files/helios16p_ws/install/vicon_receiver/include/boost/fusion/support/detail/enabler.hpp
[182.560s] -- Installing: /home/admin/bench/lab/STAGING_helios16p_kiss_legged_bench_cyclone_container_files/helios16p_ws/install/vicon_receiver/include/boost/fusion/support/detail/segmented_fold_until_impl.hpp
[182.562s] -- Installing: /home/admin/bench/lab/STAGING_helios16p_kiss_legged_bench_cyclone_container_files/helios16p_ws/install/vicon_receiver/include/boost/fusion/support/detail/is_mpl_sequence.hpp
[182.564s] -- Installing: /home/admin/bench/lab/STAGING_helios16p_kiss_legged_bench_cyclone_container_files/helios16p_ws/install/vicon_receiver/include/boost/fusion/support/detail/pp_round.hpp
[182.570s] -- Installing: /home/admin/bench/lab/STAGING_helios16p_kiss_legged_bench_cyclone_container_files/helios16p_ws/install/vicon_receiver/include/boost/fusion/support/detail/mpl_iterator_category.hpp
[182.573s] -- Installing: /home/admin/bench/lab/STAGING_helios16p_kiss_legged_bench_cyclone_container_files/helios16p_ws/install/vicon_receiver/include/boost/fusion/support/tag_of_fwd.hpp
[182.575s] -- Installing: /home/admin/bench/lab/STAGING_helios16p_kiss_legged_bench_cyclone_container_files/helios16p_ws/install/vicon_receiver/include/boost/fusion/support/config.hpp
[182.580s] -- Installing: /home/admin/bench/lab/STAGING_helios16p_kiss_legged_bench_cyclone_container_files/helios16p_ws/install/vicon_receiver/include/boost/fusion/support/as_const.hpp
[182.583s] -- Installing: /home/admin/bench/lab/STAGING_helios16p_kiss_legged_bench_cyclone_container_files/helios16p_ws/install/vicon_receiver/include/boost/fusion/support/is_segmented.hpp
[182.585s] -- Installing: /home/admin/bench/lab/STAGING_helios16p_kiss_legged_bench_cyclone_container_files/helios16p_ws/install/vicon_receiver/include/boost/fusion/support/is_sequence.hpp
[182.587s] -- Installing: /home/admin/bench/lab/STAGING_helios16p_kiss_legged_bench_cyclone_container_files/helios16p_ws/install/vicon_receiver/include/boost/fusion/support/is_view.hpp
[182.593s] -- Installing: /home/admin/bench/lab/STAGING_helios16p_kiss_legged_bench_cyclone_container_files/helios16p_ws/install/vicon_receiver/include/boost/fusion/support/sequence_base.hpp
[182.594s] -- Installing: /home/admin/bench/lab/STAGING_helios16p_kiss_legged_bench_cyclone_container_files/helios16p_ws/install/vicon_receiver/include/boost/fusion/support/tag_of.hpp
[182.594s] -- Installing: /home/admin/bench/lab/STAGING_helios16p_kiss_legged_bench_cyclone_container_files/helios16p_ws/install/vicon_receiver/include/boost/fusion/support/category_of.hpp
[182.598s] -- Installing: /home/admin/bench/lab/STAGING_helios16p_kiss_legged_bench_cyclone_container_files/helios16p_ws/install/vicon_receiver/include/boost/fusion/support/is_iterator.hpp
[182.603s] -- Installing: /home/admin/bench/lab/STAGING_helios16p_kiss_legged_bench_cyclone_container_files/helios16p_ws/install/vicon_receiver/include/boost/fusion/support/void.hpp
[182.604s] -- Installing: /home/admin/bench/lab/STAGING_helios16p_kiss_legged_bench_cyclone_container_files/helios16p_ws/install/vicon_receiver/include/boost/type_index
[182.605s] -- Installing: /home/admin/bench/lab/STAGING_helios16p_kiss_legged_bench_cyclone_container_files/helios16p_ws/install/vicon_receiver/include/boost/type_index/detail
[182.608s] -- Installing: /home/admin/bench/lab/STAGING_helios16p_kiss_legged_bench_cyclone_container_files/helios16p_ws/install/vicon_receiver/include/boost/type_index/detail/ctti_register_class.hpp
[182.613s] -- Installing: /home/admin/bench/lab/STAGING_helios16p_kiss_legged_bench_cyclone_container_files/helios16p_ws/install/vicon_receiver/include/boost/type_index/detail/stl_register_class.hpp
[182.616s] -- Installing: /home/admin/bench/lab/STAGING_helios16p_kiss_legged_bench_cyclone_container_files/helios16p_ws/install/vicon_receiver/include/boost/type_index/detail/compile_time_type_info.hpp
[182.624s] -- Installing: /home/admin/bench/lab/STAGING_helios16p_kiss_legged_bench_cyclone_container_files/helios16p_ws/install/vicon_receiver/include/boost/type_index/ctti_type_index.hpp
[182.627s] -- Installing: /home/admin/bench/lab/STAGING_helios16p_kiss_legged_bench_cyclone_container_files/helios16p_ws/install/vicon_receiver/include/boost/type_index/stl_type_index.hpp
[182.629s] -- Installing: /home/admin/bench/lab/STAGING_helios16p_kiss_legged_bench_cyclone_container_files/helios16p_ws/install/vicon_receiver/include/boost/type_index/type_index_facade.hpp
[182.632s] -- Installing: /home/admin/bench/lab/STAGING_helios16p_kiss_legged_bench_cyclone_container_files/helios16p_ws/install/vicon_receiver/include/boost/detail
[182.635s] -- Installing: /home/admin/bench/lab/STAGING_helios16p_kiss_legged_bench_cyclone_container_files/helios16p_ws/install/vicon_receiver/include/boost/detail/utf8_codecvt_facet.ipp
[182.640s] -- Installing: /home/admin/bench/lab/STAGING_helios16p_kiss_legged_bench_cyclone_container_files/helios16p_ws/install/vicon_receiver/include/boost/detail/basic_pointerbuf.hpp
[182.645s] -- Installing: /home/admin/bench/lab/STAGING_helios16p_kiss_legged_bench_cyclone_container_files/helios16p_ws/install/vicon_receiver/include/boost/detail/scoped_enum_emulation.hpp
[182.654s] -- Installing: /home/admin/bench/lab/STAGING_helios16p_kiss_legged_bench_cyclone_container_files/helios16p_ws/install/vicon_receiver/include/boost/detail/select_type.hpp
[182.655s] -- Installing: /home/admin/bench/lab/STAGING_helios16p_kiss_legged_bench_cyclone_container_files/helios16p_ws/install/vicon_receiver/include/boost/detail/container_fwd.hpp
[182.658s] -- Installing: /home/admin/bench/lab/STAGING_helios16p_kiss_legged_bench_cyclone_container_files/helios16p_ws/install/vicon_receiver/include/boost/detail/indirect_traits.hpp
[182.660s] -- Installing: /home/admin/bench/lab/STAGING_helios16p_kiss_legged_bench_cyclone_container_files/helios16p_ws/install/vicon_receiver/include/boost/detail/call_traits.hpp
[182.666s] -- Installing: /home/admin/bench/lab/STAGING_helios16p_kiss_legged_bench_cyclone_container_files/helios16p_ws/install/vicon_receiver/include/boost/detail/atomic_count.hpp
[182.670s] -- Installing: /home/admin/bench/lab/STAGING_helios16p_kiss_legged_bench_cyclone_container_files/helios16p_ws/install/vicon_receiver/include/boost/detail/interlocked.hpp
[182.674s] -- Installing: /home/admin/bench/lab/STAGING_helios16p_kiss_legged_bench_cyclone_container_files/helios16p_ws/install/vicon_receiver/include/boost/detail/lcast_precision.hpp
[182.679s] -- Installing: /home/admin/bench/lab/STAGING_helios16p_kiss_legged_bench_cyclone_container_files/helios16p_ws/install/vicon_receiver/include/boost/detail/reference_content.hpp
[182.681s] -- Installing: /home/admin/bench/lab/STAGING_helios16p_kiss_legged_bench_cyclone_container_files/helios16p_ws/install/vicon_receiver/include/boost/detail/fenv.hpp
[182.681s] -- Installing: /home/admin/bench/lab/STAGING_helios16p_kiss_legged_bench_cyclone_container_files/helios16p_ws/install/vicon_receiver/include/boost/detail/no_exceptions_support.hpp
[182.683s] -- Installing: /home/admin/bench/lab/STAGING_helios16p_kiss_legged_bench_cyclone_container_files/helios16p_ws/install/vicon_receiver/include/boost/detail/utf8_codecvt_facet.hpp
[182.685s] -- Installing: /home/admin/bench/lab/STAGING_helios16p_kiss_legged_bench_cyclone_container_files/helios16p_ws/install/vicon_receiver/include/boost/detail/workaround.hpp
[182.687s] -- Installing: /home/admin/bench/lab/STAGING_helios16p_kiss_legged_bench_cyclone_container_files/helios16p_ws/install/vicon_receiver/include/boost/detail/bitmask.hpp
[182.690s] -- Installing: /home/admin/bench/lab/STAGING_helios16p_kiss_legged_bench_cyclone_container_files/helios16p_ws/install/vicon_receiver/include/boost/get_pointer.hpp
[182.692s] -- Installing: /home/admin/bench/lab/STAGING_helios16p_kiss_legged_bench_cyclone_container_files/helios16p_ws/install/vicon_receiver/include/boost/typeof
[182.694s] -- Installing: /home/admin/bench/lab/STAGING_helios16p_kiss_legged_bench_cyclone_container_files/helios16p_ws/install/vicon_receiver/include/boost/typeof/native.hpp
[182.697s] -- Installing: /home/admin/bench/lab/STAGING_helios16p_kiss_legged_bench_cyclone_container_files/helios16p_ws/install/vicon_receiver/include/boost/typeof/register_fundamental.hpp
[182.699s] -- Installing: /home/admin/bench/lab/STAGING_helios16p_kiss_legged_bench_cyclone_container_files/helios16p_ws/install/vicon_receiver/include/boost/typeof/constant.hpp
[182.703s] -- Installing: /home/admin/bench/lab/STAGING_helios16p_kiss_legged_bench_cyclone_container_files/helios16p_ws/install/vicon_receiver/include/boost/typeof/encode_decode.hpp
[182.708s] -- Installing: /home/admin/bench/lab/STAGING_helios16p_kiss_legged_bench_cyclone_container_files/helios16p_ws/install/vicon_receiver/include/boost/typeof/template_template_param.hpp
[182.715s] -- Installing: /home/admin/bench/lab/STAGING_helios16p_kiss_legged_bench_cyclone_container_files/helios16p_ws/install/vicon_receiver/include/boost/typeof/register_functions.hpp
[182.716s] -- Installing: /home/admin/bench/lab/STAGING_helios16p_kiss_legged_bench_cyclone_container_files/helios16p_ws/install/vicon_receiver/include/boost/typeof/integral_template_param.hpp
[182.718s] -- Installing: /home/admin/bench/lab/STAGING_helios16p_kiss_legged_bench_cyclone_container_files/helios16p_ws/install/vicon_receiver/include/boost/typeof/decltype.hpp
[182.726s] -- Installing: /home/admin/bench/lab/STAGING_helios16p_kiss_legged_bench_cyclone_container_files/helios16p_ws/install/vicon_receiver/include/boost/typeof/register_functions_iterate.hpp
[182.731s] -- Installing: /home/admin/bench/lab/STAGING_helios16p_kiss_legged_bench_cyclone_container_files/helios16p_ws/install/vicon_receiver/include/boost/typeof/vector200.hpp
[182.764s] -- Installing: /home/admin/bench/lab/STAGING_helios16p_kiss_legged_bench_cyclone_container_files/helios16p_ws/install/vicon_receiver/include/boost/typeof/vector.hpp
[182.770s] -- Installing: /home/admin/bench/lab/STAGING_helios16p_kiss_legged_bench_cyclone_container_files/helios16p_ws/install/vicon_receiver/include/boost/typeof/modifiers.hpp
[182.773s] -- Installing: /home/admin/bench/lab/STAGING_helios16p_kiss_legged_bench_cyclone_container_files/helios16p_ws/install/vicon_receiver/include/boost/typeof/template_encoding.hpp
[182.777s] -- Installing: /home/admin/bench/lab/STAGING_helios16p_kiss_legged_bench_cyclone_container_files/helios16p_ws/install/vicon_receiver/include/boost/typeof/pointers_data_members.hpp
[182.780s] -- Installing: /home/admin/bench/lab/STAGING_helios16p_kiss_legged_bench_cyclone_container_files/helios16p_ws/install/vicon_receiver/include/boost/typeof/register_mem_functions.hpp
[182.780s] -- Installing: /home/admin/bench/lab/STAGING_helios16p_kiss_legged_bench_cyclone_container_files/helios16p_ws/install/vicon_receiver/include/boost/typeof/message.hpp
[182.784s] -- Installing: /home/admin/bench/lab/STAGING_helios16p_kiss_legged_bench_cyclone_container_files/helios16p_ws/install/vicon_receiver/include/boost/typeof/msvc
[182.784s] -- Installing: /home/admin/bench/lab/STAGING_helios16p_kiss_legged_bench_cyclone_container_files/helios16p_ws/install/vicon_receiver/include/boost/typeof/msvc/typeof_impl.hpp
[182.786s] -- Installing: /home/admin/bench/lab/STAGING_helios16p_kiss_legged_bench_cyclone_container_files/helios16p_ws/install/vicon_receiver/include/boost/typeof/unsupported.hpp
[182.796s] -- Installing: /home/admin/bench/lab/STAGING_helios16p_kiss_legged_bench_cyclone_container_files/helios16p_ws/install/vicon_receiver/include/boost/typeof/dmc
[182.802s] -- Installing: /home/admin/bench/lab/STAGING_helios16p_kiss_legged_bench_cyclone_container_files/helios16p_ws/install/vicon_receiver/include/boost/typeof/dmc/typeof_impl.hpp
[182.802s] -- Installing: /home/admin/bench/lab/STAGING_helios16p_kiss_legged_bench_cyclone_container_files/helios16p_ws/install/vicon_receiver/include/boost/typeof/vector100.hpp
[182.810s] -- Installing: /home/admin/bench/lab/STAGING_helios16p_kiss_legged_bench_cyclone_container_files/helios16p_ws/install/vicon_receiver/include/boost/typeof/type_encoding.hpp
[182.816s] -- Installing: /home/admin/bench/lab/STAGING_helios16p_kiss_legged_bench_cyclone_container_files/helios16p_ws/install/vicon_receiver/include/boost/typeof/typeof.hpp
[182.819s] -- Installing: /home/admin/bench/lab/STAGING_helios16p_kiss_legged_bench_cyclone_container_files/helios16p_ws/install/vicon_receiver/include/boost/typeof/type_template_param.hpp
[182.820s] -- Installing: /home/admin/bench/lab/STAGING_helios16p_kiss_legged_bench_cyclone_container_files/helios16p_ws/install/vicon_receiver/include/boost/typeof/typeof_impl.hpp
[182.824s] -- Installing: /home/admin/bench/lab/STAGING_helios16p_kiss_legged_bench_cyclone_container_files/helios16p_ws/install/vicon_receiver/include/boost/typeof/int_encoding.hpp
[182.829s] -- Installing: /home/admin/bench/lab/STAGING_helios16p_kiss_legged_bench_cyclone_container_files/helios16p_ws/install/vicon_receiver/include/boost/typeof/encode_decode_params.hpp
[182.829s] -- Installing: /home/admin/bench/lab/STAGING_helios16p_kiss_legged_bench_cyclone_container_files/helios16p_ws/install/vicon_receiver/include/boost/typeof/vector50.hpp
[182.835s] -- Installing: /home/admin/bench/lab/STAGING_helios16p_kiss_legged_bench_cyclone_container_files/helios16p_ws/install/vicon_receiver/include/boost/typeof/vector150.hpp
[182.858s] -- Installing: /home/admin/bench/lab/STAGING_helios16p_kiss_legged_bench_cyclone_container_files/helios16p_ws/install/vicon_receiver/include/boost/is_placeholder.hpp
[182.862s] -- Installing: /home/admin/bench/lab/STAGING_helios16p_kiss_legged_bench_cyclone_container_files/helios16p_ws/install/vicon_receiver/include/boost/chrono.hpp
[182.864s] -- Installing: /home/admin/bench/lab/STAGING_helios16p_kiss_legged_bench_cyclone_container_files/helios16p_ws/install/vicon_receiver/include/boost/cregex.hpp
[182.867s] -- Installing: /home/admin/bench/lab/STAGING_helios16p_kiss_legged_bench_cyclone_container_files/helios16p_ws/install/vicon_receiver/include/boost/utility
[182.873s] -- Installing: /home/admin/bench/lab/STAGING_helios16p_kiss_legged_bench_cyclone_container_files/helios16p_ws/install/vicon_receiver/include/boost/utility/swap.hpp
[182.880s] -- Installing: /home/admin/bench/lab/STAGING_helios16p_kiss_legged_bench_cyclone_container_files/helios16p_ws/install/vicon_receiver/include/boost/utility/detail
[182.881s] -- Installing: /home/admin/bench/lab/STAGING_helios16p_kiss_legged_bench_cyclone_container_files/helios16p_ws/install/vicon_receiver/include/boost/utility/detail/result_of_iterate.hpp
[182.884s] -- Installing: /home/admin/bench/lab/STAGING_helios16p_kiss_legged_bench_cyclone_container_files/helios16p_ws/install/vicon_receiver/include/boost/utility/identity_type.hpp
[182.890s] -- Installing: /home/admin/bench/lab/STAGING_helios16p_kiss_legged_bench_cyclone_container_files/helios16p_ws/install/vicon_receiver/include/boost/utility/compare_pointees.hpp
[182.898s] -- Installing: /home/admin/bench/lab/STAGING_helios16p_kiss_legged_bench_cyclone_container_files/helios16p_ws/install/vicon_receiver/include/boost/utility/addressof.hpp
[182.904s] -- Installing: /home/admin/bench/lab/STAGING_helios16p_kiss_legged_bench_cyclone_container_files/helios16p_ws/install/vicon_receiver/include/boost/utility/declval.hpp
[182.909s] -- Installing: /home/admin/bench/lab/STAGING_helios16p_kiss_legged_bench_cyclone_container_files/helios16p_ws/install/vicon_receiver/include/boost/utility/base_from_member.hpp
[182.910s] -- Installing: /home/admin/bench/lab/STAGING_helios16p_kiss_legged_bench_cyclone_container_files/helios16p_ws/install/vicon_receiver/include/boost/utility/enable_if.hpp
[182.910s] -- Installing: /home/admin/bench/lab/STAGING_helios16p_kiss_legged_bench_cyclone_container_files/helios16p_ws/install/vicon_receiver/include/boost/utility/binary.hpp
[182.916s] -- Installing: /home/admin/bench/lab/STAGING_helios16p_kiss_legged_bench_cyclone_container_files/helios16p_ws/install/vicon_receiver/include/boost/utility/result_of.hpp
[182.918s] -- Installing: /home/admin/bench/lab/STAGING_helios16p_kiss_legged_bench_cyclone_container_files/helios16p_ws/install/vicon_receiver/include/boost/lexical_cast
[182.932s] -- Installing: /home/admin/bench/lab/STAGING_helios16p_kiss_legged_bench_cyclone_container_files/helios16p_ws/install/vicon_receiver/include/boost/lexical_cast/bad_lexical_cast.hpp
[182.936s] -- Installing: /home/admin/bench/lab/STAGING_helios16p_kiss_legged_bench_cyclone_container_files/helios16p_ws/install/vicon_receiver/include/boost/lexical_cast/detail
[182.938s] -- Installing: /home/admin/bench/lab/STAGING_helios16p_kiss_legged_bench_cyclone_container_files/helios16p_ws/install/vicon_receiver/include/boost/lexical_cast/detail/inf_nan.hpp
[182.945s] -- Installing: /home/admin/bench/lab/STAGING_helios16p_kiss_legged_bench_cyclone_container_files/helios16p_ws/install/vicon_receiver/include/boost/lexical_cast/detail/converter_lexical_streams.hpp
[182.947s] -- Installing: /home/admin/bench/lab/STAGING_helios16p_kiss_legged_bench_cyclone_container_files/helios16p_ws/install/vicon_receiver/include/boost/lexical_cast/detail/is_character.hpp
[182.950s] -- Installing: /home/admin/bench/lab/STAGING_helios16p_kiss_legged_bench_cyclone_container_files/helios16p_ws/install/vicon_receiver/include/boost/lexical_cast/detail/lcast_char_constants.hpp
[182.951s] -- Installing: /home/admin/bench/lab/STAGING_helios16p_kiss_legged_bench_cyclone_container_files/helios16p_ws/install/vicon_receiver/include/boost/lexical_cast/detail/lcast_unsigned_converters.hpp
[182.957s] -- Installing: /home/admin/bench/lab/STAGING_helios16p_kiss_legged_bench_cyclone_container_files/helios16p_ws/install/vicon_receiver/include/boost/lexical_cast/detail/converter_numeric.hpp
[182.957s] -- Installing: /home/admin/bench/lab/STAGING_helios16p_kiss_legged_bench_cyclone_container_files/helios16p_ws/install/vicon_receiver/include/boost/lexical_cast/detail/converter_lexical.hpp
[182.961s] -- Installing: /home/admin/bench/lab/STAGING_helios16p_kiss_legged_bench_cyclone_container_files/helios16p_ws/install/vicon_receiver/include/boost/lexical_cast/detail/widest_char.hpp
[182.963s] -- Installing: /home/admin/bench/lab/STAGING_helios16p_kiss_legged_bench_cyclone_container_files/helios16p_ws/install/vicon_receiver/include/boost/lexical_cast/try_lexical_convert.hpp
[182.966s] -- Installing: /home/admin/bench/lab/STAGING_helios16p_kiss_legged_bench_cyclone_container_files/helios16p_ws/install/vicon_receiver/include/boost/ratio
[182.970s] -- Installing: /home/admin/bench/lab/STAGING_helios16p_kiss_legged_bench_cyclone_container_files/helios16p_ws/install/vicon_receiver/include/boost/ratio/ratio.hpp
[182.971s] -- Installing: /home/admin/bench/lab/STAGING_helios16p_kiss_legged_bench_cyclone_container_files/helios16p_ws/install/vicon_receiver/include/boost/ratio/detail
[182.972s] -- Installing: /home/admin/bench/lab/STAGING_helios16p_kiss_legged_bench_cyclone_container_files/helios16p_ws/install/vicon_receiver/include/boost/ratio/detail/overflow_helpers.hpp
[182.973s] -- Installing: /home/admin/bench/lab/STAGING_helios16p_kiss_legged_bench_cyclone_container_files/helios16p_ws/install/vicon_receiver/include/boost/ratio/detail/mpl
[182.977s] -- Installing: /home/admin/bench/lab/STAGING_helios16p_kiss_legged_bench_cyclone_container_files/helios16p_ws/install/vicon_receiver/include/boost/ratio/detail/mpl/abs.hpp
[182.978s] -- Installing: /home/admin/bench/lab/STAGING_helios16p_kiss_legged_bench_cyclone_container_files/helios16p_ws/install/vicon_receiver/include/boost/ratio/detail/mpl/gcd.hpp
[182.983s] -- Installing: /home/admin/bench/lab/STAGING_helios16p_kiss_legged_bench_cyclone_container_files/helios16p_ws/install/vicon_receiver/include/boost/ratio/detail/mpl/sign.hpp
[182.985s] -- Installing: /home/admin/bench/lab/STAGING_helios16p_kiss_legged_bench_cyclone_container_files/helios16p_ws/install/vicon_receiver/include/boost/ratio/detail/mpl/lcm.hpp
[182.987s] -- Installing: /home/admin/bench/lab/STAGING_helios16p_kiss_legged_bench_cyclone_container_files/helios16p_ws/install/vicon_receiver/include/boost/ratio/detail/ratio_io.hpp
[182.992s] -- Installing: /home/admin/bench/lab/STAGING_helios16p_kiss_legged_bench_cyclone_container_files/helios16p_ws/install/vicon_receiver/include/boost/ratio/config.hpp
[182.996s] -- Installing: /home/admin/bench/lab/STAGING_helios16p_kiss_legged_bench_cyclone_container_files/helios16p_ws/install/vicon_receiver/include/boost/ratio/mpl
[182.998s] -- Installing: /home/admin/bench/lab/STAGING_helios16p_kiss_legged_bench_cyclone_container_files/helios16p_ws/install/vicon_receiver/include/boost/ratio/mpl/rational_c_tag.hpp
[182.999s] -- Installing: /home/admin/bench/lab/STAGING_helios16p_kiss_legged_bench_cyclone_container_files/helios16p_ws/install/vicon_receiver/include/boost/ratio/ratio_io.hpp
[183.004s] -- Installing: /home/admin/bench/lab/STAGING_helios16p_kiss_legged_bench_cyclone_container_files/helios16p_ws/install/vicon_receiver/include/boost/ratio/ratio_fwd.hpp
[183.005s] -- Installing: /home/admin/bench/lab/STAGING_helios16p_kiss_legged_bench_cyclone_container_files/helios16p_ws/install/vicon_receiver/include/boost/core
[183.008s] -- Installing: /home/admin/bench/lab/STAGING_helios16p_kiss_legged_bench_cyclone_container_files/helios16p_ws/install/vicon_receiver/include/boost/core/noinit_adaptor.hpp
[183.015s] -- Installing: /home/admin/bench/lab/STAGING_helios16p_kiss_legged_bench_cyclone_container_files/helios16p_ws/install/vicon_receiver/include/boost/core/ref.hpp
[183.019s] -- Installing: /home/admin/bench/lab/STAGING_helios16p_kiss_legged_bench_cyclone_container_files/helios16p_ws/install/vicon_receiver/include/boost/core/demangle.hpp
[183.020s] -- Installing: /home/admin/bench/lab/STAGING_helios16p_kiss_legged_bench_cyclone_container_files/helios16p_ws/install/vicon_receiver/include/boost/core/swap.hpp
[183.024s] -- Installing: /home/admin/bench/lab/STAGING_helios16p_kiss_legged_bench_cyclone_container_files/helios16p_ws/install/vicon_receiver/include/boost/core/allocator_access.hpp
[183.029s] -- Installing: /home/admin/bench/lab/STAGING_helios16p_kiss_legged_bench_cyclone_container_files/helios16p_ws/install/vicon_receiver/include/boost/core/noncopyable.hpp
[183.030s] -- Installing: /home/admin/bench/lab/STAGING_helios16p_kiss_legged_bench_cyclone_container_files/helios16p_ws/install/vicon_receiver/include/boost/core/typeinfo.hpp
[183.030s] -- Installing: /home/admin/bench/lab/STAGING_helios16p_kiss_legged_bench_cyclone_container_files/helios16p_ws/install/vicon_receiver/include/boost/core/ignore_unused.hpp
[183.036s] -- Installing: /home/admin/bench/lab/STAGING_helios16p_kiss_legged_bench_cyclone_container_files/helios16p_ws/install/vicon_receiver/include/boost/core/addressof.hpp
[183.036s] -- Installing: /home/admin/bench/lab/STAGING_helios16p_kiss_legged_bench_cyclone_container_files/helios16p_ws/install/vicon_receiver/include/boost/core/explicit_operator_bool.hpp
[183.037s] -- Installing: /home/admin/bench/lab/STAGING_helios16p_kiss_legged_bench_cyclone_container_files/helios16p_ws/install/vicon_receiver/include/boost/core/default_allocator.hpp
[183.041s] -- Installing: /home/admin/bench/lab/STAGING_helios16p_kiss_legged_bench_cyclone_container_files/helios16p_ws/install/vicon_receiver/include/boost/core/scoped_enum.hpp
[183.043s] -- Installing: /home/admin/bench/lab/STAGING_helios16p_kiss_legged_bench_cyclone_container_files/helios16p_ws/install/vicon_receiver/include/boost/core/no_exceptions_support.hpp
[183.052s] -- Installing: /home/admin/bench/lab/STAGING_helios16p_kiss_legged_bench_cyclone_container_files/helios16p_ws/install/vicon_receiver/include/boost/core/enable_if.hpp
[183.058s] -- Installing: /home/admin/bench/lab/STAGING_helios16p_kiss_legged_bench_cyclone_container_files/helios16p_ws/install/vicon_receiver/include/boost/core/is_same.hpp
[183.061s] -- Installing: /home/admin/bench/lab/STAGING_helios16p_kiss_legged_bench_cyclone_container_files/helios16p_ws/install/vicon_receiver/include/boost/core/checked_delete.hpp
[183.064s] -- Installing: /home/admin/bench/lab/STAGING_helios16p_kiss_legged_bench_cyclone_container_files/helios16p_ws/install/vicon_receiver/include/boost/core/use_default.hpp
[183.070s] -- Installing: /home/admin/bench/lab/STAGING_helios16p_kiss_legged_bench_cyclone_container_files/helios16p_ws/install/vicon_receiver/include/boost/core/first_scalar.hpp
[183.071s] -- Installing: /home/admin/bench/lab/STAGING_helios16p_kiss_legged_bench_cyclone_container_files/helios16p_ws/install/vicon_receiver/include/boost/core/pointer_traits.hpp
[183.075s] -- Installing: /home/admin/bench/lab/STAGING_helios16p_kiss_legged_bench_cyclone_container_files/helios16p_ws/install/vicon_receiver/include/boost/core/alloc_construct.hpp
[183.082s] -- Installing: /home/admin/bench/lab/STAGING_helios16p_kiss_legged_bench_cyclone_container_files/helios16p_ws/install/vicon_receiver/include/boost/chrono
[183.083s] -- Installing: /home/admin/bench/lab/STAGING_helios16p_kiss_legged_bench_cyclone_container_files/helios16p_ws/install/vicon_receiver/include/boost/chrono/io_v1
[183.087s] -- Installing: /home/admin/bench/lab/STAGING_helios16p_kiss_legged_bench_cyclone_container_files/helios16p_ws/install/vicon_receiver/include/boost/chrono/io_v1/chrono_io.hpp
[183.090s] -- Installing: /home/admin/bench/lab/STAGING_helios16p_kiss_legged_bench_cyclone_container_files/helios16p_ws/install/vicon_receiver/include/boost/chrono/process_cpu_clocks.hpp
[183.104s] -- Installing: /home/admin/bench/lab/STAGING_helios16p_kiss_legged_bench_cyclone_container_files/helios16p_ws/install/vicon_receiver/include/boost/chrono/detail
[183.105s] -- Installing: /home/admin/bench/lab/STAGING_helios16p_kiss_legged_bench_cyclone_container_files/helios16p_ws/install/vicon_receiver/include/boost/chrono/detail/system.hpp
[183.107s] -- Installing: /home/admin/bench/lab/STAGING_helios16p_kiss_legged_bench_cyclone_container_files/helios16p_ws/install/vicon_receiver/include/boost/chrono/detail/no_warning
[183.112s] -- Installing: /home/admin/bench/lab/STAGING_helios16p_kiss_legged_bench_cyclone_container_files/helios16p_ws/install/vicon_receiver/include/boost/chrono/detail/no_warning/signed_unsigned_cmp.hpp
[183.113s] -- Installing: /home/admin/bench/lab/STAGING_helios16p_kiss_legged_bench_cyclone_container_files/helios16p_ws/install/vicon_receiver/include/boost/chrono/detail/inlined
[183.115s] -- Installing: /home/admin/bench/lab/STAGING_helios16p_kiss_legged_bench_cyclone_container_files/helios16p_ws/install/vicon_receiver/include/boost/chrono/detail/inlined/process_cpu_clocks.hpp
[183.120s] -- Installing: /home/admin/bench/lab/STAGING_helios16p_kiss_legged_bench_cyclone_container_files/helios16p_ws/install/vicon_receiver/include/boost/chrono/detail/inlined/chrono.hpp
[183.123s] -- Installing: /home/admin/bench/lab/STAGING_helios16p_kiss_legged_bench_cyclone_container_files/helios16p_ws/install/vicon_receiver/include/boost/chrono/detail/inlined/posix
[183.127s] -- Installing: /home/admin/bench/lab/STAGING_helios16p_kiss_legged_bench_cyclone_container_files/helios16p_ws/install/vicon_receiver/include/boost/chrono/detail/inlined/posix/process_cpu_clocks.hpp
[183.128s] -- Installing: /home/admin/bench/lab/STAGING_helios16p_kiss_legged_bench_cyclone_container_files/helios16p_ws/install/vicon_receiver/include/boost/chrono/detail/inlined/posix/chrono.hpp
[183.129s] -- Installing: /home/admin/bench/lab/STAGING_helios16p_kiss_legged_bench_cyclone_container_files/helios16p_ws/install/vicon_receiver/include/boost/chrono/detail/inlined/posix/thread_clock.hpp
[183.132s] -- Installing: /home/admin/bench/lab/STAGING_helios16p_kiss_legged_bench_cyclone_container_files/helios16p_ws/install/vicon_receiver/include/boost/chrono/detail/inlined/win
[183.135s] -- Installing: /home/admin/bench/lab/STAGING_helios16p_kiss_legged_bench_cyclone_container_files/helios16p_ws/install/vicon_receiver/include/boost/chrono/detail/inlined/win/process_cpu_clocks.hpp
[183.136s] -- Installing: /home/admin/bench/lab/STAGING_helios16p_kiss_legged_bench_cyclone_container_files/helios16p_ws/install/vicon_receiver/include/boost/chrono/detail/inlined/win/chrono.hpp
[183.136s] -- Installing: /home/admin/bench/lab/STAGING_helios16p_kiss_legged_bench_cyclone_container_files/helios16p_ws/install/vicon_receiver/include/boost/chrono/detail/inlined/win/thread_clock.hpp
[183.143s] -- Installing: /home/admin/bench/lab/STAGING_helios16p_kiss_legged_bench_cyclone_container_files/helios16p_ws/install/vicon_receiver/include/boost/chrono/detail/inlined/thread_clock.hpp
[183.145s] -- Installing: /home/admin/bench/lab/STAGING_helios16p_kiss_legged_bench_cyclone_container_files/helios16p_ws/install/vicon_receiver/include/boost/chrono/detail/inlined/mac
[183.150s] -- Installing: /home/admin/bench/lab/STAGING_helios16p_kiss_legged_bench_cyclone_container_files/helios16p_ws/install/vicon_receiver/include/boost/chrono/detail/inlined/mac/process_cpu_clocks.hpp
[183.151s] -- Installing: /home/admin/bench/lab/STAGING_helios16p_kiss_legged_bench_cyclone_container_files/helios16p_ws/install/vicon_receiver/include/boost/chrono/detail/inlined/mac/chrono.hpp
[183.153s] -- Installing: /home/admin/bench/lab/STAGING_helios16p_kiss_legged_bench_cyclone_container_files/helios16p_ws/install/vicon_receiver/include/boost/chrono/detail/inlined/mac/thread_clock.hpp
[183.158s] -- Installing: /home/admin/bench/lab/STAGING_helios16p_kiss_legged_bench_cyclone_container_files/helios16p_ws/install/vicon_receiver/include/boost/chrono/detail/is_evenly_divisible_by.hpp
[183.160s] -- Installing: /home/admin/bench/lab/STAGING_helios16p_kiss_legged_bench_cyclone_container_files/helios16p_ws/install/vicon_receiver/include/boost/chrono/detail/static_assert.hpp
[183.163s] -- Installing: /home/admin/bench/lab/STAGING_helios16p_kiss_legged_bench_cyclone_container_files/helios16p_ws/install/vicon_receiver/include/boost/chrono/detail/scan_keyword.hpp
[183.165s] -- Installing: /home/admin/bench/lab/STAGING_helios16p_kiss_legged_bench_cyclone_container_files/helios16p_ws/install/vicon_receiver/include/boost/chrono/chrono.hpp
[183.168s] -- Installing: /home/admin/bench/lab/STAGING_helios16p_kiss_legged_bench_cyclone_container_files/helios16p_ws/install/vicon_receiver/include/boost/chrono/floor.hpp
[183.176s] -- Installing: /home/admin/bench/lab/STAGING_helios16p_kiss_legged_bench_cyclone_container_files/helios16p_ws/install/vicon_receiver/include/boost/chrono/duration.hpp
[183.181s] -- Installing: /home/admin/bench/lab/STAGING_helios16p_kiss_legged_bench_cyclone_container_files/helios16p_ws/install/vicon_receiver/include/boost/chrono/config.hpp
[183.194s] -- Installing: /home/admin/bench/lab/STAGING_helios16p_kiss_legged_bench_cyclone_container_files/helios16p_ws/install/vicon_receiver/include/boost/chrono/system_clocks.hpp
[183.197s] -- Installing: /home/admin/bench/lab/STAGING_helios16p_kiss_legged_bench_cyclone_container_files/helios16p_ws/install/vicon_receiver/include/boost/chrono/time_point.hpp
[183.203s] -- Installing: /home/admin/bench/lab/STAGING_helios16p_kiss_legged_bench_cyclone_container_files/helios16p_ws/install/vicon_receiver/include/boost/chrono/thread_clock.hpp
[183.212s] -- Installing: /home/admin/bench/lab/STAGING_helios16p_kiss_legged_bench_cyclone_container_files/helios16p_ws/install/vicon_receiver/include/boost/chrono/io
[183.213s] -- Installing: /home/admin/bench/lab/STAGING_helios16p_kiss_legged_bench_cyclone_container_files/helios16p_ws/install/vicon_receiver/include/boost/chrono/io/duration_io.hpp
[183.214s] -- Installing: /home/admin/bench/lab/STAGING_helios16p_kiss_legged_bench_cyclone_container_files/helios16p_ws/install/vicon_receiver/include/boost/chrono/io/timezone.hpp
[183.216s] -- Installing: /home/admin/bench/lab/STAGING_helios16p_kiss_legged_bench_cyclone_container_files/helios16p_ws/install/vicon_receiver/include/boost/chrono/io/utility
[183.220s] -- Installing: /home/admin/bench/lab/STAGING_helios16p_kiss_legged_bench_cyclone_container_files/helios16p_ws/install/vicon_receiver/include/boost/chrono/io/utility/manip_base.hpp
[183.221s] -- Installing: /home/admin/bench/lab/STAGING_helios16p_kiss_legged_bench_cyclone_container_files/helios16p_ws/install/vicon_receiver/include/boost/chrono/io/utility/ios_base_state_ptr.hpp
[183.223s] -- Installing: /home/admin/bench/lab/STAGING_helios16p_kiss_legged_bench_cyclone_container_files/helios16p_ws/install/vicon_receiver/include/boost/chrono/io/utility/to_string.hpp
[183.227s] -- Installing: /home/admin/bench/lab/STAGING_helios16p_kiss_legged_bench_cyclone_container_files/helios16p_ws/install/vicon_receiver/include/boost/chrono/io/time_point_units.hpp
[183.229s] -- Installing: /home/admin/bench/lab/STAGING_helios16p_kiss_legged_bench_cyclone_container_files/helios16p_ws/install/vicon_receiver/include/boost/chrono/io/duration_style.hpp
[183.231s] -- Installing: /home/admin/bench/lab/STAGING_helios16p_kiss_legged_bench_cyclone_container_files/helios16p_ws/install/vicon_receiver/include/boost/chrono/io/duration_put.hpp
[183.233s] -- Installing: /home/admin/bench/lab/STAGING_helios16p_kiss_legged_bench_cyclone_container_files/helios16p_ws/install/vicon_receiver/include/boost/chrono/io/duration_units.hpp
[183.239s] -- Installing: /home/admin/bench/lab/STAGING_helios16p_kiss_legged_bench_cyclone_container_files/helios16p_ws/install/vicon_receiver/include/boost/chrono/io/time_point_put.hpp
[183.240s] -- Installing: /home/admin/bench/lab/STAGING_helios16p_kiss_legged_bench_cyclone_container_files/helios16p_ws/install/vicon_receiver/include/boost/chrono/io/duration_get.hpp
[183.243s] -- Installing: /home/admin/bench/lab/STAGING_helios16p_kiss_legged_bench_cyclone_container_files/helios16p_ws/install/vicon_receiver/include/boost/chrono/io/time_point_get.hpp
[183.245s] -- Installing: /home/admin/bench/lab/STAGING_helios16p_kiss_legged_bench_cyclone_container_files/helios16p_ws/install/vicon_receiver/include/boost/chrono/io/ios_base_state.hpp
[183.249s] -- Installing: /home/admin/bench/lab/STAGING_helios16p_kiss_legged_bench_cyclone_container_files/helios16p_ws/install/vicon_receiver/include/boost/chrono/io/time_point_io.hpp
[183.254s] -- Installing: /home/admin/bench/lab/STAGING_helios16p_kiss_legged_bench_cyclone_container_files/helios16p_ws/install/vicon_receiver/include/boost/chrono/round.hpp
[183.254s] -- Installing: /home/admin/bench/lab/STAGING_helios16p_kiss_legged_bench_cyclone_container_files/helios16p_ws/install/vicon_receiver/include/boost/chrono/clock_string.hpp
[183.257s] -- Installing: /home/admin/bench/lab/STAGING_helios16p_kiss_legged_bench_cyclone_container_files/helios16p_ws/install/vicon_receiver/include/boost/chrono/chrono_io.hpp
[183.259s] -- Installing: /home/admin/bench/lab/STAGING_helios16p_kiss_legged_bench_cyclone_container_files/helios16p_ws/install/vicon_receiver/include/boost/chrono/include.hpp
[183.262s] -- Installing: /home/admin/bench/lab/STAGING_helios16p_kiss_legged_bench_cyclone_container_files/helios16p_ws/install/vicon_receiver/include/boost/chrono/ceil.hpp
[183.266s] -- Installing: /home/admin/bench/lab/STAGING_helios16p_kiss_legged_bench_cyclone_container_files/helios16p_ws/install/vicon_receiver/include/boost/align
[183.267s] -- Installing: /home/admin/bench/lab/STAGING_helios16p_kiss_legged_bench_cyclone_container_files/helios16p_ws/install/vicon_receiver/include/boost/align/detail
[183.270s] -- Installing: /home/admin/bench/lab/STAGING_helios16p_kiss_legged_bench_cyclone_container_files/helios16p_ws/install/vicon_receiver/include/boost/align/detail/aligned_alloc_android.hpp
[183.271s] -- Installing: /home/admin/bench/lab/STAGING_helios16p_kiss_legged_bench_cyclone_container_files/helios16p_ws/install/vicon_receiver/include/boost/align/detail/alignment_of_codegear.hpp
[183.277s] -- Installing: /home/admin/bench/lab/STAGING_helios16p_kiss_legged_bench_cyclone_container_files/helios16p_ws/install/vicon_receiver/include/boost/align/detail/align.hpp
[183.279s] -- Installing: /home/admin/bench/lab/STAGING_helios16p_kiss_legged_bench_cyclone_container_files/helios16p_ws/install/vicon_receiver/include/boost/align/detail/aligned_alloc_posix.hpp
[183.280s] -- Installing: /home/admin/bench/lab/STAGING_helios16p_kiss_legged_bench_cyclone_container_files/helios16p_ws/install/vicon_receiver/include/boost/align/detail/align_cxx11.hpp
[183.287s] -- Installing: /home/admin/bench/lab/STAGING_helios16p_kiss_legged_bench_cyclone_container_files/helios16p_ws/install/vicon_receiver/include/boost/align/detail/alignment_of_clang.hpp
[183.287s] -- Installing: /home/admin/bench/lab/STAGING_helios16p_kiss_legged_bench_cyclone_container_files/helios16p_ws/install/vicon_receiver/include/boost/align/detail/element_type.hpp
[183.293s] -- Installing: /home/admin/bench/lab/STAGING_helios16p_kiss_legged_bench_cyclone_container_files/helios16p_ws/install/vicon_receiver/include/boost/align/detail/aligned_alloc_sunos.hpp
[183.295s] -- Installing: /home/admin/bench/lab/STAGING_helios16p_kiss_legged_bench_cyclone_container_files/helios16p_ws/install/vicon_receiver/include/boost/align/detail/is_alignment.hpp
[183.301s] -- Installing: /home/admin/bench/lab/STAGING_helios16p_kiss_legged_bench_cyclone_container_files/helios16p_ws/install/vicon_receiver/include/boost/align/detail/aligned_alloc_macos.hpp
[183.302s] -- Installing: /home/admin/bench/lab/STAGING_helios16p_kiss_legged_bench_cyclone_container_files/helios16p_ws/install/vicon_receiver/include/boost/align/detail/integral_constant.hpp
[183.305s] -- Installing: /home/admin/bench/lab/STAGING_helios16p_kiss_legged_bench_cyclone_container_files/helios16p_ws/install/vicon_receiver/include/boost/align/detail/alignment_of_cxx11.hpp
[183.311s] -- Installing: /home/admin/bench/lab/STAGING_helios16p_kiss_legged_bench_cyclone_container_files/helios16p_ws/install/vicon_receiver/include/boost/align/detail/aligned_alloc_new.hpp
[183.312s] -- Installing: /home/admin/bench/lab/STAGING_helios16p_kiss_legged_bench_cyclone_container_files/helios16p_ws/install/vicon_receiver/include/boost/align/detail/alignment_of_msvc.hpp
[183.313s] -- Installing: /home/admin/bench/lab/STAGING_helios16p_kiss_legged_bench_cyclone_container_files/helios16p_ws/install/vicon_receiver/include/boost/align/detail/aligned_alloc_mingw.hpp
[183.316s] -- Installing: /home/admin/bench/lab/STAGING_helios16p_kiss_legged_bench_cyclone_container_files/helios16p_ws/install/vicon_receiver/include/boost/align/detail/aligned_alloc_msvc.hpp
[183.323s] -- Installing: /home/admin/bench/lab/STAGING_helios16p_kiss_legged_bench_cyclone_container_files/helios16p_ws/install/vicon_receiver/include/boost/align/detail/min_size.hpp
[183.327s] -- Installing: /home/admin/bench/lab/STAGING_helios16p_kiss_legged_bench_cyclone_container_files/helios16p_ws/install/vicon_receiver/include/boost/align/detail/alignment_of.hpp
[183.332s] -- Installing: /home/admin/bench/lab/STAGING_helios16p_kiss_legged_bench_cyclone_container_files/helios16p_ws/install/vicon_receiver/include/boost/align/detail/alignment_of_gcc.hpp
[183.335s] -- Installing: /home/admin/bench/lab/STAGING_helios16p_kiss_legged_bench_cyclone_container_files/helios16p_ws/install/vicon_receiver/include/boost/align/detail/aligned_alloc.hpp
[183.337s] -- Installing: /home/admin/bench/lab/STAGING_helios16p_kiss_legged_bench_cyclone_container_files/helios16p_ws/install/vicon_receiver/include/boost/align/align.hpp
[183.337s] -- Installing: /home/admin/bench/lab/STAGING_helios16p_kiss_legged_bench_cyclone_container_files/helios16p_ws/install/vicon_receiver/include/boost/align/alignment_of_forward.hpp
[183.340s] -- Installing: /home/admin/bench/lab/STAGING_helios16p_kiss_legged_bench_cyclone_container_files/helios16p_ws/install/vicon_receiver/include/boost/align/alignment_of.hpp
[183.340s] -- Installing: /home/admin/bench/lab/STAGING_helios16p_kiss_legged_bench_cyclone_container_files/helios16p_ws/install/vicon_receiver/include/boost/align/aligned_alloc.hpp
[183.342s] -- Installing: /home/admin/bench/lab/STAGING_helios16p_kiss_legged_bench_cyclone_container_files/helios16p_ws/install/vicon_receiver/include/boost/type.hpp
[183.344s] -- Installing: /home/admin/bench/lab/STAGING_helios16p_kiss_legged_bench_cyclone_container_files/helios16p_ws/install/vicon_receiver/include/boost/concept_check.hpp
[183.350s] -- Installing: /home/admin/bench/lab/STAGING_helios16p_kiss_legged_bench_cyclone_container_files/helios16p_ws/install/vicon_receiver/include/boost/atomic
[183.352s] -- Installing: /home/admin/bench/lab/STAGING_helios16p_kiss_legged_bench_cyclone_container_files/helios16p_ws/install/vicon_receiver/include/boost/atomic/detail
[183.353s] -- Installing: /home/admin/bench/lab/STAGING_helios16p_kiss_legged_bench_cyclone_container_files/helios16p_ws/install/vicon_receiver/include/boost/atomic/detail/extra_ops_msvc_arm.hpp
[183.354s] -- Installing: /home/admin/bench/lab/STAGING_helios16p_kiss_legged_bench_cyclone_container_files/helios16p_ws/install/vicon_receiver/include/boost/atomic/detail/core_arch_ops_msvc_arm.hpp
[183.362s] -- Installing: /home/admin/bench/lab/STAGING_helios16p_kiss_legged_bench_cyclone_container_files/helios16p_ws/install/vicon_receiver/include/boost/atomic/detail/wait_ops_freebsd_umtx.hpp
[183.363s] -- Installing: /home/admin/bench/lab/STAGING_helios16p_kiss_legged_bench_cyclone_container_files/helios16p_ws/install/vicon_receiver/include/boost/atomic/detail/header.hpp
[183.368s] -- Installing: /home/admin/bench/lab/STAGING_helios16p_kiss_legged_bench_cyclone_container_files/helios16p_ws/install/vicon_receiver/include/boost/atomic/detail/caps_arch_gcc_arm.hpp
[183.369s] -- Installing: /home/admin/bench/lab/STAGING_helios16p_kiss_legged_bench_cyclone_container_files/helios16p_ws/install/vicon_receiver/include/boost/atomic/detail/ops_gcc_arm_common.hpp
[183.370s] -- Installing: /home/admin/bench/lab/STAGING_helios16p_kiss_legged_bench_cyclone_container_files/helios16p_ws/install/vicon_receiver/include/boost/atomic/detail/core_ops_gcc_sync.hpp
[183.371s] -- Installing: /home/admin/bench/lab/STAGING_helios16p_kiss_legged_bench_cyclone_container_files/helios16p_ws/install/vicon_receiver/include/boost/atomic/detail/core_operations_emulated.hpp
[183.373s] -- Installing: /home/admin/bench/lab/STAGING_helios16p_kiss_legged_bench_cyclone_container_files/helios16p_ws/install/vicon_receiver/include/boost/atomic/detail/caps_gcc_atomic.hpp
[183.376s] -- Installing: /home/admin/bench/lab/STAGING_helios16p_kiss_legged_bench_cyclone_container_files/helios16p_ws/install/vicon_receiver/include/boost/atomic/detail/extra_ops_gcc_ppc.hpp
[183.380s] -- Installing: /home/admin/bench/lab/STAGING_helios16p_kiss_legged_bench_cyclone_container_files/helios16p_ws/install/vicon_receiver/include/boost/atomic/detail/core_arch_ops_gcc_sparc.hpp
[183.383s] -- Installing: /home/admin/bench/lab/STAGING_helios16p_kiss_legged_bench_cyclone_container_files/helios16p_ws/install/vicon_receiver/include/boost/atomic/detail/fence_arch_ops_gcc_aarch32.hpp
[183.386s] -- Installing: /home/admin/bench/lab/STAGING_helios16p_kiss_legged_bench_cyclone_container_files/helios16p_ws/install/vicon_receiver/include/boost/atomic/detail/storage_traits.hpp
[183.390s] -- Installing: /home/admin/bench/lab/STAGING_helios16p_kiss_legged_bench_cyclone_container_files/helios16p_ws/install/vicon_receiver/include/boost/atomic/detail/integral_conversions.hpp
[183.390s] -- Installing: /home/admin/bench/lab/STAGING_helios16p_kiss_legged_bench_cyclone_container_files/helios16p_ws/install/vicon_receiver/include/boost/atomic/detail/link.hpp
[183.391s] -- Installing: /home/admin/bench/lab/STAGING_helios16p_kiss_legged_bench_cyclone_container_files/helios16p_ws/install/vicon_receiver/include/boost/atomic/detail/once_flag.hpp
[183.395s] -- Installing: /home/admin/bench/lab/STAGING_helios16p_kiss_legged_bench_cyclone_container_files/helios16p_ws/install/vicon_receiver/include/boost/atomic/detail/core_arch_ops_gcc_x86.hpp
[183.401s] -- Installing: /home/admin/bench/lab/STAGING_helios16p_kiss_legged_bench_cyclone_container_files/helios16p_ws/install/vicon_receiver/include/boost/atomic/detail/wait_caps_futex.hpp
[183.401s] -- Installing: /home/admin/bench/lab/STAGING_helios16p_kiss_legged_bench_cyclone_container_files/helios16p_ws/install/vicon_receiver/include/boost/atomic/detail/wait_ops_generic.hpp
[183.402s] -- Installing: /home/admin/bench/lab/STAGING_helios16p_kiss_legged_bench_cyclone_container_files/helios16p_ws/install/vicon_receiver/include/boost/atomic/detail/core_arch_ops_gcc_aarch64.hpp
[183.409s] -- Installing: /home/admin/bench/lab/STAGING_helios16p_kiss_legged_bench_cyclone_container_files/helios16p_ws/install/vicon_receiver/include/boost/atomic/detail/core_ops_gcc_atomic.hpp
[183.410s] -- Installing: /home/admin/bench/lab/STAGING_helios16p_kiss_legged_bench_cyclone_container_files/helios16p_ws/install/vicon_receiver/include/boost/atomic/detail/footer.hpp
[183.415s] -- Installing: /home/admin/bench/lab/STAGING_helios16p_kiss_legged_bench_cyclone_container_files/helios16p_ws/install/vicon_receiver/include/boost/atomic/detail/caps_arch_gcc_aarch64.hpp
[183.415s] -- Installing: /home/admin/bench/lab/STAGING_helios16p_kiss_legged_bench_cyclone_container_files/helios16p_ws/install/vicon_receiver/include/boost/atomic/detail/fence_arch_ops_gcc_sparc.hpp
[183.418s] -- Installing: /home/admin/bench/lab/STAGING_helios16p_kiss_legged_bench_cyclone_container_files/helios16p_ws/install/vicon_receiver/include/boost/atomic/detail/fence_arch_operations.hpp
[183.424s] -- Installing: /home/admin/bench/lab/STAGING_helios16p_kiss_legged_bench_cyclone_container_files/helios16p_ws/install/vicon_receiver/include/boost/atomic/detail/int_sizes.hpp
[183.428s] -- Installing: /home/admin/bench/lab/STAGING_helios16p_kiss_legged_bench_cyclone_container_files/helios16p_ws/install/vicon_receiver/include/boost/atomic/detail/pause.hpp
[183.432s] -- Installing: /home/admin/bench/lab/STAGING_helios16p_kiss_legged_bench_cyclone_container_files/helios16p_ws/install/vicon_receiver/include/boost/atomic/detail/extra_ops_gcc_x86.hpp
[183.436s] -- Installing: /home/admin/bench/lab/STAGING_helios16p_kiss_legged_bench_cyclone_container_files/helios16p_ws/install/vicon_receiver/include/boost/atomic/detail/core_arch_ops_gcc_aarch32.hpp
[183.439s] -- Installing: /home/admin/bench/lab/STAGING_helios16p_kiss_legged_bench_cyclone_container_files/helios16p_ws/install/vicon_receiver/include/boost/atomic/detail/core_ops_windows.hpp
[183.440s] -- Installing: /home/admin/bench/lab/STAGING_helios16p_kiss_legged_bench_cyclone_container_files/helios16p_ws/install/vicon_receiver/include/boost/atomic/detail/bitwise_fp_cast.hpp
[183.445s] -- Installing: /home/admin/bench/lab/STAGING_helios16p_kiss_legged_bench_cyclone_container_files/helios16p_ws/install/vicon_receiver/include/boost/atomic/detail/wait_ops_windows.hpp
[183.447s] -- Installing: /home/admin/bench/lab/STAGING_helios16p_kiss_legged_bench_cyclone_container_files/helios16p_ws/install/vicon_receiver/include/boost/atomic/detail/fence_ops_gcc_atomic.hpp
[183.448s] -- Installing: /home/admin/bench/lab/STAGING_helios16p_kiss_legged_bench_cyclone_container_files/helios16p_ws/install/vicon_receiver/include/boost/atomic/detail/fence_arch_ops_gcc_ppc.hpp
[183.451s] -- Installing: /home/admin/bench/lab/STAGING_helios16p_kiss_legged_bench_cyclone_container_files/helios16p_ws/install/vicon_receiver/include/boost/atomic/detail/caps_windows.hpp
[183.453s] -- Installing: /home/admin/bench/lab/STAGING_helios16p_kiss_legged_bench_cyclone_container_files/helios16p_ws/install/vicon_receiver/include/boost/atomic/detail/capabilities.hpp
[183.456s] -- Installing: /home/admin/bench/lab/STAGING_helios16p_kiss_legged_bench_cyclone_container_files/helios16p_ws/install/vicon_receiver/include/boost/atomic/detail/caps_arch_msvc_arm.hpp
[183.457s] -- Installing: /home/admin/bench/lab/STAGING_helios16p_kiss_legged_bench_cyclone_container_files/helios16p_ws/install/vicon_receiver/include/boost/atomic/detail/extra_ops_gcc_aarch32.hpp
[183.463s] -- Installing: /home/admin/bench/lab/STAGING_helios16p_kiss_legged_bench_cyclone_container_files/helios16p_ws/install/vicon_receiver/include/boost/atomic/detail/wait_ops_dragonfly_umtx.hpp
[183.464s] -- Installing: /home/admin/bench/lab/STAGING_helios16p_kiss_legged_bench_cyclone_container_files/helios16p_ws/install/vicon_receiver/include/boost/atomic/detail/core_operations_fwd.hpp
[183.468s] -- Installing: /home/admin/bench/lab/STAGING_helios16p_kiss_legged_bench_cyclone_container_files/helios16p_ws/install/vicon_receiver/include/boost/atomic/detail/wait_caps_windows.hpp
[183.469s] -- Installing: /home/admin/bench/lab/STAGING_helios16p_kiss_legged_bench_cyclone_container_files/helios16p_ws/install/vicon_receiver/include/boost/atomic/detail/extra_ops_gcc_arm.hpp
[183.476s] -- Installing: /home/admin/bench/lab/STAGING_helios16p_kiss_legged_bench_cyclone_container_files/helios16p_ws/install/vicon_receiver/include/boost/atomic/detail/intptr.hpp
[183.479s] -- Installing: /home/admin/bench/lab/STAGING_helios16p_kiss_legged_bench_cyclone_container_files/helios16p_ws/install/vicon_receiver/include/boost/atomic/detail/extra_operations.hpp
[183.480s] -- Installing: /home/admin/bench/lab/STAGING_helios16p_kiss_legged_bench_cyclone_container_files/helios16p_ws/install/vicon_receiver/include/boost/atomic/detail/ops_gcc_ppc_common.hpp
[183.485s] -- Installing: /home/admin/bench/lab/STAGING_helios16p_kiss_legged_bench_cyclone_container_files/helios16p_ws/install/vicon_receiver/include/boost/atomic/detail/config.hpp
[183.487s] -- Installing: /home/admin/bench/lab/STAGING_helios16p_kiss_legged_bench_cyclone_container_files/helios16p_ws/install/vicon_receiver/include/boost/atomic/detail/atomic_ref_impl.hpp
[183.491s] -- Installing: /home/admin/bench/lab/STAGING_helios16p_kiss_legged_bench_cyclone_container_files/helios16p_ws/install/vicon_receiver/include/boost/atomic/detail/addressof.hpp
[183.492s] -- Installing: /home/admin/bench/lab/STAGING_helios16p_kiss_legged_bench_cyclone_container_files/helios16p_ws/install/vicon_receiver/include/boost/atomic/detail/extra_ops_generic.hpp
[183.497s] -- Installing: /home/admin/bench/lab/STAGING_helios16p_kiss_legged_bench_cyclone_container_files/helios16p_ws/install/vicon_receiver/include/boost/atomic/detail/fence_arch_ops_msvc_x86.hpp
[183.498s] -- Installing: /home/admin/bench/lab/STAGING_helios16p_kiss_legged_bench_cyclone_container_files/helios16p_ws/install/vicon_receiver/include/boost/atomic/detail/ops_gcc_aarch32_common.hpp
[183.504s] -- Installing: /home/admin/bench/lab/STAGING_helios16p_kiss_legged_bench_cyclone_container_files/helios16p_ws/install/vicon_receiver/include/boost/atomic/detail/caps_arch_gcc_alpha.hpp
[183.505s] -- Installing: /home/admin/bench/lab/STAGING_helios16p_kiss_legged_bench_cyclone_container_files/helios16p_ws/install/vicon_receiver/include/boost/atomic/detail/interlocked.hpp
[183.508s] -- Installing: /home/admin/bench/lab/STAGING_helios16p_kiss_legged_bench_cyclone_container_files/helios16p_ws/install/vicon_receiver/include/boost/atomic/detail/gcc_atomic_memory_order_utils.hpp
[183.509s] -- Installing: /home/admin/bench/lab/STAGING_helios16p_kiss_legged_bench_cyclone_container_files/helios16p_ws/install/vicon_receiver/include/boost/atomic/detail/core_arch_operations_fwd.hpp
[183.514s] -- Installing: /home/admin/bench/lab/STAGING_helios16p_kiss_legged_bench_cyclone_container_files/helios16p_ws/install/vicon_receiver/include/boost/atomic/detail/fence_operations_emulated.hpp
[183.517s] -- Installing: /home/admin/bench/lab/STAGING_helios16p_kiss_legged_bench_cyclone_container_files/helios16p_ws/install/vicon_receiver/include/boost/atomic/detail/fence_arch_ops_gcc_aarch64.hpp
[183.517s] -- Installing: /home/admin/bench/lab/STAGING_helios16p_kiss_legged_bench_cyclone_container_files/helios16p_ws/install/vicon_receiver/include/boost/atomic/detail/extra_operations_fwd.hpp
[183.523s] -- Installing: /home/admin/bench/lab/STAGING_helios16p_kiss_legged_bench_cyclone_container_files/helios16p_ws/install/vicon_receiver/include/boost/atomic/detail/extra_fp_operations_fwd.hpp
[183.529s] -- Installing: /home/admin/bench/lab/STAGING_helios16p_kiss_legged_bench_cyclone_container_files/helios16p_ws/install/vicon_receiver/include/boost/atomic/detail/fence_arch_ops_gcc_x86.hpp
[183.531s] -- Installing: /home/admin/bench/lab/STAGING_helios16p_kiss_legged_bench_cyclone_container_files/helios16p_ws/install/vicon_receiver/include/boost/atomic/detail/caps_arch_gcc_sparc.hpp
[183.532s] -- Installing: /home/admin/bench/lab/STAGING_helios16p_kiss_legged_bench_cyclone_container_files/helios16p_ws/install/vicon_receiver/include/boost/atomic/detail/fence_operations.hpp
[183.532s] -- Installing: /home/admin/bench/lab/STAGING_helios16p_kiss_legged_bench_cyclone_container_files/helios16p_ws/install/vicon_receiver/include/boost/atomic/detail/wait_caps_freebsd_umtx.hpp
[183.537s] -- Installing: /home/admin/bench/lab/STAGING_helios16p_kiss_legged_bench_cyclone_container_files/helios16p_ws/install/vicon_receiver/include/boost/atomic/detail/extra_ops_msvc_x86.hpp
[183.538s] -- Installing: /home/admin/bench/lab/STAGING_helios16p_kiss_legged_bench_cyclone_container_files/helios16p_ws/install/vicon_receiver/include/boost/atomic/detail/core_operations_emulated_fwd.hpp
[183.542s] -- Installing: /home/admin/bench/lab/STAGING_helios16p_kiss_legged_bench_cyclone_container_files/helios16p_ws/install/vicon_receiver/include/boost/atomic/detail/core_arch_operations.hpp
[183.546s] -- Installing: /home/admin/bench/lab/STAGING_helios16p_kiss_legged_bench_cyclone_container_files/helios16p_ws/install/vicon_receiver/include/boost/atomic/detail/caps_arch_gcc_x86.hpp
[183.550s] -- Installing: /home/admin/bench/lab/STAGING_helios16p_kiss_legged_bench_cyclone_container_files/helios16p_ws/install/vicon_receiver/include/boost/atomic/detail/extending_cas_based_arithmetic.hpp
[183.553s] -- Installing: /home/admin/bench/lab/STAGING_helios16p_kiss_legged_bench_cyclone_container_files/helios16p_ws/install/vicon_receiver/include/boost/atomic/detail/atomic_flag_impl.hpp
[183.558s] -- Installing: /home/admin/bench/lab/STAGING_helios16p_kiss_legged_bench_cyclone_container_files/helios16p_ws/install/vicon_receiver/include/boost/atomic/detail/extra_fp_ops_generic.hpp
[183.559s] -- Installing: /home/admin/bench/lab/STAGING_helios16p_kiss_legged_bench_cyclone_container_files/helios16p_ws/install/vicon_receiver/include/boost/atomic/detail/wait_caps_dragonfly_umtx.hpp
[183.561s] -- Installing: /home/admin/bench/lab/STAGING_helios16p_kiss_legged_bench_cyclone_container_files/helios16p_ws/install/vicon_receiver/include/boost/atomic/detail/classify.hpp
[183.564s] -- Installing: /home/admin/bench/lab/STAGING_helios16p_kiss_legged_bench_cyclone_container_files/helios16p_ws/install/vicon_receiver/include/boost/atomic/detail/bitwise_cast.hpp
[183.566s] -- Installing: /home/admin/bench/lab/STAGING_helios16p_kiss_legged_bench_cyclone_container_files/helios16p_ws/install/vicon_receiver/include/boost/atomic/detail/cas_based_exchange.hpp
[183.582s] -- Installing: /home/admin/bench/lab/STAGING_helios16p_kiss_legged_bench_cyclone_container_files/helios16p_ws/install/vicon_receiver/include/boost/atomic/detail/core_arch_ops_gcc_ppc.hpp
[183.587s] -- Installing: /home/admin/bench/lab/STAGING_helios16p_kiss_legged_bench_cyclone_container_files/helios16p_ws/install/vicon_receiver/include/boost/atomic/detail/fence_arch_ops_gcc_arm.hpp
[183.597s] -- Installing: /home/admin/bench/lab/STAGING_helios16p_kiss_legged_bench_cyclone_container_files/helios16p_ws/install/vicon_receiver/include/boost/atomic/detail/ops_gcc_aarch64_common.hpp
[183.597s] -- Installing: /home/admin/bench/lab/STAGING_helios16p_kiss_legged_bench_cyclone_container_files/helios16p_ws/install/vicon_receiver/include/boost/atomic/detail/core_operations.hpp
[183.597s] -- Installing: /home/admin/bench/lab/STAGING_helios16p_kiss_legged_bench_cyclone_container_files/helios16p_ws/install/vicon_receiver/include/boost/atomic/detail/memory_order_utils.hpp
[183.601s] -- Installing: /home/admin/bench/lab/STAGING_helios16p_kiss_legged_bench_cyclone_container_files/helios16p_ws/install/vicon_receiver/include/boost/atomic/detail/wait_ops_emulated.hpp
[183.606s] -- Installing: /home/admin/bench/lab/STAGING_helios16p_kiss_legged_bench_cyclone_container_files/helios16p_ws/install/vicon_receiver/include/boost/atomic/detail/wait_ops_futex.hpp
[183.611s] -- Installing: /home/admin/bench/lab/STAGING_helios16p_kiss_legged_bench_cyclone_container_files/helios16p_ws/install/vicon_receiver/include/boost/atomic/detail/atomic_impl.hpp
[183.620s] -- Installing: /home/admin/bench/lab/STAGING_helios16p_kiss_legged_bench_cyclone_container_files/helios16p_ws/install/vicon_receiver/include/boost/atomic/detail/fence_ops_windows.hpp
[183.621s] -- Installing: /home/admin/bench/lab/STAGING_helios16p_kiss_legged_bench_cyclone_container_files/helios16p_ws/install/vicon_receiver/include/boost/atomic/detail/fp_operations.hpp
[183.631s] -- Installing: /home/admin/bench/lab/STAGING_helios16p_kiss_legged_bench_cyclone_container_files/helios16p_ws/install/vicon_receiver/include/boost/atomic/detail/platform.hpp
[183.641s] -- Installing: /home/admin/bench/lab/STAGING_helios16p_kiss_legged_bench_cyclone_container_files/helios16p_ws/install/vicon_receiver/include/boost/atomic/detail/core_arch_ops_gcc_arm.hpp
[183.656s] -- Installing: /home/admin/bench/lab/STAGING_helios16p_kiss_legged_bench_cyclone_container_files/helios16p_ws/install/vicon_receiver/include/boost/atomic/detail/float_sizes.hpp
[183.664s] -- Installing: /home/admin/bench/lab/STAGING_helios16p_kiss_legged_bench_cyclone_container_files/helios16p_ws/install/vicon_receiver/include/boost/atomic/detail/core_ops_linux_arm.hpp
[183.672s] -- Installing: /home/admin/bench/lab/STAGING_helios16p_kiss_legged_bench_cyclone_container_files/helios16p_ws/install/vicon_receiver/include/boost/atomic/detail/wait_capabilities.hpp
[183.691s] -- Installing: /home/admin/bench/lab/STAGING_helios16p_kiss_legged_bench_cyclone_container_files/helios16p_ws/install/vicon_receiver/include/boost/atomic/detail/core_ops_cas_based.hpp
[183.698s] -- Installing: /home/admin/bench/lab/STAGING_helios16p_kiss_legged_bench_cyclone_container_files/helios16p_ws/install/vicon_receiver/include/boost/atomic/detail/futex.hpp
[183.707s] -- Installing: /home/admin/bench/lab/STAGING_helios16p_kiss_legged_bench_cyclone_container_files/helios16p_ws/install/vicon_receiver/include/boost/atomic/detail/core_arch_ops_gcc_alpha.hpp
[183.721s] -- Installing: /home/admin/bench/lab/STAGING_helios16p_kiss_legged_bench_cyclone_container_files/helios16p_ws/install/vicon_receiver/include/boost/atomic/detail/fence_ops_linux_arm.hpp
[183.726s] -- Installing: /home/admin/bench/lab/STAGING_helios16p_kiss_legged_bench_cyclone_container_files/helios16p_ws/install/vicon_receiver/include/boost/atomic/detail/caps_arch_gcc_aarch32.hpp
[183.730s] -- Installing: /home/admin/bench/lab/STAGING_helios16p_kiss_legged_bench_cyclone_container_files/helios16p_ws/install/vicon_receiver/include/boost/atomic/detail/extra_ops_emulated.hpp
[183.741s] -- Installing: /home/admin/bench/lab/STAGING_helios16p_kiss_legged_bench_cyclone_container_files/helios16p_ws/install/vicon_receiver/include/boost/atomic/detail/caps_gcc_sync.hpp
[183.742s] -- Installing: /home/admin/bench/lab/STAGING_helios16p_kiss_legged_bench_cyclone_container_files/helios16p_ws/install/vicon_receiver/include/boost/atomic/detail/extra_ops_gcc_aarch64.hpp
[183.748s] -- Installing: /home/admin/bench/lab/STAGING_helios16p_kiss_legged_bench_cyclone_container_files/helios16p_ws/install/vicon_receiver/include/boost/atomic/detail/fence_arch_ops_gcc_alpha.hpp
[183.752s] -- Installing: /home/admin/bench/lab/STAGING_helios16p_kiss_legged_bench_cyclone_container_files/helios16p_ws/install/vicon_receiver/include/boost/atomic/detail/extra_fp_ops_emulated.hpp
[183.756s] -- Installing: /home/admin/bench/lab/STAGING_helios16p_kiss_legged_bench_cyclone_container_files/helios16p_ws/install/vicon_receiver/include/boost/atomic/detail/core_arch_ops_msvc_x86.hpp
[183.759s] -- Installing: /home/admin/bench/lab/STAGING_helios16p_kiss_legged_bench_cyclone_container_files/helios16p_ws/install/vicon_receiver/include/boost/atomic/detail/fence_ops_gcc_sync.hpp
[183.764s] -- Installing: /home/admin/bench/lab/STAGING_helios16p_kiss_legged_bench_cyclone_container_files/helios16p_ws/install/vicon_receiver/include/boost/atomic/detail/wait_operations_fwd.hpp
[183.766s] -- Installing: /home/admin/bench/lab/STAGING_helios16p_kiss_legged_bench_cyclone_container_files/helios16p_ws/install/vicon_receiver/include/boost/atomic/detail/caps_arch_gcc_ppc.hpp
[183.767s] -- Installing: /home/admin/bench/lab/STAGING_helios16p_kiss_legged_bench_cyclone_container_files/helios16p_ws/install/vicon_receiver/include/boost/atomic/detail/lock_pool.hpp
[183.771s] -- Installing: /home/admin/bench/lab/STAGING_helios16p_kiss_legged_bench_cyclone_container_files/helios16p_ws/install/vicon_receiver/include/boost/atomic/detail/wait_operations.hpp
[183.771s] -- Installing: /home/admin/bench/lab/STAGING_helios16p_kiss_legged_bench_cyclone_container_files/helios16p_ws/install/vicon_receiver/include/boost/atomic/detail/type_traits
[183.772s] -- Installing: /home/admin/bench/lab/STAGING_helios16p_kiss_legged_bench_cyclone_container_files/helios16p_ws/install/vicon_receiver/include/boost/atomic/detail/type_traits/is_trivially_copyable.hpp
[183.776s] -- Installing: /home/admin/bench/lab/STAGING_helios16p_kiss_legged_bench_cyclone_container_files/helios16p_ws/install/vicon_receiver/include/boost/atomic/detail/type_traits/is_integral.hpp
[183.778s] -- Installing: /home/admin/bench/lab/STAGING_helios16p_kiss_legged_bench_cyclone_container_files/helios16p_ws/install/vicon_receiver/include/boost/atomic/detail/type_traits/is_trivially_default_constructible.hpp
[183.779s] -- Installing: /home/admin/bench/lab/STAGING_helios16p_kiss_legged_bench_cyclone_container_files/helios16p_ws/install/vicon_receiver/include/boost/atomic/detail/type_traits/is_signed.hpp
[183.783s] -- Installing: /home/admin/bench/lab/STAGING_helios16p_kiss_legged_bench_cyclone_container_files/helios16p_ws/install/vicon_receiver/include/boost/atomic/detail/type_traits/integral_constant.hpp
[183.783s] -- Installing: /home/admin/bench/lab/STAGING_helios16p_kiss_legged_bench_cyclone_container_files/helios16p_ws/install/vicon_receiver/include/boost/atomic/detail/type_traits/is_iec559.hpp
[183.788s] -- Installing: /home/admin/bench/lab/STAGING_helios16p_kiss_legged_bench_cyclone_container_files/helios16p_ws/install/vicon_receiver/include/boost/atomic/detail/type_traits/make_unsigned.hpp
[183.789s] -- Installing: /home/admin/bench/lab/STAGING_helios16p_kiss_legged_bench_cyclone_container_files/helios16p_ws/install/vicon_receiver/include/boost/atomic/detail/type_traits/is_function.hpp
[183.791s] -- Installing: /home/admin/bench/lab/STAGING_helios16p_kiss_legged_bench_cyclone_container_files/helios16p_ws/install/vicon_receiver/include/boost/atomic/detail/type_traits/conditional.hpp
[183.793s] -- Installing: /home/admin/bench/lab/STAGING_helios16p_kiss_legged_bench_cyclone_container_files/helios16p_ws/install/vicon_receiver/include/boost/atomic/detail/type_traits/is_floating_point.hpp
[183.794s] -- Installing: /home/admin/bench/lab/STAGING_helios16p_kiss_legged_bench_cyclone_container_files/helios16p_ws/install/vicon_receiver/include/boost/atomic/detail/type_traits/make_signed.hpp
[183.796s] -- Installing: /home/admin/bench/lab/STAGING_helios16p_kiss_legged_bench_cyclone_container_files/helios16p_ws/install/vicon_receiver/include/boost/atomic/detail/type_traits/alignment_of.hpp
[183.799s] -- Installing: /home/admin/bench/lab/STAGING_helios16p_kiss_legged_bench_cyclone_container_files/helios16p_ws/install/vicon_receiver/include/boost/atomic/detail/gcc_arm_asm_common.hpp
[183.805s] -- Installing: /home/admin/bench/lab/STAGING_helios16p_kiss_legged_bench_cyclone_container_files/helios16p_ws/install/vicon_receiver/include/boost/atomic/detail/extra_fp_operations.hpp
[183.807s] -- Installing: /home/admin/bench/lab/STAGING_helios16p_kiss_legged_bench_cyclone_container_files/helios16p_ws/install/vicon_receiver/include/boost/atomic/detail/fp_ops_emulated.hpp
[183.808s] -- Installing: /home/admin/bench/lab/STAGING_helios16p_kiss_legged_bench_cyclone_container_files/helios16p_ws/install/vicon_receiver/include/boost/atomic/detail/string_ops.hpp
[183.808s] -- Installing: /home/admin/bench/lab/STAGING_helios16p_kiss_legged_bench_cyclone_container_files/helios16p_ws/install/vicon_receiver/include/boost/atomic/detail/caps_linux_arm.hpp
[183.810s] -- Installing: /home/admin/bench/lab/STAGING_helios16p_kiss_legged_bench_cyclone_container_files/helios16p_ws/install/vicon_receiver/include/boost/atomic/detail/fp_ops_generic.hpp
[183.812s] -- Installing: /home/admin/bench/lab/STAGING_helios16p_kiss_legged_bench_cyclone_container_files/helios16p_ws/install/vicon_receiver/include/boost/atomic/detail/aligned_variable.hpp
[183.819s] -- Installing: /home/admin/bench/lab/STAGING_helios16p_kiss_legged_bench_cyclone_container_files/helios16p_ws/install/vicon_receiver/include/boost/atomic/detail/caps_arch_msvc_x86.hpp
[183.820s] -- Installing: /home/admin/bench/lab/STAGING_helios16p_kiss_legged_bench_cyclone_container_files/helios16p_ws/install/vicon_receiver/include/boost/atomic/detail/fp_operations_fwd.hpp
[183.822s] -- Installing: /home/admin/bench/lab/STAGING_helios16p_kiss_legged_bench_cyclone_container_files/helios16p_ws/install/vicon_receiver/include/boost/atomic/detail/fence_arch_ops_msvc_arm.hpp
[183.827s] -- Installing: /home/admin/bench/lab/STAGING_helios16p_kiss_legged_bench_cyclone_container_files/helios16p_ws/install/vicon_receiver/include/boost/atomic/detail/ops_msvc_common.hpp
[183.828s] -- Installing: /home/admin/bench/lab/STAGING_helios16p_kiss_legged_bench_cyclone_container_files/helios16p_ws/install/vicon_receiver/include/boost/atomic/capabilities.hpp
[183.831s] -- Installing: /home/admin/bench/lab/STAGING_helios16p_kiss_legged_bench_cyclone_container_files/helios16p_ws/install/vicon_receiver/include/boost/atomic/atomic.hpp
[183.835s] -- Installing: /home/admin/bench/lab/STAGING_helios16p_kiss_legged_bench_cyclone_container_files/helios16p_ws/install/vicon_receiver/include/boost/atomic/atomic_ref.hpp
[183.841s] -- Installing: /home/admin/bench/lab/STAGING_helios16p_kiss_legged_bench_cyclone_container_files/helios16p_ws/install/vicon_receiver/include/boost/atomic/fences.hpp
[183.842s] -- Installing: /home/admin/bench/lab/STAGING_helios16p_kiss_legged_bench_cyclone_container_files/helios16p_ws/install/vicon_receiver/include/boost/atomic/ipc_atomic_flag.hpp
[183.843s] -- Installing: /home/admin/bench/lab/STAGING_helios16p_kiss_legged_bench_cyclone_container_files/helios16p_ws/install/vicon_receiver/include/boost/atomic/ipc_atomic.hpp
[183.844s] -- Installing: /home/admin/bench/lab/STAGING_helios16p_kiss_legged_bench_cyclone_container_files/helios16p_ws/install/vicon_receiver/include/boost/atomic/ipc_atomic_ref.hpp
[183.845s] -- Installing: /home/admin/bench/lab/STAGING_helios16p_kiss_legged_bench_cyclone_container_files/helios16p_ws/install/vicon_receiver/include/boost/atomic/atomic_flag.hpp
[183.850s] -- Installing: /home/admin/bench/lab/STAGING_helios16p_kiss_legged_bench_cyclone_container_files/helios16p_ws/install/vicon_receiver/include/boost/container
[183.851s] -- Installing: /home/admin/bench/lab/STAGING_helios16p_kiss_legged_bench_cyclone_container_files/helios16p_ws/install/vicon_receiver/include/boost/container/detail
[183.852s] -- Installing: /home/admin/bench/lab/STAGING_helios16p_kiss_legged_bench_cyclone_container_files/helios16p_ws/install/vicon_receiver/include/boost/container/detail/multiallocation_chain.hpp
[183.855s] -- Installing: /home/admin/bench/lab/STAGING_helios16p_kiss_legged_bench_cyclone_container_files/helios16p_ws/install/vicon_receiver/include/boost/container/detail/compare_functors.hpp
[183.855s] -- Installing: /home/admin/bench/lab/STAGING_helios16p_kiss_legged_bench_cyclone_container_files/helios16p_ws/install/vicon_receiver/include/boost/container/detail/algorithm.hpp
[183.857s] -- Installing: /home/admin/bench/lab/STAGING_helios16p_kiss_legged_bench_cyclone_container_files/helios16p_ws/install/vicon_receiver/include/boost/container/detail/advanced_insert_int.hpp
[183.862s] -- Installing: /home/admin/bench/lab/STAGING_helios16p_kiss_legged_bench_cyclone_container_files/helios16p_ws/install/vicon_receiver/include/boost/container/detail/transform_iterator.hpp
[183.863s] -- Installing: /home/admin/bench/lab/STAGING_helios16p_kiss_legged_bench_cyclone_container_files/helios16p_ws/install/vicon_receiver/include/boost/container/detail/allocation_type.hpp
[183.866s] -- Installing: /home/admin/bench/lab/STAGING_helios16p_kiss_legged_bench_cyclone_container_files/helios16p_ws/install/vicon_receiver/include/boost/container/detail/version_type.hpp
[183.867s] -- Installing: /home/admin/bench/lab/STAGING_helios16p_kiss_legged_bench_cyclone_container_files/helios16p_ws/install/vicon_receiver/include/boost/container/detail/type_traits.hpp
[183.868s] -- Installing: /home/admin/bench/lab/STAGING_helios16p_kiss_legged_bench_cyclone_container_files/helios16p_ws/install/vicon_receiver/include/boost/container/detail/addressof.hpp
[183.872s] -- Installing: /home/admin/bench/lab/STAGING_helios16p_kiss_legged_bench_cyclone_container_files/helios16p_ws/install/vicon_receiver/include/boost/container/detail/destroyers.hpp
[183.873s] -- Installing: /home/admin/bench/lab/STAGING_helios16p_kiss_legged_bench_cyclone_container_files/helios16p_ws/install/vicon_receiver/include/boost/container/detail/config_end.hpp
[183.874s] -- Installing: /home/admin/bench/lab/STAGING_helios16p_kiss_legged_bench_cyclone_container_files/helios16p_ws/install/vicon_receiver/include/boost/container/detail/min_max.hpp
[183.879s] -- Installing: /home/admin/bench/lab/STAGING_helios16p_kiss_legged_bench_cyclone_container_files/helios16p_ws/install/vicon_receiver/include/boost/container/detail/pair.hpp
[183.881s] -- Installing: /home/admin/bench/lab/STAGING_helios16p_kiss_legged_bench_cyclone_container_files/helios16p_ws/install/vicon_receiver/include/boost/container/detail/iterators.hpp
[183.886s] -- Installing: /home/admin/bench/lab/STAGING_helios16p_kiss_legged_bench_cyclone_container_files/helios16p_ws/install/vicon_receiver/include/boost/container/detail/std_fwd.hpp
[183.887s] -- Installing: /home/admin/bench/lab/STAGING_helios16p_kiss_legged_bench_cyclone_container_files/helios16p_ws/install/vicon_receiver/include/boost/container/detail/construct_in_place.hpp
[183.891s] -- Installing: /home/admin/bench/lab/STAGING_helios16p_kiss_legged_bench_cyclone_container_files/helios16p_ws/install/vicon_receiver/include/boost/container/detail/alloc_helpers.hpp
[183.892s] -- Installing: /home/admin/bench/lab/STAGING_helios16p_kiss_legged_bench_cyclone_container_files/helios16p_ws/install/vicon_receiver/include/boost/container/detail/node_alloc_holder.hpp
[183.897s] -- Installing: /home/admin/bench/lab/STAGING_helios16p_kiss_legged_bench_cyclone_container_files/helios16p_ws/install/vicon_receiver/include/boost/container/detail/copy_move_algo.hpp
[183.900s] -- Installing: /home/admin/bench/lab/STAGING_helios16p_kiss_legged_bench_cyclone_container_files/helios16p_ws/install/vicon_receiver/include/boost/container/detail/config_begin.hpp
[183.901s] -- Installing: /home/admin/bench/lab/STAGING_helios16p_kiss_legged_bench_cyclone_container_files/helios16p_ws/install/vicon_receiver/include/boost/container/detail/mpl.hpp
[183.906s] -- Installing: /home/admin/bench/lab/STAGING_helios16p_kiss_legged_bench_cyclone_container_files/helios16p_ws/install/vicon_receiver/include/boost/container/detail/variadic_templates_tools.hpp
[183.907s] -- Installing: /home/admin/bench/lab/STAGING_helios16p_kiss_legged_bench_cyclone_container_files/helios16p_ws/install/vicon_receiver/include/boost/container/detail/value_init.hpp
[183.915s] -- Installing: /home/admin/bench/lab/STAGING_helios16p_kiss_legged_bench_cyclone_container_files/helios16p_ws/install/vicon_receiver/include/boost/container/detail/workaround.hpp
[183.918s] -- Installing: /home/admin/bench/lab/STAGING_helios16p_kiss_legged_bench_cyclone_container_files/helios16p_ws/install/vicon_receiver/include/boost/container/detail/allocator_version_traits.hpp
[183.920s] -- Installing: /home/admin/bench/lab/STAGING_helios16p_kiss_legged_bench_cyclone_container_files/helios16p_ws/install/vicon_receiver/include/boost/container/detail/iterator.hpp
[183.926s] -- Installing: /home/admin/bench/lab/STAGING_helios16p_kiss_legged_bench_cyclone_container_files/helios16p_ws/install/vicon_receiver/include/boost/container/detail/value_functors.hpp
[183.927s] -- Installing: /home/admin/bench/lab/STAGING_helios16p_kiss_legged_bench_cyclone_container_files/helios16p_ws/install/vicon_receiver/include/boost/container/detail/next_capacity.hpp
[183.928s] -- Installing: /home/admin/bench/lab/STAGING_helios16p_kiss_legged_bench_cyclone_container_files/helios16p_ws/install/vicon_receiver/include/boost/container/detail/placement_new.hpp
[183.932s] -- Installing: /home/admin/bench/lab/STAGING_helios16p_kiss_legged_bench_cyclone_container_files/helios16p_ws/install/vicon_receiver/include/boost/container/detail/dispatch_uses_allocator.hpp
[183.950s] -- Installing: /home/admin/bench/lab/STAGING_helios16p_kiss_legged_bench_cyclone_container_files/helios16p_ws/install/vicon_receiver/include/boost/container/container_fwd.hpp
[183.950s] -- Installing: /home/admin/bench/lab/STAGING_helios16p_kiss_legged_bench_cyclone_container_files/helios16p_ws/install/vicon_receiver/include/boost/container/deque.hpp
[183.951s] -- Installing: /home/admin/bench/lab/STAGING_helios16p_kiss_legged_bench_cyclone_container_files/helios16p_ws/install/vicon_receiver/include/boost/container/vector.hpp
[183.951s] -- Installing: /home/admin/bench/lab/STAGING_helios16p_kiss_legged_bench_cyclone_container_files/helios16p_ws/install/vicon_receiver/include/boost/container/scoped_allocator.hpp
[183.959s] -- Installing: /home/admin/bench/lab/STAGING_helios16p_kiss_legged_bench_cyclone_container_files/helios16p_ws/install/vicon_receiver/include/boost/container/list.hpp
[183.966s] -- Installing: /home/admin/bench/lab/STAGING_helios16p_kiss_legged_bench_cyclone_container_files/helios16p_ws/install/vicon_receiver/include/boost/container/new_allocator.hpp
[183.973s] -- Installing: /home/admin/bench/lab/STAGING_helios16p_kiss_legged_bench_cyclone_container_files/helios16p_ws/install/vicon_receiver/include/boost/container/uses_allocator_fwd.hpp
[183.975s] -- Installing: /home/admin/bench/lab/STAGING_helios16p_kiss_legged_bench_cyclone_container_files/helios16p_ws/install/vicon_receiver/include/boost/container/uses_allocator.hpp
[183.976s] -- Installing: /home/admin/bench/lab/STAGING_helios16p_kiss_legged_bench_cyclone_container_files/helios16p_ws/install/vicon_receiver/include/boost/container/throw_exception.hpp
[183.979s] -- Installing: /home/admin/bench/lab/STAGING_helios16p_kiss_legged_bench_cyclone_container_files/helios16p_ws/install/vicon_receiver/include/boost/container/options.hpp
[183.983s] -- Installing: /home/admin/bench/lab/STAGING_helios16p_kiss_legged_bench_cyclone_container_files/helios16p_ws/install/vicon_receiver/include/boost/container/scoped_allocator_fwd.hpp
[183.985s] -- Installing: /home/admin/bench/lab/STAGING_helios16p_kiss_legged_bench_cyclone_container_files/helios16p_ws/install/vicon_receiver/include/boost/container/allocator_traits.hpp
[184.001s] -- Installing: /home/admin/bench/lab/STAGING_helios16p_kiss_legged_bench_cyclone_container_files/helios16p_ws/install/vicon_receiver/include/boost/filesystem
[184.005s] -- Installing: /home/admin/bench/lab/STAGING_helios16p_kiss_legged_bench_cyclone_container_files/helios16p_ws/install/vicon_receiver/include/boost/filesystem/detail
[184.005s] -- Installing: /home/admin/bench/lab/STAGING_helios16p_kiss_legged_bench_cyclone_container_files/helios16p_ws/install/vicon_receiver/include/boost/filesystem/detail/utf8_codecvt_facet.hpp
[184.011s] -- Installing: /home/admin/bench/lab/STAGING_helios16p_kiss_legged_bench_cyclone_container_files/helios16p_ws/install/vicon_receiver/include/boost/filesystem/exception.hpp
[184.012s] -- Installing: /home/admin/bench/lab/STAGING_helios16p_kiss_legged_bench_cyclone_container_files/helios16p_ws/install/vicon_receiver/include/boost/filesystem/config.hpp
[184.012s] -- Installing: /home/admin/bench/lab/STAGING_helios16p_kiss_legged_bench_cyclone_container_files/helios16p_ws/install/vicon_receiver/include/boost/filesystem/path.hpp
[184.013s] -- Installing: /home/admin/bench/lab/STAGING_helios16p_kiss_legged_bench_cyclone_container_files/helios16p_ws/install/vicon_receiver/include/boost/filesystem/convenience.hpp
[184.022s] -- Installing: /home/admin/bench/lab/STAGING_helios16p_kiss_legged_bench_cyclone_container_files/helios16p_ws/install/vicon_receiver/include/boost/filesystem/string_file.hpp
[184.022s] -- Installing: /home/admin/bench/lab/STAGING_helios16p_kiss_legged_bench_cyclone_container_files/helios16p_ws/install/vicon_receiver/include/boost/filesystem/path_traits.hpp
[184.024s] -- Installing: /home/admin/bench/lab/STAGING_helios16p_kiss_legged_bench_cyclone_container_files/helios16p_ws/install/vicon_receiver/include/boost/filesystem/file_status.hpp
[184.028s] -- Installing: /home/admin/bench/lab/STAGING_helios16p_kiss_legged_bench_cyclone_container_files/helios16p_ws/install/vicon_receiver/include/boost/filesystem/operations.hpp
[184.033s] -- Installing: /home/admin/bench/lab/STAGING_helios16p_kiss_legged_bench_cyclone_container_files/helios16p_ws/install/vicon_receiver/include/boost/filesystem/directory.hpp
[184.036s] -- Installing: /home/admin/bench/lab/STAGING_helios16p_kiss_legged_bench_cyclone_container_files/helios16p_ws/install/vicon_receiver/include/boost/filesystem/fstream.hpp
[184.045s] -- Installing: /home/admin/bench/lab/STAGING_helios16p_kiss_legged_bench_cyclone_container_files/helios16p_ws/install/vicon_receiver/include/boost/atomic.hpp
[184.047s] -- Installing: /home/admin/bench/lab/STAGING_helios16p_kiss_legged_bench_cyclone_container_files/helios16p_ws/install/vicon_receiver/include/boost/call_traits.hpp
[184.048s] -- Installing: /home/admin/bench/lab/STAGING_helios16p_kiss_legged_bench_cyclone_container_files/helios16p_ws/install/vicon_receiver/include/boost/config.hpp
[184.050s] -- Installing: /home/admin/bench/lab/STAGING_helios16p_kiss_legged_bench_cyclone_container_files/helios16p_ws/install/vicon_receiver/include/boost/preprocessor
[184.052s] -- Installing: /home/admin/bench/lab/STAGING_helios16p_kiss_legged_bench_cyclone_container_files/helios16p_ws/install/vicon_receiver/include/boost/preprocessor/empty.hpp
[184.058s] -- Installing: /home/admin/bench/lab/STAGING_helios16p_kiss_legged_bench_cyclone_container_files/helios16p_ws/install/vicon_receiver/include/boost/preprocessor/stringize.hpp
[184.065s] -- Installing: /home/admin/bench/lab/STAGING_helios16p_kiss_legged_bench_cyclone_container_files/helios16p_ws/install/vicon_receiver/include/boost/preprocessor/enum_shifted_params.hpp
[184.066s] -- Installing: /home/admin/bench/lab/STAGING_helios16p_kiss_legged_bench_cyclone_container_files/helios16p_ws/install/vicon_receiver/include/boost/preprocessor/logical
[184.067s] -- Installing: /home/admin/bench/lab/STAGING_helios16p_kiss_legged_bench_cyclone_container_files/helios16p_ws/install/vicon_receiver/include/boost/preprocessor/logical/and.hpp
[184.070s] -- Installing: /home/admin/bench/lab/STAGING_helios16p_kiss_legged_bench_cyclone_container_files/helios16p_ws/install/vicon_receiver/include/boost/preprocessor/logical/compl.hpp
[184.073s] -- Installing: /home/admin/bench/lab/STAGING_helios16p_kiss_legged_bench_cyclone_container_files/helios16p_ws/install/vicon_receiver/include/boost/preprocessor/logical/bitand.hpp
[184.101s] -- Installing: /home/admin/bench/lab/STAGING_helios16p_kiss_legged_bench_cyclone_container_files/helios16p_ws/install/vicon_receiver/include/boost/preprocessor/logical/bool.hpp
[184.103s] -- Installing: /home/admin/bench/lab/STAGING_helios16p_kiss_legged_bench_cyclone_container_files/helios16p_ws/install/vicon_receiver/include/boost/preprocessor/logical/or.hpp
[184.114s] -- Installing: /home/admin/bench/lab/STAGING_helios16p_kiss_legged_bench_cyclone_container_files/helios16p_ws/install/vicon_receiver/include/boost/preprocessor/logical/limits
[184.126s] -- Installing: /home/admin/bench/lab/STAGING_helios16p_kiss_legged_bench_cyclone_container_files/helios16p_ws/install/vicon_receiver/include/boost/preprocessor/logical/limits/bool_1024.hpp
[184.130s] -- Installing: /home/admin/bench/lab/STAGING_helios16p_kiss_legged_bench_cyclone_container_files/helios16p_ws/install/vicon_receiver/include/boost/preprocessor/logical/limits/bool_256.hpp
[184.137s] -- Installing: /home/admin/bench/lab/STAGING_helios16p_kiss_legged_bench_cyclone_container_files/helios16p_ws/install/vicon_receiver/include/boost/preprocessor/logical/limits/bool_512.hpp
[184.138s] -- Installing: /home/admin/bench/lab/STAGING_helios16p_kiss_legged_bench_cyclone_container_files/helios16p_ws/install/vicon_receiver/include/boost/preprocessor/logical/not.hpp
[184.138s] -- Installing: /home/admin/bench/lab/STAGING_helios16p_kiss_legged_bench_cyclone_container_files/helios16p_ws/install/vicon_receiver/include/boost/preprocessor/logical/bitor.hpp
[184.140s] -- Installing: /home/admin/bench/lab/STAGING_helios16p_kiss_legged_bench_cyclone_container_files/helios16p_ws/install/vicon_receiver/include/boost/preprocessor/expr_if.hpp
[184.150s] -- Installing: /home/admin/bench/lab/STAGING_helios16p_kiss_legged_bench_cyclone_container_files/helios16p_ws/install/vicon_receiver/include/boost/preprocessor/iteration
[184.151s] -- Installing: /home/admin/bench/lab/STAGING_helios16p_kiss_legged_bench_cyclone_container_files/helios16p_ws/install/vicon_receiver/include/boost/preprocessor/iteration/detail
[184.152s] -- Installing: /home/admin/bench/lab/STAGING_helios16p_kiss_legged_bench_cyclone_container_files/helios16p_ws/install/vicon_receiver/include/boost/preprocessor/iteration/detail/start.hpp
[184.158s] -- Installing: /home/admin/bench/lab/STAGING_helios16p_kiss_legged_bench_cyclone_container_files/helios16p_ws/install/vicon_receiver/include/boost/preprocessor/iteration/detail/rlocal.hpp
[184.165s] -- Installing: /home/admin/bench/lab/STAGING_helios16p_kiss_legged_bench_cyclone_container_files/helios16p_ws/install/vicon_receiver/include/boost/preprocessor/iteration/detail/iter
[184.167s] -- Installing: /home/admin/bench/lab/STAGING_helios16p_kiss_legged_bench_cyclone_container_files/helios16p_ws/install/vicon_receiver/include/boost/preprocessor/iteration/detail/iter/forward4.hpp
[184.174s] -- Installing: /home/admin/bench/lab/STAGING_helios16p_kiss_legged_bench_cyclone_container_files/helios16p_ws/install/vicon_receiver/include/boost/preprocessor/iteration/detail/iter/reverse3.hpp
[184.179s] -- Installing: /home/admin/bench/lab/STAGING_helios16p_kiss_legged_bench_cyclone_container_files/helios16p_ws/install/vicon_receiver/include/boost/preprocessor/iteration/detail/iter/forward5.hpp
[184.185s] -- Installing: /home/admin/bench/lab/STAGING_helios16p_kiss_legged_bench_cyclone_container_files/helios16p_ws/install/vicon_receiver/include/boost/preprocessor/iteration/detail/iter/forward3.hpp
[184.198s] -- Installing: /home/admin/bench/lab/STAGING_helios16p_kiss_legged_bench_cyclone_container_files/helios16p_ws/install/vicon_receiver/include/boost/preprocessor/iteration/detail/iter/reverse1.hpp
[184.207s] -- Installing: /home/admin/bench/lab/STAGING_helios16p_kiss_legged_bench_cyclone_container_files/helios16p_ws/install/vicon_receiver/include/boost/preprocessor/iteration/detail/iter/forward2.hpp
[184.208s] -- Installing: /home/admin/bench/lab/STAGING_helios16p_kiss_legged_bench_cyclone_container_files/helios16p_ws/install/vicon_receiver/include/boost/preprocessor/iteration/detail/iter/reverse4.hpp
[184.219s] -- Installing: /home/admin/bench/lab/STAGING_helios16p_kiss_legged_bench_cyclone_container_files/helios16p_ws/install/vicon_receiver/include/boost/preprocessor/iteration/detail/iter/reverse5.hpp
[184.222s] -- Installing: /home/admin/bench/lab/STAGING_helios16p_kiss_legged_bench_cyclone_container_files/helios16p_ws/install/vicon_receiver/include/boost/preprocessor/iteration/detail/iter/forward1.hpp
[184.225s] -- Installing: /home/admin/bench/lab/STAGING_helios16p_kiss_legged_bench_cyclone_container_files/helios16p_ws/install/vicon_receiver/include/boost/preprocessor/iteration/detail/iter/reverse2.hpp
[184.230s] -- Installing: /home/admin/bench/lab/STAGING_helios16p_kiss_legged_bench_cyclone_container_files/helios16p_ws/install/vicon_receiver/include/boost/preprocessor/iteration/detail/iter/limits
[184.232s] -- Installing: /home/admin/bench/lab/STAGING_helios16p_kiss_legged_bench_cyclone_container_files/helios16p_ws/install/vicon_receiver/include/boost/preprocessor/iteration/detail/iter/limits/reverse1_256.hpp
[184.238s] -- Installing: /home/admin/bench/lab/STAGING_helios16p_kiss_legged_bench_cyclone_container_files/helios16p_ws/install/vicon_receiver/include/boost/preprocessor/iteration/detail/iter/limits/reverse5_1024.hpp
[184.243s] -- Installing: /home/admin/bench/lab/STAGING_helios16p_kiss_legged_bench_cyclone_container_files/helios16p_ws/install/vicon_receiver/include/boost/preprocessor/iteration/detail/iter/limits/reverse2_512.hpp
[184.246s] -- Installing: /home/admin/bench/lab/STAGING_helios16p_kiss_legged_bench_cyclone_container_files/helios16p_ws/install/vicon_receiver/include/boost/preprocessor/iteration/detail/iter/limits/forward5_512.hpp
[184.256s] -- Installing: /home/admin/bench/lab/STAGING_helios16p_kiss_legged_bench_cyclone_container_files/helios16p_ws/install/vicon_receiver/include/boost/preprocessor/iteration/detail/iter/limits/reverse5_256.hpp
[184.264s] -- Installing: /home/admin/bench/lab/STAGING_helios16p_kiss_legged_bench_cyclone_container_files/helios16p_ws/install/vicon_receiver/include/boost/preprocessor/iteration/detail/iter/limits/forward1_1024.hpp
[184.267s] -- Installing: /home/admin/bench/lab/STAGING_helios16p_kiss_legged_bench_cyclone_container_files/helios16p_ws/install/vicon_receiver/include/boost/preprocessor/iteration/detail/iter/limits/reverse4_256.hpp
[184.274s] -- Installing: /home/admin/bench/lab/STAGING_helios16p_kiss_legged_bench_cyclone_container_files/helios16p_ws/install/vicon_receiver/include/boost/preprocessor/iteration/detail/iter/limits/reverse1_1024.hpp
[184.287s] -- Installing: /home/admin/bench/lab/STAGING_helios16p_kiss_legged_bench_cyclone_container_files/helios16p_ws/install/vicon_receiver/include/boost/preprocessor/iteration/detail/iter/limits/reverse3_256.hpp
[184.293s] -- Installing: /home/admin/bench/lab/STAGING_helios16p_kiss_legged_bench_cyclone_container_files/helios16p_ws/install/vicon_receiver/include/boost/preprocessor/iteration/detail/iter/limits/forward5_256.hpp
[184.293s] -- Installing: /home/admin/bench/lab/STAGING_helios16p_kiss_legged_bench_cyclone_container_files/helios16p_ws/install/vicon_receiver/include/boost/preprocessor/iteration/detail/iter/limits/forward4_1024.hpp
[184.309s] -- Installing: /home/admin/bench/lab/STAGING_helios16p_kiss_legged_bench_cyclone_container_files/helios16p_ws/install/vicon_receiver/include/boost/preprocessor/iteration/detail/iter/limits/forward4_512.hpp
[184.310s] -- Installing: /home/admin/bench/lab/STAGING_helios16p_kiss_legged_bench_cyclone_container_files/helios16p_ws/install/vicon_receiver/include/boost/preprocessor/iteration/detail/iter/limits/reverse4_512.hpp
[184.318s] -- Installing: /home/admin/bench/lab/STAGING_helios16p_kiss_legged_bench_cyclone_container_files/helios16p_ws/install/vicon_receiver/include/boost/preprocessor/iteration/detail/iter/limits/reverse1_512.hpp
[184.319s] -- Installing: /home/admin/bench/lab/STAGING_helios16p_kiss_legged_bench_cyclone_container_files/helios16p_ws/install/vicon_receiver/include/boost/preprocessor/iteration/detail/iter/limits/forward3_1024.hpp
[184.334s] -- Installing: /home/admin/bench/lab/STAGING_helios16p_kiss_legged_bench_cyclone_container_files/helios16p_ws/install/vicon_receiver/include/boost/preprocessor/iteration/detail/iter/limits/forward3_512.hpp
[184.335s] -- Installing: /home/admin/bench/lab/STAGING_helios16p_kiss_legged_bench_cyclone_container_files/helios16p_ws/install/vicon_receiver/include/boost/preprocessor/iteration/detail/iter/limits/reverse2_256.hpp
[184.337s] -- Installing: /home/admin/bench/lab/STAGING_helios16p_kiss_legged_bench_cyclone_container_files/helios16p_ws/install/vicon_receiver/include/boost/preprocessor/iteration/detail/iter/limits/forward1_512.hpp
[184.337s] -- Installing: /home/admin/bench/lab/STAGING_helios16p_kiss_legged_bench_cyclone_container_files/helios16p_ws/install/vicon_receiver/include/boost/preprocessor/iteration/detail/iter/limits/forward2_1024.hpp
[184.345s] -- Installing: /home/admin/bench/lab/STAGING_helios16p_kiss_legged_bench_cyclone_container_files/helios16p_ws/install/vicon_receiver/include/boost/preprocessor/iteration/detail/iter/limits/reverse3_1024.hpp
[184.375s] -- Installing: /home/admin/bench/lab/STAGING_helios16p_kiss_legged_bench_cyclone_container_files/helios16p_ws/install/vicon_receiver/include/boost/preprocessor/iteration/detail/iter/limits/forward1_256.hpp
[184.378s] -- Installing: /home/admin/bench/lab/STAGING_helios16p_kiss_legged_bench_cyclone_container_files/helios16p_ws/install/vicon_receiver/include/boost/preprocessor/iteration/detail/iter/limits/forward3_256.hpp
[184.378s] -- Installing: /home/admin/bench/lab/STAGING_helios16p_kiss_legged_bench_cyclone_container_files/helios16p_ws/install/vicon_receiver/include/boost/preprocessor/iteration/detail/iter/limits/forward2_512.hpp
[184.384s] -- Installing: /home/admin/bench/lab/STAGING_helios16p_kiss_legged_bench_cyclone_container_files/helios16p_ws/install/vicon_receiver/include/boost/preprocessor/iteration/detail/iter/limits/reverse4_1024.hpp
[184.385s] -- Installing: /home/admin/bench/lab/STAGING_helios16p_kiss_legged_bench_cyclone_container_files/helios16p_ws/install/vicon_receiver/include/boost/preprocessor/iteration/detail/iter/limits/reverse2_1024.hpp
[184.395s] -- Installing: /home/admin/bench/lab/STAGING_helios16p_kiss_legged_bench_cyclone_container_files/helios16p_ws/install/vicon_receiver/include/boost/preprocessor/iteration/detail/iter/limits/forward4_256.hpp
[184.401s] -- Installing: /home/admin/bench/lab/STAGING_helios16p_kiss_legged_bench_cyclone_container_files/helios16p_ws/install/vicon_receiver/include/boost/preprocessor/iteration/detail/iter/limits/forward2_256.hpp
[184.401s] -- Installing: /home/admin/bench/lab/STAGING_helios16p_kiss_legged_bench_cyclone_container_files/helios16p_ws/install/vicon_receiver/include/boost/preprocessor/iteration/detail/iter/limits/forward5_1024.hpp
[184.408s] -- Installing: /home/admin/bench/lab/STAGING_helios16p_kiss_legged_bench_cyclone_container_files/helios16p_ws/install/vicon_receiver/include/boost/preprocessor/iteration/detail/iter/limits/reverse3_512.hpp
[184.409s] -- Installing: /home/admin/bench/lab/STAGING_helios16p_kiss_legged_bench_cyclone_container_files/helios16p_ws/install/vicon_receiver/include/boost/preprocessor/iteration/detail/iter/limits/reverse5_512.hpp
[184.417s] -- Installing: /home/admin/bench/lab/STAGING_helios16p_kiss_legged_bench_cyclone_container_files/helios16p_ws/install/vicon_receiver/include/boost/preprocessor/iteration/detail/finish.hpp
[184.418s] -- Installing: /home/admin/bench/lab/STAGING_helios16p_kiss_legged_bench_cyclone_container_files/helios16p_ws/install/vicon_receiver/include/boost/preprocessor/iteration/detail/self.hpp
[184.420s] -- Installing: /home/admin/bench/lab/STAGING_helios16p_kiss_legged_bench_cyclone_container_files/helios16p_ws/install/vicon_receiver/include/boost/preprocessor/iteration/detail/bounds
[184.421s] -- Installing: /home/admin/bench/lab/STAGING_helios16p_kiss_legged_bench_cyclone_container_files/helios16p_ws/install/vicon_receiver/include/boost/preprocessor/iteration/detail/bounds/lower5.hpp
[184.431s] -- Installing: /home/admin/bench/lab/STAGING_helios16p_kiss_legged_bench_cyclone_container_files/helios16p_ws/install/vicon_receiver/include/boost/preprocessor/iteration/detail/bounds/lower2.hpp
[184.439s] -- Installing: /home/admin/bench/lab/STAGING_helios16p_kiss_legged_bench_cyclone_container_files/helios16p_ws/install/vicon_receiver/include/boost/preprocessor/iteration/detail/bounds/upper5.hpp
[184.439s] -- Installing: /home/admin/bench/lab/STAGING_helios16p_kiss_legged_bench_cyclone_container_files/helios16p_ws/install/vicon_receiver/include/boost/preprocessor/iteration/detail/bounds/lower4.hpp
[184.439s] -- Installing: /home/admin/bench/lab/STAGING_helios16p_kiss_legged_bench_cyclone_container_files/helios16p_ws/install/vicon_receiver/include/boost/preprocessor/iteration/detail/bounds/lower3.hpp
[184.440s] -- Installing: /home/admin/bench/lab/STAGING_helios16p_kiss_legged_bench_cyclone_container_files/helios16p_ws/install/vicon_receiver/include/boost/preprocessor/iteration/detail/bounds/upper1.hpp
[184.442s] -- Installing: /home/admin/bench/lab/STAGING_helios16p_kiss_legged_bench_cyclone_container_files/helios16p_ws/install/vicon_receiver/include/boost/preprocessor/iteration/detail/bounds/upper4.hpp
[184.449s] -- Installing: /home/admin/bench/lab/STAGING_helios16p_kiss_legged_bench_cyclone_container_files/helios16p_ws/install/vicon_receiver/include/boost/preprocessor/iteration/detail/bounds/upper2.hpp
[184.458s] -- Installing: /home/admin/bench/lab/STAGING_helios16p_kiss_legged_bench_cyclone_container_files/helios16p_ws/install/vicon_receiver/include/boost/preprocessor/iteration/detail/bounds/lower1.hpp
[184.460s] -- Installing: /home/admin/bench/lab/STAGING_helios16p_kiss_legged_bench_cyclone_container_files/helios16p_ws/install/vicon_receiver/include/boost/preprocessor/iteration/detail/bounds/upper3.hpp
[184.464s] -- Installing: /home/admin/bench/lab/STAGING_helios16p_kiss_legged_bench_cyclone_container_files/helios16p_ws/install/vicon_receiver/include/boost/preprocessor/iteration/detail/local.hpp
[184.466s] -- Installing: /home/admin/bench/lab/STAGING_helios16p_kiss_legged_bench_cyclone_container_files/helios16p_ws/install/vicon_receiver/include/boost/preprocessor/iteration/detail/limits
[184.471s] -- Installing: /home/admin/bench/lab/STAGING_helios16p_kiss_legged_bench_cyclone_container_files/helios16p_ws/install/vicon_receiver/include/boost/preprocessor/iteration/detail/limits/rlocal_256.hpp
[184.474s] -- Installing: /home/admin/bench/lab/STAGING_helios16p_kiss_legged_bench_cyclone_container_files/helios16p_ws/install/vicon_receiver/include/boost/preprocessor/iteration/detail/limits/local_1024.hpp
[184.481s] -- Installing: /home/admin/bench/lab/STAGING_helios16p_kiss_legged_bench_cyclone_container_files/helios16p_ws/install/vicon_receiver/include/boost/preprocessor/iteration/detail/limits/local_256.hpp
[184.483s] -- Installing: /home/admin/bench/lab/STAGING_helios16p_kiss_legged_bench_cyclone_container_files/helios16p_ws/install/vicon_receiver/include/boost/preprocessor/iteration/detail/limits/local_512.hpp
[184.496s] -- Installing: /home/admin/bench/lab/STAGING_helios16p_kiss_legged_bench_cyclone_container_files/helios16p_ws/install/vicon_receiver/include/boost/preprocessor/iteration/detail/limits/rlocal_512.hpp
[184.498s] -- Installing: /home/admin/bench/lab/STAGING_helios16p_kiss_legged_bench_cyclone_container_files/helios16p_ws/install/vicon_receiver/include/boost/preprocessor/iteration/detail/limits/rlocal_1024.hpp
[184.499s] -- Installing: /home/admin/bench/lab/STAGING_helios16p_kiss_legged_bench_cyclone_container_files/helios16p_ws/install/vicon_receiver/include/boost/preprocessor/iteration/iterate.hpp
[184.500s] -- Installing: /home/admin/bench/lab/STAGING_helios16p_kiss_legged_bench_cyclone_container_files/helios16p_ws/install/vicon_receiver/include/boost/preprocessor/iteration/self.hpp
[184.508s] -- Installing: /home/admin/bench/lab/STAGING_helios16p_kiss_legged_bench_cyclone_container_files/helios16p_ws/install/vicon_receiver/include/boost/preprocessor/iteration/local.hpp
[184.509s] -- Installing: /home/admin/bench/lab/STAGING_helios16p_kiss_legged_bench_cyclone_container_files/helios16p_ws/install/vicon_receiver/include/boost/preprocessor/config
[184.509s] -- Installing: /home/admin/bench/lab/STAGING_helios16p_kiss_legged_bench_cyclone_container_files/helios16p_ws/install/vicon_receiver/include/boost/preprocessor/config/config.hpp
[184.514s] -- Installing: /home/admin/bench/lab/STAGING_helios16p_kiss_legged_bench_cyclone_container_files/helios16p_ws/install/vicon_receiver/include/boost/preprocessor/config/limits.hpp
[184.527s] -- Installing: /home/admin/bench/lab/STAGING_helios16p_kiss_legged_bench_cyclone_container_files/helios16p_ws/install/vicon_receiver/include/boost/preprocessor/detail
[184.527s] -- Installing: /home/admin/bench/lab/STAGING_helios16p_kiss_legged_bench_cyclone_container_files/helios16p_ws/install/vicon_receiver/include/boost/preprocessor/detail/is_binary.hpp
[184.528s] -- Installing: /home/admin/bench/lab/STAGING_helios16p_kiss_legged_bench_cyclone_container_files/helios16p_ws/install/vicon_receiver/include/boost/preprocessor/detail/is_unary.hpp
[184.531s] -- Installing: /home/admin/bench/lab/STAGING_helios16p_kiss_legged_bench_cyclone_container_files/helios16p_ws/install/vicon_receiver/include/boost/preprocessor/detail/auto_rec.hpp
[184.532s] -- Installing: /home/admin/bench/lab/STAGING_helios16p_kiss_legged_bench_cyclone_container_files/helios16p_ws/install/vicon_receiver/include/boost/preprocessor/detail/check.hpp
[184.542s] -- Installing: /home/admin/bench/lab/STAGING_helios16p_kiss_legged_bench_cyclone_container_files/helios16p_ws/install/vicon_receiver/include/boost/preprocessor/detail/dmc
[184.542s] -- Installing: /home/admin/bench/lab/STAGING_helios16p_kiss_legged_bench_cyclone_container_files/helios16p_ws/install/vicon_receiver/include/boost/preprocessor/detail/dmc/auto_rec.hpp
[184.543s] -- Installing: /home/admin/bench/lab/STAGING_helios16p_kiss_legged_bench_cyclone_container_files/helios16p_ws/install/vicon_receiver/include/boost/preprocessor/detail/limits
[184.543s] -- Installing: /home/admin/bench/lab/STAGING_helios16p_kiss_legged_bench_cyclone_container_files/helios16p_ws/install/vicon_receiver/include/boost/preprocessor/detail/limits/auto_rec_512.hpp
[184.543s] -- Installing: /home/admin/bench/lab/STAGING_helios16p_kiss_legged_bench_cyclone_container_files/helios16p_ws/install/vicon_receiver/include/boost/preprocessor/detail/limits/auto_rec_1024.hpp
[184.550s] -- Installing: /home/admin/bench/lab/STAGING_helios16p_kiss_legged_bench_cyclone_container_files/helios16p_ws/install/vicon_receiver/include/boost/preprocessor/detail/limits/auto_rec_256.hpp
[184.552s] -- Installing: /home/admin/bench/lab/STAGING_helios16p_kiss_legged_bench_cyclone_container_files/helios16p_ws/install/vicon_receiver/include/boost/preprocessor/list
[184.555s] -- Installing: /home/admin/bench/lab/STAGING_helios16p_kiss_legged_bench_cyclone_container_files/helios16p_ws/install/vicon_receiver/include/boost/preprocessor/list/adt.hpp
[184.556s] -- Installing: /home/admin/bench/lab/STAGING_helios16p_kiss_legged_bench_cyclone_container_files/helios16p_ws/install/vicon_receiver/include/boost/preprocessor/list/detail
[184.558s] -- Installing: /home/admin/bench/lab/STAGING_helios16p_kiss_legged_bench_cyclone_container_files/helios16p_ws/install/vicon_receiver/include/boost/preprocessor/list/detail/fold_left.hpp
[184.559s] -- Installing: /home/admin/bench/lab/STAGING_helios16p_kiss_legged_bench_cyclone_container_files/helios16p_ws/install/vicon_receiver/include/boost/preprocessor/list/detail/edg
[184.563s] -- Installing: /home/admin/bench/lab/STAGING_helios16p_kiss_legged_bench_cyclone_container_files/helios16p_ws/install/vicon_receiver/include/boost/preprocessor/list/detail/edg/fold_left.hpp
[184.567s] -- Installing: /home/admin/bench/lab/STAGING_helios16p_kiss_legged_bench_cyclone_container_files/helios16p_ws/install/vicon_receiver/include/boost/preprocessor/list/detail/edg/fold_right.hpp
[184.571s] -- Installing: /home/admin/bench/lab/STAGING_helios16p_kiss_legged_bench_cyclone_container_files/helios16p_ws/install/vicon_receiver/include/boost/preprocessor/list/detail/edg/limits
[184.591s] -- Installing: /home/admin/bench/lab/STAGING_helios16p_kiss_legged_bench_cyclone_container_files/helios16p_ws/install/vicon_receiver/include/boost/preprocessor/list/detail/edg/limits/fold_right_1024.hpp
[184.593s] -- Installing: /home/admin/bench/lab/STAGING_helios16p_kiss_legged_bench_cyclone_container_files/helios16p_ws/install/vicon_receiver/include/boost/preprocessor/list/detail/edg/limits/fold_right_512.hpp
[184.611s] -- Installing: /home/admin/bench/lab/STAGING_helios16p_kiss_legged_bench_cyclone_container_files/helios16p_ws/install/vicon_receiver/include/boost/preprocessor/list/detail/edg/limits/fold_left_512.hpp
[184.611s] -- Installing: /home/admin/bench/lab/STAGING_helios16p_kiss_legged_bench_cyclone_container_files/helios16p_ws/install/vicon_receiver/include/boost/preprocessor/list/detail/edg/limits/fold_left_256.hpp
[184.625s] -- Installing: /home/admin/bench/lab/STAGING_helios16p_kiss_legged_bench_cyclone_container_files/helios16p_ws/install/vicon_receiver/include/boost/preprocessor/list/detail/edg/limits/fold_left_1024.hpp
[184.633s] -- Installing: /home/admin/bench/lab/STAGING_helios16p_kiss_legged_bench_cyclone_container_files/helios16p_ws/install/vicon_receiver/include/boost/preprocessor/list/detail/edg/limits/fold_right_256.hpp
[184.640s] -- Installing: /home/admin/bench/lab/STAGING_helios16p_kiss_legged_bench_cyclone_container_files/helios16p_ws/install/vicon_receiver/include/boost/preprocessor/list/detail/dmc
[184.644s] -- Installing: /home/admin/bench/lab/STAGING_helios16p_kiss_legged_bench_cyclone_container_files/helios16p_ws/install/vicon_receiver/include/boost/preprocessor/list/detail/dmc/fold_left.hpp
[184.652s] -- Installing: /home/admin/bench/lab/STAGING_helios16p_kiss_legged_bench_cyclone_container_files/helios16p_ws/install/vicon_receiver/include/boost/preprocessor/list/detail/fold_right.hpp
[184.653s] -- Installing: /home/admin/bench/lab/STAGING_helios16p_kiss_legged_bench_cyclone_container_files/helios16p_ws/install/vicon_receiver/include/boost/preprocessor/list/detail/limits
[184.659s] -- Installing: /home/admin/bench/lab/STAGING_helios16p_kiss_legged_bench_cyclone_container_files/helios16p_ws/install/vicon_receiver/include/boost/preprocessor/list/detail/limits/fold_right_1024.hpp
[184.666s] -- Installing: /home/admin/bench/lab/STAGING_helios16p_kiss_legged_bench_cyclone_container_files/helios16p_ws/install/vicon_receiver/include/boost/preprocessor/list/detail/limits/fold_right_512.hpp
[184.667s] -- Installing: /home/admin/bench/lab/STAGING_helios16p_kiss_legged_bench_cyclone_container_files/helios16p_ws/install/vicon_receiver/include/boost/preprocessor/list/detail/limits/fold_left_512.hpp
[184.675s] -- Installing: /home/admin/bench/lab/STAGING_helios16p_kiss_legged_bench_cyclone_container_files/helios16p_ws/install/vicon_receiver/include/boost/preprocessor/list/detail/limits/fold_left_256.hpp
[184.680s] -- Installing: /home/admin/bench/lab/STAGING_helios16p_kiss_legged_bench_cyclone_container_files/helios16p_ws/install/vicon_receiver/include/boost/preprocessor/list/detail/limits/fold_left_1024.hpp
[184.689s] -- Installing: /home/admin/bench/lab/STAGING_helios16p_kiss_legged_bench_cyclone_container_files/helios16p_ws/install/vicon_receiver/include/boost/preprocessor/list/detail/limits/fold_right_256.hpp
[184.693s] -- Installing: /home/admin/bench/lab/STAGING_helios16p_kiss_legged_bench_cyclone_container_files/helios16p_ws/install/vicon_receiver/include/boost/preprocessor/list/fold_left.hpp
[184.696s] -- Installing: /home/admin/bench/lab/STAGING_helios16p_kiss_legged_bench_cyclone_container_files/helios16p_ws/install/vicon_receiver/include/boost/preprocessor/list/reverse.hpp
[184.703s] -- Installing: /home/admin/bench/lab/STAGING_helios16p_kiss_legged_bench_cyclone_container_files/helios16p_ws/install/vicon_receiver/include/boost/preprocessor/list/for_each_i.hpp
[184.703s] -- Installing: /home/admin/bench/lab/STAGING_helios16p_kiss_legged_bench_cyclone_container_files/helios16p_ws/install/vicon_receiver/include/boost/preprocessor/list/fold_right.hpp
[184.707s] -- Installing: /home/admin/bench/lab/STAGING_helios16p_kiss_legged_bench_cyclone_container_files/helios16p_ws/install/vicon_receiver/include/boost/preprocessor/list/limits
[184.709s] -- Installing: /home/admin/bench/lab/STAGING_helios16p_kiss_legged_bench_cyclone_container_files/helios16p_ws/install/vicon_receiver/include/boost/preprocessor/list/limits/fold_left_512.hpp
[184.712s] -- Installing: /home/admin/bench/lab/STAGING_helios16p_kiss_legged_bench_cyclone_container_files/helios16p_ws/install/vicon_receiver/include/boost/preprocessor/list/limits/fold_left_256.hpp
[184.737s] -- Installing: /home/admin/bench/lab/STAGING_helios16p_kiss_legged_bench_cyclone_container_files/helios16p_ws/install/vicon_receiver/include/boost/preprocessor/list/limits/fold_left_1024.hpp
[184.738s] -- Installing: /home/admin/bench/lab/STAGING_helios16p_kiss_legged_bench_cyclone_container_files/helios16p_ws/install/vicon_receiver/include/boost/preprocessor/facilities
[184.738s] -- Installing: /home/admin/bench/lab/STAGING_helios16p_kiss_legged_bench_cyclone_container_files/helios16p_ws/install/vicon_receiver/include/boost/preprocessor/facilities/empty.hpp
[184.738s] -- Installing: /home/admin/bench/lab/STAGING_helios16p_kiss_legged_bench_cyclone_container_files/helios16p_ws/install/vicon_receiver/include/boost/preprocessor/facilities/is_empty_variadic.hpp
[184.739s] -- Installing: /home/admin/bench/lab/STAGING_helios16p_kiss_legged_bench_cyclone_container_files/helios16p_ws/install/vicon_receiver/include/boost/preprocessor/facilities/detail
[184.739s] -- Installing: /home/admin/bench/lab/STAGING_helios16p_kiss_legged_bench_cyclone_container_files/helios16p_ws/install/vicon_receiver/include/boost/preprocessor/facilities/detail/is_empty.hpp
[184.743s] -- Installing: /home/admin/bench/lab/STAGING_helios16p_kiss_legged_bench_cyclone_container_files/helios16p_ws/install/vicon_receiver/include/boost/preprocessor/facilities/check_empty.hpp
[184.744s] -- Installing: /home/admin/bench/lab/STAGING_helios16p_kiss_legged_bench_cyclone_container_files/helios16p_ws/install/vicon_receiver/include/boost/preprocessor/facilities/expand.hpp
[184.746s] -- Installing: /home/admin/bench/lab/STAGING_helios16p_kiss_legged_bench_cyclone_container_files/helios16p_ws/install/vicon_receiver/include/boost/preprocessor/facilities/is_empty.hpp
[184.749s] -- Installing: /home/admin/bench/lab/STAGING_helios16p_kiss_legged_bench_cyclone_container_files/helios16p_ws/install/vicon_receiver/include/boost/preprocessor/facilities/identity.hpp
[184.773s] -- Installing: /home/admin/bench/lab/STAGING_helios16p_kiss_legged_bench_cyclone_container_files/helios16p_ws/install/vicon_receiver/include/boost/preprocessor/facilities/overload.hpp
[184.774s] -- Installing: /home/admin/bench/lab/STAGING_helios16p_kiss_legged_bench_cyclone_container_files/helios16p_ws/install/vicon_receiver/include/boost/preprocessor/facilities/is_1.hpp
[184.774s] -- Installing: /home/admin/bench/lab/STAGING_helios16p_kiss_legged_bench_cyclone_container_files/helios16p_ws/install/vicon_receiver/include/boost/preprocessor/facilities/intercept.hpp
[184.774s] -- Installing: /home/admin/bench/lab/STAGING_helios16p_kiss_legged_bench_cyclone_container_files/helios16p_ws/install/vicon_receiver/include/boost/preprocessor/facilities/limits
[184.775s] -- Installing: /home/admin/bench/lab/STAGING_helios16p_kiss_legged_bench_cyclone_container_files/helios16p_ws/install/vicon_receiver/include/boost/preprocessor/facilities/limits/intercept_1024.hpp
[184.775s] -- Installing: /home/admin/bench/lab/STAGING_helios16p_kiss_legged_bench_cyclone_container_files/helios16p_ws/install/vicon_receiver/include/boost/preprocessor/facilities/limits/intercept_512.hpp
[184.775s] -- Installing: /home/admin/bench/lab/STAGING_helios16p_kiss_legged_bench_cyclone_container_files/helios16p_ws/install/vicon_receiver/include/boost/preprocessor/facilities/limits/intercept_256.hpp
[184.775s] -- Installing: /home/admin/bench/lab/STAGING_helios16p_kiss_legged_bench_cyclone_container_files/helios16p_ws/install/vicon_receiver/include/boost/preprocessor/arithmetic
[184.776s] -- Installing: /home/admin/bench/lab/STAGING_helios16p_kiss_legged_bench_cyclone_container_files/helios16p_ws/install/vicon_receiver/include/boost/preprocessor/arithmetic/detail
[184.782s] -- Installing: /home/admin/bench/lab/STAGING_helios16p_kiss_legged_bench_cyclone_container_files/helios16p_ws/install/vicon_receiver/include/boost/preprocessor/arithmetic/detail/is_1_number.hpp
[184.783s] -- Installing: /home/admin/bench/lab/STAGING_helios16p_kiss_legged_bench_cyclone_container_files/helios16p_ws/install/vicon_receiver/include/boost/preprocessor/arithmetic/detail/div_base.hpp
[184.783s] -- Installing: /home/admin/bench/lab/STAGING_helios16p_kiss_legged_bench_cyclone_container_files/helios16p_ws/install/vicon_receiver/include/boost/preprocessor/arithmetic/detail/maximum_number.hpp
[184.786s] -- Installing: /home/admin/bench/lab/STAGING_helios16p_kiss_legged_bench_cyclone_container_files/helios16p_ws/install/vicon_receiver/include/boost/preprocessor/arithmetic/detail/is_maximum_number.hpp
[184.787s] -- Installing: /home/admin/bench/lab/STAGING_helios16p_kiss_legged_bench_cyclone_container_files/helios16p_ws/install/vicon_receiver/include/boost/preprocessor/arithmetic/detail/is_minimum_number.hpp
[184.795s] -- Installing: /home/admin/bench/lab/STAGING_helios16p_kiss_legged_bench_cyclone_container_files/helios16p_ws/install/vicon_receiver/include/boost/preprocessor/arithmetic/sub.hpp
[184.798s] -- Installing: /home/admin/bench/lab/STAGING_helios16p_kiss_legged_bench_cyclone_container_files/helios16p_ws/install/vicon_receiver/include/boost/preprocessor/arithmetic/add.hpp
[184.803s] -- Installing: /home/admin/bench/lab/STAGING_helios16p_kiss_legged_bench_cyclone_container_files/helios16p_ws/install/vicon_receiver/include/boost/preprocessor/arithmetic/div.hpp
[184.808s] -- Installing: /home/admin/bench/lab/STAGING_helios16p_kiss_legged_bench_cyclone_container_files/helios16p_ws/install/vicon_receiver/include/boost/preprocessor/arithmetic/inc.hpp
[184.812s] -- Installing: /home/admin/bench/lab/STAGING_helios16p_kiss_legged_bench_cyclone_container_files/helios16p_ws/install/vicon_receiver/include/boost/preprocessor/arithmetic/dec.hpp
[184.817s] -- Installing: /home/admin/bench/lab/STAGING_helios16p_kiss_legged_bench_cyclone_container_files/helios16p_ws/install/vicon_receiver/include/boost/preprocessor/arithmetic/mul.hpp
[184.820s] -- Installing: /home/admin/bench/lab/STAGING_helios16p_kiss_legged_bench_cyclone_container_files/helios16p_ws/install/vicon_receiver/include/boost/preprocessor/arithmetic/limits
[184.821s] -- Installing: /home/admin/bench/lab/STAGING_helios16p_kiss_legged_bench_cyclone_container_files/helios16p_ws/install/vicon_receiver/include/boost/preprocessor/arithmetic/limits/inc_256.hpp
[184.825s] -- Installing: /home/admin/bench/lab/STAGING_helios16p_kiss_legged_bench_cyclone_container_files/helios16p_ws/install/vicon_receiver/include/boost/preprocessor/arithmetic/limits/dec_512.hpp
[184.832s] -- Installing: /home/admin/bench/lab/STAGING_helios16p_kiss_legged_bench_cyclone_container_files/helios16p_ws/install/vicon_receiver/include/boost/preprocessor/arithmetic/limits/inc_1024.hpp
[184.833s] -- Installing: /home/admin/bench/lab/STAGING_helios16p_kiss_legged_bench_cyclone_container_files/helios16p_ws/install/vicon_receiver/include/boost/preprocessor/arithmetic/limits/dec_256.hpp
[184.833s] -- Installing: /home/admin/bench/lab/STAGING_helios16p_kiss_legged_bench_cyclone_container_files/helios16p_ws/install/vicon_receiver/include/boost/preprocessor/arithmetic/limits/dec_1024.hpp
[184.840s] -- Installing: /home/admin/bench/lab/STAGING_helios16p_kiss_legged_bench_cyclone_container_files/helios16p_ws/install/vicon_receiver/include/boost/preprocessor/arithmetic/limits/inc_512.hpp
[184.844s] -- Installing: /home/admin/bench/lab/STAGING_helios16p_kiss_legged_bench_cyclone_container_files/helios16p_ws/install/vicon_receiver/include/boost/preprocessor/arithmetic/mod.hpp
[184.855s] -- Installing: /home/admin/bench/lab/STAGING_helios16p_kiss_legged_bench_cyclone_container_files/helios16p_ws/install/vicon_receiver/include/boost/preprocessor/array
[184.858s] -- Installing: /home/admin/bench/lab/STAGING_helios16p_kiss_legged_bench_cyclone_container_files/helios16p_ws/install/vicon_receiver/include/boost/preprocessor/array/elem.hpp
[184.861s] -- Installing: /home/admin/bench/lab/STAGING_helios16p_kiss_legged_bench_cyclone_container_files/helios16p_ws/install/vicon_receiver/include/boost/preprocessor/array/size.hpp
[184.863s] -- Installing: /home/admin/bench/lab/STAGING_helios16p_kiss_legged_bench_cyclone_container_files/helios16p_ws/install/vicon_receiver/include/boost/preprocessor/array/data.hpp
[184.893s] -- Installing: /home/admin/bench/lab/STAGING_helios16p_kiss_legged_bench_cyclone_container_files/helios16p_ws/install/vicon_receiver/include/boost/preprocessor/enum_params_with_a_default.hpp
[184.894s] -- Installing: /home/admin/bench/lab/STAGING_helios16p_kiss_legged_bench_cyclone_container_files/helios16p_ws/install/vicon_receiver/include/boost/preprocessor/comma_if.hpp
[184.894s] -- Installing: /home/admin/bench/lab/STAGING_helios16p_kiss_legged_bench_cyclone_container_files/helios16p_ws/install/vicon_receiver/include/boost/preprocessor/inc.hpp
[184.894s] -- Installing: /home/admin/bench/lab/STAGING_helios16p_kiss_legged_bench_cyclone_container_files/helios16p_ws/install/vicon_receiver/include/boost/preprocessor/comparison
[184.895s] -- Installing: /home/admin/bench/lab/STAGING_helios16p_kiss_legged_bench_cyclone_container_files/helios16p_ws/install/vicon_receiver/include/boost/preprocessor/comparison/not_equal.hpp
[184.899s] -- Installing: /home/admin/bench/lab/STAGING_helios16p_kiss_legged_bench_cyclone_container_files/helios16p_ws/install/vicon_receiver/include/boost/preprocessor/comparison/less_equal.hpp
[184.903s] -- Installing: /home/admin/bench/lab/STAGING_helios16p_kiss_legged_bench_cyclone_container_files/helios16p_ws/install/vicon_receiver/include/boost/preprocessor/comparison/less.hpp
[184.906s] -- Installing: /home/admin/bench/lab/STAGING_helios16p_kiss_legged_bench_cyclone_container_files/helios16p_ws/install/vicon_receiver/include/boost/preprocessor/comparison/limits
[184.917s] -- Installing: /home/admin/bench/lab/STAGING_helios16p_kiss_legged_bench_cyclone_container_files/helios16p_ws/install/vicon_receiver/include/boost/preprocessor/comparison/limits/not_equal_1024.hpp
[184.931s] -- Installing: /home/admin/bench/lab/STAGING_helios16p_kiss_legged_bench_cyclone_container_files/helios16p_ws/install/vicon_receiver/include/boost/preprocessor/comparison/limits/not_equal_512.hpp
[184.932s] -- Installing: /home/admin/bench/lab/STAGING_helios16p_kiss_legged_bench_cyclone_container_files/helios16p_ws/install/vicon_receiver/include/boost/preprocessor/comparison/limits/not_equal_256.hpp
[184.933s] -- Installing: /home/admin/bench/lab/STAGING_helios16p_kiss_legged_bench_cyclone_container_files/helios16p_ws/install/vicon_receiver/include/boost/preprocessor/comparison/equal.hpp
[184.939s] -- Installing: /home/admin/bench/lab/STAGING_helios16p_kiss_legged_bench_cyclone_container_files/helios16p_ws/install/vicon_receiver/include/boost/preprocessor/enum_params.hpp
[184.946s] -- Installing: /home/admin/bench/lab/STAGING_helios16p_kiss_legged_bench_cyclone_container_files/helios16p_ws/install/vicon_receiver/include/boost/preprocessor/repetition
[184.947s] -- Installing: /home/admin/bench/lab/STAGING_helios16p_kiss_legged_bench_cyclone_container_files/helios16p_ws/install/vicon_receiver/include/boost/preprocessor/repetition/enum_shifted_params.hpp
[184.947s] -- Installing: /home/admin/bench/lab/STAGING_helios16p_kiss_legged_bench_cyclone_container_files/helios16p_ws/install/vicon_receiver/include/boost/preprocessor/repetition/detail
[184.953s] -- Installing: /home/admin/bench/lab/STAGING_helios16p_kiss_legged_bench_cyclone_container_files/helios16p_ws/install/vicon_receiver/include/boost/preprocessor/repetition/detail/for.hpp
[184.954s] -- Installing: /home/admin/bench/lab/STAGING_helios16p_kiss_legged_bench_cyclone_container_files/helios16p_ws/install/vicon_receiver/include/boost/preprocessor/repetition/detail/edg
[184.955s] -- Installing: /home/admin/bench/lab/STAGING_helios16p_kiss_legged_bench_cyclone_container_files/helios16p_ws/install/vicon_receiver/include/boost/preprocessor/repetition/detail/edg/for.hpp
[184.961s] -- Installing: /home/admin/bench/lab/STAGING_helios16p_kiss_legged_bench_cyclone_container_files/helios16p_ws/install/vicon_receiver/include/boost/preprocessor/repetition/detail/edg/limits
[184.962s] -- Installing: /home/admin/bench/lab/STAGING_helios16p_kiss_legged_bench_cyclone_container_files/helios16p_ws/install/vicon_receiver/include/boost/preprocessor/repetition/detail/edg/limits/for_256.hpp
[184.963s] -- Installing: /home/admin/bench/lab/STAGING_helios16p_kiss_legged_bench_cyclone_container_files/helios16p_ws/install/vicon_receiver/include/boost/preprocessor/repetition/detail/edg/limits/for_512.hpp
[184.970s] -- Installing: /home/admin/bench/lab/STAGING_helios16p_kiss_legged_bench_cyclone_container_files/helios16p_ws/install/vicon_receiver/include/boost/preprocessor/repetition/detail/edg/limits/for_1024.hpp
[184.971s] -- Installing: /home/admin/bench/lab/STAGING_helios16p_kiss_legged_bench_cyclone_container_files/helios16p_ws/install/vicon_receiver/include/boost/preprocessor/repetition/detail/msvc
[184.980s] -- Installing: /home/admin/bench/lab/STAGING_helios16p_kiss_legged_bench_cyclone_container_files/helios16p_ws/install/vicon_receiver/include/boost/preprocessor/repetition/detail/msvc/for.hpp
[184.981s] -- Installing: /home/admin/bench/lab/STAGING_helios16p_kiss_legged_bench_cyclone_container_files/helios16p_ws/install/vicon_receiver/include/boost/preprocessor/repetition/detail/dmc
[184.981s] -- Installing: /home/admin/bench/lab/STAGING_helios16p_kiss_legged_bench_cyclone_container_files/helios16p_ws/install/vicon_receiver/include/boost/preprocessor/repetition/detail/dmc/for.hpp
[184.987s] -- Installing: /home/admin/bench/lab/STAGING_helios16p_kiss_legged_bench_cyclone_container_files/helios16p_ws/install/vicon_receiver/include/boost/preprocessor/repetition/detail/limits
[184.988s] -- Installing: /home/admin/bench/lab/STAGING_helios16p_kiss_legged_bench_cyclone_container_files/helios16p_ws/install/vicon_receiver/include/boost/preprocessor/repetition/detail/limits/for_256.hpp
[184.998s] -- Installing: /home/admin/bench/lab/STAGING_helios16p_kiss_legged_bench_cyclone_container_files/helios16p_ws/install/vicon_receiver/include/boost/preprocessor/repetition/detail/limits/for_512.hpp
[184.999s] -- Installing: /home/admin/bench/lab/STAGING_helios16p_kiss_legged_bench_cyclone_container_files/helios16p_ws/install/vicon_receiver/include/boost/preprocessor/repetition/detail/limits/for_1024.hpp
[185.007s] -- Installing: /home/admin/bench/lab/STAGING_helios16p_kiss_legged_bench_cyclone_container_files/helios16p_ws/install/vicon_receiver/include/boost/preprocessor/repetition/enum_shifted.hpp
[185.009s] -- Installing: /home/admin/bench/lab/STAGING_helios16p_kiss_legged_bench_cyclone_container_files/helios16p_ws/install/vicon_receiver/include/boost/preprocessor/repetition/for.hpp
[185.017s] -- Installing: /home/admin/bench/lab/STAGING_helios16p_kiss_legged_bench_cyclone_container_files/helios16p_ws/install/vicon_receiver/include/boost/preprocessor/repetition/enum_params_with_a_default.hpp
[185.019s] -- Installing: /home/admin/bench/lab/STAGING_helios16p_kiss_legged_bench_cyclone_container_files/helios16p_ws/install/vicon_receiver/include/boost/preprocessor/repetition/enum_params.hpp
[185.019s] -- Installing: /home/admin/bench/lab/STAGING_helios16p_kiss_legged_bench_cyclone_container_files/helios16p_ws/install/vicon_receiver/include/boost/preprocessor/repetition/enum_trailing.hpp
[185.024s] -- Installing: /home/admin/bench/lab/STAGING_helios16p_kiss_legged_bench_cyclone_container_files/helios16p_ws/install/vicon_receiver/include/boost/preprocessor/repetition/enum_trailing_params.hpp
[185.024s] -- Installing: /home/admin/bench/lab/STAGING_helios16p_kiss_legged_bench_cyclone_container_files/helios16p_ws/install/vicon_receiver/include/boost/preprocessor/repetition/enum.hpp
[185.031s] -- Installing: /home/admin/bench/lab/STAGING_helios16p_kiss_legged_bench_cyclone_container_files/helios16p_ws/install/vicon_receiver/include/boost/preprocessor/repetition/enum_binary_params.hpp
[185.042s] -- Installing: /home/admin/bench/lab/STAGING_helios16p_kiss_legged_bench_cyclone_container_files/helios16p_ws/install/vicon_receiver/include/boost/preprocessor/repetition/repeat.hpp
[185.046s] -- Installing: /home/admin/bench/lab/STAGING_helios16p_kiss_legged_bench_cyclone_container_files/helios16p_ws/install/vicon_receiver/include/boost/preprocessor/repetition/limits
[185.047s] -- Installing: /home/admin/bench/lab/STAGING_helios16p_kiss_legged_bench_cyclone_container_files/helios16p_ws/install/vicon_receiver/include/boost/preprocessor/repetition/limits/for_256.hpp
[185.047s] -- Installing: /home/admin/bench/lab/STAGING_helios16p_kiss_legged_bench_cyclone_container_files/helios16p_ws/install/vicon_receiver/include/boost/preprocessor/repetition/limits/repeat_1024.hpp
[185.060s] -- Installing: /home/admin/bench/lab/STAGING_helios16p_kiss_legged_bench_cyclone_container_files/helios16p_ws/install/vicon_receiver/include/boost/preprocessor/repetition/limits/repeat_256.hpp
[185.062s] -- Installing: /home/admin/bench/lab/STAGING_helios16p_kiss_legged_bench_cyclone_container_files/helios16p_ws/install/vicon_receiver/include/boost/preprocessor/repetition/limits/repeat_512.hpp
[185.070s] -- Installing: /home/admin/bench/lab/STAGING_helios16p_kiss_legged_bench_cyclone_container_files/helios16p_ws/install/vicon_receiver/include/boost/preprocessor/repetition/limits/for_512.hpp
[185.082s] -- Installing: /home/admin/bench/lab/STAGING_helios16p_kiss_legged_bench_cyclone_container_files/helios16p_ws/install/vicon_receiver/include/boost/preprocessor/repetition/limits/for_1024.hpp
[185.083s] -- Installing: /home/admin/bench/lab/STAGING_helios16p_kiss_legged_bench_cyclone_container_files/helios16p_ws/install/vicon_receiver/include/boost/preprocessor/repetition/repeat_from_to.hpp
[185.083s] -- Installing: /home/admin/bench/lab/STAGING_helios16p_kiss_legged_bench_cyclone_container_files/helios16p_ws/install/vicon_receiver/include/boost/preprocessor/dec.hpp
[185.088s] -- Installing: /home/admin/bench/lab/STAGING_helios16p_kiss_legged_bench_cyclone_container_files/helios16p_ws/install/vicon_receiver/include/boost/preprocessor/identity.hpp
[185.089s] -- Installing: /home/admin/bench/lab/STAGING_helios16p_kiss_legged_bench_cyclone_container_files/helios16p_ws/install/vicon_receiver/include/boost/preprocessor/iterate.hpp
[185.089s] -- Installing: /home/admin/bench/lab/STAGING_helios16p_kiss_legged_bench_cyclone_container_files/helios16p_ws/install/vicon_receiver/include/boost/preprocessor/variadic
[185.095s] -- Installing: /home/admin/bench/lab/STAGING_helios16p_kiss_legged_bench_cyclone_container_files/helios16p_ws/install/vicon_receiver/include/boost/preprocessor/variadic/detail
[185.096s] -- Installing: /home/admin/bench/lab/STAGING_helios16p_kiss_legged_bench_cyclone_container_files/helios16p_ws/install/vicon_receiver/include/boost/preprocessor/variadic/detail/has_opt.hpp
[185.096s] -- Installing: /home/admin/bench/lab/STAGING_helios16p_kiss_legged_bench_cyclone_container_files/helios16p_ws/install/vicon_receiver/include/boost/preprocessor/variadic/elem.hpp
[185.097s] -- Installing: /home/admin/bench/lab/STAGING_helios16p_kiss_legged_bench_cyclone_container_files/helios16p_ws/install/vicon_receiver/include/boost/preprocessor/variadic/has_opt.hpp
[185.099s] -- Installing: /home/admin/bench/lab/STAGING_helios16p_kiss_legged_bench_cyclone_container_files/helios16p_ws/install/vicon_receiver/include/boost/preprocessor/variadic/limits
[185.101s] -- Installing: /home/admin/bench/lab/STAGING_helios16p_kiss_legged_bench_cyclone_container_files/helios16p_ws/install/vicon_receiver/include/boost/preprocessor/variadic/limits/size_256.hpp
[185.104s] -- Installing: /home/admin/bench/lab/STAGING_helios16p_kiss_legged_bench_cyclone_container_files/helios16p_ws/install/vicon_receiver/include/boost/preprocessor/variadic/limits/size_128.hpp
[185.107s] -- Installing: /home/admin/bench/lab/STAGING_helios16p_kiss_legged_bench_cyclone_container_files/helios16p_ws/install/vicon_receiver/include/boost/preprocessor/variadic/limits/elem_64.hpp
[185.108s] -- Installing: /home/admin/bench/lab/STAGING_helios16p_kiss_legged_bench_cyclone_container_files/helios16p_ws/install/vicon_receiver/include/boost/preprocessor/variadic/limits/elem_128.hpp
[185.113s] -- Installing: /home/admin/bench/lab/STAGING_helios16p_kiss_legged_bench_cyclone_container_files/helios16p_ws/install/vicon_receiver/include/boost/preprocessor/variadic/limits/size_64.hpp
[185.116s] -- Installing: /home/admin/bench/lab/STAGING_helios16p_kiss_legged_bench_cyclone_container_files/helios16p_ws/install/vicon_receiver/include/boost/preprocessor/variadic/limits/elem_256.hpp
[185.122s] -- Installing: /home/admin/bench/lab/STAGING_helios16p_kiss_legged_bench_cyclone_container_files/helios16p_ws/install/vicon_receiver/include/boost/preprocessor/variadic/size.hpp
[185.134s] -- Installing: /home/admin/bench/lab/STAGING_helios16p_kiss_legged_bench_cyclone_container_files/helios16p_ws/install/vicon_receiver/include/boost/preprocessor/if.hpp
[185.134s] -- Installing: /home/admin/bench/lab/STAGING_helios16p_kiss_legged_bench_cyclone_container_files/helios16p_ws/install/vicon_receiver/include/boost/preprocessor/control
[185.135s] -- Installing: /home/admin/bench/lab/STAGING_helios16p_kiss_legged_bench_cyclone_container_files/helios16p_ws/install/vicon_receiver/include/boost/preprocessor/control/expr_if.hpp
[185.135s] -- Installing: /home/admin/bench/lab/STAGING_helios16p_kiss_legged_bench_cyclone_container_files/helios16p_ws/install/vicon_receiver/include/boost/preprocessor/control/detail
[185.144s] -- Installing: /home/admin/bench/lab/STAGING_helios16p_kiss_legged_bench_cyclone_container_files/helios16p_ws/install/vicon_receiver/include/boost/preprocessor/control/detail/while.hpp
[185.145s] -- Installing: /home/admin/bench/lab/STAGING_helios16p_kiss_legged_bench_cyclone_container_files/helios16p_ws/install/vicon_receiver/include/boost/preprocessor/control/detail/edg
[185.145s] -- Installing: /home/admin/bench/lab/STAGING_helios16p_kiss_legged_bench_cyclone_container_files/helios16p_ws/install/vicon_receiver/include/boost/preprocessor/control/detail/edg/while.hpp
[185.145s] -- Installing: /home/admin/bench/lab/STAGING_helios16p_kiss_legged_bench_cyclone_container_files/helios16p_ws/install/vicon_receiver/include/boost/preprocessor/control/detail/edg/limits
[185.160s] -- Installing: /home/admin/bench/lab/STAGING_helios16p_kiss_legged_bench_cyclone_container_files/helios16p_ws/install/vicon_receiver/include/boost/preprocessor/control/detail/edg/limits/while_1024.hpp
[185.166s] -- Installing: /home/admin/bench/lab/STAGING_helios16p_kiss_legged_bench_cyclone_container_files/helios16p_ws/install/vicon_receiver/include/boost/preprocessor/control/detail/edg/limits/while_512.hpp
[185.167s] -- Installing: /home/admin/bench/lab/STAGING_helios16p_kiss_legged_bench_cyclone_container_files/helios16p_ws/install/vicon_receiver/include/boost/preprocessor/control/detail/edg/limits/while_256.hpp
[185.168s] -- Installing: /home/admin/bench/lab/STAGING_helios16p_kiss_legged_bench_cyclone_container_files/helios16p_ws/install/vicon_receiver/include/boost/preprocessor/control/detail/msvc
[185.172s] -- Installing: /home/admin/bench/lab/STAGING_helios16p_kiss_legged_bench_cyclone_container_files/helios16p_ws/install/vicon_receiver/include/boost/preprocessor/control/detail/msvc/while.hpp
[185.192s] -- Installing: /home/admin/bench/lab/STAGING_helios16p_kiss_legged_bench_cyclone_container_files/helios16p_ws/install/vicon_receiver/include/boost/preprocessor/control/detail/dmc
[185.193s] -- Installing: /home/admin/bench/lab/STAGING_helios16p_kiss_legged_bench_cyclone_container_files/helios16p_ws/install/vicon_receiver/include/boost/preprocessor/control/detail/dmc/while.hpp
[185.199s] -- Installing: /home/admin/bench/lab/STAGING_helios16p_kiss_legged_bench_cyclone_container_files/helios16p_ws/install/vicon_receiver/include/boost/preprocessor/control/detail/limits
[185.207s] -- Installing: /home/admin/bench/lab/STAGING_helios16p_kiss_legged_bench_cyclone_container_files/helios16p_ws/install/vicon_receiver/include/boost/preprocessor/control/detail/limits/while_1024.hpp
[185.214s] -- Installing: /home/admin/bench/lab/STAGING_helios16p_kiss_legged_bench_cyclone_container_files/helios16p_ws/install/vicon_receiver/include/boost/preprocessor/control/detail/limits/while_512.hpp
[185.222s] -- Installing: /home/admin/bench/lab/STAGING_helios16p_kiss_legged_bench_cyclone_container_files/helios16p_ws/install/vicon_receiver/include/boost/preprocessor/control/detail/limits/while_256.hpp
[185.232s] -- Installing: /home/admin/bench/lab/STAGING_helios16p_kiss_legged_bench_cyclone_container_files/helios16p_ws/install/vicon_receiver/include/boost/preprocessor/control/expr_iif.hpp
[185.234s] -- Installing: /home/admin/bench/lab/STAGING_helios16p_kiss_legged_bench_cyclone_container_files/helios16p_ws/install/vicon_receiver/include/boost/preprocessor/control/iif.hpp
[185.244s] -- Installing: /home/admin/bench/lab/STAGING_helios16p_kiss_legged_bench_cyclone_container_files/helios16p_ws/install/vicon_receiver/include/boost/preprocessor/control/deduce_d.hpp
[185.250s] -- Installing: /home/admin/bench/lab/STAGING_helios16p_kiss_legged_bench_cyclone_container_files/helios16p_ws/install/vicon_receiver/include/boost/preprocessor/control/if.hpp
[185.256s] -- Installing: /home/admin/bench/lab/STAGING_helios16p_kiss_legged_bench_cyclone_container_files/helios16p_ws/install/vicon_receiver/include/boost/preprocessor/control/while.hpp
[185.267s] -- Installing: /home/admin/bench/lab/STAGING_helios16p_kiss_legged_bench_cyclone_container_files/helios16p_ws/install/vicon_receiver/include/boost/preprocessor/control/limits
[185.274s] -- Installing: /home/admin/bench/lab/STAGING_helios16p_kiss_legged_bench_cyclone_container_files/helios16p_ws/install/vicon_receiver/include/boost/preprocessor/control/limits/while_1024.hpp
[185.280s] -- Installing: /home/admin/bench/lab/STAGING_helios16p_kiss_legged_bench_cyclone_container_files/helios16p_ws/install/vicon_receiver/include/boost/preprocessor/control/limits/while_512.hpp
[185.283s] -- Installing: /home/admin/bench/lab/STAGING_helios16p_kiss_legged_bench_cyclone_container_files/helios16p_ws/install/vicon_receiver/include/boost/preprocessor/control/limits/while_256.hpp
[185.298s] -- Installing: /home/admin/bench/lab/STAGING_helios16p_kiss_legged_bench_cyclone_container_files/helios16p_ws/install/vicon_receiver/include/boost/preprocessor/tuple
[185.301s] -- Installing: /home/admin/bench/lab/STAGING_helios16p_kiss_legged_bench_cyclone_container_files/helios16p_ws/install/vicon_receiver/include/boost/preprocessor/tuple/detail
[185.301s] -- Installing: /home/admin/bench/lab/STAGING_helios16p_kiss_legged_bench_cyclone_container_files/helios16p_ws/install/vicon_receiver/include/boost/preprocessor/tuple/detail/is_single_return.hpp
[185.302s] -- Installing: /home/admin/bench/lab/STAGING_helios16p_kiss_legged_bench_cyclone_container_files/helios16p_ws/install/vicon_receiver/include/boost/preprocessor/tuple/rem.hpp
[185.328s] -- Installing: /home/admin/bench/lab/STAGING_helios16p_kiss_legged_bench_cyclone_container_files/helios16p_ws/install/vicon_receiver/include/boost/preprocessor/tuple/elem.hpp
[185.329s] -- Installing: /home/admin/bench/lab/STAGING_helios16p_kiss_legged_bench_cyclone_container_files/helios16p_ws/install/vicon_receiver/include/boost/preprocessor/tuple/eat.hpp
[185.335s] -- Installing: /home/admin/bench/lab/STAGING_helios16p_kiss_legged_bench_cyclone_container_files/helios16p_ws/install/vicon_receiver/include/boost/preprocessor/tuple/limits
[185.336s] -- Installing: /home/admin/bench/lab/STAGING_helios16p_kiss_legged_bench_cyclone_container_files/helios16p_ws/install/vicon_receiver/include/boost/preprocessor/tuple/limits/to_list_256.hpp
[185.336s] -- Installing: /home/admin/bench/lab/STAGING_helios16p_kiss_legged_bench_cyclone_container_files/helios16p_ws/install/vicon_receiver/include/boost/preprocessor/tuple/limits/to_list_128.hpp
[185.336s] -- Installing: /home/admin/bench/lab/STAGING_helios16p_kiss_legged_bench_cyclone_container_files/helios16p_ws/install/vicon_receiver/include/boost/preprocessor/tuple/limits/to_list_64.hpp
[185.337s] -- Installing: /home/admin/bench/lab/STAGING_helios16p_kiss_legged_bench_cyclone_container_files/helios16p_ws/install/vicon_receiver/include/boost/preprocessor/tuple/size.hpp
[185.378s] -- Installing: /home/admin/bench/lab/STAGING_helios16p_kiss_legged_bench_cyclone_container_files/helios16p_ws/install/vicon_receiver/include/boost/preprocessor/tuple/to_list.hpp
[185.384s] -- Installing: /home/admin/bench/lab/STAGING_helios16p_kiss_legged_bench_cyclone_container_files/helios16p_ws/install/vicon_receiver/include/boost/preprocessor/enum.hpp
[185.386s] -- Installing: /home/admin/bench/lab/STAGING_helios16p_kiss_legged_bench_cyclone_container_files/helios16p_ws/install/vicon_receiver/include/boost/preprocessor/punctuation
[185.387s] -- Installing: /home/admin/bench/lab/STAGING_helios16p_kiss_legged_bench_cyclone_container_files/helios16p_ws/install/vicon_receiver/include/boost/preprocessor/punctuation/detail
[185.387s] -- Installing: /home/admin/bench/lab/STAGING_helios16p_kiss_legged_bench_cyclone_container_files/helios16p_ws/install/vicon_receiver/include/boost/preprocessor/punctuation/detail/is_begin_parens.hpp
[185.395s] -- Installing: /home/admin/bench/lab/STAGING_helios16p_kiss_legged_bench_cyclone_container_files/helios16p_ws/install/vicon_receiver/include/boost/preprocessor/punctuation/comma_if.hpp
[185.397s] -- Installing: /home/admin/bench/lab/STAGING_helios16p_kiss_legged_bench_cyclone_container_files/helios16p_ws/install/vicon_receiver/include/boost/preprocessor/punctuation/comma.hpp
[185.397s] -- Installing: /home/admin/bench/lab/STAGING_helios16p_kiss_legged_bench_cyclone_container_files/helios16p_ws/install/vicon_receiver/include/boost/preprocessor/punctuation/is_begin_parens.hpp
[185.398s] -- Installing: /home/admin/bench/lab/STAGING_helios16p_kiss_legged_bench_cyclone_container_files/helios16p_ws/install/vicon_receiver/include/boost/preprocessor/cat.hpp
[185.398s] -- Installing: /home/admin/bench/lab/STAGING_helios16p_kiss_legged_bench_cyclone_container_files/helios16p_ws/install/vicon_receiver/include/boost/preprocessor/slot
[185.398s] -- Installing: /home/admin/bench/lab/STAGING_helios16p_kiss_legged_bench_cyclone_container_files/helios16p_ws/install/vicon_receiver/include/boost/preprocessor/slot/detail
[185.398s] -- Installing: /home/admin/bench/lab/STAGING_helios16p_kiss_legged_bench_cyclone_container_files/helios16p_ws/install/vicon_receiver/include/boost/preprocessor/slot/detail/counter.hpp
[185.399s] -- Installing: /home/admin/bench/lab/STAGING_helios16p_kiss_legged_bench_cyclone_container_files/helios16p_ws/install/vicon_receiver/include/boost/preprocessor/slot/detail/def.hpp
[185.399s] -- Installing: /home/admin/bench/lab/STAGING_helios16p_kiss_legged_bench_cyclone_container_files/helios16p_ws/install/vicon_receiver/include/boost/preprocessor/slot/detail/slot1.hpp
[185.399s] -- Installing: /home/admin/bench/lab/STAGING_helios16p_kiss_legged_bench_cyclone_container_files/helios16p_ws/install/vicon_receiver/include/boost/preprocessor/slot/detail/slot3.hpp
[185.399s] -- Installing: /home/admin/bench/lab/STAGING_helios16p_kiss_legged_bench_cyclone_container_files/helios16p_ws/install/vicon_receiver/include/boost/preprocessor/slot/detail/slot5.hpp
[185.399s] -- Installing: /home/admin/bench/lab/STAGING_helios16p_kiss_legged_bench_cyclone_container_files/helios16p_ws/install/vicon_receiver/include/boost/preprocessor/slot/detail/shared.hpp
[185.408s] -- Installing: /home/admin/bench/lab/STAGING_helios16p_kiss_legged_bench_cyclone_container_files/helios16p_ws/install/vicon_receiver/include/boost/preprocessor/slot/detail/slot2.hpp
[185.409s] -- Installing: /home/admin/bench/lab/STAGING_helios16p_kiss_legged_bench_cyclone_container_files/helios16p_ws/install/vicon_receiver/include/boost/preprocessor/slot/detail/slot4.hpp
[185.409s] -- Installing: /home/admin/bench/lab/STAGING_helios16p_kiss_legged_bench_cyclone_container_files/helios16p_ws/install/vicon_receiver/include/boost/preprocessor/slot/slot.hpp
[185.409s] -- Installing: /home/admin/bench/lab/STAGING_helios16p_kiss_legged_bench_cyclone_container_files/helios16p_ws/install/vicon_receiver/include/boost/preprocessor/debug
[185.409s] -- Installing: /home/admin/bench/lab/STAGING_helios16p_kiss_legged_bench_cyclone_container_files/helios16p_ws/install/vicon_receiver/include/boost/preprocessor/debug/error.hpp
[185.410s] -- Installing: /home/admin/bench/lab/STAGING_helios16p_kiss_legged_bench_cyclone_container_files/helios16p_ws/install/vicon_receiver/include/boost/preprocessor/repeat.hpp
[185.410s] -- Installing: /home/admin/bench/lab/STAGING_helios16p_kiss_legged_bench_cyclone_container_files/helios16p_ws/install/vicon_receiver/include/boost/preprocessor/repeat_from_to.hpp
[185.410s] -- Installing: /home/admin/bench/lab/STAGING_helios16p_kiss_legged_bench_cyclone_container_files/helios16p_ws/install/vicon_receiver/include/boost/preprocessor/seq
[185.417s] -- Installing: /home/admin/bench/lab/STAGING_helios16p_kiss_legged_bench_cyclone_container_files/helios16p_ws/install/vicon_receiver/include/boost/preprocessor/seq/transform.hpp
[185.418s] -- Installing: /home/admin/bench/lab/STAGING_helios16p_kiss_legged_bench_cyclone_container_files/helios16p_ws/install/vicon_receiver/include/boost/preprocessor/seq/first_n.hpp
[185.418s] -- Installing: /home/admin/bench/lab/STAGING_helios16p_kiss_legged_bench_cyclone_container_files/helios16p_ws/install/vicon_receiver/include/boost/preprocessor/seq/detail
[185.418s] -- Installing: /home/admin/bench/lab/STAGING_helios16p_kiss_legged_bench_cyclone_container_files/helios16p_ws/install/vicon_receiver/include/boost/preprocessor/seq/detail/is_empty.hpp
[185.422s] -- Installing: /home/admin/bench/lab/STAGING_helios16p_kiss_legged_bench_cyclone_container_files/helios16p_ws/install/vicon_receiver/include/boost/preprocessor/seq/detail/split.hpp
[185.428s] -- Installing: /home/admin/bench/lab/STAGING_helios16p_kiss_legged_bench_cyclone_container_files/helios16p_ws/install/vicon_receiver/include/boost/preprocessor/seq/detail/limits
[185.429s] -- Installing: /home/admin/bench/lab/STAGING_helios16p_kiss_legged_bench_cyclone_container_files/helios16p_ws/install/vicon_receiver/include/boost/preprocessor/seq/detail/limits/split_512.hpp
[185.443s] -- Installing: /home/admin/bench/lab/STAGING_helios16p_kiss_legged_bench_cyclone_container_files/helios16p_ws/install/vicon_receiver/include/boost/preprocessor/seq/detail/limits/split_1024.hpp
[185.450s] -- Installing: /home/admin/bench/lab/STAGING_helios16p_kiss_legged_bench_cyclone_container_files/helios16p_ws/install/vicon_receiver/include/boost/preprocessor/seq/detail/limits/split_256.hpp
[185.457s] -- Installing: /home/admin/bench/lab/STAGING_helios16p_kiss_legged_bench_cyclone_container_files/helios16p_ws/install/vicon_receiver/include/boost/preprocessor/seq/fold_left.hpp
[185.470s] -- Installing: /home/admin/bench/lab/STAGING_helios16p_kiss_legged_bench_cyclone_container_files/helios16p_ws/install/vicon_receiver/include/boost/preprocessor/seq/seq.hpp
[185.483s] -- Installing: /home/admin/bench/lab/STAGING_helios16p_kiss_legged_bench_cyclone_container_files/helios16p_ws/install/vicon_receiver/include/boost/preprocessor/seq/rest_n.hpp
[185.488s] -- Installing: /home/admin/bench/lab/STAGING_helios16p_kiss_legged_bench_cyclone_container_files/helios16p_ws/install/vicon_receiver/include/boost/preprocessor/seq/elem.hpp
[185.842s] -- Installing: /home/admin/bench/lab/STAGING_helios16p_kiss_legged_bench_cyclone_container_files/helios16p_ws/install/vicon_receiver/include/boost/preprocessor/seq/subseq.hpp
[185.849s] -- Installing: /home/admin/bench/lab/STAGING_helios16p_kiss_legged_bench_cyclone_container_files/helios16p_ws/install/vicon_receiver/include/boost/preprocessor/seq/for_each_i.hpp
[185.853s] -- Installing: /home/admin/bench/lab/STAGING_helios16p_kiss_legged_bench_cyclone_container_files/helios16p_ws/install/vicon_receiver/include/boost/preprocessor/seq/enum.hpp
[185.866s] -- Installing: /home/admin/bench/lab/STAGING_helios16p_kiss_legged_bench_cyclone_container_files/helios16p_ws/install/vicon_receiver/include/boost/preprocessor/seq/cat.hpp
[185.872s] -- Installing: /home/admin/bench/lab/STAGING_helios16p_kiss_legged_bench_cyclone_container_files/helios16p_ws/install/vicon_receiver/include/boost/preprocessor/seq/limits
[185.891s] -- Installing: /home/admin/bench/lab/STAGING_helios16p_kiss_legged_bench_cyclone_container_files/helios16p_ws/install/vicon_receiver/include/boost/preprocessor/seq/limits/size_512.hpp
[185.906s] -- Installing: /home/admin/bench/lab/STAGING_helios16p_kiss_legged_bench_cyclone_container_files/helios16p_ws/install/vicon_receiver/include/boost/preprocessor/seq/limits/enum_256.hpp
[185.914s] -- Installing: /home/admin/bench/lab/STAGING_helios16p_kiss_legged_bench_cyclone_container_files/helios16p_ws/install/vicon_receiver/include/boost/preprocessor/seq/limits/enum_512.hpp
[185.920s] -- Installing: /home/admin/bench/lab/STAGING_helios16p_kiss_legged_bench_cyclone_container_files/helios16p_ws/install/vicon_receiver/include/boost/preprocessor/seq/limits/size_1024.hpp
[185.922s] -- Installing: /home/admin/bench/lab/STAGING_helios16p_kiss_legged_bench_cyclone_container_files/helios16p_ws/install/vicon_receiver/include/boost/preprocessor/seq/limits/size_256.hpp
[185.930s] -- Installing: /home/admin/bench/lab/STAGING_helios16p_kiss_legged_bench_cyclone_container_files/helios16p_ws/install/vicon_receiver/include/boost/preprocessor/seq/limits/elem_1024.hpp
[185.936s] -- Installing: /home/admin/bench/lab/STAGING_helios16p_kiss_legged_bench_cyclone_container_files/helios16p_ws/install/vicon_receiver/include/boost/preprocessor/seq/limits/elem_512.hpp
[185.939s] -- Installing: /home/admin/bench/lab/STAGING_helios16p_kiss_legged_bench_cyclone_container_files/helios16p_ws/install/vicon_receiver/include/boost/preprocessor/seq/limits/enum_1024.hpp
[185.949s] -- Installing: /home/admin/bench/lab/STAGING_helios16p_kiss_legged_bench_cyclone_container_files/helios16p_ws/install/vicon_receiver/include/boost/preprocessor/seq/limits/fold_left_512.hpp
[185.954s] -- Installing: /home/admin/bench/lab/STAGING_helios16p_kiss_legged_bench_cyclone_container_files/helios16p_ws/install/vicon_receiver/include/boost/preprocessor/seq/limits/fold_left_256.hpp
[185.970s] -- Installing: /home/admin/bench/lab/STAGING_helios16p_kiss_legged_bench_cyclone_container_files/helios16p_ws/install/vicon_receiver/include/boost/preprocessor/seq/limits/fold_left_1024.hpp
[185.980s] -- Installing: /home/admin/bench/lab/STAGING_helios16p_kiss_legged_bench_cyclone_container_files/helios16p_ws/install/vicon_receiver/include/boost/preprocessor/seq/limits/elem_256.hpp
[185.983s] -- Installing: /home/admin/bench/lab/STAGING_helios16p_kiss_legged_bench_cyclone_container_files/helios16p_ws/install/vicon_receiver/include/boost/preprocessor/seq/size.hpp
[185.992s] -- Installing: /home/admin/bench/lab/STAGING_helios16p_kiss_legged_bench_cyclone_container_files/helios16p_ws/install/vicon_receiver/include/boost/filesystem.hpp
[185.996s] -- Installing: /home/admin/bench/lab/STAGING_helios16p_kiss_legged_bench_cyclone_container_files/helios16p_ws/install/vicon_receiver/include/boost/date_time
[185.997s] -- Installing: /home/admin/bench/lab/STAGING_helios16p_kiss_legged_bench_cyclone_container_files/helios16p_ws/install/vicon_receiver/include/boost/date_time/date.hpp
[186.003s] -- Installing: /home/admin/bench/lab/STAGING_helios16p_kiss_legged_bench_cyclone_container_files/helios16p_ws/install/vicon_receiver/include/boost/date_time/special_defs.hpp
[186.009s] -- Installing: /home/admin/bench/lab/STAGING_helios16p_kiss_legged_bench_cyclone_container_files/helios16p_ws/install/vicon_receiver/include/boost/date_time/find_match.hpp
[186.014s] -- Installing: /home/admin/bench/lab/STAGING_helios16p_kiss_legged_bench_cyclone_container_files/helios16p_ws/install/vicon_receiver/include/boost/date_time/constrained_value.hpp
[186.020s] -- Installing: /home/admin/bench/lab/STAGING_helios16p_kiss_legged_bench_cyclone_container_files/helios16p_ws/install/vicon_receiver/include/boost/date_time/adjust_functors.hpp
[186.025s] -- Installing: /home/admin/bench/lab/STAGING_helios16p_kiss_legged_bench_cyclone_container_files/helios16p_ws/install/vicon_receiver/include/boost/date_time/time_defs.hpp
[186.030s] -- Installing: /home/admin/bench/lab/STAGING_helios16p_kiss_legged_bench_cyclone_container_files/helios16p_ws/install/vicon_receiver/include/boost/date_time/int_adapter.hpp
[186.036s] -- Installing: /home/admin/bench/lab/STAGING_helios16p_kiss_legged_bench_cyclone_container_files/helios16p_ws/install/vicon_receiver/include/boost/date_time/time_system_split.hpp
[186.039s] -- Installing: /home/admin/bench/lab/STAGING_helios16p_kiss_legged_bench_cyclone_container_files/helios16p_ws/install/vicon_receiver/include/boost/date_time/gregorian_calendar.ipp
[186.045s] -- Installing: /home/admin/bench/lab/STAGING_helios16p_kiss_legged_bench_cyclone_container_files/helios16p_ws/install/vicon_receiver/include/boost/date_time/date_names_put.hpp
[186.047s] -- Installing: /home/admin/bench/lab/STAGING_helios16p_kiss_legged_bench_cyclone_container_files/helios16p_ws/install/vicon_receiver/include/boost/date_time/special_values_formatter.hpp
[186.053s] -- Installing: /home/admin/bench/lab/STAGING_helios16p_kiss_legged_bench_cyclone_container_files/helios16p_ws/install/vicon_receiver/include/boost/date_time/string_parse_tree.hpp
[186.064s] -- Installing: /home/admin/bench/lab/STAGING_helios16p_kiss_legged_bench_cyclone_container_files/helios16p_ws/install/vicon_receiver/include/boost/date_time/date_generators.hpp
[186.065s] -- Installing: /home/admin/bench/lab/STAGING_helios16p_kiss_legged_bench_cyclone_container_files/helios16p_ws/install/vicon_receiver/include/boost/date_time/date_defs.hpp
[186.067s] -- Installing: /home/admin/bench/lab/STAGING_helios16p_kiss_legged_bench_cyclone_container_files/helios16p_ws/install/vicon_receiver/include/boost/date_time/wrapping_int.hpp
[186.077s] -- Installing: /home/admin/bench/lab/STAGING_helios16p_kiss_legged_bench_cyclone_container_files/helios16p_ws/install/vicon_receiver/include/boost/date_time/date_parsing.hpp
[186.085s] -- Installing: /home/admin/bench/lab/STAGING_helios16p_kiss_legged_bench_cyclone_container_files/helios16p_ws/install/vicon_receiver/include/boost/date_time/gregorian_calendar.hpp
[186.090s] -- Installing: /home/admin/bench/lab/STAGING_helios16p_kiss_legged_bench_cyclone_container_files/helios16p_ws/install/vicon_receiver/include/boost/date_time/time_parsing.hpp
[186.091s] -- Installing: /home/admin/bench/lab/STAGING_helios16p_kiss_legged_bench_cyclone_container_files/helios16p_ws/install/vicon_receiver/include/boost/date_time/strings_from_facet.hpp
[186.094s] -- Installing: /home/admin/bench/lab/STAGING_helios16p_kiss_legged_bench_cyclone_container_files/helios16p_ws/install/vicon_receiver/include/boost/date_time/locale_config.hpp
[186.099s] -- Installing: /home/admin/bench/lab/STAGING_helios16p_kiss_legged_bench_cyclone_container_files/helios16p_ws/install/vicon_receiver/include/boost/date_time/period.hpp
[186.103s] -- Installing: /home/admin/bench/lab/STAGING_helios16p_kiss_legged_bench_cyclone_container_files/helios16p_ws/install/vicon_receiver/include/boost/date_time/time_clock.hpp
[186.107s] -- Installing: /home/admin/bench/lab/STAGING_helios16p_kiss_legged_bench_cyclone_container_files/helios16p_ws/install/vicon_receiver/include/boost/date_time/date_generator_parser.hpp
[186.117s] -- Installing: /home/admin/bench/lab/STAGING_helios16p_kiss_legged_bench_cyclone_container_files/helios16p_ws/install/vicon_receiver/include/boost/date_time/date_clock_device.hpp
[186.118s] -- Installing: /home/admin/bench/lab/STAGING_helios16p_kiss_legged_bench_cyclone_container_files/helios16p_ws/install/vicon_receiver/include/boost/date_time/time_resolution_traits.hpp
[186.119s] -- Installing: /home/admin/bench/lab/STAGING_helios16p_kiss_legged_bench_cyclone_container_files/helios16p_ws/install/vicon_receiver/include/boost/date_time/posix_time
[186.120s] -- Installing: /home/admin/bench/lab/STAGING_helios16p_kiss_legged_bench_cyclone_container_files/helios16p_ws/install/vicon_receiver/include/boost/date_time/posix_time/posix_time_legacy_io.hpp
[186.125s] -- Installing: /home/admin/bench/lab/STAGING_helios16p_kiss_legged_bench_cyclone_container_files/helios16p_ws/install/vicon_receiver/include/boost/date_time/posix_time/time_period.hpp
[186.133s] -- Installing: /home/admin/bench/lab/STAGING_helios16p_kiss_legged_bench_cyclone_container_files/helios16p_ws/install/vicon_receiver/include/boost/date_time/posix_time/posix_time_io.hpp
[186.146s] -- Installing: /home/admin/bench/lab/STAGING_helios16p_kiss_legged_bench_cyclone_container_files/helios16p_ws/install/vicon_receiver/include/boost/date_time/posix_time/conversion.hpp
[186.147s] -- Installing: /home/admin/bench/lab/STAGING_helios16p_kiss_legged_bench_cyclone_container_files/helios16p_ws/install/vicon_receiver/include/boost/date_time/posix_time/time_parsers.hpp
[186.147s] -- Installing: /home/admin/bench/lab/STAGING_helios16p_kiss_legged_bench_cyclone_container_files/helios16p_ws/install/vicon_receiver/include/boost/date_time/posix_time/posix_time_types.hpp
[186.159s] -- Installing: /home/admin/bench/lab/STAGING_helios16p_kiss_legged_bench_cyclone_container_files/helios16p_ws/install/vicon_receiver/include/boost/date_time/posix_time/posix_time.hpp
[186.160s] -- Installing: /home/admin/bench/lab/STAGING_helios16p_kiss_legged_bench_cyclone_container_files/helios16p_ws/install/vicon_receiver/include/boost/date_time/posix_time/date_duration_operators.hpp
[186.162s] -- Installing: /home/admin/bench/lab/STAGING_helios16p_kiss_legged_bench_cyclone_container_files/helios16p_ws/install/vicon_receiver/include/boost/date_time/posix_time/ptime.hpp
[186.167s] -- Installing: /home/admin/bench/lab/STAGING_helios16p_kiss_legged_bench_cyclone_container_files/helios16p_ws/install/vicon_receiver/include/boost/date_time/posix_time/time_formatters_limited.hpp
[186.171s] -- Installing: /home/admin/bench/lab/STAGING_helios16p_kiss_legged_bench_cyclone_container_files/helios16p_ws/install/vicon_receiver/include/boost/date_time/posix_time/posix_time_config.hpp
[186.172s] -- Installing: /home/admin/bench/lab/STAGING_helios16p_kiss_legged_bench_cyclone_container_files/helios16p_ws/install/vicon_receiver/include/boost/date_time/posix_time/posix_time_duration.hpp
[186.179s] -- Installing: /home/admin/bench/lab/STAGING_helios16p_kiss_legged_bench_cyclone_container_files/helios16p_ws/install/vicon_receiver/include/boost/date_time/posix_time/posix_time_system.hpp
[186.182s] -- Installing: /home/admin/bench/lab/STAGING_helios16p_kiss_legged_bench_cyclone_container_files/helios16p_ws/install/vicon_receiver/include/boost/date_time/posix_time/time_formatters.hpp
[186.183s] -- Installing: /home/admin/bench/lab/STAGING_helios16p_kiss_legged_bench_cyclone_container_files/helios16p_ws/install/vicon_receiver/include/boost/date_time/gregorian
[186.205s] -- Installing: /home/admin/bench/lab/STAGING_helios16p_kiss_legged_bench_cyclone_container_files/helios16p_ws/install/vicon_receiver/include/boost/date_time/gregorian/greg_day.hpp
[186.206s] -- Installing: /home/admin/bench/lab/STAGING_helios16p_kiss_legged_bench_cyclone_container_files/helios16p_ws/install/vicon_receiver/include/boost/date_time/gregorian/gregorian_io.hpp
[186.212s] -- Installing: /home/admin/bench/lab/STAGING_helios16p_kiss_legged_bench_cyclone_container_files/helios16p_ws/install/vicon_receiver/include/boost/date_time/gregorian/greg_facet.hpp
[186.221s] -- Installing: /home/admin/bench/lab/STAGING_helios16p_kiss_legged_bench_cyclone_container_files/helios16p_ws/install/vicon_receiver/include/boost/date_time/gregorian/greg_calendar.hpp
[186.228s] -- Installing: /home/admin/bench/lab/STAGING_helios16p_kiss_legged_bench_cyclone_container_files/helios16p_ws/install/vicon_receiver/include/boost/date_time/gregorian/greg_year.hpp
[186.236s] -- Installing: /home/admin/bench/lab/STAGING_helios16p_kiss_legged_bench_cyclone_container_files/helios16p_ws/install/vicon_receiver/include/boost/date_time/gregorian/conversion.hpp
[186.242s] -- Installing: /home/admin/bench/lab/STAGING_helios16p_kiss_legged_bench_cyclone_container_files/helios16p_ws/install/vicon_receiver/include/boost/date_time/gregorian/greg_date.hpp
[186.253s] -- Installing: /home/admin/bench/lab/STAGING_helios16p_kiss_legged_bench_cyclone_container_files/helios16p_ws/install/vicon_receiver/include/boost/date_time/gregorian/greg_month.hpp
[186.258s] -- Installing: /home/admin/bench/lab/STAGING_helios16p_kiss_legged_bench_cyclone_container_files/helios16p_ws/install/vicon_receiver/include/boost/date_time/gregorian/formatters_limited.hpp
[186.269s] -- Installing: /home/admin/bench/lab/STAGING_helios16p_kiss_legged_bench_cyclone_container_files/helios16p_ws/install/vicon_receiver/include/boost/date_time/gregorian/gregorian.hpp
[186.278s] -- Installing: /home/admin/bench/lab/STAGING_helios16p_kiss_legged_bench_cyclone_container_files/helios16p_ws/install/vicon_receiver/include/boost/date_time/gregorian/greg_day_of_year.hpp
[186.288s] -- Installing: /home/admin/bench/lab/STAGING_helios16p_kiss_legged_bench_cyclone_container_files/helios16p_ws/install/vicon_receiver/include/boost/date_time/gregorian/greg_duration_types.hpp
[186.302s] -- Installing: /home/admin/bench/lab/STAGING_helios16p_kiss_legged_bench_cyclone_container_files/helios16p_ws/install/vicon_receiver/include/boost/date_time/gregorian/greg_ymd.hpp
[186.313s] -- Installing: /home/admin/bench/lab/STAGING_helios16p_kiss_legged_bench_cyclone_container_files/helios16p_ws/install/vicon_receiver/include/boost/date_time/gregorian/formatters.hpp
[186.325s] -- Installing: /home/admin/bench/lab/STAGING_helios16p_kiss_legged_bench_cyclone_container_files/helios16p_ws/install/vicon_receiver/include/boost/date_time/gregorian/greg_weekday.hpp
[186.337s] -- Installing: /home/admin/bench/lab/STAGING_helios16p_kiss_legged_bench_cyclone_container_files/helios16p_ws/install/vicon_receiver/include/boost/date_time/gregorian/greg_duration.hpp
[186.345s] -- Installing: /home/admin/bench/lab/STAGING_helios16p_kiss_legged_bench_cyclone_container_files/helios16p_ws/install/vicon_receiver/include/boost/date_time/gregorian/parsers.hpp
[186.349s] -- Installing: /home/admin/bench/lab/STAGING_helios16p_kiss_legged_bench_cyclone_container_files/helios16p_ws/install/vicon_receiver/include/boost/date_time/gregorian/gregorian_types.hpp
[186.371s] -- Installing: /home/admin/bench/lab/STAGING_helios16p_kiss_legged_bench_cyclone_container_files/helios16p_ws/install/vicon_receiver/include/boost/date_time/format_date_parser.hpp
[186.372s] -- Installing: /home/admin/bench/lab/STAGING_helios16p_kiss_legged_bench_cyclone_container_files/helios16p_ws/install/vicon_receiver/include/boost/date_time/date_format_simple.hpp
[186.375s] -- Installing: /home/admin/bench/lab/STAGING_helios16p_kiss_legged_bench_cyclone_container_files/helios16p_ws/install/vicon_receiver/include/boost/date_time/date_facet.hpp
[186.389s] -- Installing: /home/admin/bench/lab/STAGING_helios16p_kiss_legged_bench_cyclone_container_files/helios16p_ws/install/vicon_receiver/include/boost/date_time/date_generator_formatter.hpp
[186.394s] -- Installing: /home/admin/bench/lab/STAGING_helios16p_kiss_legged_bench_cyclone_container_files/helios16p_ws/install/vicon_receiver/include/boost/date_time/date_formatting_limited.hpp
[186.400s] -- Installing: /home/admin/bench/lab/STAGING_helios16p_kiss_legged_bench_cyclone_container_files/helios16p_ws/install/vicon_receiver/include/boost/date_time/date_formatting_locales.hpp
[186.400s] -- Installing: /home/admin/bench/lab/STAGING_helios16p_kiss_legged_bench_cyclone_container_files/helios16p_ws/install/vicon_receiver/include/boost/date_time/dst_rules.hpp
[186.406s] -- Installing: /home/admin/bench/lab/STAGING_helios16p_kiss_legged_bench_cyclone_container_files/helios16p_ws/install/vicon_receiver/include/boost/date_time/time_facet.hpp
[186.411s] -- Installing: /home/admin/bench/lab/STAGING_helios16p_kiss_legged_bench_cyclone_container_files/helios16p_ws/install/vicon_receiver/include/boost/date_time/iso_format.hpp
[186.421s] -- Installing: /home/admin/bench/lab/STAGING_helios16p_kiss_legged_bench_cyclone_container_files/helios16p_ws/install/vicon_receiver/include/boost/date_time/date_iterator.hpp
[186.435s] -- Installing: /home/admin/bench/lab/STAGING_helios16p_kiss_legged_bench_cyclone_container_files/helios16p_ws/install/vicon_receiver/include/boost/date_time/time_iterator.hpp
[186.439s] -- Installing: /home/admin/bench/lab/STAGING_helios16p_kiss_legged_bench_cyclone_container_files/helios16p_ws/install/vicon_receiver/include/boost/date_time/date_duration_types.hpp
[186.443s] -- Installing: /home/admin/bench/lab/STAGING_helios16p_kiss_legged_bench_cyclone_container_files/helios16p_ws/install/vicon_receiver/include/boost/date_time/special_values_parser.hpp
[186.453s] -- Installing: /home/admin/bench/lab/STAGING_helios16p_kiss_legged_bench_cyclone_container_files/helios16p_ws/install/vicon_receiver/include/boost/date_time/string_convert.hpp
[186.461s] -- Installing: /home/admin/bench/lab/STAGING_helios16p_kiss_legged_bench_cyclone_container_files/helios16p_ws/install/vicon_receiver/include/boost/date_time/filetime_functions.hpp
[186.467s] -- Installing: /home/admin/bench/lab/STAGING_helios16p_kiss_legged_bench_cyclone_container_files/helios16p_ws/install/vicon_receiver/include/boost/date_time/time_duration.hpp
[186.472s] -- Installing: /home/admin/bench/lab/STAGING_helios16p_kiss_legged_bench_cyclone_container_files/helios16p_ws/install/vicon_receiver/include/boost/date_time/period_parser.hpp
[186.475s] -- Installing: /home/admin/bench/lab/STAGING_helios16p_kiss_legged_bench_cyclone_container_files/helios16p_ws/install/vicon_receiver/include/boost/date_time/period_formatter.hpp
[186.480s] -- Installing: /home/admin/bench/lab/STAGING_helios16p_kiss_legged_bench_cyclone_container_files/helios16p_ws/install/vicon_receiver/include/boost/date_time/date_formatting.hpp
[186.483s] -- Installing: /home/admin/bench/lab/STAGING_helios16p_kiss_legged_bench_cyclone_container_files/helios16p_ws/install/vicon_receiver/include/boost/date_time/date_duration.hpp
[186.486s] -- Installing: /home/admin/bench/lab/STAGING_helios16p_kiss_legged_bench_cyclone_container_files/helios16p_ws/install/vicon_receiver/include/boost/date_time/c_time.hpp
[186.496s] -- Installing: /home/admin/bench/lab/STAGING_helios16p_kiss_legged_bench_cyclone_container_files/helios16p_ws/install/vicon_receiver/include/boost/date_time/time.hpp
[186.497s] -- Installing: /home/admin/bench/lab/STAGING_helios16p_kiss_legged_bench_cyclone_container_files/helios16p_ws/install/vicon_receiver/include/boost/date_time/time_system_counted.hpp
[186.502s] -- Installing: /home/admin/bench/lab/STAGING_helios16p_kiss_legged_bench_cyclone_container_files/helios16p_ws/install/vicon_receiver/include/boost/date_time/microsec_time_clock.hpp
[186.508s] -- Installing: /home/admin/bench/lab/STAGING_helios16p_kiss_legged_bench_cyclone_container_files/helios16p_ws/install/vicon_receiver/include/boost/date_time/year_month_day.hpp
[186.510s] -- Installing: /home/admin/bench/lab/STAGING_helios16p_kiss_legged_bench_cyclone_container_files/helios16p_ws/install/vicon_receiver/include/boost/date_time/compiler_config.hpp
[186.514s] -- Installing: /home/admin/bench/lab/STAGING_helios16p_kiss_legged_bench_cyclone_container_files/helios16p_ws/install/vicon_receiver/include/boost/date_time/time_formatting_streams.hpp
[186.519s] -- Installing: /home/admin/bench/lab/STAGING_helios16p_kiss_legged_bench_cyclone_container_files/helios16p_ws/install/vicon_receiver/include/boost/date_time/parse_format_base.hpp
[186.521s] -- Installing: /home/admin/bench/lab/STAGING_helios16p_kiss_legged_bench_cyclone_container_files/helios16p_ws/install/vicon_receiver/include/boost/none_t.hpp
[186.526s] -- Installing: /home/admin/bench/lab/STAGING_helios16p_kiss_legged_bench_cyclone_container_files/helios16p_ws/install/vicon_receiver/include/boost/regex_fwd.hpp
[186.531s] -- Installing: /home/admin/bench/lab/STAGING_helios16p_kiss_legged_bench_cyclone_container_files/helios16p_ws/install/vicon_receiver/include/boost/rational.hpp
[186.538s] -- Installing: /home/admin/bench/lab/STAGING_helios16p_kiss_legged_bench_cyclone_container_files/helios16p_ws/install/vicon_receiver/include/boost/tokenizer.hpp
[186.540s] -- Installing: /home/admin/bench/lab/STAGING_helios16p_kiss_legged_bench_cyclone_container_files/helios16p_ws/install/vicon_receiver/include/boost/mpl
[186.544s] -- Installing: /home/admin/bench/lab/STAGING_helios16p_kiss_legged_bench_cyclone_container_files/helios16p_ws/install/vicon_receiver/include/boost/mpl/empty.hpp
[186.547s] -- Installing: /home/admin/bench/lab/STAGING_helios16p_kiss_legged_bench_cyclone_container_files/helios16p_ws/install/vicon_receiver/include/boost/mpl/bool_fwd.hpp
[186.552s] -- Installing: /home/admin/bench/lab/STAGING_helios16p_kiss_legged_bench_cyclone_container_files/helios16p_ws/install/vicon_receiver/include/boost/mpl/greater.hpp
[186.558s] -- Installing: /home/admin/bench/lab/STAGING_helios16p_kiss_legged_bench_cyclone_container_files/helios16p_ws/install/vicon_receiver/include/boost/mpl/at.hpp
[186.563s] -- Installing: /home/admin/bench/lab/STAGING_helios16p_kiss_legged_bench_cyclone_container_files/helios16p_ws/install/vicon_receiver/include/boost/mpl/push_back.hpp
[186.564s] -- Installing: /home/admin/bench/lab/STAGING_helios16p_kiss_legged_bench_cyclone_container_files/helios16p_ws/install/vicon_receiver/include/boost/mpl/pair_view.hpp
[186.569s] -- Installing: /home/admin/bench/lab/STAGING_helios16p_kiss_legged_bench_cyclone_container_files/helios16p_ws/install/vicon_receiver/include/boost/mpl/transform.hpp
[186.578s] -- Installing: /home/admin/bench/lab/STAGING_helios16p_kiss_legged_bench_cyclone_container_files/helios16p_ws/install/vicon_receiver/include/boost/mpl/has_key.hpp
[186.587s] -- Installing: /home/admin/bench/lab/STAGING_helios16p_kiss_legged_bench_cyclone_container_files/helios16p_ws/install/vicon_receiver/include/boost/mpl/sequence_tag.hpp
[186.609s] -- Installing: /home/admin/bench/lab/STAGING_helios16p_kiss_legged_bench_cyclone_container_files/helios16p_ws/install/vicon_receiver/include/boost/mpl/back_fwd.hpp
[186.612s] -- Installing: /home/admin/bench/lab/STAGING_helios16p_kiss_legged_bench_cyclone_container_files/helios16p_ws/install/vicon_receiver/include/boost/mpl/insert_range.hpp
[186.630s] -- Installing: /home/admin/bench/lab/STAGING_helios16p_kiss_legged_bench_cyclone_container_files/helios16p_ws/install/vicon_receiver/include/boost/mpl/tag.hpp
[186.635s] -- Installing: /home/admin/bench/lab/STAGING_helios16p_kiss_legged_bench_cyclone_container_files/helios16p_ws/install/vicon_receiver/include/boost/mpl/advance.hpp
[186.639s] -- Installing: /home/admin/bench/lab/STAGING_helios16p_kiss_legged_bench_cyclone_container_files/helios16p_ws/install/vicon_receiver/include/boost/mpl/distance.hpp
[186.645s] -- Installing: /home/admin/bench/lab/STAGING_helios16p_kiss_legged_bench_cyclone_container_files/helios16p_ws/install/vicon_receiver/include/boost/mpl/advance_fwd.hpp
[186.654s] -- Installing: /home/admin/bench/lab/STAGING_helios16p_kiss_legged_bench_cyclone_container_files/helios16p_ws/install/vicon_receiver/include/boost/mpl/greater_equal.hpp
[186.668s] -- Installing: /home/admin/bench/lab/STAGING_helios16p_kiss_legged_bench_cyclone_container_files/helios16p_ws/install/vicon_receiver/include/boost/mpl/erase.hpp
[186.674s] -- Installing: /home/admin/bench/lab/STAGING_helios16p_kiss_legged_bench_cyclone_container_files/helios16p_ws/install/vicon_receiver/include/boost/mpl/clear_fwd.hpp
[186.680s] -- Installing: /home/admin/bench/lab/STAGING_helios16p_kiss_legged_bench_cyclone_container_files/helios16p_ws/install/vicon_receiver/include/boost/mpl/deref.hpp
[186.686s] -- Installing: /home/admin/bench/lab/STAGING_helios16p_kiss_legged_bench_cyclone_container_files/helios16p_ws/install/vicon_receiver/include/boost/mpl/is_placeholder.hpp
[187.093s] -- Installing: /home/admin/bench/lab/STAGING_helios16p_kiss_legged_bench_cyclone_container_files/helios16p_ws/install/vicon_receiver/include/boost/mpl/inherit.hpp
[187.100s] -- Installing: /home/admin/bench/lab/STAGING_helios16p_kiss_legged_bench_cyclone_container_files/helios16p_ws/install/vicon_receiver/include/boost/mpl/multiplies.hpp
[187.114s] -- Installing: /home/admin/bench/lab/STAGING_helios16p_kiss_legged_bench_cyclone_container_files/helios16p_ws/install/vicon_receiver/include/boost/mpl/apply_fwd.hpp
[187.127s] -- Installing: /home/admin/bench/lab/STAGING_helios16p_kiss_legged_bench_cyclone_container_files/helios16p_ws/install/vicon_receiver/include/boost/mpl/same_as.hpp
[187.130s] -- Installing: /home/admin/bench/lab/STAGING_helios16p_kiss_legged_bench_cyclone_container_files/helios16p_ws/install/vicon_receiver/include/boost/mpl/at_fwd.hpp
[187.171s] -- Installing: /home/admin/bench/lab/STAGING_helios16p_kiss_legged_bench_cyclone_container_files/helios16p_ws/install/vicon_receiver/include/boost/mpl/next.hpp
[187.172s] -- Installing: /home/admin/bench/lab/STAGING_helios16p_kiss_legged_bench_cyclone_container_files/helios16p_ws/install/vicon_receiver/include/boost/mpl/list
[187.172s] -- Installing: /home/admin/bench/lab/STAGING_helios16p_kiss_legged_bench_cyclone_container_files/helios16p_ws/install/vicon_receiver/include/boost/mpl/list/list30_c.hpp
[187.175s] -- Installing: /home/admin/bench/lab/STAGING_helios16p_kiss_legged_bench_cyclone_container_files/helios16p_ws/install/vicon_receiver/include/boost/mpl/list/list40_c.hpp
[187.176s] -- Installing: /home/admin/bench/lab/STAGING_helios16p_kiss_legged_bench_cyclone_container_files/helios16p_ws/install/vicon_receiver/include/boost/mpl/list/list30.hpp
[187.182s] -- Installing: /home/admin/bench/lab/STAGING_helios16p_kiss_legged_bench_cyclone_container_files/helios16p_ws/install/vicon_receiver/include/boost/mpl/list/list40.hpp
[187.183s] -- Installing: /home/admin/bench/lab/STAGING_helios16p_kiss_legged_bench_cyclone_container_files/helios16p_ws/install/vicon_receiver/include/boost/mpl/list/list10.hpp
[187.205s] -- Installing: /home/admin/bench/lab/STAGING_helios16p_kiss_legged_bench_cyclone_container_files/helios16p_ws/install/vicon_receiver/include/boost/mpl/list/list20.hpp
[187.206s] -- Installing: /home/admin/bench/lab/STAGING_helios16p_kiss_legged_bench_cyclone_container_files/helios16p_ws/install/vicon_receiver/include/boost/mpl/list/aux_
[187.212s] -- Installing: /home/admin/bench/lab/STAGING_helios16p_kiss_legged_bench_cyclone_container_files/helios16p_ws/install/vicon_receiver/include/boost/mpl/list/aux_/empty.hpp
[187.224s] -- Installing: /home/admin/bench/lab/STAGING_helios16p_kiss_legged_bench_cyclone_container_files/helios16p_ws/install/vicon_receiver/include/boost/mpl/list/aux_/push_back.hpp
[187.227s] -- Installing: /home/admin/bench/lab/STAGING_helios16p_kiss_legged_bench_cyclone_container_files/helios16p_ws/install/vicon_receiver/include/boost/mpl/list/aux_/item.hpp
[187.231s] -- Installing: /home/admin/bench/lab/STAGING_helios16p_kiss_legged_bench_cyclone_container_files/helios16p_ws/install/vicon_receiver/include/boost/mpl/list/aux_/tag.hpp
[187.231s] -- Installing: /home/admin/bench/lab/STAGING_helios16p_kiss_legged_bench_cyclone_container_files/helios16p_ws/install/vicon_receiver/include/boost/mpl/list/aux_/numbered.hpp
[187.237s] -- Installing: /home/admin/bench/lab/STAGING_helios16p_kiss_legged_bench_cyclone_container_files/helios16p_ws/install/vicon_receiver/include/boost/mpl/list/aux_/pop_front.hpp
[187.244s] -- Installing: /home/admin/bench/lab/STAGING_helios16p_kiss_legged_bench_cyclone_container_files/helios16p_ws/install/vicon_receiver/include/boost/mpl/list/aux_/push_front.hpp
[187.248s] -- Installing: /home/admin/bench/lab/STAGING_helios16p_kiss_legged_bench_cyclone_container_files/helios16p_ws/install/vicon_receiver/include/boost/mpl/list/aux_/O1_size.hpp
[187.262s] -- Installing: /home/admin/bench/lab/STAGING_helios16p_kiss_legged_bench_cyclone_container_files/helios16p_ws/install/vicon_receiver/include/boost/mpl/list/aux_/front.hpp
[187.263s] -- Installing: /home/admin/bench/lab/STAGING_helios16p_kiss_legged_bench_cyclone_container_files/helios16p_ws/install/vicon_receiver/include/boost/mpl/list/aux_/numbered_c.hpp
[187.263s] -- Installing: /home/admin/bench/lab/STAGING_helios16p_kiss_legged_bench_cyclone_container_files/helios16p_ws/install/vicon_receiver/include/boost/mpl/list/aux_/clear.hpp
[187.266s] -- Installing: /home/admin/bench/lab/STAGING_helios16p_kiss_legged_bench_cyclone_container_files/helios16p_ws/install/vicon_receiver/include/boost/mpl/list/aux_/preprocessed
[187.275s] -- Installing: /home/admin/bench/lab/STAGING_helios16p_kiss_legged_bench_cyclone_container_files/helios16p_ws/install/vicon_receiver/include/boost/mpl/list/aux_/preprocessed/plain
[187.276s] -- Installing: /home/admin/bench/lab/STAGING_helios16p_kiss_legged_bench_cyclone_container_files/helios16p_ws/install/vicon_receiver/include/boost/mpl/list/aux_/preprocessed/plain/list30_c.hpp
[187.276s] -- Installing: /home/admin/bench/lab/STAGING_helios16p_kiss_legged_bench_cyclone_container_files/helios16p_ws/install/vicon_receiver/include/boost/mpl/list/aux_/preprocessed/plain/list40_c.hpp
[187.276s] -- Installing: /home/admin/bench/lab/STAGING_helios16p_kiss_legged_bench_cyclone_container_files/helios16p_ws/install/vicon_receiver/include/boost/mpl/list/aux_/preprocessed/plain/list30.hpp
[187.285s] -- Installing: /home/admin/bench/lab/STAGING_helios16p_kiss_legged_bench_cyclone_container_files/helios16p_ws/install/vicon_receiver/include/boost/mpl/list/aux_/preprocessed/plain/list40.hpp
[187.288s] -- Installing: /home/admin/bench/lab/STAGING_helios16p_kiss_legged_bench_cyclone_container_files/helios16p_ws/install/vicon_receiver/include/boost/mpl/list/aux_/preprocessed/plain/list10.hpp
[187.289s] -- Installing: /home/admin/bench/lab/STAGING_helios16p_kiss_legged_bench_cyclone_container_files/helios16p_ws/install/vicon_receiver/include/boost/mpl/list/aux_/preprocessed/plain/list20.hpp
[187.298s] -- Installing: /home/admin/bench/lab/STAGING_helios16p_kiss_legged_bench_cyclone_container_files/helios16p_ws/install/vicon_receiver/include/boost/mpl/list/aux_/preprocessed/plain/list20_c.hpp
[187.304s] -- Installing: /home/admin/bench/lab/STAGING_helios16p_kiss_legged_bench_cyclone_container_files/helios16p_ws/install/vicon_receiver/include/boost/mpl/list/aux_/preprocessed/plain/list50.hpp
[187.305s] -- Installing: /home/admin/bench/lab/STAGING_helios16p_kiss_legged_bench_cyclone_container_files/helios16p_ws/install/vicon_receiver/include/boost/mpl/list/aux_/preprocessed/plain/list10_c.hpp
[187.306s] -- Installing: /home/admin/bench/lab/STAGING_helios16p_kiss_legged_bench_cyclone_container_files/helios16p_ws/install/vicon_receiver/include/boost/mpl/list/aux_/preprocessed/plain/list50_c.hpp
[187.313s] -- Installing: /home/admin/bench/lab/STAGING_helios16p_kiss_legged_bench_cyclone_container_files/helios16p_ws/install/vicon_receiver/include/boost/mpl/list/aux_/include_preprocessed.hpp
[187.321s] -- Installing: /home/admin/bench/lab/STAGING_helios16p_kiss_legged_bench_cyclone_container_files/helios16p_ws/install/vicon_receiver/include/boost/mpl/list/aux_/begin_end.hpp
[187.338s] -- Installing: /home/admin/bench/lab/STAGING_helios16p_kiss_legged_bench_cyclone_container_files/helios16p_ws/install/vicon_receiver/include/boost/mpl/list/aux_/size.hpp
[187.339s] -- Installing: /home/admin/bench/lab/STAGING_helios16p_kiss_legged_bench_cyclone_container_files/helios16p_ws/install/vicon_receiver/include/boost/mpl/list/aux_/iterator.hpp
[187.341s] -- Installing: /home/admin/bench/lab/STAGING_helios16p_kiss_legged_bench_cyclone_container_files/helios16p_ws/install/vicon_receiver/include/boost/mpl/list/list20_c.hpp
[187.345s] -- Installing: /home/admin/bench/lab/STAGING_helios16p_kiss_legged_bench_cyclone_container_files/helios16p_ws/install/vicon_receiver/include/boost/mpl/list/list50.hpp
[187.345s] -- Installing: /home/admin/bench/lab/STAGING_helios16p_kiss_legged_bench_cyclone_container_files/helios16p_ws/install/vicon_receiver/include/boost/mpl/list/list10_c.hpp
[187.360s] -- Installing: /home/admin/bench/lab/STAGING_helios16p_kiss_legged_bench_cyclone_container_files/helios16p_ws/install/vicon_receiver/include/boost/mpl/list/list0_c.hpp
[187.370s] -- Installing: /home/admin/bench/lab/STAGING_helios16p_kiss_legged_bench_cyclone_container_files/helios16p_ws/install/vicon_receiver/include/boost/mpl/list/list0.hpp
[187.377s] -- Installing: /home/admin/bench/lab/STAGING_helios16p_kiss_legged_bench_cyclone_container_files/helios16p_ws/install/vicon_receiver/include/boost/mpl/list/list50_c.hpp
[187.379s] -- Installing: /home/admin/bench/lab/STAGING_helios16p_kiss_legged_bench_cyclone_container_files/helios16p_ws/install/vicon_receiver/include/boost/mpl/insert_range_fwd.hpp
[187.384s] -- Installing: /home/admin/bench/lab/STAGING_helios16p_kiss_legged_bench_cyclone_container_files/helios16p_ws/install/vicon_receiver/include/boost/mpl/pop_back_fwd.hpp
[187.391s] -- Installing: /home/admin/bench/lab/STAGING_helios16p_kiss_legged_bench_cyclone_container_files/helios16p_ws/install/vicon_receiver/include/boost/mpl/and.hpp
[187.394s] -- Installing: /home/admin/bench/lab/STAGING_helios16p_kiss_legged_bench_cyclone_container_files/helios16p_ws/install/vicon_receiver/include/boost/mpl/find.hpp
[187.400s] -- Installing: /home/admin/bench/lab/STAGING_helios16p_kiss_legged_bench_cyclone_container_files/helios16p_ws/install/vicon_receiver/include/boost/mpl/bind.hpp
[187.402s] -- Installing: /home/admin/bench/lab/STAGING_helios16p_kiss_legged_bench_cyclone_container_files/helios16p_ws/install/vicon_receiver/include/boost/mpl/begin.hpp
[187.406s] -- Installing: /home/admin/bench/lab/STAGING_helios16p_kiss_legged_bench_cyclone_container_files/helios16p_ws/install/vicon_receiver/include/boost/mpl/empty_fwd.hpp
[187.413s] -- Installing: /home/admin/bench/lab/STAGING_helios16p_kiss_legged_bench_cyclone_container_files/helios16p_ws/install/vicon_receiver/include/boost/mpl/integral_c_tag.hpp
[187.423s] -- Installing: /home/admin/bench/lab/STAGING_helios16p_kiss_legged_bench_cyclone_container_files/helios16p_ws/install/vicon_receiver/include/boost/mpl/find_if.hpp
[187.430s] -- Installing: /home/admin/bench/lab/STAGING_helios16p_kiss_legged_bench_cyclone_container_files/helios16p_ws/install/vicon_receiver/include/boost/mpl/erase_key_fwd.hpp
[187.435s] -- Installing: /home/admin/bench/lab/STAGING_helios16p_kiss_legged_bench_cyclone_container_files/helios16p_ws/install/vicon_receiver/include/boost/mpl/quote.hpp
[187.444s] -- Installing: /home/admin/bench/lab/STAGING_helios16p_kiss_legged_bench_cyclone_container_files/helios16p_ws/install/vicon_receiver/include/boost/mpl/pop_front.hpp
[187.450s] -- Installing: /home/admin/bench/lab/STAGING_helios16p_kiss_legged_bench_cyclone_container_files/helios16p_ws/install/vicon_receiver/include/boost/mpl/iterator_category.hpp
[187.456s] -- Installing: /home/admin/bench/lab/STAGING_helios16p_kiss_legged_bench_cyclone_container_files/helios16p_ws/install/vicon_receiver/include/boost/mpl/iter_fold_if.hpp
[187.690s] -- Installing: /home/admin/bench/lab/STAGING_helios16p_kiss_legged_bench_cyclone_container_files/helios16p_ws/install/vicon_receiver/include/boost/mpl/reverse_fold.hpp
[187.703s] -- Installing: /home/admin/bench/lab/STAGING_helios16p_kiss_legged_bench_cyclone_container_files/helios16p_ws/install/vicon_receiver/include/boost/mpl/push_front.hpp
[187.703s] -- Installing: /home/admin/bench/lab/STAGING_helios16p_kiss_legged_bench_cyclone_container_files/helios16p_ws/install/vicon_receiver/include/boost/mpl/arg_fwd.hpp
[187.708s] -- Installing: /home/admin/bench/lab/STAGING_helios16p_kiss_legged_bench_cyclone_container_files/helios16p_ws/install/vicon_receiver/include/boost/mpl/O1_size.hpp
[187.712s] -- Installing: /home/admin/bench/lab/STAGING_helios16p_kiss_legged_bench_cyclone_container_files/helios16p_ws/install/vicon_receiver/include/boost/mpl/lambda_fwd.hpp
[187.724s] -- Installing: /home/admin/bench/lab/STAGING_helios16p_kiss_legged_bench_cyclone_container_files/helios16p_ws/install/vicon_receiver/include/boost/mpl/contains.hpp
[187.733s] -- Installing: /home/admin/bench/lab/STAGING_helios16p_kiss_legged_bench_cyclone_container_files/helios16p_ws/install/vicon_receiver/include/boost/mpl/min_max.hpp
[187.744s] -- Installing: /home/admin/bench/lab/STAGING_helios16p_kiss_legged_bench_cyclone_container_files/helios16p_ws/install/vicon_receiver/include/boost/mpl/back.hpp
[187.751s] -- Installing: /home/admin/bench/lab/STAGING_helios16p_kiss_legged_bench_cyclone_container_files/helios16p_ws/install/vicon_receiver/include/boost/mpl/vector.hpp
[187.759s] -- Installing: /home/admin/bench/lab/STAGING_helios16p_kiss_legged_bench_cyclone_container_files/helios16p_ws/install/vicon_receiver/include/boost/mpl/front.hpp
[187.768s] -- Installing: /home/admin/bench/lab/STAGING_helios16p_kiss_legged_bench_cyclone_container_files/helios16p_ws/install/vicon_receiver/include/boost/mpl/erase_fwd.hpp
[187.785s] -- Installing: /home/admin/bench/lab/STAGING_helios16p_kiss_legged_bench_cyclone_container_files/helios16p_ws/install/vicon_receiver/include/boost/mpl/assert.hpp
[187.795s] -- Installing: /home/admin/bench/lab/STAGING_helios16p_kiss_legged_bench_cyclone_container_files/helios16p_ws/install/vicon_receiver/include/boost/mpl/integral_c.hpp
[187.807s] -- Installing: /home/admin/bench/lab/STAGING_helios16p_kiss_legged_bench_cyclone_container_files/helios16p_ws/install/vicon_receiver/include/boost/mpl/empty_base.hpp
[187.815s] -- Installing: /home/admin/bench/lab/STAGING_helios16p_kiss_legged_bench_cyclone_container_files/helios16p_ws/install/vicon_receiver/include/boost/mpl/pair.hpp
[187.828s] -- Installing: /home/admin/bench/lab/STAGING_helios16p_kiss_legged_bench_cyclone_container_files/helios16p_ws/install/vicon_receiver/include/boost/mpl/back_inserter.hpp
[187.841s] -- Installing: /home/admin/bench/lab/STAGING_helios16p_kiss_legged_bench_cyclone_container_files/helios16p_ws/install/vicon_receiver/include/boost/mpl/aux_
[187.855s] -- Installing: /home/admin/bench/lab/STAGING_helios16p_kiss_legged_bench_cyclone_container_files/helios16p_ws/install/vicon_receiver/include/boost/mpl/aux_/msvc_dtw.hpp
[187.866s] -- Installing: /home/admin/bench/lab/STAGING_helios16p_kiss_legged_bench_cyclone_container_files/helios16p_ws/install/vicon_receiver/include/boost/mpl/aux_/has_begin.hpp
[187.876s] -- Installing: /home/admin/bench/lab/STAGING_helios16p_kiss_legged_bench_cyclone_container_files/helios16p_ws/install/vicon_receiver/include/boost/mpl/aux_/na_fwd.hpp
[187.881s] -- Installing: /home/admin/bench/lab/STAGING_helios16p_kiss_legged_bench_cyclone_container_files/helios16p_ws/install/vicon_receiver/include/boost/mpl/aux_/iter_push_front.hpp
[187.882s] -- Installing: /home/admin/bench/lab/STAGING_helios16p_kiss_legged_bench_cyclone_container_files/helios16p_ws/install/vicon_receiver/include/boost/mpl/aux_/type_wrapper.hpp
[187.884s] -- Installing: /home/admin/bench/lab/STAGING_helios16p_kiss_legged_bench_cyclone_container_files/helios16p_ws/install/vicon_receiver/include/boost/mpl/aux_/config
[187.889s] -- Installing: /home/admin/bench/lab/STAGING_helios16p_kiss_legged_bench_cyclone_container_files/helios16p_ws/install/vicon_receiver/include/boost/mpl/aux_/config/gcc.hpp
[187.890s] -- Installing: /home/admin/bench/lab/STAGING_helios16p_kiss_legged_bench_cyclone_container_files/helios16p_ws/install/vicon_receiver/include/boost/mpl/aux_/config/forwarding.hpp
[187.892s] -- Installing: /home/admin/bench/lab/STAGING_helios16p_kiss_legged_bench_cyclone_container_files/helios16p_ws/install/vicon_receiver/include/boost/mpl/aux_/config/use_preprocessed.hpp
[187.897s] -- Installing: /home/admin/bench/lab/STAGING_helios16p_kiss_legged_bench_cyclone_container_files/helios16p_ws/install/vicon_receiver/include/boost/mpl/aux_/config/dtp.hpp
[187.897s] -- Installing: /home/admin/bench/lab/STAGING_helios16p_kiss_legged_bench_cyclone_container_files/helios16p_ws/install/vicon_receiver/include/boost/mpl/aux_/config/ttp.hpp
[187.901s] -- Installing: /home/admin/bench/lab/STAGING_helios16p_kiss_legged_bench_cyclone_container_files/helios16p_ws/install/vicon_receiver/include/boost/mpl/aux_/config/nttp.hpp
[187.902s] -- Installing: /home/admin/bench/lab/STAGING_helios16p_kiss_legged_bench_cyclone_container_files/helios16p_ws/install/vicon_receiver/include/boost/mpl/aux_/config/dmc_ambiguous_ctps.hpp
[187.912s] -- Installing: /home/admin/bench/lab/STAGING_helios16p_kiss_legged_bench_cyclone_container_files/helios16p_ws/install/vicon_receiver/include/boost/mpl/aux_/config/has_apply.hpp
[187.917s] -- Installing: /home/admin/bench/lab/STAGING_helios16p_kiss_legged_bench_cyclone_container_files/helios16p_ws/install/vicon_receiver/include/boost/mpl/aux_/config/bind.hpp
[187.919s] -- Installing: /home/admin/bench/lab/STAGING_helios16p_kiss_legged_bench_cyclone_container_files/helios16p_ws/install/vicon_receiver/include/boost/mpl/aux_/config/eti.hpp
[187.932s] -- Installing: /home/admin/bench/lab/STAGING_helios16p_kiss_legged_bench_cyclone_container_files/helios16p_ws/install/vicon_receiver/include/boost/mpl/aux_/config/gpu.hpp
[187.935s] -- Installing: /home/admin/bench/lab/STAGING_helios16p_kiss_legged_bench_cyclone_container_files/helios16p_ws/install/vicon_receiver/include/boost/mpl/aux_/config/bcc.hpp
[187.937s] -- Installing: /home/admin/bench/lab/STAGING_helios16p_kiss_legged_bench_cyclone_container_files/helios16p_ws/install/vicon_receiver/include/boost/mpl/aux_/config/intel.hpp
[187.942s] -- Installing: /home/admin/bench/lab/STAGING_helios16p_kiss_legged_bench_cyclone_container_files/helios16p_ws/install/vicon_receiver/include/boost/mpl/aux_/config/static_constant.hpp
[187.946s] -- Installing: /home/admin/bench/lab/STAGING_helios16p_kiss_legged_bench_cyclone_container_files/helios16p_ws/install/vicon_receiver/include/boost/mpl/aux_/config/ctps.hpp
[187.949s] -- Installing: /home/admin/bench/lab/STAGING_helios16p_kiss_legged_bench_cyclone_container_files/helios16p_ws/install/vicon_receiver/include/boost/mpl/aux_/config/has_xxx.hpp
[187.956s] -- Installing: /home/admin/bench/lab/STAGING_helios16p_kiss_legged_bench_cyclone_container_files/helios16p_ws/install/vicon_receiver/include/boost/mpl/aux_/config/integral.hpp
[187.957s] -- Installing: /home/admin/bench/lab/STAGING_helios16p_kiss_legged_bench_cyclone_container_files/helios16p_ws/install/vicon_receiver/include/boost/mpl/aux_/config/msvc.hpp
[187.961s] -- Installing: /home/admin/bench/lab/STAGING_helios16p_kiss_legged_bench_cyclone_container_files/helios16p_ws/install/vicon_receiver/include/boost/mpl/aux_/config/dependent_nttp.hpp
[187.965s] -- Installing: /home/admin/bench/lab/STAGING_helios16p_kiss_legged_bench_cyclone_container_files/helios16p_ws/install/vicon_receiver/include/boost/mpl/aux_/config/compiler.hpp
[187.965s] -- Installing: /home/admin/bench/lab/STAGING_helios16p_kiss_legged_bench_cyclone_container_files/helios16p_ws/install/vicon_receiver/include/boost/mpl/aux_/config/overload_resolution.hpp
[187.967s] -- Installing: /home/admin/bench/lab/STAGING_helios16p_kiss_legged_bench_cyclone_container_files/helios16p_ws/install/vicon_receiver/include/boost/mpl/aux_/config/adl.hpp
[187.971s] -- Installing: /home/admin/bench/lab/STAGING_helios16p_kiss_legged_bench_cyclone_container_files/helios16p_ws/install/vicon_receiver/include/boost/mpl/aux_/config/arrays.hpp
[187.973s] -- Installing: /home/admin/bench/lab/STAGING_helios16p_kiss_legged_bench_cyclone_container_files/helios16p_ws/install/vicon_receiver/include/boost/mpl/aux_/config/pp_counter.hpp
[187.975s] -- Installing: /home/admin/bench/lab/STAGING_helios16p_kiss_legged_bench_cyclone_container_files/helios16p_ws/install/vicon_receiver/include/boost/mpl/aux_/config/typeof.hpp
[187.981s] -- Installing: /home/admin/bench/lab/STAGING_helios16p_kiss_legged_bench_cyclone_container_files/helios16p_ws/install/vicon_receiver/include/boost/mpl/aux_/config/msvc_typename.hpp
[187.982s] -- Installing: /home/admin/bench/lab/STAGING_helios16p_kiss_legged_bench_cyclone_container_files/helios16p_ws/install/vicon_receiver/include/boost/mpl/aux_/config/preprocessor.hpp
[187.984s] -- Installing: /home/admin/bench/lab/STAGING_helios16p_kiss_legged_bench_cyclone_container_files/helios16p_ws/install/vicon_receiver/include/boost/mpl/aux_/config/workaround.hpp
[187.988s] -- Installing: /home/admin/bench/lab/STAGING_helios16p_kiss_legged_bench_cyclone_container_files/helios16p_ws/install/vicon_receiver/include/boost/mpl/aux_/config/lambda.hpp
[187.989s] -- Installing: /home/admin/bench/lab/STAGING_helios16p_kiss_legged_bench_cyclone_container_files/helios16p_ws/install/vicon_receiver/include/boost/mpl/aux_/numeric_cast_utils.hpp
[187.994s] -- Installing: /home/admin/bench/lab/STAGING_helios16p_kiss_legged_bench_cyclone_container_files/helios16p_ws/install/vicon_receiver/include/boost/mpl/aux_/logical_op.hpp
[187.995s] -- Installing: /home/admin/bench/lab/STAGING_helios16p_kiss_legged_bench_cyclone_container_files/helios16p_ws/install/vicon_receiver/include/boost/mpl/aux_/yes_no.hpp
[187.999s] -- Installing: /home/admin/bench/lab/STAGING_helios16p_kiss_legged_bench_cyclone_container_files/helios16p_ws/install/vicon_receiver/include/boost/mpl/aux_/contains_impl.hpp
[188.008s] -- Installing: /home/admin/bench/lab/STAGING_helios16p_kiss_legged_bench_cyclone_container_files/helios16p_ws/install/vicon_receiver/include/boost/mpl/aux_/push_back_impl.hpp
[188.009s] -- Installing: /home/admin/bench/lab/STAGING_helios16p_kiss_legged_bench_cyclone_container_files/helios16p_ws/install/vicon_receiver/include/boost/mpl/aux_/value_wknd.hpp
[188.010s] -- Installing: /home/admin/bench/lab/STAGING_helios16p_kiss_legged_bench_cyclone_container_files/helios16p_ws/install/vicon_receiver/include/boost/mpl/aux_/has_tag.hpp
[188.014s] -- Installing: /home/admin/bench/lab/STAGING_helios16p_kiss_legged_bench_cyclone_container_files/helios16p_ws/install/vicon_receiver/include/boost/mpl/aux_/advance_backward.hpp
[188.022s] -- Installing: /home/admin/bench/lab/STAGING_helios16p_kiss_legged_bench_cyclone_container_files/helios16p_ws/install/vicon_receiver/include/boost/mpl/aux_/has_type.hpp
[188.022s] -- Installing: /home/admin/bench/lab/STAGING_helios16p_kiss_legged_bench_cyclone_container_files/helios16p_ws/install/vicon_receiver/include/boost/mpl/aux_/has_apply.hpp
[188.023s] -- Installing: /home/admin/bench/lab/STAGING_helios16p_kiss_legged_bench_cyclone_container_files/helios16p_ws/install/vicon_receiver/include/boost/mpl/aux_/has_size.hpp
[188.025s] -- Installing: /home/admin/bench/lab/STAGING_helios16p_kiss_legged_bench_cyclone_container_files/helios16p_ws/install/vicon_receiver/include/boost/mpl/aux_/lambda_no_ctps.hpp
[188.027s] -- Installing: /home/admin/bench/lab/STAGING_helios16p_kiss_legged_bench_cyclone_container_files/helios16p_ws/install/vicon_receiver/include/boost/mpl/aux_/nested_type_wknd.hpp
[188.030s] -- Installing: /home/admin/bench/lab/STAGING_helios16p_kiss_legged_bench_cyclone_container_files/helios16p_ws/install/vicon_receiver/include/boost/mpl/aux_/nttp_decl.hpp
[188.032s] -- Installing: /home/admin/bench/lab/STAGING_helios16p_kiss_legged_bench_cyclone_container_files/helios16p_ws/install/vicon_receiver/include/boost/mpl/aux_/common_name_wknd.hpp
[188.035s] -- Installing: /home/admin/bench/lab/STAGING_helios16p_kiss_legged_bench_cyclone_container_files/helios16p_ws/install/vicon_receiver/include/boost/mpl/aux_/msvc_is_class.hpp
[188.040s] -- Installing: /home/admin/bench/lab/STAGING_helios16p_kiss_legged_bench_cyclone_container_files/helios16p_ws/install/vicon_receiver/include/boost/mpl/aux_/fold_impl_body.hpp
[188.043s] -- Installing: /home/admin/bench/lab/STAGING_helios16p_kiss_legged_bench_cyclone_container_files/helios16p_ws/install/vicon_receiver/include/boost/mpl/aux_/preprocessor
[188.045s] -- Installing: /home/admin/bench/lab/STAGING_helios16p_kiss_legged_bench_cyclone_container_files/helios16p_ws/install/vicon_receiver/include/boost/mpl/aux_/preprocessor/ext_params.hpp
[188.046s] -- Installing: /home/admin/bench/lab/STAGING_helios16p_kiss_legged_bench_cyclone_container_files/helios16p_ws/install/vicon_receiver/include/boost/mpl/aux_/preprocessor/filter_params.hpp
[188.054s] -- Installing: /home/admin/bench/lab/STAGING_helios16p_kiss_legged_bench_cyclone_container_files/helios16p_ws/install/vicon_receiver/include/boost/mpl/aux_/preprocessor/sub.hpp
[188.055s] -- Installing: /home/admin/bench/lab/STAGING_helios16p_kiss_legged_bench_cyclone_container_files/helios16p_ws/install/vicon_receiver/include/boost/mpl/aux_/preprocessor/add.hpp
[188.055s] -- Installing: /home/admin/bench/lab/STAGING_helios16p_kiss_legged_bench_cyclone_container_files/helios16p_ws/install/vicon_receiver/include/boost/mpl/aux_/preprocessor/range.hpp
[188.058s] -- Installing: /home/admin/bench/lab/STAGING_helios16p_kiss_legged_bench_cyclone_container_files/helios16p_ws/install/vicon_receiver/include/boost/mpl/aux_/preprocessor/tuple.hpp
[188.061s] -- Installing: /home/admin/bench/lab/STAGING_helios16p_kiss_legged_bench_cyclone_container_files/helios16p_ws/install/vicon_receiver/include/boost/mpl/aux_/preprocessor/params.hpp
[188.065s] -- Installing: /home/admin/bench/lab/STAGING_helios16p_kiss_legged_bench_cyclone_container_files/helios16p_ws/install/vicon_receiver/include/boost/mpl/aux_/preprocessor/partial_spec_params.hpp
[188.070s] -- Installing: /home/admin/bench/lab/STAGING_helios16p_kiss_legged_bench_cyclone_container_files/helios16p_ws/install/vicon_receiver/include/boost/mpl/aux_/preprocessor/enum.hpp
[188.071s] -- Installing: /home/admin/bench/lab/STAGING_helios16p_kiss_legged_bench_cyclone_container_files/helios16p_ws/install/vicon_receiver/include/boost/mpl/aux_/preprocessor/def_params_tail.hpp
[188.078s] -- Installing: /home/admin/bench/lab/STAGING_helios16p_kiss_legged_bench_cyclone_container_files/helios16p_ws/install/vicon_receiver/include/boost/mpl/aux_/preprocessor/repeat.hpp
[188.078s] -- Installing: /home/admin/bench/lab/STAGING_helios16p_kiss_legged_bench_cyclone_container_files/helios16p_ws/install/vicon_receiver/include/boost/mpl/aux_/preprocessor/default_params.hpp
[188.079s] -- Installing: /home/admin/bench/lab/STAGING_helios16p_kiss_legged_bench_cyclone_container_files/helios16p_ws/install/vicon_receiver/include/boost/mpl/aux_/insert_impl.hpp
[188.085s] -- Installing: /home/admin/bench/lab/STAGING_helios16p_kiss_legged_bench_cyclone_container_files/helios16p_ws/install/vicon_receiver/include/boost/mpl/aux_/static_cast.hpp
[188.086s] -- Installing: /home/admin/bench/lab/STAGING_helios16p_kiss_legged_bench_cyclone_container_files/helios16p_ws/install/vicon_receiver/include/boost/mpl/aux_/count_args.hpp
[188.089s] -- Installing: /home/admin/bench/lab/STAGING_helios16p_kiss_legged_bench_cyclone_container_files/helios16p_ws/install/vicon_receiver/include/boost/mpl/aux_/largest_int.hpp
[188.095s] -- Installing: /home/admin/bench/lab/STAGING_helios16p_kiss_legged_bench_cyclone_container_files/helios16p_ws/install/vicon_receiver/include/boost/mpl/aux_/begin_end_impl.hpp
[188.096s] -- Installing: /home/admin/bench/lab/STAGING_helios16p_kiss_legged_bench_cyclone_container_files/helios16p_ws/install/vicon_receiver/include/boost/mpl/aux_/arity_spec.hpp
[188.098s] -- Installing: /home/admin/bench/lab/STAGING_helios16p_kiss_legged_bench_cyclone_container_files/helios16p_ws/install/vicon_receiver/include/boost/mpl/aux_/msvc_type.hpp
[188.101s] -- Installing: /home/admin/bench/lab/STAGING_helios16p_kiss_legged_bench_cyclone_container_files/helios16p_ws/install/vicon_receiver/include/boost/mpl/aux_/lambda_arity_param.hpp
[188.103s] -- Installing: /home/admin/bench/lab/STAGING_helios16p_kiss_legged_bench_cyclone_container_files/helios16p_ws/install/vicon_receiver/include/boost/mpl/aux_/size_impl.hpp
[188.109s] -- Installing: /home/admin/bench/lab/STAGING_helios16p_kiss_legged_bench_cyclone_container_files/helios16p_ws/install/vicon_receiver/include/boost/mpl/aux_/O1_size_impl.hpp
[188.111s] -- Installing: /home/admin/bench/lab/STAGING_helios16p_kiss_legged_bench_cyclone_container_files/helios16p_ws/install/vicon_receiver/include/boost/mpl/aux_/has_rebind.hpp
[188.121s] -- Installing: /home/admin/bench/lab/STAGING_helios16p_kiss_legged_bench_cyclone_container_files/helios16p_ws/install/vicon_receiver/include/boost/mpl/aux_/insert_range_impl.hpp
[188.121s] -- Installing: /home/admin/bench/lab/STAGING_helios16p_kiss_legged_bench_cyclone_container_files/helios16p_ws/install/vicon_receiver/include/boost/mpl/aux_/find_if_pred.hpp
[188.122s] -- Installing: /home/admin/bench/lab/STAGING_helios16p_kiss_legged_bench_cyclone_container_files/helios16p_ws/install/vicon_receiver/include/boost/mpl/aux_/clear_impl.hpp
[188.122s] -- Installing: /home/admin/bench/lab/STAGING_helios16p_kiss_legged_bench_cyclone_container_files/helios16p_ws/install/vicon_receiver/include/boost/mpl/aux_/pop_back_impl.hpp
[188.131s] -- Installing: /home/admin/bench/lab/STAGING_helios16p_kiss_legged_bench_cyclone_container_files/helios16p_ws/install/vicon_receiver/include/boost/mpl/aux_/template_arity.hpp
[188.131s] -- Installing: /home/admin/bench/lab/STAGING_helios16p_kiss_legged_bench_cyclone_container_files/helios16p_ws/install/vicon_receiver/include/boost/mpl/aux_/preprocessed
[188.131s] -- Installing: /home/admin/bench/lab/STAGING_helios16p_kiss_legged_bench_cyclone_container_files/helios16p_ws/install/vicon_receiver/include/boost/mpl/aux_/preprocessed/msvc70
[188.137s] -- Installing: /home/admin/bench/lab/STAGING_helios16p_kiss_legged_bench_cyclone_container_files/helios16p_ws/install/vicon_receiver/include/boost/mpl/aux_/preprocessed/msvc70/greater.hpp
[188.138s] -- Installing: /home/admin/bench/lab/STAGING_helios16p_kiss_legged_bench_cyclone_container_files/helios16p_ws/install/vicon_receiver/include/boost/mpl/aux_/preprocessed/msvc70/unpack_args.hpp
[188.138s] -- Installing: /home/admin/bench/lab/STAGING_helios16p_kiss_legged_bench_cyclone_container_files/helios16p_ws/install/vicon_receiver/include/boost/mpl/aux_/preprocessed/msvc70/greater_equal.hpp
[188.141s] -- Installing: /home/admin/bench/lab/STAGING_helios16p_kiss_legged_bench_cyclone_container_files/helios16p_ws/install/vicon_receiver/include/boost/mpl/aux_/preprocessed/msvc70/set_c.hpp
[188.146s] -- Installing: /home/admin/bench/lab/STAGING_helios16p_kiss_legged_bench_cyclone_container_files/helios16p_ws/install/vicon_receiver/include/boost/mpl/aux_/preprocessed/msvc70/inherit.hpp
[188.147s] -- Installing: /home/admin/bench/lab/STAGING_helios16p_kiss_legged_bench_cyclone_container_files/helios16p_ws/install/vicon_receiver/include/boost/mpl/aux_/preprocessed/msvc70/apply_fwd.hpp
[188.154s] -- Installing: /home/admin/bench/lab/STAGING_helios16p_kiss_legged_bench_cyclone_container_files/helios16p_ws/install/vicon_receiver/include/boost/mpl/aux_/preprocessed/msvc70/and.hpp
[188.155s] -- Installing: /home/admin/bench/lab/STAGING_helios16p_kiss_legged_bench_cyclone_container_files/helios16p_ws/install/vicon_receiver/include/boost/mpl/aux_/preprocessed/msvc70/map.hpp
[188.161s] -- Installing: /home/admin/bench/lab/STAGING_helios16p_kiss_legged_bench_cyclone_container_files/helios16p_ws/install/vicon_receiver/include/boost/mpl/aux_/preprocessed/msvc70/advance_backward.hpp
[188.162s] -- Installing: /home/admin/bench/lab/STAGING_helios16p_kiss_legged_bench_cyclone_container_files/helios16p_ws/install/vicon_receiver/include/boost/mpl/aux_/preprocessed/msvc70/bind.hpp
[188.162s] -- Installing: /home/admin/bench/lab/STAGING_helios16p_kiss_legged_bench_cyclone_container_files/helios16p_ws/install/vicon_receiver/include/boost/mpl/aux_/preprocessed/msvc70/modulus.hpp
[188.166s] -- Installing: /home/admin/bench/lab/STAGING_helios16p_kiss_legged_bench_cyclone_container_files/helios16p_ws/install/vicon_receiver/include/boost/mpl/aux_/preprocessed/msvc70/lambda_no_ctps.hpp
[188.170s] -- Installing: /home/admin/bench/lab/STAGING_helios16p_kiss_legged_bench_cyclone_container_files/helios16p_ws/install/vicon_receiver/include/boost/mpl/aux_/preprocessed/msvc70/quote.hpp
[188.175s] -- Installing: /home/admin/bench/lab/STAGING_helios16p_kiss_legged_bench_cyclone_container_files/helios16p_ws/install/vicon_receiver/include/boost/mpl/aux_/preprocessed/msvc70/deque.hpp
[188.180s] -- Installing: /home/admin/bench/lab/STAGING_helios16p_kiss_legged_bench_cyclone_container_files/helios16p_ws/install/vicon_receiver/include/boost/mpl/aux_/preprocessed/msvc70/shift_right.hpp
[188.203s] -- Installing: /home/admin/bench/lab/STAGING_helios16p_kiss_legged_bench_cyclone_container_files/helios16p_ws/install/vicon_receiver/include/boost/mpl/aux_/preprocessed/msvc70/basic_bind.hpp
[188.204s] -- Installing: /home/admin/bench/lab/STAGING_helios16p_kiss_legged_bench_cyclone_container_files/helios16p_ws/install/vicon_receiver/include/boost/mpl/aux_/preprocessed/msvc70/vector.hpp
[188.204s] -- Installing: /home/admin/bench/lab/STAGING_helios16p_kiss_legged_bench_cyclone_container_files/helios16p_ws/install/vicon_receiver/include/boost/mpl/aux_/preprocessed/msvc70/vector_c.hpp
[188.204s] -- Installing: /home/admin/bench/lab/STAGING_helios16p_kiss_legged_bench_cyclone_container_files/helios16p_ws/install/vicon_receiver/include/boost/mpl/aux_/preprocessed/msvc70/minus.hpp
[188.205s] -- Installing: /home/admin/bench/lab/STAGING_helios16p_kiss_legged_bench_cyclone_container_files/helios16p_ws/install/vicon_receiver/include/boost/mpl/aux_/preprocessed/msvc70/list.hpp
[188.205s] -- Installing: /home/admin/bench/lab/STAGING_helios16p_kiss_legged_bench_cyclone_container_files/helios16p_ws/install/vicon_receiver/include/boost/mpl/aux_/preprocessed/msvc70/bitand.hpp
[188.205s] -- Installing: /home/admin/bench/lab/STAGING_helios16p_kiss_legged_bench_cyclone_container_files/helios16p_ws/install/vicon_receiver/include/boost/mpl/aux_/preprocessed/msvc70/shift_left.hpp
[188.206s] -- Installing: /home/admin/bench/lab/STAGING_helios16p_kiss_legged_bench_cyclone_container_files/helios16p_ws/install/vicon_receiver/include/boost/mpl/aux_/preprocessed/msvc70/template_arity.hpp
[188.225s] -- Installing: /home/admin/bench/lab/STAGING_helios16p_kiss_legged_bench_cyclone_container_files/helios16p_ws/install/vicon_receiver/include/boost/mpl/aux_/preprocessed/msvc70/equal_to.hpp
[188.226s] -- Installing: /home/admin/bench/lab/STAGING_helios16p_kiss_legged_bench_cyclone_container_files/helios16p_ws/install/vicon_receiver/include/boost/mpl/aux_/preprocessed/msvc70/placeholders.hpp
[188.227s] -- Installing: /home/admin/bench/lab/STAGING_helios16p_kiss_legged_bench_cyclone_container_files/helios16p_ws/install/vicon_receiver/include/boost/mpl/aux_/preprocessed/msvc70/advance_forward.hpp
[188.227s] -- Installing: /home/admin/bench/lab/STAGING_helios16p_kiss_legged_bench_cyclone_container_files/helios16p_ws/install/vicon_receiver/include/boost/mpl/aux_/preprocessed/msvc70/apply_wrap.hpp
[188.227s] -- Installing: /home/admin/bench/lab/STAGING_helios16p_kiss_legged_bench_cyclone_container_files/helios16p_ws/install/vicon_receiver/include/boost/mpl/aux_/preprocessed/msvc70/or.hpp
[188.228s] -- Installing: /home/admin/bench/lab/STAGING_helios16p_kiss_legged_bench_cyclone_container_files/helios16p_ws/install/vicon_receiver/include/boost/mpl/aux_/preprocessed/msvc70/not_equal_to.hpp
[188.236s] -- Installing: /home/admin/bench/lab/STAGING_helios16p_kiss_legged_bench_cyclone_container_files/helios16p_ws/install/vicon_receiver/include/boost/mpl/aux_/preprocessed/msvc70/reverse_fold_impl.hpp
[188.239s] -- Installing: /home/admin/bench/lab/STAGING_helios16p_kiss_legged_bench_cyclone_container_files/helios16p_ws/install/vicon_receiver/include/boost/mpl/aux_/preprocessed/msvc70/iter_fold_if_impl.hpp
[188.240s] -- Installing: /home/admin/bench/lab/STAGING_helios16p_kiss_legged_bench_cyclone_container_files/helios16p_ws/install/vicon_receiver/include/boost/mpl/aux_/preprocessed/msvc70/less_equal.hpp
[188.240s] -- Installing: /home/admin/bench/lab/STAGING_helios16p_kiss_legged_bench_cyclone_container_files/helios16p_ws/install/vicon_receiver/include/boost/mpl/aux_/preprocessed/msvc70/times.hpp
[188.241s] -- Installing: /home/admin/bench/lab/STAGING_helios16p_kiss_legged_bench_cyclone_container_files/helios16p_ws/install/vicon_receiver/include/boost/mpl/aux_/preprocessed/msvc70/less.hpp
[188.254s] -- Installing: /home/admin/bench/lab/STAGING_helios16p_kiss_legged_bench_cyclone_container_files/helios16p_ws/install/vicon_receiver/include/boost/mpl/aux_/preprocessed/msvc70/iter_fold_impl.hpp
[188.255s] -- Installing: /home/admin/bench/lab/STAGING_helios16p_kiss_legged_bench_cyclone_container_files/helios16p_ws/install/vicon_receiver/include/boost/mpl/aux_/preprocessed/msvc70/full_lambda.hpp
[188.257s] -- Installing: /home/admin/bench/lab/STAGING_helios16p_kiss_legged_bench_cyclone_container_files/helios16p_ws/install/vicon_receiver/include/boost/mpl/aux_/preprocessed/msvc70/arg.hpp
[188.264s] -- Installing: /home/admin/bench/lab/STAGING_helios16p_kiss_legged_bench_cyclone_container_files/helios16p_ws/install/vicon_receiver/include/boost/mpl/aux_/preprocessed/msvc70/list_c.hpp
[188.268s] -- Installing: /home/admin/bench/lab/STAGING_helios16p_kiss_legged_bench_cyclone_container_files/helios16p_ws/install/vicon_receiver/include/boost/mpl/aux_/preprocessed/msvc70/bitxor.hpp
[188.271s] -- Installing: /home/admin/bench/lab/STAGING_helios16p_kiss_legged_bench_cyclone_container_files/helios16p_ws/install/vicon_receiver/include/boost/mpl/aux_/preprocessed/msvc70/set.hpp
[188.272s] -- Installing: /home/admin/bench/lab/STAGING_helios16p_kiss_legged_bench_cyclone_container_files/helios16p_ws/install/vicon_receiver/include/boost/mpl/aux_/preprocessed/msvc70/bind_fwd.hpp
[188.274s] -- Installing: /home/admin/bench/lab/STAGING_helios16p_kiss_legged_bench_cyclone_container_files/helios16p_ws/install/vicon_receiver/include/boost/mpl/aux_/preprocessed/msvc70/reverse_iter_fold_impl.hpp
[188.280s] -- Installing: /home/admin/bench/lab/STAGING_helios16p_kiss_legged_bench_cyclone_container_files/helios16p_ws/install/vicon_receiver/include/boost/mpl/aux_/preprocessed/msvc70/divides.hpp
[188.284s] -- Installing: /home/admin/bench/lab/STAGING_helios16p_kiss_legged_bench_cyclone_container_files/helios16p_ws/install/vicon_receiver/include/boost/mpl/aux_/preprocessed/msvc70/fold_impl.hpp
[188.288s] -- Installing: /home/admin/bench/lab/STAGING_helios16p_kiss_legged_bench_cyclone_container_files/helios16p_ws/install/vicon_receiver/include/boost/mpl/aux_/preprocessed/msvc70/apply.hpp
[188.288s] -- Installing: /home/admin/bench/lab/STAGING_helios16p_kiss_legged_bench_cyclone_container_files/helios16p_ws/install/vicon_receiver/include/boost/mpl/aux_/preprocessed/msvc70/plus.hpp
[188.290s] -- Installing: /home/admin/bench/lab/STAGING_helios16p_kiss_legged_bench_cyclone_container_files/helios16p_ws/install/vicon_receiver/include/boost/mpl/aux_/preprocessed/msvc70/bitor.hpp
[188.290s] -- Installing: /home/admin/bench/lab/STAGING_helios16p_kiss_legged_bench_cyclone_container_files/helios16p_ws/install/vicon_receiver/include/boost/mpl/aux_/preprocessed/mwcw
[188.290s] -- Installing: /home/admin/bench/lab/STAGING_helios16p_kiss_legged_bench_cyclone_container_files/helios16p_ws/install/vicon_receiver/include/boost/mpl/aux_/preprocessed/mwcw/greater.hpp
[188.298s] -- Installing: /home/admin/bench/lab/STAGING_helios16p_kiss_legged_bench_cyclone_container_files/helios16p_ws/install/vicon_receiver/include/boost/mpl/aux_/preprocessed/mwcw/unpack_args.hpp
[188.299s] -- Installing: /home/admin/bench/lab/STAGING_helios16p_kiss_legged_bench_cyclone_container_files/helios16p_ws/install/vicon_receiver/include/boost/mpl/aux_/preprocessed/mwcw/greater_equal.hpp
[188.300s] -- Installing: /home/admin/bench/lab/STAGING_helios16p_kiss_legged_bench_cyclone_container_files/helios16p_ws/install/vicon_receiver/include/boost/mpl/aux_/preprocessed/mwcw/set_c.hpp
[188.306s] -- Installing: /home/admin/bench/lab/STAGING_helios16p_kiss_legged_bench_cyclone_container_files/helios16p_ws/install/vicon_receiver/include/boost/mpl/aux_/preprocessed/mwcw/inherit.hpp
[188.309s] -- Installing: /home/admin/bench/lab/STAGING_helios16p_kiss_legged_bench_cyclone_container_files/helios16p_ws/install/vicon_receiver/include/boost/mpl/aux_/preprocessed/mwcw/apply_fwd.hpp
[188.313s] -- Installing: /home/admin/bench/lab/STAGING_helios16p_kiss_legged_bench_cyclone_container_files/helios16p_ws/install/vicon_receiver/include/boost/mpl/aux_/preprocessed/mwcw/and.hpp
[188.317s] -- Installing: /home/admin/bench/lab/STAGING_helios16p_kiss_legged_bench_cyclone_container_files/helios16p_ws/install/vicon_receiver/include/boost/mpl/aux_/preprocessed/mwcw/map.hpp
[188.325s] -- Installing: /home/admin/bench/lab/STAGING_helios16p_kiss_legged_bench_cyclone_container_files/helios16p_ws/install/vicon_receiver/include/boost/mpl/aux_/preprocessed/mwcw/advance_backward.hpp
[188.329s] -- Installing: /home/admin/bench/lab/STAGING_helios16p_kiss_legged_bench_cyclone_container_files/helios16p_ws/install/vicon_receiver/include/boost/mpl/aux_/preprocessed/mwcw/bind.hpp
[188.335s] -- Installing: /home/admin/bench/lab/STAGING_helios16p_kiss_legged_bench_cyclone_container_files/helios16p_ws/install/vicon_receiver/include/boost/mpl/aux_/preprocessed/mwcw/modulus.hpp
[188.337s] -- Installing: /home/admin/bench/lab/STAGING_helios16p_kiss_legged_bench_cyclone_container_files/helios16p_ws/install/vicon_receiver/include/boost/mpl/aux_/preprocessed/mwcw/lambda_no_ctps.hpp
[188.348s] -- Installing: /home/admin/bench/lab/STAGING_helios16p_kiss_legged_bench_cyclone_container_files/helios16p_ws/install/vicon_receiver/include/boost/mpl/aux_/preprocessed/mwcw/quote.hpp
[188.349s] -- Installing: /home/admin/bench/lab/STAGING_helios16p_kiss_legged_bench_cyclone_container_files/helios16p_ws/install/vicon_receiver/include/boost/mpl/aux_/preprocessed/mwcw/deque.hpp
[188.349s] -- Installing: /home/admin/bench/lab/STAGING_helios16p_kiss_legged_bench_cyclone_container_files/helios16p_ws/install/vicon_receiver/include/boost/mpl/aux_/preprocessed/mwcw/shift_right.hpp
[188.352s] -- Installing: /home/admin/bench/lab/STAGING_helios16p_kiss_legged_bench_cyclone_container_files/helios16p_ws/install/vicon_receiver/include/boost/mpl/aux_/preprocessed/mwcw/basic_bind.hpp
[188.357s] -- Installing: /home/admin/bench/lab/STAGING_helios16p_kiss_legged_bench_cyclone_container_files/helios16p_ws/install/vicon_receiver/include/boost/mpl/aux_/preprocessed/mwcw/vector.hpp
[188.361s] -- Installing: /home/admin/bench/lab/STAGING_helios16p_kiss_legged_bench_cyclone_container_files/helios16p_ws/install/vicon_receiver/include/boost/mpl/aux_/preprocessed/mwcw/vector_c.hpp
[188.367s] -- Installing: /home/admin/bench/lab/STAGING_helios16p_kiss_legged_bench_cyclone_container_files/helios16p_ws/install/vicon_receiver/include/boost/mpl/aux_/preprocessed/mwcw/minus.hpp
[188.367s] -- Installing: /home/admin/bench/lab/STAGING_helios16p_kiss_legged_bench_cyclone_container_files/helios16p_ws/install/vicon_receiver/include/boost/mpl/aux_/preprocessed/mwcw/list.hpp
[188.369s] -- Installing: /home/admin/bench/lab/STAGING_helios16p_kiss_legged_bench_cyclone_container_files/helios16p_ws/install/vicon_receiver/include/boost/mpl/aux_/preprocessed/mwcw/bitand.hpp
[188.376s] -- Installing: /home/admin/bench/lab/STAGING_helios16p_kiss_legged_bench_cyclone_container_files/helios16p_ws/install/vicon_receiver/include/boost/mpl/aux_/preprocessed/mwcw/shift_left.hpp
[188.385s] -- Installing: /home/admin/bench/lab/STAGING_helios16p_kiss_legged_bench_cyclone_container_files/helios16p_ws/install/vicon_receiver/include/boost/mpl/aux_/preprocessed/mwcw/template_arity.hpp
[188.385s] -- Installing: /home/admin/bench/lab/STAGING_helios16p_kiss_legged_bench_cyclone_container_files/helios16p_ws/install/vicon_receiver/include/boost/mpl/aux_/preprocessed/mwcw/equal_to.hpp
[188.405s] -- Installing: /home/admin/bench/lab/STAGING_helios16p_kiss_legged_bench_cyclone_container_files/helios16p_ws/install/vicon_receiver/include/boost/mpl/aux_/preprocessed/mwcw/placeholders.hpp
[188.406s] -- Installing: /home/admin/bench/lab/STAGING_helios16p_kiss_legged_bench_cyclone_container_files/helios16p_ws/install/vicon_receiver/include/boost/mpl/aux_/preprocessed/mwcw/advance_forward.hpp
[188.434s] -- Installing: /home/admin/bench/lab/STAGING_helios16p_kiss_legged_bench_cyclone_container_files/helios16p_ws/install/vicon_receiver/include/boost/mpl/aux_/preprocessed/mwcw/apply_wrap.hpp
[188.435s] -- Installing: /home/admin/bench/lab/STAGING_helios16p_kiss_legged_bench_cyclone_container_files/helios16p_ws/install/vicon_receiver/include/boost/mpl/aux_/preprocessed/mwcw/or.hpp
[188.463s] -- Installing: /home/admin/bench/lab/STAGING_helios16p_kiss_legged_bench_cyclone_container_files/helios16p_ws/install/vicon_receiver/include/boost/mpl/aux_/preprocessed/mwcw/not_equal_to.hpp
[188.464s] -- Installing: /home/admin/bench/lab/STAGING_helios16p_kiss_legged_bench_cyclone_container_files/helios16p_ws/install/vicon_receiver/include/boost/mpl/aux_/preprocessed/mwcw/reverse_fold_impl.hpp
[188.464s] -- Installing: /home/admin/bench/lab/STAGING_helios16p_kiss_legged_bench_cyclone_container_files/helios16p_ws/install/vicon_receiver/include/boost/mpl/aux_/preprocessed/mwcw/iter_fold_if_impl.hpp
[188.464s] -- Installing: /home/admin/bench/lab/STAGING_helios16p_kiss_legged_bench_cyclone_container_files/helios16p_ws/install/vicon_receiver/include/boost/mpl/aux_/preprocessed/mwcw/less_equal.hpp
[188.465s] -- Installing: /home/admin/bench/lab/STAGING_helios16p_kiss_legged_bench_cyclone_container_files/helios16p_ws/install/vicon_receiver/include/boost/mpl/aux_/preprocessed/mwcw/times.hpp
[188.469s] -- Installing: /home/admin/bench/lab/STAGING_helios16p_kiss_legged_bench_cyclone_container_files/helios16p_ws/install/vicon_receiver/include/boost/mpl/aux_/preprocessed/mwcw/less.hpp
[188.491s] -- Installing: /home/admin/bench/lab/STAGING_helios16p_kiss_legged_bench_cyclone_container_files/helios16p_ws/install/vicon_receiver/include/boost/mpl/aux_/preprocessed/mwcw/iter_fold_impl.hpp
[188.492s] -- Installing: /home/admin/bench/lab/STAGING_helios16p_kiss_legged_bench_cyclone_container_files/helios16p_ws/install/vicon_receiver/include/boost/mpl/aux_/preprocessed/mwcw/full_lambda.hpp
[188.492s] -- Installing: /home/admin/bench/lab/STAGING_helios16p_kiss_legged_bench_cyclone_container_files/helios16p_ws/install/vicon_receiver/include/boost/mpl/aux_/preprocessed/mwcw/arg.hpp
[188.493s] -- Installing: /home/admin/bench/lab/STAGING_helios16p_kiss_legged_bench_cyclone_container_files/helios16p_ws/install/vicon_receiver/include/boost/mpl/aux_/preprocessed/mwcw/list_c.hpp
[188.493s] -- Installing: /home/admin/bench/lab/STAGING_helios16p_kiss_legged_bench_cyclone_container_files/helios16p_ws/install/vicon_receiver/include/boost/mpl/aux_/preprocessed/mwcw/bitxor.hpp
[188.526s] -- Installing: /home/admin/bench/lab/STAGING_helios16p_kiss_legged_bench_cyclone_container_files/helios16p_ws/install/vicon_receiver/include/boost/mpl/aux_/preprocessed/mwcw/set.hpp
[188.526s] -- Installing: /home/admin/bench/lab/STAGING_helios16p_kiss_legged_bench_cyclone_container_files/helios16p_ws/install/vicon_receiver/include/boost/mpl/aux_/preprocessed/mwcw/bind_fwd.hpp
[188.527s] -- Installing: /home/admin/bench/lab/STAGING_helios16p_kiss_legged_bench_cyclone_container_files/helios16p_ws/install/vicon_receiver/include/boost/mpl/aux_/preprocessed/mwcw/reverse_iter_fold_impl.hpp
[188.527s] -- Installing: /home/admin/bench/lab/STAGING_helios16p_kiss_legged_bench_cyclone_container_files/helios16p_ws/install/vicon_receiver/include/boost/mpl/aux_/preprocessed/mwcw/divides.hpp
[188.527s] -- Installing: /home/admin/bench/lab/STAGING_helios16p_kiss_legged_bench_cyclone_container_files/helios16p_ws/install/vicon_receiver/include/boost/mpl/aux_/preprocessed/mwcw/fold_impl.hpp
[188.528s] -- Installing: /home/admin/bench/lab/STAGING_helios16p_kiss_legged_bench_cyclone_container_files/helios16p_ws/install/vicon_receiver/include/boost/mpl/aux_/preprocessed/mwcw/apply.hpp
[188.530s] -- Installing: /home/admin/bench/lab/STAGING_helios16p_kiss_legged_bench_cyclone_container_files/helios16p_ws/install/vicon_receiver/include/boost/mpl/aux_/preprocessed/mwcw/plus.hpp
[188.531s] -- Installing: /home/admin/bench/lab/STAGING_helios16p_kiss_legged_bench_cyclone_container_files/helios16p_ws/install/vicon_receiver/include/boost/mpl/aux_/preprocessed/mwcw/bitor.hpp
[188.536s] -- Installing: /home/admin/bench/lab/STAGING_helios16p_kiss_legged_bench_cyclone_container_files/helios16p_ws/install/vicon_receiver/include/boost/mpl/aux_/preprocessed/no_ttp
[188.542s] -- Installing: /home/admin/bench/lab/STAGING_helios16p_kiss_legged_bench_cyclone_container_files/helios16p_ws/install/vicon_receiver/include/boost/mpl/aux_/preprocessed/no_ttp/greater.hpp
[188.543s] -- Installing: /home/admin/bench/lab/STAGING_helios16p_kiss_legged_bench_cyclone_container_files/helios16p_ws/install/vicon_receiver/include/boost/mpl/aux_/preprocessed/no_ttp/unpack_args.hpp
[188.543s] -- Installing: /home/admin/bench/lab/STAGING_helios16p_kiss_legged_bench_cyclone_container_files/helios16p_ws/install/vicon_receiver/include/boost/mpl/aux_/preprocessed/no_ttp/greater_equal.hpp
[188.543s] -- Installing: /home/admin/bench/lab/STAGING_helios16p_kiss_legged_bench_cyclone_container_files/helios16p_ws/install/vicon_receiver/include/boost/mpl/aux_/preprocessed/no_ttp/set_c.hpp
[188.543s] -- Installing: /home/admin/bench/lab/STAGING_helios16p_kiss_legged_bench_cyclone_container_files/helios16p_ws/install/vicon_receiver/include/boost/mpl/aux_/preprocessed/no_ttp/inherit.hpp
[188.549s] -- Installing: /home/admin/bench/lab/STAGING_helios16p_kiss_legged_bench_cyclone_container_files/helios16p_ws/install/vicon_receiver/include/boost/mpl/aux_/preprocessed/no_ttp/apply_fwd.hpp
[188.549s] -- Installing: /home/admin/bench/lab/STAGING_helios16p_kiss_legged_bench_cyclone_container_files/helios16p_ws/install/vicon_receiver/include/boost/mpl/aux_/preprocessed/no_ttp/and.hpp
[188.561s] -- Installing: /home/admin/bench/lab/STAGING_helios16p_kiss_legged_bench_cyclone_container_files/helios16p_ws/install/vicon_receiver/include/boost/mpl/aux_/preprocessed/no_ttp/map.hpp
[188.562s] -- Installing: /home/admin/bench/lab/STAGING_helios16p_kiss_legged_bench_cyclone_container_files/helios16p_ws/install/vicon_receiver/include/boost/mpl/aux_/preprocessed/no_ttp/advance_backward.hpp
[188.562s] -- Installing: /home/admin/bench/lab/STAGING_helios16p_kiss_legged_bench_cyclone_container_files/helios16p_ws/install/vicon_receiver/include/boost/mpl/aux_/preprocessed/no_ttp/bind.hpp
[188.562s] -- Installing: /home/admin/bench/lab/STAGING_helios16p_kiss_legged_bench_cyclone_container_files/helios16p_ws/install/vicon_receiver/include/boost/mpl/aux_/preprocessed/no_ttp/modulus.hpp
[188.564s] -- Installing: /home/admin/bench/lab/STAGING_helios16p_kiss_legged_bench_cyclone_container_files/helios16p_ws/install/vicon_receiver/include/boost/mpl/aux_/preprocessed/no_ttp/lambda_no_ctps.hpp
[188.567s] -- Installing: /home/admin/bench/lab/STAGING_helios16p_kiss_legged_bench_cyclone_container_files/helios16p_ws/install/vicon_receiver/include/boost/mpl/aux_/preprocessed/no_ttp/quote.hpp
[188.568s] -- Installing: /home/admin/bench/lab/STAGING_helios16p_kiss_legged_bench_cyclone_container_files/helios16p_ws/install/vicon_receiver/include/boost/mpl/aux_/preprocessed/no_ttp/deque.hpp
[188.571s] -- Installing: /home/admin/bench/lab/STAGING_helios16p_kiss_legged_bench_cyclone_container_files/helios16p_ws/install/vicon_receiver/include/boost/mpl/aux_/preprocessed/no_ttp/shift_right.hpp
[188.572s] -- Installing: /home/admin/bench/lab/STAGING_helios16p_kiss_legged_bench_cyclone_container_files/helios16p_ws/install/vicon_receiver/include/boost/mpl/aux_/preprocessed/no_ttp/basic_bind.hpp
[188.574s] -- Installing: /home/admin/bench/lab/STAGING_helios16p_kiss_legged_bench_cyclone_container_files/helios16p_ws/install/vicon_receiver/include/boost/mpl/aux_/preprocessed/no_ttp/vector.hpp
[188.577s] -- Installing: /home/admin/bench/lab/STAGING_helios16p_kiss_legged_bench_cyclone_container_files/helios16p_ws/install/vicon_receiver/include/boost/mpl/aux_/preprocessed/no_ttp/vector_c.hpp
[188.593s] -- Installing: /home/admin/bench/lab/STAGING_helios16p_kiss_legged_bench_cyclone_container_files/helios16p_ws/install/vicon_receiver/include/boost/mpl/aux_/preprocessed/no_ttp/minus.hpp
[188.593s] -- Installing: /home/admin/bench/lab/STAGING_helios16p_kiss_legged_bench_cyclone_container_files/helios16p_ws/install/vicon_receiver/include/boost/mpl/aux_/preprocessed/no_ttp/list.hpp
[188.593s] -- Installing: /home/admin/bench/lab/STAGING_helios16p_kiss_legged_bench_cyclone_container_files/helios16p_ws/install/vicon_receiver/include/boost/mpl/aux_/preprocessed/no_ttp/bitand.hpp
[188.600s] -- Installing: /home/admin/bench/lab/STAGING_helios16p_kiss_legged_bench_cyclone_container_files/helios16p_ws/install/vicon_receiver/include/boost/mpl/aux_/preprocessed/no_ttp/shift_left.hpp
[188.601s] -- Installing: /home/admin/bench/lab/STAGING_helios16p_kiss_legged_bench_cyclone_container_files/helios16p_ws/install/vicon_receiver/include/boost/mpl/aux_/preprocessed/no_ttp/template_arity.hpp
[188.604s] -- Installing: /home/admin/bench/lab/STAGING_helios16p_kiss_legged_bench_cyclone_container_files/helios16p_ws/install/vicon_receiver/include/boost/mpl/aux_/preprocessed/no_ttp/equal_to.hpp
[188.612s] -- Installing: /home/admin/bench/lab/STAGING_helios16p_kiss_legged_bench_cyclone_container_files/helios16p_ws/install/vicon_receiver/include/boost/mpl/aux_/preprocessed/no_ttp/placeholders.hpp
[188.627s] -- Installing: /home/admin/bench/lab/STAGING_helios16p_kiss_legged_bench_cyclone_container_files/helios16p_ws/install/vicon_receiver/include/boost/mpl/aux_/preprocessed/no_ttp/advance_forward.hpp
[188.628s] -- Installing: /home/admin/bench/lab/STAGING_helios16p_kiss_legged_bench_cyclone_container_files/helios16p_ws/install/vicon_receiver/include/boost/mpl/aux_/preprocessed/no_ttp/apply_wrap.hpp
[188.628s] -- Installing: /home/admin/bench/lab/STAGING_helios16p_kiss_legged_bench_cyclone_container_files/helios16p_ws/install/vicon_receiver/include/boost/mpl/aux_/preprocessed/no_ttp/or.hpp
[188.628s] -- Installing: /home/admin/bench/lab/STAGING_helios16p_kiss_legged_bench_cyclone_container_files/helios16p_ws/install/vicon_receiver/include/boost/mpl/aux_/preprocessed/no_ttp/not_equal_to.hpp
[188.629s] -- Installing: /home/admin/bench/lab/STAGING_helios16p_kiss_legged_bench_cyclone_container_files/helios16p_ws/install/vicon_receiver/include/boost/mpl/aux_/preprocessed/no_ttp/reverse_fold_impl.hpp
[188.630s] -- Installing: /home/admin/bench/lab/STAGING_helios16p_kiss_legged_bench_cyclone_container_files/helios16p_ws/install/vicon_receiver/include/boost/mpl/aux_/preprocessed/no_ttp/iter_fold_if_impl.hpp
[188.638s] -- Installing: /home/admin/bench/lab/STAGING_helios16p_kiss_legged_bench_cyclone_container_files/helios16p_ws/install/vicon_receiver/include/boost/mpl/aux_/preprocessed/no_ttp/less_equal.hpp
[188.643s] -- Installing: /home/admin/bench/lab/STAGING_helios16p_kiss_legged_bench_cyclone_container_files/helios16p_ws/install/vicon_receiver/include/boost/mpl/aux_/preprocessed/no_ttp/times.hpp
[188.646s] -- Installing: /home/admin/bench/lab/STAGING_helios16p_kiss_legged_bench_cyclone_container_files/helios16p_ws/install/vicon_receiver/include/boost/mpl/aux_/preprocessed/no_ttp/less.hpp
[188.652s] -- Installing: /home/admin/bench/lab/STAGING_helios16p_kiss_legged_bench_cyclone_container_files/helios16p_ws/install/vicon_receiver/include/boost/mpl/aux_/preprocessed/no_ttp/iter_fold_impl.hpp
[188.653s] -- Installing: /home/admin/bench/lab/STAGING_helios16p_kiss_legged_bench_cyclone_container_files/helios16p_ws/install/vicon_receiver/include/boost/mpl/aux_/preprocessed/no_ttp/full_lambda.hpp
[188.653s] -- Installing: /home/admin/bench/lab/STAGING_helios16p_kiss_legged_bench_cyclone_container_files/helios16p_ws/install/vicon_receiver/include/boost/mpl/aux_/preprocessed/no_ttp/arg.hpp
[188.655s] -- Installing: /home/admin/bench/lab/STAGING_helios16p_kiss_legged_bench_cyclone_container_files/helios16p_ws/install/vicon_receiver/include/boost/mpl/aux_/preprocessed/no_ttp/list_c.hpp
[188.660s] -- Installing: /home/admin/bench/lab/STAGING_helios16p_kiss_legged_bench_cyclone_container_files/helios16p_ws/install/vicon_receiver/include/boost/mpl/aux_/preprocessed/no_ttp/bitxor.hpp
[188.660s] -- Installing: /home/admin/bench/lab/STAGING_helios16p_kiss_legged_bench_cyclone_container_files/helios16p_ws/install/vicon_receiver/include/boost/mpl/aux_/preprocessed/no_ttp/set.hpp
[188.664s] -- Installing: /home/admin/bench/lab/STAGING_helios16p_kiss_legged_bench_cyclone_container_files/helios16p_ws/install/vicon_receiver/include/boost/mpl/aux_/preprocessed/no_ttp/bind_fwd.hpp
[188.674s] -- Installing: /home/admin/bench/lab/STAGING_helios16p_kiss_legged_bench_cyclone_container_files/helios16p_ws/install/vicon_receiver/include/boost/mpl/aux_/preprocessed/no_ttp/reverse_iter_fold_impl.hpp
[188.675s] -- Installing: /home/admin/bench/lab/STAGING_helios16p_kiss_legged_bench_cyclone_container_files/helios16p_ws/install/vicon_receiver/include/boost/mpl/aux_/preprocessed/no_ttp/divides.hpp
[188.702s] -- Installing: /home/admin/bench/lab/STAGING_helios16p_kiss_legged_bench_cyclone_container_files/helios16p_ws/install/vicon_receiver/include/boost/mpl/aux_/preprocessed/no_ttp/fold_impl.hpp
[188.703s] -- Installing: /home/admin/bench/lab/STAGING_helios16p_kiss_legged_bench_cyclone_container_files/helios16p_ws/install/vicon_receiver/include/boost/mpl/aux_/preprocessed/no_ttp/apply.hpp
[188.703s] -- Installing: /home/admin/bench/lab/STAGING_helios16p_kiss_legged_bench_cyclone_container_files/helios16p_ws/install/vicon_receiver/include/boost/mpl/aux_/preprocessed/no_ttp/plus.hpp
[188.703s] -- Installing: /home/admin/bench/lab/STAGING_helios16p_kiss_legged_bench_cyclone_container_files/helios16p_ws/install/vicon_receiver/include/boost/mpl/aux_/preprocessed/no_ttp/bitor.hpp
[188.703s] -- Installing: /home/admin/bench/lab/STAGING_helios16p_kiss_legged_bench_cyclone_container_files/helios16p_ws/install/vicon_receiver/include/boost/mpl/aux_/preprocessed/gcc
[188.713s] -- Installing: /home/admin/bench/lab/STAGING_helios16p_kiss_legged_bench_cyclone_container_files/helios16p_ws/install/vicon_receiver/include/boost/mpl/aux_/preprocessed/gcc/greater.hpp
[188.713s] -- Installing: /home/admin/bench/lab/STAGING_helios16p_kiss_legged_bench_cyclone_container_files/helios16p_ws/install/vicon_receiver/include/boost/mpl/aux_/preprocessed/gcc/unpack_args.hpp
[188.713s] -- Installing: /home/admin/bench/lab/STAGING_helios16p_kiss_legged_bench_cyclone_container_files/helios16p_ws/install/vicon_receiver/include/boost/mpl/aux_/preprocessed/gcc/greater_equal.hpp
[188.714s] -- Installing: /home/admin/bench/lab/STAGING_helios16p_kiss_legged_bench_cyclone_container_files/helios16p_ws/install/vicon_receiver/include/boost/mpl/aux_/preprocessed/gcc/set_c.hpp
[188.725s] -- Installing: /home/admin/bench/lab/STAGING_helios16p_kiss_legged_bench_cyclone_container_files/helios16p_ws/install/vicon_receiver/include/boost/mpl/aux_/preprocessed/gcc/inherit.hpp
[188.726s] -- Installing: /home/admin/bench/lab/STAGING_helios16p_kiss_legged_bench_cyclone_container_files/helios16p_ws/install/vicon_receiver/include/boost/mpl/aux_/preprocessed/gcc/apply_fwd.hpp
[188.726s] -- Installing: /home/admin/bench/lab/STAGING_helios16p_kiss_legged_bench_cyclone_container_files/helios16p_ws/install/vicon_receiver/include/boost/mpl/aux_/preprocessed/gcc/and.hpp
[188.727s] -- Installing: /home/admin/bench/lab/STAGING_helios16p_kiss_legged_bench_cyclone_container_files/helios16p_ws/install/vicon_receiver/include/boost/mpl/aux_/preprocessed/gcc/map.hpp
[188.730s] -- Installing: /home/admin/bench/lab/STAGING_helios16p_kiss_legged_bench_cyclone_container_files/helios16p_ws/install/vicon_receiver/include/boost/mpl/aux_/preprocessed/gcc/advance_backward.hpp
[188.734s] -- Installing: /home/admin/bench/lab/STAGING_helios16p_kiss_legged_bench_cyclone_container_files/helios16p_ws/install/vicon_receiver/include/boost/mpl/aux_/preprocessed/gcc/bind.hpp
[188.742s] -- Installing: /home/admin/bench/lab/STAGING_helios16p_kiss_legged_bench_cyclone_container_files/helios16p_ws/install/vicon_receiver/include/boost/mpl/aux_/preprocessed/gcc/modulus.hpp
[188.743s] -- Installing: /home/admin/bench/lab/STAGING_helios16p_kiss_legged_bench_cyclone_container_files/helios16p_ws/install/vicon_receiver/include/boost/mpl/aux_/preprocessed/gcc/lambda_no_ctps.hpp
[188.754s] -- Installing: /home/admin/bench/lab/STAGING_helios16p_kiss_legged_bench_cyclone_container_files/helios16p_ws/install/vicon_receiver/include/boost/mpl/aux_/preprocessed/gcc/quote.hpp
[188.755s] -- Installing: /home/admin/bench/lab/STAGING_helios16p_kiss_legged_bench_cyclone_container_files/helios16p_ws/install/vicon_receiver/include/boost/mpl/aux_/preprocessed/gcc/deque.hpp
[188.764s] -- Installing: /home/admin/bench/lab/STAGING_helios16p_kiss_legged_bench_cyclone_container_files/helios16p_ws/install/vicon_receiver/include/boost/mpl/aux_/preprocessed/gcc/shift_right.hpp
[188.766s] -- Installing: /home/admin/bench/lab/STAGING_helios16p_kiss_legged_bench_cyclone_container_files/helios16p_ws/install/vicon_receiver/include/boost/mpl/aux_/preprocessed/gcc/basic_bind.hpp
[188.784s] -- Installing: /home/admin/bench/lab/STAGING_helios16p_kiss_legged_bench_cyclone_container_files/helios16p_ws/install/vicon_receiver/include/boost/mpl/aux_/preprocessed/gcc/vector.hpp
[188.785s] -- Installing: /home/admin/bench/lab/STAGING_helios16p_kiss_legged_bench_cyclone_container_files/helios16p_ws/install/vicon_receiver/include/boost/mpl/aux_/preprocessed/gcc/vector_c.hpp
[188.790s] -- Installing: /home/admin/bench/lab/STAGING_helios16p_kiss_legged_bench_cyclone_container_files/helios16p_ws/install/vicon_receiver/include/boost/mpl/aux_/preprocessed/gcc/minus.hpp
[188.793s] -- Installing: /home/admin/bench/lab/STAGING_helios16p_kiss_legged_bench_cyclone_container_files/helios16p_ws/install/vicon_receiver/include/boost/mpl/aux_/preprocessed/gcc/list.hpp
[188.794s] -- Installing: /home/admin/bench/lab/STAGING_helios16p_kiss_legged_bench_cyclone_container_files/helios16p_ws/install/vicon_receiver/include/boost/mpl/aux_/preprocessed/gcc/bitand.hpp
[188.798s] -- Installing: /home/admin/bench/lab/STAGING_helios16p_kiss_legged_bench_cyclone_container_files/helios16p_ws/install/vicon_receiver/include/boost/mpl/aux_/preprocessed/gcc/shift_left.hpp
[188.803s] -- Installing: /home/admin/bench/lab/STAGING_helios16p_kiss_legged_bench_cyclone_container_files/helios16p_ws/install/vicon_receiver/include/boost/mpl/aux_/preprocessed/gcc/template_arity.hpp
[188.815s] -- Installing: /home/admin/bench/lab/STAGING_helios16p_kiss_legged_bench_cyclone_container_files/helios16p_ws/install/vicon_receiver/include/boost/mpl/aux_/preprocessed/gcc/equal_to.hpp
[188.816s] -- Installing: /home/admin/bench/lab/STAGING_helios16p_kiss_legged_bench_cyclone_container_files/helios16p_ws/install/vicon_receiver/include/boost/mpl/aux_/preprocessed/gcc/placeholders.hpp
[188.816s] -- Installing: /home/admin/bench/lab/STAGING_helios16p_kiss_legged_bench_cyclone_container_files/helios16p_ws/install/vicon_receiver/include/boost/mpl/aux_/preprocessed/gcc/advance_forward.hpp
[188.829s] -- Installing: /home/admin/bench/lab/STAGING_helios16p_kiss_legged_bench_cyclone_container_files/helios16p_ws/install/vicon_receiver/include/boost/mpl/aux_/preprocessed/gcc/apply_wrap.hpp
[188.829s] -- Installing: /home/admin/bench/lab/STAGING_helios16p_kiss_legged_bench_cyclone_container_files/helios16p_ws/install/vicon_receiver/include/boost/mpl/aux_/preprocessed/gcc/or.hpp
[188.833s] -- Installing: /home/admin/bench/lab/STAGING_helios16p_kiss_legged_bench_cyclone_container_files/helios16p_ws/install/vicon_receiver/include/boost/mpl/aux_/preprocessed/gcc/not_equal_to.hpp
[188.851s] -- Installing: /home/admin/bench/lab/STAGING_helios16p_kiss_legged_bench_cyclone_container_files/helios16p_ws/install/vicon_receiver/include/boost/mpl/aux_/preprocessed/gcc/reverse_fold_impl.hpp
[188.856s] -- Installing: /home/admin/bench/lab/STAGING_helios16p_kiss_legged_bench_cyclone_container_files/helios16p_ws/install/vicon_receiver/include/boost/mpl/aux_/preprocessed/gcc/iter_fold_if_impl.hpp
[188.865s] -- Installing: /home/admin/bench/lab/STAGING_helios16p_kiss_legged_bench_cyclone_container_files/helios16p_ws/install/vicon_receiver/include/boost/mpl/aux_/preprocessed/gcc/less_equal.hpp
[188.865s] -- Installing: /home/admin/bench/lab/STAGING_helios16p_kiss_legged_bench_cyclone_container_files/helios16p_ws/install/vicon_receiver/include/boost/mpl/aux_/preprocessed/gcc/times.hpp
[188.866s] -- Installing: /home/admin/bench/lab/STAGING_helios16p_kiss_legged_bench_cyclone_container_files/helios16p_ws/install/vicon_receiver/include/boost/mpl/aux_/preprocessed/gcc/less.hpp
[188.890s] -- Installing: /home/admin/bench/lab/STAGING_helios16p_kiss_legged_bench_cyclone_container_files/helios16p_ws/install/vicon_receiver/include/boost/mpl/aux_/preprocessed/gcc/iter_fold_impl.hpp
[188.891s] -- Installing: /home/admin/bench/lab/STAGING_helios16p_kiss_legged_bench_cyclone_container_files/helios16p_ws/install/vicon_receiver/include/boost/mpl/aux_/preprocessed/gcc/full_lambda.hpp
[188.901s] -- Installing: /home/admin/bench/lab/STAGING_helios16p_kiss_legged_bench_cyclone_container_files/helios16p_ws/install/vicon_receiver/include/boost/mpl/aux_/preprocessed/gcc/arg.hpp
[188.901s] -- Installing: /home/admin/bench/lab/STAGING_helios16p_kiss_legged_bench_cyclone_container_files/helios16p_ws/install/vicon_receiver/include/boost/mpl/aux_/preprocessed/gcc/list_c.hpp
[188.904s] -- Installing: /home/admin/bench/lab/STAGING_helios16p_kiss_legged_bench_cyclone_container_files/helios16p_ws/install/vicon_receiver/include/boost/mpl/aux_/preprocessed/gcc/bitxor.hpp
[188.926s] -- Installing: /home/admin/bench/lab/STAGING_helios16p_kiss_legged_bench_cyclone_container_files/helios16p_ws/install/vicon_receiver/include/boost/mpl/aux_/preprocessed/gcc/set.hpp
[188.927s] -- Installing: /home/admin/bench/lab/STAGING_helios16p_kiss_legged_bench_cyclone_container_files/helios16p_ws/install/vicon_receiver/include/boost/mpl/aux_/preprocessed/gcc/bind_fwd.hpp
[188.927s] -- Installing: /home/admin/bench/lab/STAGING_helios16p_kiss_legged_bench_cyclone_container_files/helios16p_ws/install/vicon_receiver/include/boost/mpl/aux_/preprocessed/gcc/reverse_iter_fold_impl.hpp
[188.927s] -- Installing: /home/admin/bench/lab/STAGING_helios16p_kiss_legged_bench_cyclone_container_files/helios16p_ws/install/vicon_receiver/include/boost/mpl/aux_/preprocessed/gcc/divides.hpp
[188.935s] -- Installing: /home/admin/bench/lab/STAGING_helios16p_kiss_legged_bench_cyclone_container_files/helios16p_ws/install/vicon_receiver/include/boost/mpl/aux_/preprocessed/gcc/fold_impl.hpp
[188.940s] -- Installing: /home/admin/bench/lab/STAGING_helios16p_kiss_legged_bench_cyclone_container_files/helios16p_ws/install/vicon_receiver/include/boost/mpl/aux_/preprocessed/gcc/apply.hpp
[188.947s] -- Installing: /home/admin/bench/lab/STAGING_helios16p_kiss_legged_bench_cyclone_container_files/helios16p_ws/install/vicon_receiver/include/boost/mpl/aux_/preprocessed/gcc/plus.hpp
[188.949s] -- Installing: /home/admin/bench/lab/STAGING_helios16p_kiss_legged_bench_cyclone_container_files/helios16p_ws/install/vicon_receiver/include/boost/mpl/aux_/preprocessed/gcc/bitor.hpp
[188.953s] -- Installing: /home/admin/bench/lab/STAGING_helios16p_kiss_legged_bench_cyclone_container_files/helios16p_ws/install/vicon_receiver/include/boost/mpl/aux_/preprocessed/bcc551
[188.973s] -- Installing: /home/admin/bench/lab/STAGING_helios16p_kiss_legged_bench_cyclone_container_files/helios16p_ws/install/vicon_receiver/include/boost/mpl/aux_/preprocessed/bcc551/greater.hpp
[188.974s] -- Installing: /home/admin/bench/lab/STAGING_helios16p_kiss_legged_bench_cyclone_container_files/helios16p_ws/install/vicon_receiver/include/boost/mpl/aux_/preprocessed/bcc551/unpack_args.hpp
[188.975s] -- Installing: /home/admin/bench/lab/STAGING_helios16p_kiss_legged_bench_cyclone_container_files/helios16p_ws/install/vicon_receiver/include/boost/mpl/aux_/preprocessed/bcc551/greater_equal.hpp
[188.981s] -- Installing: /home/admin/bench/lab/STAGING_helios16p_kiss_legged_bench_cyclone_container_files/helios16p_ws/install/vicon_receiver/include/boost/mpl/aux_/preprocessed/bcc551/set_c.hpp
[188.981s] -- Installing: /home/admin/bench/lab/STAGING_helios16p_kiss_legged_bench_cyclone_container_files/helios16p_ws/install/vicon_receiver/include/boost/mpl/aux_/preprocessed/bcc551/inherit.hpp
[188.990s] -- Installing: /home/admin/bench/lab/STAGING_helios16p_kiss_legged_bench_cyclone_container_files/helios16p_ws/install/vicon_receiver/include/boost/mpl/aux_/preprocessed/bcc551/apply_fwd.hpp
[188.991s] -- Installing: /home/admin/bench/lab/STAGING_helios16p_kiss_legged_bench_cyclone_container_files/helios16p_ws/install/vicon_receiver/include/boost/mpl/aux_/preprocessed/bcc551/and.hpp
[188.993s] -- Installing: /home/admin/bench/lab/STAGING_helios16p_kiss_legged_bench_cyclone_container_files/helios16p_ws/install/vicon_receiver/include/boost/mpl/aux_/preprocessed/bcc551/map.hpp
[189.001s] -- Installing: /home/admin/bench/lab/STAGING_helios16p_kiss_legged_bench_cyclone_container_files/helios16p_ws/install/vicon_receiver/include/boost/mpl/aux_/preprocessed/bcc551/advance_backward.hpp
[189.005s] -- Installing: /home/admin/bench/lab/STAGING_helios16p_kiss_legged_bench_cyclone_container_files/helios16p_ws/install/vicon_receiver/include/boost/mpl/aux_/preprocessed/bcc551/bind.hpp
[189.014s] -- Installing: /home/admin/bench/lab/STAGING_helios16p_kiss_legged_bench_cyclone_container_files/helios16p_ws/install/vicon_receiver/include/boost/mpl/aux_/preprocessed/bcc551/modulus.hpp
[189.016s] -- Installing: /home/admin/bench/lab/STAGING_helios16p_kiss_legged_bench_cyclone_container_files/helios16p_ws/install/vicon_receiver/include/boost/mpl/aux_/preprocessed/bcc551/lambda_no_ctps.hpp
[189.028s] -- Installing: /home/admin/bench/lab/STAGING_helios16p_kiss_legged_bench_cyclone_container_files/helios16p_ws/install/vicon_receiver/include/boost/mpl/aux_/preprocessed/bcc551/quote.hpp
[189.028s] -- Installing: /home/admin/bench/lab/STAGING_helios16p_kiss_legged_bench_cyclone_container_files/helios16p_ws/install/vicon_receiver/include/boost/mpl/aux_/preprocessed/bcc551/deque.hpp
[189.029s] -- Installing: /home/admin/bench/lab/STAGING_helios16p_kiss_legged_bench_cyclone_container_files/helios16p_ws/install/vicon_receiver/include/boost/mpl/aux_/preprocessed/bcc551/shift_right.hpp
[189.029s] -- Installing: /home/admin/bench/lab/STAGING_helios16p_kiss_legged_bench_cyclone_container_files/helios16p_ws/install/vicon_receiver/include/boost/mpl/aux_/preprocessed/bcc551/basic_bind.hpp
[189.031s] -- Installing: /home/admin/bench/lab/STAGING_helios16p_kiss_legged_bench_cyclone_container_files/helios16p_ws/install/vicon_receiver/include/boost/mpl/aux_/preprocessed/bcc551/vector.hpp
[189.033s] -- Installing: /home/admin/bench/lab/STAGING_helios16p_kiss_legged_bench_cyclone_container_files/helios16p_ws/install/vicon_receiver/include/boost/mpl/aux_/preprocessed/bcc551/vector_c.hpp
[189.034s] -- Installing: /home/admin/bench/lab/STAGING_helios16p_kiss_legged_bench_cyclone_container_files/helios16p_ws/install/vicon_receiver/include/boost/mpl/aux_/preprocessed/bcc551/minus.hpp
[189.038s] -- Installing: /home/admin/bench/lab/STAGING_helios16p_kiss_legged_bench_cyclone_container_files/helios16p_ws/install/vicon_receiver/include/boost/mpl/aux_/preprocessed/bcc551/list.hpp
[189.039s] -- Installing: /home/admin/bench/lab/STAGING_helios16p_kiss_legged_bench_cyclone_container_files/helios16p_ws/install/vicon_receiver/include/boost/mpl/aux_/preprocessed/bcc551/bitand.hpp
[189.043s] -- Installing: /home/admin/bench/lab/STAGING_helios16p_kiss_legged_bench_cyclone_container_files/helios16p_ws/install/vicon_receiver/include/boost/mpl/aux_/preprocessed/bcc551/shift_left.hpp
[189.047s] -- Installing: /home/admin/bench/lab/STAGING_helios16p_kiss_legged_bench_cyclone_container_files/helios16p_ws/install/vicon_receiver/include/boost/mpl/aux_/preprocessed/bcc551/template_arity.hpp
[189.059s] -- Installing: /home/admin/bench/lab/STAGING_helios16p_kiss_legged_bench_cyclone_container_files/helios16p_ws/install/vicon_receiver/include/boost/mpl/aux_/preprocessed/bcc551/equal_to.hpp
[189.059s] -- Installing: /home/admin/bench/lab/STAGING_helios16p_kiss_legged_bench_cyclone_container_files/helios16p_ws/install/vicon_receiver/include/boost/mpl/aux_/preprocessed/bcc551/placeholders.hpp
[189.059s] -- Installing: /home/admin/bench/lab/STAGING_helios16p_kiss_legged_bench_cyclone_container_files/helios16p_ws/install/vicon_receiver/include/boost/mpl/aux_/preprocessed/bcc551/advance_forward.hpp
[189.060s] -- Installing: /home/admin/bench/lab/STAGING_helios16p_kiss_legged_bench_cyclone_container_files/helios16p_ws/install/vicon_receiver/include/boost/mpl/aux_/preprocessed/bcc551/apply_wrap.hpp
[189.062s] -- Installing: /home/admin/bench/lab/STAGING_helios16p_kiss_legged_bench_cyclone_container_files/helios16p_ws/install/vicon_receiver/include/boost/mpl/aux_/preprocessed/bcc551/or.hpp
[189.067s] -- Installing: /home/admin/bench/lab/STAGING_helios16p_kiss_legged_bench_cyclone_container_files/helios16p_ws/install/vicon_receiver/include/boost/mpl/aux_/preprocessed/bcc551/not_equal_to.hpp
[189.069s] -- Installing: /home/admin/bench/lab/STAGING_helios16p_kiss_legged_bench_cyclone_container_files/helios16p_ws/install/vicon_receiver/include/boost/mpl/aux_/preprocessed/bcc551/reverse_fold_impl.hpp
[189.070s] -- Installing: /home/admin/bench/lab/STAGING_helios16p_kiss_legged_bench_cyclone_container_files/helios16p_ws/install/vicon_receiver/include/boost/mpl/aux_/preprocessed/bcc551/iter_fold_if_impl.hpp
[189.075s] -- Installing: /home/admin/bench/lab/STAGING_helios16p_kiss_legged_bench_cyclone_container_files/helios16p_ws/install/vicon_receiver/include/boost/mpl/aux_/preprocessed/bcc551/less_equal.hpp
[189.078s] -- Installing: /home/admin/bench/lab/STAGING_helios16p_kiss_legged_bench_cyclone_container_files/helios16p_ws/install/vicon_receiver/include/boost/mpl/aux_/preprocessed/bcc551/times.hpp
[189.083s] -- Installing: /home/admin/bench/lab/STAGING_helios16p_kiss_legged_bench_cyclone_container_files/helios16p_ws/install/vicon_receiver/include/boost/mpl/aux_/preprocessed/bcc551/less.hpp
[189.085s] -- Installing: /home/admin/bench/lab/STAGING_helios16p_kiss_legged_bench_cyclone_container_files/helios16p_ws/install/vicon_receiver/include/boost/mpl/aux_/preprocessed/bcc551/iter_fold_impl.hpp
[189.095s] -- Installing: /home/admin/bench/lab/STAGING_helios16p_kiss_legged_bench_cyclone_container_files/helios16p_ws/install/vicon_receiver/include/boost/mpl/aux_/preprocessed/bcc551/full_lambda.hpp
[189.098s] -- Installing: /home/admin/bench/lab/STAGING_helios16p_kiss_legged_bench_cyclone_container_files/helios16p_ws/install/vicon_receiver/include/boost/mpl/aux_/preprocessed/bcc551/arg.hpp
[189.100s] -- Installing: /home/admin/bench/lab/STAGING_helios16p_kiss_legged_bench_cyclone_container_files/helios16p_ws/install/vicon_receiver/include/boost/mpl/aux_/preprocessed/bcc551/list_c.hpp
[189.119s] -- Installing: /home/admin/bench/lab/STAGING_helios16p_kiss_legged_bench_cyclone_container_files/helios16p_ws/install/vicon_receiver/include/boost/mpl/aux_/preprocessed/bcc551/bitxor.hpp
[189.120s] -- Installing: /home/admin/bench/lab/STAGING_helios16p_kiss_legged_bench_cyclone_container_files/helios16p_ws/install/vicon_receiver/include/boost/mpl/aux_/preprocessed/bcc551/set.hpp
[189.120s] -- Installing: /home/admin/bench/lab/STAGING_helios16p_kiss_legged_bench_cyclone_container_files/helios16p_ws/install/vicon_receiver/include/boost/mpl/aux_/preprocessed/bcc551/bind_fwd.hpp
[189.137s] -- Installing: /home/admin/bench/lab/STAGING_helios16p_kiss_legged_bench_cyclone_container_files/helios16p_ws/install/vicon_receiver/include/boost/mpl/aux_/preprocessed/bcc551/reverse_iter_fold_impl.hpp
[189.137s] -- Installing: /home/admin/bench/lab/STAGING_helios16p_kiss_legged_bench_cyclone_container_files/helios16p_ws/install/vicon_receiver/include/boost/mpl/aux_/preprocessed/bcc551/divides.hpp
[189.138s] -- Installing: /home/admin/bench/lab/STAGING_helios16p_kiss_legged_bench_cyclone_container_files/helios16p_ws/install/vicon_receiver/include/boost/mpl/aux_/preprocessed/bcc551/fold_impl.hpp
[189.140s] -- Installing: /home/admin/bench/lab/STAGING_helios16p_kiss_legged_bench_cyclone_container_files/helios16p_ws/install/vicon_receiver/include/boost/mpl/aux_/preprocessed/bcc551/apply.hpp
[189.148s] -- Installing: /home/admin/bench/lab/STAGING_helios16p_kiss_legged_bench_cyclone_container_files/helios16p_ws/install/vicon_receiver/include/boost/mpl/aux_/preprocessed/bcc551/plus.hpp
[189.156s] -- Installing: /home/admin/bench/lab/STAGING_helios16p_kiss_legged_bench_cyclone_container_files/helios16p_ws/install/vicon_receiver/include/boost/mpl/aux_/preprocessed/bcc551/bitor.hpp
[189.156s] -- Installing: /home/admin/bench/lab/STAGING_helios16p_kiss_legged_bench_cyclone_container_files/helios16p_ws/install/vicon_receiver/include/boost/mpl/aux_/preprocessed/plain
[189.171s] -- Installing: /home/admin/bench/lab/STAGING_helios16p_kiss_legged_bench_cyclone_container_files/helios16p_ws/install/vicon_receiver/include/boost/mpl/aux_/preprocessed/plain/greater.hpp
[189.171s] -- Installing: /home/admin/bench/lab/STAGING_helios16p_kiss_legged_bench_cyclone_container_files/helios16p_ws/install/vicon_receiver/include/boost/mpl/aux_/preprocessed/plain/unpack_args.hpp
[189.176s] -- Installing: /home/admin/bench/lab/STAGING_helios16p_kiss_legged_bench_cyclone_container_files/helios16p_ws/install/vicon_receiver/include/boost/mpl/aux_/preprocessed/plain/greater_equal.hpp
[189.185s] -- Installing: /home/admin/bench/lab/STAGING_helios16p_kiss_legged_bench_cyclone_container_files/helios16p_ws/install/vicon_receiver/include/boost/mpl/aux_/preprocessed/plain/set_c.hpp
[189.197s] -- Installing: /home/admin/bench/lab/STAGING_helios16p_kiss_legged_bench_cyclone_container_files/helios16p_ws/install/vicon_receiver/include/boost/mpl/aux_/preprocessed/plain/inherit.hpp
[189.198s] -- Installing: /home/admin/bench/lab/STAGING_helios16p_kiss_legged_bench_cyclone_container_files/helios16p_ws/install/vicon_receiver/include/boost/mpl/aux_/preprocessed/plain/apply_fwd.hpp
[189.201s] -- Installing: /home/admin/bench/lab/STAGING_helios16p_kiss_legged_bench_cyclone_container_files/helios16p_ws/install/vicon_receiver/include/boost/mpl/aux_/preprocessed/plain/and.hpp
[189.210s] -- Installing: /home/admin/bench/lab/STAGING_helios16p_kiss_legged_bench_cyclone_container_files/helios16p_ws/install/vicon_receiver/include/boost/mpl/aux_/preprocessed/plain/map.hpp
[189.210s] -- Installing: /home/admin/bench/lab/STAGING_helios16p_kiss_legged_bench_cyclone_container_files/helios16p_ws/install/vicon_receiver/include/boost/mpl/aux_/preprocessed/plain/advance_backward.hpp
[189.210s] -- Installing: /home/admin/bench/lab/STAGING_helios16p_kiss_legged_bench_cyclone_container_files/helios16p_ws/install/vicon_receiver/include/boost/mpl/aux_/preprocessed/plain/bind.hpp
[189.210s] -- Installing: /home/admin/bench/lab/STAGING_helios16p_kiss_legged_bench_cyclone_container_files/helios16p_ws/install/vicon_receiver/include/boost/mpl/aux_/preprocessed/plain/modulus.hpp
[189.220s] -- Installing: /home/admin/bench/lab/STAGING_helios16p_kiss_legged_bench_cyclone_container_files/helios16p_ws/install/vicon_receiver/include/boost/mpl/aux_/preprocessed/plain/lambda_no_ctps.hpp
[189.221s] -- Installing: /home/admin/bench/lab/STAGING_helios16p_kiss_legged_bench_cyclone_container_files/helios16p_ws/install/vicon_receiver/include/boost/mpl/aux_/preprocessed/plain/quote.hpp
[189.233s] -- Installing: /home/admin/bench/lab/STAGING_helios16p_kiss_legged_bench_cyclone_container_files/helios16p_ws/install/vicon_receiver/include/boost/mpl/aux_/preprocessed/plain/deque.hpp
[189.237s] -- Installing: /home/admin/bench/lab/STAGING_helios16p_kiss_legged_bench_cyclone_container_files/helios16p_ws/install/vicon_receiver/include/boost/mpl/aux_/preprocessed/plain/shift_right.hpp
[189.241s] -- Installing: /home/admin/bench/lab/STAGING_helios16p_kiss_legged_bench_cyclone_container_files/helios16p_ws/install/vicon_receiver/include/boost/mpl/aux_/preprocessed/plain/basic_bind.hpp
[189.242s] -- Installing: /home/admin/bench/lab/STAGING_helios16p_kiss_legged_bench_cyclone_container_files/helios16p_ws/install/vicon_receiver/include/boost/mpl/aux_/preprocessed/plain/vector.hpp
[189.246s] -- Installing: /home/admin/bench/lab/STAGING_helios16p_kiss_legged_bench_cyclone_container_files/helios16p_ws/install/vicon_receiver/include/boost/mpl/aux_/preprocessed/plain/vector_c.hpp
[189.249s] -- Installing: /home/admin/bench/lab/STAGING_helios16p_kiss_legged_bench_cyclone_container_files/helios16p_ws/install/vicon_receiver/include/boost/mpl/aux_/preprocessed/plain/minus.hpp
[189.254s] -- Installing: /home/admin/bench/lab/STAGING_helios16p_kiss_legged_bench_cyclone_container_files/helios16p_ws/install/vicon_receiver/include/boost/mpl/aux_/preprocessed/plain/list.hpp
[189.269s] -- Installing: /home/admin/bench/lab/STAGING_helios16p_kiss_legged_bench_cyclone_container_files/helios16p_ws/install/vicon_receiver/include/boost/mpl/aux_/preprocessed/plain/bitand.hpp
[189.271s] -- Installing: /home/admin/bench/lab/STAGING_helios16p_kiss_legged_bench_cyclone_container_files/helios16p_ws/install/vicon_receiver/include/boost/mpl/aux_/preprocessed/plain/shift_left.hpp
[189.272s] -- Installing: /home/admin/bench/lab/STAGING_helios16p_kiss_legged_bench_cyclone_container_files/helios16p_ws/install/vicon_receiver/include/boost/mpl/aux_/preprocessed/plain/template_arity.hpp
[189.274s] -- Installing: /home/admin/bench/lab/STAGING_helios16p_kiss_legged_bench_cyclone_container_files/helios16p_ws/install/vicon_receiver/include/boost/mpl/aux_/preprocessed/plain/equal_to.hpp
[189.276s] -- Installing: /home/admin/bench/lab/STAGING_helios16p_kiss_legged_bench_cyclone_container_files/helios16p_ws/install/vicon_receiver/include/boost/mpl/aux_/preprocessed/plain/placeholders.hpp
[189.289s] -- Installing: /home/admin/bench/lab/STAGING_helios16p_kiss_legged_bench_cyclone_container_files/helios16p_ws/install/vicon_receiver/include/boost/mpl/aux_/preprocessed/plain/advance_forward.hpp
[189.290s] -- Installing: /home/admin/bench/lab/STAGING_helios16p_kiss_legged_bench_cyclone_container_files/helios16p_ws/install/vicon_receiver/include/boost/mpl/aux_/preprocessed/plain/apply_wrap.hpp
[189.290s] -- Installing: /home/admin/bench/lab/STAGING_helios16p_kiss_legged_bench_cyclone_container_files/helios16p_ws/install/vicon_receiver/include/boost/mpl/aux_/preprocessed/plain/or.hpp
[189.291s] -- Installing: /home/admin/bench/lab/STAGING_helios16p_kiss_legged_bench_cyclone_container_files/helios16p_ws/install/vicon_receiver/include/boost/mpl/aux_/preprocessed/plain/not_equal_to.hpp
[189.291s] -- Installing: /home/admin/bench/lab/STAGING_helios16p_kiss_legged_bench_cyclone_container_files/helios16p_ws/install/vicon_receiver/include/boost/mpl/aux_/preprocessed/plain/reverse_fold_impl.hpp
[189.294s] -- Installing: /home/admin/bench/lab/STAGING_helios16p_kiss_legged_bench_cyclone_container_files/helios16p_ws/install/vicon_receiver/include/boost/mpl/aux_/preprocessed/plain/iter_fold_if_impl.hpp
[189.299s] -- Installing: /home/admin/bench/lab/STAGING_helios16p_kiss_legged_bench_cyclone_container_files/helios16p_ws/install/vicon_receiver/include/boost/mpl/aux_/preprocessed/plain/less_equal.hpp
[189.300s] -- Installing: /home/admin/bench/lab/STAGING_helios16p_kiss_legged_bench_cyclone_container_files/helios16p_ws/install/vicon_receiver/include/boost/mpl/aux_/preprocessed/plain/times.hpp
[189.309s] -- Installing: /home/admin/bench/lab/STAGING_helios16p_kiss_legged_bench_cyclone_container_files/helios16p_ws/install/vicon_receiver/include/boost/mpl/aux_/preprocessed/plain/less.hpp
[189.310s] -- Installing: /home/admin/bench/lab/STAGING_helios16p_kiss_legged_bench_cyclone_container_files/helios16p_ws/install/vicon_receiver/include/boost/mpl/aux_/preprocessed/plain/iter_fold_impl.hpp
[189.310s] -- Installing: /home/admin/bench/lab/STAGING_helios16p_kiss_legged_bench_cyclone_container_files/helios16p_ws/install/vicon_receiver/include/boost/mpl/aux_/preprocessed/plain/full_lambda.hpp
[189.310s] -- Installing: /home/admin/bench/lab/STAGING_helios16p_kiss_legged_bench_cyclone_container_files/helios16p_ws/install/vicon_receiver/include/boost/mpl/aux_/preprocessed/plain/arg.hpp
[189.315s] -- Installing: /home/admin/bench/lab/STAGING_helios16p_kiss_legged_bench_cyclone_container_files/helios16p_ws/install/vicon_receiver/include/boost/mpl/aux_/preprocessed/plain/list_c.hpp
[189.316s] -- Installing: /home/admin/bench/lab/STAGING_helios16p_kiss_legged_bench_cyclone_container_files/helios16p_ws/install/vicon_receiver/include/boost/mpl/aux_/preprocessed/plain/bitxor.hpp
[189.318s] -- Installing: /home/admin/bench/lab/STAGING_helios16p_kiss_legged_bench_cyclone_container_files/helios16p_ws/install/vicon_receiver/include/boost/mpl/aux_/preprocessed/plain/set.hpp
[189.320s] -- Installing: /home/admin/bench/lab/STAGING_helios16p_kiss_legged_bench_cyclone_container_files/helios16p_ws/install/vicon_receiver/include/boost/mpl/aux_/preprocessed/plain/bind_fwd.hpp
[189.324s] -- Installing: /home/admin/bench/lab/STAGING_helios16p_kiss_legged_bench_cyclone_container_files/helios16p_ws/install/vicon_receiver/include/boost/mpl/aux_/preprocessed/plain/reverse_iter_fold_impl.hpp
[189.326s] -- Installing: /home/admin/bench/lab/STAGING_helios16p_kiss_legged_bench_cyclone_container_files/helios16p_ws/install/vicon_receiver/include/boost/mpl/aux_/preprocessed/plain/divides.hpp
[189.329s] -- Installing: /home/admin/bench/lab/STAGING_helios16p_kiss_legged_bench_cyclone_container_files/helios16p_ws/install/vicon_receiver/include/boost/mpl/aux_/preprocessed/plain/fold_impl.hpp
[189.333s] -- Installing: /home/admin/bench/lab/STAGING_helios16p_kiss_legged_bench_cyclone_container_files/helios16p_ws/install/vicon_receiver/include/boost/mpl/aux_/preprocessed/plain/apply.hpp
[189.338s] -- Installing: /home/admin/bench/lab/STAGING_helios16p_kiss_legged_bench_cyclone_container_files/helios16p_ws/install/vicon_receiver/include/boost/mpl/aux_/preprocessed/plain/plus.hpp
[189.344s] -- Installing: /home/admin/bench/lab/STAGING_helios16p_kiss_legged_bench_cyclone_container_files/helios16p_ws/install/vicon_receiver/include/boost/mpl/aux_/preprocessed/plain/bitor.hpp
[189.348s] -- Installing: /home/admin/bench/lab/STAGING_helios16p_kiss_legged_bench_cyclone_container_files/helios16p_ws/install/vicon_receiver/include/boost/mpl/aux_/preprocessed/dmc
[189.352s] -- Installing: /home/admin/bench/lab/STAGING_helios16p_kiss_legged_bench_cyclone_container_files/helios16p_ws/install/vicon_receiver/include/boost/mpl/aux_/preprocessed/dmc/greater.hpp
[189.357s] -- Installing: /home/admin/bench/lab/STAGING_helios16p_kiss_legged_bench_cyclone_container_files/helios16p_ws/install/vicon_receiver/include/boost/mpl/aux_/preprocessed/dmc/unpack_args.hpp
[189.362s] -- Installing: /home/admin/bench/lab/STAGING_helios16p_kiss_legged_bench_cyclone_container_files/helios16p_ws/install/vicon_receiver/include/boost/mpl/aux_/preprocessed/dmc/greater_equal.hpp
[189.368s] -- Installing: /home/admin/bench/lab/STAGING_helios16p_kiss_legged_bench_cyclone_container_files/helios16p_ws/install/vicon_receiver/include/boost/mpl/aux_/preprocessed/dmc/set_c.hpp
[189.370s] -- Installing: /home/admin/bench/lab/STAGING_helios16p_kiss_legged_bench_cyclone_container_files/helios16p_ws/install/vicon_receiver/include/boost/mpl/aux_/preprocessed/dmc/inherit.hpp
[189.375s] -- Installing: /home/admin/bench/lab/STAGING_helios16p_kiss_legged_bench_cyclone_container_files/helios16p_ws/install/vicon_receiver/include/boost/mpl/aux_/preprocessed/dmc/apply_fwd.hpp
[189.377s] -- Installing: /home/admin/bench/lab/STAGING_helios16p_kiss_legged_bench_cyclone_container_files/helios16p_ws/install/vicon_receiver/include/boost/mpl/aux_/preprocessed/dmc/and.hpp
[189.380s] -- Installing: /home/admin/bench/lab/STAGING_helios16p_kiss_legged_bench_cyclone_container_files/helios16p_ws/install/vicon_receiver/include/boost/mpl/aux_/preprocessed/dmc/map.hpp
[189.383s] -- Installing: /home/admin/bench/lab/STAGING_helios16p_kiss_legged_bench_cyclone_container_files/helios16p_ws/install/vicon_receiver/include/boost/mpl/aux_/preprocessed/dmc/advance_backward.hpp
[189.384s] -- Installing: /home/admin/bench/lab/STAGING_helios16p_kiss_legged_bench_cyclone_container_files/helios16p_ws/install/vicon_receiver/include/boost/mpl/aux_/preprocessed/dmc/bind.hpp
[189.387s] -- Installing: /home/admin/bench/lab/STAGING_helios16p_kiss_legged_bench_cyclone_container_files/helios16p_ws/install/vicon_receiver/include/boost/mpl/aux_/preprocessed/dmc/modulus.hpp
[189.389s] -- Installing: /home/admin/bench/lab/STAGING_helios16p_kiss_legged_bench_cyclone_container_files/helios16p_ws/install/vicon_receiver/include/boost/mpl/aux_/preprocessed/dmc/lambda_no_ctps.hpp
[189.390s] -- Installing: /home/admin/bench/lab/STAGING_helios16p_kiss_legged_bench_cyclone_container_files/helios16p_ws/install/vicon_receiver/include/boost/mpl/aux_/preprocessed/dmc/quote.hpp
[189.396s] -- Installing: /home/admin/bench/lab/STAGING_helios16p_kiss_legged_bench_cyclone_container_files/helios16p_ws/install/vicon_receiver/include/boost/mpl/aux_/preprocessed/dmc/deque.hpp
[189.398s] -- Installing: /home/admin/bench/lab/STAGING_helios16p_kiss_legged_bench_cyclone_container_files/helios16p_ws/install/vicon_receiver/include/boost/mpl/aux_/preprocessed/dmc/shift_right.hpp
[189.400s] -- Installing: /home/admin/bench/lab/STAGING_helios16p_kiss_legged_bench_cyclone_container_files/helios16p_ws/install/vicon_receiver/include/boost/mpl/aux_/preprocessed/dmc/basic_bind.hpp
[189.402s] -- Installing: /home/admin/bench/lab/STAGING_helios16p_kiss_legged_bench_cyclone_container_files/helios16p_ws/install/vicon_receiver/include/boost/mpl/aux_/preprocessed/dmc/vector.hpp
[189.405s] -- Installing: /home/admin/bench/lab/STAGING_helios16p_kiss_legged_bench_cyclone_container_files/helios16p_ws/install/vicon_receiver/include/boost/mpl/aux_/preprocessed/dmc/vector_c.hpp
[189.406s] -- Installing: /home/admin/bench/lab/STAGING_helios16p_kiss_legged_bench_cyclone_container_files/helios16p_ws/install/vicon_receiver/include/boost/mpl/aux_/preprocessed/dmc/minus.hpp
[189.407s] -- Installing: /home/admin/bench/lab/STAGING_helios16p_kiss_legged_bench_cyclone_container_files/helios16p_ws/install/vicon_receiver/include/boost/mpl/aux_/preprocessed/dmc/list.hpp
[189.420s] -- Installing: /home/admin/bench/lab/STAGING_helios16p_kiss_legged_bench_cyclone_container_files/helios16p_ws/install/vicon_receiver/include/boost/mpl/aux_/preprocessed/dmc/bitand.hpp
[189.423s] -- Installing: /home/admin/bench/lab/STAGING_helios16p_kiss_legged_bench_cyclone_container_files/helios16p_ws/install/vicon_receiver/include/boost/mpl/aux_/preprocessed/dmc/shift_left.hpp
[189.426s] -- Installing: /home/admin/bench/lab/STAGING_helios16p_kiss_legged_bench_cyclone_container_files/helios16p_ws/install/vicon_receiver/include/boost/mpl/aux_/preprocessed/dmc/template_arity.hpp
[189.426s] -- Installing: /home/admin/bench/lab/STAGING_helios16p_kiss_legged_bench_cyclone_container_files/helios16p_ws/install/vicon_receiver/include/boost/mpl/aux_/preprocessed/dmc/equal_to.hpp
[189.428s] -- Installing: /home/admin/bench/lab/STAGING_helios16p_kiss_legged_bench_cyclone_container_files/helios16p_ws/install/vicon_receiver/include/boost/mpl/aux_/preprocessed/dmc/placeholders.hpp
[189.431s] -- Installing: /home/admin/bench/lab/STAGING_helios16p_kiss_legged_bench_cyclone_container_files/helios16p_ws/install/vicon_receiver/include/boost/mpl/aux_/preprocessed/dmc/advance_forward.hpp
[189.432s] -- Installing: /home/admin/bench/lab/STAGING_helios16p_kiss_legged_bench_cyclone_container_files/helios16p_ws/install/vicon_receiver/include/boost/mpl/aux_/preprocessed/dmc/apply_wrap.hpp
[189.435s] -- Installing: /home/admin/bench/lab/STAGING_helios16p_kiss_legged_bench_cyclone_container_files/helios16p_ws/install/vicon_receiver/include/boost/mpl/aux_/preprocessed/dmc/or.hpp
[189.437s] -- Installing: /home/admin/bench/lab/STAGING_helios16p_kiss_legged_bench_cyclone_container_files/helios16p_ws/install/vicon_receiver/include/boost/mpl/aux_/preprocessed/dmc/not_equal_to.hpp
[189.441s] -- Installing: /home/admin/bench/lab/STAGING_helios16p_kiss_legged_bench_cyclone_container_files/helios16p_ws/install/vicon_receiver/include/boost/mpl/aux_/preprocessed/dmc/reverse_fold_impl.hpp
[189.443s] -- Installing: /home/admin/bench/lab/STAGING_helios16p_kiss_legged_bench_cyclone_container_files/helios16p_ws/install/vicon_receiver/include/boost/mpl/aux_/preprocessed/dmc/iter_fold_if_impl.hpp
[189.455s] -- Installing: /home/admin/bench/lab/STAGING_helios16p_kiss_legged_bench_cyclone_container_files/helios16p_ws/install/vicon_receiver/include/boost/mpl/aux_/preprocessed/dmc/less_equal.hpp
[189.457s] -- Installing: /home/admin/bench/lab/STAGING_helios16p_kiss_legged_bench_cyclone_container_files/helios16p_ws/install/vicon_receiver/include/boost/mpl/aux_/preprocessed/dmc/times.hpp
[189.459s] -- Installing: /home/admin/bench/lab/STAGING_helios16p_kiss_legged_bench_cyclone_container_files/helios16p_ws/install/vicon_receiver/include/boost/mpl/aux_/preprocessed/dmc/less.hpp
[189.463s] -- Installing: /home/admin/bench/lab/STAGING_helios16p_kiss_legged_bench_cyclone_container_files/helios16p_ws/install/vicon_receiver/include/boost/mpl/aux_/preprocessed/dmc/iter_fold_impl.hpp
[189.477s] -- Installing: /home/admin/bench/lab/STAGING_helios16p_kiss_legged_bench_cyclone_container_files/helios16p_ws/install/vicon_receiver/include/boost/mpl/aux_/preprocessed/dmc/full_lambda.hpp
[189.478s] -- Installing: /home/admin/bench/lab/STAGING_helios16p_kiss_legged_bench_cyclone_container_files/helios16p_ws/install/vicon_receiver/include/boost/mpl/aux_/preprocessed/dmc/arg.hpp
[189.478s] -- Installing: /home/admin/bench/lab/STAGING_helios16p_kiss_legged_bench_cyclone_container_files/helios16p_ws/install/vicon_receiver/include/boost/mpl/aux_/preprocessed/dmc/list_c.hpp
[189.487s] -- Installing: /home/admin/bench/lab/STAGING_helios16p_kiss_legged_bench_cyclone_container_files/helios16p_ws/install/vicon_receiver/include/boost/mpl/aux_/preprocessed/dmc/bitxor.hpp
[189.506s] -- Installing: /home/admin/bench/lab/STAGING_helios16p_kiss_legged_bench_cyclone_container_files/helios16p_ws/install/vicon_receiver/include/boost/mpl/aux_/preprocessed/dmc/set.hpp
[189.506s] -- Installing: /home/admin/bench/lab/STAGING_helios16p_kiss_legged_bench_cyclone_container_files/helios16p_ws/install/vicon_receiver/include/boost/mpl/aux_/preprocessed/dmc/bind_fwd.hpp
[189.507s] -- Installing: /home/admin/bench/lab/STAGING_helios16p_kiss_legged_bench_cyclone_container_files/helios16p_ws/install/vicon_receiver/include/boost/mpl/aux_/preprocessed/dmc/reverse_iter_fold_impl.hpp
[189.517s] -- Installing: /home/admin/bench/lab/STAGING_helios16p_kiss_legged_bench_cyclone_container_files/helios16p_ws/install/vicon_receiver/include/boost/mpl/aux_/preprocessed/dmc/divides.hpp
[189.517s] -- Installing: /home/admin/bench/lab/STAGING_helios16p_kiss_legged_bench_cyclone_container_files/helios16p_ws/install/vicon_receiver/include/boost/mpl/aux_/preprocessed/dmc/fold_impl.hpp
[189.518s] -- Installing: /home/admin/bench/lab/STAGING_helios16p_kiss_legged_bench_cyclone_container_files/helios16p_ws/install/vicon_receiver/include/boost/mpl/aux_/preprocessed/dmc/apply.hpp
[189.518s] -- Installing: /home/admin/bench/lab/STAGING_helios16p_kiss_legged_bench_cyclone_container_files/helios16p_ws/install/vicon_receiver/include/boost/mpl/aux_/preprocessed/dmc/plus.hpp
[189.518s] -- Installing: /home/admin/bench/lab/STAGING_helios16p_kiss_legged_bench_cyclone_container_files/helios16p_ws/install/vicon_receiver/include/boost/mpl/aux_/preprocessed/dmc/bitor.hpp
[189.529s] -- Installing: /home/admin/bench/lab/STAGING_helios16p_kiss_legged_bench_cyclone_container_files/helios16p_ws/install/vicon_receiver/include/boost/mpl/aux_/preprocessed/bcc_pre590
[189.529s] -- Installing: /home/admin/bench/lab/STAGING_helios16p_kiss_legged_bench_cyclone_container_files/helios16p_ws/install/vicon_receiver/include/boost/mpl/aux_/preprocessed/bcc_pre590/greater.hpp
[189.530s] -- Installing: /home/admin/bench/lab/STAGING_helios16p_kiss_legged_bench_cyclone_container_files/helios16p_ws/install/vicon_receiver/include/boost/mpl/aux_/preprocessed/bcc_pre590/unpack_args.hpp
[189.530s] -- Installing: /home/admin/bench/lab/STAGING_helios16p_kiss_legged_bench_cyclone_container_files/helios16p_ws/install/vicon_receiver/include/boost/mpl/aux_/preprocessed/bcc_pre590/greater_equal.hpp
[189.530s] -- Installing: /home/admin/bench/lab/STAGING_helios16p_kiss_legged_bench_cyclone_container_files/helios16p_ws/install/vicon_receiver/include/boost/mpl/aux_/preprocessed/bcc_pre590/set_c.hpp
[189.568s] -- Installing: /home/admin/bench/lab/STAGING_helios16p_kiss_legged_bench_cyclone_container_files/helios16p_ws/install/vicon_receiver/include/boost/mpl/aux_/preprocessed/bcc_pre590/inherit.hpp
[189.570s] -- Installing: /home/admin/bench/lab/STAGING_helios16p_kiss_legged_bench_cyclone_container_files/helios16p_ws/install/vicon_receiver/include/boost/mpl/aux_/preprocessed/bcc_pre590/apply_fwd.hpp
[189.589s] -- Installing: /home/admin/bench/lab/STAGING_helios16p_kiss_legged_bench_cyclone_container_files/helios16p_ws/install/vicon_receiver/include/boost/mpl/aux_/preprocessed/bcc_pre590/and.hpp
[189.595s] -- Installing: /home/admin/bench/lab/STAGING_helios16p_kiss_legged_bench_cyclone_container_files/helios16p_ws/install/vicon_receiver/include/boost/mpl/aux_/preprocessed/bcc_pre590/map.hpp
[189.605s] -- Installing: /home/admin/bench/lab/STAGING_helios16p_kiss_legged_bench_cyclone_container_files/helios16p_ws/install/vicon_receiver/include/boost/mpl/aux_/preprocessed/bcc_pre590/advance_backward.hpp
[189.618s] -- Installing: /home/admin/bench/lab/STAGING_helios16p_kiss_legged_bench_cyclone_container_files/helios16p_ws/install/vicon_receiver/include/boost/mpl/aux_/preprocessed/bcc_pre590/bind.hpp
[189.647s] -- Installing: /home/admin/bench/lab/STAGING_helios16p_kiss_legged_bench_cyclone_container_files/helios16p_ws/install/vicon_receiver/include/boost/mpl/aux_/preprocessed/bcc_pre590/modulus.hpp
[189.680s] -- Installing: /home/admin/bench/lab/STAGING_helios16p_kiss_legged_bench_cyclone_container_files/helios16p_ws/install/vicon_receiver/include/boost/mpl/aux_/preprocessed/bcc_pre590/lambda_no_ctps.hpp
[189.684s] -- Installing: /home/admin/bench/lab/STAGING_helios16p_kiss_legged_bench_cyclone_container_files/helios16p_ws/install/vicon_receiver/include/boost/mpl/aux_/preprocessed/bcc_pre590/quote.hpp
[189.710s] -- Installing: /home/admin/bench/lab/STAGING_helios16p_kiss_legged_bench_cyclone_container_files/helios16p_ws/install/vicon_receiver/include/boost/mpl/aux_/preprocessed/bcc_pre590/deque.hpp
[189.715s] -- Installing: /home/admin/bench/lab/STAGING_helios16p_kiss_legged_bench_cyclone_container_files/helios16p_ws/install/vicon_receiver/include/boost/mpl/aux_/preprocessed/bcc_pre590/shift_right.hpp
[189.727s] -- Installing: /home/admin/bench/lab/STAGING_helios16p_kiss_legged_bench_cyclone_container_files/helios16p_ws/install/vicon_receiver/include/boost/mpl/aux_/preprocessed/bcc_pre590/basic_bind.hpp
[189.733s] -- Installing: /home/admin/bench/lab/STAGING_helios16p_kiss_legged_bench_cyclone_container_files/helios16p_ws/install/vicon_receiver/include/boost/mpl/aux_/preprocessed/bcc_pre590/vector.hpp
[189.742s] -- Installing: /home/admin/bench/lab/STAGING_helios16p_kiss_legged_bench_cyclone_container_files/helios16p_ws/install/vicon_receiver/include/boost/mpl/aux_/preprocessed/bcc_pre590/vector_c.hpp
[189.755s] -- Installing: /home/admin/bench/lab/STAGING_helios16p_kiss_legged_bench_cyclone_container_files/helios16p_ws/install/vicon_receiver/include/boost/mpl/aux_/preprocessed/bcc_pre590/minus.hpp
[189.764s] -- Installing: /home/admin/bench/lab/STAGING_helios16p_kiss_legged_bench_cyclone_container_files/helios16p_ws/install/vicon_receiver/include/boost/mpl/aux_/preprocessed/bcc_pre590/list.hpp
[189.765s] -- Installing: /home/admin/bench/lab/STAGING_helios16p_kiss_legged_bench_cyclone_container_files/helios16p_ws/install/vicon_receiver/include/boost/mpl/aux_/preprocessed/bcc_pre590/bitand.hpp
[189.768s] -- Installing: /home/admin/bench/lab/STAGING_helios16p_kiss_legged_bench_cyclone_container_files/helios16p_ws/install/vicon_receiver/include/boost/mpl/aux_/preprocessed/bcc_pre590/shift_left.hpp
[189.773s] -- Installing: /home/admin/bench/lab/STAGING_helios16p_kiss_legged_bench_cyclone_container_files/helios16p_ws/install/vicon_receiver/include/boost/mpl/aux_/preprocessed/bcc_pre590/template_arity.hpp
[189.783s] -- Installing: /home/admin/bench/lab/STAGING_helios16p_kiss_legged_bench_cyclone_container_files/helios16p_ws/install/vicon_receiver/include/boost/mpl/aux_/preprocessed/bcc_pre590/equal_to.hpp
[189.785s] -- Installing: /home/admin/bench/lab/STAGING_helios16p_kiss_legged_bench_cyclone_container_files/helios16p_ws/install/vicon_receiver/include/boost/mpl/aux_/preprocessed/bcc_pre590/placeholders.hpp
[189.801s] -- Installing: /home/admin/bench/lab/STAGING_helios16p_kiss_legged_bench_cyclone_container_files/helios16p_ws/install/vicon_receiver/include/boost/mpl/aux_/preprocessed/bcc_pre590/advance_forward.hpp
[189.801s] -- Installing: /home/admin/bench/lab/STAGING_helios16p_kiss_legged_bench_cyclone_container_files/helios16p_ws/install/vicon_receiver/include/boost/mpl/aux_/preprocessed/bcc_pre590/apply_wrap.hpp
[189.814s] -- Installing: /home/admin/bench/lab/STAGING_helios16p_kiss_legged_bench_cyclone_container_files/helios16p_ws/install/vicon_receiver/include/boost/mpl/aux_/preprocessed/bcc_pre590/or.hpp
[189.819s] -- Installing: /home/admin/bench/lab/STAGING_helios16p_kiss_legged_bench_cyclone_container_files/helios16p_ws/install/vicon_receiver/include/boost/mpl/aux_/preprocessed/bcc_pre590/not_equal_to.hpp
[189.819s] -- Installing: /home/admin/bench/lab/STAGING_helios16p_kiss_legged_bench_cyclone_container_files/helios16p_ws/install/vicon_receiver/include/boost/mpl/aux_/preprocessed/bcc_pre590/reverse_fold_impl.hpp
[189.826s] -- Installing: /home/admin/bench/lab/STAGING_helios16p_kiss_legged_bench_cyclone_container_files/helios16p_ws/install/vicon_receiver/include/boost/mpl/aux_/preprocessed/bcc_pre590/iter_fold_if_impl.hpp
[189.830s] -- Installing: /home/admin/bench/lab/STAGING_helios16p_kiss_legged_bench_cyclone_container_files/helios16p_ws/install/vicon_receiver/include/boost/mpl/aux_/preprocessed/bcc_pre590/less_equal.hpp
[189.832s] -- Installing: /home/admin/bench/lab/STAGING_helios16p_kiss_legged_bench_cyclone_container_files/helios16p_ws/install/vicon_receiver/include/boost/mpl/aux_/preprocessed/bcc_pre590/times.hpp
[189.837s] -- Installing: /home/admin/bench/lab/STAGING_helios16p_kiss_legged_bench_cyclone_container_files/helios16p_ws/install/vicon_receiver/include/boost/mpl/aux_/preprocessed/bcc_pre590/less.hpp
[189.842s] -- Installing: /home/admin/bench/lab/STAGING_helios16p_kiss_legged_bench_cyclone_container_files/helios16p_ws/install/vicon_receiver/include/boost/mpl/aux_/preprocessed/bcc_pre590/iter_fold_impl.hpp
[189.855s] -- Installing: /home/admin/bench/lab/STAGING_helios16p_kiss_legged_bench_cyclone_container_files/helios16p_ws/install/vicon_receiver/include/boost/mpl/aux_/preprocessed/bcc_pre590/full_lambda.hpp
[189.856s] -- Installing: /home/admin/bench/lab/STAGING_helios16p_kiss_legged_bench_cyclone_container_files/helios16p_ws/install/vicon_receiver/include/boost/mpl/aux_/preprocessed/bcc_pre590/arg.hpp
[189.874s] -- Installing: /home/admin/bench/lab/STAGING_helios16p_kiss_legged_bench_cyclone_container_files/helios16p_ws/install/vicon_receiver/include/boost/mpl/aux_/preprocessed/bcc_pre590/list_c.hpp
[189.879s] -- Installing: /home/admin/bench/lab/STAGING_helios16p_kiss_legged_bench_cyclone_container_files/helios16p_ws/install/vicon_receiver/include/boost/mpl/aux_/preprocessed/bcc_pre590/bitxor.hpp
[189.880s] -- Installing: /home/admin/bench/lab/STAGING_helios16p_kiss_legged_bench_cyclone_container_files/helios16p_ws/install/vicon_receiver/include/boost/mpl/aux_/preprocessed/bcc_pre590/set.hpp
[189.883s] -- Installing: /home/admin/bench/lab/STAGING_helios16p_kiss_legged_bench_cyclone_container_files/helios16p_ws/install/vicon_receiver/include/boost/mpl/aux_/preprocessed/bcc_pre590/bind_fwd.hpp
[189.885s] -- Installing: /home/admin/bench/lab/STAGING_helios16p_kiss_legged_bench_cyclone_container_files/helios16p_ws/install/vicon_receiver/include/boost/mpl/aux_/preprocessed/bcc_pre590/reverse_iter_fold_impl.hpp
[189.888s] -- Installing: /home/admin/bench/lab/STAGING_helios16p_kiss_legged_bench_cyclone_container_files/helios16p_ws/install/vicon_receiver/include/boost/mpl/aux_/preprocessed/bcc_pre590/divides.hpp
[189.897s] -- Installing: /home/admin/bench/lab/STAGING_helios16p_kiss_legged_bench_cyclone_container_files/helios16p_ws/install/vicon_receiver/include/boost/mpl/aux_/preprocessed/bcc_pre590/fold_impl.hpp
[189.897s] -- Installing: /home/admin/bench/lab/STAGING_helios16p_kiss_legged_bench_cyclone_container_files/helios16p_ws/install/vicon_receiver/include/boost/mpl/aux_/preprocessed/bcc_pre590/apply.hpp
[189.906s] -- Installing: /home/admin/bench/lab/STAGING_helios16p_kiss_legged_bench_cyclone_container_files/helios16p_ws/install/vicon_receiver/include/boost/mpl/aux_/preprocessed/bcc_pre590/plus.hpp
[189.907s] -- Installing: /home/admin/bench/lab/STAGING_helios16p_kiss_legged_bench_cyclone_container_files/helios16p_ws/install/vicon_receiver/include/boost/mpl/aux_/preprocessed/bcc_pre590/bitor.hpp
[189.907s] -- Installing: /home/admin/bench/lab/STAGING_helios16p_kiss_legged_bench_cyclone_container_files/helios16p_ws/install/vicon_receiver/include/boost/mpl/aux_/preprocessed/msvc60
[189.907s] -- Installing: /home/admin/bench/lab/STAGING_helios16p_kiss_legged_bench_cyclone_container_files/helios16p_ws/install/vicon_receiver/include/boost/mpl/aux_/preprocessed/msvc60/greater.hpp
[189.908s] -- Installing: /home/admin/bench/lab/STAGING_helios16p_kiss_legged_bench_cyclone_container_files/helios16p_ws/install/vicon_receiver/include/boost/mpl/aux_/preprocessed/msvc60/unpack_args.hpp
[189.908s] -- Installing: /home/admin/bench/lab/STAGING_helios16p_kiss_legged_bench_cyclone_container_files/helios16p_ws/install/vicon_receiver/include/boost/mpl/aux_/preprocessed/msvc60/greater_equal.hpp
[189.924s] -- Installing: /home/admin/bench/lab/STAGING_helios16p_kiss_legged_bench_cyclone_container_files/helios16p_ws/install/vicon_receiver/include/boost/mpl/aux_/preprocessed/msvc60/set_c.hpp
[189.924s] -- Installing: /home/admin/bench/lab/STAGING_helios16p_kiss_legged_bench_cyclone_container_files/helios16p_ws/install/vicon_receiver/include/boost/mpl/aux_/preprocessed/msvc60/inherit.hpp
[189.925s] -- Installing: /home/admin/bench/lab/STAGING_helios16p_kiss_legged_bench_cyclone_container_files/helios16p_ws/install/vicon_receiver/include/boost/mpl/aux_/preprocessed/msvc60/apply_fwd.hpp
[189.926s] -- Installing: /home/admin/bench/lab/STAGING_helios16p_kiss_legged_bench_cyclone_container_files/helios16p_ws/install/vicon_receiver/include/boost/mpl/aux_/preprocessed/msvc60/and.hpp
[189.926s] -- Installing: /home/admin/bench/lab/STAGING_helios16p_kiss_legged_bench_cyclone_container_files/helios16p_ws/install/vicon_receiver/include/boost/mpl/aux_/preprocessed/msvc60/map.hpp
[189.933s] -- Installing: /home/admin/bench/lab/STAGING_helios16p_kiss_legged_bench_cyclone_container_files/helios16p_ws/install/vicon_receiver/include/boost/mpl/aux_/preprocessed/msvc60/advance_backward.hpp
[189.933s] -- Installing: /home/admin/bench/lab/STAGING_helios16p_kiss_legged_bench_cyclone_container_files/helios16p_ws/install/vicon_receiver/include/boost/mpl/aux_/preprocessed/msvc60/bind.hpp
[189.935s] -- Installing: /home/admin/bench/lab/STAGING_helios16p_kiss_legged_bench_cyclone_container_files/helios16p_ws/install/vicon_receiver/include/boost/mpl/aux_/preprocessed/msvc60/modulus.hpp
[189.936s] -- Installing: /home/admin/bench/lab/STAGING_helios16p_kiss_legged_bench_cyclone_container_files/helios16p_ws/install/vicon_receiver/include/boost/mpl/aux_/preprocessed/msvc60/lambda_no_ctps.hpp
[189.937s] -- Installing: /home/admin/bench/lab/STAGING_helios16p_kiss_legged_bench_cyclone_container_files/helios16p_ws/install/vicon_receiver/include/boost/mpl/aux_/preprocessed/msvc60/quote.hpp
[189.941s] -- Installing: /home/admin/bench/lab/STAGING_helios16p_kiss_legged_bench_cyclone_container_files/helios16p_ws/install/vicon_receiver/include/boost/mpl/aux_/preprocessed/msvc60/deque.hpp
[189.946s] -- Installing: /home/admin/bench/lab/STAGING_helios16p_kiss_legged_bench_cyclone_container_files/helios16p_ws/install/vicon_receiver/include/boost/mpl/aux_/preprocessed/msvc60/shift_right.hpp
[189.948s] -- Installing: /home/admin/bench/lab/STAGING_helios16p_kiss_legged_bench_cyclone_container_files/helios16p_ws/install/vicon_receiver/include/boost/mpl/aux_/preprocessed/msvc60/basic_bind.hpp
[189.952s] -- Installing: /home/admin/bench/lab/STAGING_helios16p_kiss_legged_bench_cyclone_container_files/helios16p_ws/install/vicon_receiver/include/boost/mpl/aux_/preprocessed/msvc60/vector.hpp
[189.971s] -- Installing: /home/admin/bench/lab/STAGING_helios16p_kiss_legged_bench_cyclone_container_files/helios16p_ws/install/vicon_receiver/include/boost/mpl/aux_/preprocessed/msvc60/vector_c.hpp
[189.972s] -- Installing: /home/admin/bench/lab/STAGING_helios16p_kiss_legged_bench_cyclone_container_files/helios16p_ws/install/vicon_receiver/include/boost/mpl/aux_/preprocessed/msvc60/minus.hpp
[189.972s] -- Installing: /home/admin/bench/lab/STAGING_helios16p_kiss_legged_bench_cyclone_container_files/helios16p_ws/install/vicon_receiver/include/boost/mpl/aux_/preprocessed/msvc60/list.hpp
[189.977s] -- Installing: /home/admin/bench/lab/STAGING_helios16p_kiss_legged_bench_cyclone_container_files/helios16p_ws/install/vicon_receiver/include/boost/mpl/aux_/preprocessed/msvc60/bitand.hpp
[189.980s] -- Installing: /home/admin/bench/lab/STAGING_helios16p_kiss_legged_bench_cyclone_container_files/helios16p_ws/install/vicon_receiver/include/boost/mpl/aux_/preprocessed/msvc60/shift_left.hpp
[189.987s] -- Installing: /home/admin/bench/lab/STAGING_helios16p_kiss_legged_bench_cyclone_container_files/helios16p_ws/install/vicon_receiver/include/boost/mpl/aux_/preprocessed/msvc60/template_arity.hpp
[189.991s] -- Installing: /home/admin/bench/lab/STAGING_helios16p_kiss_legged_bench_cyclone_container_files/helios16p_ws/install/vicon_receiver/include/boost/mpl/aux_/preprocessed/msvc60/equal_to.hpp
[189.991s] -- Installing: /home/admin/bench/lab/STAGING_helios16p_kiss_legged_bench_cyclone_container_files/helios16p_ws/install/vicon_receiver/include/boost/mpl/aux_/preprocessed/msvc60/placeholders.hpp
[190.012s] -- Installing: /home/admin/bench/lab/STAGING_helios16p_kiss_legged_bench_cyclone_container_files/helios16p_ws/install/vicon_receiver/include/boost/mpl/aux_/preprocessed/msvc60/advance_forward.hpp
[190.012s] -- Installing: /home/admin/bench/lab/STAGING_helios16p_kiss_legged_bench_cyclone_container_files/helios16p_ws/install/vicon_receiver/include/boost/mpl/aux_/preprocessed/msvc60/apply_wrap.hpp
[190.012s] -- Installing: /home/admin/bench/lab/STAGING_helios16p_kiss_legged_bench_cyclone_container_files/helios16p_ws/install/vicon_receiver/include/boost/mpl/aux_/preprocessed/msvc60/or.hpp
[190.013s] -- Installing: /home/admin/bench/lab/STAGING_helios16p_kiss_legged_bench_cyclone_container_files/helios16p_ws/install/vicon_receiver/include/boost/mpl/aux_/preprocessed/msvc60/not_equal_to.hpp
[190.013s] -- Installing: /home/admin/bench/lab/STAGING_helios16p_kiss_legged_bench_cyclone_container_files/helios16p_ws/install/vicon_receiver/include/boost/mpl/aux_/preprocessed/msvc60/reverse_fold_impl.hpp
[190.016s] -- Installing: /home/admin/bench/lab/STAGING_helios16p_kiss_legged_bench_cyclone_container_files/helios16p_ws/install/vicon_receiver/include/boost/mpl/aux_/preprocessed/msvc60/iter_fold_if_impl.hpp
[190.018s] -- Installing: /home/admin/bench/lab/STAGING_helios16p_kiss_legged_bench_cyclone_container_files/helios16p_ws/install/vicon_receiver/include/boost/mpl/aux_/preprocessed/msvc60/less_equal.hpp
[190.022s] -- Installing: /home/admin/bench/lab/STAGING_helios16p_kiss_legged_bench_cyclone_container_files/helios16p_ws/install/vicon_receiver/include/boost/mpl/aux_/preprocessed/msvc60/times.hpp
[190.028s] -- Installing: /home/admin/bench/lab/STAGING_helios16p_kiss_legged_bench_cyclone_container_files/helios16p_ws/install/vicon_receiver/include/boost/mpl/aux_/preprocessed/msvc60/less.hpp
[190.034s] -- Installing: /home/admin/bench/lab/STAGING_helios16p_kiss_legged_bench_cyclone_container_files/helios16p_ws/install/vicon_receiver/include/boost/mpl/aux_/preprocessed/msvc60/iter_fold_impl.hpp
[190.050s] -- Installing: /home/admin/bench/lab/STAGING_helios16p_kiss_legged_bench_cyclone_container_files/helios16p_ws/install/vicon_receiver/include/boost/mpl/aux_/preprocessed/msvc60/full_lambda.hpp
[190.050s] -- Installing: /home/admin/bench/lab/STAGING_helios16p_kiss_legged_bench_cyclone_container_files/helios16p_ws/install/vicon_receiver/include/boost/mpl/aux_/preprocessed/msvc60/arg.hpp
[190.079s] -- Installing: /home/admin/bench/lab/STAGING_helios16p_kiss_legged_bench_cyclone_container_files/helios16p_ws/install/vicon_receiver/include/boost/mpl/aux_/preprocessed/msvc60/list_c.hpp
[190.081s] -- Installing: /home/admin/bench/lab/STAGING_helios16p_kiss_legged_bench_cyclone_container_files/helios16p_ws/install/vicon_receiver/include/boost/mpl/aux_/preprocessed/msvc60/bitxor.hpp
[190.081s] -- Installing: /home/admin/bench/lab/STAGING_helios16p_kiss_legged_bench_cyclone_container_files/helios16p_ws/install/vicon_receiver/include/boost/mpl/aux_/preprocessed/msvc60/set.hpp
[190.082s] -- Installing: /home/admin/bench/lab/STAGING_helios16p_kiss_legged_bench_cyclone_container_files/helios16p_ws/install/vicon_receiver/include/boost/mpl/aux_/preprocessed/msvc60/bind_fwd.hpp
[190.082s] -- Installing: /home/admin/bench/lab/STAGING_helios16p_kiss_legged_bench_cyclone_container_files/helios16p_ws/install/vicon_receiver/include/boost/mpl/aux_/preprocessed/msvc60/reverse_iter_fold_impl.hpp
[190.082s] -- Installing: /home/admin/bench/lab/STAGING_helios16p_kiss_legged_bench_cyclone_container_files/helios16p_ws/install/vicon_receiver/include/boost/mpl/aux_/preprocessed/msvc60/divides.hpp
[190.083s] -- Installing: /home/admin/bench/lab/STAGING_helios16p_kiss_legged_bench_cyclone_container_files/helios16p_ws/install/vicon_receiver/include/boost/mpl/aux_/preprocessed/msvc60/fold_impl.hpp
[190.088s] -- Installing: /home/admin/bench/lab/STAGING_helios16p_kiss_legged_bench_cyclone_container_files/helios16p_ws/install/vicon_receiver/include/boost/mpl/aux_/preprocessed/msvc60/apply.hpp
[190.090s] -- Installing: /home/admin/bench/lab/STAGING_helios16p_kiss_legged_bench_cyclone_container_files/helios16p_ws/install/vicon_receiver/include/boost/mpl/aux_/preprocessed/msvc60/plus.hpp
[190.095s] -- Installing: /home/admin/bench/lab/STAGING_helios16p_kiss_legged_bench_cyclone_container_files/helios16p_ws/install/vicon_receiver/include/boost/mpl/aux_/preprocessed/msvc60/bitor.hpp
[190.101s] -- Installing: /home/admin/bench/lab/STAGING_helios16p_kiss_legged_bench_cyclone_container_files/helios16p_ws/install/vicon_receiver/include/boost/mpl/aux_/preprocessed/bcc
[190.103s] -- Installing: /home/admin/bench/lab/STAGING_helios16p_kiss_legged_bench_cyclone_container_files/helios16p_ws/install/vicon_receiver/include/boost/mpl/aux_/preprocessed/bcc/greater.hpp
[190.106s] -- Installing: /home/admin/bench/lab/STAGING_helios16p_kiss_legged_bench_cyclone_container_files/helios16p_ws/install/vicon_receiver/include/boost/mpl/aux_/preprocessed/bcc/unpack_args.hpp
[190.110s] -- Installing: /home/admin/bench/lab/STAGING_helios16p_kiss_legged_bench_cyclone_container_files/helios16p_ws/install/vicon_receiver/include/boost/mpl/aux_/preprocessed/bcc/greater_equal.hpp
[190.114s] -- Installing: /home/admin/bench/lab/STAGING_helios16p_kiss_legged_bench_cyclone_container_files/helios16p_ws/install/vicon_receiver/include/boost/mpl/aux_/preprocessed/bcc/set_c.hpp
[190.120s] -- Installing: /home/admin/bench/lab/STAGING_helios16p_kiss_legged_bench_cyclone_container_files/helios16p_ws/install/vicon_receiver/include/boost/mpl/aux_/preprocessed/bcc/inherit.hpp
[190.120s] -- Installing: /home/admin/bench/lab/STAGING_helios16p_kiss_legged_bench_cyclone_container_files/helios16p_ws/install/vicon_receiver/include/boost/mpl/aux_/preprocessed/bcc/apply_fwd.hpp
[190.127s] -- Installing: /home/admin/bench/lab/STAGING_helios16p_kiss_legged_bench_cyclone_container_files/helios16p_ws/install/vicon_receiver/include/boost/mpl/aux_/preprocessed/bcc/and.hpp
[190.128s] -- Installing: /home/admin/bench/lab/STAGING_helios16p_kiss_legged_bench_cyclone_container_files/helios16p_ws/install/vicon_receiver/include/boost/mpl/aux_/preprocessed/bcc/map.hpp
[190.133s] -- Installing: /home/admin/bench/lab/STAGING_helios16p_kiss_legged_bench_cyclone_container_files/helios16p_ws/install/vicon_receiver/include/boost/mpl/aux_/preprocessed/bcc/advance_backward.hpp
[190.137s] -- Installing: /home/admin/bench/lab/STAGING_helios16p_kiss_legged_bench_cyclone_container_files/helios16p_ws/install/vicon_receiver/include/boost/mpl/aux_/preprocessed/bcc/bind.hpp
[190.142s] -- Installing: /home/admin/bench/lab/STAGING_helios16p_kiss_legged_bench_cyclone_container_files/helios16p_ws/install/vicon_receiver/include/boost/mpl/aux_/preprocessed/bcc/modulus.hpp
[190.143s] -- Installing: /home/admin/bench/lab/STAGING_helios16p_kiss_legged_bench_cyclone_container_files/helios16p_ws/install/vicon_receiver/include/boost/mpl/aux_/preprocessed/bcc/lambda_no_ctps.hpp
[190.146s] -- Installing: /home/admin/bench/lab/STAGING_helios16p_kiss_legged_bench_cyclone_container_files/helios16p_ws/install/vicon_receiver/include/boost/mpl/aux_/preprocessed/bcc/quote.hpp
[190.149s] -- Installing: /home/admin/bench/lab/STAGING_helios16p_kiss_legged_bench_cyclone_container_files/helios16p_ws/install/vicon_receiver/include/boost/mpl/aux_/preprocessed/bcc/deque.hpp
[190.153s] -- Installing: /home/admin/bench/lab/STAGING_helios16p_kiss_legged_bench_cyclone_container_files/helios16p_ws/install/vicon_receiver/include/boost/mpl/aux_/preprocessed/bcc/shift_right.hpp
[190.156s] -- Installing: /home/admin/bench/lab/STAGING_helios16p_kiss_legged_bench_cyclone_container_files/helios16p_ws/install/vicon_receiver/include/boost/mpl/aux_/preprocessed/bcc/basic_bind.hpp
[190.161s] -- Installing: /home/admin/bench/lab/STAGING_helios16p_kiss_legged_bench_cyclone_container_files/helios16p_ws/install/vicon_receiver/include/boost/mpl/aux_/preprocessed/bcc/vector.hpp
[190.163s] -- Installing: /home/admin/bench/lab/STAGING_helios16p_kiss_legged_bench_cyclone_container_files/helios16p_ws/install/vicon_receiver/include/boost/mpl/aux_/preprocessed/bcc/vector_c.hpp
[190.164s] -- Installing: /home/admin/bench/lab/STAGING_helios16p_kiss_legged_bench_cyclone_container_files/helios16p_ws/install/vicon_receiver/include/boost/mpl/aux_/preprocessed/bcc/minus.hpp
[190.169s] -- Installing: /home/admin/bench/lab/STAGING_helios16p_kiss_legged_bench_cyclone_container_files/helios16p_ws/install/vicon_receiver/include/boost/mpl/aux_/preprocessed/bcc/list.hpp
[190.174s] -- Installing: /home/admin/bench/lab/STAGING_helios16p_kiss_legged_bench_cyclone_container_files/helios16p_ws/install/vicon_receiver/include/boost/mpl/aux_/preprocessed/bcc/bitand.hpp
[190.176s] -- Installing: /home/admin/bench/lab/STAGING_helios16p_kiss_legged_bench_cyclone_container_files/helios16p_ws/install/vicon_receiver/include/boost/mpl/aux_/preprocessed/bcc/shift_left.hpp
[190.179s] -- Installing: /home/admin/bench/lab/STAGING_helios16p_kiss_legged_bench_cyclone_container_files/helios16p_ws/install/vicon_receiver/include/boost/mpl/aux_/preprocessed/bcc/template_arity.hpp
[190.182s] -- Installing: /home/admin/bench/lab/STAGING_helios16p_kiss_legged_bench_cyclone_container_files/helios16p_ws/install/vicon_receiver/include/boost/mpl/aux_/preprocessed/bcc/equal_to.hpp
[190.182s] -- Installing: /home/admin/bench/lab/STAGING_helios16p_kiss_legged_bench_cyclone_container_files/helios16p_ws/install/vicon_receiver/include/boost/mpl/aux_/preprocessed/bcc/placeholders.hpp
[190.184s] -- Installing: /home/admin/bench/lab/STAGING_helios16p_kiss_legged_bench_cyclone_container_files/helios16p_ws/install/vicon_receiver/include/boost/mpl/aux_/preprocessed/bcc/advance_forward.hpp
[190.190s] -- Installing: /home/admin/bench/lab/STAGING_helios16p_kiss_legged_bench_cyclone_container_files/helios16p_ws/install/vicon_receiver/include/boost/mpl/aux_/preprocessed/bcc/apply_wrap.hpp
[190.190s] -- Installing: /home/admin/bench/lab/STAGING_helios16p_kiss_legged_bench_cyclone_container_files/helios16p_ws/install/vicon_receiver/include/boost/mpl/aux_/preprocessed/bcc/or.hpp
[190.193s] -- Installing: /home/admin/bench/lab/STAGING_helios16p_kiss_legged_bench_cyclone_container_files/helios16p_ws/install/vicon_receiver/include/boost/mpl/aux_/preprocessed/bcc/not_equal_to.hpp
[190.196s] -- Installing: /home/admin/bench/lab/STAGING_helios16p_kiss_legged_bench_cyclone_container_files/helios16p_ws/install/vicon_receiver/include/boost/mpl/aux_/preprocessed/bcc/reverse_fold_impl.hpp
[190.198s] -- Installing: /home/admin/bench/lab/STAGING_helios16p_kiss_legged_bench_cyclone_container_files/helios16p_ws/install/vicon_receiver/include/boost/mpl/aux_/preprocessed/bcc/iter_fold_if_impl.hpp
[190.201s] -- Installing: /home/admin/bench/lab/STAGING_helios16p_kiss_legged_bench_cyclone_container_files/helios16p_ws/install/vicon_receiver/include/boost/mpl/aux_/preprocessed/bcc/less_equal.hpp
[190.204s] -- Installing: /home/admin/bench/lab/STAGING_helios16p_kiss_legged_bench_cyclone_container_files/helios16p_ws/install/vicon_receiver/include/boost/mpl/aux_/preprocessed/bcc/times.hpp
[190.206s] -- Installing: /home/admin/bench/lab/STAGING_helios16p_kiss_legged_bench_cyclone_container_files/helios16p_ws/install/vicon_receiver/include/boost/mpl/aux_/preprocessed/bcc/less.hpp
[190.207s] -- Installing: /home/admin/bench/lab/STAGING_helios16p_kiss_legged_bench_cyclone_container_files/helios16p_ws/install/vicon_receiver/include/boost/mpl/aux_/preprocessed/bcc/iter_fold_impl.hpp
[190.208s] -- Installing: /home/admin/bench/lab/STAGING_helios16p_kiss_legged_bench_cyclone_container_files/helios16p_ws/install/vicon_receiver/include/boost/mpl/aux_/preprocessed/bcc/full_lambda.hpp
[190.211s] -- Installing: /home/admin/bench/lab/STAGING_helios16p_kiss_legged_bench_cyclone_container_files/helios16p_ws/install/vicon_receiver/include/boost/mpl/aux_/preprocessed/bcc/arg.hpp
[190.216s] -- Installing: /home/admin/bench/lab/STAGING_helios16p_kiss_legged_bench_cyclone_container_files/helios16p_ws/install/vicon_receiver/include/boost/mpl/aux_/preprocessed/bcc/list_c.hpp
[190.216s] -- Installing: /home/admin/bench/lab/STAGING_helios16p_kiss_legged_bench_cyclone_container_files/helios16p_ws/install/vicon_receiver/include/boost/mpl/aux_/preprocessed/bcc/bitxor.hpp
[190.217s] -- Installing: /home/admin/bench/lab/STAGING_helios16p_kiss_legged_bench_cyclone_container_files/helios16p_ws/install/vicon_receiver/include/boost/mpl/aux_/preprocessed/bcc/set.hpp
[190.221s] -- Installing: /home/admin/bench/lab/STAGING_helios16p_kiss_legged_bench_cyclone_container_files/helios16p_ws/install/vicon_receiver/include/boost/mpl/aux_/preprocessed/bcc/bind_fwd.hpp
[190.224s] -- Installing: /home/admin/bench/lab/STAGING_helios16p_kiss_legged_bench_cyclone_container_files/helios16p_ws/install/vicon_receiver/include/boost/mpl/aux_/preprocessed/bcc/reverse_iter_fold_impl.hpp
[190.226s] -- Installing: /home/admin/bench/lab/STAGING_helios16p_kiss_legged_bench_cyclone_container_files/helios16p_ws/install/vicon_receiver/include/boost/mpl/aux_/preprocessed/bcc/divides.hpp
[190.228s] -- Installing: /home/admin/bench/lab/STAGING_helios16p_kiss_legged_bench_cyclone_container_files/helios16p_ws/install/vicon_receiver/include/boost/mpl/aux_/preprocessed/bcc/fold_impl.hpp
[190.231s] -- Installing: /home/admin/bench/lab/STAGING_helios16p_kiss_legged_bench_cyclone_container_files/helios16p_ws/install/vicon_receiver/include/boost/mpl/aux_/preprocessed/bcc/apply.hpp
[190.238s] -- Installing: /home/admin/bench/lab/STAGING_helios16p_kiss_legged_bench_cyclone_container_files/helios16p_ws/install/vicon_receiver/include/boost/mpl/aux_/preprocessed/bcc/plus.hpp
[190.239s] -- Installing: /home/admin/bench/lab/STAGING_helios16p_kiss_legged_bench_cyclone_container_files/helios16p_ws/install/vicon_receiver/include/boost/mpl/aux_/preprocessed/bcc/bitor.hpp
[190.239s] -- Installing: /home/admin/bench/lab/STAGING_helios16p_kiss_legged_bench_cyclone_container_files/helios16p_ws/install/vicon_receiver/include/boost/mpl/aux_/preprocessed/no_ctps
[190.239s] -- Installing: /home/admin/bench/lab/STAGING_helios16p_kiss_legged_bench_cyclone_container_files/helios16p_ws/install/vicon_receiver/include/boost/mpl/aux_/preprocessed/no_ctps/greater.hpp
[190.245s] -- Installing: /home/admin/bench/lab/STAGING_helios16p_kiss_legged_bench_cyclone_container_files/helios16p_ws/install/vicon_receiver/include/boost/mpl/aux_/preprocessed/no_ctps/unpack_args.hpp
[190.246s] -- Installing: /home/admin/bench/lab/STAGING_helios16p_kiss_legged_bench_cyclone_container_files/helios16p_ws/install/vicon_receiver/include/boost/mpl/aux_/preprocessed/no_ctps/greater_equal.hpp
[190.247s] -- Installing: /home/admin/bench/lab/STAGING_helios16p_kiss_legged_bench_cyclone_container_files/helios16p_ws/install/vicon_receiver/include/boost/mpl/aux_/preprocessed/no_ctps/set_c.hpp
[190.258s] -- Installing: /home/admin/bench/lab/STAGING_helios16p_kiss_legged_bench_cyclone_container_files/helios16p_ws/install/vicon_receiver/include/boost/mpl/aux_/preprocessed/no_ctps/inherit.hpp
[190.259s] -- Installing: /home/admin/bench/lab/STAGING_helios16p_kiss_legged_bench_cyclone_container_files/helios16p_ws/install/vicon_receiver/include/boost/mpl/aux_/preprocessed/no_ctps/apply_fwd.hpp
[190.261s] -- Installing: /home/admin/bench/lab/STAGING_helios16p_kiss_legged_bench_cyclone_container_files/helios16p_ws/install/vicon_receiver/include/boost/mpl/aux_/preprocessed/no_ctps/and.hpp
[190.262s] -- Installing: /home/admin/bench/lab/STAGING_helios16p_kiss_legged_bench_cyclone_container_files/helios16p_ws/install/vicon_receiver/include/boost/mpl/aux_/preprocessed/no_ctps/map.hpp
[190.262s] -- Installing: /home/admin/bench/lab/STAGING_helios16p_kiss_legged_bench_cyclone_container_files/helios16p_ws/install/vicon_receiver/include/boost/mpl/aux_/preprocessed/no_ctps/advance_backward.hpp
[190.264s] -- Installing: /home/admin/bench/lab/STAGING_helios16p_kiss_legged_bench_cyclone_container_files/helios16p_ws/install/vicon_receiver/include/boost/mpl/aux_/preprocessed/no_ctps/bind.hpp
[190.265s] -- Installing: /home/admin/bench/lab/STAGING_helios16p_kiss_legged_bench_cyclone_container_files/helios16p_ws/install/vicon_receiver/include/boost/mpl/aux_/preprocessed/no_ctps/modulus.hpp
[190.266s] -- Installing: /home/admin/bench/lab/STAGING_helios16p_kiss_legged_bench_cyclone_container_files/helios16p_ws/install/vicon_receiver/include/boost/mpl/aux_/preprocessed/no_ctps/lambda_no_ctps.hpp
[190.270s] -- Installing: /home/admin/bench/lab/STAGING_helios16p_kiss_legged_bench_cyclone_container_files/helios16p_ws/install/vicon_receiver/include/boost/mpl/aux_/preprocessed/no_ctps/quote.hpp
[190.274s] -- Installing: /home/admin/bench/lab/STAGING_helios16p_kiss_legged_bench_cyclone_container_files/helios16p_ws/install/vicon_receiver/include/boost/mpl/aux_/preprocessed/no_ctps/deque.hpp
[190.278s] -- Installing: /home/admin/bench/lab/STAGING_helios16p_kiss_legged_bench_cyclone_container_files/helios16p_ws/install/vicon_receiver/include/boost/mpl/aux_/preprocessed/no_ctps/shift_right.hpp
[190.282s] -- Installing: /home/admin/bench/lab/STAGING_helios16p_kiss_legged_bench_cyclone_container_files/helios16p_ws/install/vicon_receiver/include/boost/mpl/aux_/preprocessed/no_ctps/basic_bind.hpp
[190.285s] -- Installing: /home/admin/bench/lab/STAGING_helios16p_kiss_legged_bench_cyclone_container_files/helios16p_ws/install/vicon_receiver/include/boost/mpl/aux_/preprocessed/no_ctps/vector.hpp
[190.286s] -- Installing: /home/admin/bench/lab/STAGING_helios16p_kiss_legged_bench_cyclone_container_files/helios16p_ws/install/vicon_receiver/include/boost/mpl/aux_/preprocessed/no_ctps/vector_c.hpp
[190.287s] -- Installing: /home/admin/bench/lab/STAGING_helios16p_kiss_legged_bench_cyclone_container_files/helios16p_ws/install/vicon_receiver/include/boost/mpl/aux_/preprocessed/no_ctps/minus.hpp
[190.288s] -- Installing: /home/admin/bench/lab/STAGING_helios16p_kiss_legged_bench_cyclone_container_files/helios16p_ws/install/vicon_receiver/include/boost/mpl/aux_/preprocessed/no_ctps/list.hpp
[190.291s] -- Installing: /home/admin/bench/lab/STAGING_helios16p_kiss_legged_bench_cyclone_container_files/helios16p_ws/install/vicon_receiver/include/boost/mpl/aux_/preprocessed/no_ctps/bitand.hpp
[190.292s] -- Installing: /home/admin/bench/lab/STAGING_helios16p_kiss_legged_bench_cyclone_container_files/helios16p_ws/install/vicon_receiver/include/boost/mpl/aux_/preprocessed/no_ctps/shift_left.hpp
[190.293s] -- Installing: /home/admin/bench/lab/STAGING_helios16p_kiss_legged_bench_cyclone_container_files/helios16p_ws/install/vicon_receiver/include/boost/mpl/aux_/preprocessed/no_ctps/template_arity.hpp
[190.299s] -- Installing: /home/admin/bench/lab/STAGING_helios16p_kiss_legged_bench_cyclone_container_files/helios16p_ws/install/vicon_receiver/include/boost/mpl/aux_/preprocessed/no_ctps/equal_to.hpp
[190.301s] -- Installing: /home/admin/bench/lab/STAGING_helios16p_kiss_legged_bench_cyclone_container_files/helios16p_ws/install/vicon_receiver/include/boost/mpl/aux_/preprocessed/no_ctps/placeholders.hpp
[190.303s] -- Installing: /home/admin/bench/lab/STAGING_helios16p_kiss_legged_bench_cyclone_container_files/helios16p_ws/install/vicon_receiver/include/boost/mpl/aux_/preprocessed/no_ctps/advance_forward.hpp
[190.304s] -- Installing: /home/admin/bench/lab/STAGING_helios16p_kiss_legged_bench_cyclone_container_files/helios16p_ws/install/vicon_receiver/include/boost/mpl/aux_/preprocessed/no_ctps/apply_wrap.hpp
[190.331s] -- Installing: /home/admin/bench/lab/STAGING_helios16p_kiss_legged_bench_cyclone_container_files/helios16p_ws/install/vicon_receiver/include/boost/mpl/aux_/preprocessed/no_ctps/or.hpp
[190.332s] -- Installing: /home/admin/bench/lab/STAGING_helios16p_kiss_legged_bench_cyclone_container_files/helios16p_ws/install/vicon_receiver/include/boost/mpl/aux_/preprocessed/no_ctps/not_equal_to.hpp
[190.337s] -- Installing: /home/admin/bench/lab/STAGING_helios16p_kiss_legged_bench_cyclone_container_files/helios16p_ws/install/vicon_receiver/include/boost/mpl/aux_/preprocessed/no_ctps/reverse_fold_impl.hpp
[190.338s] -- Installing: /home/admin/bench/lab/STAGING_helios16p_kiss_legged_bench_cyclone_container_files/helios16p_ws/install/vicon_receiver/include/boost/mpl/aux_/preprocessed/no_ctps/iter_fold_if_impl.hpp
[190.338s] -- Installing: /home/admin/bench/lab/STAGING_helios16p_kiss_legged_bench_cyclone_container_files/helios16p_ws/install/vicon_receiver/include/boost/mpl/aux_/preprocessed/no_ctps/less_equal.hpp
[190.345s] -- Installing: /home/admin/bench/lab/STAGING_helios16p_kiss_legged_bench_cyclone_container_files/helios16p_ws/install/vicon_receiver/include/boost/mpl/aux_/preprocessed/no_ctps/times.hpp
[190.346s] -- Installing: /home/admin/bench/lab/STAGING_helios16p_kiss_legged_bench_cyclone_container_files/helios16p_ws/install/vicon_receiver/include/boost/mpl/aux_/preprocessed/no_ctps/less.hpp
[190.346s] -- Installing: /home/admin/bench/lab/STAGING_helios16p_kiss_legged_bench_cyclone_container_files/helios16p_ws/install/vicon_receiver/include/boost/mpl/aux_/preprocessed/no_ctps/iter_fold_impl.hpp
[190.346s] -- Installing: /home/admin/bench/lab/STAGING_helios16p_kiss_legged_bench_cyclone_container_files/helios16p_ws/install/vicon_receiver/include/boost/mpl/aux_/preprocessed/no_ctps/full_lambda.hpp
[190.347s] -- Installing: /home/admin/bench/lab/STAGING_helios16p_kiss_legged_bench_cyclone_container_files/helios16p_ws/install/vicon_receiver/include/boost/mpl/aux_/preprocessed/no_ctps/arg.hpp
[190.353s] -- Installing: /home/admin/bench/lab/STAGING_helios16p_kiss_legged_bench_cyclone_container_files/helios16p_ws/install/vicon_receiver/include/boost/mpl/aux_/preprocessed/no_ctps/list_c.hpp
[190.354s] -- Installing: /home/admin/bench/lab/STAGING_helios16p_kiss_legged_bench_cyclone_container_files/helios16p_ws/install/vicon_receiver/include/boost/mpl/aux_/preprocessed/no_ctps/bitxor.hpp
[190.355s] -- Installing: /home/admin/bench/lab/STAGING_helios16p_kiss_legged_bench_cyclone_container_files/helios16p_ws/install/vicon_receiver/include/boost/mpl/aux_/preprocessed/no_ctps/set.hpp
[190.358s] -- Installing: /home/admin/bench/lab/STAGING_helios16p_kiss_legged_bench_cyclone_container_files/helios16p_ws/install/vicon_receiver/include/boost/mpl/aux_/preprocessed/no_ctps/bind_fwd.hpp
[190.362s] -- Installing: /home/admin/bench/lab/STAGING_helios16p_kiss_legged_bench_cyclone_container_files/helios16p_ws/install/vicon_receiver/include/boost/mpl/aux_/preprocessed/no_ctps/reverse_iter_fold_impl.hpp
[190.363s] -- Installing: /home/admin/bench/lab/STAGING_helios16p_kiss_legged_bench_cyclone_container_files/helios16p_ws/install/vicon_receiver/include/boost/mpl/aux_/preprocessed/no_ctps/divides.hpp
[190.368s] -- Installing: /home/admin/bench/lab/STAGING_helios16p_kiss_legged_bench_cyclone_container_files/helios16p_ws/install/vicon_receiver/include/boost/mpl/aux_/preprocessed/no_ctps/fold_impl.hpp
[190.370s] -- Installing: /home/admin/bench/lab/STAGING_helios16p_kiss_legged_bench_cyclone_container_files/helios16p_ws/install/vicon_receiver/include/boost/mpl/aux_/preprocessed/no_ctps/apply.hpp
[190.373s] -- Installing: /home/admin/bench/lab/STAGING_helios16p_kiss_legged_bench_cyclone_container_files/helios16p_ws/install/vicon_receiver/include/boost/mpl/aux_/preprocessed/no_ctps/plus.hpp
[190.375s] -- Installing: /home/admin/bench/lab/STAGING_helios16p_kiss_legged_bench_cyclone_container_files/helios16p_ws/install/vicon_receiver/include/boost/mpl/aux_/preprocessed/no_ctps/bitor.hpp
[190.376s] -- Installing: /home/admin/bench/lab/STAGING_helios16p_kiss_legged_bench_cyclone_container_files/helios16p_ws/install/vicon_receiver/include/boost/mpl/aux_/na_assert.hpp
[190.380s] -- Installing: /home/admin/bench/lab/STAGING_helios16p_kiss_legged_bench_cyclone_container_files/helios16p_ws/install/vicon_receiver/include/boost/mpl/aux_/iter_apply.hpp
[190.381s] -- Installing: /home/admin/bench/lab/STAGING_helios16p_kiss_legged_bench_cyclone_container_files/helios16p_ws/install/vicon_receiver/include/boost/mpl/aux_/advance_forward.hpp
[190.396s] -- Installing: /home/admin/bench/lab/STAGING_helios16p_kiss_legged_bench_cyclone_container_files/helios16p_ws/install/vicon_receiver/include/boost/mpl/aux_/joint_iter.hpp
[190.396s] -- Installing: /home/admin/bench/lab/STAGING_helios16p_kiss_legged_bench_cyclone_container_files/helios16p_ws/install/vicon_receiver/include/boost/mpl/aux_/inserter_algorithm.hpp
[190.397s] -- Installing: /home/admin/bench/lab/STAGING_helios16p_kiss_legged_bench_cyclone_container_files/helios16p_ws/install/vicon_receiver/include/boost/mpl/aux_/include_preprocessed.hpp
[190.397s] -- Installing: /home/admin/bench/lab/STAGING_helios16p_kiss_legged_bench_cyclone_container_files/helios16p_ws/install/vicon_receiver/include/boost/mpl/aux_/reverse_fold_impl.hpp
[190.397s] -- Installing: /home/admin/bench/lab/STAGING_helios16p_kiss_legged_bench_cyclone_container_files/helios16p_ws/install/vicon_receiver/include/boost/mpl/aux_/reverse_fold_impl_body.hpp
[190.398s] -- Installing: /home/admin/bench/lab/STAGING_helios16p_kiss_legged_bench_cyclone_container_files/helios16p_ws/install/vicon_receiver/include/boost/mpl/aux_/arg_typedef.hpp
[190.400s] -- Installing: /home/admin/bench/lab/STAGING_helios16p_kiss_legged_bench_cyclone_container_files/helios16p_ws/install/vicon_receiver/include/boost/mpl/aux_/numeric_op.hpp
[190.401s] -- Installing: /home/admin/bench/lab/STAGING_helios16p_kiss_legged_bench_cyclone_container_files/helios16p_ws/install/vicon_receiver/include/boost/mpl/aux_/iter_fold_if_impl.hpp
[190.404s] -- Installing: /home/admin/bench/lab/STAGING_helios16p_kiss_legged_bench_cyclone_container_files/helios16p_ws/install/vicon_receiver/include/boost/mpl/aux_/arithmetic_op.hpp
[190.416s] -- Installing: /home/admin/bench/lab/STAGING_helios16p_kiss_legged_bench_cyclone_container_files/helios16p_ws/install/vicon_receiver/include/boost/mpl/aux_/msvc_eti_base.hpp
[190.417s] -- Installing: /home/admin/bench/lab/STAGING_helios16p_kiss_legged_bench_cyclone_container_files/helios16p_ws/install/vicon_receiver/include/boost/mpl/aux_/adl_barrier.hpp
[190.417s] -- Installing: /home/admin/bench/lab/STAGING_helios16p_kiss_legged_bench_cyclone_container_files/helios16p_ws/install/vicon_receiver/include/boost/mpl/aux_/iter_fold_impl.hpp
[190.417s] -- Installing: /home/admin/bench/lab/STAGING_helios16p_kiss_legged_bench_cyclone_container_files/helios16p_ws/install/vicon_receiver/include/boost/mpl/aux_/full_lambda.hpp
[190.417s] -- Installing: /home/admin/bench/lab/STAGING_helios16p_kiss_legged_bench_cyclone_container_files/helios16p_ws/install/vicon_receiver/include/boost/mpl/aux_/na_spec.hpp
[190.421s] -- Installing: /home/admin/bench/lab/STAGING_helios16p_kiss_legged_bench_cyclone_container_files/helios16p_ws/install/vicon_receiver/include/boost/mpl/aux_/lambda_support.hpp
[190.422s] -- Installing: /home/admin/bench/lab/STAGING_helios16p_kiss_legged_bench_cyclone_container_files/helios16p_ws/install/vicon_receiver/include/boost/mpl/aux_/lambda_spec.hpp
[190.429s] -- Installing: /home/admin/bench/lab/STAGING_helios16p_kiss_legged_bench_cyclone_container_files/helios16p_ws/install/vicon_receiver/include/boost/mpl/aux_/push_front_impl.hpp
[190.430s] -- Installing: /home/admin/bench/lab/STAGING_helios16p_kiss_legged_bench_cyclone_container_files/helios16p_ws/install/vicon_receiver/include/boost/mpl/aux_/sequence_wrapper.hpp
[190.430s] -- Installing: /home/admin/bench/lab/STAGING_helios16p_kiss_legged_bench_cyclone_container_files/helios16p_ws/install/vicon_receiver/include/boost/mpl/aux_/erase_impl.hpp
[190.446s] -- Installing: /home/admin/bench/lab/STAGING_helios16p_kiss_legged_bench_cyclone_container_files/helios16p_ws/install/vicon_receiver/include/boost/mpl/aux_/comparison_op.hpp
[190.471s] -- Installing: /home/admin/bench/lab/STAGING_helios16p_kiss_legged_bench_cyclone_container_files/helios16p_ws/install/vicon_receiver/include/boost/mpl/aux_/msvc_never_true.hpp
[190.472s] -- Installing: /home/admin/bench/lab/STAGING_helios16p_kiss_legged_bench_cyclone_container_files/helios16p_ws/install/vicon_receiver/include/boost/mpl/aux_/erase_key_impl.hpp
[190.473s] -- Installing: /home/admin/bench/lab/STAGING_helios16p_kiss_legged_bench_cyclone_container_files/helios16p_ws/install/vicon_receiver/include/boost/mpl/aux_/na.hpp
[190.493s] -- Installing: /home/admin/bench/lab/STAGING_helios16p_kiss_legged_bench_cyclone_container_files/helios16p_ws/install/vicon_receiver/include/boost/mpl/aux_/front_impl.hpp
[190.495s] -- Installing: /home/admin/bench/lab/STAGING_helios16p_kiss_legged_bench_cyclone_container_files/helios16p_ws/install/vicon_receiver/include/boost/mpl/aux_/back_impl.hpp
[190.499s] -- Installing: /home/admin/bench/lab/STAGING_helios16p_kiss_legged_bench_cyclone_container_files/helios16p_ws/install/vicon_receiver/include/boost/mpl/aux_/at_impl.hpp
[190.500s] -- Installing: /home/admin/bench/lab/STAGING_helios16p_kiss_legged_bench_cyclone_container_files/helios16p_ws/install/vicon_receiver/include/boost/mpl/aux_/is_msvc_eti_arg.hpp
[190.500s] -- Installing: /home/admin/bench/lab/STAGING_helios16p_kiss_legged_bench_cyclone_container_files/helios16p_ws/install/vicon_receiver/include/boost/mpl/aux_/arity.hpp
[190.517s] -- Installing: /home/admin/bench/lab/STAGING_helios16p_kiss_legged_bench_cyclone_container_files/helios16p_ws/install/vicon_receiver/include/boost/mpl/aux_/traits_lambda_spec.hpp
[190.518s] -- Installing: /home/admin/bench/lab/STAGING_helios16p_kiss_legged_bench_cyclone_container_files/helios16p_ws/install/vicon_receiver/include/boost/mpl/aux_/fold_impl.hpp
[190.520s] -- Installing: /home/admin/bench/lab/STAGING_helios16p_kiss_legged_bench_cyclone_container_files/helios16p_ws/install/vicon_receiver/include/boost/mpl/aux_/empty_impl.hpp
[190.523s] -- Installing: /home/admin/bench/lab/STAGING_helios16p_kiss_legged_bench_cyclone_container_files/helios16p_ws/install/vicon_receiver/include/boost/mpl/aux_/integral_wrapper.hpp
[190.526s] -- Installing: /home/admin/bench/lab/STAGING_helios16p_kiss_legged_bench_cyclone_container_files/helios16p_ws/install/vicon_receiver/include/boost/mpl/aux_/template_arity_fwd.hpp
[190.531s] -- Installing: /home/admin/bench/lab/STAGING_helios16p_kiss_legged_bench_cyclone_container_files/helios16p_ws/install/vicon_receiver/include/boost/mpl/aux_/pop_front_impl.hpp
[190.532s] -- Installing: /home/admin/bench/lab/STAGING_helios16p_kiss_legged_bench_cyclone_container_files/helios16p_ws/install/vicon_receiver/include/boost/mpl/aux_/has_key_impl.hpp
[190.533s] -- Installing: /home/admin/bench/lab/STAGING_helios16p_kiss_legged_bench_cyclone_container_files/helios16p_ws/install/vicon_receiver/include/boost/mpl/is_sequence.hpp
[190.538s] -- Installing: /home/admin/bench/lab/STAGING_helios16p_kiss_legged_bench_cyclone_container_files/helios16p_ws/install/vicon_receiver/include/boost/mpl/has_xxx.hpp
[190.542s] -- Installing: /home/admin/bench/lab/STAGING_helios16p_kiss_legged_bench_cyclone_container_files/helios16p_ws/install/vicon_receiver/include/boost/mpl/logical.hpp
[190.543s] -- Installing: /home/admin/bench/lab/STAGING_helios16p_kiss_legged_bench_cyclone_container_files/helios16p_ws/install/vicon_receiver/include/boost/mpl/minus.hpp
[190.543s] -- Installing: /home/admin/bench/lab/STAGING_helios16p_kiss_legged_bench_cyclone_container_files/helios16p_ws/install/vicon_receiver/include/boost/mpl/clear.hpp
[190.557s] -- Installing: /home/admin/bench/lab/STAGING_helios16p_kiss_legged_bench_cyclone_container_files/helios16p_ws/install/vicon_receiver/include/boost/mpl/identity.hpp
[190.557s] -- Installing: /home/admin/bench/lab/STAGING_helios16p_kiss_legged_bench_cyclone_container_files/helios16p_ws/install/vicon_receiver/include/boost/mpl/list.hpp
[190.558s] -- Installing: /home/admin/bench/lab/STAGING_helios16p_kiss_legged_bench_cyclone_container_files/helios16p_ws/install/vicon_receiver/include/boost/mpl/int.hpp
[190.559s] -- Installing: /home/admin/bench/lab/STAGING_helios16p_kiss_legged_bench_cyclone_container_files/helios16p_ws/install/vicon_receiver/include/boost/mpl/comparison.hpp
[190.562s] -- Installing: /home/admin/bench/lab/STAGING_helios16p_kiss_legged_bench_cyclone_container_files/helios16p_ws/install/vicon_receiver/include/boost/mpl/distance_fwd.hpp
[190.563s] -- Installing: /home/admin/bench/lab/STAGING_helios16p_kiss_legged_bench_cyclone_container_files/helios16p_ws/install/vicon_receiver/include/boost/mpl/bool.hpp
[190.563s] -- Installing: /home/admin/bench/lab/STAGING_helios16p_kiss_legged_bench_cyclone_container_files/helios16p_ws/install/vicon_receiver/include/boost/mpl/equal_to.hpp
[190.567s] -- Installing: /home/admin/bench/lab/STAGING_helios16p_kiss_legged_bench_cyclone_container_files/helios16p_ws/install/vicon_receiver/include/boost/mpl/end.hpp
[190.568s] -- Installing: /home/admin/bench/lab/STAGING_helios16p_kiss_legged_bench_cyclone_container_files/helios16p_ws/install/vicon_receiver/include/boost/mpl/placeholders.hpp
[190.570s] -- Installing: /home/admin/bench/lab/STAGING_helios16p_kiss_legged_bench_cyclone_container_files/helios16p_ws/install/vicon_receiver/include/boost/mpl/int_fwd.hpp
[190.571s] -- Installing: /home/admin/bench/lab/STAGING_helios16p_kiss_legged_bench_cyclone_container_files/helios16p_ws/install/vicon_receiver/include/boost/mpl/fold.hpp
[190.578s] -- Installing: /home/admin/bench/lab/STAGING_helios16p_kiss_legged_bench_cyclone_container_files/helios16p_ws/install/vicon_receiver/include/boost/mpl/push_front_fwd.hpp
[190.579s] -- Installing: /home/admin/bench/lab/STAGING_helios16p_kiss_legged_bench_cyclone_container_files/helios16p_ws/install/vicon_receiver/include/boost/mpl/if.hpp
[190.579s] -- Installing: /home/admin/bench/lab/STAGING_helios16p_kiss_legged_bench_cyclone_container_files/helios16p_ws/install/vicon_receiver/include/boost/mpl/remove_if.hpp
[190.582s] -- Installing: /home/admin/bench/lab/STAGING_helios16p_kiss_legged_bench_cyclone_container_files/helios16p_ws/install/vicon_receiver/include/boost/mpl/front_fwd.hpp
[190.583s] -- Installing: /home/admin/bench/lab/STAGING_helios16p_kiss_legged_bench_cyclone_container_files/helios16p_ws/install/vicon_receiver/include/boost/mpl/erase_key.hpp
[190.585s] -- Installing: /home/admin/bench/lab/STAGING_helios16p_kiss_legged_bench_cyclone_container_files/helios16p_ws/install/vicon_receiver/include/boost/mpl/pop_back.hpp
[190.590s] -- Installing: /home/admin/bench/lab/STAGING_helios16p_kiss_legged_bench_cyclone_container_files/helios16p_ws/install/vicon_receiver/include/boost/mpl/apply_wrap.hpp
[190.595s] -- Installing: /home/admin/bench/lab/STAGING_helios16p_kiss_legged_bench_cyclone_container_files/helios16p_ws/install/vicon_receiver/include/boost/mpl/front_inserter.hpp
[190.597s] -- Installing: /home/admin/bench/lab/STAGING_helios16p_kiss_legged_bench_cyclone_container_files/helios16p_ws/install/vicon_receiver/include/boost/mpl/or.hpp
[190.604s] -- Installing: /home/admin/bench/lab/STAGING_helios16p_kiss_legged_bench_cyclone_container_files/helios16p_ws/install/vicon_receiver/include/boost/mpl/not_equal_to.hpp
[190.604s] -- Installing: /home/admin/bench/lab/STAGING_helios16p_kiss_legged_bench_cyclone_container_files/helios16p_ws/install/vicon_receiver/include/boost/mpl/eval_if.hpp
[190.606s] -- Installing: /home/admin/bench/lab/STAGING_helios16p_kiss_legged_bench_cyclone_container_files/helios16p_ws/install/vicon_receiver/include/boost/mpl/push_back_fwd.hpp
[190.609s] -- Installing: /home/admin/bench/lab/STAGING_helios16p_kiss_legged_bench_cyclone_container_files/helios16p_ws/install/vicon_receiver/include/boost/mpl/protect.hpp
[190.613s] -- Installing: /home/admin/bench/lab/STAGING_helios16p_kiss_legged_bench_cyclone_container_files/helios16p_ws/install/vicon_receiver/include/boost/mpl/vector
[190.614s] -- Installing: /home/admin/bench/lab/STAGING_helios16p_kiss_legged_bench_cyclone_container_files/helios16p_ws/install/vicon_receiver/include/boost/mpl/vector/vector20_c.hpp
[190.618s] -- Installing: /home/admin/bench/lab/STAGING_helios16p_kiss_legged_bench_cyclone_container_files/helios16p_ws/install/vicon_receiver/include/boost/mpl/vector/vector30_c.hpp
[190.619s] -- Installing: /home/admin/bench/lab/STAGING_helios16p_kiss_legged_bench_cyclone_container_files/helios16p_ws/install/vicon_receiver/include/boost/mpl/vector/vector10.hpp
[190.620s] -- Installing: /home/admin/bench/lab/STAGING_helios16p_kiss_legged_bench_cyclone_container_files/helios16p_ws/install/vicon_receiver/include/boost/mpl/vector/vector40_c.hpp
[190.624s] -- Installing: /home/admin/bench/lab/STAGING_helios16p_kiss_legged_bench_cyclone_container_files/helios16p_ws/install/vicon_receiver/include/boost/mpl/vector/vector0.hpp
[190.626s] -- Installing: /home/admin/bench/lab/STAGING_helios16p_kiss_legged_bench_cyclone_container_files/helios16p_ws/install/vicon_receiver/include/boost/mpl/vector/vector20.hpp
[190.630s] -- Installing: /home/admin/bench/lab/STAGING_helios16p_kiss_legged_bench_cyclone_container_files/helios16p_ws/install/vicon_receiver/include/boost/mpl/vector/vector0_c.hpp
[190.632s] -- Installing: /home/admin/bench/lab/STAGING_helios16p_kiss_legged_bench_cyclone_container_files/helios16p_ws/install/vicon_receiver/include/boost/mpl/vector/vector50_c.hpp
[190.633s] -- Installing: /home/admin/bench/lab/STAGING_helios16p_kiss_legged_bench_cyclone_container_files/helios16p_ws/install/vicon_receiver/include/boost/mpl/vector/vector30.hpp
[190.658s] -- Installing: /home/admin/bench/lab/STAGING_helios16p_kiss_legged_bench_cyclone_container_files/helios16p_ws/install/vicon_receiver/include/boost/mpl/vector/vector40.hpp
[190.658s] -- Installing: /home/admin/bench/lab/STAGING_helios16p_kiss_legged_bench_cyclone_container_files/helios16p_ws/install/vicon_receiver/include/boost/mpl/vector/aux_
[190.659s] -- Installing: /home/admin/bench/lab/STAGING_helios16p_kiss_legged_bench_cyclone_container_files/helios16p_ws/install/vicon_receiver/include/boost/mpl/vector/aux_/empty.hpp
[190.659s] -- Installing: /home/admin/bench/lab/STAGING_helios16p_kiss_legged_bench_cyclone_container_files/helios16p_ws/install/vicon_receiver/include/boost/mpl/vector/aux_/at.hpp
[190.659s] -- Installing: /home/admin/bench/lab/STAGING_helios16p_kiss_legged_bench_cyclone_container_files/helios16p_ws/install/vicon_receiver/include/boost/mpl/vector/aux_/push_back.hpp
[190.665s] -- Installing: /home/admin/bench/lab/STAGING_helios16p_kiss_legged_bench_cyclone_container_files/helios16p_ws/install/vicon_receiver/include/boost/mpl/vector/aux_/item.hpp
[190.665s] -- Installing: /home/admin/bench/lab/STAGING_helios16p_kiss_legged_bench_cyclone_container_files/helios16p_ws/install/vicon_receiver/include/boost/mpl/vector/aux_/tag.hpp
[190.666s] -- Installing: /home/admin/bench/lab/STAGING_helios16p_kiss_legged_bench_cyclone_container_files/helios16p_ws/install/vicon_receiver/include/boost/mpl/vector/aux_/vector0.hpp
[190.666s] -- Installing: /home/admin/bench/lab/STAGING_helios16p_kiss_legged_bench_cyclone_container_files/helios16p_ws/install/vicon_receiver/include/boost/mpl/vector/aux_/numbered.hpp
[190.666s] -- Installing: /home/admin/bench/lab/STAGING_helios16p_kiss_legged_bench_cyclone_container_files/helios16p_ws/install/vicon_receiver/include/boost/mpl/vector/aux_/pop_front.hpp
[190.666s] -- Installing: /home/admin/bench/lab/STAGING_helios16p_kiss_legged_bench_cyclone_container_files/helios16p_ws/install/vicon_receiver/include/boost/mpl/vector/aux_/push_front.hpp
[190.667s] -- Installing: /home/admin/bench/lab/STAGING_helios16p_kiss_legged_bench_cyclone_container_files/helios16p_ws/install/vicon_receiver/include/boost/mpl/vector/aux_/O1_size.hpp
[190.684s] -- Installing: /home/admin/bench/lab/STAGING_helios16p_kiss_legged_bench_cyclone_container_files/helios16p_ws/install/vicon_receiver/include/boost/mpl/vector/aux_/back.hpp
[190.684s] -- Installing: /home/admin/bench/lab/STAGING_helios16p_kiss_legged_bench_cyclone_container_files/helios16p_ws/install/vicon_receiver/include/boost/mpl/vector/aux_/front.hpp
[190.684s] -- Installing: /home/admin/bench/lab/STAGING_helios16p_kiss_legged_bench_cyclone_container_files/helios16p_ws/install/vicon_receiver/include/boost/mpl/vector/aux_/numbered_c.hpp
[190.685s] -- Installing: /home/admin/bench/lab/STAGING_helios16p_kiss_legged_bench_cyclone_container_files/helios16p_ws/install/vicon_receiver/include/boost/mpl/vector/aux_/clear.hpp
[190.685s] -- Installing: /home/admin/bench/lab/STAGING_helios16p_kiss_legged_bench_cyclone_container_files/helios16p_ws/install/vicon_receiver/include/boost/mpl/vector/aux_/preprocessed
[190.685s] -- Installing: /home/admin/bench/lab/STAGING_helios16p_kiss_legged_bench_cyclone_container_files/helios16p_ws/install/vicon_receiver/include/boost/mpl/vector/aux_/preprocessed/typeof_based
[190.686s] -- Installing: /home/admin/bench/lab/STAGING_helios16p_kiss_legged_bench_cyclone_container_files/helios16p_ws/install/vicon_receiver/include/boost/mpl/vector/aux_/preprocessed/typeof_based/vector20_c.hpp
[190.686s] -- Installing: /home/admin/bench/lab/STAGING_helios16p_kiss_legged_bench_cyclone_container_files/helios16p_ws/install/vicon_receiver/include/boost/mpl/vector/aux_/preprocessed/typeof_based/vector30_c.hpp
[190.686s] -- Installing: /home/admin/bench/lab/STAGING_helios16p_kiss_legged_bench_cyclone_container_files/helios16p_ws/install/vicon_receiver/include/boost/mpl/vector/aux_/preprocessed/typeof_based/vector10.hpp
[190.686s] -- Installing: /home/admin/bench/lab/STAGING_helios16p_kiss_legged_bench_cyclone_container_files/helios16p_ws/install/vicon_receiver/include/boost/mpl/vector/aux_/preprocessed/typeof_based/vector40_c.hpp
[190.687s] -- Installing: /home/admin/bench/lab/STAGING_helios16p_kiss_legged_bench_cyclone_container_files/helios16p_ws/install/vicon_receiver/include/boost/mpl/vector/aux_/preprocessed/typeof_based/vector20.hpp
[190.689s] -- Installing: /home/admin/bench/lab/STAGING_helios16p_kiss_legged_bench_cyclone_container_files/helios16p_ws/install/vicon_receiver/include/boost/mpl/vector/aux_/preprocessed/typeof_based/vector50_c.hpp
[190.693s] -- Installing: /home/admin/bench/lab/STAGING_helios16p_kiss_legged_bench_cyclone_container_files/helios16p_ws/install/vicon_receiver/include/boost/mpl/vector/aux_/preprocessed/typeof_based/vector30.hpp
[190.693s] -- Installing: /home/admin/bench/lab/STAGING_helios16p_kiss_legged_bench_cyclone_container_files/helios16p_ws/install/vicon_receiver/include/boost/mpl/vector/aux_/preprocessed/typeof_based/vector40.hpp
[190.693s] -- Installing: /home/admin/bench/lab/STAGING_helios16p_kiss_legged_bench_cyclone_container_files/helios16p_ws/install/vicon_receiver/include/boost/mpl/vector/aux_/preprocessed/typeof_based/vector10_c.hpp
[190.694s] -- Installing: /home/admin/bench/lab/STAGING_helios16p_kiss_legged_bench_cyclone_container_files/helios16p_ws/install/vicon_receiver/include/boost/mpl/vector/aux_/preprocessed/typeof_based/vector50.hpp
[190.697s] -- Installing: /home/admin/bench/lab/STAGING_helios16p_kiss_legged_bench_cyclone_container_files/helios16p_ws/install/vicon_receiver/include/boost/mpl/vector/aux_/preprocessed/plain
[190.700s] -- Installing: /home/admin/bench/lab/STAGING_helios16p_kiss_legged_bench_cyclone_container_files/helios16p_ws/install/vicon_receiver/include/boost/mpl/vector/aux_/preprocessed/plain/vector20_c.hpp
[190.701s] -- Installing: /home/admin/bench/lab/STAGING_helios16p_kiss_legged_bench_cyclone_container_files/helios16p_ws/install/vicon_receiver/include/boost/mpl/vector/aux_/preprocessed/plain/vector30_c.hpp
[190.705s] -- Installing: /home/admin/bench/lab/STAGING_helios16p_kiss_legged_bench_cyclone_container_files/helios16p_ws/install/vicon_receiver/include/boost/mpl/vector/aux_/preprocessed/plain/vector10.hpp
[190.707s] -- Installing: /home/admin/bench/lab/STAGING_helios16p_kiss_legged_bench_cyclone_container_files/helios16p_ws/install/vicon_receiver/include/boost/mpl/vector/aux_/preprocessed/plain/vector40_c.hpp
[190.710s] -- Installing: /home/admin/bench/lab/STAGING_helios16p_kiss_legged_bench_cyclone_container_files/helios16p_ws/install/vicon_receiver/include/boost/mpl/vector/aux_/preprocessed/plain/vector20.hpp
[190.713s] -- Installing: /home/admin/bench/lab/STAGING_helios16p_kiss_legged_bench_cyclone_container_files/helios16p_ws/install/vicon_receiver/include/boost/mpl/vector/aux_/preprocessed/plain/vector50_c.hpp
[190.717s] -- Installing: /home/admin/bench/lab/STAGING_helios16p_kiss_legged_bench_cyclone_container_files/helios16p_ws/install/vicon_receiver/include/boost/mpl/vector/aux_/preprocessed/plain/vector30.hpp
[190.720s] -- Installing: /home/admin/bench/lab/STAGING_helios16p_kiss_legged_bench_cyclone_container_files/helios16p_ws/install/vicon_receiver/include/boost/mpl/vector/aux_/preprocessed/plain/vector40.hpp
[190.726s] -- Installing: /home/admin/bench/lab/STAGING_helios16p_kiss_legged_bench_cyclone_container_files/helios16p_ws/install/vicon_receiver/include/boost/mpl/vector/aux_/preprocessed/plain/vector10_c.hpp
[190.728s] -- Installing: /home/admin/bench/lab/STAGING_helios16p_kiss_legged_bench_cyclone_container_files/helios16p_ws/install/vicon_receiver/include/boost/mpl/vector/aux_/preprocessed/plain/vector50.hpp
[190.729s] -- Installing: /home/admin/bench/lab/STAGING_helios16p_kiss_legged_bench_cyclone_container_files/helios16p_ws/install/vicon_receiver/include/boost/mpl/vector/aux_/preprocessed/no_ctps
[190.734s] -- Installing: /home/admin/bench/lab/STAGING_helios16p_kiss_legged_bench_cyclone_container_files/helios16p_ws/install/vicon_receiver/include/boost/mpl/vector/aux_/preprocessed/no_ctps/vector20_c.hpp
[190.735s] -- Installing: /home/admin/bench/lab/STAGING_helios16p_kiss_legged_bench_cyclone_container_files/helios16p_ws/install/vicon_receiver/include/boost/mpl/vector/aux_/preprocessed/no_ctps/vector30_c.hpp
[190.739s] -- Installing: /home/admin/bench/lab/STAGING_helios16p_kiss_legged_bench_cyclone_container_files/helios16p_ws/install/vicon_receiver/include/boost/mpl/vector/aux_/preprocessed/no_ctps/vector10.hpp
[190.740s] -- Installing: /home/admin/bench/lab/STAGING_helios16p_kiss_legged_bench_cyclone_container_files/helios16p_ws/install/vicon_receiver/include/boost/mpl/vector/aux_/preprocessed/no_ctps/vector40_c.hpp
[190.747s] -- Installing: /home/admin/bench/lab/STAGING_helios16p_kiss_legged_bench_cyclone_container_files/helios16p_ws/install/vicon_receiver/include/boost/mpl/vector/aux_/preprocessed/no_ctps/vector20.hpp
[190.751s] -- Installing: /home/admin/bench/lab/STAGING_helios16p_kiss_legged_bench_cyclone_container_files/helios16p_ws/install/vicon_receiver/include/boost/mpl/vector/aux_/preprocessed/no_ctps/vector50_c.hpp
[190.758s] -- Installing: /home/admin/bench/lab/STAGING_helios16p_kiss_legged_bench_cyclone_container_files/helios16p_ws/install/vicon_receiver/include/boost/mpl/vector/aux_/preprocessed/no_ctps/vector30.hpp
[190.759s] -- Installing: /home/admin/bench/lab/STAGING_helios16p_kiss_legged_bench_cyclone_container_files/helios16p_ws/install/vicon_receiver/include/boost/mpl/vector/aux_/preprocessed/no_ctps/vector40.hpp
[190.767s] -- Installing: /home/admin/bench/lab/STAGING_helios16p_kiss_legged_bench_cyclone_container_files/helios16p_ws/install/vicon_receiver/include/boost/mpl/vector/aux_/preprocessed/no_ctps/vector10_c.hpp
[190.768s] -- Installing: /home/admin/bench/lab/STAGING_helios16p_kiss_legged_bench_cyclone_container_files/helios16p_ws/install/vicon_receiver/include/boost/mpl/vector/aux_/preprocessed/no_ctps/vector50.hpp
[190.777s] -- Installing: /home/admin/bench/lab/STAGING_helios16p_kiss_legged_bench_cyclone_container_files/helios16p_ws/install/vicon_receiver/include/boost/mpl/vector/aux_/pop_back.hpp
[190.778s] -- Installing: /home/admin/bench/lab/STAGING_helios16p_kiss_legged_bench_cyclone_container_files/helios16p_ws/install/vicon_receiver/include/boost/mpl/vector/aux_/include_preprocessed.hpp
[190.779s] -- Installing: /home/admin/bench/lab/STAGING_helios16p_kiss_legged_bench_cyclone_container_files/helios16p_ws/install/vicon_receiver/include/boost/mpl/vector/aux_/begin_end.hpp
[190.787s] -- Installing: /home/admin/bench/lab/STAGING_helios16p_kiss_legged_bench_cyclone_container_files/helios16p_ws/install/vicon_receiver/include/boost/mpl/vector/aux_/size.hpp
[190.788s] -- Installing: /home/admin/bench/lab/STAGING_helios16p_kiss_legged_bench_cyclone_container_files/helios16p_ws/install/vicon_receiver/include/boost/mpl/vector/aux_/iterator.hpp
[190.788s] -- Installing: /home/admin/bench/lab/STAGING_helios16p_kiss_legged_bench_cyclone_container_files/helios16p_ws/install/vicon_receiver/include/boost/mpl/vector/vector10_c.hpp
[190.796s] -- Installing: /home/admin/bench/lab/STAGING_helios16p_kiss_legged_bench_cyclone_container_files/helios16p_ws/install/vicon_receiver/include/boost/mpl/vector/vector50.hpp
[190.798s] -- Installing: /home/admin/bench/lab/STAGING_helios16p_kiss_legged_bench_cyclone_container_files/helios16p_ws/install/vicon_receiver/include/boost/mpl/begin_end_fwd.hpp
[190.812s] -- Installing: /home/admin/bench/lab/STAGING_helios16p_kiss_legged_bench_cyclone_container_files/helios16p_ws/install/vicon_receiver/include/boost/mpl/less_equal.hpp
[190.812s] -- Installing: /home/admin/bench/lab/STAGING_helios16p_kiss_legged_bench_cyclone_container_files/helios16p_ws/install/vicon_receiver/include/boost/mpl/times.hpp
[190.813s] -- Installing: /home/admin/bench/lab/STAGING_helios16p_kiss_legged_bench_cyclone_container_files/helios16p_ws/install/vicon_receiver/include/boost/mpl/insert_fwd.hpp
[190.813s] -- Installing: /home/admin/bench/lab/STAGING_helios16p_kiss_legged_bench_cyclone_container_files/helios16p_ws/install/vicon_receiver/include/boost/mpl/less.hpp
[190.818s] -- Installing: /home/admin/bench/lab/STAGING_helios16p_kiss_legged_bench_cyclone_container_files/helios16p_ws/install/vicon_receiver/include/boost/mpl/void_fwd.hpp
[190.823s] -- Installing: /home/admin/bench/lab/STAGING_helios16p_kiss_legged_bench_cyclone_container_files/helios16p_ws/install/vicon_receiver/include/boost/mpl/pop_front_fwd.hpp
[190.824s] -- Installing: /home/admin/bench/lab/STAGING_helios16p_kiss_legged_bench_cyclone_container_files/helios16p_ws/install/vicon_receiver/include/boost/mpl/arg.hpp
[190.825s] -- Installing: /home/admin/bench/lab/STAGING_helios16p_kiss_legged_bench_cyclone_container_files/helios16p_ws/install/vicon_receiver/include/boost/mpl/contains_fwd.hpp
[190.831s] -- Installing: /home/admin/bench/lab/STAGING_helios16p_kiss_legged_bench_cyclone_container_files/helios16p_ws/install/vicon_receiver/include/boost/mpl/iterator_tags.hpp
[190.832s] -- Installing: /home/admin/bench/lab/STAGING_helios16p_kiss_legged_bench_cyclone_container_files/helios16p_ws/install/vicon_receiver/include/boost/mpl/size_t_fwd.hpp
[190.853s] -- Installing: /home/admin/bench/lab/STAGING_helios16p_kiss_legged_bench_cyclone_container_files/helios16p_ws/install/vicon_receiver/include/boost/mpl/long_fwd.hpp
[190.854s] -- Installing: /home/admin/bench/lab/STAGING_helios16p_kiss_legged_bench_cyclone_container_files/helios16p_ws/install/vicon_receiver/include/boost/mpl/begin_end.hpp
[190.855s] -- Installing: /home/admin/bench/lab/STAGING_helios16p_kiss_legged_bench_cyclone_container_files/helios16p_ws/install/vicon_receiver/include/boost/mpl/iter_fold.hpp
[190.859s] -- Installing: /home/admin/bench/lab/STAGING_helios16p_kiss_legged_bench_cyclone_container_files/helios16p_ws/install/vicon_receiver/include/boost/mpl/has_key_fwd.hpp
[190.863s] -- Installing: /home/admin/bench/lab/STAGING_helios16p_kiss_legged_bench_cyclone_container_files/helios16p_ws/install/vicon_receiver/include/boost/mpl/next_prior.hpp
[190.865s] -- Installing: /home/admin/bench/lab/STAGING_helios16p_kiss_legged_bench_cyclone_container_files/helios16p_ws/install/vicon_receiver/include/boost/mpl/negate.hpp
[190.882s] -- Installing: /home/admin/bench/lab/STAGING_helios16p_kiss_legged_bench_cyclone_container_files/helios16p_ws/install/vicon_receiver/include/boost/mpl/always.hpp
[190.887s] -- Installing: /home/admin/bench/lab/STAGING_helios16p_kiss_legged_bench_cyclone_container_files/helios16p_ws/install/vicon_receiver/include/boost/mpl/size_fwd.hpp
[190.890s] -- Installing: /home/admin/bench/lab/STAGING_helios16p_kiss_legged_bench_cyclone_container_files/helios16p_ws/install/vicon_receiver/include/boost/mpl/iterator_range.hpp
[190.891s] -- Installing: /home/admin/bench/lab/STAGING_helios16p_kiss_legged_bench_cyclone_container_files/helios16p_ws/install/vicon_receiver/include/boost/mpl/prior.hpp
[190.898s] -- Installing: /home/admin/bench/lab/STAGING_helios16p_kiss_legged_bench_cyclone_container_files/helios16p_ws/install/vicon_receiver/include/boost/mpl/inserter.hpp
[190.898s] -- Installing: /home/admin/bench/lab/STAGING_helios16p_kiss_legged_bench_cyclone_container_files/helios16p_ws/install/vicon_receiver/include/boost/mpl/limits
[190.926s] -- Installing: /home/admin/bench/lab/STAGING_helios16p_kiss_legged_bench_cyclone_container_files/helios16p_ws/install/vicon_receiver/include/boost/mpl/limits/unrolling.hpp
[190.928s] -- Installing: /home/admin/bench/lab/STAGING_helios16p_kiss_legged_bench_cyclone_container_files/helios16p_ws/install/vicon_receiver/include/boost/mpl/limits/vector.hpp
[190.932s] -- Installing: /home/admin/bench/lab/STAGING_helios16p_kiss_legged_bench_cyclone_container_files/helios16p_ws/install/vicon_receiver/include/boost/mpl/limits/list.hpp
[190.935s] -- Installing: /home/admin/bench/lab/STAGING_helios16p_kiss_legged_bench_cyclone_container_files/helios16p_ws/install/vicon_receiver/include/boost/mpl/limits/arity.hpp
[190.936s] -- Installing: /home/admin/bench/lab/STAGING_helios16p_kiss_legged_bench_cyclone_container_files/helios16p_ws/install/vicon_receiver/include/boost/mpl/bind_fwd.hpp
[190.970s] -- Installing: /home/admin/bench/lab/STAGING_helios16p_kiss_legged_bench_cyclone_container_files/helios16p_ws/install/vicon_receiver/include/boost/mpl/void.hpp
[190.971s] -- Installing: /home/admin/bench/lab/STAGING_helios16p_kiss_legged_bench_cyclone_container_files/helios16p_ws/install/vicon_receiver/include/boost/mpl/O1_size_fwd.hpp
[190.971s] -- Installing: /home/admin/bench/lab/STAGING_helios16p_kiss_legged_bench_cyclone_container_files/helios16p_ws/install/vicon_receiver/include/boost/mpl/size_t.hpp
[190.971s] -- Installing: /home/admin/bench/lab/STAGING_helios16p_kiss_legged_bench_cyclone_container_files/helios16p_ws/install/vicon_receiver/include/boost/mpl/size.hpp
[190.972s] -- Installing: /home/admin/bench/lab/STAGING_helios16p_kiss_legged_bench_cyclone_container_files/helios16p_ws/install/vicon_receiver/include/boost/mpl/lambda.hpp
[190.972s] -- Installing: /home/admin/bench/lab/STAGING_helios16p_kiss_legged_bench_cyclone_container_files/helios16p_ws/install/vicon_receiver/include/boost/mpl/long.hpp
[190.972s] -- Installing: /home/admin/bench/lab/STAGING_helios16p_kiss_legged_bench_cyclone_container_files/helios16p_ws/install/vicon_receiver/include/boost/mpl/sequence_tag_fwd.hpp
[190.972s] -- Installing: /home/admin/bench/lab/STAGING_helios16p_kiss_legged_bench_cyclone_container_files/helios16p_ws/install/vicon_receiver/include/boost/mpl/apply.hpp
[190.973s] -- Installing: /home/admin/bench/lab/STAGING_helios16p_kiss_legged_bench_cyclone_container_files/helios16p_ws/install/vicon_receiver/include/boost/mpl/insert.hpp
[190.973s] -- Installing: /home/admin/bench/lab/STAGING_helios16p_kiss_legged_bench_cyclone_container_files/helios16p_ws/install/vicon_receiver/include/boost/mpl/numeric_cast.hpp
[190.973s] -- Installing: /home/admin/bench/lab/STAGING_helios16p_kiss_legged_bench_cyclone_container_files/helios16p_ws/install/vicon_receiver/include/boost/mpl/joint_view.hpp
[190.973s] -- Installing: /home/admin/bench/lab/STAGING_helios16p_kiss_legged_bench_cyclone_container_files/helios16p_ws/install/vicon_receiver/include/boost/mpl/not.hpp
[190.982s] -- Installing: /home/admin/bench/lab/STAGING_helios16p_kiss_legged_bench_cyclone_container_files/helios16p_ws/install/vicon_receiver/include/boost/mpl/integral_c_fwd.hpp
[190.984s] -- Installing: /home/admin/bench/lab/STAGING_helios16p_kiss_legged_bench_cyclone_container_files/helios16p_ws/install/vicon_receiver/include/boost/mpl/plus.hpp
[190.984s] -- Installing: /home/admin/bench/lab/STAGING_helios16p_kiss_legged_bench_cyclone_container_files/helios16p_ws/install/vicon_receiver/include/boost/iterator
[190.985s] -- Installing: /home/admin/bench/lab/STAGING_helios16p_kiss_legged_bench_cyclone_container_files/helios16p_ws/install/vicon_receiver/include/boost/iterator/reverse_iterator.hpp
[190.990s] -- Installing: /home/admin/bench/lab/STAGING_helios16p_kiss_legged_bench_cyclone_container_files/helios16p_ws/install/vicon_receiver/include/boost/iterator/advance.hpp
[190.990s] -- Installing: /home/admin/bench/lab/STAGING_helios16p_kiss_legged_bench_cyclone_container_files/helios16p_ws/install/vicon_receiver/include/boost/iterator/transform_iterator.hpp
[190.991s] -- Installing: /home/admin/bench/lab/STAGING_helios16p_kiss_legged_bench_cyclone_container_files/helios16p_ws/install/vicon_receiver/include/boost/iterator/distance.hpp
[191.006s] -- Installing: /home/admin/bench/lab/STAGING_helios16p_kiss_legged_bench_cyclone_container_files/helios16p_ws/install/vicon_receiver/include/boost/iterator/detail
[191.007s] -- Installing: /home/admin/bench/lab/STAGING_helios16p_kiss_legged_bench_cyclone_container_files/helios16p_ws/install/vicon_receiver/include/boost/iterator/detail/config_undef.hpp
[191.007s] -- Installing: /home/admin/bench/lab/STAGING_helios16p_kiss_legged_bench_cyclone_container_files/helios16p_ws/install/vicon_receiver/include/boost/iterator/detail/facade_iterator_category.hpp
[191.007s] -- Installing: /home/admin/bench/lab/STAGING_helios16p_kiss_legged_bench_cyclone_container_files/helios16p_ws/install/vicon_receiver/include/boost/iterator/detail/enable_if.hpp
[191.008s] -- Installing: /home/admin/bench/lab/STAGING_helios16p_kiss_legged_bench_cyclone_container_files/helios16p_ws/install/vicon_receiver/include/boost/iterator/detail/config_def.hpp
[191.009s] -- Installing: /home/admin/bench/lab/STAGING_helios16p_kiss_legged_bench_cyclone_container_files/helios16p_ws/install/vicon_receiver/include/boost/iterator/zip_iterator.hpp
[191.011s] -- Installing: /home/admin/bench/lab/STAGING_helios16p_kiss_legged_bench_cyclone_container_files/helios16p_ws/install/vicon_receiver/include/boost/iterator/iterator_traits.hpp
[191.012s] -- Installing: /home/admin/bench/lab/STAGING_helios16p_kiss_legged_bench_cyclone_container_files/helios16p_ws/install/vicon_receiver/include/boost/iterator/iterator_adaptor.hpp
[191.018s] -- Installing: /home/admin/bench/lab/STAGING_helios16p_kiss_legged_bench_cyclone_container_files/helios16p_ws/install/vicon_receiver/include/boost/iterator/interoperable.hpp
[191.020s] -- Installing: /home/admin/bench/lab/STAGING_helios16p_kiss_legged_bench_cyclone_container_files/helios16p_ws/install/vicon_receiver/include/boost/iterator/iterator_concepts.hpp
[191.045s] -- Installing: /home/admin/bench/lab/STAGING_helios16p_kiss_legged_bench_cyclone_container_files/helios16p_ws/install/vicon_receiver/include/boost/iterator/minimum_category.hpp
[191.045s] -- Installing: /home/admin/bench/lab/STAGING_helios16p_kiss_legged_bench_cyclone_container_files/helios16p_ws/install/vicon_receiver/include/boost/iterator/iterator_categories.hpp
[191.047s] -- Installing: /home/admin/bench/lab/STAGING_helios16p_kiss_legged_bench_cyclone_container_files/helios16p_ws/install/vicon_receiver/include/boost/iterator/iterator_facade.hpp
[191.047s] -- Installing: /home/admin/bench/lab/STAGING_helios16p_kiss_legged_bench_cyclone_container_files/helios16p_ws/install/vicon_receiver/include/boost/integer_traits.hpp
[191.048s] -- Installing: /home/admin/bench/lab/STAGING_helios16p_kiss_legged_bench_cyclone_container_files/helios16p_ws/install/vicon_receiver/include/boost/optional.hpp
[191.048s] -- Installing: /home/admin/bench/lab/STAGING_helios16p_kiss_legged_bench_cyclone_container_files/helios16p_ws/install/vicon_receiver/include/boost/function.hpp
[191.048s] -- Installing: /home/admin/bench/lab/STAGING_helios16p_kiss_legged_bench_cyclone_container_files/helios16p_ws/install/vicon_receiver/include/boost/assert.hpp
[191.050s] -- Installing: /home/admin/bench/lab/STAGING_helios16p_kiss_legged_bench_cyclone_container_files/helios16p_ws/install/vicon_receiver/include/boost/cstdint.hpp
[191.068s] -- Installing: /home/admin/bench/lab/STAGING_helios16p_kiss_legged_bench_cyclone_container_files/helios16p_ws/install/vicon_receiver/include/boost/regex
[191.070s] -- Installing: /home/admin/bench/lab/STAGING_helios16p_kiss_legged_bench_cyclone_container_files/helios16p_ws/install/vicon_receiver/include/boost/regex/config
[191.071s] -- Installing: /home/admin/bench/lab/STAGING_helios16p_kiss_legged_bench_cyclone_container_files/helios16p_ws/install/vicon_receiver/include/boost/regex/config/cwchar.hpp
[191.073s] -- Installing: /home/admin/bench/lab/STAGING_helios16p_kiss_legged_bench_cyclone_container_files/helios16p_ws/install/vicon_receiver/include/boost/regex/config/borland.hpp
[191.075s] -- Installing: /home/admin/bench/lab/STAGING_helios16p_kiss_legged_bench_cyclone_container_files/helios16p_ws/install/vicon_receiver/include/boost/regex/user.hpp
[191.076s] -- Installing: /home/admin/bench/lab/STAGING_helios16p_kiss_legged_bench_cyclone_container_files/helios16p_ws/install/vicon_receiver/include/boost/regex/config.hpp
[191.094s] -- Installing: /home/admin/bench/lab/STAGING_helios16p_kiss_legged_bench_cyclone_container_files/helios16p_ws/install/vicon_receiver/include/boost/regex/pending
[191.095s] -- Installing: /home/admin/bench/lab/STAGING_helios16p_kiss_legged_bench_cyclone_container_files/helios16p_ws/install/vicon_receiver/include/boost/regex/pending/static_mutex.hpp
[191.099s] -- Installing: /home/admin/bench/lab/STAGING_helios16p_kiss_legged_bench_cyclone_container_files/helios16p_ws/install/vicon_receiver/include/boost/regex/pending/unicode_iterator.hpp
[191.101s] -- Installing: /home/admin/bench/lab/STAGING_helios16p_kiss_legged_bench_cyclone_container_files/helios16p_ws/install/vicon_receiver/include/boost/regex/pending/object_cache.hpp
[191.103s] -- Installing: /home/admin/bench/lab/STAGING_helios16p_kiss_legged_bench_cyclone_container_files/helios16p_ws/install/vicon_receiver/include/boost/regex/regex_traits.hpp
[191.105s] -- Installing: /home/admin/bench/lab/STAGING_helios16p_kiss_legged_bench_cyclone_container_files/helios16p_ws/install/vicon_receiver/include/boost/regex/icu.hpp
[191.120s] -- Installing: /home/admin/bench/lab/STAGING_helios16p_kiss_legged_bench_cyclone_container_files/helios16p_ws/install/vicon_receiver/include/boost/regex/pattern_except.hpp
[191.120s] -- Installing: /home/admin/bench/lab/STAGING_helios16p_kiss_legged_bench_cyclone_container_files/helios16p_ws/install/vicon_receiver/include/boost/regex/v4
[191.120s] -- Installing: /home/admin/bench/lab/STAGING_helios16p_kiss_legged_bench_cyclone_container_files/helios16p_ws/install/vicon_receiver/include/boost/regex/v4/regex_match.hpp
[191.121s] -- Installing: /home/admin/bench/lab/STAGING_helios16p_kiss_legged_bench_cyclone_container_files/helios16p_ws/install/vicon_receiver/include/boost/regex/v4/basic_regex_parser.hpp
[191.121s] -- Installing: /home/admin/bench/lab/STAGING_helios16p_kiss_legged_bench_cyclone_container_files/helios16p_ws/install/vicon_receiver/include/boost/regex/v4/fileiter.hpp
[191.122s] -- Installing: /home/admin/bench/lab/STAGING_helios16p_kiss_legged_bench_cyclone_container_files/helios16p_ws/install/vicon_receiver/include/boost/regex/v4/mem_block_cache.hpp
[191.122s] -- Installing: /home/admin/bench/lab/STAGING_helios16p_kiss_legged_bench_cyclone_container_files/helios16p_ws/install/vicon_receiver/include/boost/regex/v4/protected_call.hpp
[191.135s] -- Installing: /home/admin/bench/lab/STAGING_helios16p_kiss_legged_bench_cyclone_container_files/helios16p_ws/install/vicon_receiver/include/boost/regex/v4/cregex.hpp
[191.135s] -- Installing: /home/admin/bench/lab/STAGING_helios16p_kiss_legged_bench_cyclone_container_files/helios16p_ws/install/vicon_receiver/include/boost/regex/v4/instances.hpp
[191.135s] -- Installing: /home/admin/bench/lab/STAGING_helios16p_kiss_legged_bench_cyclone_container_files/helios16p_ws/install/vicon_receiver/include/boost/regex/v4/c_regex_traits.hpp
[191.136s] -- Installing: /home/admin/bench/lab/STAGING_helios16p_kiss_legged_bench_cyclone_container_files/helios16p_ws/install/vicon_receiver/include/boost/regex/v4/regex_raw_buffer.hpp
[191.137s] -- Installing: /home/admin/bench/lab/STAGING_helios16p_kiss_legged_bench_cyclone_container_files/helios16p_ws/install/vicon_receiver/include/boost/regex/v4/basic_regex_creator.hpp
[191.142s] -- Installing: /home/admin/bench/lab/STAGING_helios16p_kiss_legged_bench_cyclone_container_files/helios16p_ws/install/vicon_receiver/include/boost/regex/v4/regex_split.hpp
[191.143s] -- Installing: /home/admin/bench/lab/STAGING_helios16p_kiss_legged_bench_cyclone_container_files/helios16p_ws/install/vicon_receiver/include/boost/regex/v4/char_regex_traits.hpp
[191.143s] -- Installing: /home/admin/bench/lab/STAGING_helios16p_kiss_legged_bench_cyclone_container_files/helios16p_ws/install/vicon_receiver/include/boost/regex/v4/iterator_traits.hpp
[191.169s] -- Installing: /home/admin/bench/lab/STAGING_helios16p_kiss_legged_bench_cyclone_container_files/helios16p_ws/install/vicon_receiver/include/boost/regex/v4/regex_grep.hpp
[191.170s] -- Installing: /home/admin/bench/lab/STAGING_helios16p_kiss_legged_bench_cyclone_container_files/helios16p_ws/install/vicon_receiver/include/boost/regex/v4/regex_replace.hpp
[191.170s] -- Installing: /home/admin/bench/lab/STAGING_helios16p_kiss_legged_bench_cyclone_container_files/helios16p_ws/install/vicon_receiver/include/boost/regex/v4/iterator_category.hpp
[191.170s] -- Installing: /home/admin/bench/lab/STAGING_helios16p_kiss_legged_bench_cyclone_container_files/helios16p_ws/install/vicon_receiver/include/boost/regex/v4/indexed_bit_flag.hpp
[191.171s] -- Installing: /home/admin/bench/lab/STAGING_helios16p_kiss_legged_bench_cyclone_container_files/helios16p_ws/install/vicon_receiver/include/boost/regex/v4/regbase.hpp
[191.171s] -- Installing: /home/admin/bench/lab/STAGING_helios16p_kiss_legged_bench_cyclone_container_files/helios16p_ws/install/vicon_receiver/include/boost/regex/v4/u32regex_token_iterator.hpp
[191.187s] -- Installing: /home/admin/bench/lab/STAGING_helios16p_kiss_legged_bench_cyclone_container_files/helios16p_ws/install/vicon_receiver/include/boost/regex/v4/regex_fwd.hpp
[191.188s] -- Installing: /home/admin/bench/lab/STAGING_helios16p_kiss_legged_bench_cyclone_container_files/helios16p_ws/install/vicon_receiver/include/boost/regex/v4/w32_regex_traits.hpp
[191.190s] -- Installing: /home/admin/bench/lab/STAGING_helios16p_kiss_legged_bench_cyclone_container_files/helios16p_ws/install/vicon_receiver/include/boost/regex/v4/error_type.hpp
[191.191s] -- Installing: /home/admin/bench/lab/STAGING_helios16p_kiss_legged_bench_cyclone_container_files/helios16p_ws/install/vicon_receiver/include/boost/regex/v4/match_results.hpp
[191.191s] -- Installing: /home/admin/bench/lab/STAGING_helios16p_kiss_legged_bench_cyclone_container_files/helios16p_ws/install/vicon_receiver/include/boost/regex/v4/perl_matcher.hpp
[191.191s] -- Installing: /home/admin/bench/lab/STAGING_helios16p_kiss_legged_bench_cyclone_container_files/helios16p_ws/install/vicon_receiver/include/boost/regex/v4/regex_iterator.hpp
[191.191s] -- Installing: /home/admin/bench/lab/STAGING_helios16p_kiss_legged_bench_cyclone_container_files/helios16p_ws/install/vicon_receiver/include/boost/regex/v4/syntax_type.hpp
[191.192s] -- Installing: /home/admin/bench/lab/STAGING_helios16p_kiss_legged_bench_cyclone_container_files/helios16p_ws/install/vicon_receiver/include/boost/regex/v4/regex_traits.hpp
[191.194s] -- Installing: /home/admin/bench/lab/STAGING_helios16p_kiss_legged_bench_cyclone_container_files/helios16p_ws/install/vicon_receiver/include/boost/regex/v4/primary_transform.hpp
[191.197s] -- Installing: /home/admin/bench/lab/STAGING_helios16p_kiss_legged_bench_cyclone_container_files/helios16p_ws/install/vicon_receiver/include/boost/regex/v4/u32regex_iterator.hpp
[191.202s] -- Installing: /home/admin/bench/lab/STAGING_helios16p_kiss_legged_bench_cyclone_container_files/helios16p_ws/install/vicon_receiver/include/boost/regex/v4/regex_search.hpp
[191.204s] -- Installing: /home/admin/bench/lab/STAGING_helios16p_kiss_legged_bench_cyclone_container_files/helios16p_ws/install/vicon_receiver/include/boost/regex/v4/regex.hpp
[191.208s] -- Installing: /home/admin/bench/lab/STAGING_helios16p_kiss_legged_bench_cyclone_container_files/helios16p_ws/install/vicon_receiver/include/boost/regex/v4/cpp_regex_traits.hpp
[191.215s] -- Installing: /home/admin/bench/lab/STAGING_helios16p_kiss_legged_bench_cyclone_container_files/helios16p_ws/install/vicon_receiver/include/boost/regex/v4/regex_token_iterator.hpp
[191.217s] -- Installing: /home/admin/bench/lab/STAGING_helios16p_kiss_legged_bench_cyclone_container_files/helios16p_ws/install/vicon_receiver/include/boost/regex/v4/perl_matcher_common.hpp
[191.222s] -- Installing: /home/admin/bench/lab/STAGING_helios16p_kiss_legged_bench_cyclone_container_files/helios16p_ws/install/vicon_receiver/include/boost/regex/v4/perl_matcher_recursive.hpp
[191.225s] -- Installing: /home/admin/bench/lab/STAGING_helios16p_kiss_legged_bench_cyclone_container_files/helios16p_ws/install/vicon_receiver/include/boost/regex/v4/match_flags.hpp
[191.227s] -- Installing: /home/admin/bench/lab/STAGING_helios16p_kiss_legged_bench_cyclone_container_files/helios16p_ws/install/vicon_receiver/include/boost/regex/v4/regex_merge.hpp
[191.232s] -- Installing: /home/admin/bench/lab/STAGING_helios16p_kiss_legged_bench_cyclone_container_files/helios16p_ws/install/vicon_receiver/include/boost/regex/v4/regex_traits_defaults.hpp
[191.237s] -- Installing: /home/admin/bench/lab/STAGING_helios16p_kiss_legged_bench_cyclone_container_files/helios16p_ws/install/vicon_receiver/include/boost/regex/v4/perl_matcher_non_recursive.hpp
[191.240s] -- Installing: /home/admin/bench/lab/STAGING_helios16p_kiss_legged_bench_cyclone_container_files/helios16p_ws/install/vicon_receiver/include/boost/regex/v4/sub_match.hpp
[191.245s] -- Installing: /home/admin/bench/lab/STAGING_helios16p_kiss_legged_bench_cyclone_container_files/helios16p_ws/install/vicon_receiver/include/boost/regex/v4/regex_workaround.hpp
[191.250s] -- Installing: /home/admin/bench/lab/STAGING_helios16p_kiss_legged_bench_cyclone_container_files/helios16p_ws/install/vicon_receiver/include/boost/regex/v4/regex_format.hpp
[191.253s] -- Installing: /home/admin/bench/lab/STAGING_helios16p_kiss_legged_bench_cyclone_container_files/helios16p_ws/install/vicon_receiver/include/boost/regex/v4/basic_regex.hpp
[191.258s] -- Installing: /home/admin/bench/lab/STAGING_helios16p_kiss_legged_bench_cyclone_container_files/helios16p_ws/install/vicon_receiver/include/boost/regex/v4/states.hpp
[191.264s] -- Installing: /home/admin/bench/lab/STAGING_helios16p_kiss_legged_bench_cyclone_container_files/helios16p_ws/install/vicon_receiver/include/boost/io
[191.265s] -- Installing: /home/admin/bench/lab/STAGING_helios16p_kiss_legged_bench_cyclone_container_files/helios16p_ws/install/vicon_receiver/include/boost/io/detail
[191.267s] -- Installing: /home/admin/bench/lab/STAGING_helios16p_kiss_legged_bench_cyclone_container_files/helios16p_ws/install/vicon_receiver/include/boost/io/detail/buffer_fill.hpp
[191.270s] -- Installing: /home/admin/bench/lab/STAGING_helios16p_kiss_legged_bench_cyclone_container_files/helios16p_ws/install/vicon_receiver/include/boost/io/detail/ostream_guard.hpp
[191.271s] -- Installing: /home/admin/bench/lab/STAGING_helios16p_kiss_legged_bench_cyclone_container_files/helios16p_ws/install/vicon_receiver/include/boost/io/quoted.hpp
[191.277s] -- Installing: /home/admin/bench/lab/STAGING_helios16p_kiss_legged_bench_cyclone_container_files/helios16p_ws/install/vicon_receiver/include/boost/io/ios_state.hpp
[191.278s] -- Installing: /home/admin/bench/lab/STAGING_helios16p_kiss_legged_bench_cyclone_container_files/helios16p_ws/install/vicon_receiver/include/boost/winapi
[191.278s] -- Installing: /home/admin/bench/lab/STAGING_helios16p_kiss_legged_bench_cyclone_container_files/helios16p_ws/install/vicon_receiver/include/boost/winapi/thread.hpp
[191.281s] -- Installing: /home/admin/bench/lab/STAGING_helios16p_kiss_legged_bench_cyclone_container_files/helios16p_ws/install/vicon_receiver/include/boost/winapi/wait_on_address.hpp
[191.282s] -- Installing: /home/admin/bench/lab/STAGING_helios16p_kiss_legged_bench_cyclone_container_files/helios16p_ws/install/vicon_receiver/include/boost/winapi/error_handling.hpp
[191.289s] -- Installing: /home/admin/bench/lab/STAGING_helios16p_kiss_legged_bench_cyclone_container_files/helios16p_ws/install/vicon_receiver/include/boost/winapi/crypt.hpp
[191.290s] -- Installing: /home/admin/bench/lab/STAGING_helios16p_kiss_legged_bench_cyclone_container_files/helios16p_ws/install/vicon_receiver/include/boost/winapi/get_current_thread.hpp
[191.291s] -- Installing: /home/admin/bench/lab/STAGING_helios16p_kiss_legged_bench_cyclone_container_files/helios16p_ws/install/vicon_receiver/include/boost/winapi/timers.hpp
[191.292s] -- Installing: /home/admin/bench/lab/STAGING_helios16p_kiss_legged_bench_cyclone_container_files/helios16p_ws/install/vicon_receiver/include/boost/winapi/bcrypt.hpp
[191.293s] -- Installing: /home/admin/bench/lab/STAGING_helios16p_kiss_legged_bench_cyclone_container_files/helios16p_ws/install/vicon_receiver/include/boost/winapi/detail
[191.297s] -- Installing: /home/admin/bench/lab/STAGING_helios16p_kiss_legged_bench_cyclone_container_files/helios16p_ws/install/vicon_receiver/include/boost/winapi/detail/header.hpp
[191.299s] -- Installing: /home/admin/bench/lab/STAGING_helios16p_kiss_legged_bench_cyclone_container_files/helios16p_ws/install/vicon_receiver/include/boost/winapi/detail/footer.hpp
[191.303s] -- Installing: /home/admin/bench/lab/STAGING_helios16p_kiss_legged_bench_cyclone_container_files/helios16p_ws/install/vicon_receiver/include/boost/winapi/detail/cast_ptr.hpp
[191.306s] -- Installing: /home/admin/bench/lab/STAGING_helios16p_kiss_legged_bench_cyclone_container_files/helios16p_ws/install/vicon_receiver/include/boost/winapi/system.hpp
[191.308s] -- Installing: /home/admin/bench/lab/STAGING_helios16p_kiss_legged_bench_cyclone_container_files/helios16p_ws/install/vicon_receiver/include/boost/winapi/access_rights.hpp
[191.308s] -- Installing: /home/admin/bench/lab/STAGING_helios16p_kiss_legged_bench_cyclone_container_files/helios16p_ws/install/vicon_receiver/include/boost/winapi/config.hpp
[191.310s] -- Installing: /home/admin/bench/lab/STAGING_helios16p_kiss_legged_bench_cyclone_container_files/helios16p_ws/install/vicon_receiver/include/boost/winapi/get_proc_address.hpp
[191.311s] -- Installing: /home/admin/bench/lab/STAGING_helios16p_kiss_legged_bench_cyclone_container_files/helios16p_ws/install/vicon_receiver/include/boost/winapi/condition_variable.hpp
[191.314s] -- Installing: /home/admin/bench/lab/STAGING_helios16p_kiss_legged_bench_cyclone_container_files/helios16p_ws/install/vicon_receiver/include/boost/winapi/get_current_thread_id.hpp
[191.316s] -- Installing: /home/admin/bench/lab/STAGING_helios16p_kiss_legged_bench_cyclone_container_files/helios16p_ws/install/vicon_receiver/include/boost/winapi/error_codes.hpp
[191.322s] -- Installing: /home/admin/bench/lab/STAGING_helios16p_kiss_legged_bench_cyclone_container_files/helios16p_ws/install/vicon_receiver/include/boost/winapi/local_memory.hpp
[191.327s] -- Installing: /home/admin/bench/lab/STAGING_helios16p_kiss_legged_bench_cyclone_container_files/helios16p_ws/install/vicon_receiver/include/boost/winapi/get_last_error.hpp
[191.328s] -- Installing: /home/admin/bench/lab/STAGING_helios16p_kiss_legged_bench_cyclone_container_files/helios16p_ws/install/vicon_receiver/include/boost/winapi/character_code_conversion.hpp
[191.331s] -- Installing: /home/admin/bench/lab/STAGING_helios16p_kiss_legged_bench_cyclone_container_files/helios16p_ws/install/vicon_receiver/include/boost/winapi/wait_constants.hpp
[191.331s] -- Installing: /home/admin/bench/lab/STAGING_helios16p_kiss_legged_bench_cyclone_container_files/helios16p_ws/install/vicon_receiver/include/boost/winapi/basic_types.hpp
[191.335s] -- Installing: /home/admin/bench/lab/STAGING_helios16p_kiss_legged_bench_cyclone_container_files/helios16p_ws/install/vicon_receiver/include/boost/winapi/thread_pool.hpp
[191.336s] -- Installing: /home/admin/bench/lab/STAGING_helios16p_kiss_legged_bench_cyclone_container_files/helios16p_ws/install/vicon_receiver/include/boost/winapi/get_current_process.hpp
[191.339s] -- Installing: /home/admin/bench/lab/STAGING_helios16p_kiss_legged_bench_cyclone_container_files/helios16p_ws/install/vicon_receiver/include/boost/winapi/wait.hpp
[191.341s] -- Installing: /home/admin/bench/lab/STAGING_helios16p_kiss_legged_bench_cyclone_container_files/helios16p_ws/install/vicon_receiver/include/boost/winapi/dll.hpp
[191.345s] -- Installing: /home/admin/bench/lab/STAGING_helios16p_kiss_legged_bench_cyclone_container_files/helios16p_ws/install/vicon_receiver/include/boost/winapi/time.hpp
[191.346s] -- Installing: /home/admin/bench/lab/STAGING_helios16p_kiss_legged_bench_cyclone_container_files/helios16p_ws/install/vicon_receiver/include/boost/winapi/semaphore.hpp
[191.347s] -- Installing: /home/admin/bench/lab/STAGING_helios16p_kiss_legged_bench_cyclone_container_files/helios16p_ws/install/vicon_receiver/include/boost/winapi/get_current_process_id.hpp
[191.351s] -- Installing: /home/admin/bench/lab/STAGING_helios16p_kiss_legged_bench_cyclone_container_files/helios16p_ws/install/vicon_receiver/include/boost/winapi/heap_memory.hpp
[191.354s] -- Installing: /home/admin/bench/lab/STAGING_helios16p_kiss_legged_bench_cyclone_container_files/helios16p_ws/install/vicon_receiver/include/boost/winapi/srw_lock.hpp
[191.355s] -- Installing: /home/admin/bench/lab/STAGING_helios16p_kiss_legged_bench_cyclone_container_files/helios16p_ws/install/vicon_receiver/include/boost/winapi/get_thread_times.hpp
[191.357s] -- Installing: /home/admin/bench/lab/STAGING_helios16p_kiss_legged_bench_cyclone_container_files/helios16p_ws/install/vicon_receiver/include/boost/winapi/event.hpp
[191.361s] -- Installing: /home/admin/bench/lab/STAGING_helios16p_kiss_legged_bench_cyclone_container_files/helios16p_ws/install/vicon_receiver/include/boost/winapi/get_process_times.hpp
[191.363s] -- Installing: /home/admin/bench/lab/STAGING_helios16p_kiss_legged_bench_cyclone_container_files/helios16p_ws/install/vicon_receiver/include/boost/winapi/handles.hpp
[191.364s] -- Installing: /home/admin/bench/lab/STAGING_helios16p_kiss_legged_bench_cyclone_container_files/helios16p_ws/install/vicon_receiver/include/boost/winapi/critical_section.hpp
[191.368s] -- Installing: /home/admin/bench/lab/STAGING_helios16p_kiss_legged_bench_cyclone_container_files/helios16p_ws/install/vicon_receiver/include/boost/thread
[191.368s] -- Installing: /home/admin/bench/lab/STAGING_helios16p_kiss_legged_bench_cyclone_container_files/helios16p_ws/install/vicon_receiver/include/boost/thread/poly_lockable.hpp
[191.373s] -- Installing: /home/admin/bench/lab/STAGING_helios16p_kiss_legged_bench_cyclone_container_files/helios16p_ws/install/vicon_receiver/include/boost/thread/thread.hpp
[191.374s] -- Installing: /home/admin/bench/lab/STAGING_helios16p_kiss_legged_bench_cyclone_container_files/helios16p_ws/install/vicon_receiver/include/boost/thread/futures
[191.374s] -- Installing: /home/admin/bench/lab/STAGING_helios16p_kiss_legged_bench_cyclone_container_files/helios16p_ws/install/vicon_receiver/include/boost/thread/futures/is_future_type.hpp
[191.377s] -- Installing: /home/admin/bench/lab/STAGING_helios16p_kiss_legged_bench_cyclone_container_files/helios16p_ws/install/vicon_receiver/include/boost/thread/futures/future_status.hpp
[191.380s] -- Installing: /home/admin/bench/lab/STAGING_helios16p_kiss_legged_bench_cyclone_container_files/helios16p_ws/install/vicon_receiver/include/boost/thread/futures/wait_for_any.hpp
[191.382s] -- Installing: /home/admin/bench/lab/STAGING_helios16p_kiss_legged_bench_cyclone_container_files/helios16p_ws/install/vicon_receiver/include/boost/thread/futures/wait_for_all.hpp
[191.384s] -- Installing: /home/admin/bench/lab/STAGING_helios16p_kiss_legged_bench_cyclone_container_files/helios16p_ws/install/vicon_receiver/include/boost/thread/futures/launch.hpp
[191.385s] -- Installing: /home/admin/bench/lab/STAGING_helios16p_kiss_legged_bench_cyclone_container_files/helios16p_ws/install/vicon_receiver/include/boost/thread/futures/future_error_code.hpp
[191.387s] -- Installing: /home/admin/bench/lab/STAGING_helios16p_kiss_legged_bench_cyclone_container_files/helios16p_ws/install/vicon_receiver/include/boost/thread/futures/future_error.hpp
[191.391s] -- Installing: /home/admin/bench/lab/STAGING_helios16p_kiss_legged_bench_cyclone_container_files/helios16p_ws/install/vicon_receiver/include/boost/thread/lock_factories.hpp
[191.391s] -- Installing: /home/admin/bench/lab/STAGING_helios16p_kiss_legged_bench_cyclone_container_files/helios16p_ws/install/vicon_receiver/include/boost/thread/lock_algorithms.hpp
[191.395s] -- Installing: /home/admin/bench/lab/STAGING_helios16p_kiss_legged_bench_cyclone_container_files/helios16p_ws/install/vicon_receiver/include/boost/thread/mutex.hpp
[191.397s] -- Installing: /home/admin/bench/lab/STAGING_helios16p_kiss_legged_bench_cyclone_container_files/helios16p_ws/install/vicon_receiver/include/boost/thread/lock_guard.hpp
[191.397s] -- Installing: /home/admin/bench/lab/STAGING_helios16p_kiss_legged_bench_cyclone_container_files/helios16p_ws/install/vicon_receiver/include/boost/thread/recursive_mutex.hpp
[191.402s] -- Installing: /home/admin/bench/lab/STAGING_helios16p_kiss_legged_bench_cyclone_container_files/helios16p_ws/install/vicon_receiver/include/boost/thread/poly_lockable_adapter.hpp
[191.405s] -- Installing: /home/admin/bench/lab/STAGING_helios16p_kiss_legged_bench_cyclone_container_files/helios16p_ws/install/vicon_receiver/include/boost/thread/lock_options.hpp
[191.407s] -- Installing: /home/admin/bench/lab/STAGING_helios16p_kiss_legged_bench_cyclone_container_files/helios16p_ws/install/vicon_receiver/include/boost/thread/poly_shared_lockable.hpp
[191.411s] -- Installing: /home/admin/bench/lab/STAGING_helios16p_kiss_legged_bench_cyclone_container_files/helios16p_ws/install/vicon_receiver/include/boost/thread/experimental
[191.411s] -- Installing: /home/admin/bench/lab/STAGING_helios16p_kiss_legged_bench_cyclone_container_files/helios16p_ws/install/vicon_receiver/include/boost/thread/experimental/config
[191.412s] -- Installing: /home/admin/bench/lab/STAGING_helios16p_kiss_legged_bench_cyclone_container_files/helios16p_ws/install/vicon_receiver/include/boost/thread/experimental/config/inline_namespace.hpp
[191.413s] -- Installing: /home/admin/bench/lab/STAGING_helios16p_kiss_legged_bench_cyclone_container_files/helios16p_ws/install/vicon_receiver/include/boost/thread/experimental/exception_list.hpp
[191.414s] -- Installing: /home/admin/bench/lab/STAGING_helios16p_kiss_legged_bench_cyclone_container_files/helios16p_ws/install/vicon_receiver/include/boost/thread/experimental/parallel
[191.415s] -- Installing: /home/admin/bench/lab/STAGING_helios16p_kiss_legged_bench_cyclone_container_files/helios16p_ws/install/vicon_receiver/include/boost/thread/experimental/parallel/v1
[191.419s] -- Installing: /home/admin/bench/lab/STAGING_helios16p_kiss_legged_bench_cyclone_container_files/helios16p_ws/install/vicon_receiver/include/boost/thread/experimental/parallel/v1/inline_namespace.hpp
[191.422s] -- Installing: /home/admin/bench/lab/STAGING_helios16p_kiss_legged_bench_cyclone_container_files/helios16p_ws/install/vicon_receiver/include/boost/thread/experimental/parallel/v1/exception_list.hpp
[191.424s] -- Installing: /home/admin/bench/lab/STAGING_helios16p_kiss_legged_bench_cyclone_container_files/helios16p_ws/install/vicon_receiver/include/boost/thread/experimental/parallel/v2
[191.425s] -- Installing: /home/admin/bench/lab/STAGING_helios16p_kiss_legged_bench_cyclone_container_files/helios16p_ws/install/vicon_receiver/include/boost/thread/experimental/parallel/v2/inline_namespace.hpp
[191.428s] -- Installing: /home/admin/bench/lab/STAGING_helios16p_kiss_legged_bench_cyclone_container_files/helios16p_ws/install/vicon_receiver/include/boost/thread/experimental/parallel/v2/task_region.hpp
[191.429s] -- Installing: /home/admin/bench/lab/STAGING_helios16p_kiss_legged_bench_cyclone_container_files/helios16p_ws/install/vicon_receiver/include/boost/thread/is_locked_by_this_thread.hpp
[191.429s] -- Installing: /home/admin/bench/lab/STAGING_helios16p_kiss_legged_bench_cyclone_container_files/helios16p_ws/install/vicon_receiver/include/boost/thread/detail
[191.437s] -- Installing: /home/admin/bench/lab/STAGING_helios16p_kiss_legged_bench_cyclone_container_files/helios16p_ws/install/vicon_receiver/include/boost/thread/detail/thread.hpp
[191.438s] -- Installing: /home/admin/bench/lab/STAGING_helios16p_kiss_legged_bench_cyclone_container_files/helios16p_ws/install/vicon_receiver/include/boost/thread/detail/counter.hpp
[191.442s] -- Installing: /home/admin/bench/lab/STAGING_helios16p_kiss_legged_bench_cyclone_container_files/helios16p_ws/install/vicon_receiver/include/boost/thread/detail/invoke.hpp
[191.444s] -- Installing: /home/admin/bench/lab/STAGING_helios16p_kiss_legged_bench_cyclone_container_files/helios16p_ws/install/vicon_receiver/include/boost/thread/detail/thread_group.hpp
[191.451s] -- Installing: /home/admin/bench/lab/STAGING_helios16p_kiss_legged_bench_cyclone_container_files/helios16p_ws/install/vicon_receiver/include/boost/thread/detail/thread_safety.hpp
[191.461s] -- Installing: /home/admin/bench/lab/STAGING_helios16p_kiss_legged_bench_cyclone_container_files/helios16p_ws/install/vicon_receiver/include/boost/thread/detail/variadic_header.hpp
[191.464s] -- Installing: /home/admin/bench/lab/STAGING_helios16p_kiss_legged_bench_cyclone_container_files/helios16p_ws/install/vicon_receiver/include/boost/thread/detail/invoker.hpp
[191.471s] -- Installing: /home/admin/bench/lab/STAGING_helios16p_kiss_legged_bench_cyclone_container_files/helios16p_ws/install/vicon_receiver/include/boost/thread/detail/is_convertible.hpp
[191.472s] -- Installing: /home/admin/bench/lab/STAGING_helios16p_kiss_legged_bench_cyclone_container_files/helios16p_ws/install/vicon_receiver/include/boost/thread/detail/lockable_wrapper.hpp
[191.472s] -- Installing: /home/admin/bench/lab/STAGING_helios16p_kiss_legged_bench_cyclone_container_files/helios16p_ws/install/vicon_receiver/include/boost/thread/detail/atomic_undef_macros.hpp
[191.473s] -- Installing: /home/admin/bench/lab/STAGING_helios16p_kiss_legged_bench_cyclone_container_files/helios16p_ws/install/vicon_receiver/include/boost/thread/detail/config.hpp
[191.473s] -- Installing: /home/admin/bench/lab/STAGING_helios16p_kiss_legged_bench_cyclone_container_files/helios16p_ws/install/vicon_receiver/include/boost/thread/detail/tss_hooks.hpp
[191.480s] -- Installing: /home/admin/bench/lab/STAGING_helios16p_kiss_legged_bench_cyclone_container_files/helios16p_ws/install/vicon_receiver/include/boost/thread/detail/thread_interruption.hpp
[191.483s] -- Installing: /home/admin/bench/lab/STAGING_helios16p_kiss_legged_bench_cyclone_container_files/helios16p_ws/install/vicon_receiver/include/boost/thread/detail/memory.hpp
[191.503s] -- Installing: /home/admin/bench/lab/STAGING_helios16p_kiss_legged_bench_cyclone_container_files/helios16p_ws/install/vicon_receiver/include/boost/thread/detail/atomic_redef_macros.hpp
[191.504s] -- Installing: /home/admin/bench/lab/STAGING_helios16p_kiss_legged_bench_cyclone_container_files/helios16p_ws/install/vicon_receiver/include/boost/thread/detail/nullary_function.hpp
[191.504s] -- Installing: /home/admin/bench/lab/STAGING_helios16p_kiss_legged_bench_cyclone_container_files/helios16p_ws/install/vicon_receiver/include/boost/thread/detail/platform_time.hpp
[191.504s] -- Installing: /home/admin/bench/lab/STAGING_helios16p_kiss_legged_bench_cyclone_container_files/helios16p_ws/install/vicon_receiver/include/boost/thread/detail/platform.hpp
[191.508s] -- Installing: /home/admin/bench/lab/STAGING_helios16p_kiss_legged_bench_cyclone_container_files/helios16p_ws/install/vicon_receiver/include/boost/thread/detail/make_tuple_indices.hpp
[191.508s] -- Installing: /home/admin/bench/lab/STAGING_helios16p_kiss_legged_bench_cyclone_container_files/helios16p_ws/install/vicon_receiver/include/boost/thread/detail/move.hpp
[191.511s] -- Installing: /home/admin/bench/lab/STAGING_helios16p_kiss_legged_bench_cyclone_container_files/helios16p_ws/install/vicon_receiver/include/boost/thread/detail/variadic_footer.hpp
[191.519s] -- Installing: /home/admin/bench/lab/STAGING_helios16p_kiss_legged_bench_cyclone_container_files/helios16p_ws/install/vicon_receiver/include/boost/thread/detail/thread_heap_alloc.hpp
[191.522s] -- Installing: /home/admin/bench/lab/STAGING_helios16p_kiss_legged_bench_cyclone_container_files/helios16p_ws/install/vicon_receiver/include/boost/thread/detail/delete.hpp
[191.526s] -- Installing: /home/admin/bench/lab/STAGING_helios16p_kiss_legged_bench_cyclone_container_files/helios16p_ws/install/vicon_receiver/include/boost/thread/thread_time.hpp
[191.529s] -- Installing: /home/admin/bench/lab/STAGING_helios16p_kiss_legged_bench_cyclone_container_files/helios16p_ws/install/vicon_receiver/include/boost/thread/csbl
[191.540s] -- Installing: /home/admin/bench/lab/STAGING_helios16p_kiss_legged_bench_cyclone_container_files/helios16p_ws/install/vicon_receiver/include/boost/thread/csbl/devector.hpp
[191.541s] -- Installing: /home/admin/bench/lab/STAGING_helios16p_kiss_legged_bench_cyclone_container_files/helios16p_ws/install/vicon_receiver/include/boost/thread/csbl/vector.hpp
[191.541s] -- Installing: /home/admin/bench/lab/STAGING_helios16p_kiss_legged_bench_cyclone_container_files/helios16p_ws/install/vicon_receiver/include/boost/thread/csbl/tuple.hpp
[191.542s] -- Installing: /home/admin/bench/lab/STAGING_helios16p_kiss_legged_bench_cyclone_container_files/helios16p_ws/install/vicon_receiver/include/boost/thread/csbl/memory
[191.543s] -- Installing: /home/admin/bench/lab/STAGING_helios16p_kiss_legged_bench_cyclone_container_files/helios16p_ws/install/vicon_receiver/include/boost/thread/csbl/memory/shared_ptr.hpp
[191.544s] -- Installing: /home/admin/bench/lab/STAGING_helios16p_kiss_legged_bench_cyclone_container_files/helios16p_ws/install/vicon_receiver/include/boost/thread/csbl/memory/config.hpp
[191.548s] -- Installing: /home/admin/bench/lab/STAGING_helios16p_kiss_legged_bench_cyclone_container_files/helios16p_ws/install/vicon_receiver/include/boost/thread/csbl/memory/scoped_allocator.hpp
[191.554s] -- Installing: /home/admin/bench/lab/STAGING_helios16p_kiss_legged_bench_cyclone_container_files/helios16p_ws/install/vicon_receiver/include/boost/thread/csbl/memory/allocator_arg.hpp
[191.555s] -- Installing: /home/admin/bench/lab/STAGING_helios16p_kiss_legged_bench_cyclone_container_files/helios16p_ws/install/vicon_receiver/include/boost/thread/csbl/memory/default_delete.hpp
[191.557s] -- Installing: /home/admin/bench/lab/STAGING_helios16p_kiss_legged_bench_cyclone_container_files/helios16p_ws/install/vicon_receiver/include/boost/thread/csbl/memory/unique_ptr.hpp
[191.561s] -- Installing: /home/admin/bench/lab/STAGING_helios16p_kiss_legged_bench_cyclone_container_files/helios16p_ws/install/vicon_receiver/include/boost/thread/csbl/memory/pointer_traits.hpp
[191.566s] -- Installing: /home/admin/bench/lab/STAGING_helios16p_kiss_legged_bench_cyclone_container_files/helios16p_ws/install/vicon_receiver/include/boost/thread/csbl/memory/allocator_traits.hpp
[191.579s] -- Installing: /home/admin/bench/lab/STAGING_helios16p_kiss_legged_bench_cyclone_container_files/helios16p_ws/install/vicon_receiver/include/boost/thread/csbl/functional.hpp
[191.580s] -- Installing: /home/admin/bench/lab/STAGING_helios16p_kiss_legged_bench_cyclone_container_files/helios16p_ws/install/vicon_receiver/include/boost/thread/future.hpp
[191.580s] -- Installing: /home/admin/bench/lab/STAGING_helios16p_kiss_legged_bench_cyclone_container_files/helios16p_ws/install/vicon_receiver/include/boost/thread/externally_locked.hpp
[191.580s] -- Installing: /home/admin/bench/lab/STAGING_helios16p_kiss_legged_bench_cyclone_container_files/helios16p_ws/install/vicon_receiver/include/boost/thread/thread_only.hpp
[191.591s] -- Installing: /home/admin/bench/lab/STAGING_helios16p_kiss_legged_bench_cyclone_container_files/helios16p_ws/install/vicon_receiver/include/boost/thread/executor.hpp
[191.592s] -- Installing: /home/admin/bench/lab/STAGING_helios16p_kiss_legged_bench_cyclone_container_files/helios16p_ws/install/vicon_receiver/include/boost/thread/tss.hpp
[191.592s] -- Installing: /home/admin/bench/lab/STAGING_helios16p_kiss_legged_bench_cyclone_container_files/helios16p_ws/install/vicon_receiver/include/boost/thread/lock_traits.hpp
[191.610s] -- Installing: /home/admin/bench/lab/STAGING_helios16p_kiss_legged_bench_cyclone_container_files/helios16p_ws/install/vicon_receiver/include/boost/thread/scoped_thread.hpp
[191.610s] -- Installing: /home/admin/bench/lab/STAGING_helios16p_kiss_legged_bench_cyclone_container_files/helios16p_ws/install/vicon_receiver/include/boost/thread/cv_status.hpp
[191.611s] -- Installing: /home/admin/bench/lab/STAGING_helios16p_kiss_legged_bench_cyclone_container_files/helios16p_ws/install/vicon_receiver/include/boost/thread/concurrent_queues
[191.611s] -- Installing: /home/admin/bench/lab/STAGING_helios16p_kiss_legged_bench_cyclone_container_files/helios16p_ws/install/vicon_receiver/include/boost/thread/concurrent_queues/sync_queue.hpp
[191.611s] -- Installing: /home/admin/bench/lab/STAGING_helios16p_kiss_legged_bench_cyclone_container_files/helios16p_ws/install/vicon_receiver/include/boost/thread/concurrent_queues/sync_priority_queue.hpp
[191.612s] -- Installing: /home/admin/bench/lab/STAGING_helios16p_kiss_legged_bench_cyclone_container_files/helios16p_ws/install/vicon_receiver/include/boost/thread/concurrent_queues/sync_bounded_queue.hpp
[191.612s] -- Installing: /home/admin/bench/lab/STAGING_helios16p_kiss_legged_bench_cyclone_container_files/helios16p_ws/install/vicon_receiver/include/boost/thread/concurrent_queues/detail
[191.612s] -- Installing: /home/admin/bench/lab/STAGING_helios16p_kiss_legged_bench_cyclone_container_files/helios16p_ws/install/vicon_receiver/include/boost/thread/concurrent_queues/detail/sync_queue_base.hpp
[191.612s] -- Installing: /home/admin/bench/lab/STAGING_helios16p_kiss_legged_bench_cyclone_container_files/helios16p_ws/install/vicon_receiver/include/boost/thread/concurrent_queues/deque_base.hpp
[191.615s] -- Installing: /home/admin/bench/lab/STAGING_helios16p_kiss_legged_bench_cyclone_container_files/helios16p_ws/install/vicon_receiver/include/boost/thread/concurrent_queues/sync_timed_queue.hpp
[191.620s] -- Installing: /home/admin/bench/lab/STAGING_helios16p_kiss_legged_bench_cyclone_container_files/helios16p_ws/install/vicon_receiver/include/boost/thread/concurrent_queues/queue_base.hpp
[191.621s] -- Installing: /home/admin/bench/lab/STAGING_helios16p_kiss_legged_bench_cyclone_container_files/helios16p_ws/install/vicon_receiver/include/boost/thread/concurrent_queues/queue_op_status.hpp
[191.622s] -- Installing: /home/admin/bench/lab/STAGING_helios16p_kiss_legged_bench_cyclone_container_files/helios16p_ws/install/vicon_receiver/include/boost/thread/win32
[191.626s] -- Installing: /home/admin/bench/lab/STAGING_helios16p_kiss_legged_bench_cyclone_container_files/helios16p_ws/install/vicon_receiver/include/boost/thread/win32/mutex.hpp
[191.627s] -- Installing: /home/admin/bench/lab/STAGING_helios16p_kiss_legged_bench_cyclone_container_files/helios16p_ws/install/vicon_receiver/include/boost/thread/win32/recursive_mutex.hpp
[191.632s] -- Installing: /home/admin/bench/lab/STAGING_helios16p_kiss_legged_bench_cyclone_container_files/helios16p_ws/install/vicon_receiver/include/boost/thread/win32/basic_timed_mutex.hpp
[191.638s] -- Installing: /home/admin/bench/lab/STAGING_helios16p_kiss_legged_bench_cyclone_container_files/helios16p_ws/install/vicon_receiver/include/boost/thread/win32/condition_variable.hpp
[191.641s] -- Installing: /home/admin/bench/lab/STAGING_helios16p_kiss_legged_bench_cyclone_container_files/helios16p_ws/install/vicon_receiver/include/boost/thread/win32/once.hpp
[191.645s] -- Installing: /home/admin/bench/lab/STAGING_helios16p_kiss_legged_bench_cyclone_container_files/helios16p_ws/install/vicon_receiver/include/boost/thread/win32/thread_data.hpp
[191.650s] -- Installing: /home/admin/bench/lab/STAGING_helios16p_kiss_legged_bench_cyclone_container_files/helios16p_ws/install/vicon_receiver/include/boost/thread/win32/interlocked_read.hpp
[191.651s] -- Installing: /home/admin/bench/lab/STAGING_helios16p_kiss_legged_bench_cyclone_container_files/helios16p_ws/install/vicon_receiver/include/boost/thread/win32/basic_recursive_mutex.hpp
[191.656s] -- Installing: /home/admin/bench/lab/STAGING_helios16p_kiss_legged_bench_cyclone_container_files/helios16p_ws/install/vicon_receiver/include/boost/thread/win32/shared_mutex.hpp
[191.659s] -- Installing: /home/admin/bench/lab/STAGING_helios16p_kiss_legged_bench_cyclone_container_files/helios16p_ws/install/vicon_receiver/include/boost/thread/win32/thread_primitives.hpp
[191.663s] -- Installing: /home/admin/bench/lab/STAGING_helios16p_kiss_legged_bench_cyclone_container_files/helios16p_ws/install/vicon_receiver/include/boost/thread/win32/thread_heap_alloc.hpp
[191.669s] -- Installing: /home/admin/bench/lab/STAGING_helios16p_kiss_legged_bench_cyclone_container_files/helios16p_ws/install/vicon_receiver/include/boost/thread/lock_concepts.hpp
[191.671s] -- Installing: /home/admin/bench/lab/STAGING_helios16p_kiss_legged_bench_cyclone_container_files/helios16p_ws/install/vicon_receiver/include/boost/thread/condition_variable.hpp
[191.676s] -- Installing: /home/admin/bench/lab/STAGING_helios16p_kiss_legged_bench_cyclone_container_files/helios16p_ws/install/vicon_receiver/include/boost/thread/lockable_concepts.hpp
[191.678s] -- Installing: /home/admin/bench/lab/STAGING_helios16p_kiss_legged_bench_cyclone_container_files/helios16p_ws/install/vicon_receiver/include/boost/thread/once.hpp
[191.679s] -- Installing: /home/admin/bench/lab/STAGING_helios16p_kiss_legged_bench_cyclone_container_files/helios16p_ws/install/vicon_receiver/include/boost/thread/pthread
[191.680s] -- Installing: /home/admin/bench/lab/STAGING_helios16p_kiss_legged_bench_cyclone_container_files/helios16p_ws/install/vicon_receiver/include/boost/thread/pthread/mutex.hpp
[191.686s] -- Installing: /home/admin/bench/lab/STAGING_helios16p_kiss_legged_bench_cyclone_container_files/helios16p_ws/install/vicon_receiver/include/boost/thread/pthread/recursive_mutex.hpp
[191.687s] -- Installing: /home/admin/bench/lab/STAGING_helios16p_kiss_legged_bench_cyclone_container_files/helios16p_ws/install/vicon_receiver/include/boost/thread/pthread/condition_variable.hpp
[191.695s] -- Installing: /home/admin/bench/lab/STAGING_helios16p_kiss_legged_bench_cyclone_container_files/helios16p_ws/install/vicon_receiver/include/boost/thread/pthread/pthread_helpers.hpp
[191.695s] -- Installing: /home/admin/bench/lab/STAGING_helios16p_kiss_legged_bench_cyclone_container_files/helios16p_ws/install/vicon_receiver/include/boost/thread/pthread/once.hpp
[191.699s] -- Installing: /home/admin/bench/lab/STAGING_helios16p_kiss_legged_bench_cyclone_container_files/helios16p_ws/install/vicon_receiver/include/boost/thread/pthread/thread_data.hpp
[191.704s] -- Installing: /home/admin/bench/lab/STAGING_helios16p_kiss_legged_bench_cyclone_container_files/helios16p_ws/install/vicon_receiver/include/boost/thread/pthread/pthread_mutex_scoped_lock.hpp
[191.706s] -- Installing: /home/admin/bench/lab/STAGING_helios16p_kiss_legged_bench_cyclone_container_files/helios16p_ws/install/vicon_receiver/include/boost/thread/pthread/condition_variable_fwd.hpp
[191.708s] -- Installing: /home/admin/bench/lab/STAGING_helios16p_kiss_legged_bench_cyclone_container_files/helios16p_ws/install/vicon_receiver/include/boost/thread/pthread/once_atomic.hpp
[191.713s] -- Installing: /home/admin/bench/lab/STAGING_helios16p_kiss_legged_bench_cyclone_container_files/helios16p_ws/install/vicon_receiver/include/boost/thread/pthread/shared_mutex.hpp
[191.716s] -- Installing: /home/admin/bench/lab/STAGING_helios16p_kiss_legged_bench_cyclone_container_files/helios16p_ws/install/vicon_receiver/include/boost/thread/pthread/thread_heap_alloc.hpp
[191.717s] -- Installing: /home/admin/bench/lab/STAGING_helios16p_kiss_legged_bench_cyclone_container_files/helios16p_ws/install/vicon_receiver/include/boost/thread/thread_functors.hpp
[191.722s] -- Installing: /home/admin/bench/lab/STAGING_helios16p_kiss_legged_bench_cyclone_container_files/helios16p_ws/install/vicon_receiver/include/boost/thread/exceptions.hpp
[191.728s] -- Installing: /home/admin/bench/lab/STAGING_helios16p_kiss_legged_bench_cyclone_container_files/helios16p_ws/install/vicon_receiver/include/boost/thread/v2
[191.729s] -- Installing: /home/admin/bench/lab/STAGING_helios16p_kiss_legged_bench_cyclone_container_files/helios16p_ws/install/vicon_receiver/include/boost/thread/v2/shared_mutex.hpp
[191.730s] -- Installing: /home/admin/bench/lab/STAGING_helios16p_kiss_legged_bench_cyclone_container_files/helios16p_ws/install/vicon_receiver/include/boost/thread/lockable_traits.hpp
[191.731s] -- Installing: /home/admin/bench/lab/STAGING_helios16p_kiss_legged_bench_cyclone_container_files/helios16p_ws/install/vicon_receiver/include/boost/thread/exceptional_ptr.hpp
[191.732s] -- Installing: /home/admin/bench/lab/STAGING_helios16p_kiss_legged_bench_cyclone_container_files/helios16p_ws/install/vicon_receiver/include/boost/thread/executors
[191.738s] -- Installing: /home/admin/bench/lab/STAGING_helios16p_kiss_legged_bench_cyclone_container_files/helios16p_ws/install/vicon_receiver/include/boost/thread/executors/generic_executor_ref.hpp
[191.738s] -- Installing: /home/admin/bench/lab/STAGING_helios16p_kiss_legged_bench_cyclone_container_files/helios16p_ws/install/vicon_receiver/include/boost/thread/executors/detail
[191.739s] -- Installing: /home/admin/bench/lab/STAGING_helios16p_kiss_legged_bench_cyclone_container_files/helios16p_ws/install/vicon_receiver/include/boost/thread/executors/detail/priority_executor_base.hpp
[191.745s] -- Installing: /home/admin/bench/lab/STAGING_helios16p_kiss_legged_bench_cyclone_container_files/helios16p_ws/install/vicon_receiver/include/boost/thread/executors/detail/scheduled_executor_base.hpp
[191.746s] -- Installing: /home/admin/bench/lab/STAGING_helios16p_kiss_legged_bench_cyclone_container_files/helios16p_ws/install/vicon_receiver/include/boost/thread/executors/executor.hpp
[191.746s] -- Installing: /home/admin/bench/lab/STAGING_helios16p_kiss_legged_bench_cyclone_container_files/helios16p_ws/install/vicon_receiver/include/boost/thread/executors/work.hpp
[191.751s] -- Installing: /home/admin/bench/lab/STAGING_helios16p_kiss_legged_bench_cyclone_container_files/helios16p_ws/install/vicon_receiver/include/boost/thread/executors/executor_adaptor.hpp
[191.752s] -- Installing: /home/admin/bench/lab/STAGING_helios16p_kiss_legged_bench_cyclone_container_files/helios16p_ws/install/vicon_receiver/include/boost/thread/executors/basic_thread_pool.hpp
[191.753s] -- Installing: /home/admin/bench/lab/STAGING_helios16p_kiss_legged_bench_cyclone_container_files/helios16p_ws/install/vicon_receiver/include/boost/thread/lock_types.hpp
[191.756s] -- Installing: /home/admin/bench/lab/STAGING_helios16p_kiss_legged_bench_cyclone_container_files/helios16p_ws/install/vicon_receiver/include/boost/thread/strict_lock.hpp
[191.758s] -- Installing: /home/admin/bench/lab/STAGING_helios16p_kiss_legged_bench_cyclone_container_files/helios16p_ws/install/vicon_receiver/include/boost/thread/shared_mutex.hpp
[191.763s] -- Installing: /home/admin/bench/lab/STAGING_helios16p_kiss_legged_bench_cyclone_container_files/helios16p_ws/install/vicon_receiver/include/boost/thread/shared_lock_guard.hpp
[191.769s] -- Installing: /home/admin/bench/lab/STAGING_helios16p_kiss_legged_bench_cyclone_container_files/helios16p_ws/install/vicon_receiver/include/boost/thread/barrier.hpp
[191.775s] -- Installing: /home/admin/bench/lab/STAGING_helios16p_kiss_legged_bench_cyclone_container_files/helios16p_ws/install/vicon_receiver/include/boost/thread/locks.hpp
[191.776s] -- Installing: /home/admin/bench/lab/STAGING_helios16p_kiss_legged_bench_cyclone_container_files/helios16p_ws/install/vicon_receiver/include/boost/thread/condition.hpp
[191.783s] -- Installing: /home/admin/bench/lab/STAGING_helios16p_kiss_legged_bench_cyclone_container_files/helios16p_ws/install/vicon_receiver/include/boost/thread/interruption.hpp
[191.784s] -- Installing: /home/admin/bench/lab/STAGING_helios16p_kiss_legged_bench_cyclone_container_files/helios16p_ws/install/vicon_receiver/include/boost/thread/xtime.hpp
[191.784s] -- Installing: /home/admin/bench/lab/STAGING_helios16p_kiss_legged_bench_cyclone_container_files/helios16p_ws/install/vicon_receiver/include/boost/smart_ptr
[191.784s] -- Installing: /home/admin/bench/lab/STAGING_helios16p_kiss_legged_bench_cyclone_container_files/helios16p_ws/install/vicon_receiver/include/boost/smart_ptr/shared_ptr.hpp
[191.789s] -- Installing: /home/admin/bench/lab/STAGING_helios16p_kiss_legged_bench_cyclone_container_files/helios16p_ws/install/vicon_receiver/include/boost/smart_ptr/bad_weak_ptr.hpp
[191.790s] -- Installing: /home/admin/bench/lab/STAGING_helios16p_kiss_legged_bench_cyclone_container_files/helios16p_ws/install/vicon_receiver/include/boost/smart_ptr/detail
[191.794s] -- Installing: /home/admin/bench/lab/STAGING_helios16p_kiss_legged_bench_cyclone_container_files/helios16p_ws/install/vicon_receiver/include/boost/smart_ptr/detail/sp_thread_sleep.hpp
[191.797s] -- Installing: /home/admin/bench/lab/STAGING_helios16p_kiss_legged_bench_cyclone_container_files/helios16p_ws/install/vicon_receiver/include/boost/smart_ptr/detail/atomic_count_gcc_x86.hpp
[191.798s] -- Installing: /home/admin/bench/lab/STAGING_helios16p_kiss_legged_bench_cyclone_container_files/helios16p_ws/install/vicon_receiver/include/boost/smart_ptr/detail/lwm_win32_cs.hpp
[191.800s] -- Installing: /home/admin/bench/lab/STAGING_helios16p_kiss_legged_bench_cyclone_container_files/helios16p_ws/install/vicon_receiver/include/boost/smart_ptr/detail/yield_k.hpp
[191.801s] -- Installing: /home/admin/bench/lab/STAGING_helios16p_kiss_legged_bench_cyclone_container_files/helios16p_ws/install/vicon_receiver/include/boost/smart_ptr/detail/sp_disable_deprecated.hpp
[191.805s] -- Installing: /home/admin/bench/lab/STAGING_helios16p_kiss_legged_bench_cyclone_container_files/helios16p_ws/install/vicon_receiver/include/boost/smart_ptr/detail/sp_win32_sleep.hpp
[191.806s] -- Installing: /home/admin/bench/lab/STAGING_helios16p_kiss_legged_bench_cyclone_container_files/helios16p_ws/install/vicon_receiver/include/boost/smart_ptr/detail/spinlock_pool.hpp
[191.822s] -- Installing: /home/admin/bench/lab/STAGING_helios16p_kiss_legged_bench_cyclone_container_files/helios16p_ws/install/vicon_receiver/include/boost/smart_ptr/detail/sp_counted_impl.hpp
[191.822s] -- Installing: /home/admin/bench/lab/STAGING_helios16p_kiss_legged_bench_cyclone_container_files/helios16p_ws/install/vicon_receiver/include/boost/smart_ptr/detail/atomic_count_nt.hpp
[191.823s] -- Installing: /home/admin/bench/lab/STAGING_helios16p_kiss_legged_bench_cyclone_container_files/helios16p_ws/install/vicon_receiver/include/boost/smart_ptr/detail/operator_bool.hpp
[191.823s] -- Installing: /home/admin/bench/lab/STAGING_helios16p_kiss_legged_bench_cyclone_container_files/helios16p_ws/install/vicon_receiver/include/boost/smart_ptr/detail/sp_counted_base_gcc_mips.hpp
[191.823s] -- Installing: /home/admin/bench/lab/STAGING_helios16p_kiss_legged_bench_cyclone_container_files/helios16p_ws/install/vicon_receiver/include/boost/smart_ptr/detail/sp_counted_base.hpp
[191.828s] -- Installing: /home/admin/bench/lab/STAGING_helios16p_kiss_legged_bench_cyclone_container_files/helios16p_ws/install/vicon_receiver/include/boost/smart_ptr/detail/sp_forward.hpp
[191.828s] -- Installing: /home/admin/bench/lab/STAGING_helios16p_kiss_legged_bench_cyclone_container_files/helios16p_ws/install/vicon_receiver/include/boost/smart_ptr/detail/sp_counted_base_gcc_ia64.hpp
[191.829s] -- Installing: /home/admin/bench/lab/STAGING_helios16p_kiss_legged_bench_cyclone_container_files/helios16p_ws/install/vicon_receiver/include/boost/smart_ptr/detail/sp_counted_base_gcc_sparc.hpp
[191.844s] -- Installing: /home/admin/bench/lab/STAGING_helios16p_kiss_legged_bench_cyclone_container_files/helios16p_ws/install/vicon_receiver/include/boost/smart_ptr/detail/sp_convertible.hpp
[191.844s] -- Installing: /home/admin/bench/lab/STAGING_helios16p_kiss_legged_bench_cyclone_container_files/helios16p_ws/install/vicon_receiver/include/boost/smart_ptr/detail/sp_counted_base_gcc_ppc.hpp
[191.844s] -- Installing: /home/admin/bench/lab/STAGING_helios16p_kiss_legged_bench_cyclone_container_files/helios16p_ws/install/vicon_receiver/include/boost/smart_ptr/detail/atomic_count_gcc_atomic.hpp
[191.845s] -- Installing: /home/admin/bench/lab/STAGING_helios16p_kiss_legged_bench_cyclone_container_files/helios16p_ws/install/vicon_receiver/include/boost/smart_ptr/detail/spinlock_sync.hpp
[191.845s] -- Installing: /home/admin/bench/lab/STAGING_helios16p_kiss_legged_bench_cyclone_container_files/helios16p_ws/install/vicon_receiver/include/boost/smart_ptr/detail/sp_counted_base_acc_ia64.hpp
[191.845s] -- Installing: /home/admin/bench/lab/STAGING_helios16p_kiss_legged_bench_cyclone_container_files/helios16p_ws/install/vicon_receiver/include/boost/smart_ptr/detail/local_sp_deleter.hpp
[191.845s] -- Installing: /home/admin/bench/lab/STAGING_helios16p_kiss_legged_bench_cyclone_container_files/helios16p_ws/install/vicon_receiver/include/boost/smart_ptr/detail/spinlock_pt.hpp
[191.863s] -- Installing: /home/admin/bench/lab/STAGING_helios16p_kiss_legged_bench_cyclone_container_files/helios16p_ws/install/vicon_receiver/include/boost/smart_ptr/detail/atomic_count.hpp
[191.864s] -- Installing: /home/admin/bench/lab/STAGING_helios16p_kiss_legged_bench_cyclone_container_files/helios16p_ws/install/vicon_receiver/include/boost/smart_ptr/detail/atomic_count_pt.hpp
[191.864s] -- Installing: /home/admin/bench/lab/STAGING_helios16p_kiss_legged_bench_cyclone_container_files/helios16p_ws/install/vicon_receiver/include/boost/smart_ptr/detail/sp_thread_pause.hpp
[191.864s] -- Installing: /home/admin/bench/lab/STAGING_helios16p_kiss_legged_bench_cyclone_container_files/helios16p_ws/install/vicon_receiver/include/boost/smart_ptr/detail/shared_count.hpp
[191.865s] -- Installing: /home/admin/bench/lab/STAGING_helios16p_kiss_legged_bench_cyclone_container_files/helios16p_ws/install/vicon_receiver/include/boost/smart_ptr/detail/sp_counted_base_snc_ps3.hpp
[191.865s] -- Installing: /home/admin/bench/lab/STAGING_helios16p_kiss_legged_bench_cyclone_container_files/helios16p_ws/install/vicon_receiver/include/boost/smart_ptr/detail/lwm_std_mutex.hpp
[191.865s] -- Installing: /home/admin/bench/lab/STAGING_helios16p_kiss_legged_bench_cyclone_container_files/helios16p_ws/install/vicon_receiver/include/boost/smart_ptr/detail/atomic_count_std_atomic.hpp
[191.869s] -- Installing: /home/admin/bench/lab/STAGING_helios16p_kiss_legged_bench_cyclone_container_files/helios16p_ws/install/vicon_receiver/include/boost/smart_ptr/detail/sp_noexcept.hpp
[191.869s] -- Installing: /home/admin/bench/lab/STAGING_helios16p_kiss_legged_bench_cyclone_container_files/helios16p_ws/install/vicon_receiver/include/boost/smart_ptr/detail/local_counted_base.hpp
[191.870s] -- Installing: /home/admin/bench/lab/STAGING_helios16p_kiss_legged_bench_cyclone_container_files/helios16p_ws/install/vicon_receiver/include/boost/smart_ptr/detail/sp_counted_base_std_atomic.hpp
[191.870s] -- Installing: /home/admin/bench/lab/STAGING_helios16p_kiss_legged_bench_cyclone_container_files/helios16p_ws/install/vicon_receiver/include/boost/smart_ptr/detail/lightweight_mutex.hpp
[191.871s] -- Installing: /home/admin/bench/lab/STAGING_helios16p_kiss_legged_bench_cyclone_container_files/helios16p_ws/install/vicon_receiver/include/boost/smart_ptr/detail/spinlock_std_atomic.hpp
[191.876s] -- Installing: /home/admin/bench/lab/STAGING_helios16p_kiss_legged_bench_cyclone_container_files/helios16p_ws/install/vicon_receiver/include/boost/smart_ptr/detail/sp_counted_base_vacpp_ppc.hpp
[191.877s] -- Installing: /home/admin/bench/lab/STAGING_helios16p_kiss_legged_bench_cyclone_container_files/helios16p_ws/install/vicon_receiver/include/boost/smart_ptr/detail/sp_counted_base_gcc_x86.hpp
[191.878s] -- Installing: /home/admin/bench/lab/STAGING_helios16p_kiss_legged_bench_cyclone_container_files/helios16p_ws/install/vicon_receiver/include/boost/smart_ptr/detail/sp_counted_base_w32.hpp
[191.883s] -- Installing: /home/admin/bench/lab/STAGING_helios16p_kiss_legged_bench_cyclone_container_files/helios16p_ws/install/vicon_receiver/include/boost/smart_ptr/detail/sp_has_sync_intrinsics.hpp
[191.884s] -- Installing: /home/admin/bench/lab/STAGING_helios16p_kiss_legged_bench_cyclone_container_files/helios16p_ws/install/vicon_receiver/include/boost/smart_ptr/detail/sp_counted_base_sync.hpp
[191.885s] -- Installing: /home/admin/bench/lab/STAGING_helios16p_kiss_legged_bench_cyclone_container_files/helios16p_ws/install/vicon_receiver/include/boost/smart_ptr/detail/atomic_count_spin.hpp
[191.890s] -- Installing: /home/admin/bench/lab/STAGING_helios16p_kiss_legged_bench_cyclone_container_files/helios16p_ws/install/vicon_receiver/include/boost/smart_ptr/detail/sp_typeinfo_.hpp
[191.891s] -- Installing: /home/admin/bench/lab/STAGING_helios16p_kiss_legged_bench_cyclone_container_files/helios16p_ws/install/vicon_receiver/include/boost/smart_ptr/detail/sp_counted_base_nt.hpp
[191.892s] -- Installing: /home/admin/bench/lab/STAGING_helios16p_kiss_legged_bench_cyclone_container_files/helios16p_ws/install/vicon_receiver/include/boost/smart_ptr/detail/spinlock_gcc_arm.hpp
[191.895s] -- Installing: /home/admin/bench/lab/STAGING_helios16p_kiss_legged_bench_cyclone_container_files/helios16p_ws/install/vicon_receiver/include/boost/smart_ptr/detail/sp_has_gcc_intrinsics.hpp
[191.898s] -- Installing: /home/admin/bench/lab/STAGING_helios16p_kiss_legged_bench_cyclone_container_files/helios16p_ws/install/vicon_receiver/include/boost/smart_ptr/detail/spinlock_w32.hpp
[191.901s] -- Installing: /home/admin/bench/lab/STAGING_helios16p_kiss_legged_bench_cyclone_container_files/helios16p_ws/install/vicon_receiver/include/boost/smart_ptr/detail/lwm_pthreads.hpp
[191.905s] -- Installing: /home/admin/bench/lab/STAGING_helios16p_kiss_legged_bench_cyclone_container_files/helios16p_ws/install/vicon_receiver/include/boost/smart_ptr/detail/sp_counted_base_cw_ppc.hpp
[191.907s] -- Installing: /home/admin/bench/lab/STAGING_helios16p_kiss_legged_bench_cyclone_container_files/helios16p_ws/install/vicon_receiver/include/boost/smart_ptr/detail/atomic_count_win32.hpp
[191.908s] -- Installing: /home/admin/bench/lab/STAGING_helios16p_kiss_legged_bench_cyclone_container_files/helios16p_ws/install/vicon_receiver/include/boost/smart_ptr/detail/sp_counted_base_pt.hpp
[191.911s] -- Installing: /home/admin/bench/lab/STAGING_helios16p_kiss_legged_bench_cyclone_container_files/helios16p_ws/install/vicon_receiver/include/boost/smart_ptr/detail/sp_interlocked.hpp
[191.913s] -- Installing: /home/admin/bench/lab/STAGING_helios16p_kiss_legged_bench_cyclone_container_files/helios16p_ws/install/vicon_receiver/include/boost/smart_ptr/detail/sp_counted_base_gcc_atomic.hpp
[191.916s] -- Installing: /home/admin/bench/lab/STAGING_helios16p_kiss_legged_bench_cyclone_container_files/helios16p_ws/install/vicon_receiver/include/boost/smart_ptr/detail/sp_nullptr_t.hpp
[191.919s] -- Installing: /home/admin/bench/lab/STAGING_helios16p_kiss_legged_bench_cyclone_container_files/helios16p_ws/install/vicon_receiver/include/boost/smart_ptr/detail/sp_thread_yield.hpp
[191.921s] -- Installing: /home/admin/bench/lab/STAGING_helios16p_kiss_legged_bench_cyclone_container_files/helios16p_ws/install/vicon_receiver/include/boost/smart_ptr/detail/atomic_count_sync.hpp
[191.922s] -- Installing: /home/admin/bench/lab/STAGING_helios16p_kiss_legged_bench_cyclone_container_files/helios16p_ws/install/vicon_receiver/include/boost/smart_ptr/detail/quick_allocator.hpp
[191.925s] -- Installing: /home/admin/bench/lab/STAGING_helios16p_kiss_legged_bench_cyclone_container_files/helios16p_ws/install/vicon_receiver/include/boost/smart_ptr/detail/sp_obsolete.hpp
[191.929s] -- Installing: /home/admin/bench/lab/STAGING_helios16p_kiss_legged_bench_cyclone_container_files/helios16p_ws/install/vicon_receiver/include/boost/smart_ptr/detail/sp_counted_base_aix.hpp
[191.930s] -- Installing: /home/admin/bench/lab/STAGING_helios16p_kiss_legged_bench_cyclone_container_files/helios16p_ws/install/vicon_receiver/include/boost/smart_ptr/detail/spinlock_gcc_atomic.hpp
[191.931s] -- Installing: /home/admin/bench/lab/STAGING_helios16p_kiss_legged_bench_cyclone_container_files/helios16p_ws/install/vicon_receiver/include/boost/smart_ptr/detail/spinlock_nt.hpp
[191.932s] -- Installing: /home/admin/bench/lab/STAGING_helios16p_kiss_legged_bench_cyclone_container_files/helios16p_ws/install/vicon_receiver/include/boost/smart_ptr/detail/spinlock.hpp
[191.941s] -- Installing: /home/admin/bench/lab/STAGING_helios16p_kiss_legged_bench_cyclone_container_files/helios16p_ws/install/vicon_receiver/include/boost/smart_ptr/detail/sp_counted_base_spin.hpp
[191.943s] -- Installing: /home/admin/bench/lab/STAGING_helios16p_kiss_legged_bench_cyclone_container_files/helios16p_ws/install/vicon_receiver/include/boost/smart_ptr/detail/atomic_count_gcc.hpp
[191.948s] -- Installing: /home/admin/bench/lab/STAGING_helios16p_kiss_legged_bench_cyclone_container_files/helios16p_ws/install/vicon_receiver/include/boost/smart_ptr/intrusive_ref_counter.hpp
[191.950s] -- Installing: /home/admin/bench/lab/STAGING_helios16p_kiss_legged_bench_cyclone_container_files/helios16p_ws/install/vicon_receiver/include/boost/smart_ptr/make_shared_object.hpp
[191.954s] -- Installing: /home/admin/bench/lab/STAGING_helios16p_kiss_legged_bench_cyclone_container_files/helios16p_ws/install/vicon_receiver/include/boost/smart_ptr/make_shared.hpp
[191.955s] -- Installing: /home/admin/bench/lab/STAGING_helios16p_kiss_legged_bench_cyclone_container_files/helios16p_ws/install/vicon_receiver/include/boost/smart_ptr/weak_ptr.hpp
[191.958s] -- Installing: /home/admin/bench/lab/STAGING_helios16p_kiss_legged_bench_cyclone_container_files/helios16p_ws/install/vicon_receiver/include/boost/smart_ptr/allocate_shared_array.hpp
[191.961s] -- Installing: /home/admin/bench/lab/STAGING_helios16p_kiss_legged_bench_cyclone_container_files/helios16p_ws/install/vicon_receiver/include/boost/smart_ptr/enable_shared_from_this.hpp
[191.967s] -- Installing: /home/admin/bench/lab/STAGING_helios16p_kiss_legged_bench_cyclone_container_files/helios16p_ws/install/vicon_receiver/include/boost/smart_ptr/intrusive_ptr.hpp
[191.974s] -- Installing: /home/admin/bench/lab/STAGING_helios16p_kiss_legged_bench_cyclone_container_files/helios16p_ws/install/vicon_receiver/include/boost/smart_ptr/make_shared_array.hpp
[191.977s] -- Installing: /home/admin/bench/lab/STAGING_helios16p_kiss_legged_bench_cyclone_container_files/helios16p_ws/install/vicon_receiver/include/boost/smart_ptr/scoped_array.hpp
[191.978s] -- Installing: /home/admin/bench/lab/STAGING_helios16p_kiss_legged_bench_cyclone_container_files/helios16p_ws/install/vicon_receiver/include/boost/smart_ptr/scoped_ptr.hpp
[191.983s] -- Installing: /home/admin/bench/lab/STAGING_helios16p_kiss_legged_bench_cyclone_container_files/helios16p_ws/install/vicon_receiver/include/boost/optional
[191.988s] -- Installing: /home/admin/bench/lab/STAGING_helios16p_kiss_legged_bench_cyclone_container_files/helios16p_ws/install/vicon_receiver/include/boost/optional/bad_optional_access.hpp
[191.992s] -- Installing: /home/admin/bench/lab/STAGING_helios16p_kiss_legged_bench_cyclone_container_files/helios16p_ws/install/vicon_receiver/include/boost/optional/detail
[191.993s] -- Installing: /home/admin/bench/lab/STAGING_helios16p_kiss_legged_bench_cyclone_container_files/helios16p_ws/install/vicon_receiver/include/boost/optional/detail/optional_trivially_copyable_base.hpp
[191.995s] -- Installing: /home/admin/bench/lab/STAGING_helios16p_kiss_legged_bench_cyclone_container_files/helios16p_ws/install/vicon_receiver/include/boost/optional/detail/optional_reference_spec.hpp
[191.999s] -- Installing: /home/admin/bench/lab/STAGING_helios16p_kiss_legged_bench_cyclone_container_files/helios16p_ws/install/vicon_receiver/include/boost/optional/detail/optional_aligned_storage.hpp
[192.015s] -- Installing: /home/admin/bench/lab/STAGING_helios16p_kiss_legged_bench_cyclone_container_files/helios16p_ws/install/vicon_receiver/include/boost/optional/detail/optional_config.hpp
[192.016s] -- Installing: /home/admin/bench/lab/STAGING_helios16p_kiss_legged_bench_cyclone_container_files/helios16p_ws/install/vicon_receiver/include/boost/optional/detail/optional_swap.hpp
[192.016s] -- Installing: /home/admin/bench/lab/STAGING_helios16p_kiss_legged_bench_cyclone_container_files/helios16p_ws/install/vicon_receiver/include/boost/optional/detail/optional_relops.hpp
[192.016s] -- Installing: /home/admin/bench/lab/STAGING_helios16p_kiss_legged_bench_cyclone_container_files/helios16p_ws/install/vicon_receiver/include/boost/optional/detail/old_optional_implementation.hpp
[192.017s] -- Installing: /home/admin/bench/lab/STAGING_helios16p_kiss_legged_bench_cyclone_container_files/helios16p_ws/install/vicon_receiver/include/boost/optional/detail/optional_factory_support.hpp
[192.017s] -- Installing: /home/admin/bench/lab/STAGING_helios16p_kiss_legged_bench_cyclone_container_files/helios16p_ws/install/vicon_receiver/include/boost/optional/optional.hpp
[192.017s] -- Installing: /home/admin/bench/lab/STAGING_helios16p_kiss_legged_bench_cyclone_container_files/helios16p_ws/install/vicon_receiver/include/boost/optional/optional_fwd.hpp
[192.018s] -- Installing: /home/admin/bench/lab/STAGING_helios16p_kiss_legged_bench_cyclone_container_files/helios16p_ws/install/vicon_receiver/include/boost/version.hpp
[192.040s] -- Installing: /home/admin/bench/lab/STAGING_helios16p_kiss_legged_bench_cyclone_container_files/helios16p_ws/install/vicon_receiver/include/boost/static_assert.hpp
[192.041s] -- Installing: /home/admin/bench/lab/STAGING_helios16p_kiss_legged_bench_cyclone_container_files/helios16p_ws/install/vicon_receiver/include/boost/move
[192.041s] -- Installing: /home/admin/bench/lab/STAGING_helios16p_kiss_legged_bench_cyclone_container_files/helios16p_ws/install/vicon_receiver/include/boost/move/algo
[192.041s] -- Installing: /home/admin/bench/lab/STAGING_helios16p_kiss_legged_bench_cyclone_container_files/helios16p_ws/install/vicon_receiver/include/boost/move/algo/detail
[192.041s] -- Installing: /home/admin/bench/lab/STAGING_helios16p_kiss_legged_bench_cyclone_container_files/helios16p_ws/install/vicon_receiver/include/boost/move/algo/detail/merge.hpp
[192.042s] -- Installing: /home/admin/bench/lab/STAGING_helios16p_kiss_legged_bench_cyclone_container_files/helios16p_ws/install/vicon_receiver/include/boost/move/algo/detail/set_difference.hpp
[192.042s] -- Installing: /home/admin/bench/lab/STAGING_helios16p_kiss_legged_bench_cyclone_container_files/helios16p_ws/install/vicon_receiver/include/boost/move/algo/detail/insertion_sort.hpp
[192.042s] -- Installing: /home/admin/bench/lab/STAGING_helios16p_kiss_legged_bench_cyclone_container_files/helios16p_ws/install/vicon_receiver/include/boost/move/algo/detail/is_sorted.hpp
[192.043s] -- Installing: /home/admin/bench/lab/STAGING_helios16p_kiss_legged_bench_cyclone_container_files/helios16p_ws/install/vicon_receiver/include/boost/move/algo/detail/heap_sort.hpp
[192.048s] -- Installing: /home/admin/bench/lab/STAGING_helios16p_kiss_legged_bench_cyclone_container_files/helios16p_ws/install/vicon_receiver/include/boost/move/algo/detail/basic_op.hpp
[192.049s] -- Installing: /home/admin/bench/lab/STAGING_helios16p_kiss_legged_bench_cyclone_container_files/helios16p_ws/install/vicon_receiver/include/boost/move/algo/detail/merge_sort.hpp
[192.049s] -- Installing: /home/admin/bench/lab/STAGING_helios16p_kiss_legged_bench_cyclone_container_files/helios16p_ws/install/vicon_receiver/include/boost/move/algo/detail/adaptive_sort_merge.hpp
[192.052s] -- Installing: /home/admin/bench/lab/STAGING_helios16p_kiss_legged_bench_cyclone_container_files/helios16p_ws/install/vicon_receiver/include/boost/move/algo/unique.hpp
[192.056s] -- Installing: /home/admin/bench/lab/STAGING_helios16p_kiss_legged_bench_cyclone_container_files/helios16p_ws/install/vicon_receiver/include/boost/move/algo/adaptive_merge.hpp
[192.057s] -- Installing: /home/admin/bench/lab/STAGING_helios16p_kiss_legged_bench_cyclone_container_files/helios16p_ws/install/vicon_receiver/include/boost/move/algo/move.hpp
[192.059s] -- Installing: /home/admin/bench/lab/STAGING_helios16p_kiss_legged_bench_cyclone_container_files/helios16p_ws/install/vicon_receiver/include/boost/move/algo/predicate.hpp
[192.068s] -- Installing: /home/admin/bench/lab/STAGING_helios16p_kiss_legged_bench_cyclone_container_files/helios16p_ws/install/vicon_receiver/include/boost/move/core.hpp
[192.068s] -- Installing: /home/admin/bench/lab/STAGING_helios16p_kiss_legged_bench_cyclone_container_files/helios16p_ws/install/vicon_receiver/include/boost/move/adl_move_swap.hpp
[192.070s] -- Installing: /home/admin/bench/lab/STAGING_helios16p_kiss_legged_bench_cyclone_container_files/helios16p_ws/install/vicon_receiver/include/boost/move/detail
[192.072s] -- Installing: /home/admin/bench/lab/STAGING_helios16p_kiss_legged_bench_cyclone_container_files/helios16p_ws/install/vicon_receiver/include/boost/move/detail/reverse_iterator.hpp
[192.076s] -- Installing: /home/admin/bench/lab/STAGING_helios16p_kiss_legged_bench_cyclone_container_files/helios16p_ws/install/vicon_receiver/include/boost/move/detail/iterator_to_raw_pointer.hpp
[192.081s] -- Installing: /home/admin/bench/lab/STAGING_helios16p_kiss_legged_bench_cyclone_container_files/helios16p_ws/install/vicon_receiver/include/boost/move/detail/to_raw_pointer.hpp
[192.083s] -- Installing: /home/admin/bench/lab/STAGING_helios16p_kiss_legged_bench_cyclone_container_files/helios16p_ws/install/vicon_receiver/include/boost/move/detail/meta_utils_core.hpp
[192.084s] -- Installing: /home/admin/bench/lab/STAGING_helios16p_kiss_legged_bench_cyclone_container_files/helios16p_ws/install/vicon_receiver/include/boost/move/detail/iterator_traits.hpp
[192.085s] -- Installing: /home/admin/bench/lab/STAGING_helios16p_kiss_legged_bench_cyclone_container_files/helios16p_ws/install/vicon_receiver/include/boost/move/detail/type_traits.hpp
[192.091s] -- Installing: /home/admin/bench/lab/STAGING_helios16p_kiss_legged_bench_cyclone_container_files/helios16p_ws/install/vicon_receiver/include/boost/move/detail/move_helpers.hpp
[192.096s] -- Installing: /home/admin/bench/lab/STAGING_helios16p_kiss_legged_bench_cyclone_container_files/helios16p_ws/install/vicon_receiver/include/boost/move/detail/config_end.hpp
[192.098s] -- Installing: /home/admin/bench/lab/STAGING_helios16p_kiss_legged_bench_cyclone_container_files/helios16p_ws/install/vicon_receiver/include/boost/move/detail/destruct_n.hpp
[192.099s] -- Installing: /home/admin/bench/lab/STAGING_helios16p_kiss_legged_bench_cyclone_container_files/helios16p_ws/install/vicon_receiver/include/boost/move/detail/unique_ptr_meta_utils.hpp
[192.104s] -- Installing: /home/admin/bench/lab/STAGING_helios16p_kiss_legged_bench_cyclone_container_files/helios16p_ws/install/vicon_receiver/include/boost/move/detail/std_ns_begin.hpp
[192.107s] -- Installing: /home/admin/bench/lab/STAGING_helios16p_kiss_legged_bench_cyclone_container_files/helios16p_ws/install/vicon_receiver/include/boost/move/detail/meta_utils.hpp
[192.107s] -- Installing: /home/admin/bench/lab/STAGING_helios16p_kiss_legged_bench_cyclone_container_files/helios16p_ws/install/vicon_receiver/include/boost/move/detail/pointer_element.hpp
[192.109s] -- Installing: /home/admin/bench/lab/STAGING_helios16p_kiss_legged_bench_cyclone_container_files/helios16p_ws/install/vicon_receiver/include/boost/move/detail/config_begin.hpp
[192.113s] -- Installing: /home/admin/bench/lab/STAGING_helios16p_kiss_legged_bench_cyclone_container_files/helios16p_ws/install/vicon_receiver/include/boost/move/detail/std_ns_end.hpp
[192.118s] -- Installing: /home/admin/bench/lab/STAGING_helios16p_kiss_legged_bench_cyclone_container_files/helios16p_ws/install/vicon_receiver/include/boost/move/detail/workaround.hpp
[192.120s] -- Installing: /home/admin/bench/lab/STAGING_helios16p_kiss_legged_bench_cyclone_container_files/helios16p_ws/install/vicon_receiver/include/boost/move/detail/fwd_macros.hpp
[192.122s] -- Installing: /home/admin/bench/lab/STAGING_helios16p_kiss_legged_bench_cyclone_container_files/helios16p_ws/install/vicon_receiver/include/boost/move/detail/placement_new.hpp
[192.125s] -- Installing: /home/admin/bench/lab/STAGING_helios16p_kiss_legged_bench_cyclone_container_files/helios16p_ws/install/vicon_receiver/include/boost/move/traits.hpp
[192.132s] -- Installing: /home/admin/bench/lab/STAGING_helios16p_kiss_legged_bench_cyclone_container_files/helios16p_ws/install/vicon_receiver/include/boost/move/utility.hpp
[192.132s] -- Installing: /home/admin/bench/lab/STAGING_helios16p_kiss_legged_bench_cyclone_container_files/helios16p_ws/install/vicon_receiver/include/boost/move/default_delete.hpp
[192.134s] -- Installing: /home/admin/bench/lab/STAGING_helios16p_kiss_legged_bench_cyclone_container_files/helios16p_ws/install/vicon_receiver/include/boost/move/unique_ptr.hpp
[192.136s] -- Installing: /home/admin/bench/lab/STAGING_helios16p_kiss_legged_bench_cyclone_container_files/helios16p_ws/install/vicon_receiver/include/boost/move/utility_core.hpp
[192.138s] -- Installing: /home/admin/bench/lab/STAGING_helios16p_kiss_legged_bench_cyclone_container_files/helios16p_ws/install/vicon_receiver/include/boost/move/make_unique.hpp
[192.142s] -- Installing: /home/admin/bench/lab/STAGING_helios16p_kiss_legged_bench_cyclone_container_files/helios16p_ws/install/vicon_receiver/include/boost/move/iterator.hpp
[192.144s] -- Installing: /home/admin/bench/lab/STAGING_helios16p_kiss_legged_bench_cyclone_container_files/helios16p_ws/install/vicon_receiver/include/boost/function
[192.145s] -- Installing: /home/admin/bench/lab/STAGING_helios16p_kiss_legged_bench_cyclone_container_files/helios16p_ws/install/vicon_receiver/include/boost/function/function10.hpp
[192.149s] -- Installing: /home/admin/bench/lab/STAGING_helios16p_kiss_legged_bench_cyclone_container_files/helios16p_ws/install/vicon_receiver/include/boost/function/detail
[192.149s] -- Installing: /home/admin/bench/lab/STAGING_helios16p_kiss_legged_bench_cyclone_container_files/helios16p_ws/install/vicon_receiver/include/boost/function/detail/prologue.hpp
[192.153s] -- Installing: /home/admin/bench/lab/STAGING_helios16p_kiss_legged_bench_cyclone_container_files/helios16p_ws/install/vicon_receiver/include/boost/function/detail/gen_maybe_include.pl
[192.158s] -- Installing: /home/admin/bench/lab/STAGING_helios16p_kiss_legged_bench_cyclone_container_files/helios16p_ws/install/vicon_receiver/include/boost/function/detail/function_iterate.hpp
[192.159s] -- Installing: /home/admin/bench/lab/STAGING_helios16p_kiss_legged_bench_cyclone_container_files/helios16p_ws/install/vicon_receiver/include/boost/function/detail/maybe_include.hpp
[192.160s] -- Installing: /home/admin/bench/lab/STAGING_helios16p_kiss_legged_bench_cyclone_container_files/helios16p_ws/install/vicon_receiver/include/boost/function/function3.hpp
[192.161s] -- Installing: /home/admin/bench/lab/STAGING_helios16p_kiss_legged_bench_cyclone_container_files/helios16p_ws/install/vicon_receiver/include/boost/function/function2.hpp
[192.165s] -- Installing: /home/admin/bench/lab/STAGING_helios16p_kiss_legged_bench_cyclone_container_files/helios16p_ws/install/vicon_receiver/include/boost/function/function7.hpp
[192.169s] -- Installing: /home/admin/bench/lab/STAGING_helios16p_kiss_legged_bench_cyclone_container_files/helios16p_ws/install/vicon_receiver/include/boost/function/function9.hpp
[192.170s] -- Installing: /home/admin/bench/lab/STAGING_helios16p_kiss_legged_bench_cyclone_container_files/helios16p_ws/install/vicon_receiver/include/boost/function/function1.hpp
[192.171s] -- Installing: /home/admin/bench/lab/STAGING_helios16p_kiss_legged_bench_cyclone_container_files/helios16p_ws/install/vicon_receiver/include/boost/function/function6.hpp
[192.172s] -- Installing: /home/admin/bench/lab/STAGING_helios16p_kiss_legged_bench_cyclone_container_files/helios16p_ws/install/vicon_receiver/include/boost/function/function0.hpp
[192.178s] -- Installing: /home/admin/bench/lab/STAGING_helios16p_kiss_legged_bench_cyclone_container_files/helios16p_ws/install/vicon_receiver/include/boost/function/function_template.hpp
[192.181s] -- Installing: /home/admin/bench/lab/STAGING_helios16p_kiss_legged_bench_cyclone_container_files/helios16p_ws/install/vicon_receiver/include/boost/function/function_fwd.hpp
[192.182s] -- Installing: /home/admin/bench/lab/STAGING_helios16p_kiss_legged_bench_cyclone_container_files/helios16p_ws/install/vicon_receiver/include/boost/function/function4.hpp
[192.185s] -- Installing: /home/admin/bench/lab/STAGING_helios16p_kiss_legged_bench_cyclone_container_files/helios16p_ws/install/vicon_receiver/include/boost/function/function8.hpp
[192.187s] -- Installing: /home/admin/bench/lab/STAGING_helios16p_kiss_legged_bench_cyclone_container_files/helios16p_ws/install/vicon_receiver/include/boost/function/function_base.hpp
[192.193s] -- Installing: /home/admin/bench/lab/STAGING_helios16p_kiss_legged_bench_cyclone_container_files/helios16p_ws/install/vicon_receiver/include/boost/function/function5.hpp
[192.194s] -- Installing: /home/admin/bench/lab/STAGING_helios16p_kiss_legged_bench_cyclone_container_files/helios16p_ws/install/vicon_receiver/include/boost/current_function.hpp
[192.200s] -- Installing: /home/admin/bench/lab/STAGING_helios16p_kiss_legged_bench_cyclone_container_files/helios16p_ws/install/vicon_receiver/include/boost/exception_ptr.hpp
[192.202s] -- Installing: /home/admin/bench/lab/STAGING_helios16p_kiss_legged_bench_cyclone_container_files/helios16p_ws/install/vicon_receiver/include/boost/format.hpp
[192.207s] -- Installing: /home/admin/bench/lab/STAGING_helios16p_kiss_legged_bench_cyclone_container_files/helios16p_ws/install/vicon_receiver/include/boost/io_fwd.hpp
[192.212s] -- Installing: /home/admin/bench/lab/STAGING_helios16p_kiss_legged_bench_cyclone_container_files/helios16p_ws/install/vicon_receiver/include/boost/make_shared.hpp
[192.213s] -- Installing: /home/admin/bench/lab/STAGING_helios16p_kiss_legged_bench_cyclone_container_files/helios16p_ws/install/vicon_receiver/include/boost/utility.hpp
[192.218s] -- Installing: /home/admin/bench/lab/STAGING_helios16p_kiss_legged_bench_cyclone_container_files/helios16p_ws/install/vicon_receiver/include/boost/cerrno.hpp
[192.220s] -- Installing: /home/admin/bench/lab/STAGING_helios16p_kiss_legged_bench_cyclone_container_files/helios16p_ws/install/vicon_receiver/include/boost/lexical_cast.hpp
[192.220s] -- Installing: /home/admin/bench/lab/STAGING_helios16p_kiss_legged_bench_cyclone_container_files/helios16p_ws/install/vicon_receiver/include/boost/tuple
[192.220s] -- Installing: /home/admin/bench/lab/STAGING_helios16p_kiss_legged_bench_cyclone_container_files/helios16p_ws/install/vicon_receiver/include/boost/tuple/detail
[192.225s] -- Installing: /home/admin/bench/lab/STAGING_helios16p_kiss_legged_bench_cyclone_container_files/helios16p_ws/install/vicon_receiver/include/boost/tuple/detail/tuple_basic.hpp
[192.226s] -- Installing: /home/admin/bench/lab/STAGING_helios16p_kiss_legged_bench_cyclone_container_files/helios16p_ws/install/vicon_receiver/include/boost/tuple/tuple.hpp
[192.227s] -- Installing: /home/admin/bench/lab/STAGING_helios16p_kiss_legged_bench_cyclone_container_files/helios16p_ws/install/vicon_receiver/include/boost/container_hash
[192.230s] -- Installing: /home/admin/bench/lab/STAGING_helios16p_kiss_legged_bench_cyclone_container_files/helios16p_ws/install/vicon_receiver/include/boost/container_hash/hash.hpp
[192.234s] -- Installing: /home/admin/bench/lab/STAGING_helios16p_kiss_legged_bench_cyclone_container_files/helios16p_ws/install/vicon_receiver/include/boost/container_hash/detail
[192.235s] -- Installing: /home/admin/bench/lab/STAGING_helios16p_kiss_legged_bench_cyclone_container_files/helios16p_ws/install/vicon_receiver/include/boost/container_hash/detail/hash_float.hpp
[192.236s] -- Installing: /home/admin/bench/lab/STAGING_helios16p_kiss_legged_bench_cyclone_container_files/helios16p_ws/install/vicon_receiver/include/boost/container_hash/detail/float_functions.hpp
[192.238s] -- Installing: /home/admin/bench/lab/STAGING_helios16p_kiss_legged_bench_cyclone_container_files/helios16p_ws/install/vicon_receiver/include/boost/container_hash/detail/limits.hpp
[192.242s] -- Installing: /home/admin/bench/lab/STAGING_helios16p_kiss_legged_bench_cyclone_container_files/helios16p_ws/install/vicon_receiver/include/boost/container_hash/extensions.hpp
[192.243s] -- Installing: /home/admin/bench/lab/STAGING_helios16p_kiss_legged_bench_cyclone_container_files/helios16p_ws/install/vicon_receiver/include/boost/container_hash/hash_fwd.hpp
[192.246s] -- Installing: /home/admin/bench/lab/STAGING_helios16p_kiss_legged_bench_cyclone_container_files/helios16p_ws/install/vicon_receiver/include/boost/functional
[192.248s] -- Installing: /home/admin/bench/lab/STAGING_helios16p_kiss_legged_bench_cyclone_container_files/helios16p_ws/install/vicon_receiver/include/boost/functional/hash.hpp
[192.248s] -- Installing: /home/admin/bench/lab/STAGING_helios16p_kiss_legged_bench_cyclone_container_files/helios16p_ws/install/vicon_receiver/include/boost/functional/hash_fwd.hpp
[192.251s] -- Installing: /home/admin/bench/lab/STAGING_helios16p_kiss_legged_bench_cyclone_container_files/helios16p_ws/install/vicon_receiver/include/boost/weak_ptr.hpp
[192.253s] -- Installing: /home/admin/bench/lab/STAGING_helios16p_kiss_legged_bench_cyclone_container_files/helios16p_ws/install/vicon_receiver/include/boost/throw_exception.hpp
[192.257s] -- Installing: /home/admin/bench/lab/STAGING_helios16p_kiss_legged_bench_cyclone_container_files/helios16p_ws/install/vicon_receiver/include/boost/token_iterator.hpp
[192.261s] -- Installing: /home/admin/bench/lab/STAGING_helios16p_kiss_legged_bench_cyclone_container_files/helios16p_ws/install/vicon_receiver/include/boost/checked_delete.hpp
[192.262s] -- Installing: /home/admin/bench/lab/STAGING_helios16p_kiss_legged_bench_cyclone_container_files/helios16p_ws/install/vicon_receiver/include/boost/integer
[192.264s] -- Installing: /home/admin/bench/lab/STAGING_helios16p_kiss_legged_bench_cyclone_container_files/helios16p_ws/install/vicon_receiver/include/boost/integer/static_log2.hpp
[192.264s] -- Installing: /home/admin/bench/lab/STAGING_helios16p_kiss_legged_bench_cyclone_container_files/helios16p_ws/install/vicon_receiver/include/boost/integer/common_factor_rt.hpp
[192.269s] -- Installing: /home/admin/bench/lab/STAGING_helios16p_kiss_legged_bench_cyclone_container_files/helios16p_ws/install/vicon_receiver/include/boost/array.hpp
[192.269s] -- Installing: /home/admin/bench/lab/STAGING_helios16p_kiss_legged_bench_cyclone_container_files/helios16p_ws/install/vicon_receiver/include/boost/format
[192.275s] -- Installing: /home/admin/bench/lab/STAGING_helios16p_kiss_legged_bench_cyclone_container_files/helios16p_ws/install/vicon_receiver/include/boost/format/format_implementation.hpp
[192.276s] -- Installing: /home/admin/bench/lab/STAGING_helios16p_kiss_legged_bench_cyclone_container_files/helios16p_ws/install/vicon_receiver/include/boost/format/detail
[192.278s] -- Installing: /home/admin/bench/lab/STAGING_helios16p_kiss_legged_bench_cyclone_container_files/helios16p_ws/install/vicon_receiver/include/boost/format/detail/compat_workarounds.hpp
[192.278s] -- Installing: /home/admin/bench/lab/STAGING_helios16p_kiss_legged_bench_cyclone_container_files/helios16p_ws/install/vicon_receiver/include/boost/format/detail/workarounds_stlport.hpp
[192.282s] -- Installing: /home/admin/bench/lab/STAGING_helios16p_kiss_legged_bench_cyclone_container_files/helios16p_ws/install/vicon_receiver/include/boost/format/detail/unset_macros.hpp
[192.286s] -- Installing: /home/admin/bench/lab/STAGING_helios16p_kiss_legged_bench_cyclone_container_files/helios16p_ws/install/vicon_receiver/include/boost/format/detail/config_macros.hpp
[192.287s] -- Installing: /home/admin/bench/lab/STAGING_helios16p_kiss_legged_bench_cyclone_container_files/helios16p_ws/install/vicon_receiver/include/boost/format/detail/msvc_disambiguater.hpp
[192.289s] -- Installing: /home/admin/bench/lab/STAGING_helios16p_kiss_legged_bench_cyclone_container_files/helios16p_ws/install/vicon_receiver/include/boost/format/detail/workarounds_gcc-2_95.hpp
[192.297s] -- Installing: /home/admin/bench/lab/STAGING_helios16p_kiss_legged_bench_cyclone_container_files/helios16p_ws/install/vicon_receiver/include/boost/format/parsing.hpp
[192.299s] -- Installing: /home/admin/bench/lab/STAGING_helios16p_kiss_legged_bench_cyclone_container_files/helios16p_ws/install/vicon_receiver/include/boost/format/alt_sstream_impl.hpp
[192.303s] -- Installing: /home/admin/bench/lab/STAGING_helios16p_kiss_legged_bench_cyclone_container_files/helios16p_ws/install/vicon_receiver/include/boost/format/internals.hpp
[192.305s] -- Installing: /home/admin/bench/lab/STAGING_helios16p_kiss_legged_bench_cyclone_container_files/helios16p_ws/install/vicon_receiver/include/boost/format/format_fwd.hpp
[192.307s] -- Installing: /home/admin/bench/lab/STAGING_helios16p_kiss_legged_bench_cyclone_container_files/helios16p_ws/install/vicon_receiver/include/boost/format/alt_sstream.hpp
[192.312s] -- Installing: /home/admin/bench/lab/STAGING_helios16p_kiss_legged_bench_cyclone_container_files/helios16p_ws/install/vicon_receiver/include/boost/format/group.hpp
[192.325s] -- Installing: /home/admin/bench/lab/STAGING_helios16p_kiss_legged_bench_cyclone_container_files/helios16p_ws/install/vicon_receiver/include/boost/format/exceptions.hpp
[192.327s] -- Installing: /home/admin/bench/lab/STAGING_helios16p_kiss_legged_bench_cyclone_container_files/helios16p_ws/install/vicon_receiver/include/boost/format/format_class.hpp
[192.333s] -- Installing: /home/admin/bench/lab/STAGING_helios16p_kiss_legged_bench_cyclone_container_files/helios16p_ws/install/vicon_receiver/include/boost/format/feed_args.hpp
[192.333s] -- Installing: /home/admin/bench/lab/STAGING_helios16p_kiss_legged_bench_cyclone_container_files/helios16p_ws/install/vicon_receiver/include/boost/format/free_funcs.hpp
[192.333s] -- Installing: /home/admin/bench/lab/STAGING_helios16p_kiss_legged_bench_cyclone_container_files/helios16p_ws/install/vicon_receiver/include/boost/format/internals_fwd.hpp
[192.337s] -- Installing: /home/admin/bench/lab/STAGING_helios16p_kiss_legged_bench_cyclone_container_files/helios16p_ws/install/vicon_receiver/include/boost/regex.hpp
[192.358s] -- Installing: /home/admin/bench/lab/STAGING_helios16p_kiss_legged_bench_cyclone_container_files/helios16p_ws/install/vicon_receiver/include/boost/visit_each.hpp
[192.359s] -- Installing: /home/admin/bench/lab/STAGING_helios16p_kiss_legged_bench_cyclone_container_files/helios16p_ws/install/vicon_receiver/include/boost/integer_fwd.hpp
[192.360s] -- Installing: /home/admin/bench/lab/STAGING_helios16p_kiss_legged_bench_cyclone_container_files/helios16p_ws/install/vicon_receiver/include/boost/next_prior.hpp
[192.373s] -- Installing: /home/admin/bench/lab/STAGING_helios16p_kiss_legged_bench_cyclone_container_files/helios16p_ws/install/vicon_receiver/include/boost/enable_shared_from_this.hpp
[192.374s] -- Installing: /home/admin/bench/lab/STAGING_helios16p_kiss_legged_bench_cyclone_container_files/helios16p_ws/install/vicon_receiver/include/boost/bind
[192.374s] -- Installing: /home/admin/bench/lab/STAGING_helios16p_kiss_legged_bench_cyclone_container_files/helios16p_ws/install/vicon_receiver/include/boost/bind/mem_fn_cc.hpp
[192.374s] -- Installing: /home/admin/bench/lab/STAGING_helios16p_kiss_legged_bench_cyclone_container_files/helios16p_ws/install/vicon_receiver/include/boost/bind/mem_fn.hpp
[192.375s] -- Installing: /home/admin/bench/lab/STAGING_helios16p_kiss_legged_bench_cyclone_container_files/helios16p_ws/install/vicon_receiver/include/boost/bind/detail
[192.375s] -- Installing: /home/admin/bench/lab/STAGING_helios16p_kiss_legged_bench_cyclone_container_files/helios16p_ws/install/vicon_receiver/include/boost/bind/detail/result_traits.hpp
[192.383s] -- Installing: /home/admin/bench/lab/STAGING_helios16p_kiss_legged_bench_cyclone_container_files/helios16p_ws/install/vicon_receiver/include/boost/bind/bind_cc.hpp
[192.384s] -- Installing: /home/admin/bench/lab/STAGING_helios16p_kiss_legged_bench_cyclone_container_files/helios16p_ws/install/vicon_receiver/include/boost/bind/bind.hpp
[192.384s] -- Installing: /home/admin/bench/lab/STAGING_helios16p_kiss_legged_bench_cyclone_container_files/helios16p_ws/install/vicon_receiver/include/boost/bind/bind_template.hpp
[192.387s] -- Installing: /home/admin/bench/lab/STAGING_helios16p_kiss_legged_bench_cyclone_container_files/helios16p_ws/install/vicon_receiver/include/boost/bind/mem_fn_template.hpp
[192.397s] -- Installing: /home/admin/bench/lab/STAGING_helios16p_kiss_legged_bench_cyclone_container_files/helios16p_ws/install/vicon_receiver/include/boost/bind/placeholders.hpp
[192.397s] -- Installing: /home/admin/bench/lab/STAGING_helios16p_kiss_legged_bench_cyclone_container_files/helios16p_ws/install/vicon_receiver/include/boost/bind/bind_mf2_cc.hpp
[192.398s] -- Installing: /home/admin/bench/lab/STAGING_helios16p_kiss_legged_bench_cyclone_container_files/helios16p_ws/install/vicon_receiver/include/boost/bind/arg.hpp
[192.398s] -- Installing: /home/admin/bench/lab/STAGING_helios16p_kiss_legged_bench_cyclone_container_files/helios16p_ws/install/vicon_receiver/include/boost/bind/bind_mf_cc.hpp
[192.402s] -- Installing: /home/admin/bench/lab/STAGING_helios16p_kiss_legged_bench_cyclone_container_files/helios16p_ws/install/vicon_receiver/include/boost/bind/storage.hpp
[192.423s] -- Installing: /home/admin/bench/lab/STAGING_helios16p_kiss_legged_bench_cyclone_container_files/helios16p_ws/install/vicon_receiver/include/boost/bind/mem_fn_vw.hpp
[192.426s] -- Installing: /home/admin/bench/lab/STAGING_helios16p_kiss_legged_bench_cyclone_container_files/helios16p_ws/install/vicon_receiver/include/boost/range
[192.427s] -- Installing: /home/admin/bench/lab/STAGING_helios16p_kiss_legged_bench_cyclone_container_files/helios16p_ws/install/vicon_receiver/include/boost/range/empty.hpp
[192.427s] -- Installing: /home/admin/bench/lab/STAGING_helios16p_kiss_legged_bench_cyclone_container_files/helios16p_ws/install/vicon_receiver/include/boost/range/reverse_iterator.hpp
[192.427s] -- Installing: /home/admin/bench/lab/STAGING_helios16p_kiss_legged_bench_cyclone_container_files/helios16p_ws/install/vicon_receiver/include/boost/range/algorithm
[192.428s] -- Installing: /home/admin/bench/lab/STAGING_helios16p_kiss_legged_bench_cyclone_container_files/helios16p_ws/install/vicon_receiver/include/boost/range/algorithm/equal.hpp
[192.428s] -- Installing: /home/admin/bench/lab/STAGING_helios16p_kiss_legged_bench_cyclone_container_files/helios16p_ws/install/vicon_receiver/include/boost/range/iterator_range_io.hpp
[192.428s] -- Installing: /home/admin/bench/lab/STAGING_helios16p_kiss_legged_bench_cyclone_container_files/helios16p_ws/install/vicon_receiver/include/boost/range/distance.hpp
[192.428s] -- Installing: /home/admin/bench/lab/STAGING_helios16p_kiss_legged_bench_cyclone_container_files/helios16p_ws/install/vicon_receiver/include/boost/range/detail
[192.429s] -- Installing: /home/admin/bench/lab/STAGING_helios16p_kiss_legged_bench_cyclone_container_files/helios16p_ws/install/vicon_receiver/include/boost/range/detail/common.hpp
[192.433s] -- Installing: /home/admin/bench/lab/STAGING_helios16p_kiss_legged_bench_cyclone_container_files/helios16p_ws/install/vicon_receiver/include/boost/range/detail/safe_bool.hpp
[192.434s] -- Installing: /home/admin/bench/lab/STAGING_helios16p_kiss_legged_bench_cyclone_container_files/helios16p_ws/install/vicon_receiver/include/boost/range/detail/misc_concept.hpp
[192.440s] -- Installing: /home/admin/bench/lab/STAGING_helios16p_kiss_legged_bench_cyclone_container_files/helios16p_ws/install/vicon_receiver/include/boost/range/detail/combine_cxx03.hpp
[192.441s] -- Installing: /home/admin/bench/lab/STAGING_helios16p_kiss_legged_bench_cyclone_container_files/helios16p_ws/install/vicon_receiver/include/boost/range/detail/has_member_size.hpp
[192.443s] -- Installing: /home/admin/bench/lab/STAGING_helios16p_kiss_legged_bench_cyclone_container_files/helios16p_ws/install/vicon_receiver/include/boost/range/detail/combine_cxx11.hpp
[192.443s] -- Installing: /home/admin/bench/lab/STAGING_helios16p_kiss_legged_bench_cyclone_container_files/helios16p_ws/install/vicon_receiver/include/boost/range/detail/msvc_has_iterator_workaround.hpp
[192.444s] -- Installing: /home/admin/bench/lab/STAGING_helios16p_kiss_legged_bench_cyclone_container_files/helios16p_ws/install/vicon_receiver/include/boost/range/detail/extract_optional_type.hpp
[192.444s] -- Installing: /home/admin/bench/lab/STAGING_helios16p_kiss_legged_bench_cyclone_container_files/helios16p_ws/install/vicon_receiver/include/boost/range/detail/combine_no_rvalue.hpp
[192.444s] -- Installing: /home/admin/bench/lab/STAGING_helios16p_kiss_legged_bench_cyclone_container_files/helios16p_ws/install/vicon_receiver/include/boost/range/detail/implementation_help.hpp
[192.448s] -- Installing: /home/admin/bench/lab/STAGING_helios16p_kiss_legged_bench_cyclone_container_files/helios16p_ws/install/vicon_receiver/include/boost/range/detail/combine_rvalue.hpp
[192.452s] -- Installing: /home/admin/bench/lab/STAGING_helios16p_kiss_legged_bench_cyclone_container_files/helios16p_ws/install/vicon_receiver/include/boost/range/detail/sfinae.hpp
[192.453s] -- Installing: /home/admin/bench/lab/STAGING_helios16p_kiss_legged_bench_cyclone_container_files/helios16p_ws/install/vicon_receiver/include/boost/range/detail/str_types.hpp
[192.453s] -- Installing: /home/admin/bench/lab/STAGING_helios16p_kiss_legged_bench_cyclone_container_files/helios16p_ws/install/vicon_receiver/include/boost/range/functions.hpp
[192.465s] -- Installing: /home/admin/bench/lab/STAGING_helios16p_kiss_legged_bench_cyclone_container_files/helios16p_ws/install/vicon_receiver/include/boost/range/as_literal.hpp
[192.465s] -- Installing: /home/admin/bench/lab/STAGING_helios16p_kiss_legged_bench_cyclone_container_files/helios16p_ws/install/vicon_receiver/include/boost/range/size_type.hpp
[192.465s] -- Installing: /home/admin/bench/lab/STAGING_helios16p_kiss_legged_bench_cyclone_container_files/helios16p_ws/install/vicon_receiver/include/boost/range/begin.hpp
[192.468s] -- Installing: /home/admin/bench/lab/STAGING_helios16p_kiss_legged_bench_cyclone_container_files/helios16p_ws/install/vicon_receiver/include/boost/range/rbegin.hpp
[192.468s] -- Installing: /home/admin/bench/lab/STAGING_helios16p_kiss_legged_bench_cyclone_container_files/helios16p_ws/install/vicon_receiver/include/boost/range/config.hpp
[192.469s] -- Installing: /home/admin/bench/lab/STAGING_helios16p_kiss_legged_bench_cyclone_container_files/helios16p_ws/install/vicon_receiver/include/boost/range/range_fwd.hpp
[192.471s] -- Installing: /home/admin/bench/lab/STAGING_helios16p_kiss_legged_bench_cyclone_container_files/helios16p_ws/install/vicon_receiver/include/boost/range/has_range_iterator.hpp
[192.474s] -- Installing: /home/admin/bench/lab/STAGING_helios16p_kiss_legged_bench_cyclone_container_files/helios16p_ws/install/vicon_receiver/include/boost/range/difference_type.hpp
[192.475s] -- Installing: /home/admin/bench/lab/STAGING_helios16p_kiss_legged_bench_cyclone_container_files/helios16p_ws/install/vicon_receiver/include/boost/range/concepts.hpp
[192.475s] -- Installing: /home/admin/bench/lab/STAGING_helios16p_kiss_legged_bench_cyclone_container_files/helios16p_ws/install/vicon_receiver/include/boost/range/end.hpp
[192.477s] -- Installing: /home/admin/bench/lab/STAGING_helios16p_kiss_legged_bench_cyclone_container_files/helios16p_ws/install/vicon_receiver/include/boost/range/combine.hpp
[192.479s] -- Installing: /home/admin/bench/lab/STAGING_helios16p_kiss_legged_bench_cyclone_container_files/helios16p_ws/install/vicon_receiver/include/boost/range/const_iterator.hpp
[192.481s] -- Installing: /home/admin/bench/lab/STAGING_helios16p_kiss_legged_bench_cyclone_container_files/helios16p_ws/install/vicon_receiver/include/boost/range/iterator_range_core.hpp
[192.490s] -- Installing: /home/admin/bench/lab/STAGING_helios16p_kiss_legged_bench_cyclone_container_files/helios16p_ws/install/vicon_receiver/include/boost/range/mutable_iterator.hpp
[192.490s] -- Installing: /home/admin/bench/lab/STAGING_helios16p_kiss_legged_bench_cyclone_container_files/helios16p_ws/install/vicon_receiver/include/boost/range/value_type.hpp
[192.490s] -- Installing: /home/admin/bench/lab/STAGING_helios16p_kiss_legged_bench_cyclone_container_files/helios16p_ws/install/vicon_receiver/include/boost/range/rend.hpp
[192.494s] -- Installing: /home/admin/bench/lab/STAGING_helios16p_kiss_legged_bench_cyclone_container_files/helios16p_ws/install/vicon_receiver/include/boost/range/iterator_range.hpp
[192.495s] -- Installing: /home/admin/bench/lab/STAGING_helios16p_kiss_legged_bench_cyclone_container_files/helios16p_ws/install/vicon_receiver/include/boost/range/size.hpp
[192.504s] -- Installing: /home/admin/bench/lab/STAGING_helios16p_kiss_legged_bench_cyclone_container_files/helios16p_ws/install/vicon_receiver/include/boost/range/iterator.hpp
[192.505s] -- Installing: /home/admin/bench/lab/STAGING_helios16p_kiss_legged_bench_cyclone_container_files/helios16p_ws/install/vicon_receiver/include/boost/math
[192.505s] -- Installing: /home/admin/bench/lab/STAGING_helios16p_kiss_legged_bench_cyclone_container_files/helios16p_ws/install/vicon_receiver/include/boost/math/special_functions
[192.506s] -- Installing: /home/admin/bench/lab/STAGING_helios16p_kiss_legged_bench_cyclone_container_files/helios16p_ws/install/vicon_receiver/include/boost/math/special_functions/math_fwd.hpp
[192.509s] -- Installing: /home/admin/bench/lab/STAGING_helios16p_kiss_legged_bench_cyclone_container_files/helios16p_ws/install/vicon_receiver/include/boost/math/special_functions/detail
[192.510s] -- Installing: /home/admin/bench/lab/STAGING_helios16p_kiss_legged_bench_cyclone_container_files/helios16p_ws/install/vicon_receiver/include/boost/math/special_functions/detail/round_fwd.hpp
[192.513s] -- Installing: /home/admin/bench/lab/STAGING_helios16p_kiss_legged_bench_cyclone_container_files/helios16p_ws/install/vicon_receiver/include/boost/math/special_functions/detail/fp_traits.hpp
[192.522s] -- Installing: /home/admin/bench/lab/STAGING_helios16p_kiss_legged_bench_cyclone_container_files/helios16p_ws/install/vicon_receiver/include/boost/math/special_functions/fpclassify.hpp
[192.523s] -- Installing: /home/admin/bench/lab/STAGING_helios16p_kiss_legged_bench_cyclone_container_files/helios16p_ws/install/vicon_receiver/include/boost/math/special_functions/sign.hpp
[192.524s] -- Installing: /home/admin/bench/lab/STAGING_helios16p_kiss_legged_bench_cyclone_container_files/helios16p_ws/install/vicon_receiver/include/boost/math/constants
[192.524s] -- Installing: /home/admin/bench/lab/STAGING_helios16p_kiss_legged_bench_cyclone_container_files/helios16p_ws/install/vicon_receiver/include/boost/math/constants/calculate_constants.hpp
[192.526s] -- Installing: /home/admin/bench/lab/STAGING_helios16p_kiss_legged_bench_cyclone_container_files/helios16p_ws/install/vicon_receiver/include/boost/math/constants/constants.hpp
[192.530s] -- Installing: /home/admin/bench/lab/STAGING_helios16p_kiss_legged_bench_cyclone_container_files/helios16p_ws/install/vicon_receiver/include/boost/math/policies
[192.534s] -- Installing: /home/admin/bench/lab/STAGING_helios16p_kiss_legged_bench_cyclone_container_files/helios16p_ws/install/vicon_receiver/include/boost/math/policies/policy.hpp
[192.535s] -- Installing: /home/admin/bench/lab/STAGING_helios16p_kiss_legged_bench_cyclone_container_files/helios16p_ws/install/vicon_receiver/include/boost/math/tools
[192.539s] -- Installing: /home/admin/bench/lab/STAGING_helios16p_kiss_legged_bench_cyclone_container_files/helios16p_ws/install/vicon_receiver/include/boost/math/tools/convert_from_string.hpp
[192.541s] -- Installing: /home/admin/bench/lab/STAGING_helios16p_kiss_legged_bench_cyclone_container_files/helios16p_ws/install/vicon_receiver/include/boost/math/tools/real_cast.hpp
[192.544s] -- Installing: /home/admin/bench/lab/STAGING_helios16p_kiss_legged_bench_cyclone_container_files/helios16p_ws/install/vicon_receiver/include/boost/math/tools/user.hpp
[192.552s] -- Installing: /home/admin/bench/lab/STAGING_helios16p_kiss_legged_bench_cyclone_container_files/helios16p_ws/install/vicon_receiver/include/boost/math/tools/config.hpp
[192.554s] -- Installing: /home/admin/bench/lab/STAGING_helios16p_kiss_legged_bench_cyclone_container_files/helios16p_ws/install/vicon_receiver/include/boost/math/tools/promotion.hpp
[192.558s] -- Installing: /home/admin/bench/lab/STAGING_helios16p_kiss_legged_bench_cyclone_container_files/helios16p_ws/install/vicon_receiver/include/boost/math/tools/cxx03_warn.hpp
[192.562s] -- Installing: /home/admin/bench/lab/STAGING_helios16p_kiss_legged_bench_cyclone_container_files/helios16p_ws/install/vicon_receiver/include/boost/math/tools/precision.hpp
[192.563s] -- Installing: /home/admin/bench/lab/STAGING_helios16p_kiss_legged_bench_cyclone_container_files/helios16p_ws/install/vicon_receiver/include/boost/type_index.hpp
[192.565s] -- Installing: /home/admin/bench/lab/STAGING_helios16p_kiss_legged_bench_cyclone_container_files/helios16p_ws/install/vicon_receiver/include/boost/intrusive_ptr.hpp
[192.566s] -- Installing: /home/admin/bench/lab/STAGING_helios16p_kiss_legged_bench_cyclone_container_files/helios16p_ws/install/vicon_receiver/include/boost/none.hpp
[192.573s] -- Installing: /home/admin/bench/lab/STAGING_helios16p_kiss_legged_bench_cyclone_container_files/helios16p_ws/install/vicon_receiver/include/boost/type_traits
[192.573s] -- Installing: /home/admin/bench/lab/STAGING_helios16p_kiss_legged_bench_cyclone_container_files/helios16p_ws/install/vicon_receiver/include/boost/type_traits/has_trivial_move_constructor.hpp
[192.575s] -- Installing: /home/admin/bench/lab/STAGING_helios16p_kiss_legged_bench_cyclone_container_files/helios16p_ws/install/vicon_receiver/include/boost/type_traits/remove_pointer.hpp
[192.576s] -- Installing: /home/admin/bench/lab/STAGING_helios16p_kiss_legged_bench_cyclone_container_files/helios16p_ws/install/vicon_receiver/include/boost/type_traits/copy_cv.hpp
[192.580s] -- Installing: /home/admin/bench/lab/STAGING_helios16p_kiss_legged_bench_cyclone_container_files/helios16p_ws/install/vicon_receiver/include/boost/type_traits/is_const.hpp
[192.582s] -- Installing: /home/admin/bench/lab/STAGING_helios16p_kiss_legged_bench_cyclone_container_files/helios16p_ws/install/vicon_receiver/include/boost/type_traits/has_nothrow_destructor.hpp
[192.583s] -- Installing: /home/admin/bench/lab/STAGING_helios16p_kiss_legged_bench_cyclone_container_files/helios16p_ws/install/vicon_receiver/include/boost/type_traits/add_rvalue_reference.hpp
[192.589s] -- Installing: /home/admin/bench/lab/STAGING_helios16p_kiss_legged_bench_cyclone_container_files/helios16p_ws/install/vicon_receiver/include/boost/type_traits/composite_traits.hpp
[192.590s] -- Installing: /home/admin/bench/lab/STAGING_helios16p_kiss_legged_bench_cyclone_container_files/helios16p_ws/install/vicon_receiver/include/boost/type_traits/detail
[192.591s] -- Installing: /home/admin/bench/lab/STAGING_helios16p_kiss_legged_bench_cyclone_container_files/helios16p_ws/install/vicon_receiver/include/boost/type_traits/detail/is_mem_fun_pointer_tester.hpp
[192.603s] -- Installing: /home/admin/bench/lab/STAGING_helios16p_kiss_legged_bench_cyclone_container_files/helios16p_ws/install/vicon_receiver/include/boost/type_traits/detail/composite_member_pointer_type.hpp
[192.603s] -- Installing: /home/admin/bench/lab/STAGING_helios16p_kiss_legged_bench_cyclone_container_files/helios16p_ws/install/vicon_receiver/include/boost/type_traits/detail/is_member_function_pointer_cxx_11.hpp
[192.609s] -- Installing: /home/admin/bench/lab/STAGING_helios16p_kiss_legged_bench_cyclone_container_files/helios16p_ws/install/vicon_receiver/include/boost/type_traits/detail/yes_no_type.hpp
[192.615s] -- Installing: /home/admin/bench/lab/STAGING_helios16p_kiss_legged_bench_cyclone_container_files/helios16p_ws/install/vicon_receiver/include/boost/type_traits/detail/common_type_impl.hpp
[192.616s] -- Installing: /home/admin/bench/lab/STAGING_helios16p_kiss_legged_bench_cyclone_container_files/helios16p_ws/install/vicon_receiver/include/boost/type_traits/detail/is_likely_lambda.hpp
[192.624s] -- Installing: /home/admin/bench/lab/STAGING_helios16p_kiss_legged_bench_cyclone_container_files/helios16p_ws/install/vicon_receiver/include/boost/type_traits/detail/is_function_cxx_11.hpp
[192.627s] -- Installing: /home/admin/bench/lab/STAGING_helios16p_kiss_legged_bench_cyclone_container_files/helios16p_ws/install/vicon_receiver/include/boost/type_traits/detail/config.hpp
[192.627s] -- Installing: /home/admin/bench/lab/STAGING_helios16p_kiss_legged_bench_cyclone_container_files/helios16p_ws/install/vicon_receiver/include/boost/type_traits/detail/is_member_function_pointer_cxx_03.hpp
[192.630s] -- Installing: /home/admin/bench/lab/STAGING_helios16p_kiss_legged_bench_cyclone_container_files/helios16p_ws/install/vicon_receiver/include/boost/type_traits/detail/is_function_cxx_03.hpp
[192.640s] -- Installing: /home/admin/bench/lab/STAGING_helios16p_kiss_legged_bench_cyclone_container_files/helios16p_ws/install/vicon_receiver/include/boost/type_traits/detail/is_mem_fun_pointer_impl.hpp
[192.642s] -- Installing: /home/admin/bench/lab/STAGING_helios16p_kiss_legged_bench_cyclone_container_files/helios16p_ws/install/vicon_receiver/include/boost/type_traits/detail/is_function_msvc10_fix.hpp
[192.652s] -- Installing: /home/admin/bench/lab/STAGING_helios16p_kiss_legged_bench_cyclone_container_files/helios16p_ws/install/vicon_receiver/include/boost/type_traits/detail/common_arithmetic_type.hpp
[192.652s] -- Installing: /home/admin/bench/lab/STAGING_helios16p_kiss_legged_bench_cyclone_container_files/helios16p_ws/install/vicon_receiver/include/boost/type_traits/detail/is_function_ptr_tester.hpp
[192.657s] -- Installing: /home/admin/bench/lab/STAGING_helios16p_kiss_legged_bench_cyclone_container_files/helios16p_ws/install/vicon_receiver/include/boost/type_traits/detail/composite_pointer_type.hpp
[192.661s] -- Installing: /home/admin/bench/lab/STAGING_helios16p_kiss_legged_bench_cyclone_container_files/helios16p_ws/install/vicon_receiver/include/boost/type_traits/detail/is_function_ptr_helper.hpp
[192.665s] -- Installing: /home/admin/bench/lab/STAGING_helios16p_kiss_legged_bench_cyclone_container_files/helios16p_ws/install/vicon_receiver/include/boost/type_traits/detail/is_rvalue_reference_msvc10_fix.hpp
[192.667s] -- Installing: /home/admin/bench/lab/STAGING_helios16p_kiss_legged_bench_cyclone_container_files/helios16p_ws/install/vicon_receiver/include/boost/type_traits/detail/mp_defer.hpp
[192.667s] -- Installing: /home/admin/bench/lab/STAGING_helios16p_kiss_legged_bench_cyclone_container_files/helios16p_ws/install/vicon_receiver/include/boost/type_traits/detail/has_binary_operator.hpp
[192.674s] -- Installing: /home/admin/bench/lab/STAGING_helios16p_kiss_legged_bench_cyclone_container_files/helios16p_ws/install/vicon_receiver/include/boost/type_traits/is_float.hpp
[192.676s] -- Installing: /home/admin/bench/lab/STAGING_helios16p_kiss_legged_bench_cyclone_container_files/helios16p_ws/install/vicon_receiver/include/boost/type_traits/is_noncopyable.hpp
[192.676s] -- Installing: /home/admin/bench/lab/STAGING_helios16p_kiss_legged_bench_cyclone_container_files/helios16p_ws/install/vicon_receiver/include/boost/type_traits/is_union.hpp
[192.684s] -- Installing: /home/admin/bench/lab/STAGING_helios16p_kiss_legged_bench_cyclone_container_files/helios16p_ws/install/vicon_receiver/include/boost/type_traits/same_traits.hpp
[192.686s] -- Installing: /home/admin/bench/lab/STAGING_helios16p_kiss_legged_bench_cyclone_container_files/helios16p_ws/install/vicon_receiver/include/boost/type_traits/has_right_shift.hpp
[192.686s] -- Installing: /home/admin/bench/lab/STAGING_helios16p_kiss_legged_bench_cyclone_container_files/helios16p_ws/install/vicon_receiver/include/boost/type_traits/remove_extent.hpp
[192.690s] -- Installing: /home/admin/bench/lab/STAGING_helios16p_kiss_legged_bench_cyclone_container_files/helios16p_ws/install/vicon_receiver/include/boost/type_traits/is_object.hpp
[192.694s] -- Installing: /home/admin/bench/lab/STAGING_helios16p_kiss_legged_bench_cyclone_container_files/helios16p_ws/install/vicon_receiver/include/boost/type_traits/is_pod.hpp
[192.697s] -- Installing: /home/admin/bench/lab/STAGING_helios16p_kiss_legged_bench_cyclone_container_files/helios16p_ws/install/vicon_receiver/include/boost/type_traits/remove_bounds.hpp
[192.702s] -- Installing: /home/admin/bench/lab/STAGING_helios16p_kiss_legged_bench_cyclone_container_files/helios16p_ws/install/vicon_receiver/include/boost/type_traits/add_reference.hpp
[192.722s] -- Installing: /home/admin/bench/lab/STAGING_helios16p_kiss_legged_bench_cyclone_container_files/helios16p_ws/install/vicon_receiver/include/boost/type_traits/is_unbounded_array.hpp
[192.722s] -- Installing: /home/admin/bench/lab/STAGING_helios16p_kiss_legged_bench_cyclone_container_files/helios16p_ws/install/vicon_receiver/include/boost/type_traits/is_pointer.hpp
[192.725s] -- Installing: /home/admin/bench/lab/STAGING_helios16p_kiss_legged_bench_cyclone_container_files/helios16p_ws/install/vicon_receiver/include/boost/type_traits/is_convertible.hpp
[192.727s] -- Installing: /home/admin/bench/lab/STAGING_helios16p_kiss_legged_bench_cyclone_container_files/helios16p_ws/install/vicon_receiver/include/boost/type_traits/is_abstract.hpp
[192.741s] -- Installing: /home/admin/bench/lab/STAGING_helios16p_kiss_legged_bench_cyclone_container_files/helios16p_ws/install/vicon_receiver/include/boost/type_traits/is_member_pointer.hpp
[192.741s] -- Installing: /home/admin/bench/lab/STAGING_helios16p_kiss_legged_bench_cyclone_container_files/helios16p_ws/install/vicon_receiver/include/boost/type_traits/remove_all_extents.hpp
[192.742s] -- Installing: /home/admin/bench/lab/STAGING_helios16p_kiss_legged_bench_cyclone_container_files/helios16p_ws/install/vicon_receiver/include/boost/type_traits/add_const.hpp
[192.742s] -- Installing: /home/admin/bench/lab/STAGING_helios16p_kiss_legged_bench_cyclone_container_files/helios16p_ws/install/vicon_receiver/include/boost/type_traits/is_assignable.hpp
[192.742s] -- Installing: /home/admin/bench/lab/STAGING_helios16p_kiss_legged_bench_cyclone_container_files/helios16p_ws/install/vicon_receiver/include/boost/type_traits/add_volatile.hpp
[192.743s] -- Installing: /home/admin/bench/lab/STAGING_helios16p_kiss_legged_bench_cyclone_container_files/helios16p_ws/install/vicon_receiver/include/boost/type_traits/is_destructible.hpp
[192.746s] -- Installing: /home/admin/bench/lab/STAGING_helios16p_kiss_legged_bench_cyclone_container_files/helios16p_ws/install/vicon_receiver/include/boost/type_traits/is_reference.hpp
[192.748s] -- Installing: /home/admin/bench/lab/STAGING_helios16p_kiss_legged_bench_cyclone_container_files/helios16p_ws/install/vicon_receiver/include/boost/type_traits/is_class.hpp
[192.757s] -- Installing: /home/admin/bench/lab/STAGING_helios16p_kiss_legged_bench_cyclone_container_files/helios16p_ws/install/vicon_receiver/include/boost/type_traits/is_empty.hpp
[192.757s] -- Installing: /home/admin/bench/lab/STAGING_helios16p_kiss_legged_bench_cyclone_container_files/helios16p_ws/install/vicon_receiver/include/boost/type_traits/is_constructible.hpp
[192.759s] -- Installing: /home/admin/bench/lab/STAGING_helios16p_kiss_legged_bench_cyclone_container_files/helios16p_ws/install/vicon_receiver/include/boost/type_traits/is_integral.hpp
[192.764s] -- Installing: /home/admin/bench/lab/STAGING_helios16p_kiss_legged_bench_cyclone_container_files/helios16p_ws/install/vicon_receiver/include/boost/type_traits/has_left_shift.hpp
[192.783s] -- Installing: /home/admin/bench/lab/STAGING_helios16p_kiss_legged_bench_cyclone_container_files/helios16p_ws/install/vicon_receiver/include/boost/type_traits/is_enum.hpp
[192.784s] -- Installing: /home/admin/bench/lab/STAGING_helios16p_kiss_legged_bench_cyclone_container_files/helios16p_ws/install/vicon_receiver/include/boost/type_traits/declval.hpp
[192.796s] -- Installing: /home/admin/bench/lab/STAGING_helios16p_kiss_legged_bench_cyclone_container_files/helios16p_ws/install/vicon_receiver/include/boost/type_traits/add_pointer.hpp
[192.798s] -- Installing: /home/admin/bench/lab/STAGING_helios16p_kiss_legged_bench_cyclone_container_files/helios16p_ws/install/vicon_receiver/include/boost/type_traits/make_void.hpp
[192.801s] -- Installing: /home/admin/bench/lab/STAGING_helios16p_kiss_legged_bench_cyclone_container_files/helios16p_ws/install/vicon_receiver/include/boost/type_traits/is_scalar.hpp
[192.809s] -- Installing: /home/admin/bench/lab/STAGING_helios16p_kiss_legged_bench_cyclone_container_files/helios16p_ws/install/vicon_receiver/include/boost/type_traits/type_with_alignment.hpp
[192.810s] -- Installing: /home/admin/bench/lab/STAGING_helios16p_kiss_legged_bench_cyclone_container_files/helios16p_ws/install/vicon_receiver/include/boost/type_traits/is_unsigned.hpp
[192.810s] -- Installing: /home/admin/bench/lab/STAGING_helios16p_kiss_legged_bench_cyclone_container_files/helios16p_ws/install/vicon_receiver/include/boost/type_traits/add_lvalue_reference.hpp
[192.812s] -- Installing: /home/admin/bench/lab/STAGING_helios16p_kiss_legged_bench_cyclone_container_files/helios16p_ws/install/vicon_receiver/include/boost/type_traits/has_nothrow_assign.hpp
[192.813s] -- Installing: /home/admin/bench/lab/STAGING_helios16p_kiss_legged_bench_cyclone_container_files/helios16p_ws/install/vicon_receiver/include/boost/type_traits/aligned_storage.hpp
[192.831s] -- Installing: /home/admin/bench/lab/STAGING_helios16p_kiss_legged_bench_cyclone_container_files/helios16p_ws/install/vicon_receiver/include/boost/type_traits/is_member_function_pointer.hpp
[192.833s] -- Installing: /home/admin/bench/lab/STAGING_helios16p_kiss_legged_bench_cyclone_container_files/helios16p_ws/install/vicon_receiver/include/boost/type_traits/has_nothrow_copy.hpp
[192.835s] -- Installing: /home/admin/bench/lab/STAGING_helios16p_kiss_legged_bench_cyclone_container_files/helios16p_ws/install/vicon_receiver/include/boost/type_traits/is_rvalue_reference.hpp
[192.837s] -- Installing: /home/admin/bench/lab/STAGING_helios16p_kiss_legged_bench_cyclone_container_files/helios16p_ws/install/vicon_receiver/include/boost/type_traits/is_signed.hpp
[192.838s] -- Installing: /home/admin/bench/lab/STAGING_helios16p_kiss_legged_bench_cyclone_container_files/helios16p_ws/install/vicon_receiver/include/boost/type_traits/remove_cv.hpp
[192.840s] -- Installing: /home/admin/bench/lab/STAGING_helios16p_kiss_legged_bench_cyclone_container_files/helios16p_ws/install/vicon_receiver/include/boost/type_traits/remove_volatile.hpp
[192.840s] -- Installing: /home/admin/bench/lab/STAGING_helios16p_kiss_legged_bench_cyclone_container_files/helios16p_ws/install/vicon_receiver/include/boost/type_traits/conversion_traits.hpp
[192.841s] -- Installing: /home/admin/bench/lab/STAGING_helios16p_kiss_legged_bench_cyclone_container_files/helios16p_ws/install/vicon_receiver/include/boost/type_traits/is_volatile.hpp
[192.841s] -- Installing: /home/admin/bench/lab/STAGING_helios16p_kiss_legged_bench_cyclone_container_files/helios16p_ws/install/vicon_receiver/include/boost/type_traits/has_trivial_move_assign.hpp
[192.841s] -- Installing: /home/admin/bench/lab/STAGING_helios16p_kiss_legged_bench_cyclone_container_files/helios16p_ws/install/vicon_receiver/include/boost/type_traits/type_identity.hpp
[192.852s] -- Installing: /home/admin/bench/lab/STAGING_helios16p_kiss_legged_bench_cyclone_container_files/helios16p_ws/install/vicon_receiver/include/boost/type_traits/has_nothrow_constructor.hpp
[192.852s] -- Installing: /home/admin/bench/lab/STAGING_helios16p_kiss_legged_bench_cyclone_container_files/helios16p_ws/install/vicon_receiver/include/boost/type_traits/has_minus_assign.hpp
[192.853s] -- Installing: /home/admin/bench/lab/STAGING_helios16p_kiss_legged_bench_cyclone_container_files/helios16p_ws/install/vicon_receiver/include/boost/type_traits/has_trivial_constructor.hpp
[192.868s] -- Installing: /home/admin/bench/lab/STAGING_helios16p_kiss_legged_bench_cyclone_container_files/helios16p_ws/install/vicon_receiver/include/boost/type_traits/enable_if.hpp
[192.868s] -- Installing: /home/admin/bench/lab/STAGING_helios16p_kiss_legged_bench_cyclone_container_files/helios16p_ws/install/vicon_receiver/include/boost/type_traits/integral_constant.hpp
[192.869s] -- Installing: /home/admin/bench/lab/STAGING_helios16p_kiss_legged_bench_cyclone_container_files/helios16p_ws/install/vicon_receiver/include/boost/type_traits/has_trivial_assign.hpp
[192.869s] -- Installing: /home/admin/bench/lab/STAGING_helios16p_kiss_legged_bench_cyclone_container_files/helios16p_ws/install/vicon_receiver/include/boost/type_traits/is_polymorphic.hpp
[192.869s] -- Installing: /home/admin/bench/lab/STAGING_helios16p_kiss_legged_bench_cyclone_container_files/helios16p_ws/install/vicon_receiver/include/boost/type_traits/is_arithmetic.hpp
[192.874s] -- Installing: /home/admin/bench/lab/STAGING_helios16p_kiss_legged_bench_cyclone_container_files/helios16p_ws/install/vicon_receiver/include/boost/type_traits/remove_reference.hpp
[192.875s] -- Installing: /home/admin/bench/lab/STAGING_helios16p_kiss_legged_bench_cyclone_container_files/helios16p_ws/install/vicon_receiver/include/boost/type_traits/is_same.hpp
[192.878s] -- Installing: /home/admin/bench/lab/STAGING_helios16p_kiss_legged_bench_cyclone_container_files/helios16p_ws/install/vicon_receiver/include/boost/type_traits/intrinsics.hpp
[192.898s] -- Installing: /home/admin/bench/lab/STAGING_helios16p_kiss_legged_bench_cyclone_container_files/helios16p_ws/install/vicon_receiver/include/boost/type_traits/is_nothrow_move_constructible.hpp
[192.899s] -- Installing: /home/admin/bench/lab/STAGING_helios16p_kiss_legged_bench_cyclone_container_files/helios16p_ws/install/vicon_receiver/include/boost/type_traits/is_base_and_derived.hpp
[192.899s] -- Installing: /home/admin/bench/lab/STAGING_helios16p_kiss_legged_bench_cyclone_container_files/helios16p_ws/install/vicon_receiver/include/boost/type_traits/make_unsigned.hpp
[192.899s] -- Installing: /home/admin/bench/lab/STAGING_helios16p_kiss_legged_bench_cyclone_container_files/helios16p_ws/install/vicon_receiver/include/boost/type_traits/is_array.hpp
[192.905s] -- Installing: /home/admin/bench/lab/STAGING_helios16p_kiss_legged_bench_cyclone_container_files/helios16p_ws/install/vicon_receiver/include/boost/type_traits/is_function.hpp
[192.906s] -- Installing: /home/admin/bench/lab/STAGING_helios16p_kiss_legged_bench_cyclone_container_files/helios16p_ws/install/vicon_receiver/include/boost/type_traits/extent.hpp
[192.907s] -- Installing: /home/admin/bench/lab/STAGING_helios16p_kiss_legged_bench_cyclone_container_files/helios16p_ws/install/vicon_receiver/include/boost/type_traits/is_bounded_array.hpp
[192.909s] -- Installing: /home/admin/bench/lab/STAGING_helios16p_kiss_legged_bench_cyclone_container_files/helios16p_ws/install/vicon_receiver/include/boost/type_traits/is_complete.hpp
[192.917s] -- Installing: /home/admin/bench/lab/STAGING_helios16p_kiss_legged_bench_cyclone_container_files/helios16p_ws/install/vicon_receiver/include/boost/type_traits/has_plus_assign.hpp
[192.918s] -- Installing: /home/admin/bench/lab/STAGING_helios16p_kiss_legged_bench_cyclone_container_files/helios16p_ws/install/vicon_receiver/include/boost/type_traits/remove_cv_ref.hpp
[192.919s] -- Installing: /home/admin/bench/lab/STAGING_helios16p_kiss_legged_bench_cyclone_container_files/helios16p_ws/install/vicon_receiver/include/boost/type_traits/has_minus.hpp
[192.927s] -- Installing: /home/admin/bench/lab/STAGING_helios16p_kiss_legged_bench_cyclone_container_files/helios16p_ws/install/vicon_receiver/include/boost/type_traits/cv_traits.hpp
[192.928s] -- Installing: /home/admin/bench/lab/STAGING_helios16p_kiss_legged_bench_cyclone_container_files/helios16p_ws/install/vicon_receiver/include/boost/type_traits/conditional.hpp
[192.932s] -- Installing: /home/admin/bench/lab/STAGING_helios16p_kiss_legged_bench_cyclone_container_files/helios16p_ws/install/vicon_receiver/include/boost/type_traits/has_plus.hpp
[192.938s] -- Installing: /home/admin/bench/lab/STAGING_helios16p_kiss_legged_bench_cyclone_container_files/helios16p_ws/install/vicon_receiver/include/boost/type_traits/is_lvalue_reference.hpp
[192.939s] -- Installing: /home/admin/bench/lab/STAGING_helios16p_kiss_legged_bench_cyclone_container_files/helios16p_ws/install/vicon_receiver/include/boost/type_traits/remove_const.hpp
[192.948s] -- Installing: /home/admin/bench/lab/STAGING_helios16p_kiss_legged_bench_cyclone_container_files/helios16p_ws/install/vicon_receiver/include/boost/type_traits/is_nothrow_move_assignable.hpp
[192.949s] -- Installing: /home/admin/bench/lab/STAGING_helios16p_kiss_legged_bench_cyclone_container_files/helios16p_ws/install/vicon_receiver/include/boost/type_traits/function_traits.hpp
[192.959s] -- Installing: /home/admin/bench/lab/STAGING_helios16p_kiss_legged_bench_cyclone_container_files/helios16p_ws/install/vicon_receiver/include/boost/type_traits/add_cv.hpp
[192.959s] -- Installing: /home/admin/bench/lab/STAGING_helios16p_kiss_legged_bench_cyclone_container_files/helios16p_ws/install/vicon_receiver/include/boost/type_traits/is_fundamental.hpp
[192.959s] -- Installing: /home/admin/bench/lab/STAGING_helios16p_kiss_legged_bench_cyclone_container_files/helios16p_ws/install/vicon_receiver/include/boost/type_traits/is_copy_constructible.hpp
[192.965s] -- Installing: /home/admin/bench/lab/STAGING_helios16p_kiss_legged_bench_cyclone_container_files/helios16p_ws/install/vicon_receiver/include/boost/type_traits/is_floating_point.hpp
[192.966s] -- Installing: /home/admin/bench/lab/STAGING_helios16p_kiss_legged_bench_cyclone_container_files/helios16p_ws/install/vicon_receiver/include/boost/type_traits/has_trivial_destructor.hpp
[192.967s] -- Installing: /home/admin/bench/lab/STAGING_helios16p_kiss_legged_bench_cyclone_container_files/helios16p_ws/install/vicon_receiver/include/boost/type_traits/is_base_of.hpp
[192.974s] -- Installing: /home/admin/bench/lab/STAGING_helios16p_kiss_legged_bench_cyclone_container_files/helios16p_ws/install/vicon_receiver/include/boost/type_traits/common_type.hpp
[192.975s] -- Installing: /home/admin/bench/lab/STAGING_helios16p_kiss_legged_bench_cyclone_container_files/helios16p_ws/install/vicon_receiver/include/boost/type_traits/make_signed.hpp
[192.976s] -- Installing: /home/admin/bench/lab/STAGING_helios16p_kiss_legged_bench_cyclone_container_files/helios16p_ws/install/vicon_receiver/include/boost/type_traits/alignment_of.hpp
[192.984s] -- Installing: /home/admin/bench/lab/STAGING_helios16p_kiss_legged_bench_cyclone_container_files/helios16p_ws/install/vicon_receiver/include/boost/type_traits/is_default_constructible.hpp
[192.985s] -- Installing: /home/admin/bench/lab/STAGING_helios16p_kiss_legged_bench_cyclone_container_files/helios16p_ws/install/vicon_receiver/include/boost/type_traits/is_void.hpp
[192.986s] -- Installing: /home/admin/bench/lab/STAGING_helios16p_kiss_legged_bench_cyclone_container_files/helios16p_ws/install/vicon_receiver/include/boost/type_traits/has_trivial_copy.hpp
[192.990s] -- Installing: /home/admin/bench/lab/STAGING_helios16p_kiss_legged_bench_cyclone_container_files/helios16p_ws/install/vicon_receiver/include/boost/type_traits/decay.hpp
[192.991s] -- Installing: /home/admin/bench/lab/STAGING_helios16p_kiss_legged_bench_cyclone_container_files/helios16p_ws/install/vicon_receiver/include/boost/system
[192.992s] -- Installing: /home/admin/bench/lab/STAGING_helios16p_kiss_legged_bench_cyclone_container_files/helios16p_ws/install/vicon_receiver/include/boost/system/error_code.hpp
[192.996s] -- Installing: /home/admin/bench/lab/STAGING_helios16p_kiss_legged_bench_cyclone_container_files/helios16p_ws/install/vicon_receiver/include/boost/system/detail
[192.997s] -- Installing: /home/admin/bench/lab/STAGING_helios16p_kiss_legged_bench_cyclone_container_files/helios16p_ws/install/vicon_receiver/include/boost/system/detail/error_code.hpp
[192.998s] -- Installing: /home/admin/bench/lab/STAGING_helios16p_kiss_legged_bench_cyclone_container_files/helios16p_ws/install/vicon_receiver/include/boost/system/detail/error_category_impl.hpp
[193.002s] -- Installing: /home/admin/bench/lab/STAGING_helios16p_kiss_legged_bench_cyclone_container_files/helios16p_ws/install/vicon_receiver/include/boost/system/detail/generic_category_message.hpp
[193.003s] -- Installing: /home/admin/bench/lab/STAGING_helios16p_kiss_legged_bench_cyclone_container_files/helios16p_ws/install/vicon_receiver/include/boost/system/detail/system_category_condition_win32.hpp
[193.004s] -- Installing: /home/admin/bench/lab/STAGING_helios16p_kiss_legged_bench_cyclone_container_files/helios16p_ws/install/vicon_receiver/include/boost/system/detail/error_condition.hpp
[193.008s] -- Installing: /home/admin/bench/lab/STAGING_helios16p_kiss_legged_bench_cyclone_container_files/helios16p_ws/install/vicon_receiver/include/boost/system/detail/config.hpp
[193.009s] -- Installing: /home/admin/bench/lab/STAGING_helios16p_kiss_legged_bench_cyclone_container_files/helios16p_ws/install/vicon_receiver/include/boost/system/detail/errc.hpp
[193.013s] -- Installing: /home/admin/bench/lab/STAGING_helios16p_kiss_legged_bench_cyclone_container_files/helios16p_ws/install/vicon_receiver/include/boost/system/detail/error_category.hpp
[193.015s] -- Installing: /home/admin/bench/lab/STAGING_helios16p_kiss_legged_bench_cyclone_container_files/helios16p_ws/install/vicon_receiver/include/boost/system/detail/cerrno.hpp
[193.019s] -- Installing: /home/admin/bench/lab/STAGING_helios16p_kiss_legged_bench_cyclone_container_files/helios16p_ws/install/vicon_receiver/include/boost/system/detail/system_category_message_win32.hpp
[193.021s] -- Installing: /home/admin/bench/lab/STAGING_helios16p_kiss_legged_bench_cyclone_container_files/helios16p_ws/install/vicon_receiver/include/boost/system/detail/enable_if.hpp
[193.024s] -- Installing: /home/admin/bench/lab/STAGING_helios16p_kiss_legged_bench_cyclone_container_files/helios16p_ws/install/vicon_receiver/include/boost/system/detail/is_generic_value.hpp
[193.025s] -- Installing: /home/admin/bench/lab/STAGING_helios16p_kiss_legged_bench_cyclone_container_files/helios16p_ws/install/vicon_receiver/include/boost/system/detail/generic_category.hpp
[193.026s] -- Installing: /home/admin/bench/lab/STAGING_helios16p_kiss_legged_bench_cyclone_container_files/helios16p_ws/install/vicon_receiver/include/boost/system/detail/throws.hpp
[193.030s] -- Installing: /home/admin/bench/lab/STAGING_helios16p_kiss_legged_bench_cyclone_container_files/helios16p_ws/install/vicon_receiver/include/boost/system/detail/to_std_category.hpp
[193.032s] -- Installing: /home/admin/bench/lab/STAGING_helios16p_kiss_legged_bench_cyclone_container_files/helios16p_ws/install/vicon_receiver/include/boost/system/detail/system_category_impl.hpp
[193.035s] -- Installing: /home/admin/bench/lab/STAGING_helios16p_kiss_legged_bench_cyclone_container_files/helios16p_ws/install/vicon_receiver/include/boost/system/detail/system_category.hpp
[193.035s] -- Installing: /home/admin/bench/lab/STAGING_helios16p_kiss_legged_bench_cyclone_container_files/helios16p_ws/install/vicon_receiver/include/boost/system/system_error.hpp
[193.038s] -- Installing: /home/admin/bench/lab/STAGING_helios16p_kiss_legged_bench_cyclone_container_files/helios16p_ws/install/vicon_receiver/include/boost/system/error_condition.hpp
[193.041s] -- Installing: /home/admin/bench/lab/STAGING_helios16p_kiss_legged_bench_cyclone_container_files/helios16p_ws/install/vicon_receiver/include/boost/system/config.hpp
[193.044s] -- Installing: /home/admin/bench/lab/STAGING_helios16p_kiss_legged_bench_cyclone_container_files/helios16p_ws/install/vicon_receiver/include/boost/system/errc.hpp
[193.047s] -- Installing: /home/admin/bench/lab/STAGING_helios16p_kiss_legged_bench_cyclone_container_files/helios16p_ws/install/vicon_receiver/include/boost/system/is_error_code_enum.hpp
[193.048s] -- Installing: /home/admin/bench/lab/STAGING_helios16p_kiss_legged_bench_cyclone_container_files/helios16p_ws/install/vicon_receiver/include/boost/system/error_category.hpp
[193.049s] -- Installing: /home/admin/bench/lab/STAGING_helios16p_kiss_legged_bench_cyclone_container_files/helios16p_ws/install/vicon_receiver/include/boost/system/generic_category.hpp
[193.050s] -- Installing: /home/admin/bench/lab/STAGING_helios16p_kiss_legged_bench_cyclone_container_files/helios16p_ws/install/vicon_receiver/include/boost/system/api_config.hpp
[193.058s] -- Installing: /home/admin/bench/lab/STAGING_helios16p_kiss_legged_bench_cyclone_container_files/helios16p_ws/install/vicon_receiver/include/boost/system/system_category.hpp
[193.059s] -- Installing: /home/admin/bench/lab/STAGING_helios16p_kiss_legged_bench_cyclone_container_files/helios16p_ws/install/vicon_receiver/include/boost/system/is_error_condition_enum.hpp
[193.064s] -- Installing: /home/admin/bench/lab/STAGING_helios16p_kiss_legged_bench_cyclone_container_files/helios16p_ws/install/vicon_receiver/include/boost/intrusive
[193.064s] -- Installing: /home/admin/bench/lab/STAGING_helios16p_kiss_legged_bench_cyclone_container_files/helios16p_ws/install/vicon_receiver/include/boost/intrusive/slist_hook.hpp
[193.068s] -- Installing: /home/admin/bench/lab/STAGING_helios16p_kiss_legged_bench_cyclone_container_files/helios16p_ws/install/vicon_receiver/include/boost/intrusive/detail
[193.068s] -- Installing: /home/admin/bench/lab/STAGING_helios16p_kiss_legged_bench_cyclone_container_files/helios16p_ws/install/vicon_receiver/include/boost/intrusive/detail/reverse_iterator.hpp
[193.085s] -- Installing: /home/admin/bench/lab/STAGING_helios16p_kiss_legged_bench_cyclone_container_files/helios16p_ws/install/vicon_receiver/include/boost/intrusive/detail/algorithm.hpp
[193.086s] -- Installing: /home/admin/bench/lab/STAGING_helios16p_kiss_legged_bench_cyclone_container_files/helios16p_ws/install/vicon_receiver/include/boost/intrusive/detail/size_holder.hpp
[193.090s] -- Installing: /home/admin/bench/lab/STAGING_helios16p_kiss_legged_bench_cyclone_container_files/helios16p_ws/install/vicon_receiver/include/boost/intrusive/detail/generic_hook.hpp
[193.090s] -- Installing: /home/admin/bench/lab/STAGING_helios16p_kiss_legged_bench_cyclone_container_files/helios16p_ws/install/vicon_receiver/include/boost/intrusive/detail/exception_disposer.hpp
[193.091s] -- Installing: /home/admin/bench/lab/STAGING_helios16p_kiss_legged_bench_cyclone_container_files/helios16p_ws/install/vicon_receiver/include/boost/intrusive/detail/algo_type.hpp
[193.091s] -- Installing: /home/admin/bench/lab/STAGING_helios16p_kiss_legged_bench_cyclone_container_files/helios16p_ws/install/vicon_receiver/include/boost/intrusive/detail/slist_node.hpp
[193.097s] -- Installing: /home/admin/bench/lab/STAGING_helios16p_kiss_legged_bench_cyclone_container_files/helios16p_ws/install/vicon_receiver/include/boost/intrusive/detail/array_initializer.hpp
[193.098s] -- Installing: /home/admin/bench/lab/STAGING_helios16p_kiss_legged_bench_cyclone_container_files/helios16p_ws/install/vicon_receiver/include/boost/intrusive/detail/get_value_traits.hpp
[193.098s] -- Installing: /home/admin/bench/lab/STAGING_helios16p_kiss_legged_bench_cyclone_container_files/helios16p_ws/install/vicon_receiver/include/boost/intrusive/detail/uncast.hpp
[193.099s] -- Installing: /home/admin/bench/lab/STAGING_helios16p_kiss_legged_bench_cyclone_container_files/helios16p_ws/install/vicon_receiver/include/boost/intrusive/detail/has_member_function_callable_with.hpp
[193.099s] -- Installing: /home/admin/bench/lab/STAGING_helios16p_kiss_legged_bench_cyclone_container_files/helios16p_ws/install/vicon_receiver/include/boost/intrusive/detail/config_end.hpp
[193.104s] -- Installing: /home/admin/bench/lab/STAGING_helios16p_kiss_legged_bench_cyclone_container_files/helios16p_ws/install/vicon_receiver/include/boost/intrusive/detail/slist_iterator.hpp
[193.113s] -- Installing: /home/admin/bench/lab/STAGING_helios16p_kiss_legged_bench_cyclone_container_files/helios16p_ws/install/vicon_receiver/include/boost/intrusive/detail/list_node.hpp
[193.114s] -- Installing: /home/admin/bench/lab/STAGING_helios16p_kiss_legged_bench_cyclone_container_files/helios16p_ws/install/vicon_receiver/include/boost/intrusive/detail/list_iterator.hpp
[193.116s] -- Installing: /home/admin/bench/lab/STAGING_helios16p_kiss_legged_bench_cyclone_container_files/helios16p_ws/install/vicon_receiver/include/boost/intrusive/detail/assert.hpp
[193.116s] -- Installing: /home/admin/bench/lab/STAGING_helios16p_kiss_legged_bench_cyclone_container_files/helios16p_ws/install/vicon_receiver/include/boost/intrusive/detail/is_stateful_value_traits.hpp
[193.136s] -- Installing: /home/admin/bench/lab/STAGING_helios16p_kiss_legged_bench_cyclone_container_files/helios16p_ws/install/vicon_receiver/include/boost/intrusive/detail/std_fwd.hpp
[193.137s] -- Installing: /home/admin/bench/lab/STAGING_helios16p_kiss_legged_bench_cyclone_container_files/helios16p_ws/install/vicon_receiver/include/boost/intrusive/detail/ebo_functor_holder.hpp
[193.139s] -- Installing: /home/admin/bench/lab/STAGING_helios16p_kiss_legged_bench_cyclone_container_files/helios16p_ws/install/vicon_receiver/include/boost/intrusive/detail/function_detector.hpp
[193.140s] -- Installing: /home/admin/bench/lab/STAGING_helios16p_kiss_legged_bench_cyclone_container_files/helios16p_ws/install/vicon_receiver/include/boost/intrusive/detail/node_holder.hpp
[193.140s] -- Installing: /home/admin/bench/lab/STAGING_helios16p_kiss_legged_bench_cyclone_container_files/helios16p_ws/install/vicon_receiver/include/boost/intrusive/detail/equal_to_value.hpp
[193.141s] -- Installing: /home/admin/bench/lab/STAGING_helios16p_kiss_legged_bench_cyclone_container_files/helios16p_ws/install/vicon_receiver/include/boost/intrusive/detail/minimal_less_equal_header.hpp
[193.141s] -- Installing: /home/admin/bench/lab/STAGING_helios16p_kiss_legged_bench_cyclone_container_files/helios16p_ws/install/vicon_receiver/include/boost/intrusive/detail/parent_from_member.hpp
[193.141s] -- Installing: /home/admin/bench/lab/STAGING_helios16p_kiss_legged_bench_cyclone_container_files/helios16p_ws/install/vicon_receiver/include/boost/intrusive/detail/simple_disposers.hpp
[193.145s] -- Installing: /home/admin/bench/lab/STAGING_helios16p_kiss_legged_bench_cyclone_container_files/helios16p_ws/install/vicon_receiver/include/boost/intrusive/detail/config_begin.hpp
[193.146s] -- Installing: /home/admin/bench/lab/STAGING_helios16p_kiss_legged_bench_cyclone_container_files/helios16p_ws/install/vicon_receiver/include/boost/intrusive/detail/mpl.hpp
[193.146s] -- Installing: /home/admin/bench/lab/STAGING_helios16p_kiss_legged_bench_cyclone_container_files/helios16p_ws/install/vicon_receiver/include/boost/intrusive/detail/tree_value_compare.hpp
[193.147s] -- Installing: /home/admin/bench/lab/STAGING_helios16p_kiss_legged_bench_cyclone_container_files/helios16p_ws/install/vicon_receiver/include/boost/intrusive/detail/default_header_holder.hpp
[193.147s] -- Installing: /home/admin/bench/lab/STAGING_helios16p_kiss_legged_bench_cyclone_container_files/helios16p_ws/install/vicon_receiver/include/boost/intrusive/detail/iiterator.hpp
[193.149s] -- Installing: /home/admin/bench/lab/STAGING_helios16p_kiss_legged_bench_cyclone_container_files/helios16p_ws/install/vicon_receiver/include/boost/intrusive/detail/key_nodeptr_comp.hpp
[193.168s] -- Installing: /home/admin/bench/lab/STAGING_helios16p_kiss_legged_bench_cyclone_container_files/helios16p_ws/install/vicon_receiver/include/boost/intrusive/detail/minimal_pair_header.hpp
[193.168s] -- Installing: /home/admin/bench/lab/STAGING_helios16p_kiss_legged_bench_cyclone_container_files/helios16p_ws/install/vicon_receiver/include/boost/intrusive/detail/workaround.hpp
[193.168s] -- Installing: /home/admin/bench/lab/STAGING_helios16p_kiss_legged_bench_cyclone_container_files/helios16p_ws/install/vicon_receiver/include/boost/intrusive/detail/common_slist_algorithms.hpp
[193.169s] -- Installing: /home/admin/bench/lab/STAGING_helios16p_kiss_legged_bench_cyclone_container_files/helios16p_ws/install/vicon_receiver/include/boost/intrusive/detail/iterator.hpp
[193.169s] -- Installing: /home/admin/bench/lab/STAGING_helios16p_kiss_legged_bench_cyclone_container_files/helios16p_ws/install/vicon_receiver/include/boost/intrusive/detail/hook_traits.hpp
[193.169s] -- Installing: /home/admin/bench/lab/STAGING_helios16p_kiss_legged_bench_cyclone_container_files/helios16p_ws/install/vicon_receiver/include/boost/intrusive/pointer_rebind.hpp
[193.169s] -- Installing: /home/admin/bench/lab/STAGING_helios16p_kiss_legged_bench_cyclone_container_files/helios16p_ws/install/vicon_receiver/include/boost/intrusive/slist.hpp
[193.175s] -- Installing: /home/admin/bench/lab/STAGING_helios16p_kiss_legged_bench_cyclone_container_files/helios16p_ws/install/vicon_receiver/include/boost/intrusive/list_hook.hpp
[193.176s] -- Installing: /home/admin/bench/lab/STAGING_helios16p_kiss_legged_bench_cyclone_container_files/helios16p_ws/install/vicon_receiver/include/boost/intrusive/intrusive_fwd.hpp
[193.179s] -- Installing: /home/admin/bench/lab/STAGING_helios16p_kiss_legged_bench_cyclone_container_files/helios16p_ws/install/vicon_receiver/include/boost/intrusive/list.hpp
[193.186s] -- Installing: /home/admin/bench/lab/STAGING_helios16p_kiss_legged_bench_cyclone_container_files/helios16p_ws/install/vicon_receiver/include/boost/intrusive/circular_slist_algorithms.hpp
[193.189s] -- Installing: /home/admin/bench/lab/STAGING_helios16p_kiss_legged_bench_cyclone_container_files/helios16p_ws/install/vicon_receiver/include/boost/intrusive/circular_list_algorithms.hpp
[193.194s] -- Installing: /home/admin/bench/lab/STAGING_helios16p_kiss_legged_bench_cyclone_container_files/helios16p_ws/install/vicon_receiver/include/boost/intrusive/linear_slist_algorithms.hpp
[193.196s] -- Installing: /home/admin/bench/lab/STAGING_helios16p_kiss_legged_bench_cyclone_container_files/helios16p_ws/install/vicon_receiver/include/boost/intrusive/pack_options.hpp
[193.197s] -- Installing: /home/admin/bench/lab/STAGING_helios16p_kiss_legged_bench_cyclone_container_files/helios16p_ws/install/vicon_receiver/include/boost/intrusive/options.hpp
[193.205s] -- Installing: /home/admin/bench/lab/STAGING_helios16p_kiss_legged_bench_cyclone_container_files/helios16p_ws/install/vicon_receiver/include/boost/intrusive/link_mode.hpp
[193.205s] -- Installing: /home/admin/bench/lab/STAGING_helios16p_kiss_legged_bench_cyclone_container_files/helios16p_ws/install/vicon_receiver/include/boost/intrusive/pointer_traits.hpp
[193.216s] -- Installing: /home/admin/bench/lab/STAGING_helios16p_kiss_legged_bench_cyclone_container_files/helios16p_ws/install/vicon_receiver/include/boost/scoped_array.hpp
[193.218s] -- Installing: /home/admin/bench/lab/STAGING_helios16p_kiss_legged_bench_cyclone_container_files/helios16p_ws/install/vicon_receiver/include/boost/scoped_ptr.hpp
[193.220s] -- Installing: /home/admin/bench/lab/STAGING_helios16p_kiss_legged_bench_cyclone_container_files/helios16p_ws/install/vicon_receiver/include/boost/token_functions.hpp
[193.222s] -- Installing: /home/admin/bench/lab/STAGING_helios16p_kiss_legged_bench_cyclone_container_files/helios16p_ws/install/vicon_receiver/include/boost/assert
[193.229s] -- Installing: /home/admin/bench/lab/STAGING_helios16p_kiss_legged_bench_cyclone_container_files/helios16p_ws/install/vicon_receiver/include/boost/assert/source_location.hpp
[193.245s] -- Installing: /home/admin/bench/lab/STAGING_helios16p_kiss_legged_bench_cyclone_container_files/helios16p_ws/install/vicon_receiver/include/boost/concept
[193.249s] -- Installing: /home/admin/bench/lab/STAGING_helios16p_kiss_legged_bench_cyclone_container_files/helios16p_ws/install/vicon_receiver/include/boost/concept/detail
[193.249s] -- Installing: /home/admin/bench/lab/STAGING_helios16p_kiss_legged_bench_cyclone_container_files/helios16p_ws/install/vicon_receiver/include/boost/concept/detail/concept_def.hpp
[193.257s] -- Installing: /home/admin/bench/lab/STAGING_helios16p_kiss_legged_bench_cyclone_container_files/helios16p_ws/install/vicon_receiver/include/boost/concept/detail/borland.hpp
[193.258s] -- Installing: /home/admin/bench/lab/STAGING_helios16p_kiss_legged_bench_cyclone_container_files/helios16p_ws/install/vicon_receiver/include/boost/concept/detail/msvc.hpp
[193.258s] -- Installing: /home/admin/bench/lab/STAGING_helios16p_kiss_legged_bench_cyclone_container_files/helios16p_ws/install/vicon_receiver/include/boost/concept/detail/has_constraints.hpp
[193.258s] -- Installing: /home/admin/bench/lab/STAGING_helios16p_kiss_legged_bench_cyclone_container_files/helios16p_ws/install/vicon_receiver/include/boost/concept/detail/backward_compatibility.hpp
[193.259s] -- Installing: /home/admin/bench/lab/STAGING_helios16p_kiss_legged_bench_cyclone_container_files/helios16p_ws/install/vicon_receiver/include/boost/concept/detail/concept_undef.hpp
[193.260s] -- Installing: /home/admin/bench/lab/STAGING_helios16p_kiss_legged_bench_cyclone_container_files/helios16p_ws/install/vicon_receiver/include/boost/concept/detail/general.hpp
[193.260s] -- Installing: /home/admin/bench/lab/STAGING_helios16p_kiss_legged_bench_cyclone_container_files/helios16p_ws/install/vicon_receiver/include/boost/concept/usage.hpp
[193.260s] -- Installing: /home/admin/bench/lab/STAGING_helios16p_kiss_legged_bench_cyclone_container_files/helios16p_ws/install/vicon_receiver/include/boost/concept/assert.hpp
[193.261s] -- Installing: /home/admin/bench/lab/STAGING_helios16p_kiss_legged_bench_cyclone_container_files/helios16p_ws/install/vicon_receiver/include/boost/integer.hpp
[193.261s] -- Installing: /home/admin/bench/lab/STAGING_helios16p_kiss_legged_bench_cyclone_container_files/helios16p_ws/install/vicon_receiver/include/boost/limits.hpp
[193.261s] -- Installing: /home/admin/bench/lab/STAGING_helios16p_kiss_legged_bench_cyclone_container_files/helios16p_ws/install/vicon_receiver/include/boost/memory_order.hpp
[193.262s] -- Installing: /home/admin/bench/lab/STAGING_helios16p_kiss_legged_bench_cyclone_container_files/helios16p_ws/install/vicon_receiver/include/boost/numeric
[193.267s] -- Installing: /home/admin/bench/lab/STAGING_helios16p_kiss_legged_bench_cyclone_container_files/helios16p_ws/install/vicon_receiver/include/boost/numeric/conversion
[193.268s] -- Installing: /home/admin/bench/lab/STAGING_helios16p_kiss_legged_bench_cyclone_container_files/helios16p_ws/install/vicon_receiver/include/boost/numeric/conversion/numeric_cast_traits.hpp
[193.276s] -- Installing: /home/admin/bench/lab/STAGING_helios16p_kiss_legged_bench_cyclone_container_files/helios16p_ws/install/vicon_receiver/include/boost/numeric/conversion/detail
[193.276s] -- Installing: /home/admin/bench/lab/STAGING_helios16p_kiss_legged_bench_cyclone_container_files/helios16p_ws/install/vicon_receiver/include/boost/numeric/conversion/detail/numeric_cast_traits.hpp
[193.276s] -- Installing: /home/admin/bench/lab/STAGING_helios16p_kiss_legged_bench_cyclone_container_files/helios16p_ws/install/vicon_receiver/include/boost/numeric/conversion/detail/sign_mixture.hpp
[193.277s] -- Installing: /home/admin/bench/lab/STAGING_helios16p_kiss_legged_bench_cyclone_container_files/helios16p_ws/install/vicon_receiver/include/boost/numeric/conversion/detail/int_float_mixture.hpp
[193.277s] -- Installing: /home/admin/bench/lab/STAGING_helios16p_kiss_legged_bench_cyclone_container_files/helios16p_ws/install/vicon_receiver/include/boost/numeric/conversion/detail/old_numeric_cast.hpp
[193.277s] -- Installing: /home/admin/bench/lab/STAGING_helios16p_kiss_legged_bench_cyclone_container_files/helios16p_ws/install/vicon_receiver/include/boost/numeric/conversion/detail/bounds.hpp
[193.292s] -- Installing: /home/admin/bench/lab/STAGING_helios16p_kiss_legged_bench_cyclone_container_files/helios16p_ws/install/vicon_receiver/include/boost/numeric/conversion/detail/converter.hpp
[193.292s] -- Installing: /home/admin/bench/lab/STAGING_helios16p_kiss_legged_bench_cyclone_container_files/helios16p_ws/install/vicon_receiver/include/boost/numeric/conversion/detail/meta.hpp
[193.293s] -- Installing: /home/admin/bench/lab/STAGING_helios16p_kiss_legged_bench_cyclone_container_files/helios16p_ws/install/vicon_receiver/include/boost/numeric/conversion/detail/preprocessed
[193.308s] -- Installing: /home/admin/bench/lab/STAGING_helios16p_kiss_legged_bench_cyclone_container_files/helios16p_ws/install/vicon_receiver/include/boost/numeric/conversion/detail/preprocessed/numeric_cast_traits_long_long.hpp
[193.309s] -- Installing: /home/admin/bench/lab/STAGING_helios16p_kiss_legged_bench_cyclone_container_files/helios16p_ws/install/vicon_receiver/include/boost/numeric/conversion/detail/preprocessed/numeric_cast_traits_common.hpp
[193.309s] -- Installing: /home/admin/bench/lab/STAGING_helios16p_kiss_legged_bench_cyclone_container_files/helios16p_ws/install/vicon_receiver/include/boost/numeric/conversion/detail/conversion_traits.hpp
[193.310s] -- Installing: /home/admin/bench/lab/STAGING_helios16p_kiss_legged_bench_cyclone_container_files/helios16p_ws/install/vicon_receiver/include/boost/numeric/conversion/detail/is_subranged.hpp
[193.310s] -- Installing: /home/admin/bench/lab/STAGING_helios16p_kiss_legged_bench_cyclone_container_files/helios16p_ws/install/vicon_receiver/include/boost/numeric/conversion/detail/udt_builtin_mixture.hpp
[193.310s] -- Installing: /home/admin/bench/lab/STAGING_helios16p_kiss_legged_bench_cyclone_container_files/helios16p_ws/install/vicon_receiver/include/boost/numeric/conversion/bounds.hpp
[193.311s] -- Installing: /home/admin/bench/lab/STAGING_helios16p_kiss_legged_bench_cyclone_container_files/helios16p_ws/install/vicon_receiver/include/boost/numeric/conversion/converter.hpp
[193.324s] -- Installing: /home/admin/bench/lab/STAGING_helios16p_kiss_legged_bench_cyclone_container_files/helios16p_ws/install/vicon_receiver/include/boost/numeric/conversion/udt_builtin_mixture_enum.hpp
[193.325s] -- Installing: /home/admin/bench/lab/STAGING_helios16p_kiss_legged_bench_cyclone_container_files/helios16p_ws/install/vicon_receiver/include/boost/numeric/conversion/int_float_mixture_enum.hpp
[193.325s] -- Installing: /home/admin/bench/lab/STAGING_helios16p_kiss_legged_bench_cyclone_container_files/helios16p_ws/install/vicon_receiver/include/boost/numeric/conversion/conversion_traits.hpp
[193.332s] -- Installing: /home/admin/bench/lab/STAGING_helios16p_kiss_legged_bench_cyclone_container_files/helios16p_ws/install/vicon_receiver/include/boost/numeric/conversion/sign_mixture_enum.hpp
[193.332s] -- Installing: /home/admin/bench/lab/STAGING_helios16p_kiss_legged_bench_cyclone_container_files/helios16p_ws/install/vicon_receiver/include/boost/numeric/conversion/cast.hpp
[193.333s] -- Installing: /home/admin/bench/lab/STAGING_helios16p_kiss_legged_bench_cyclone_container_files/helios16p_ws/install/vicon_receiver/include/boost/numeric/conversion/converter_policies.hpp
[193.333s] -- Installing: /home/admin/bench/lab/STAGING_helios16p_kiss_legged_bench_cyclone_container_files/helios16p_ws/install/vicon_receiver/include/boost/predef
[193.334s] -- Installing: /home/admin/bench/lab/STAGING_helios16p_kiss_legged_bench_cyclone_container_files/helios16p_ws/install/vicon_receiver/include/boost/predef/hardware.h
[193.334s] -- Installing: /home/admin/bench/lab/STAGING_helios16p_kiss_legged_bench_cyclone_container_files/helios16p_ws/install/vicon_receiver/include/boost/predef/hardware
[193.334s] -- Installing: /home/admin/bench/lab/STAGING_helios16p_kiss_legged_bench_cyclone_container_files/helios16p_ws/install/vicon_receiver/include/boost/predef/hardware/simd
[193.344s] -- Installing: /home/admin/bench/lab/STAGING_helios16p_kiss_legged_bench_cyclone_container_files/helios16p_ws/install/vicon_receiver/include/boost/predef/hardware/simd/ppc.h
[193.345s] -- Installing: /home/admin/bench/lab/STAGING_helios16p_kiss_legged_bench_cyclone_container_files/helios16p_ws/install/vicon_receiver/include/boost/predef/hardware/simd/x86_amd
[193.345s] -- Installing: /home/admin/bench/lab/STAGING_helios16p_kiss_legged_bench_cyclone_container_files/helios16p_ws/install/vicon_receiver/include/boost/predef/hardware/simd/x86_amd/versions.h
[193.345s] -- Installing: /home/admin/bench/lab/STAGING_helios16p_kiss_legged_bench_cyclone_container_files/helios16p_ws/install/vicon_receiver/include/boost/predef/hardware/simd/arm.h
[193.346s] -- Installing: /home/admin/bench/lab/STAGING_helios16p_kiss_legged_bench_cyclone_container_files/helios16p_ws/install/vicon_receiver/include/boost/predef/hardware/simd/x86
[193.355s] -- Installing: /home/admin/bench/lab/STAGING_helios16p_kiss_legged_bench_cyclone_container_files/helios16p_ws/install/vicon_receiver/include/boost/predef/hardware/simd/x86/versions.h
[193.356s] -- Installing: /home/admin/bench/lab/STAGING_helios16p_kiss_legged_bench_cyclone_container_files/helios16p_ws/install/vicon_receiver/include/boost/predef/hardware/simd/x86.h
[193.356s] -- Installing: /home/admin/bench/lab/STAGING_helios16p_kiss_legged_bench_cyclone_container_files/helios16p_ws/install/vicon_receiver/include/boost/predef/hardware/simd/x86_amd.h
[193.357s] -- Installing: /home/admin/bench/lab/STAGING_helios16p_kiss_legged_bench_cyclone_container_files/helios16p_ws/install/vicon_receiver/include/boost/predef/hardware/simd/ppc
[193.357s] -- Installing: /home/admin/bench/lab/STAGING_helios16p_kiss_legged_bench_cyclone_container_files/helios16p_ws/install/vicon_receiver/include/boost/predef/hardware/simd/ppc/versions.h
[193.364s] -- Installing: /home/admin/bench/lab/STAGING_helios16p_kiss_legged_bench_cyclone_container_files/helios16p_ws/install/vicon_receiver/include/boost/predef/hardware/simd/arm
[193.365s] -- Installing: /home/admin/bench/lab/STAGING_helios16p_kiss_legged_bench_cyclone_container_files/helios16p_ws/install/vicon_receiver/include/boost/predef/hardware/simd/arm/versions.h
[193.368s] -- Installing: /home/admin/bench/lab/STAGING_helios16p_kiss_legged_bench_cyclone_container_files/helios16p_ws/install/vicon_receiver/include/boost/predef/hardware/simd.h
[193.369s] -- Installing: /home/admin/bench/lab/STAGING_helios16p_kiss_legged_bench_cyclone_container_files/helios16p_ws/install/vicon_receiver/include/boost/predef/architecture
[193.369s] -- Installing: /home/admin/bench/lab/STAGING_helios16p_kiss_legged_bench_cyclone_container_files/helios16p_ws/install/vicon_receiver/include/boost/predef/architecture/parisc.h
[193.372s] -- Installing: /home/admin/bench/lab/STAGING_helios16p_kiss_legged_bench_cyclone_container_files/helios16p_ws/install/vicon_receiver/include/boost/predef/architecture/superh.h
[193.377s] -- Installing: /home/admin/bench/lab/STAGING_helios16p_kiss_legged_bench_cyclone_container_files/helios16p_ws/install/vicon_receiver/include/boost/predef/architecture/sys370.h
[193.381s] -- Installing: /home/admin/bench/lab/STAGING_helios16p_kiss_legged_bench_cyclone_container_files/helios16p_ws/install/vicon_receiver/include/boost/predef/architecture/sparc.h
[193.382s] -- Installing: /home/admin/bench/lab/STAGING_helios16p_kiss_legged_bench_cyclone_container_files/helios16p_ws/install/vicon_receiver/include/boost/predef/architecture/ppc.h
[193.382s] -- Installing: /home/admin/bench/lab/STAGING_helios16p_kiss_legged_bench_cyclone_container_files/helios16p_ws/install/vicon_receiver/include/boost/predef/architecture/ptx.h
[193.384s] -- Installing: /home/admin/bench/lab/STAGING_helios16p_kiss_legged_bench_cyclone_container_files/helios16p_ws/install/vicon_receiver/include/boost/predef/architecture/ia64.h
[193.385s] -- Installing: /home/admin/bench/lab/STAGING_helios16p_kiss_legged_bench_cyclone_container_files/helios16p_ws/install/vicon_receiver/include/boost/predef/architecture/blackfin.h
[193.393s] -- Installing: /home/admin/bench/lab/STAGING_helios16p_kiss_legged_bench_cyclone_container_files/helios16p_ws/install/vicon_receiver/include/boost/predef/architecture/pyramid.h
[193.397s] -- Installing: /home/admin/bench/lab/STAGING_helios16p_kiss_legged_bench_cyclone_container_files/helios16p_ws/install/vicon_receiver/include/boost/predef/architecture/arm.h
[193.398s] -- Installing: /home/admin/bench/lab/STAGING_helios16p_kiss_legged_bench_cyclone_container_files/helios16p_ws/install/vicon_receiver/include/boost/predef/architecture/sys390.h
[193.398s] -- Installing: /home/admin/bench/lab/STAGING_helios16p_kiss_legged_bench_cyclone_container_files/helios16p_ws/install/vicon_receiver/include/boost/predef/architecture/rs6k.h
[193.398s] -- Installing: /home/admin/bench/lab/STAGING_helios16p_kiss_legged_bench_cyclone_container_files/helios16p_ws/install/vicon_receiver/include/boost/predef/architecture/convex.h
[193.402s] -- Installing: /home/admin/bench/lab/STAGING_helios16p_kiss_legged_bench_cyclone_container_files/helios16p_ws/install/vicon_receiver/include/boost/predef/architecture/mips.h
[193.403s] -- Installing: /home/admin/bench/lab/STAGING_helios16p_kiss_legged_bench_cyclone_container_files/helios16p_ws/install/vicon_receiver/include/boost/predef/architecture/m68k.h
[193.404s] -- Installing: /home/admin/bench/lab/STAGING_helios16p_kiss_legged_bench_cyclone_container_files/helios16p_ws/install/vicon_receiver/include/boost/predef/architecture/x86
[193.406s] -- Installing: /home/admin/bench/lab/STAGING_helios16p_kiss_legged_bench_cyclone_container_files/helios16p_ws/install/vicon_receiver/include/boost/predef/architecture/x86/32.h
[193.407s] -- Installing: /home/admin/bench/lab/STAGING_helios16p_kiss_legged_bench_cyclone_container_files/helios16p_ws/install/vicon_receiver/include/boost/predef/architecture/x86/64.h
[193.428s] -- Installing: /home/admin/bench/lab/STAGING_helios16p_kiss_legged_bench_cyclone_container_files/helios16p_ws/install/vicon_receiver/include/boost/predef/architecture/x86.h
[193.429s] -- Installing: /home/admin/bench/lab/STAGING_helios16p_kiss_legged_bench_cyclone_container_files/helios16p_ws/install/vicon_receiver/include/boost/predef/architecture/alpha.h
[193.432s] -- Installing: /home/admin/bench/lab/STAGING_helios16p_kiss_legged_bench_cyclone_container_files/helios16p_ws/install/vicon_receiver/include/boost/predef/architecture/riscv.h
[193.432s] -- Installing: /home/admin/bench/lab/STAGING_helios16p_kiss_legged_bench_cyclone_container_files/helios16p_ws/install/vicon_receiver/include/boost/predef/architecture/z.h
[193.433s] -- Installing: /home/admin/bench/lab/STAGING_helios16p_kiss_legged_bench_cyclone_container_files/helios16p_ws/install/vicon_receiver/include/boost/predef/compiler
[193.433s] -- Installing: /home/admin/bench/lab/STAGING_helios16p_kiss_legged_bench_cyclone_container_files/helios16p_ws/install/vicon_receiver/include/boost/predef/compiler/sunpro.h
[193.433s] -- Installing: /home/admin/bench/lab/STAGING_helios16p_kiss_legged_bench_cyclone_container_files/helios16p_ws/install/vicon_receiver/include/boost/predef/compiler/metaware.h
[193.437s] -- Installing: /home/admin/bench/lab/STAGING_helios16p_kiss_legged_bench_cyclone_container_files/helios16p_ws/install/vicon_receiver/include/boost/predef/compiler/compaq.h
[193.447s] -- Installing: /home/admin/bench/lab/STAGING_helios16p_kiss_legged_bench_cyclone_container_files/helios16p_ws/install/vicon_receiver/include/boost/predef/compiler/visualc.h
[193.447s] -- Installing: /home/admin/bench/lab/STAGING_helios16p_kiss_legged_bench_cyclone_container_files/helios16p_ws/install/vicon_receiver/include/boost/predef/compiler/mpw.h
[193.448s] -- Installing: /home/admin/bench/lab/STAGING_helios16p_kiss_legged_bench_cyclone_container_files/helios16p_ws/install/vicon_receiver/include/boost/predef/compiler/gcc.h
[193.450s] -- Installing: /home/admin/bench/lab/STAGING_helios16p_kiss_legged_bench_cyclone_container_files/helios16p_ws/install/vicon_receiver/include/boost/predef/compiler/clang.h
[193.450s] -- Installing: /home/admin/bench/lab/STAGING_helios16p_kiss_legged_bench_cyclone_container_files/helios16p_ws/install/vicon_receiver/include/boost/predef/compiler/borland.h
[193.450s] -- Installing: /home/admin/bench/lab/STAGING_helios16p_kiss_legged_bench_cyclone_container_files/helios16p_ws/install/vicon_receiver/include/boost/predef/compiler/greenhills.h
[193.452s] -- Installing: /home/admin/bench/lab/STAGING_helios16p_kiss_legged_bench_cyclone_container_files/helios16p_ws/install/vicon_receiver/include/boost/predef/compiler/ibm.h
[193.453s] -- Installing: /home/admin/bench/lab/STAGING_helios16p_kiss_legged_bench_cyclone_container_files/helios16p_ws/install/vicon_receiver/include/boost/predef/compiler/gcc_xml.h
[193.457s] -- Installing: /home/admin/bench/lab/STAGING_helios16p_kiss_legged_bench_cyclone_container_files/helios16p_ws/install/vicon_receiver/include/boost/predef/compiler/edg.h
[193.464s] -- Installing: /home/admin/bench/lab/STAGING_helios16p_kiss_legged_bench_cyclone_container_files/helios16p_ws/install/vicon_receiver/include/boost/predef/compiler/ekopath.h
[193.465s] -- Installing: /home/admin/bench/lab/STAGING_helios16p_kiss_legged_bench_cyclone_container_files/helios16p_ws/install/vicon_receiver/include/boost/predef/compiler/kai.h
[193.476s] -- Installing: /home/admin/bench/lab/STAGING_helios16p_kiss_legged_bench_cyclone_container_files/helios16p_ws/install/vicon_receiver/include/boost/predef/compiler/watcom.h
[193.486s] -- Installing: /home/admin/bench/lab/STAGING_helios16p_kiss_legged_bench_cyclone_container_files/helios16p_ws/install/vicon_receiver/include/boost/predef/compiler/nvcc.h
[193.486s] -- Installing: /home/admin/bench/lab/STAGING_helios16p_kiss_legged_bench_cyclone_container_files/helios16p_ws/install/vicon_receiver/include/boost/predef/compiler/sgi_mipspro.h
[193.487s] -- Installing: /home/admin/bench/lab/STAGING_helios16p_kiss_legged_bench_cyclone_container_files/helios16p_ws/install/vicon_receiver/include/boost/predef/compiler/llvm.h
[193.488s] -- Installing: /home/admin/bench/lab/STAGING_helios16p_kiss_legged_bench_cyclone_container_files/helios16p_ws/install/vicon_receiver/include/boost/predef/compiler/iar.h
[193.490s] -- Installing: /home/admin/bench/lab/STAGING_helios16p_kiss_legged_bench_cyclone_container_files/helios16p_ws/install/vicon_receiver/include/boost/predef/compiler/tendra.h
[193.499s] -- Installing: /home/admin/bench/lab/STAGING_helios16p_kiss_legged_bench_cyclone_container_files/helios16p_ws/install/vicon_receiver/include/boost/predef/compiler/palm.h
[193.504s] -- Installing: /home/admin/bench/lab/STAGING_helios16p_kiss_legged_bench_cyclone_container_files/helios16p_ws/install/vicon_receiver/include/boost/predef/compiler/dignus.h
[193.505s] -- Installing: /home/admin/bench/lab/STAGING_helios16p_kiss_legged_bench_cyclone_container_files/helios16p_ws/install/vicon_receiver/include/boost/predef/compiler/metrowerks.h
[193.506s] -- Installing: /home/admin/bench/lab/STAGING_helios16p_kiss_legged_bench_cyclone_container_files/helios16p_ws/install/vicon_receiver/include/boost/predef/compiler/intel.h
[193.508s] -- Installing: /home/admin/bench/lab/STAGING_helios16p_kiss_legged_bench_cyclone_container_files/helios16p_ws/install/vicon_receiver/include/boost/predef/compiler/hp_acc.h
[193.513s] -- Installing: /home/admin/bench/lab/STAGING_helios16p_kiss_legged_bench_cyclone_container_files/helios16p_ws/install/vicon_receiver/include/boost/predef/compiler/microtec.h
[193.515s] -- Installing: /home/admin/bench/lab/STAGING_helios16p_kiss_legged_bench_cyclone_container_files/helios16p_ws/install/vicon_receiver/include/boost/predef/compiler/pgi.h
[193.520s] -- Installing: /home/admin/bench/lab/STAGING_helios16p_kiss_legged_bench_cyclone_container_files/helios16p_ws/install/vicon_receiver/include/boost/predef/compiler/digitalmars.h
[193.542s] -- Installing: /home/admin/bench/lab/STAGING_helios16p_kiss_legged_bench_cyclone_container_files/helios16p_ws/install/vicon_receiver/include/boost/predef/compiler/comeau.h
[193.542s] -- Installing: /home/admin/bench/lab/STAGING_helios16p_kiss_legged_bench_cyclone_container_files/helios16p_ws/install/vicon_receiver/include/boost/predef/compiler/diab.h
[193.544s] -- Installing: /home/admin/bench/lab/STAGING_helios16p_kiss_legged_bench_cyclone_container_files/helios16p_ws/install/vicon_receiver/include/boost/predef/detail
[193.570s] -- Installing: /home/admin/bench/lab/STAGING_helios16p_kiss_legged_bench_cyclone_container_files/helios16p_ws/install/vicon_receiver/include/boost/predef/detail/comp_detected.h
[193.570s] -- Installing: /home/admin/bench/lab/STAGING_helios16p_kiss_legged_bench_cyclone_container_files/helios16p_ws/install/vicon_receiver/include/boost/predef/detail/_cassert.h
[193.571s] -- Installing: /home/admin/bench/lab/STAGING_helios16p_kiss_legged_bench_cyclone_container_files/helios16p_ws/install/vicon_receiver/include/boost/predef/detail/_exception.h
[193.571s] -- Installing: /home/admin/bench/lab/STAGING_helios16p_kiss_legged_bench_cyclone_container_files/helios16p_ws/install/vicon_receiver/include/boost/predef/detail/test.h
[193.571s] -- Installing: /home/admin/bench/lab/STAGING_helios16p_kiss_legged_bench_cyclone_container_files/helios16p_ws/install/vicon_receiver/include/boost/predef/detail/os_detected.h
[193.572s] -- Installing: /home/admin/bench/lab/STAGING_helios16p_kiss_legged_bench_cyclone_container_files/helios16p_ws/install/vicon_receiver/include/boost/predef/detail/platform_detected.h
[193.572s] -- Installing: /home/admin/bench/lab/STAGING_helios16p_kiss_legged_bench_cyclone_container_files/helios16p_ws/install/vicon_receiver/include/boost/predef/make.h
[193.572s] -- Installing: /home/admin/bench/lab/STAGING_helios16p_kiss_legged_bench_cyclone_container_files/helios16p_ws/install/vicon_receiver/include/boost/predef/architecture.h
[193.572s] -- Installing: /home/admin/bench/lab/STAGING_helios16p_kiss_legged_bench_cyclone_container_files/helios16p_ws/install/vicon_receiver/include/boost/predef/os.h
[193.577s] -- Installing: /home/admin/bench/lab/STAGING_helios16p_kiss_legged_bench_cyclone_container_files/helios16p_ws/install/vicon_receiver/include/boost/predef/platform
[193.579s] -- Installing: /home/admin/bench/lab/STAGING_helios16p_kiss_legged_bench_cyclone_container_files/helios16p_ws/install/vicon_receiver/include/boost/predef/platform/mingw32.h
[193.586s] -- Installing: /home/admin/bench/lab/STAGING_helios16p_kiss_legged_bench_cyclone_container_files/helios16p_ws/install/vicon_receiver/include/boost/predef/platform/mingw.h
[193.593s] -- Installing: /home/admin/bench/lab/STAGING_helios16p_kiss_legged_bench_cyclone_container_files/helios16p_ws/install/vicon_receiver/include/boost/predef/platform/windows_phone.h
[193.594s] -- Installing: /home/admin/bench/lab/STAGING_helios16p_kiss_legged_bench_cyclone_container_files/helios16p_ws/install/vicon_receiver/include/boost/predef/platform/mingw64.h
[193.598s] -- Installing: /home/admin/bench/lab/STAGING_helios16p_kiss_legged_bench_cyclone_container_files/helios16p_ws/install/vicon_receiver/include/boost/predef/platform/windows_store.h
[193.599s] -- Installing: /home/admin/bench/lab/STAGING_helios16p_kiss_legged_bench_cyclone_container_files/helios16p_ws/install/vicon_receiver/include/boost/predef/platform/windows_server.h
[193.605s] -- Installing: /home/admin/bench/lab/STAGING_helios16p_kiss_legged_bench_cyclone_container_files/helios16p_ws/install/vicon_receiver/include/boost/predef/platform/windows_uwp.h
[193.627s] -- Installing: /home/admin/bench/lab/STAGING_helios16p_kiss_legged_bench_cyclone_container_files/helios16p_ws/install/vicon_receiver/include/boost/predef/platform/windows_system.h
[193.628s] -- Installing: /home/admin/bench/lab/STAGING_helios16p_kiss_legged_bench_cyclone_container_files/helios16p_ws/install/vicon_receiver/include/boost/predef/platform/windows_desktop.h
[193.628s] -- Installing: /home/admin/bench/lab/STAGING_helios16p_kiss_legged_bench_cyclone_container_files/helios16p_ws/install/vicon_receiver/include/boost/predef/platform/android.h
[193.628s] -- Installing: /home/admin/bench/lab/STAGING_helios16p_kiss_legged_bench_cyclone_container_files/helios16p_ws/install/vicon_receiver/include/boost/predef/platform/ios.h
[193.629s] -- Installing: /home/admin/bench/lab/STAGING_helios16p_kiss_legged_bench_cyclone_container_files/helios16p_ws/install/vicon_receiver/include/boost/predef/platform/cloudabi.h
[193.629s] -- Installing: /home/admin/bench/lab/STAGING_helios16p_kiss_legged_bench_cyclone_container_files/helios16p_ws/install/vicon_receiver/include/boost/predef/platform/windows_runtime.h
[193.632s] -- Installing: /home/admin/bench/lab/STAGING_helios16p_kiss_legged_bench_cyclone_container_files/helios16p_ws/install/vicon_receiver/include/boost/predef/compiler.h
[193.633s] -- Installing: /home/admin/bench/lab/STAGING_helios16p_kiss_legged_bench_cyclone_container_files/helios16p_ws/install/vicon_receiver/include/boost/predef/library.h
[193.638s] -- Installing: /home/admin/bench/lab/STAGING_helios16p_kiss_legged_bench_cyclone_container_files/helios16p_ws/install/vicon_receiver/include/boost/predef/os
[193.640s] -- Installing: /home/admin/bench/lab/STAGING_helios16p_kiss_legged_bench_cyclone_container_files/helios16p_ws/install/vicon_receiver/include/boost/predef/os/linux.h
[193.641s] -- Installing: /home/admin/bench/lab/STAGING_helios16p_kiss_legged_bench_cyclone_container_files/helios16p_ws/install/vicon_receiver/include/boost/predef/os/windows.h
[193.646s] -- Installing: /home/admin/bench/lab/STAGING_helios16p_kiss_legged_bench_cyclone_container_files/helios16p_ws/install/vicon_receiver/include/boost/predef/os/unix.h
[193.647s] -- Installing: /home/admin/bench/lab/STAGING_helios16p_kiss_legged_bench_cyclone_container_files/helios16p_ws/install/vicon_receiver/include/boost/predef/os/qnxnto.h
[193.668s] -- Installing: /home/admin/bench/lab/STAGING_helios16p_kiss_legged_bench_cyclone_container_files/helios16p_ws/install/vicon_receiver/include/boost/predef/os/hpux.h
[193.671s] -- Installing: /home/admin/bench/lab/STAGING_helios16p_kiss_legged_bench_cyclone_container_files/helios16p_ws/install/vicon_receiver/include/boost/predef/os/bsd
[193.674s] -- Installing: /home/admin/bench/lab/STAGING_helios16p_kiss_legged_bench_cyclone_container_files/helios16p_ws/install/vicon_receiver/include/boost/predef/os/bsd/open.h
[193.675s] -- Installing: /home/admin/bench/lab/STAGING_helios16p_kiss_legged_bench_cyclone_container_files/helios16p_ws/install/vicon_receiver/include/boost/predef/os/bsd/free.h
[193.679s] -- Installing: /home/admin/bench/lab/STAGING_helios16p_kiss_legged_bench_cyclone_container_files/helios16p_ws/install/vicon_receiver/include/boost/predef/os/bsd/bsdi.h
[193.701s] -- Installing: /home/admin/bench/lab/STAGING_helios16p_kiss_legged_bench_cyclone_container_files/helios16p_ws/install/vicon_receiver/include/boost/predef/os/bsd/net.h
[193.701s] -- Installing: /home/admin/bench/lab/STAGING_helios16p_kiss_legged_bench_cyclone_container_files/helios16p_ws/install/vicon_receiver/include/boost/predef/os/bsd/dragonfly.h
[193.701s] -- Installing: /home/admin/bench/lab/STAGING_helios16p_kiss_legged_bench_cyclone_container_files/helios16p_ws/install/vicon_receiver/include/boost/predef/os/cygwin.h
[193.702s] -- Installing: /home/admin/bench/lab/STAGING_helios16p_kiss_legged_bench_cyclone_container_files/helios16p_ws/install/vicon_receiver/include/boost/predef/os/amigaos.h
[193.702s] -- Installing: /home/admin/bench/lab/STAGING_helios16p_kiss_legged_bench_cyclone_container_files/helios16p_ws/install/vicon_receiver/include/boost/predef/os/solaris.h
[193.703s] -- Installing: /home/admin/bench/lab/STAGING_helios16p_kiss_legged_bench_cyclone_container_files/helios16p_ws/install/vicon_receiver/include/boost/predef/os/beos.h
[193.703s] -- Installing: /home/admin/bench/lab/STAGING_helios16p_kiss_legged_bench_cyclone_container_files/helios16p_ws/install/vicon_receiver/include/boost/predef/os/bsd.h
[193.703s] -- Installing: /home/admin/bench/lab/STAGING_helios16p_kiss_legged_bench_cyclone_container_files/helios16p_ws/install/vicon_receiver/include/boost/predef/os/os400.h
[193.704s] -- Installing: /home/admin/bench/lab/STAGING_helios16p_kiss_legged_bench_cyclone_container_files/helios16p_ws/install/vicon_receiver/include/boost/predef/os/aix.h
[193.717s] -- Installing: /home/admin/bench/lab/STAGING_helios16p_kiss_legged_bench_cyclone_container_files/helios16p_ws/install/vicon_receiver/include/boost/predef/os/macos.h
[193.718s] -- Installing: /home/admin/bench/lab/STAGING_helios16p_kiss_legged_bench_cyclone_container_files/helios16p_ws/install/vicon_receiver/include/boost/predef/os/vms.h
[193.721s] -- Installing: /home/admin/bench/lab/STAGING_helios16p_kiss_legged_bench_cyclone_container_files/helios16p_ws/install/vicon_receiver/include/boost/predef/os/irix.h
[193.721s] -- Installing: /home/admin/bench/lab/STAGING_helios16p_kiss_legged_bench_cyclone_container_files/helios16p_ws/install/vicon_receiver/include/boost/predef/os/ios.h
[193.722s] -- Installing: /home/admin/bench/lab/STAGING_helios16p_kiss_legged_bench_cyclone_container_files/helios16p_ws/install/vicon_receiver/include/boost/predef/os/haiku.h
[193.722s] -- Installing: /home/admin/bench/lab/STAGING_helios16p_kiss_legged_bench_cyclone_container_files/helios16p_ws/install/vicon_receiver/include/boost/predef/platform.h
[193.722s] -- Installing: /home/admin/bench/lab/STAGING_helios16p_kiss_legged_bench_cyclone_container_files/helios16p_ws/install/vicon_receiver/include/boost/predef/version_number.h
[193.723s] -- Installing: /home/admin/bench/lab/STAGING_helios16p_kiss_legged_bench_cyclone_container_files/helios16p_ws/install/vicon_receiver/include/boost/predef/language.h
[193.725s] -- Installing: /home/admin/bench/lab/STAGING_helios16p_kiss_legged_bench_cyclone_container_files/helios16p_ws/install/vicon_receiver/include/boost/predef/language
[193.726s] -- Installing: /home/admin/bench/lab/STAGING_helios16p_kiss_legged_bench_cyclone_container_files/helios16p_ws/install/vicon_receiver/include/boost/predef/language/stdc.h
[193.729s] -- Installing: /home/admin/bench/lab/STAGING_helios16p_kiss_legged_bench_cyclone_container_files/helios16p_ws/install/vicon_receiver/include/boost/predef/language/stdcpp.h
[193.730s] -- Installing: /home/admin/bench/lab/STAGING_helios16p_kiss_legged_bench_cyclone_container_files/helios16p_ws/install/vicon_receiver/include/boost/predef/language/objc.h
[193.737s] -- Installing: /home/admin/bench/lab/STAGING_helios16p_kiss_legged_bench_cyclone_container_files/helios16p_ws/install/vicon_receiver/include/boost/predef/language/cuda.h
[193.741s] -- Installing: /home/admin/bench/lab/STAGING_helios16p_kiss_legged_bench_cyclone_container_files/helios16p_ws/install/vicon_receiver/include/boost/predef/other.h
[193.743s] -- Installing: /home/admin/bench/lab/STAGING_helios16p_kiss_legged_bench_cyclone_container_files/helios16p_ws/install/vicon_receiver/include/boost/predef/other
[193.744s] -- Installing: /home/admin/bench/lab/STAGING_helios16p_kiss_legged_bench_cyclone_container_files/helios16p_ws/install/vicon_receiver/include/boost/predef/other/endian.h
[193.746s] -- Installing: /home/admin/bench/lab/STAGING_helios16p_kiss_legged_bench_cyclone_container_files/helios16p_ws/install/vicon_receiver/include/boost/predef/version.h
[193.751s] -- Installing: /home/admin/bench/lab/STAGING_helios16p_kiss_legged_bench_cyclone_container_files/helios16p_ws/install/vicon_receiver/include/boost/predef/library
[193.753s] -- Installing: /home/admin/bench/lab/STAGING_helios16p_kiss_legged_bench_cyclone_container_files/helios16p_ws/install/vicon_receiver/include/boost/predef/library/std
[193.755s] -- Installing: /home/admin/bench/lab/STAGING_helios16p_kiss_legged_bench_cyclone_container_files/helios16p_ws/install/vicon_receiver/include/boost/predef/library/std/_prefix.h
[193.761s] -- Installing: /home/admin/bench/lab/STAGING_helios16p_kiss_legged_bench_cyclone_container_files/helios16p_ws/install/vicon_receiver/include/boost/predef/library/std/modena.h
[193.764s] -- Installing: /home/admin/bench/lab/STAGING_helios16p_kiss_legged_bench_cyclone_container_files/helios16p_ws/install/vicon_receiver/include/boost/predef/library/std/cxx.h
[193.765s] -- Installing: /home/admin/bench/lab/STAGING_helios16p_kiss_legged_bench_cyclone_container_files/helios16p_ws/install/vicon_receiver/include/boost/predef/library/std/stlport.h
[193.776s] -- Installing: /home/admin/bench/lab/STAGING_helios16p_kiss_legged_bench_cyclone_container_files/helios16p_ws/install/vicon_receiver/include/boost/predef/library/std/dinkumware.h
[193.779s] -- Installing: /home/admin/bench/lab/STAGING_helios16p_kiss_legged_bench_cyclone_container_files/helios16p_ws/install/vicon_receiver/include/boost/predef/library/std/libcomo.h
[193.784s] -- Installing: /home/admin/bench/lab/STAGING_helios16p_kiss_legged_bench_cyclone_container_files/helios16p_ws/install/vicon_receiver/include/boost/predef/library/std/roguewave.h
[193.785s] -- Installing: /home/admin/bench/lab/STAGING_helios16p_kiss_legged_bench_cyclone_container_files/helios16p_ws/install/vicon_receiver/include/boost/predef/library/std/msl.h
[193.788s] -- Installing: /home/admin/bench/lab/STAGING_helios16p_kiss_legged_bench_cyclone_container_files/helios16p_ws/install/vicon_receiver/include/boost/predef/library/std/vacpp.h
[193.788s] -- Installing: /home/admin/bench/lab/STAGING_helios16p_kiss_legged_bench_cyclone_container_files/helios16p_ws/install/vicon_receiver/include/boost/predef/library/std/sgi.h
[193.789s] -- Installing: /home/admin/bench/lab/STAGING_helios16p_kiss_legged_bench_cyclone_container_files/helios16p_ws/install/vicon_receiver/include/boost/predef/library/std/stdcpp3.h
[193.794s] -- Installing: /home/admin/bench/lab/STAGING_helios16p_kiss_legged_bench_cyclone_container_files/helios16p_ws/install/vicon_receiver/include/boost/predef/library/c
[193.799s] -- Installing: /home/admin/bench/lab/STAGING_helios16p_kiss_legged_bench_cyclone_container_files/helios16p_ws/install/vicon_receiver/include/boost/predef/library/c/gnu.h
[193.799s] -- Installing: /home/admin/bench/lab/STAGING_helios16p_kiss_legged_bench_cyclone_container_files/helios16p_ws/install/vicon_receiver/include/boost/predef/library/c/_prefix.h
[193.800s] -- Installing: /home/admin/bench/lab/STAGING_helios16p_kiss_legged_bench_cyclone_container_files/helios16p_ws/install/vicon_receiver/include/boost/predef/library/c/zos.h
[193.803s] -- Installing: /home/admin/bench/lab/STAGING_helios16p_kiss_legged_bench_cyclone_container_files/helios16p_ws/install/vicon_receiver/include/boost/predef/library/c/uc.h
[193.805s] -- Installing: /home/admin/bench/lab/STAGING_helios16p_kiss_legged_bench_cyclone_container_files/helios16p_ws/install/vicon_receiver/include/boost/predef/library/c/vms.h
[193.807s] -- Installing: /home/admin/bench/lab/STAGING_helios16p_kiss_legged_bench_cyclone_container_files/helios16p_ws/install/vicon_receiver/include/boost/predef/library/c/cloudabi.h
[193.808s] -- Installing: /home/admin/bench/lab/STAGING_helios16p_kiss_legged_bench_cyclone_container_files/helios16p_ws/install/vicon_receiver/include/boost/predef/library/c.h
[193.812s] -- Installing: /home/admin/bench/lab/STAGING_helios16p_kiss_legged_bench_cyclone_container_files/helios16p_ws/install/vicon_receiver/include/boost/predef/library/std.h
[193.819s] -- Installing: /home/admin/bench/lab/STAGING_helios16p_kiss_legged_bench_cyclone_container_files/helios16p_ws/install/vicon_receiver/lib/libboost_system.so.1.75.0
[193.828s] -- Installing: /home/admin/bench/lab/STAGING_helios16p_kiss_legged_bench_cyclone_container_files/helios16p_ws/install/vicon_receiver/lib/libboost_thread.so.1.75.0
[193.833s] -- Installing: /home/admin/bench/lab/STAGING_helios16p_kiss_legged_bench_cyclone_container_files/helios16p_ws/install/vicon_receiver/lib/libboost_chrono.so.1.75.0
[193.835s] -- Installing: /home/admin/bench/lab/STAGING_helios16p_kiss_legged_bench_cyclone_container_files/helios16p_ws/install/vicon_receiver/lib/libboost_timer.so.1.75.0
[193.843s] -- Installing: /home/admin/bench/lab/STAGING_helios16p_kiss_legged_bench_cyclone_container_files/helios16p_ws/install/vicon_receiver/lib/libViconDataStreamSDK_CPP.so
[193.872s] -- Up-to-date: /home/admin/bench/lab/STAGING_helios16p_kiss_legged_bench_cyclone_container_files/helios16p_ws/install/vicon_receiver/include
[193.876s] -- Installing: /home/admin/bench/lab/STAGING_helios16p_kiss_legged_bench_cyclone_container_files/helios16p_ws/install/vicon_receiver/include/vicon-datastream-sdk
[193.880s] -- Installing: /home/admin/bench/lab/STAGING_helios16p_kiss_legged_bench_cyclone_container_files/helios16p_ws/install/vicon_receiver/include/vicon-datastream-sdk/IDataStreamClientBase.h
[193.880s] -- Installing: /home/admin/bench/lab/STAGING_helios16p_kiss_legged_bench_cyclone_container_files/helios16p_ws/install/vicon_receiver/include/vicon-datastream-sdk/DataStreamClient.h
[193.892s] -- Up-to-date: /home/admin/bench/lab/STAGING_helios16p_kiss_legged_bench_cyclone_container_files/helios16p_ws/install/vicon_receiver/include
[193.898s] -- Installing: /home/admin/bench/lab/STAGING_helios16p_kiss_legged_bench_cyclone_container_files/helios16p_ws/install/vicon_receiver/include/vicon_receiver
[193.899s] -- Installing: /home/admin/bench/lab/STAGING_helios16p_kiss_legged_bench_cyclone_container_files/helios16p_ws/install/vicon_receiver/include/vicon_receiver/communicator.hpp
[193.901s] -- Installing: /home/admin/bench/lab/STAGING_helios16p_kiss_legged_bench_cyclone_container_files/helios16p_ws/install/vicon_receiver/include/vicon_receiver/publisher.hpp
[193.901s] -- Installing: /home/admin/bench/lab/STAGING_helios16p_kiss_legged_bench_cyclone_container_files/helios16p_ws/install/vicon_receiver/lib/vicon_receiver/vicon_client
[193.908s] -- Set non-toolchain portion of runtime path of "/home/admin/bench/lab/STAGING_helios16p_kiss_legged_bench_cyclone_container_files/helios16p_ws/install/vicon_receiver/lib/vicon_receiver/vicon_client" to "$ORIGIN/../lib"
[193.908s] -- Installing: /home/admin/bench/lab/STAGING_helios16p_kiss_legged_bench_cyclone_container_files/helios16p_ws/install/vicon_receiver/share/vicon_receiver/launch
[193.916s] -- Installing: /home/admin/bench/lab/STAGING_helios16p_kiss_legged_bench_cyclone_container_files/helios16p_ws/install/vicon_receiver/share/vicon_receiver/launch/client.launch.py
[193.918s] -- Installing: /home/admin/bench/lab/STAGING_helios16p_kiss_legged_bench_cyclone_container_files/helios16p_ws/install/vicon_receiver/share/ament_index/resource_index/package_run_dependencies/vicon_receiver
[193.927s] -- Installing: /home/admin/bench/lab/STAGING_helios16p_kiss_legged_bench_cyclone_container_files/helios16p_ws/install/vicon_receiver/share/ament_index/resource_index/parent_prefix_path/vicon_receiver
[193.945s] -- Installing: /home/admin/bench/lab/STAGING_helios16p_kiss_legged_bench_cyclone_container_files/helios16p_ws/install/vicon_receiver/share/vicon_receiver/environment/ament_prefix_path.sh
[193.952s] -- Installing: /home/admin/bench/lab/STAGING_helios16p_kiss_legged_bench_cyclone_container_files/helios16p_ws/install/vicon_receiver/share/vicon_receiver/environment/ament_prefix_path.dsv
[193.958s] -- Installing: /home/admin/bench/lab/STAGING_helios16p_kiss_legged_bench_cyclone_container_files/helios16p_ws/install/vicon_receiver/share/vicon_receiver/environment/path.sh
[193.965s] -- Installing: /home/admin/bench/lab/STAGING_helios16p_kiss_legged_bench_cyclone_container_files/helios16p_ws/install/vicon_receiver/share/vicon_receiver/environment/path.dsv
[193.965s] -- Installing: /home/admin/bench/lab/STAGING_helios16p_kiss_legged_bench_cyclone_container_files/helios16p_ws/install/vicon_receiver/share/vicon_receiver/local_setup.bash
[193.966s] -- Installing: /home/admin/bench/lab/STAGING_helios16p_kiss_legged_bench_cyclone_container_files/helios16p_ws/install/vicon_receiver/share/vicon_receiver/local_setup.sh
[193.966s] -- Installing: /home/admin/bench/lab/STAGING_helios16p_kiss_legged_bench_cyclone_container_files/helios16p_ws/install/vicon_receiver/share/vicon_receiver/local_setup.zsh
[193.979s] -- Installing: /home/admin/bench/lab/STAGING_helios16p_kiss_legged_bench_cyclone_container_files/helios16p_ws/install/vicon_receiver/share/vicon_receiver/local_setup.dsv
[193.980s] -- Installing: /home/admin/bench/lab/STAGING_helios16p_kiss_legged_bench_cyclone_container_files/helios16p_ws/install/vicon_receiver/share/vicon_receiver/package.dsv
[193.988s] -- Installing: /home/admin/bench/lab/STAGING_helios16p_kiss_legged_bench_cyclone_container_files/helios16p_ws/install/vicon_receiver/share/ament_index/resource_index/packages/vicon_receiver
[193.989s] -- Installing: /home/admin/bench/lab/STAGING_helios16p_kiss_legged_bench_cyclone_container_files/helios16p_ws/install/vicon_receiver/share/vicon_receiver/cmake/vicon_receiverConfig.cmake
[193.989s] -- Installing: /home/admin/bench/lab/STAGING_helios16p_kiss_legged_bench_cyclone_container_files/helios16p_ws/install/vicon_receiver/share/vicon_receiver/cmake/vicon_receiverConfig-version.cmake
[193.989s] -- Installing: /home/admin/bench/lab/STAGING_helios16p_kiss_legged_bench_cyclone_container_files/helios16p_ws/install/vicon_receiver/share/vicon_receiver/package.xml
[194.020s] Invoked command in '/home/admin/bench/lab/STAGING_helios16p_kiss_legged_bench_cyclone_container_files/helios16p_ws/build/vicon_receiver' returned '0': CMAKE_PREFIX_PATH=${CMAKE_PREFIX_PATH}:/home/admin/bench/lab/helios16p_ws/install/helios16p_cane_robot:/opt/ros/humble /usr/local/bin/cmake --install /home/admin/bench/lab/STAGING_helios16p_kiss_legged_bench_cyclone_container_files/helios16p_ws/build/vicon_receiver
