[0.000000] (-) TimerEvent: {}
[0.001020] (go1_description) JobQueued: {'identifier': 'go1_description', 'dependencies': OrderedDict()}
[0.001096] (helios16p_cane_robot) JobQueued: {'identifier': 'helios16p_cane_robot', 'dependencies': OrderedDict()}
[0.001238] (kiss_icp) JobQueued: {'identifier': 'kiss_icp', 'dependencies': OrderedDict()}
[0.001300] (rslidar_msg) JobQueued: {'identifier': 'rslidar_msg', 'dependencies': OrderedDict()}
[0.001379] (vicon_receiver) JobQueued: {'identifier': 'vicon_receiver', 'dependencies': OrderedDict()}
[0.001453] (rslidar_sdk) JobQueued: {'identifier': 'rslidar_sdk', 'dependencies': OrderedDict([('rslidar_msg', '/home/ph/treasure/dockerBENCH/helios16p_ws/install/rslidar_msg')])}
[0.001584] (rslidar_msg) JobStarted: {'identifier': 'rslidar_msg'}
[0.008273] (go1_description) JobStarted: {'identifier': 'go1_description'}
[0.013976] (helios16p_cane_robot) JobStarted: {'identifier': 'helios16p_cane_robot'}
[0.023702] (kiss_icp) JobStarted: {'identifier': 'kiss_icp'}
[0.029609] (vicon_receiver) JobStarted: {'identifier': 'vicon_receiver'}
[0.038728] (rslidar_msg) JobProgress: {'identifier': 'rslidar_msg', 'progress': 'cmake'}
[0.039767] (rslidar_msg) Command: {'cmd': ['/home/ph/.local/bin/cmake', '/home/ph/treasure/dockerBENCH/helios16p_ws/src/rslidar_msg', '-DCMAKE_INSTALL_PREFIX=/home/ph/treasure/dockerBENCH/helios16p_ws/install/rslidar_msg'], 'cwd': '/home/ph/treasure/dockerBENCH/helios16p_ws/build/rslidar_msg', 'env': OrderedDict([('LESSOPEN', '| /usr/bin/lesspipe %s'), ('USER', 'ph'), ('LC_TIME', 'it_IT.UTF-8'), ('XDG_SEAT', 'seat0'), ('XDG_SESSION_TYPE', 'x11'), ('SHLVL', '1'), ('LD_LIBRARY_PATH', '/opt/ros/humble/opt/rviz_ogre_vendor/lib:/opt/ros/humble/lib/x86_64-linux-gnu:/opt/ros/humble/lib'), ('HOME', '/home/ph'), ('OLDPWD', '/home/ph/treasure'), ('DESKTOP_SESSION', 'i3'), ('ROS_PYTHON_VERSION', '3'), ('GTK_MODULES', 'gail:atk-bridge'), ('PS1', '(pvenv) \\[\\e]0;\\u@\\h: \\w\\a\\]${debian_chroot:+($debian_chroot)}\\u@\\h:\\w\\$'), ('LC_MONETARY', 'it_IT.UTF-8'), ('SYSTEMD_EXEC_PID', '2203'), ('DBUS_SESSION_BUS_ADDRESS', 'unix:path=/run/user/1000/bus'), ('_colcon_cd_root', '/opt/ros/humble/'), ('ROS_DISTRO', 'humble'), ('GTK_IM_MODULE', 'ibus'), ('LOGNAME', 'ph'), ('WINDOWID', '35651596'), ('_', '/usr/bin/colcon'), ('ROS_VERSION', '2'), ('XTERM_SHELL', '/bin/bash'), ('XDG_SESSION_CLASS', 'user'), ('USERNAME', 'ph'), ('TERM', 'xterm'), ('XDG_SESSION_ID', '3'), ('ROS_LOCALHOST_ONLY', '0'), ('WINDOWPATH', '2'), ('PATH', '/home/ph/myvenv/pvenv/bin:/home/ph/.local/bin:/home/ph/.local/bin:/home/ph/.local/bin:/opt/ros/humble/bin:/usr/local/sbin:/usr/local/bin:/usr/sbin:/usr/bin:/sbin:/bin:/usr/games:/usr/local/games:/snap/bin:/snap/bin'), ('LC_ADDRESS', 'it_IT.UTF-8'), ('XDG_RUNTIME_DIR', '/run/user/1000'), ('DISPLAY', ':0'), ('LANG', 'en_US.UTF-8'), ('XDG_CURRENT_DESKTOP', 'i3'), ('LC_TELEPHONE', 'it_IT.UTF-8'), ('VIRTUAL_ENV_PROMPT', '(pvenv)'), ('XMODIFIERS', '@im=ibus'), ('XDG_SESSION_DESKTOP', 'i3'), ('XAUTHORITY', '/run/user/1000/gdm/Xauthority'), ('LS_COLORS', 'rs=0:di=01;34:ln=01;36:mh=00:pi=40;33:so=01;35:do=01;35:bd=40;33;01:cd=40;33;01:or=40;31;01:mi=00:su=37;41:sg=30;43:ca=30;41:tw=30;42:ow=34;42:st=37;44:ex=01;32:*.tar=01;31:*.tgz=01;31:*.arc=01;31:*.arj=01;31:*.taz=01;31:*.lha=01;31:*.lz4=01;31:*.lzh=01;31:*.lzma=01;31:*.tlz=01;31:*.txz=01;31:*.tzo=01;31:*.t7z=01;31:*.zip=01;31:*.z=01;31:*.dz=01;31:*.gz=01;31:*.lrz=01;31:*.lz=01;31:*.lzo=01;31:*.xz=01;31:*.zst=01;31:*.tzst=01;31:*.bz2=01;31:*.bz=01;31:*.tbz=01;31:*.tbz2=01;31:*.tz=01;31:*.deb=01;31:*.rpm=01;31:*.jar=01;31:*.war=01;31:*.ear=01;31:*.sar=01;31:*.rar=01;31:*.alz=01;31:*.ace=01;31:*.zoo=01;31:*.cpio=01;31:*.7z=01;31:*.rz=01;31:*.cab=01;31:*.wim=01;31:*.swm=01;31:*.dwm=01;31:*.esd=01;31:*.jpg=01;35:*.jpeg=01;35:*.mjpg=01;35:*.mjpeg=01;35:*.gif=01;35:*.bmp=01;35:*.pbm=01;35:*.pgm=01;35:*.ppm=01;35:*.tga=01;35:*.xbm=01;35:*.xpm=01;35:*.tif=01;35:*.tiff=01;35:*.png=01;35:*.svg=01;35:*.svgz=01;35:*.mng=01;35:*.pcx=01;35:*.mov=01;35:*.mpg=01;35:*.mpeg=01;35:*.m2v=01;35:*.mkv=01;35:*.webm=01;35:*.webp=01;35:*.ogm=01;35:*.mp4=01;35:*.m4v=01;35:*.mp4v=01;35:*.vob=01;35:*.qt=01;35:*.nuv=01;35:*.wmv=01;35:*.asf=01;35:*.rm=01;35:*.rmvb=01;35:*.flc=01;35:*.avi=01;35:*.fli=01;35:*.flv=01;35:*.gl=01;35:*.dl=01;35:*.xcf=01;35:*.xwd=01;35:*.yuv=01;35:*.cgm=01;35:*.emf=01;35:*.ogv=01;35:*.ogx=01;35:*.aac=00;36:*.au=00;36:*.flac=00;36:*.m4a=00;36:*.mid=00;36:*.midi=00;36:*.mka=00;36:*.mp3=00;36:*.mpc=00;36:*.ogg=00;36:*.ra=00;36:*.wav=00;36:*.oga=00;36:*.opus=00;36:*.spx=00;36:*.xspf=00;36:'), ('ROS_DOMAIN_ID', '7'), ('AMENT_PREFIX_PATH', '/opt/ros/humble'), ('SHELL', '/bin/bash'), ('CMAKE_POLICY_VERSION_MINIMUM', '3.5'), ('LC_NAME', 'it_IT.UTF-8'), ('QT_ACCESSIBILITY', '1'), ('GDMSESSION', 'i3'), ('LESSCLOSE', '/usr/bin/lesspipe %s %s'), ('LC_MEASUREMENT', 'it_IT.UTF-8'), ('GPG_AGENT_INFO', '/run/user/1000/gnupg/S.gpg-agent:0:1'), ('LC_IDENTIFICATION', 'it_IT.UTF-8'), ('VIRTUAL_ENV', '/home/ph/myvenv/pvenv'), ('QT_IM_MODULE', 'ibus'), ('XDG_VTNR', '2'), ('GPG_TTY', '/dev/pts/0'), ('PWD', '/home/ph/treasure/dockerBENCH/helios16p_ws/build/rslidar_msg'), ('LC_ALL', 'en_US.UTF-8'), ('XDG_CONFIG_DIRS', '/etc/xdg/xdg-i3:/etc/xdg'), ('XTERM_LOCALE', 'en_US.UTF-8'), ('CLUTTER_IM_MODULE', 'ibus'), ('XDG_DATA_DIRS', '/usr/share/i3:/usr/share/gnome:/usr/local/share/:/usr/share/:/var/lib/snapd/desktop'), ('XTERM_VERSION', 'XTerm(372)'), ('PYTHONPATH', '/opt/ros/humble/lib/python3.10/site-packages:/opt/ros/humble/local/lib/python3.10/dist-packages'), ('LC_NUMERIC', 'it_IT.UTF-8'), ('I3SOCK', '/run/user/1000/i3/ipc-socket.2364'), ('LC_PAPER', 'it_IT.UTF-8'), ('COLCON', '1'), ('CMAKE_PREFIX_PATH', '/opt/ros/humble')]), 'shell': False}
[0.043729] (go1_description) JobProgress: {'identifier': 'go1_description', 'progress': 'cmake'}
[0.044978] (go1_description) Command: {'cmd': ['/home/ph/.local/bin/cmake', '/home/ph/treasure/dockerBENCH/helios16p_ws/src/go1_description', '-DCMAKE_INSTALL_PREFIX=/home/ph/treasure/dockerBENCH/helios16p_ws/install/go1_description'], 'cwd': '/home/ph/treasure/dockerBENCH/helios16p_ws/build/go1_description', 'env': OrderedDict([('LESSOPEN', '| /usr/bin/lesspipe %s'), ('USER', 'ph'), ('LC_TIME', 'it_IT.UTF-8'), ('XDG_SEAT', 'seat0'), ('XDG_SESSION_TYPE', 'x11'), ('SHLVL', '1'), ('LD_LIBRARY_PATH', '/opt/ros/humble/opt/rviz_ogre_vendor/lib:/opt/ros/humble/lib/x86_64-linux-gnu:/opt/ros/humble/lib'), ('HOME', '/home/ph'), ('OLDPWD', '/home/ph/treasure'), ('DESKTOP_SESSION', 'i3'), ('ROS_PYTHON_VERSION', '3'), ('GTK_MODULES', 'gail:atk-bridge'), ('PS1', '(pvenv) \\[\\e]0;\\u@\\h: \\w\\a\\]${debian_chroot:+($debian_chroot)}\\u@\\h:\\w\\$'), ('LC_MONETARY', 'it_IT.UTF-8'), ('SYSTEMD_EXEC_PID', '2203'), ('DBUS_SESSION_BUS_ADDRESS', 'unix:path=/run/user/1000/bus'), ('_colcon_cd_root', '/opt/ros/humble/'), ('ROS_DISTRO', 'humble'), ('GTK_IM_MODULE', 'ibus'), ('LOGNAME', 'ph'), ('WINDOWID', '35651596'), ('_', '/usr/bin/colcon'), ('ROS_VERSION', '2'), ('XTERM_SHELL', '/bin/bash'), ('XDG_SESSION_CLASS', 'user'), ('USERNAME', 'ph'), ('TERM', 'xterm'), ('XDG_SESSION_ID', '3'), ('ROS_LOCALHOST_ONLY', '0'), ('WINDOWPATH', '2'), ('PATH', '/home/ph/myvenv/pvenv/bin:/home/ph/.local/bin:/home/ph/.local/bin:/home/ph/.local/bin:/opt/ros/humble/bin:/usr/local/sbin:/usr/local/bin:/usr/sbin:/usr/bin:/sbin:/bin:/usr/games:/usr/local/games:/snap/bin:/snap/bin'), ('LC_ADDRESS', 'it_IT.UTF-8'), ('XDG_RUNTIME_DIR', '/run/user/1000'), ('DISPLAY', ':0'), ('LANG', 'en_US.UTF-8'), ('XDG_CURRENT_DESKTOP', 'i3'), ('LC_TELEPHONE', 'it_IT.UTF-8'), ('VIRTUAL_ENV_PROMPT', '(pvenv)'), ('XMODIFIERS', '@im=ibus'), ('XDG_SESSION_DESKTOP', 'i3'), ('XAUTHORITY', '/run/user/1000/gdm/Xauthority'), ('LS_COLORS', 'rs=0:di=01;34:ln=01;36:mh=00:pi=40;33:so=01;35:do=01;35:bd=40;33;01:cd=40;33;01:or=40;31;01:mi=00:su=37;41:sg=30;43:ca=30;41:tw=30;42:ow=34;42:st=37;44:ex=01;32:*.tar=01;31:*.tgz=01;31:*.arc=01;31:*.arj=01;31:*.taz=01;31:*.lha=01;31:*.lz4=01;31:*.lzh=01;31:*.lzma=01;31:*.tlz=01;31:*.txz=01;31:*.tzo=01;31:*.t7z=01;31:*.zip=01;31:*.z=01;31:*.dz=01;31:*.gz=01;31:*.lrz=01;31:*.lz=01;31:*.lzo=01;31:*.xz=01;31:*.zst=01;31:*.tzst=01;31:*.bz2=01;31:*.bz=01;31:*.tbz=01;31:*.tbz2=01;31:*.tz=01;31:*.deb=01;31:*.rpm=01;31:*.jar=01;31:*.war=01;31:*.ear=01;31:*.sar=01;31:*.rar=01;31:*.alz=01;31:*.ace=01;31:*.zoo=01;31:*.cpio=01;31:*.7z=01;31:*.rz=01;31:*.cab=01;31:*.wim=01;31:*.swm=01;31:*.dwm=01;31:*.esd=01;31:*.jpg=01;35:*.jpeg=01;35:*.mjpg=01;35:*.mjpeg=01;35:*.gif=01;35:*.bmp=01;35:*.pbm=01;35:*.pgm=01;35:*.ppm=01;35:*.tga=01;35:*.xbm=01;35:*.xpm=01;35:*.tif=01;35:*.tiff=01;35:*.png=01;35:*.svg=01;35:*.svgz=01;35:*.mng=01;35:*.pcx=01;35:*.mov=01;35:*.mpg=01;35:*.mpeg=01;35:*.m2v=01;35:*.mkv=01;35:*.webm=01;35:*.webp=01;35:*.ogm=01;35:*.mp4=01;35:*.m4v=01;35:*.mp4v=01;35:*.vob=01;35:*.qt=01;35:*.nuv=01;35:*.wmv=01;35:*.asf=01;35:*.rm=01;35:*.rmvb=01;35:*.flc=01;35:*.avi=01;35:*.fli=01;35:*.flv=01;35:*.gl=01;35:*.dl=01;35:*.xcf=01;35:*.xwd=01;35:*.yuv=01;35:*.cgm=01;35:*.emf=01;35:*.ogv=01;35:*.ogx=01;35:*.aac=00;36:*.au=00;36:*.flac=00;36:*.m4a=00;36:*.mid=00;36:*.midi=00;36:*.mka=00;36:*.mp3=00;36:*.mpc=00;36:*.ogg=00;36:*.ra=00;36:*.wav=00;36:*.oga=00;36:*.opus=00;36:*.spx=00;36:*.xspf=00;36:'), ('ROS_DOMAIN_ID', '7'), ('AMENT_PREFIX_PATH', '/opt/ros/humble'), ('SHELL', '/bin/bash'), ('CMAKE_POLICY_VERSION_MINIMUM', '3.5'), ('LC_NAME', 'it_IT.UTF-8'), ('QT_ACCESSIBILITY', '1'), ('GDMSESSION', 'i3'), ('LESSCLOSE', '/usr/bin/lesspipe %s %s'), ('LC_MEASUREMENT', 'it_IT.UTF-8'), ('GPG_AGENT_INFO', '/run/user/1000/gnupg/S.gpg-agent:0:1'), ('LC_IDENTIFICATION', 'it_IT.UTF-8'), ('VIRTUAL_ENV', '/home/ph/myvenv/pvenv'), ('QT_IM_MODULE', 'ibus'), ('XDG_VTNR', '2'), ('GPG_TTY', '/dev/pts/0'), ('PWD', '/home/ph/treasure/dockerBENCH/helios16p_ws/build/go1_description'), ('LC_ALL', 'en_US.UTF-8'), ('XDG_CONFIG_DIRS', '/etc/xdg/xdg-i3:/etc/xdg'), ('XTERM_LOCALE', 'en_US.UTF-8'), ('CLUTTER_IM_MODULE', 'ibus'), ('XDG_DATA_DIRS', '/usr/share/i3:/usr/share/gnome:/usr/local/share/:/usr/share/:/var/lib/snapd/desktop'), ('XTERM_VERSION', 'XTerm(372)'), ('PYTHONPATH', '/opt/ros/humble/lib/python3.10/site-packages:/opt/ros/humble/local/lib/python3.10/dist-packages'), ('LC_NUMERIC', 'it_IT.UTF-8'), ('I3SOCK', '/run/user/1000/i3/ipc-socket.2364'), ('LC_PAPER', 'it_IT.UTF-8'), ('COLCON', '1'), ('CMAKE_PREFIX_PATH', '/opt/ros/humble')]), 'shell': False}
[0.099686] (-) TimerEvent: {}
[0.200079] (-) TimerEvent: {}
[0.300983] (-) TimerEvent: {}
[0.401462] (-) TimerEvent: {}
[0.502398] (-) TimerEvent: {}
[0.573017] (kiss_icp) JobProgress: {'identifier': 'kiss_icp', 'progress': 'cmake'}
[0.574088] (kiss_icp) Command: {'cmd': ['/home/ph/.local/bin/cmake', '/home/ph/treasure/dockerBENCH/helios16p_ws/src/kiss-icp/ros', '-DCMAKE_INSTALL_PREFIX=/home/ph/treasure/dockerBENCH/helios16p_ws/install/kiss_icp'], 'cwd': '/home/ph/treasure/dockerBENCH/helios16p_ws/build/kiss_icp', 'env': OrderedDict([('LESSOPEN', '| /usr/bin/lesspipe %s'), ('USER', 'ph'), ('LC_TIME', 'it_IT.UTF-8'), ('XDG_SEAT', 'seat0'), ('XDG_SESSION_TYPE', 'x11'), ('SHLVL', '1'), ('LD_LIBRARY_PATH', '/opt/ros/humble/opt/rviz_ogre_vendor/lib:/opt/ros/humble/lib/x86_64-linux-gnu:/opt/ros/humble/lib'), ('HOME', '/home/ph'), ('OLDPWD', '/home/ph/treasure'), ('DESKTOP_SESSION', 'i3'), ('ROS_PYTHON_VERSION', '3'), ('GTK_MODULES', 'gail:atk-bridge'), ('PS1', '(pvenv) \\[\\e]0;\\u@\\h: \\w\\a\\]${debian_chroot:+($debian_chroot)}\\u@\\h:\\w\\$'), ('LC_MONETARY', 'it_IT.UTF-8'), ('SYSTEMD_EXEC_PID', '2203'), ('DBUS_SESSION_BUS_ADDRESS', 'unix:path=/run/user/1000/bus'), ('_colcon_cd_root', '/opt/ros/humble/'), ('ROS_DISTRO', 'humble'), ('GTK_IM_MODULE', 'ibus'), ('LOGNAME', 'ph'), ('WINDOWID', '35651596'), ('_', '/usr/bin/colcon'), ('ROS_VERSION', '2'), ('XTERM_SHELL', '/bin/bash'), ('XDG_SESSION_CLASS', 'user'), ('USERNAME', 'ph'), ('TERM', 'xterm'), ('XDG_SESSION_ID', '3'), ('ROS_LOCALHOST_ONLY', '0'), ('WINDOWPATH', '2'), ('PATH', '/home/ph/myvenv/pvenv/bin:/home/ph/.local/bin:/home/ph/.local/bin:/home/ph/.local/bin:/opt/ros/humble/bin:/usr/local/sbin:/usr/local/bin:/usr/sbin:/usr/bin:/sbin:/bin:/usr/games:/usr/local/games:/snap/bin:/snap/bin'), ('LC_ADDRESS', 'it_IT.UTF-8'), ('XDG_RUNTIME_DIR', '/run/user/1000'), ('DISPLAY', ':0'), ('LANG', 'en_US.UTF-8'), ('XDG_CURRENT_DESKTOP', 'i3'), ('LC_TELEPHONE', 'it_IT.UTF-8'), ('VIRTUAL_ENV_PROMPT', '(pvenv)'), ('XMODIFIERS', '@im=ibus'), ('XDG_SESSION_DESKTOP', 'i3'), ('XAUTHORITY', '/run/user/1000/gdm/Xauthority'), ('LS_COLORS', 'rs=0:di=01;34:ln=01;36:mh=00:pi=40;33:so=01;35:do=01;35:bd=40;33;01:cd=40;33;01:or=40;31;01:mi=00:su=37;41:sg=30;43:ca=30;41:tw=30;42:ow=34;42:st=37;44:ex=01;32:*.tar=01;31:*.tgz=01;31:*.arc=01;31:*.arj=01;31:*.taz=01;31:*.lha=01;31:*.lz4=01;31:*.lzh=01;31:*.lzma=01;31:*.tlz=01;31:*.txz=01;31:*.tzo=01;31:*.t7z=01;31:*.zip=01;31:*.z=01;31:*.dz=01;31:*.gz=01;31:*.lrz=01;31:*.lz=01;31:*.lzo=01;31:*.xz=01;31:*.zst=01;31:*.tzst=01;31:*.bz2=01;31:*.bz=01;31:*.tbz=01;31:*.tbz2=01;31:*.tz=01;31:*.deb=01;31:*.rpm=01;31:*.jar=01;31:*.war=01;31:*.ear=01;31:*.sar=01;31:*.rar=01;31:*.alz=01;31:*.ace=01;31:*.zoo=01;31:*.cpio=01;31:*.7z=01;31:*.rz=01;31:*.cab=01;31:*.wim=01;31:*.swm=01;31:*.dwm=01;31:*.esd=01;31:*.jpg=01;35:*.jpeg=01;35:*.mjpg=01;35:*.mjpeg=01;35:*.gif=01;35:*.bmp=01;35:*.pbm=01;35:*.pgm=01;35:*.ppm=01;35:*.tga=01;35:*.xbm=01;35:*.xpm=01;35:*.tif=01;35:*.tiff=01;35:*.png=01;35:*.svg=01;35:*.svgz=01;35:*.mng=01;35:*.pcx=01;35:*.mov=01;35:*.mpg=01;35:*.mpeg=01;35:*.m2v=01;35:*.mkv=01;35:*.webm=01;35:*.webp=01;35:*.ogm=01;35:*.mp4=01;35:*.m4v=01;35:*.mp4v=01;35:*.vob=01;35:*.qt=01;35:*.nuv=01;35:*.wmv=01;35:*.asf=01;35:*.rm=01;35:*.rmvb=01;35:*.flc=01;35:*.avi=01;35:*.fli=01;35:*.flv=01;35:*.gl=01;35:*.dl=01;35:*.xcf=01;35:*.xwd=01;35:*.yuv=01;35:*.cgm=01;35:*.emf=01;35:*.ogv=01;35:*.ogx=01;35:*.aac=00;36:*.au=00;36:*.flac=00;36:*.m4a=00;36:*.mid=00;36:*.midi=00;36:*.mka=00;36:*.mp3=00;36:*.mpc=00;36:*.ogg=00;36:*.ra=00;36:*.wav=00;36:*.oga=00;36:*.opus=00;36:*.spx=00;36:*.xspf=00;36:'), ('ROS_DOMAIN_ID', '7'), ('AMENT_PREFIX_PATH', '/opt/ros/humble'), ('SHELL', '/bin/bash'), ('CMAKE_POLICY_VERSION_MINIMUM', '3.5'), ('LC_NAME', 'it_IT.UTF-8'), ('QT_ACCESSIBILITY', '1'), ('GDMSESSION', 'i3'), ('LESSCLOSE', '/usr/bin/lesspipe %s %s'), ('LC_MEASUREMENT', 'it_IT.UTF-8'), ('GPG_AGENT_INFO', '/run/user/1000/gnupg/S.gpg-agent:0:1'), ('LC_IDENTIFICATION', 'it_IT.UTF-8'), ('VIRTUAL_ENV', '/home/ph/myvenv/pvenv'), ('QT_IM_MODULE', 'ibus'), ('XDG_VTNR', '2'), ('GPG_TTY', '/dev/pts/0'), ('PWD', '/home/ph/treasure/dockerBENCH/helios16p_ws/build/kiss_icp'), ('LC_ALL', 'en_US.UTF-8'), ('XDG_CONFIG_DIRS', '/etc/xdg/xdg-i3:/etc/xdg'), ('XTERM_LOCALE', 'en_US.UTF-8'), ('CLUTTER_IM_MODULE', 'ibus'), ('XDG_DATA_DIRS', '/usr/share/i3:/usr/share/gnome:/usr/local/share/:/usr/share/:/var/lib/snapd/desktop'), ('XTERM_VERSION', 'XTerm(372)'), ('PYTHONPATH', '/opt/ros/humble/lib/python3.10/site-packages:/opt/ros/humble/local/lib/python3.10/dist-packages'), ('LC_NUMERIC', 'it_IT.UTF-8'), ('I3SOCK', '/run/user/1000/i3/ipc-socket.2364'), ('LC_PAPER', 'it_IT.UTF-8'), ('COLCON', '1'), ('CMAKE_PREFIX_PATH', '/opt/ros/humble')]), 'shell': False}
[0.579655] (rslidar_msg) StdoutLine: {'line': b'-- The C compiler identification is GNU 11.4.0\n'}
[0.581812] (rslidar_msg) StdoutLine: {'line': b'-- The CXX compiler identification is GNU 11.4.0\n'}
[0.583259] (rslidar_msg) StdoutLine: {'line': b'-- Detecting C compiler ABI info\n'}
[0.583876] (rslidar_msg) StderrLine: {'line': b'\x1b[0mCMake Deprecation Warning at CMakeLists.txt:1 (cmake_minimum_required):\n'}
[0.584101] (rslidar_msg) StderrLine: {'line': b'  Compatibility with CMake < 3.10 will be removed from a future version of\n'}
[0.584249] (rslidar_msg) StderrLine: {'line': b'  CMake.\n'}
[0.584646] (rslidar_msg) StderrLine: {'line': b'\n'}
[0.584896] (rslidar_msg) StderrLine: {'line': b'  Update the VERSION argument <min> value.  Or, use the <min>...<max> syntax\n'}
[0.585023] (rslidar_msg) StderrLine: {'line': b'  to tell CMake that the project requires at least <min> but has been updated\n'}
[0.585146] (rslidar_msg) StderrLine: {'line': b'  to work with policies introduced by <max> or earlier.\n'}
[0.585269] (rslidar_msg) StderrLine: {'line': b'\n'}
[0.585539] (rslidar_msg) StderrLine: {'line': b'\x1b[0m\n'}
[0.585780] (go1_description) StdoutLine: {'line': b'-- The C compiler identification is GNU 11.4.0\n'}
[0.585977] (go1_description) StdoutLine: {'line': b'-- The CXX compiler identification is GNU 11.4.0\n'}
[0.586180] (go1_description) StdoutLine: {'line': b'-- Detecting C compiler ABI info\n'}
[0.586318] (go1_description) StderrLine: {'line': b'\x1b[0mCMake Deprecation Warning at CMakeLists.txt:1 (cmake_minimum_required):\n'}
[0.586867] (go1_description) StderrLine: {'line': b'  Compatibility with CMake < 3.10 will be removed from a future version of\n'}
[0.586980] (go1_description) StderrLine: {'line': b'  CMake.\n'}
[0.587072] (go1_description) StderrLine: {'line': b'\n'}
[0.587163] (go1_description) StderrLine: {'line': b'  Update the VERSION argument <min> value.  Or, use the <min>...<max> syntax\n'}
[0.587255] (go1_description) StderrLine: {'line': b'  to tell CMake that the project requires at least <min> but has been updated\n'}
[0.588634] (go1_description) StderrLine: {'line': b'  to work with policies introduced by <max> or earlier.\n'}
[0.591455] (go1_description) StderrLine: {'line': b'\n'}
[0.591615] (go1_description) StderrLine: {'line': b'\x1b[0m\n'}
[0.591743] (vicon_receiver) JobProgress: {'identifier': 'vicon_receiver', 'progress': 'cmake'}
[0.591788] (vicon_receiver) Command: {'cmd': ['/home/ph/.local/bin/cmake', '/home/ph/treasure/dockerBENCH/helios16p_ws/src/vicon_receiver', '-DCMAKE_INSTALL_PREFIX=/home/ph/treasure/dockerBENCH/helios16p_ws/install/vicon_receiver'], 'cwd': '/home/ph/treasure/dockerBENCH/helios16p_ws/build/vicon_receiver', 'env': OrderedDict([('LESSOPEN', '| /usr/bin/lesspipe %s'), ('USER', 'ph'), ('LC_TIME', 'it_IT.UTF-8'), ('XDG_SEAT', 'seat0'), ('XDG_SESSION_TYPE', 'x11'), ('SHLVL', '1'), ('LD_LIBRARY_PATH', '/opt/ros/humble/opt/rviz_ogre_vendor/lib:/opt/ros/humble/lib/x86_64-linux-gnu:/opt/ros/humble/lib'), ('HOME', '/home/ph'), ('OLDPWD', '/home/ph/treasure'), ('DESKTOP_SESSION', 'i3'), ('ROS_PYTHON_VERSION', '3'), ('GTK_MODULES', 'gail:atk-bridge'), ('PS1', '(pvenv) \\[\\e]0;\\u@\\h: \\w\\a\\]${debian_chroot:+($debian_chroot)}\\u@\\h:\\w\\$'), ('LC_MONETARY', 'it_IT.UTF-8'), ('SYSTEMD_EXEC_PID', '2203'), ('DBUS_SESSION_BUS_ADDRESS', 'unix:path=/run/user/1000/bus'), ('_colcon_cd_root', '/opt/ros/humble/'), ('ROS_DISTRO', 'humble'), ('GTK_IM_MODULE', 'ibus'), ('LOGNAME', 'ph'), ('WINDOWID', '35651596'), ('_', '/usr/bin/colcon'), ('ROS_VERSION', '2'), ('XTERM_SHELL', '/bin/bash'), ('XDG_SESSION_CLASS', 'user'), ('USERNAME', 'ph'), ('TERM', 'xterm'), ('XDG_SESSION_ID', '3'), ('ROS_LOCALHOST_ONLY', '0'), ('WINDOWPATH', '2'), ('PATH', '/home/ph/myvenv/pvenv/bin:/home/ph/.local/bin:/home/ph/.local/bin:/home/ph/.local/bin:/opt/ros/humble/bin:/usr/local/sbin:/usr/local/bin:/usr/sbin:/usr/bin:/sbin:/bin:/usr/games:/usr/local/games:/snap/bin:/snap/bin'), ('LC_ADDRESS', 'it_IT.UTF-8'), ('XDG_RUNTIME_DIR', '/run/user/1000'), ('DISPLAY', ':0'), ('LANG', 'en_US.UTF-8'), ('XDG_CURRENT_DESKTOP', 'i3'), ('LC_TELEPHONE', 'it_IT.UTF-8'), ('VIRTUAL_ENV_PROMPT', '(pvenv)'), ('XMODIFIERS', '@im=ibus'), ('XDG_SESSION_DESKTOP', 'i3'), ('XAUTHORITY', '/run/user/1000/gdm/Xauthority'), ('LS_COLORS', 'rs=0:di=01;34:ln=01;36:mh=00:pi=40;33:so=01;35:do=01;35:bd=40;33;01:cd=40;33;01:or=40;31;01:mi=00:su=37;41:sg=30;43:ca=30;41:tw=30;42:ow=34;42:st=37;44:ex=01;32:*.tar=01;31:*.tgz=01;31:*.arc=01;31:*.arj=01;31:*.taz=01;31:*.lha=01;31:*.lz4=01;31:*.lzh=01;31:*.lzma=01;31:*.tlz=01;31:*.txz=01;31:*.tzo=01;31:*.t7z=01;31:*.zip=01;31:*.z=01;31:*.dz=01;31:*.gz=01;31:*.lrz=01;31:*.lz=01;31:*.lzo=01;31:*.xz=01;31:*.zst=01;31:*.tzst=01;31:*.bz2=01;31:*.bz=01;31:*.tbz=01;31:*.tbz2=01;31:*.tz=01;31:*.deb=01;31:*.rpm=01;31:*.jar=01;31:*.war=01;31:*.ear=01;31:*.sar=01;31:*.rar=01;31:*.alz=01;31:*.ace=01;31:*.zoo=01;31:*.cpio=01;31:*.7z=01;31:*.rz=01;31:*.cab=01;31:*.wim=01;31:*.swm=01;31:*.dwm=01;31:*.esd=01;31:*.jpg=01;35:*.jpeg=01;35:*.mjpg=01;35:*.mjpeg=01;35:*.gif=01;35:*.bmp=01;35:*.pbm=01;35:*.pgm=01;35:*.ppm=01;35:*.tga=01;35:*.xbm=01;35:*.xpm=01;35:*.tif=01;35:*.tiff=01;35:*.png=01;35:*.svg=01;35:*.svgz=01;35:*.mng=01;35:*.pcx=01;35:*.mov=01;35:*.mpg=01;35:*.mpeg=01;35:*.m2v=01;35:*.mkv=01;35:*.webm=01;35:*.webp=01;35:*.ogm=01;35:*.mp4=01;35:*.m4v=01;35:*.mp4v=01;35:*.vob=01;35:*.qt=01;35:*.nuv=01;35:*.wmv=01;35:*.asf=01;35:*.rm=01;35:*.rmvb=01;35:*.flc=01;35:*.avi=01;35:*.fli=01;35:*.flv=01;35:*.gl=01;35:*.dl=01;35:*.xcf=01;35:*.xwd=01;35:*.yuv=01;35:*.cgm=01;35:*.emf=01;35:*.ogv=01;35:*.ogx=01;35:*.aac=00;36:*.au=00;36:*.flac=00;36:*.m4a=00;36:*.mid=00;36:*.midi=00;36:*.mka=00;36:*.mp3=00;36:*.mpc=00;36:*.ogg=00;36:*.ra=00;36:*.wav=00;36:*.oga=00;36:*.opus=00;36:*.spx=00;36:*.xspf=00;36:'), ('ROS_DOMAIN_ID', '7'), ('AMENT_PREFIX_PATH', '/opt/ros/humble'), ('SHELL', '/bin/bash'), ('CMAKE_POLICY_VERSION_MINIMUM', '3.5'), ('LC_NAME', 'it_IT.UTF-8'), ('QT_ACCESSIBILITY', '1'), ('GDMSESSION', 'i3'), ('LESSCLOSE', '/usr/bin/lesspipe %s %s'), ('LC_MEASUREMENT', 'it_IT.UTF-8'), ('GPG_AGENT_INFO', '/run/user/1000/gnupg/S.gpg-agent:0:1'), ('LC_IDENTIFICATION', 'it_IT.UTF-8'), ('VIRTUAL_ENV', '/home/ph/myvenv/pvenv'), ('QT_IM_MODULE', 'ibus'), ('XDG_VTNR', '2'), ('GPG_TTY', '/dev/pts/0'), ('PWD', '/home/ph/treasure/dockerBENCH/helios16p_ws/build/vicon_receiver'), ('LC_ALL', 'en_US.UTF-8'), ('XDG_CONFIG_DIRS', '/etc/xdg/xdg-i3:/etc/xdg'), ('XTERM_LOCALE', 'en_US.UTF-8'), ('CLUTTER_IM_MODULE', 'ibus'), ('XDG_DATA_DIRS', '/usr/share/i3:/usr/share/gnome:/usr/local/share/:/usr/share/:/var/lib/snapd/desktop'), ('XTERM_VERSION', 'XTerm(372)'), ('PYTHONPATH', '/opt/ros/humble/lib/python3.10/site-packages:/opt/ros/humble/local/lib/python3.10/dist-packages'), ('LC_NUMERIC', 'it_IT.UTF-8'), ('I3SOCK', '/run/user/1000/i3/ipc-socket.2364'), ('LC_PAPER', 'it_IT.UTF-8'), ('COLCON', '1'), ('CMAKE_PREFIX_PATH', '/opt/ros/humble')]), 'shell': False}
[0.599436] (rslidar_msg) StdoutLine: {'line': b'-- Detecting C compiler ABI info - done\n'}
[0.602522] (-) TimerEvent: {}
[0.637753] (rslidar_msg) StdoutLine: {'line': b'-- Check for working C compiler: /usr/bin/cc - skipped\n'}
[0.638067] (rslidar_msg) StdoutLine: {'line': b'-- Detecting C compile features\n'}
[0.638219] (rslidar_msg) StdoutLine: {'line': b'-- Detecting C compile features - done\n'}
[0.653386] (go1_description) StdoutLine: {'line': b'-- Detecting C compiler ABI info - done\n'}
[0.670498] (rslidar_msg) StdoutLine: {'line': b'-- Detecting CXX compiler ABI info\n'}
[0.701403] (go1_description) StdoutLine: {'line': b'-- Check for working C compiler: /usr/bin/cc - skipped\n'}
[0.701793] (go1_description) StdoutLine: {'line': b'-- Detecting C compile features\n'}
[0.701978] (go1_description) StdoutLine: {'line': b'-- Detecting C compile features - done\n'}
[0.702635] (-) TimerEvent: {}
[0.733672] (go1_description) StdoutLine: {'line': b'-- Detecting CXX compiler ABI info\n'}
[0.754785] (vicon_receiver) StderrLine: {'line': b'\x1b[0mCMake Deprecation Warning at CMakeLists.txt:1 (cmake_minimum_required):\n'}
[0.755086] (vicon_receiver) StderrLine: {'line': b'  Compatibility with CMake < 3.10 will be removed from a future version of\n'}
[0.755211] (vicon_receiver) StderrLine: {'line': b'  CMake.\n'}
[0.755353] (vicon_receiver) StderrLine: {'line': b'\n'}
[0.755479] (vicon_receiver) StderrLine: {'line': b'  Update the VERSION argument <min> value.  Or, use the <min>...<max> syntax\n'}
[0.755585] (vicon_receiver) StderrLine: {'line': b'  to tell CMake that the project requires at least <min> but has been updated\n'}
[0.755685] (vicon_receiver) StderrLine: {'line': b'  to work with policies introduced by <max> or earlier.\n'}
[0.755784] (vicon_receiver) StderrLine: {'line': b'\n'}
[0.755882] (vicon_receiver) StderrLine: {'line': b'\x1b[0m\n'}
[0.803352] (-) TimerEvent: {}
[0.857756] (rslidar_msg) StdoutLine: {'line': b'-- Detecting CXX compiler ABI info - done\n'}
[0.864063] (vicon_receiver) StdoutLine: {'line': b'-- The C compiler identification is GNU 11.4.0\n'}
[0.897902] (rslidar_msg) StdoutLine: {'line': b'-- Check for working CXX compiler: /usr/bin/c++ - skipped\n'}
[0.899303] (rslidar_msg) StdoutLine: {'line': b'-- Detecting CXX compile features\n'}
[0.902538] (rslidar_msg) StdoutLine: {'line': b'-- Detecting CXX compile features - done\n'}
[0.903465] (-) TimerEvent: {}
[0.904812] (go1_description) StdoutLine: {'line': b'-- Detecting CXX compiler ABI info - done\n'}
[0.921452] (rslidar_msg) StdoutLine: {'line': b'-- Found ament_cmake: 1.3.12 (/opt/ros/humble/share/ament_cmake/cmake)\n'}
[0.925102] (kiss_icp) StdoutLine: {'line': b'-- The CXX compiler identification is GNU 11.4.0\n'}
[0.947426] (kiss_icp) StdoutLine: {'line': b'-- Detecting CXX compiler ABI info\n'}
[0.947824] (go1_description) StdoutLine: {'line': b'-- Check for working CXX compiler: /usr/bin/c++ - skipped\n'}
[0.948607] (go1_description) StdoutLine: {'line': b'-- Detecting CXX compile features\n'}
[0.950035] (go1_description) StdoutLine: {'line': b'-- Detecting CXX compile features - done\n'}
[0.969257] (go1_description) StdoutLine: {'line': b'-- Found ament_cmake: 1.3.12 (/opt/ros/humble/share/ament_cmake/cmake)\n'}
[1.003577] (-) TimerEvent: {}
[1.030161] (vicon_receiver) StdoutLine: {'line': b'-- The CXX compiler identification is GNU 11.4.0\n'}
[1.057266] (vicon_receiver) StdoutLine: {'line': b'-- Detecting C compiler ABI info\n'}
[1.107457] (-) TimerEvent: {}
[1.136260] (kiss_icp) StdoutLine: {'line': b'-- Detecting CXX compiler ABI info - done\n'}
[1.207561] (-) TimerEvent: {}
[1.207929] (kiss_icp) StdoutLine: {'line': b'-- Check for working CXX compiler: /usr/bin/c++ - skipped\n'}
[1.208769] (kiss_icp) StdoutLine: {'line': b'-- Detecting CXX compile features\n'}
[1.211480] (kiss_icp) StdoutLine: {'line': b'-- Detecting CXX compile features - done\n'}
[1.226410] (vicon_receiver) StdoutLine: {'line': b'-- Detecting C compiler ABI info - done\n'}
[1.250793] (kiss_icp) StderrLine: {'line': b'\x1b[0mCMake Deprecation Warning at /home/ph/treasure/dockerBENCH/helios16p_ws/src/kiss-icp/cpp/kiss_icp/3rdparty/find_dependencies.cmake:25 (cmake_policy):\n'}
[1.251097] (kiss_icp) StderrLine: {'line': b'  The OLD behavior for policy CMP0135 will be removed from a future version\n'}
[1.251236] (kiss_icp) StderrLine: {'line': b'  of CMake.\n'}
[1.251390] (kiss_icp) StderrLine: {'line': b'\n'}
[1.251534] (kiss_icp) StderrLine: {'line': b'  The cmake-policies(7) manual explains that the OLD behaviors of all\n'}
[1.251654] (kiss_icp) StderrLine: {'line': b'  policies are deprecated and that a policy should be set to OLD only under\n'}
[1.251774] (kiss_icp) StderrLine: {'line': b'  specific short-term circumstances.  Projects should be ported to the NEW\n'}
[1.251885] (kiss_icp) StderrLine: {'line': b'  behavior and not rely on setting a policy to OLD.\n'}
[1.251997] (kiss_icp) StderrLine: {'line': b'Call Stack (most recent call first):\n'}
[1.252108] (kiss_icp) StderrLine: {'line': b'  /home/ph/treasure/dockerBENCH/helios16p_ws/src/kiss-icp/cpp/kiss_icp/CMakeLists.txt:48 (include)\n'}
[1.252224] (kiss_icp) StderrLine: {'line': b'\n'}
[1.252381] (kiss_icp) StderrLine: {'line': b'\x1b[0m\n'}
[1.269768] (rslidar_msg) StdoutLine: {'line': b'-- Found Python3: /usr/bin/python3 (found version "3.10.12") found components: Interpreter\n'}
[1.276771] (vicon_receiver) StdoutLine: {'line': b'-- Check for working C compiler: /usr/bin/cc - skipped\n'}
[1.278832] (vicon_receiver) StdoutLine: {'line': b'-- Detecting C compile features\n'}
[1.279340] (vicon_receiver) StdoutLine: {'line': b'-- Detecting C compile features - done\n'}
[1.307680] (-) TimerEvent: {}
[1.318493] (vicon_receiver) StdoutLine: {'line': b'-- Detecting CXX compiler ABI info\n'}
[1.348932] (go1_description) StdoutLine: {'line': b'-- Found Python3: /usr/bin/python3 (found version "3.10.12") found components: Interpreter\n'}
[1.407813] (-) TimerEvent: {}
[1.434499] (helios16p_cane_robot) Command: {'cmd': ['/usr/bin/python3', '-W', 'ignore:setup.py install is deprecated', '-W', 'ignore:easy_install command is deprecated', 'setup.py', 'egg_info', '--egg-base', '../../build/helios16p_cane_robot', 'build', '--build-base', '/home/ph/treasure/dockerBENCH/helios16p_ws/build/helios16p_cane_robot/build', 'install', '--record', '/home/ph/treasure/dockerBENCH/helios16p_ws/build/helios16p_cane_robot/install.log', '--single-version-externally-managed', 'install_data'], 'cwd': '/home/ph/treasure/dockerBENCH/helios16p_ws/src/helios16p_cane_robot', 'env': {'LESSOPEN': '| /usr/bin/lesspipe %s', 'USER': 'ph', 'LC_TIME': 'it_IT.UTF-8', 'XDG_SEAT': 'seat0', 'XDG_SESSION_TYPE': 'x11', 'SHLVL': '1', 'LD_LIBRARY_PATH': '/opt/ros/humble/opt/rviz_ogre_vendor/lib:/opt/ros/humble/lib/x86_64-linux-gnu:/opt/ros/humble/lib', 'HOME': '/home/ph', 'OLDPWD': '/home/ph/treasure', 'DESKTOP_SESSION': 'i3', 'ROS_PYTHON_VERSION': '3', 'GTK_MODULES': 'gail:atk-bridge', 'PS1': '(pvenv) \\[\\e]0;\\u@\\h: \\w\\a\\]${debian_chroot:+($debian_chroot)}\\u@\\h:\\w\\$', 'LC_MONETARY': 'it_IT.UTF-8', 'SYSTEMD_EXEC_PID': '2203', 'DBUS_SESSION_BUS_ADDRESS': 'unix:path=/run/user/1000/bus', '_colcon_cd_root': '/opt/ros/humble/', 'ROS_DISTRO': 'humble', 'GTK_IM_MODULE': 'ibus', 'LOGNAME': 'ph', 'WINDOWID': '35651596', '_': '/usr/bin/colcon', 'ROS_VERSION': '2', 'XTERM_SHELL': '/bin/bash', 'XDG_SESSION_CLASS': 'user', 'USERNAME': 'ph', 'TERM': 'xterm', 'XDG_SESSION_ID': '3', 'ROS_LOCALHOST_ONLY': '0', 'WINDOWPATH': '2', 'PATH': '/home/ph/myvenv/pvenv/bin:/home/ph/.local/bin:/home/ph/.local/bin:/home/ph/.local/bin:/opt/ros/humble/bin:/usr/local/sbin:/usr/local/bin:/usr/sbin:/usr/bin:/sbin:/bin:/usr/games:/usr/local/games:/snap/bin:/snap/bin', 'LC_ADDRESS': 'it_IT.UTF-8', 'XDG_RUNTIME_DIR': '/run/user/1000', 'DISPLAY': ':0', 'LANG': 'en_US.UTF-8', 'XDG_CURRENT_DESKTOP': 'i3', 'LC_TELEPHONE': 'it_IT.UTF-8', 'VIRTUAL_ENV_PROMPT': '(pvenv)', 'XMODIFIERS': '@im=ibus', 'XDG_SESSION_DESKTOP': 'i3', 'XAUTHORITY': '/run/user/1000/gdm/Xauthority', 'LS_COLORS': 'rs=0:di=01;34:ln=01;36:mh=00:pi=40;33:so=01;35:do=01;35:bd=40;33;01:cd=40;33;01:or=40;31;01:mi=00:su=37;41:sg=30;43:ca=30;41:tw=30;42:ow=34;42:st=37;44:ex=01;32:*.tar=01;31:*.tgz=01;31:*.arc=01;31:*.arj=01;31:*.taz=01;31:*.lha=01;31:*.lz4=01;31:*.lzh=01;31:*.lzma=01;31:*.tlz=01;31:*.txz=01;31:*.tzo=01;31:*.t7z=01;31:*.zip=01;31:*.z=01;31:*.dz=01;31:*.gz=01;31:*.lrz=01;31:*.lz=01;31:*.lzo=01;31:*.xz=01;31:*.zst=01;31:*.tzst=01;31:*.bz2=01;31:*.bz=01;31:*.tbz=01;31:*.tbz2=01;31:*.tz=01;31:*.deb=01;31:*.rpm=01;31:*.jar=01;31:*.war=01;31:*.ear=01;31:*.sar=01;31:*.rar=01;31:*.alz=01;31:*.ace=01;31:*.zoo=01;31:*.cpio=01;31:*.7z=01;31:*.rz=01;31:*.cab=01;31:*.wim=01;31:*.swm=01;31:*.dwm=01;31:*.esd=01;31:*.jpg=01;35:*.jpeg=01;35:*.mjpg=01;35:*.mjpeg=01;35:*.gif=01;35:*.bmp=01;35:*.pbm=01;35:*.pgm=01;35:*.ppm=01;35:*.tga=01;35:*.xbm=01;35:*.xpm=01;35:*.tif=01;35:*.tiff=01;35:*.png=01;35:*.svg=01;35:*.svgz=01;35:*.mng=01;35:*.pcx=01;35:*.mov=01;35:*.mpg=01;35:*.mpeg=01;35:*.m2v=01;35:*.mkv=01;35:*.webm=01;35:*.webp=01;35:*.ogm=01;35:*.mp4=01;35:*.m4v=01;35:*.mp4v=01;35:*.vob=01;35:*.qt=01;35:*.nuv=01;35:*.wmv=01;35:*.asf=01;35:*.rm=01;35:*.rmvb=01;35:*.flc=01;35:*.avi=01;35:*.fli=01;35:*.flv=01;35:*.gl=01;35:*.dl=01;35:*.xcf=01;35:*.xwd=01;35:*.yuv=01;35:*.cgm=01;35:*.emf=01;35:*.ogv=01;35:*.ogx=01;35:*.aac=00;36:*.au=00;36:*.flac=00;36:*.m4a=00;36:*.mid=00;36:*.midi=00;36:*.mka=00;36:*.mp3=00;36:*.mpc=00;36:*.ogg=00;36:*.ra=00;36:*.wav=00;36:*.oga=00;36:*.opus=00;36:*.spx=00;36:*.xspf=00;36:', 'ROS_DOMAIN_ID': '7', 'AMENT_PREFIX_PATH': '/opt/ros/humble', 'SHELL': '/bin/bash', 'CMAKE_POLICY_VERSION_MINIMUM': '3.5', 'LC_NAME': 'it_IT.UTF-8', 'QT_ACCESSIBILITY': '1', 'GDMSESSION': 'i3', 'LESSCLOSE': '/usr/bin/lesspipe %s %s', 'LC_MEASUREMENT': 'it_IT.UTF-8', 'GPG_AGENT_INFO': '/run/user/1000/gnupg/S.gpg-agent:0:1', 'LC_IDENTIFICATION': 'it_IT.UTF-8', 'VIRTUAL_ENV': '/home/ph/myvenv/pvenv', 'QT_IM_MODULE': 'ibus', 'XDG_VTNR': '2', 'GPG_TTY': '/dev/pts/0', 'PWD': '/home/ph/treasure/dockerBENCH/helios16p_ws/build/helios16p_cane_robot', 'LC_ALL': 'en_US.UTF-8', 'XDG_CONFIG_DIRS': '/etc/xdg/xdg-i3:/etc/xdg', 'XTERM_LOCALE': 'en_US.UTF-8', 'CLUTTER_IM_MODULE': 'ibus', 'XDG_DATA_DIRS': '/usr/share/i3:/usr/share/gnome:/usr/local/share/:/usr/share/:/var/lib/snapd/desktop', 'XTERM_VERSION': 'XTerm(372)', 'PYTHONPATH': '/home/ph/treasure/dockerBENCH/helios16p_ws/build/helios16p_cane_robot/prefix_override:/usr/lib/python3/dist-packages/colcon_core/task/python/colcon_distutils_commands:/home/ph/treasure/dockerBENCH/helios16p_ws/install/helios16p_cane_robot/lib/python3.10/site-packages:/opt/ros/humble/lib/python3.10/site-packages:/opt/ros/humble/local/lib/python3.10/dist-packages', 'LC_NUMERIC': 'it_IT.UTF-8', 'I3SOCK': '/run/user/1000/i3/ipc-socket.2364', 'LC_PAPER': 'it_IT.UTF-8', 'COLCON': '1'}, 'shell': False}
[1.508514] (vicon_receiver) StdoutLine: {'line': b'-- Detecting CXX compiler ABI info - done\n'}
[1.508814] (-) TimerEvent: {}
[1.523728] (rslidar_msg) StdoutLine: {'line': b'-- Found std_msgs: 4.9.0 (/opt/ros/humble/share/std_msgs/cmake)\n'}
[1.548489] (vicon_receiver) StdoutLine: {'line': b'-- Check for working CXX compiler: /usr/bin/c++ - skipped\n'}
[1.550514] (vicon_receiver) StdoutLine: {'line': b'-- Detecting CXX compile features\n'}
[1.550769] (vicon_receiver) StdoutLine: {'line': b'-- Detecting CXX compile features - done\n'}
[1.568327] (vicon_receiver) StdoutLine: {'line': b'-- Found ament_cmake: 1.3.12 (/opt/ros/humble/share/ament_cmake/cmake)\n'}
[1.575513] (go1_description) StdoutLine: {'line': b'-- Found ament_lint_auto: 0.12.14 (/opt/ros/humble/share/ament_lint_auto/cmake)\n'}
[1.610651] (-) TimerEvent: {}
[1.635386] (rslidar_msg) StdoutLine: {'line': b'-- Found rosidl_generator_c: 3.1.8 (/opt/ros/humble/share/rosidl_generator_c/cmake)\n'}
[1.648422] (rslidar_msg) StdoutLine: {'line': b'-- Found rosidl_adapter: 3.1.8 (/opt/ros/humble/share/rosidl_adapter/cmake)\n'}
[1.676640] (rslidar_msg) StdoutLine: {'line': b'-- Found rosidl_generator_cpp: 3.1.8 (/opt/ros/humble/share/rosidl_generator_cpp/cmake)\n'}
[1.707544] (rslidar_msg) StdoutLine: {'line': b'-- Using all available rosidl_typesupport_c: rosidl_typesupport_fastrtps_c;rosidl_typesupport_introspection_c\n'}
[1.710776] (-) TimerEvent: {}
[1.744825] (rslidar_msg) StdoutLine: {'line': b'-- Using all available rosidl_typesupport_cpp: rosidl_typesupport_fastrtps_cpp;rosidl_typesupport_introspection_cpp\n'}
[1.772854] (go1_description) StdoutLine: {'line': b"-- Added test 'flake8' to check Python code syntax and style conventions\n"}
[1.775025] (go1_description) StdoutLine: {'line': b"-- Added test 'lint_cmake' to check CMake code style\n"}
[1.777038] (go1_description) StdoutLine: {'line': b"-- Added test 'pep257' to check Python code against some of the docstring style conventions in PEP 257\n"}
[1.781375] (go1_description) StdoutLine: {'line': b"-- Added test 'xmllint' to check XML markup files\n"}
[1.784756] (go1_description) StdoutLine: {'line': b'-- Configuring done (1.6s)\n'}
[1.793935] (go1_description) StdoutLine: {'line': b'-- Generating done (0.0s)\n'}
[1.796949] (go1_description) StdoutLine: {'line': b'-- Build files have been written to: /home/ph/treasure/dockerBENCH/helios16p_ws/build/go1_description\n'}
[1.810263] (go1_description) CommandEnded: {'returncode': 0}
[1.811449] (-) TimerEvent: {}
[1.814879] (go1_description) JobProgress: {'identifier': 'go1_description', 'progress': 'build'}
[1.814970] (go1_description) Command: {'cmd': ['/home/ph/.local/bin/cmake', '--build', '/home/ph/treasure/dockerBENCH/helios16p_ws/build/go1_description', '--', '-j8', '-l8'], 'cwd': '/home/ph/treasure/dockerBENCH/helios16p_ws/build/go1_description', 'env': OrderedDict([('LESSOPEN', '| /usr/bin/lesspipe %s'), ('USER', 'ph'), ('LC_TIME', 'it_IT.UTF-8'), ('XDG_SEAT', 'seat0'), ('XDG_SESSION_TYPE', 'x11'), ('SHLVL', '1'), ('LD_LIBRARY_PATH', '/opt/ros/humble/opt/rviz_ogre_vendor/lib:/opt/ros/humble/lib/x86_64-linux-gnu:/opt/ros/humble/lib'), ('HOME', '/home/ph'), ('OLDPWD', '/home/ph/treasure'), ('DESKTOP_SESSION', 'i3'), ('ROS_PYTHON_VERSION', '3'), ('GTK_MODULES', 'gail:atk-bridge'), ('PS1', '(pvenv) \\[\\e]0;\\u@\\h: \\w\\a\\]${debian_chroot:+($debian_chroot)}\\u@\\h:\\w\\$'), ('LC_MONETARY', 'it_IT.UTF-8'), ('SYSTEMD_EXEC_PID', '2203'), ('DBUS_SESSION_BUS_ADDRESS', 'unix:path=/run/user/1000/bus'), ('_colcon_cd_root', '/opt/ros/humble/'), ('ROS_DISTRO', 'humble'), ('GTK_IM_MODULE', 'ibus'), ('LOGNAME', 'ph'), ('WINDOWID', '35651596'), ('_', '/usr/bin/colcon'), ('ROS_VERSION', '2'), ('XTERM_SHELL', '/bin/bash'), ('XDG_SESSION_CLASS', 'user'), ('USERNAME', 'ph'), ('TERM', 'xterm'), ('XDG_SESSION_ID', '3'), ('ROS_LOCALHOST_ONLY', '0'), ('WINDOWPATH', '2'), ('PATH', '/home/ph/myvenv/pvenv/bin:/home/ph/.local/bin:/home/ph/.local/bin:/home/ph/.local/bin:/opt/ros/humble/bin:/usr/local/sbin:/usr/local/bin:/usr/sbin:/usr/bin:/sbin:/bin:/usr/games:/usr/local/games:/snap/bin:/snap/bin'), ('LC_ADDRESS', 'it_IT.UTF-8'), ('XDG_RUNTIME_DIR', '/run/user/1000'), ('DISPLAY', ':0'), ('LANG', 'en_US.UTF-8'), ('XDG_CURRENT_DESKTOP', 'i3'), ('LC_TELEPHONE', 'it_IT.UTF-8'), ('VIRTUAL_ENV_PROMPT', '(pvenv)'), ('XMODIFIERS', '@im=ibus'), ('XDG_SESSION_DESKTOP', 'i3'), ('XAUTHORITY', '/run/user/1000/gdm/Xauthority'), ('LS_COLORS', 'rs=0:di=01;34:ln=01;36:mh=00:pi=40;33:so=01;35:do=01;35:bd=40;33;01:cd=40;33;01:or=40;31;01:mi=00:su=37;41:sg=30;43:ca=30;41:tw=30;42:ow=34;42:st=37;44:ex=01;32:*.tar=01;31:*.tgz=01;31:*.arc=01;31:*.arj=01;31:*.taz=01;31:*.lha=01;31:*.lz4=01;31:*.lzh=01;31:*.lzma=01;31:*.tlz=01;31:*.txz=01;31:*.tzo=01;31:*.t7z=01;31:*.zip=01;31:*.z=01;31:*.dz=01;31:*.gz=01;31:*.lrz=01;31:*.lz=01;31:*.lzo=01;31:*.xz=01;31:*.zst=01;31:*.tzst=01;31:*.bz2=01;31:*.bz=01;31:*.tbz=01;31:*.tbz2=01;31:*.tz=01;31:*.deb=01;31:*.rpm=01;31:*.jar=01;31:*.war=01;31:*.ear=01;31:*.sar=01;31:*.rar=01;31:*.alz=01;31:*.ace=01;31:*.zoo=01;31:*.cpio=01;31:*.7z=01;31:*.rz=01;31:*.cab=01;31:*.wim=01;31:*.swm=01;31:*.dwm=01;31:*.esd=01;31:*.jpg=01;35:*.jpeg=01;35:*.mjpg=01;35:*.mjpeg=01;35:*.gif=01;35:*.bmp=01;35:*.pbm=01;35:*.pgm=01;35:*.ppm=01;35:*.tga=01;35:*.xbm=01;35:*.xpm=01;35:*.tif=01;35:*.tiff=01;35:*.png=01;35:*.svg=01;35:*.svgz=01;35:*.mng=01;35:*.pcx=01;35:*.mov=01;35:*.mpg=01;35:*.mpeg=01;35:*.m2v=01;35:*.mkv=01;35:*.webm=01;35:*.webp=01;35:*.ogm=01;35:*.mp4=01;35:*.m4v=01;35:*.mp4v=01;35:*.vob=01;35:*.qt=01;35:*.nuv=01;35:*.wmv=01;35:*.asf=01;35:*.rm=01;35:*.rmvb=01;35:*.flc=01;35:*.avi=01;35:*.fli=01;35:*.flv=01;35:*.gl=01;35:*.dl=01;35:*.xcf=01;35:*.xwd=01;35:*.yuv=01;35:*.cgm=01;35:*.emf=01;35:*.ogv=01;35:*.ogx=01;35:*.aac=00;36:*.au=00;36:*.flac=00;36:*.m4a=00;36:*.mid=00;36:*.midi=00;36:*.mka=00;36:*.mp3=00;36:*.mpc=00;36:*.ogg=00;36:*.ra=00;36:*.wav=00;36:*.oga=00;36:*.opus=00;36:*.spx=00;36:*.xspf=00;36:'), ('ROS_DOMAIN_ID', '7'), ('AMENT_PREFIX_PATH', '/opt/ros/humble'), ('SHELL', '/bin/bash'), ('CMAKE_POLICY_VERSION_MINIMUM', '3.5'), ('LC_NAME', 'it_IT.UTF-8'), ('QT_ACCESSIBILITY', '1'), ('GDMSESSION', 'i3'), ('LESSCLOSE', '/usr/bin/lesspipe %s %s'), ('LC_MEASUREMENT', 'it_IT.UTF-8'), ('GPG_AGENT_INFO', '/run/user/1000/gnupg/S.gpg-agent:0:1'), ('LC_IDENTIFICATION', 'it_IT.UTF-8'), ('VIRTUAL_ENV', '/home/ph/myvenv/pvenv'), ('QT_IM_MODULE', 'ibus'), ('XDG_VTNR', '2'), ('GPG_TTY', '/dev/pts/0'), ('PWD', '/home/ph/treasure/dockerBENCH/helios16p_ws/build/go1_description'), ('LC_ALL', 'en_US.UTF-8'), ('XDG_CONFIG_DIRS', '/etc/xdg/xdg-i3:/etc/xdg'), ('XTERM_LOCALE', 'en_US.UTF-8'), ('CLUTTER_IM_MODULE', 'ibus'), ('XDG_DATA_DIRS', '/usr/share/i3:/usr/share/gnome:/usr/local/share/:/usr/share/:/var/lib/snapd/desktop'), ('XTERM_VERSION', 'XTerm(372)'), ('PYTHONPATH', '/opt/ros/humble/lib/python3.10/site-packages:/opt/ros/humble/local/lib/python3.10/dist-packages'), ('LC_NUMERIC', 'it_IT.UTF-8'), ('I3SOCK', '/run/user/1000/i3/ipc-socket.2364'), ('LC_PAPER', 'it_IT.UTF-8'), ('COLCON', '1'), ('CMAKE_PREFIX_PATH', '/opt/ros/humble')]), 'shell': False}
[1.820959] (rslidar_msg) StdoutLine: {'line': b'-- Found rclcpp: 16.0.17 (/opt/ros/humble/share/rclcpp/cmake)\n'}
[1.875693] (vicon_receiver) StdoutLine: {'line': b'-- Found Python3: /usr/bin/python3 (found version "3.10.12") found components: Interpreter\n'}
[1.913776] (-) TimerEvent: {}
[1.921180] (helios16p_cane_robot) StdoutLine: {'line': b'running egg_info\n'}
[1.922199] (helios16p_cane_robot) StdoutLine: {'line': b'creating ../../build/helios16p_cane_robot/helios16p_cane_robot.egg-info\n'}
[1.922826] (helios16p_cane_robot) StdoutLine: {'line': b'writing ../../build/helios16p_cane_robot/helios16p_cane_robot.egg-info/PKG-INFO\n'}
[1.923138] (helios16p_cane_robot) StdoutLine: {'line': b'writing dependency_links to ../../build/helios16p_cane_robot/helios16p_cane_robot.egg-info/dependency_links.txt\n'}
[1.923503] (rslidar_msg) StdoutLine: {'line': b'-- Found rmw_implementation_cmake: 6.1.2 (/opt/ros/humble/share/rmw_implementation_cmake/cmake)\n'}
[1.923786] (helios16p_cane_robot) StdoutLine: {'line': b'writing entry points to ../../build/helios16p_cane_robot/helios16p_cane_robot.egg-info/entry_points.txt\n'}
[1.923915] (helios16p_cane_robot) StdoutLine: {'line': b'writing requirements to ../../build/helios16p_cane_robot/helios16p_cane_robot.egg-info/requires.txt\n'}
[1.924165] (helios16p_cane_robot) StdoutLine: {'line': b'writing top-level names to ../../build/helios16p_cane_robot/helios16p_cane_robot.egg-info/top_level.txt\n'}
[1.924314] (helios16p_cane_robot) StdoutLine: {'line': b"writing manifest file '../../build/helios16p_cane_robot/helios16p_cane_robot.egg-info/SOURCES.txt'\n"}
[1.927205] (helios16p_cane_robot) StdoutLine: {'line': b"reading manifest file '../../build/helios16p_cane_robot/helios16p_cane_robot.egg-info/SOURCES.txt'\n"}
[1.928748] (helios16p_cane_robot) StdoutLine: {'line': b"writing manifest file '../../build/helios16p_cane_robot/helios16p_cane_robot.egg-info/SOURCES.txt'\n"}
[1.929076] (rslidar_msg) StdoutLine: {'line': b'-- Found rmw_fastrtps_cpp: 6.2.9 (/opt/ros/humble/share/rmw_fastrtps_cpp/cmake)\n'}
[1.929394] (helios16p_cane_robot) StdoutLine: {'line': b'running build\n'}
[1.929714] (helios16p_cane_robot) StdoutLine: {'line': b'running build_py\n'}
[1.929861] (helios16p_cane_robot) StdoutLine: {'line': b'creating /home/ph/treasure/dockerBENCH/helios16p_ws/build/helios16p_cane_robot/build\n'}
[1.930029] (helios16p_cane_robot) StdoutLine: {'line': b'creating /home/ph/treasure/dockerBENCH/helios16p_ws/build/helios16p_cane_robot/build/lib\n'}
[1.930225] (helios16p_cane_robot) StdoutLine: {'line': b'creating /home/ph/treasure/dockerBENCH/helios16p_ws/build/helios16p_cane_robot/build/lib/helios16p_cane_robot\n'}
[1.930391] (helios16p_cane_robot) StdoutLine: {'line': b'copying helios16p_cane_robot/__init__.py -> /home/ph/treasure/dockerBENCH/helios16p_ws/build/helios16p_cane_robot/build/lib/helios16p_cane_robot\n'}
[1.930537] (helios16p_cane_robot) StdoutLine: {'line': b'running install\n'}
[1.930762] (helios16p_cane_robot) StdoutLine: {'line': b'running install_lib\n'}
[1.932429] (helios16p_cane_robot) StdoutLine: {'line': b'creating /home/ph/treasure/dockerBENCH/helios16p_ws/install/helios16p_cane_robot/lib/python3.10/site-packages/helios16p_cane_robot\n'}
[1.932793] (helios16p_cane_robot) StdoutLine: {'line': b'copying /home/ph/treasure/dockerBENCH/helios16p_ws/build/helios16p_cane_robot/build/lib/helios16p_cane_robot/__init__.py -> /home/ph/treasure/dockerBENCH/helios16p_ws/install/helios16p_cane_robot/lib/python3.10/site-packages/helios16p_cane_robot\n'}
[1.933401] (helios16p_cane_robot) StdoutLine: {'line': b'byte-compiling /home/ph/treasure/dockerBENCH/helios16p_ws/install/helios16p_cane_robot/lib/python3.10/site-packages/helios16p_cane_robot/__init__.py to __init__.cpython-310.pyc\n'}
[1.933747] (helios16p_cane_robot) StdoutLine: {'line': b'running install_data\n'}
[1.934520] (helios16p_cane_robot) StdoutLine: {'line': b'creating /home/ph/treasure/dockerBENCH/helios16p_ws/install/helios16p_cane_robot/share/ament_index\n'}
[1.935023] (helios16p_cane_robot) StdoutLine: {'line': b'creating /home/ph/treasure/dockerBENCH/helios16p_ws/install/helios16p_cane_robot/share/ament_index/resource_index\n'}
[1.935185] (helios16p_cane_robot) StdoutLine: {'line': b'creating /home/ph/treasure/dockerBENCH/helios16p_ws/install/helios16p_cane_robot/share/ament_index/resource_index/packages\n'}
[1.936677] (helios16p_cane_robot) StdoutLine: {'line': b'copying resource/helios16p_cane_robot -> /home/ph/treasure/dockerBENCH/helios16p_ws/install/helios16p_cane_robot/share/ament_index/resource_index/packages\n'}
[1.936931] (helios16p_cane_robot) StdoutLine: {'line': b'copying package.xml -> /home/ph/treasure/dockerBENCH/helios16p_ws/install/helios16p_cane_robot/share/helios16p_cane_robot\n'}
[1.937072] (helios16p_cane_robot) StdoutLine: {'line': b'creating /home/ph/treasure/dockerBENCH/helios16p_ws/install/helios16p_cane_robot/share/helios16p_cane_robot/launch\n'}
[1.937213] (helios16p_cane_robot) StdoutLine: {'line': b'copying launch/helios16p_cane_robot_vicon_track.launch.py -> /home/ph/treasure/dockerBENCH/helios16p_ws/install/helios16p_cane_robot/share/helios16p_cane_robot/launch\n'}
[1.937368] (helios16p_cane_robot) StdoutLine: {'line': b'copying launch/helios16p_cane_robot_demo.launch.py -> /home/ph/treasure/dockerBENCH/helios16p_ws/install/helios16p_cane_robot/share/helios16p_cane_robot/launch\n'}
[1.937509] (helios16p_cane_robot) StdoutLine: {'line': b'copying launch/helios16p_cane_robot.launch.py -> /home/ph/treasure/dockerBENCH/helios16p_ws/install/helios16p_cane_robot/share/helios16p_cane_robot/launch\n'}
[1.937624] (helios16p_cane_robot) StdoutLine: {'line': b'creating /home/ph/treasure/dockerBENCH/helios16p_ws/install/helios16p_cane_robot/share/helios16p_cane_robot/configs\n'}
[1.937734] (helios16p_cane_robot) StdoutLine: {'line': b'copying configs/launchrviz.rviz -> /home/ph/treasure/dockerBENCH/helios16p_ws/install/helios16p_cane_robot/share/helios16p_cane_robot/configs\n'}
[1.939074] (helios16p_cane_robot) StdoutLine: {'line': b'copying configs/rviz_vicon.rviz -> /home/ph/treasure/dockerBENCH/helios16p_ws/install/helios16p_cane_robot/share/helios16p_cane_robot/configs\n'}
[1.939485] (helios16p_cane_robot) StdoutLine: {'line': b'copying configs/mrange25.yaml -> /home/ph/treasure/dockerBENCH/helios16p_ws/install/helios16p_cane_robot/share/helios16p_cane_robot/configs\n'}
[1.940142] (helios16p_cane_robot) StdoutLine: {'line': b'copying configs/mrange8.yaml -> /home/ph/treasure/dockerBENCH/helios16p_ws/install/helios16p_cane_robot/share/helios16p_cane_robot/configs\n'}
[1.940687] (helios16p_cane_robot) StdoutLine: {'line': b'copying configs/mrange4.yaml -> /home/ph/treasure/dockerBENCH/helios16p_ws/install/helios16p_cane_robot/share/helios16p_cane_robot/configs\n'}
[1.941260] (helios16p_cane_robot) StdoutLine: {'line': b'copying configs/mrange100.yaml -> /home/ph/treasure/dockerBENCH/helios16p_ws/install/helios16p_cane_robot/share/helios16p_cane_robot/configs\n'}
[1.941632] (helios16p_cane_robot) StdoutLine: {'line': b'copying configs/mrange10.yaml -> /home/ph/treasure/dockerBENCH/helios16p_ws/install/helios16p_cane_robot/share/helios16p_cane_robot/configs\n'}
[1.942807] (helios16p_cane_robot) StdoutLine: {'line': b'copying configs/mrange20.yaml -> /home/ph/treasure/dockerBENCH/helios16p_ws/install/helios16p_cane_robot/share/helios16p_cane_robot/configs\n'}
[1.943382] (helios16p_cane_robot) StdoutLine: {'line': b'copying configs/mrange30.yaml -> /home/ph/treasure/dockerBENCH/helios16p_ws/install/helios16p_cane_robot/share/helios16p_cane_robot/configs\n'}
[1.943937] (helios16p_cane_robot) StdoutLine: {'line': b'copying configs/mrange5.yaml -> /home/ph/treasure/dockerBENCH/helios16p_ws/install/helios16p_cane_robot/share/helios16p_cane_robot/configs\n'}
[1.944561] (helios16p_cane_robot) StdoutLine: {'line': b'copying configs/lidar_config.yaml -> /home/ph/treasure/dockerBENCH/helios16p_ws/install/helios16p_cane_robot/share/helios16p_cane_robot/configs\n'}
[1.945749] (helios16p_cane_robot) StdoutLine: {'line': b'copying configs/mrange15.yaml -> /home/ph/treasure/dockerBENCH/helios16p_ws/install/helios16p_cane_robot/share/helios16p_cane_robot/configs\n'}
[1.946017] (helios16p_cane_robot) StdoutLine: {'line': b'creating /home/ph/treasure/dockerBENCH/helios16p_ws/install/helios16p_cane_robot/share/helios16p_cane_robot/urdf\n'}
[1.946120] (helios16p_cane_robot) StdoutLine: {'line': b'copying urdf/helios16p.urdf.xacro -> /home/ph/treasure/dockerBENCH/helios16p_ws/install/helios16p_cane_robot/share/helios16p_cane_robot/urdf\n'}
[1.946860] (helios16p_cane_robot) StdoutLine: {'line': b'copying urdf/helios16p_LiDAR.urdf.xacro -> /home/ph/treasure/dockerBENCH/helios16p_ws/install/helios16p_cane_robot/share/helios16p_cane_robot/urdf\n'}
[1.947603] (helios16p_cane_robot) StdoutLine: {'line': b'running install_egg_info\n'}
[1.953111] (helios16p_cane_robot) StdoutLine: {'line': b'Copying ../../build/helios16p_cane_robot/helios16p_cane_robot.egg-info to /home/ph/treasure/dockerBENCH/helios16p_ws/install/helios16p_cane_robot/lib/python3.10/site-packages/helios16p_cane_robot-0.0.0-py3.10.egg-info\n'}
[1.954065] (helios16p_cane_robot) StdoutLine: {'line': b'running install_scripts\n'}
[2.002072] (helios16p_cane_robot) StdoutLine: {'line': b"writing list of installed files to '/home/ph/treasure/dockerBENCH/helios16p_ws/build/helios16p_cane_robot/install.log'\n"}
[2.013966] (-) TimerEvent: {}
[2.046871] (go1_description) CommandEnded: {'returncode': 0}
[2.049005] (go1_description) JobProgress: {'identifier': 'go1_description', 'progress': 'install'}
[2.087237] (vicon_receiver) StdoutLine: {'line': b'-- Found rclcpp: 16.0.17 (/opt/ros/humble/share/rclcpp/cmake)\n'}
[2.114071] (-) TimerEvent: {}
[2.121252] (rslidar_msg) StdoutLine: {'line': b'-- Found OpenSSL: /usr/lib/x86_64-linux-gnu/libcrypto.so (found version "3.0.2")\n'}
[2.177278] (rslidar_msg) StdoutLine: {'line': b'-- Found FastRTPS: /opt/ros/humble/include\n'}
[2.191400] (vicon_receiver) StdoutLine: {'line': b'-- Found rosidl_generator_c: 3.1.8 (/opt/ros/humble/share/rosidl_generator_c/cmake)\n'}
[2.203199] (vicon_receiver) StdoutLine: {'line': b'-- Found rosidl_adapter: 3.1.8 (/opt/ros/humble/share/rosidl_adapter/cmake)\n'}
[2.204131] (go1_description) Command: {'cmd': ['/home/ph/.local/bin/cmake', '--install', '/home/ph/treasure/dockerBENCH/helios16p_ws/build/go1_description'], 'cwd': '/home/ph/treasure/dockerBENCH/helios16p_ws/build/go1_description', 'env': OrderedDict([('LESSOPEN', '| /usr/bin/lesspipe %s'), ('USER', 'ph'), ('LC_TIME', 'it_IT.UTF-8'), ('XDG_SEAT', 'seat0'), ('XDG_SESSION_TYPE', 'x11'), ('SHLVL', '1'), ('LD_LIBRARY_PATH', '/opt/ros/humble/opt/rviz_ogre_vendor/lib:/opt/ros/humble/lib/x86_64-linux-gnu:/opt/ros/humble/lib'), ('HOME', '/home/ph'), ('OLDPWD', '/home/ph/treasure'), ('DESKTOP_SESSION', 'i3'), ('ROS_PYTHON_VERSION', '3'), ('GTK_MODULES', 'gail:atk-bridge'), ('PS1', '(pvenv) \\[\\e]0;\\u@\\h: \\w\\a\\]${debian_chroot:+($debian_chroot)}\\u@\\h:\\w\\$'), ('LC_MONETARY', 'it_IT.UTF-8'), ('SYSTEMD_EXEC_PID', '2203'), ('DBUS_SESSION_BUS_ADDRESS', 'unix:path=/run/user/1000/bus'), ('_colcon_cd_root', '/opt/ros/humble/'), ('ROS_DISTRO', 'humble'), ('GTK_IM_MODULE', 'ibus'), ('LOGNAME', 'ph'), ('WINDOWID', '35651596'), ('_', '/usr/bin/colcon'), ('ROS_VERSION', '2'), ('XTERM_SHELL', '/bin/bash'), ('XDG_SESSION_CLASS', 'user'), ('USERNAME', 'ph'), ('TERM', 'xterm'), ('XDG_SESSION_ID', '3'), ('ROS_LOCALHOST_ONLY', '0'), ('WINDOWPATH', '2'), ('PATH', '/home/ph/myvenv/pvenv/bin:/home/ph/.local/bin:/home/ph/.local/bin:/home/ph/.local/bin:/opt/ros/humble/bin:/usr/local/sbin:/usr/local/bin:/usr/sbin:/usr/bin:/sbin:/bin:/usr/games:/usr/local/games:/snap/bin:/snap/bin'), ('LC_ADDRESS', 'it_IT.UTF-8'), ('XDG_RUNTIME_DIR', '/run/user/1000'), ('DISPLAY', ':0'), ('LANG', 'en_US.UTF-8'), ('XDG_CURRENT_DESKTOP', 'i3'), ('LC_TELEPHONE', 'it_IT.UTF-8'), ('VIRTUAL_ENV_PROMPT', '(pvenv)'), ('XMODIFIERS', '@im=ibus'), ('XDG_SESSION_DESKTOP', 'i3'), ('XAUTHORITY', '/run/user/1000/gdm/Xauthority'), ('LS_COLORS', 'rs=0:di=01;34:ln=01;36:mh=00:pi=40;33:so=01;35:do=01;35:bd=40;33;01:cd=40;33;01:or=40;31;01:mi=00:su=37;41:sg=30;43:ca=30;41:tw=30;42:ow=34;42:st=37;44:ex=01;32:*.tar=01;31:*.tgz=01;31:*.arc=01;31:*.arj=01;31:*.taz=01;31:*.lha=01;31:*.lz4=01;31:*.lzh=01;31:*.lzma=01;31:*.tlz=01;31:*.txz=01;31:*.tzo=01;31:*.t7z=01;31:*.zip=01;31:*.z=01;31:*.dz=01;31:*.gz=01;31:*.lrz=01;31:*.lz=01;31:*.lzo=01;31:*.xz=01;31:*.zst=01;31:*.tzst=01;31:*.bz2=01;31:*.bz=01;31:*.tbz=01;31:*.tbz2=01;31:*.tz=01;31:*.deb=01;31:*.rpm=01;31:*.jar=01;31:*.war=01;31:*.ear=01;31:*.sar=01;31:*.rar=01;31:*.alz=01;31:*.ace=01;31:*.zoo=01;31:*.cpio=01;31:*.7z=01;31:*.rz=01;31:*.cab=01;31:*.wim=01;31:*.swm=01;31:*.dwm=01;31:*.esd=01;31:*.jpg=01;35:*.jpeg=01;35:*.mjpg=01;35:*.mjpeg=01;35:*.gif=01;35:*.bmp=01;35:*.pbm=01;35:*.pgm=01;35:*.ppm=01;35:*.tga=01;35:*.xbm=01;35:*.xpm=01;35:*.tif=01;35:*.tiff=01;35:*.png=01;35:*.svg=01;35:*.svgz=01;35:*.mng=01;35:*.pcx=01;35:*.mov=01;35:*.mpg=01;35:*.mpeg=01;35:*.m2v=01;35:*.mkv=01;35:*.webm=01;35:*.webp=01;35:*.ogm=01;35:*.mp4=01;35:*.m4v=01;35:*.mp4v=01;35:*.vob=01;35:*.qt=01;35:*.nuv=01;35:*.wmv=01;35:*.asf=01;35:*.rm=01;35:*.rmvb=01;35:*.flc=01;35:*.avi=01;35:*.fli=01;35:*.flv=01;35:*.gl=01;35:*.dl=01;35:*.xcf=01;35:*.xwd=01;35:*.yuv=01;35:*.cgm=01;35:*.emf=01;35:*.ogv=01;35:*.ogx=01;35:*.aac=00;36:*.au=00;36:*.flac=00;36:*.m4a=00;36:*.mid=00;36:*.midi=00;36:*.mka=00;36:*.mp3=00;36:*.mpc=00;36:*.ogg=00;36:*.ra=00;36:*.wav=00;36:*.oga=00;36:*.opus=00;36:*.spx=00;36:*.xspf=00;36:'), ('ROS_DOMAIN_ID', '7'), ('AMENT_PREFIX_PATH', '/opt/ros/humble'), ('SHELL', '/bin/bash'), ('CMAKE_POLICY_VERSION_MINIMUM', '3.5'), ('LC_NAME', 'it_IT.UTF-8'), ('QT_ACCESSIBILITY', '1'), ('GDMSESSION', 'i3'), ('LESSCLOSE', '/usr/bin/lesspipe %s %s'), ('LC_MEASUREMENT', 'it_IT.UTF-8'), ('GPG_AGENT_INFO', '/run/user/1000/gnupg/S.gpg-agent:0:1'), ('LC_IDENTIFICATION', 'it_IT.UTF-8'), ('VIRTUAL_ENV', '/home/ph/myvenv/pvenv'), ('QT_IM_MODULE', 'ibus'), ('XDG_VTNR', '2'), ('GPG_TTY', '/dev/pts/0'), ('PWD', '/home/ph/treasure/dockerBENCH/helios16p_ws/build/go1_description'), ('LC_ALL', 'en_US.UTF-8'), ('XDG_CONFIG_DIRS', '/etc/xdg/xdg-i3:/etc/xdg'), ('XTERM_LOCALE', 'en_US.UTF-8'), ('CLUTTER_IM_MODULE', 'ibus'), ('XDG_DATA_DIRS', '/usr/share/i3:/usr/share/gnome:/usr/local/share/:/usr/share/:/var/lib/snapd/desktop'), ('XTERM_VERSION', 'XTerm(372)'), ('PYTHONPATH', '/opt/ros/humble/lib/python3.10/site-packages:/opt/ros/humble/local/lib/python3.10/dist-packages'), ('LC_NUMERIC', 'it_IT.UTF-8'), ('I3SOCK', '/run/user/1000/i3/ipc-socket.2364'), ('LC_PAPER', 'it_IT.UTF-8'), ('COLCON', '1'), ('CMAKE_PREFIX_PATH', '/opt/ros/humble')]), 'shell': False}
[2.205881] (helios16p_cane_robot) CommandEnded: {'returncode': 0}
[2.214260] (-) TimerEvent: {}
[2.225393] (vicon_receiver) StdoutLine: {'line': b'-- Found rosidl_generator_cpp: 3.1.8 (/opt/ros/humble/share/rosidl_generator_cpp/cmake)\n'}
[2.226522] (helios16p_cane_robot) JobEnded: {'identifier': 'helios16p_cane_robot', 'rc': 0}
[2.257644] (rslidar_msg) StdoutLine: {'line': b"-- Using RMW implementation 'rmw_fastrtps_cpp' as default\n"}
[2.258769] (vicon_receiver) StdoutLine: {'line': b'-- Using all available rosidl_typesupport_c: rosidl_typesupport_fastrtps_c;rosidl_typesupport_introspection_c\n'}
[2.271922] (rslidar_msg) StdoutLine: {'line': b'-- Performing Test CMAKE_HAVE_LIBC_PTHREAD\n'}
[2.298186] (vicon_receiver) StdoutLine: {'line': b'-- Using all available rosidl_typesupport_cpp: rosidl_typesupport_fastrtps_cpp;rosidl_typesupport_introspection_cpp\n'}
[2.314366] (-) TimerEvent: {}
[2.342825] (go1_description) StdoutLine: {'line': b'-- Install configuration: ""\n'}
[2.343115] (go1_description) StdoutLine: {'line': b'-- Installing: /home/ph/treasure/dockerBENCH/helios16p_ws/install/go1_description/share/go1_description//launch\n'}
[2.343329] (go1_description) StdoutLine: {'line': b'-- Installing: /home/ph/treasure/dockerBENCH/helios16p_ws/install/go1_description/share/go1_description//launch/go1_demo.launch.py\n'}
[2.343936] (go1_description) StdoutLine: {'line': b'-- Installing: /home/ph/treasure/dockerBENCH/helios16p_ws/install/go1_description/share/go1_description//meshes\n'}
[2.344143] (go1_description) StdoutLine: {'line': b'-- Installing: /home/ph/treasure/dockerBENCH/helios16p_ws/install/go1_description/share/go1_description//meshes/depthCamera.dae\n'}
[2.345393] (go1_description) StdoutLine: {'line': b'-- Installing: /home/ph/treasure/dockerBENCH/helios16p_ws/install/go1_description/share/go1_description//meshes/thigh_mirror.dae\n'}
[2.351013] (go1_description) StdoutLine: {'line': b'-- Installing: /home/ph/treasure/dockerBENCH/helios16p_ws/install/go1_description/share/go1_description//meshes/calf.dae\n'}
[2.359623] (go1_description) StdoutLine: {'line': b'-- Installing: /home/ph/treasure/dockerBENCH/helios16p_ws/install/go1_description/share/go1_description//meshes/thigh.dae\n'}
[2.364174] (go1_description) StdoutLine: {'line': b'-- Installing: /home/ph/treasure/dockerBENCH/helios16p_ws/install/go1_description/share/go1_description//meshes/hip.dae\n'}
[2.372408] (go1_description) StdoutLine: {'line': b'-- Installing: /home/ph/treasure/dockerBENCH/helios16p_ws/install/go1_description/share/go1_description//meshes/ultraSound.dae\n'}
[2.373955] (go1_description) StdoutLine: {'line': b'-- Installing: /home/ph/treasure/dockerBENCH/helios16p_ws/install/go1_description/share/go1_description//meshes/trunk.dae\n'}
[2.378137] (rslidar_msg) StdoutLine: {'line': b'-- Performing Test CMAKE_HAVE_LIBC_PTHREAD - Success\n'}
[2.380061] (rslidar_msg) StdoutLine: {'line': b'-- Found Threads: TRUE\n'}
[2.394153] (vicon_receiver) StdoutLine: {'line': b'-- Found rmw_implementation_cmake: 6.1.2 (/opt/ros/humble/share/rmw_implementation_cmake/cmake)\n'}
[2.398920] (vicon_receiver) StdoutLine: {'line': b'-- Found rmw_fastrtps_cpp: 6.2.9 (/opt/ros/humble/share/rmw_fastrtps_cpp/cmake)\n'}
[2.414913] (-) TimerEvent: {}
[2.462985] (kiss_icp) StdoutLine: {'line': b'-- The C compiler identification is GNU 11.4.0\n'}
[2.476681] (rslidar_msg) StdoutLine: {'line': b'-- Found rosidl_default_generators: 1.2.0 (/opt/ros/humble/share/rosidl_default_generators/cmake)\n'}
[2.478721] (kiss_icp) StdoutLine: {'line': b'-- Detecting C compiler ABI info\n'}
[2.515037] (-) TimerEvent: {}
[2.563807] (go1_description) StdoutLine: {'line': b'-- Installing: /home/ph/treasure/dockerBENCH/helios16p_ws/install/go1_description/share/go1_description//xacro\n'}
[2.564158] (go1_description) StdoutLine: {'line': b'-- Installing: /home/ph/treasure/dockerBENCH/helios16p_ws/install/go1_description/share/go1_description//xacro/robot.xacro\n'}
[2.564620] (go1_description) StdoutLine: {'line': b'-- Installing: /home/ph/treasure/dockerBENCH/helios16p_ws/install/go1_description/share/go1_description//xacro/materials.xacro\n'}
[2.565088] (go1_description) StdoutLine: {'line': b'-- Installing: /home/ph/treasure/dockerBENCH/helios16p_ws/install/go1_description/share/go1_description//xacro/const.xacro\n'}
[2.565606] (go1_description) StdoutLine: {'line': b'-- Installing: /home/ph/treasure/dockerBENCH/helios16p_ws/install/go1_description/share/go1_description//xacro/ultraSound.xacro\n'}
[2.566105] (go1_description) StdoutLine: {'line': b'-- Installing: /home/ph/treasure/dockerBENCH/helios16p_ws/install/go1_description/share/go1_description//xacro/gazebo.xacro\n'}
[2.566758] (go1_description) StdoutLine: {'line': b'-- Installing: /home/ph/treasure/dockerBENCH/helios16p_ws/install/go1_description/share/go1_description//xacro/helios16p_LiDAR.urdf.xacro\n'}
[2.567462] (go1_description) StdoutLine: {'line': b'-- Installing: /home/ph/treasure/dockerBENCH/helios16p_ws/install/go1_description/share/go1_description//xacro/depthCamera.xacro\n'}
[2.568048] (go1_description) StdoutLine: {'line': b'-- Installing: /home/ph/treasure/dockerBENCH/helios16p_ws/install/go1_description/share/go1_description//xacro/transmission.xacro\n'}
[2.568577] (go1_description) StdoutLine: {'line': b'-- Installing: /home/ph/treasure/dockerBENCH/helios16p_ws/install/go1_description/share/go1_description//xacro/leg.xacro\n'}
[2.569587] (go1_description) StdoutLine: {'line': b'-- Installing: /home/ph/treasure/dockerBENCH/helios16p_ws/install/go1_description/share/ament_index/resource_index/package_run_dependencies/go1_description\n'}
[2.570081] (go1_description) StdoutLine: {'line': b'-- Installing: /home/ph/treasure/dockerBENCH/helios16p_ws/install/go1_description/share/ament_index/resource_index/parent_prefix_path/go1_description\n'}
[2.570609] (go1_description) StdoutLine: {'line': b'-- Installing: /home/ph/treasure/dockerBENCH/helios16p_ws/install/go1_description/share/go1_description/environment/ament_prefix_path.sh\n'}
[2.570961] (go1_description) StdoutLine: {'line': b'-- Installing: /home/ph/treasure/dockerBENCH/helios16p_ws/install/go1_description/share/go1_description/environment/ament_prefix_path.dsv\n'}
[2.571373] (go1_description) StdoutLine: {'line': b'-- Installing: /home/ph/treasure/dockerBENCH/helios16p_ws/install/go1_description/share/go1_description/environment/path.sh\n'}
[2.571719] (go1_description) StdoutLine: {'line': b'-- Installing: /home/ph/treasure/dockerBENCH/helios16p_ws/install/go1_description/share/go1_description/environment/path.dsv\n'}
[2.571989] (go1_description) StdoutLine: {'line': b'-- Installing: /home/ph/treasure/dockerBENCH/helios16p_ws/install/go1_description/share/go1_description/local_setup.bash\n'}
[2.572274] (go1_description) StdoutLine: {'line': b'-- Installing: /home/ph/treasure/dockerBENCH/helios16p_ws/install/go1_description/share/go1_description/local_setup.sh\n'}
[2.572553] (go1_description) StdoutLine: {'line': b'-- Installing: /home/ph/treasure/dockerBENCH/helios16p_ws/install/go1_description/share/go1_description/local_setup.zsh\n'}
[2.572793] (go1_description) StdoutLine: {'line': b'-- Installing: /home/ph/treasure/dockerBENCH/helios16p_ws/install/go1_description/share/go1_description/local_setup.dsv\n'}
[2.573041] (go1_description) StdoutLine: {'line': b'-- Installing: /home/ph/treasure/dockerBENCH/helios16p_ws/install/go1_description/share/go1_description/package.dsv\n'}
[2.573402] (go1_description) StdoutLine: {'line': b'-- Installing: /home/ph/treasure/dockerBENCH/helios16p_ws/install/go1_description/share/ament_index/resource_index/packages/go1_description\n'}
[2.573685] (go1_description) StdoutLine: {'line': b'-- Installing: /home/ph/treasure/dockerBENCH/helios16p_ws/install/go1_description/share/go1_description/cmake/go1_descriptionConfig.cmake\n'}
[2.573881] (go1_description) StdoutLine: {'line': b'-- Installing: /home/ph/treasure/dockerBENCH/helios16p_ws/install/go1_description/share/go1_description/cmake/go1_descriptionConfig-version.cmake\n'}
[2.574112] (go1_description) StdoutLine: {'line': b'-- Installing: /home/ph/treasure/dockerBENCH/helios16p_ws/install/go1_description/share/go1_description/package.xml\n'}
[2.576558] (go1_description) CommandEnded: {'returncode': 0}
[2.582437] (kiss_icp) StdoutLine: {'line': b'-- Detecting C compiler ABI info - done\n'}
[2.584700] (vicon_receiver) StdoutLine: {'line': b'-- Found OpenSSL: /usr/lib/x86_64-linux-gnu/libcrypto.so (found version "3.0.2")\n'}
[2.596394] (go1_description) JobEnded: {'identifier': 'go1_description', 'rc': 0}
[2.611973] (kiss_icp) StdoutLine: {'line': b'-- Check for working C compiler: /usr/bin/cc - skipped\n'}
[2.613014] (kiss_icp) StdoutLine: {'line': b'-- Detecting C compile features\n'}
[2.613689] (kiss_icp) StdoutLine: {'line': b'-- Detecting C compile features - done\n'}
[2.615138] (-) TimerEvent: {}
[2.643342] (vicon_receiver) StdoutLine: {'line': b'-- Found FastRTPS: /opt/ros/humble/include\n'}
[2.715268] (-) TimerEvent: {}
[2.716635] (vicon_receiver) StdoutLine: {'line': b"-- Using RMW implementation 'rmw_fastrtps_cpp' as default\n"}
[2.731338] (vicon_receiver) StdoutLine: {'line': b'-- Performing Test CMAKE_HAVE_LIBC_PTHREAD\n'}
[2.815385] (-) TimerEvent: {}
[2.839160] (vicon_receiver) StdoutLine: {'line': b'-- Performing Test CMAKE_HAVE_LIBC_PTHREAD - Success\n'}
[2.842621] (vicon_receiver) StdoutLine: {'line': b'-- Found Threads: TRUE\n'}
[2.915519] (-) TimerEvent: {}
[2.964249] (vicon_receiver) StdoutLine: {'line': b'-- Found geometry_msgs: 4.9.0 (/opt/ros/humble/share/geometry_msgs/cmake)\n'}
[2.992024] (vicon_receiver) StdoutLine: {'line': b'-- Found tf2: 0.25.18 (/opt/ros/humble/share/tf2/cmake)\n'}
[3.015610] (-) TimerEvent: {}
[3.016465] (vicon_receiver) StdoutLine: {'line': b'-- Found tf2_ros: 0.25.18 (/opt/ros/humble/share/tf2_ros/cmake)\n'}
[3.115743] (-) TimerEvent: {}
[3.142604] (rslidar_msg) StdoutLine: {'line': b'-- Found ament_cmake_ros: 0.10.0 (/opt/ros/humble/share/ament_cmake_ros/cmake)\n'}
[3.217373] (-) TimerEvent: {}
[3.303542] (vicon_receiver) StdoutLine: {'line': b'-- Found tf2_geometry_msgs: 0.25.18 (/opt/ros/humble/share/tf2_geometry_msgs/cmake)\n'}
[3.317484] (-) TimerEvent: {}
[3.330302] (vicon_receiver) StdoutLine: {'line': b'-- Found eigen3_cmake_module: 0.1.1 (/opt/ros/humble/share/eigen3_cmake_module/cmake)\n'}
[3.333632] (vicon_receiver) StdoutLine: {'line': b'-- Found Eigen3: TRUE (found version "3.4.0")\n'}
[3.333962] (vicon_receiver) StdoutLine: {'line': b'-- Ensuring Eigen3 include directory is part of orocos-kdl CMake target\n'}
[3.418042] (-) TimerEvent: {}
[3.465207] (vicon_receiver) StdoutLine: {'line': b'-- Configuring done (2.7s)\n'}
[3.492912] (vicon_receiver) StdoutLine: {'line': b'-- Generating done (0.0s)\n'}
[3.518159] (-) TimerEvent: {}
[3.546148] (vicon_receiver) StdoutLine: {'line': b'-- Build files have been written to: /home/ph/treasure/dockerBENCH/helios16p_ws/build/vicon_receiver\n'}
[3.568528] (vicon_receiver) CommandEnded: {'returncode': 0}
[3.569630] (vicon_receiver) JobProgress: {'identifier': 'vicon_receiver', 'progress': 'build'}
[3.570383] (vicon_receiver) Command: {'cmd': ['/home/ph/.local/bin/cmake', '--build', '/home/ph/treasure/dockerBENCH/helios16p_ws/build/vicon_receiver', '--', '-j8', '-l8'], 'cwd': '/home/ph/treasure/dockerBENCH/helios16p_ws/build/vicon_receiver', 'env': OrderedDict([('LESSOPEN', '| /usr/bin/lesspipe %s'), ('USER', 'ph'), ('LC_TIME', 'it_IT.UTF-8'), ('XDG_SEAT', 'seat0'), ('XDG_SESSION_TYPE', 'x11'), ('SHLVL', '1'), ('LD_LIBRARY_PATH', '/opt/ros/humble/opt/rviz_ogre_vendor/lib:/opt/ros/humble/lib/x86_64-linux-gnu:/opt/ros/humble/lib'), ('HOME', '/home/ph'), ('OLDPWD', '/home/ph/treasure'), ('DESKTOP_SESSION', 'i3'), ('ROS_PYTHON_VERSION', '3'), ('GTK_MODULES', 'gail:atk-bridge'), ('PS1', '(pvenv) \\[\\e]0;\\u@\\h: \\w\\a\\]${debian_chroot:+($debian_chroot)}\\u@\\h:\\w\\$'), ('LC_MONETARY', 'it_IT.UTF-8'), ('SYSTEMD_EXEC_PID', '2203'), ('DBUS_SESSION_BUS_ADDRESS', 'unix:path=/run/user/1000/bus'), ('_colcon_cd_root', '/opt/ros/humble/'), ('ROS_DISTRO', 'humble'), ('GTK_IM_MODULE', 'ibus'), ('LOGNAME', 'ph'), ('WINDOWID', '35651596'), ('_', '/usr/bin/colcon'), ('ROS_VERSION', '2'), ('XTERM_SHELL', '/bin/bash'), ('XDG_SESSION_CLASS', 'user'), ('USERNAME', 'ph'), ('TERM', 'xterm'), ('XDG_SESSION_ID', '3'), ('ROS_LOCALHOST_ONLY', '0'), ('WINDOWPATH', '2'), ('PATH', '/home/ph/myvenv/pvenv/bin:/home/ph/.local/bin:/home/ph/.local/bin:/home/ph/.local/bin:/opt/ros/humble/bin:/usr/local/sbin:/usr/local/bin:/usr/sbin:/usr/bin:/sbin:/bin:/usr/games:/usr/local/games:/snap/bin:/snap/bin'), ('LC_ADDRESS', 'it_IT.UTF-8'), ('XDG_RUNTIME_DIR', '/run/user/1000'), ('DISPLAY', ':0'), ('LANG', 'en_US.UTF-8'), ('XDG_CURRENT_DESKTOP', 'i3'), ('LC_TELEPHONE', 'it_IT.UTF-8'), ('VIRTUAL_ENV_PROMPT', '(pvenv)'), ('XMODIFIERS', '@im=ibus'), ('XDG_SESSION_DESKTOP', 'i3'), ('XAUTHORITY', '/run/user/1000/gdm/Xauthority'), ('LS_COLORS', 'rs=0:di=01;34:ln=01;36:mh=00:pi=40;33:so=01;35:do=01;35:bd=40;33;01:cd=40;33;01:or=40;31;01:mi=00:su=37;41:sg=30;43:ca=30;41:tw=30;42:ow=34;42:st=37;44:ex=01;32:*.tar=01;31:*.tgz=01;31:*.arc=01;31:*.arj=01;31:*.taz=01;31:*.lha=01;31:*.lz4=01;31:*.lzh=01;31:*.lzma=01;31:*.tlz=01;31:*.txz=01;31:*.tzo=01;31:*.t7z=01;31:*.zip=01;31:*.z=01;31:*.dz=01;31:*.gz=01;31:*.lrz=01;31:*.lz=01;31:*.lzo=01;31:*.xz=01;31:*.zst=01;31:*.tzst=01;31:*.bz2=01;31:*.bz=01;31:*.tbz=01;31:*.tbz2=01;31:*.tz=01;31:*.deb=01;31:*.rpm=01;31:*.jar=01;31:*.war=01;31:*.ear=01;31:*.sar=01;31:*.rar=01;31:*.alz=01;31:*.ace=01;31:*.zoo=01;31:*.cpio=01;31:*.7z=01;31:*.rz=01;31:*.cab=01;31:*.wim=01;31:*.swm=01;31:*.dwm=01;31:*.esd=01;31:*.jpg=01;35:*.jpeg=01;35:*.mjpg=01;35:*.mjpeg=01;35:*.gif=01;35:*.bmp=01;35:*.pbm=01;35:*.pgm=01;35:*.ppm=01;35:*.tga=01;35:*.xbm=01;35:*.xpm=01;35:*.tif=01;35:*.tiff=01;35:*.png=01;35:*.svg=01;35:*.svgz=01;35:*.mng=01;35:*.pcx=01;35:*.mov=01;35:*.mpg=01;35:*.mpeg=01;35:*.m2v=01;35:*.mkv=01;35:*.webm=01;35:*.webp=01;35:*.ogm=01;35:*.mp4=01;35:*.m4v=01;35:*.mp4v=01;35:*.vob=01;35:*.qt=01;35:*.nuv=01;35:*.wmv=01;35:*.asf=01;35:*.rm=01;35:*.rmvb=01;35:*.flc=01;35:*.avi=01;35:*.fli=01;35:*.flv=01;35:*.gl=01;35:*.dl=01;35:*.xcf=01;35:*.xwd=01;35:*.yuv=01;35:*.cgm=01;35:*.emf=01;35:*.ogv=01;35:*.ogx=01;35:*.aac=00;36:*.au=00;36:*.flac=00;36:*.m4a=00;36:*.mid=00;36:*.midi=00;36:*.mka=00;36:*.mp3=00;36:*.mpc=00;36:*.ogg=00;36:*.ra=00;36:*.wav=00;36:*.oga=00;36:*.opus=00;36:*.spx=00;36:*.xspf=00;36:'), ('ROS_DOMAIN_ID', '7'), ('AMENT_PREFIX_PATH', '/opt/ros/humble'), ('SHELL', '/bin/bash'), ('CMAKE_POLICY_VERSION_MINIMUM', '3.5'), ('LC_NAME', 'it_IT.UTF-8'), ('QT_ACCESSIBILITY', '1'), ('GDMSESSION', 'i3'), ('LESSCLOSE', '/usr/bin/lesspipe %s %s'), ('LC_MEASUREMENT', 'it_IT.UTF-8'), ('GPG_AGENT_INFO', '/run/user/1000/gnupg/S.gpg-agent:0:1'), ('LC_IDENTIFICATION', 'it_IT.UTF-8'), ('VIRTUAL_ENV', '/home/ph/myvenv/pvenv'), ('QT_IM_MODULE', 'ibus'), ('XDG_VTNR', '2'), ('GPG_TTY', '/dev/pts/0'), ('PWD', '/home/ph/treasure/dockerBENCH/helios16p_ws/build/vicon_receiver'), ('LC_ALL', 'en_US.UTF-8'), ('XDG_CONFIG_DIRS', '/etc/xdg/xdg-i3:/etc/xdg'), ('XTERM_LOCALE', 'en_US.UTF-8'), ('CLUTTER_IM_MODULE', 'ibus'), ('XDG_DATA_DIRS', '/usr/share/i3:/usr/share/gnome:/usr/local/share/:/usr/share/:/var/lib/snapd/desktop'), ('XTERM_VERSION', 'XTerm(372)'), ('PYTHONPATH', '/opt/ros/humble/lib/python3.10/site-packages:/opt/ros/humble/local/lib/python3.10/dist-packages'), ('LC_NUMERIC', 'it_IT.UTF-8'), ('I3SOCK', '/run/user/1000/i3/ipc-socket.2364'), ('LC_PAPER', 'it_IT.UTF-8'), ('COLCON', '1'), ('CMAKE_PREFIX_PATH', '/opt/ros/humble')]), 'shell': False}
[3.580432] (kiss_icp) StderrLine: {'line': b'\x1b[0mCMake Deprecation Warning at /home/ph/treasure/dockerBENCH/helios16p_ws/build/kiss_icp/_deps/tessil-src/CMakeLists.txt:1 (cmake_minimum_required):\n'}
[3.580744] (kiss_icp) StderrLine: {'line': b'  Compatibility with CMake < 3.10 will be removed from a future version of\n'}
[3.580873] (kiss_icp) StderrLine: {'line': b'  CMake.\n'}
[3.580991] (kiss_icp) StderrLine: {'line': b'\n'}
[3.581107] (kiss_icp) StderrLine: {'line': b'  Update the VERSION argument <min> value.  Or, use the <min>...<max> syntax\n'}
[3.581221] (kiss_icp) StderrLine: {'line': b'  to tell CMake that the project requires at least <min> but has been updated\n'}
[3.581362] (kiss_icp) StderrLine: {'line': b'  to work with policies introduced by <max> or earlier.\n'}
[3.581485] (kiss_icp) StderrLine: {'line': b'\n'}
[3.581606] (kiss_icp) StderrLine: {'line': b'\x1b[0m\n'}
[3.592629] (kiss_icp) StdoutLine: {'line': b'-- Found ament_cmake: 1.3.12 (/opt/ros/humble/share/ament_cmake/cmake)\n'}
[3.618274] (-) TimerEvent: {}
[3.718720] (-) TimerEvent: {}
[3.735208] (vicon_receiver) StdoutLine: {'line': b'[ 66%] \x1b[32mBuilding CXX object CMakeFiles/vicon_client.dir/src/communicator.cpp.o\x1b[0m\n'}
[3.735486] (vicon_receiver) StdoutLine: {'line': b'[ 66%] \x1b[32mBuilding CXX object CMakeFiles/vicon_client.dir/src/publisher.cpp.o\x1b[0m\n'}
[3.787239] (kiss_icp) StdoutLine: {'line': b'-- Found Python3: /usr/bin/python3 (found version "3.10.12") found components: Interpreter\n'}
[3.818830] (-) TimerEvent: {}
[3.919470] (-) TimerEvent: {}
[3.939385] (kiss_icp) StdoutLine: {'line': b'-- Found geometry_msgs: 4.9.0 (/opt/ros/humble/share/geometry_msgs/cmake)\n'}
[4.019594] (-) TimerEvent: {}
[4.031053] (kiss_icp) StdoutLine: {'line': b'-- Found rosidl_generator_c: 3.1.8 (/opt/ros/humble/share/rosidl_generator_c/cmake)\n'}
[4.043409] (kiss_icp) StdoutLine: {'line': b'-- Found rosidl_adapter: 3.1.8 (/opt/ros/humble/share/rosidl_adapter/cmake)\n'}
[4.068768] (kiss_icp) StdoutLine: {'line': b'-- Found rosidl_generator_cpp: 3.1.8 (/opt/ros/humble/share/rosidl_generator_cpp/cmake)\n'}
[4.097808] (kiss_icp) StdoutLine: {'line': b'-- Using all available rosidl_typesupport_c: rosidl_typesupport_fastrtps_c;rosidl_typesupport_introspection_c\n'}
[4.119701] (-) TimerEvent: {}
[4.137487] (kiss_icp) StdoutLine: {'line': b'-- Using all available rosidl_typesupport_cpp: rosidl_typesupport_fastrtps_cpp;rosidl_typesupport_introspection_cpp\n'}
[4.219826] (-) TimerEvent: {}
[4.232113] (kiss_icp) StdoutLine: {'line': b'-- Found nav_msgs: 4.9.0 (/opt/ros/humble/share/nav_msgs/cmake)\n'}
[4.276131] (kiss_icp) StdoutLine: {'line': b'-- Found rclcpp: 16.0.17 (/opt/ros/humble/share/rclcpp/cmake)\n'}
[4.319945] (-) TimerEvent: {}
[4.355413] (kiss_icp) StdoutLine: {'line': b'-- Found rmw_implementation_cmake: 6.1.2 (/opt/ros/humble/share/rmw_implementation_cmake/cmake)\n'}
[4.360060] (kiss_icp) StdoutLine: {'line': b'-- Found rmw_fastrtps_cpp: 6.2.9 (/opt/ros/humble/share/rmw_fastrtps_cpp/cmake)\n'}
[4.411731] (rslidar_msg) StdoutLine: {'line': b'-- Using all available rosidl_typesupport_c: rosidl_typesupport_fastrtps_c;rosidl_typesupport_introspection_c\n'}
[4.420077] (-) TimerEvent: {}
[4.521060] (-) TimerEvent: {}
[4.524914] (kiss_icp) StdoutLine: {'line': b'-- Found OpenSSL: /usr/lib/x86_64-linux-gnu/libcrypto.so (found version "3.0.2")\n'}
[4.591325] (kiss_icp) StdoutLine: {'line': b'-- Found FastRTPS: /opt/ros/humble/include\n'}
[4.621194] (-) TimerEvent: {}
[4.686230] (kiss_icp) StdoutLine: {'line': b"-- Using RMW implementation 'rmw_fastrtps_cpp' as default\n"}
[4.706787] (kiss_icp) StdoutLine: {'line': b'-- Performing Test CMAKE_HAVE_LIBC_PTHREAD\n'}
[4.721329] (-) TimerEvent: {}
[4.821729] (-) TimerEvent: {}
[4.851813] (kiss_icp) StdoutLine: {'line': b'-- Performing Test CMAKE_HAVE_LIBC_PTHREAD - Success\n'}
[4.854373] (kiss_icp) StdoutLine: {'line': b'-- Found Threads: TRUE\n'}
[4.909905] (rslidar_msg) StdoutLine: {'line': b'-- Using all available rosidl_typesupport_cpp: rosidl_typesupport_fastrtps_cpp;rosidl_typesupport_introspection_cpp\n'}
[4.914908] (rslidar_msg) StderrLine: {'line': b'\x1b[33mCMake Warning (dev) at /opt/ros/humble/share/rosidl_generator_py/cmake/rosidl_generator_py_generate_interfaces.cmake:20 (find_package):\n'}
[4.915193] (rslidar_msg) StderrLine: {'line': b'  Policy CMP0148 is not set: The FindPythonInterp and FindPythonLibs modules\n'}
[4.915368] (rslidar_msg) StderrLine: {'line': b'  are removed.  Run "cmake --help-policy CMP0148" for policy details.  Use\n'}
[4.915496] (rslidar_msg) StderrLine: {'line': b'  the cmake_policy command to set the policy and suppress this warning.\n'}
[4.915606] (rslidar_msg) StderrLine: {'line': b'\n'}
[4.915717] (rslidar_msg) StderrLine: {'line': b'Call Stack (most recent call first):\n'}
[4.915828] (rslidar_msg) StderrLine: {'line': b'  /opt/ros/humble/share/ament_cmake_core/cmake/core/ament_execute_extensions.cmake:48 (include)\n'}
[4.915941] (rslidar_msg) StderrLine: {'line': b'  /opt/ros/humble/share/rosidl_cmake/cmake/rosidl_generate_interfaces.cmake:286 (ament_execute_extensions)\n'}
[4.916047] (rslidar_msg) StderrLine: {'line': b'  CMakeLists.txt:25 (rosidl_generate_interfaces)\n'}
[4.916149] (rslidar_msg) StderrLine: {'line': b'This warning is for project developers.  Use -Wno-dev to suppress it.\n'}
[4.916267] (rslidar_msg) StderrLine: {'line': b'\x1b[0m\n'}
[4.921862] (-) TimerEvent: {}
[4.958064] (kiss_icp) StdoutLine: {'line': b'-- Found rclcpp_components: 16.0.17 (/opt/ros/humble/share/rclcpp_components/cmake)\n'}
[4.966020] (rslidar_msg) StdoutLine: {'line': b'-- Found PythonInterp: /usr/bin/python3 (found suitable version "3.10.12", minimum required is "3.6")\n'}
[4.972354] (rslidar_msg) StdoutLine: {'line': b'-- Found python_cmake_module: 0.10.0 (/opt/ros/humble/share/python_cmake_module/cmake)\n'}
[4.975853] (rslidar_msg) StderrLine: {'line': b'\x1b[33mCMake Warning (dev) at /opt/ros/humble/share/python_cmake_module/cmake/Modules/FindPythonExtra.cmake:52 (find_package):\n'}
[4.976229] (rslidar_msg) StderrLine: {'line': b'  Policy CMP0148 is not set: The FindPythonInterp and FindPythonLibs modules\n'}
[4.976381] (rslidar_msg) StderrLine: {'line': b'  are removed.  Run "cmake --help-policy CMP0148" for policy details.  Use\n'}
[4.976496] (rslidar_msg) StderrLine: {'line': b'  the cmake_policy command to set the policy and suppress this warning.\n'}
[4.976596] (rslidar_msg) StderrLine: {'line': b'\n'}
[4.976695] (rslidar_msg) StderrLine: {'line': b'Call Stack (most recent call first):\n'}
[4.976794] (rslidar_msg) StderrLine: {'line': b'  /opt/ros/humble/share/rosidl_generator_py/cmake/rosidl_generator_py_generate_interfaces.cmake:23 (find_package)\n'}
[4.976894] (rslidar_msg) StderrLine: {'line': b'  /opt/ros/humble/share/ament_cmake_core/cmake/core/ament_execute_extensions.cmake:48 (include)\n'}
[4.976993] (rslidar_msg) StderrLine: {'line': b'  /opt/ros/humble/share/rosidl_cmake/cmake/rosidl_generate_interfaces.cmake:286 (ament_execute_extensions)\n'}
[4.977114] (rslidar_msg) StderrLine: {'line': b'  CMakeLists.txt:25 (rosidl_generate_interfaces)\n'}
[4.977212] (rslidar_msg) StderrLine: {'line': b'This warning is for project developers.  Use -Wno-dev to suppress it.\n'}
[4.977349] (rslidar_msg) StderrLine: {'line': b'\x1b[0m\n'}
[5.013316] (rslidar_msg) StderrLine: {'line': b'\x1b[33mCMake Warning (dev) at /opt/ros/humble/share/python_cmake_module/cmake/Modules/FindPythonExtra.cmake:140 (find_package):\n'}
[5.013572] (rslidar_msg) StderrLine: {'line': b'  Policy CMP0148 is not set: The FindPythonInterp and FindPythonLibs modules\n'}
[5.013688] (rslidar_msg) StderrLine: {'line': b'  are removed.  Run "cmake --help-policy CMP0148" for policy details.  Use\n'}
[5.013800] (rslidar_msg) StderrLine: {'line': b'  the cmake_policy command to set the policy and suppress this warning.\n'}
[5.013908] (rslidar_msg) StderrLine: {'line': b'\n'}
[5.014015] (rslidar_msg) StderrLine: {'line': b'Call Stack (most recent call first):\n'}
[5.014122] (rslidar_msg) StderrLine: {'line': b'  /opt/ros/humble/share/rosidl_generator_py/cmake/rosidl_generator_py_generate_interfaces.cmake:23 (find_package)\n'}
[5.014230] (rslidar_msg) StderrLine: {'line': b'  /opt/ros/humble/share/ament_cmake_core/cmake/core/ament_execute_extensions.cmake:48 (include)\n'}
[5.014367] (rslidar_msg) StderrLine: {'line': b'  /opt/ros/humble/share/rosidl_cmake/cmake/rosidl_generate_interfaces.cmake:286 (ament_execute_extensions)\n'}
[5.014480] (rslidar_msg) StderrLine: {'line': b'  CMakeLists.txt:25 (rosidl_generate_interfaces)\n'}
[5.014588] (rslidar_msg) StderrLine: {'line': b'This warning is for project developers.  Use -Wno-dev to suppress it.\n'}
[5.014692] (rslidar_msg) StderrLine: {'line': b'\x1b[0m\n'}
[5.020960] (kiss_icp) StdoutLine: {'line': b'-- Found sensor_msgs: 4.9.0 (/opt/ros/humble/share/sensor_msgs/cmake)\n'}
[5.021944] (-) TimerEvent: {}
[5.028173] (rslidar_msg) StdoutLine: {'line': b'-- Found PythonLibs: /usr/lib/x86_64-linux-gnu/libpython3.10.so (found suitable version "3.10.12", minimum required is "3.5")\n'}
[5.028540] (rslidar_msg) StdoutLine: {'line': b'-- Using PYTHON_EXECUTABLE: /usr/bin/python3\n'}
[5.028699] (rslidar_msg) StdoutLine: {'line': b'-- Using PYTHON_INCLUDE_DIRS: /usr/include/python3.10\n'}
[5.028834] (rslidar_msg) StdoutLine: {'line': b'-- Using PYTHON_LIBRARIES: /usr/lib/x86_64-linux-gnu/libpython3.10.so\n'}
[5.059873] (rslidar_msg) StdoutLine: {'line': b'-- Found PythonExtra: .so\n'}
[5.061812] (kiss_icp) StdoutLine: {'line': b'-- Found tf2_ros: 0.25.18 (/opt/ros/humble/share/tf2_ros/cmake)\n'}
[5.122065] (-) TimerEvent: {}
[5.154961] (rslidar_msg) StdoutLine: {'line': b'-- Found ament_lint_auto: 0.12.14 (/opt/ros/humble/share/ament_lint_auto/cmake)\n'}
[5.199993] (rslidar_msg) StdoutLine: {'line': b"-- Added test 'copyright' to check source files copyright and LICENSE\n"}
[5.205522] (rslidar_msg) StdoutLine: {'line': b"-- Added test 'lint_cmake' to check CMake code style\n"}
[5.209011] (rslidar_msg) StdoutLine: {'line': b"-- Added test 'xmllint' to check XML markup files\n"}
[5.215169] (rslidar_msg) StdoutLine: {'line': b'-- Configuring done (5.0s)\n'}
[5.222399] (-) TimerEvent: {}
[5.227580] (kiss_icp) StdoutLine: {'line': b'-- Found std_srvs: 4.9.0 (/opt/ros/humble/share/std_srvs/cmake)\n'}
[5.304672] (rslidar_msg) StdoutLine: {'line': b'-- Generating done (0.1s)\n'}
[5.322499] (-) TimerEvent: {}
[5.374990] (rslidar_msg) StdoutLine: {'line': b'-- Build files have been written to: /home/ph/treasure/dockerBENCH/helios16p_ws/build/rslidar_msg\n'}
[5.400316] (kiss_icp) StdoutLine: {'line': b'-- Configuring done (4.6s)\n'}
[5.403971] (rslidar_msg) CommandEnded: {'returncode': 0}
[5.405109] (rslidar_msg) JobProgress: {'identifier': 'rslidar_msg', 'progress': 'build'}
[5.405912] (rslidar_msg) Command: {'cmd': ['/home/ph/.local/bin/cmake', '--build', '/home/ph/treasure/dockerBENCH/helios16p_ws/build/rslidar_msg', '--', '-j8', '-l8'], 'cwd': '/home/ph/treasure/dockerBENCH/helios16p_ws/build/rslidar_msg', 'env': OrderedDict([('LESSOPEN', '| /usr/bin/lesspipe %s'), ('USER', 'ph'), ('LC_TIME', 'it_IT.UTF-8'), ('XDG_SEAT', 'seat0'), ('XDG_SESSION_TYPE', 'x11'), ('SHLVL', '1'), ('LD_LIBRARY_PATH', '/opt/ros/humble/opt/rviz_ogre_vendor/lib:/opt/ros/humble/lib/x86_64-linux-gnu:/opt/ros/humble/lib'), ('HOME', '/home/ph'), ('OLDPWD', '/home/ph/treasure'), ('DESKTOP_SESSION', 'i3'), ('ROS_PYTHON_VERSION', '3'), ('GTK_MODULES', 'gail:atk-bridge'), ('PS1', '(pvenv) \\[\\e]0;\\u@\\h: \\w\\a\\]${debian_chroot:+($debian_chroot)}\\u@\\h:\\w\\$'), ('LC_MONETARY', 'it_IT.UTF-8'), ('SYSTEMD_EXEC_PID', '2203'), ('DBUS_SESSION_BUS_ADDRESS', 'unix:path=/run/user/1000/bus'), ('_colcon_cd_root', '/opt/ros/humble/'), ('ROS_DISTRO', 'humble'), ('GTK_IM_MODULE', 'ibus'), ('LOGNAME', 'ph'), ('WINDOWID', '35651596'), ('_', '/usr/bin/colcon'), ('ROS_VERSION', '2'), ('XTERM_SHELL', '/bin/bash'), ('XDG_SESSION_CLASS', 'user'), ('USERNAME', 'ph'), ('TERM', 'xterm'), ('XDG_SESSION_ID', '3'), ('ROS_LOCALHOST_ONLY', '0'), ('WINDOWPATH', '2'), ('PATH', '/home/ph/myvenv/pvenv/bin:/home/ph/.local/bin:/home/ph/.local/bin:/home/ph/.local/bin:/opt/ros/humble/bin:/usr/local/sbin:/usr/local/bin:/usr/sbin:/usr/bin:/sbin:/bin:/usr/games:/usr/local/games:/snap/bin:/snap/bin'), ('LC_ADDRESS', 'it_IT.UTF-8'), ('XDG_RUNTIME_DIR', '/run/user/1000'), ('DISPLAY', ':0'), ('LANG', 'en_US.UTF-8'), ('XDG_CURRENT_DESKTOP', 'i3'), ('LC_TELEPHONE', 'it_IT.UTF-8'), ('VIRTUAL_ENV_PROMPT', '(pvenv)'), ('XMODIFIERS', '@im=ibus'), ('XDG_SESSION_DESKTOP', 'i3'), ('XAUTHORITY', '/run/user/1000/gdm/Xauthority'), ('LS_COLORS', 'rs=0:di=01;34:ln=01;36:mh=00:pi=40;33:so=01;35:do=01;35:bd=40;33;01:cd=40;33;01:or=40;31;01:mi=00:su=37;41:sg=30;43:ca=30;41:tw=30;42:ow=34;42:st=37;44:ex=01;32:*.tar=01;31:*.tgz=01;31:*.arc=01;31:*.arj=01;31:*.taz=01;31:*.lha=01;31:*.lz4=01;31:*.lzh=01;31:*.lzma=01;31:*.tlz=01;31:*.txz=01;31:*.tzo=01;31:*.t7z=01;31:*.zip=01;31:*.z=01;31:*.dz=01;31:*.gz=01;31:*.lrz=01;31:*.lz=01;31:*.lzo=01;31:*.xz=01;31:*.zst=01;31:*.tzst=01;31:*.bz2=01;31:*.bz=01;31:*.tbz=01;31:*.tbz2=01;31:*.tz=01;31:*.deb=01;31:*.rpm=01;31:*.jar=01;31:*.war=01;31:*.ear=01;31:*.sar=01;31:*.rar=01;31:*.alz=01;31:*.ace=01;31:*.zoo=01;31:*.cpio=01;31:*.7z=01;31:*.rz=01;31:*.cab=01;31:*.wim=01;31:*.swm=01;31:*.dwm=01;31:*.esd=01;31:*.jpg=01;35:*.jpeg=01;35:*.mjpg=01;35:*.mjpeg=01;35:*.gif=01;35:*.bmp=01;35:*.pbm=01;35:*.pgm=01;35:*.ppm=01;35:*.tga=01;35:*.xbm=01;35:*.xpm=01;35:*.tif=01;35:*.tiff=01;35:*.png=01;35:*.svg=01;35:*.svgz=01;35:*.mng=01;35:*.pcx=01;35:*.mov=01;35:*.mpg=01;35:*.mpeg=01;35:*.m2v=01;35:*.mkv=01;35:*.webm=01;35:*.webp=01;35:*.ogm=01;35:*.mp4=01;35:*.m4v=01;35:*.mp4v=01;35:*.vob=01;35:*.qt=01;35:*.nuv=01;35:*.wmv=01;35:*.asf=01;35:*.rm=01;35:*.rmvb=01;35:*.flc=01;35:*.avi=01;35:*.fli=01;35:*.flv=01;35:*.gl=01;35:*.dl=01;35:*.xcf=01;35:*.xwd=01;35:*.yuv=01;35:*.cgm=01;35:*.emf=01;35:*.ogv=01;35:*.ogx=01;35:*.aac=00;36:*.au=00;36:*.flac=00;36:*.m4a=00;36:*.mid=00;36:*.midi=00;36:*.mka=00;36:*.mp3=00;36:*.mpc=00;36:*.ogg=00;36:*.ra=00;36:*.wav=00;36:*.oga=00;36:*.opus=00;36:*.spx=00;36:*.xspf=00;36:'), ('ROS_DOMAIN_ID', '7'), ('AMENT_PREFIX_PATH', '/opt/ros/humble'), ('SHELL', '/bin/bash'), ('CMAKE_POLICY_VERSION_MINIMUM', '3.5'), ('LC_NAME', 'it_IT.UTF-8'), ('QT_ACCESSIBILITY', '1'), ('GDMSESSION', 'i3'), ('LESSCLOSE', '/usr/bin/lesspipe %s %s'), ('LC_MEASUREMENT', 'it_IT.UTF-8'), ('GPG_AGENT_INFO', '/run/user/1000/gnupg/S.gpg-agent:0:1'), ('LC_IDENTIFICATION', 'it_IT.UTF-8'), ('VIRTUAL_ENV', '/home/ph/myvenv/pvenv'), ('QT_IM_MODULE', 'ibus'), ('XDG_VTNR', '2'), ('GPG_TTY', '/dev/pts/0'), ('PWD', '/home/ph/treasure/dockerBENCH/helios16p_ws/build/rslidar_msg'), ('LC_ALL', 'en_US.UTF-8'), ('XDG_CONFIG_DIRS', '/etc/xdg/xdg-i3:/etc/xdg'), ('XTERM_LOCALE', 'en_US.UTF-8'), ('CLUTTER_IM_MODULE', 'ibus'), ('XDG_DATA_DIRS', '/usr/share/i3:/usr/share/gnome:/usr/local/share/:/usr/share/:/var/lib/snapd/desktop'), ('XTERM_VERSION', 'XTerm(372)'), ('PYTHONPATH', '/opt/ros/humble/lib/python3.10/site-packages:/opt/ros/humble/local/lib/python3.10/dist-packages'), ('LC_NUMERIC', 'it_IT.UTF-8'), ('I3SOCK', '/run/user/1000/i3/ipc-socket.2364'), ('LC_PAPER', 'it_IT.UTF-8'), ('COLCON', '1'), ('CMAKE_PREFIX_PATH', '/opt/ros/humble')]), 'shell': False}
[5.422642] (-) TimerEvent: {}
[5.491827] (kiss_icp) StdoutLine: {'line': b'-- Generating done (0.1s)\n'}
[5.522785] (-) TimerEvent: {}
[5.586046] (kiss_icp) StdoutLine: {'line': b'-- Build files have been written to: /home/ph/treasure/dockerBENCH/helios16p_ws/build/kiss_icp\n'}
[5.601443] (rslidar_msg) StdoutLine: {'line': b'[  3%] \x1b[1m\x1b[34mGenerating C code for ROS interfaces\x1b[0m\n'}
[5.607089] (rslidar_msg) StdoutLine: {'line': b'[  6%] \x1b[1m\x1b[34mGenerating C++ code for ROS interfaces\x1b[0m\n'}
[5.620829] (rslidar_msg) StdoutLine: {'line': b'[  6%] Built target ament_cmake_python_copy_rslidar_msg\n'}
[5.622908] (-) TimerEvent: {}
[5.627077] (kiss_icp) CommandEnded: {'returncode': 0}
[5.628057] (kiss_icp) JobProgress: {'identifier': 'kiss_icp', 'progress': 'build'}
[5.628130] (kiss_icp) Command: {'cmd': ['/home/ph/.local/bin/cmake', '--build', '/home/ph/treasure/dockerBENCH/helios16p_ws/build/kiss_icp', '--', '-j8', '-l8'], 'cwd': '/home/ph/treasure/dockerBENCH/helios16p_ws/build/kiss_icp', 'env': OrderedDict([('LESSOPEN', '| /usr/bin/lesspipe %s'), ('USER', 'ph'), ('LC_TIME', 'it_IT.UTF-8'), ('XDG_SEAT', 'seat0'), ('XDG_SESSION_TYPE', 'x11'), ('SHLVL', '1'), ('LD_LIBRARY_PATH', '/opt/ros/humble/opt/rviz_ogre_vendor/lib:/opt/ros/humble/lib/x86_64-linux-gnu:/opt/ros/humble/lib'), ('HOME', '/home/ph'), ('OLDPWD', '/home/ph/treasure'), ('DESKTOP_SESSION', 'i3'), ('ROS_PYTHON_VERSION', '3'), ('GTK_MODULES', 'gail:atk-bridge'), ('PS1', '(pvenv) \\[\\e]0;\\u@\\h: \\w\\a\\]${debian_chroot:+($debian_chroot)}\\u@\\h:\\w\\$'), ('LC_MONETARY', 'it_IT.UTF-8'), ('SYSTEMD_EXEC_PID', '2203'), ('DBUS_SESSION_BUS_ADDRESS', 'unix:path=/run/user/1000/bus'), ('_colcon_cd_root', '/opt/ros/humble/'), ('ROS_DISTRO', 'humble'), ('GTK_IM_MODULE', 'ibus'), ('LOGNAME', 'ph'), ('WINDOWID', '35651596'), ('_', '/usr/bin/colcon'), ('ROS_VERSION', '2'), ('XTERM_SHELL', '/bin/bash'), ('XDG_SESSION_CLASS', 'user'), ('USERNAME', 'ph'), ('TERM', 'xterm'), ('XDG_SESSION_ID', '3'), ('ROS_LOCALHOST_ONLY', '0'), ('WINDOWPATH', '2'), ('PATH', '/home/ph/myvenv/pvenv/bin:/home/ph/.local/bin:/home/ph/.local/bin:/home/ph/.local/bin:/opt/ros/humble/bin:/usr/local/sbin:/usr/local/bin:/usr/sbin:/usr/bin:/sbin:/bin:/usr/games:/usr/local/games:/snap/bin:/snap/bin'), ('LC_ADDRESS', 'it_IT.UTF-8'), ('XDG_RUNTIME_DIR', '/run/user/1000'), ('DISPLAY', ':0'), ('LANG', 'en_US.UTF-8'), ('XDG_CURRENT_DESKTOP', 'i3'), ('LC_TELEPHONE', 'it_IT.UTF-8'), ('VIRTUAL_ENV_PROMPT', '(pvenv)'), ('XMODIFIERS', '@im=ibus'), ('XDG_SESSION_DESKTOP', 'i3'), ('XAUTHORITY', '/run/user/1000/gdm/Xauthority'), ('LS_COLORS', 'rs=0:di=01;34:ln=01;36:mh=00:pi=40;33:so=01;35:do=01;35:bd=40;33;01:cd=40;33;01:or=40;31;01:mi=00:su=37;41:sg=30;43:ca=30;41:tw=30;42:ow=34;42:st=37;44:ex=01;32:*.tar=01;31:*.tgz=01;31:*.arc=01;31:*.arj=01;31:*.taz=01;31:*.lha=01;31:*.lz4=01;31:*.lzh=01;31:*.lzma=01;31:*.tlz=01;31:*.txz=01;31:*.tzo=01;31:*.t7z=01;31:*.zip=01;31:*.z=01;31:*.dz=01;31:*.gz=01;31:*.lrz=01;31:*.lz=01;31:*.lzo=01;31:*.xz=01;31:*.zst=01;31:*.tzst=01;31:*.bz2=01;31:*.bz=01;31:*.tbz=01;31:*.tbz2=01;31:*.tz=01;31:*.deb=01;31:*.rpm=01;31:*.jar=01;31:*.war=01;31:*.ear=01;31:*.sar=01;31:*.rar=01;31:*.alz=01;31:*.ace=01;31:*.zoo=01;31:*.cpio=01;31:*.7z=01;31:*.rz=01;31:*.cab=01;31:*.wim=01;31:*.swm=01;31:*.dwm=01;31:*.esd=01;31:*.jpg=01;35:*.jpeg=01;35:*.mjpg=01;35:*.mjpeg=01;35:*.gif=01;35:*.bmp=01;35:*.pbm=01;35:*.pgm=01;35:*.ppm=01;35:*.tga=01;35:*.xbm=01;35:*.xpm=01;35:*.tif=01;35:*.tiff=01;35:*.png=01;35:*.svg=01;35:*.svgz=01;35:*.mng=01;35:*.pcx=01;35:*.mov=01;35:*.mpg=01;35:*.mpeg=01;35:*.m2v=01;35:*.mkv=01;35:*.webm=01;35:*.webp=01;35:*.ogm=01;35:*.mp4=01;35:*.m4v=01;35:*.mp4v=01;35:*.vob=01;35:*.qt=01;35:*.nuv=01;35:*.wmv=01;35:*.asf=01;35:*.rm=01;35:*.rmvb=01;35:*.flc=01;35:*.avi=01;35:*.fli=01;35:*.flv=01;35:*.gl=01;35:*.dl=01;35:*.xcf=01;35:*.xwd=01;35:*.yuv=01;35:*.cgm=01;35:*.emf=01;35:*.ogv=01;35:*.ogx=01;35:*.aac=00;36:*.au=00;36:*.flac=00;36:*.m4a=00;36:*.mid=00;36:*.midi=00;36:*.mka=00;36:*.mp3=00;36:*.mpc=00;36:*.ogg=00;36:*.ra=00;36:*.wav=00;36:*.oga=00;36:*.opus=00;36:*.spx=00;36:*.xspf=00;36:'), ('ROS_DOMAIN_ID', '7'), ('AMENT_PREFIX_PATH', '/opt/ros/humble'), ('SHELL', '/bin/bash'), ('CMAKE_POLICY_VERSION_MINIMUM', '3.5'), ('LC_NAME', 'it_IT.UTF-8'), ('QT_ACCESSIBILITY', '1'), ('GDMSESSION', 'i3'), ('LESSCLOSE', '/usr/bin/lesspipe %s %s'), ('LC_MEASUREMENT', 'it_IT.UTF-8'), ('GPG_AGENT_INFO', '/run/user/1000/gnupg/S.gpg-agent:0:1'), ('LC_IDENTIFICATION', 'it_IT.UTF-8'), ('VIRTUAL_ENV', '/home/ph/myvenv/pvenv'), ('QT_IM_MODULE', 'ibus'), ('XDG_VTNR', '2'), ('GPG_TTY', '/dev/pts/0'), ('PWD', '/home/ph/treasure/dockerBENCH/helios16p_ws/build/kiss_icp'), ('LC_ALL', 'en_US.UTF-8'), ('XDG_CONFIG_DIRS', '/etc/xdg/xdg-i3:/etc/xdg'), ('XTERM_LOCALE', 'en_US.UTF-8'), ('CLUTTER_IM_MODULE', 'ibus'), ('XDG_DATA_DIRS', '/usr/share/i3:/usr/share/gnome:/usr/local/share/:/usr/share/:/var/lib/snapd/desktop'), ('XTERM_VERSION', 'XTerm(372)'), ('PYTHONPATH', '/opt/ros/humble/lib/python3.10/site-packages:/opt/ros/humble/local/lib/python3.10/dist-packages'), ('LC_NUMERIC', 'it_IT.UTF-8'), ('I3SOCK', '/run/user/1000/i3/ipc-socket.2364'), ('LC_PAPER', 'it_IT.UTF-8'), ('COLCON', '1'), ('CMAKE_PREFIX_PATH', '/opt/ros/humble')]), 'shell': False}
[5.723868] (-) TimerEvent: {}
[5.824306] (-) TimerEvent: {}
[5.911469] (kiss_icp) StdoutLine: {'line': b'[  7%] \x1b[32mBuilding CXX object kiss_icp/metrics/CMakeFiles/kiss_icp_metrics.dir/Metrics.cpp.o\x1b[0m\n'}
[5.911771] (kiss_icp) StdoutLine: {'line': b'[ 14%] \x1b[32mBuilding CXX object kiss_icp/core/CMakeFiles/kiss_icp_core.dir/Registration.cpp.o\x1b[0m\n'}
[5.915915] (kiss_icp) StdoutLine: {'line': b'[ 21%] \x1b[32mBuilding CXX object CMakeFiles/kiss_icp_node.dir/rclcpp_components/node_main_kiss_icp_node.cpp.o\x1b[0m\n'}
[5.919579] (kiss_icp) StdoutLine: {'line': b'[ 28%] \x1b[32mBuilding CXX object kiss_icp/core/CMakeFiles/kiss_icp_core.dir/VoxelHashMap.cpp.o\x1b[0m\n'}
[5.924345] (kiss_icp) StdoutLine: {'line': b'[ 35%] \x1b[32mBuilding CXX object kiss_icp/core/CMakeFiles/kiss_icp_core.dir/VoxelUtils.cpp.o\x1b[0m\n'}
[5.924631] (-) TimerEvent: {}
[5.927453] (kiss_icp) StdoutLine: {'line': b'[ 42%] \x1b[32mBuilding CXX object kiss_icp/core/CMakeFiles/kiss_icp_core.dir/Preprocessing.cpp.o\x1b[0m\n'}
[5.929130] (kiss_icp) StdoutLine: {'line': b'[ 50%] \x1b[32mBuilding CXX object kiss_icp/core/CMakeFiles/kiss_icp_core.dir/Threshold.cpp.o\x1b[0m\n'}
[6.025400] (-) TimerEvent: {}
[6.128094] (-) TimerEvent: {}
[6.230577] (-) TimerEvent: {}
[6.336389] (-) TimerEvent: {}
[6.418024] (rslidar_msg) StdoutLine: {'line': b'[  9%] \x1b[32mBuilding C object CMakeFiles/rslidar_msg__rosidl_generator_c.dir/rosidl_generator_c/rslidar_msg/msg/detail/rslidar_packet__functions.c.o\x1b[0m\n'}
[6.436560] (-) TimerEvent: {}
[6.517551] (rslidar_msg) StdoutLine: {'line': b'[  9%] Built target rslidar_msg__cpp\n'}
[6.536666] (-) TimerEvent: {}
[6.537706] (rslidar_msg) StdoutLine: {'line': b'[ 12%] \x1b[1m\x1b[34mGenerating C++ type support for eProsima Fast-RTPS\x1b[0m\n'}
[6.542128] (rslidar_msg) StdoutLine: {'line': b'[ 16%] \x1b[1m\x1b[34mGenerating C++ type support dispatch for ROS interfaces\x1b[0m\n'}
[6.555389] (rslidar_msg) StdoutLine: {'line': b'[ 19%] \x1b[1m\x1b[34mGenerating C++ introspection for ROS interfaces\x1b[0m\n'}
[6.577356] (rslidar_msg) StdoutLine: {'line': b'running egg_info\n'}
[6.577693] (rslidar_msg) StdoutLine: {'line': b'creating rslidar_msg.egg-info\n'}
[6.577916] (rslidar_msg) StdoutLine: {'line': b'writing rslidar_msg.egg-info/PKG-INFO\n'}
[6.578066] (rslidar_msg) StdoutLine: {'line': b'writing dependency_links to rslidar_msg.egg-info/dependency_links.txt\n'}
[6.578272] (rslidar_msg) StdoutLine: {'line': b'writing top-level names to rslidar_msg.egg-info/top_level.txt\n'}
[6.578475] (rslidar_msg) StdoutLine: {'line': b"writing manifest file 'rslidar_msg.egg-info/SOURCES.txt'\n"}
[6.589852] (rslidar_msg) StdoutLine: {'line': b"reading manifest file 'rslidar_msg.egg-info/SOURCES.txt'\n"}
[6.591100] (rslidar_msg) StdoutLine: {'line': b"writing manifest file 'rslidar_msg.egg-info/SOURCES.txt'\n"}
[6.624671] (rslidar_msg) StdoutLine: {'line': b'[ 22%] \x1b[1m\x1b[32mLinking C shared library librslidar_msg__rosidl_generator_c.so\x1b[0m\n'}
[6.640548] (-) TimerEvent: {}
[6.729507] (rslidar_msg) StdoutLine: {'line': b'[ 22%] Built target ament_cmake_python_build_rslidar_msg_egg\n'}
[6.740637] (-) TimerEvent: {}
[6.777451] (rslidar_msg) StdoutLine: {'line': b'[ 22%] Built target rslidar_msg__rosidl_generator_c\n'}
[6.796596] (rslidar_msg) StdoutLine: {'line': b'[ 25%] \x1b[1m\x1b[34mGenerating C introspection for ROS interfaces\x1b[0m\n'}
[6.799323] (rslidar_msg) StdoutLine: {'line': b'[ 29%] \x1b[1m\x1b[34mGenerating C type support dispatch for ROS interfaces\x1b[0m\n'}
[6.811532] (rslidar_msg) StdoutLine: {'line': b'[ 32%] \x1b[1m\x1b[34mGenerating C type support for eProsima Fast-RTPS\x1b[0m\n'}
[6.843367] (-) TimerEvent: {}
[6.943830] (-) TimerEvent: {}
[7.045526] (-) TimerEvent: {}
[7.146035] (-) TimerEvent: {}
[7.246497] (-) TimerEvent: {}
[7.349377] (-) TimerEvent: {}
[7.449811] (-) TimerEvent: {}
[7.550473] (-) TimerEvent: {}
[7.651070] (-) TimerEvent: {}
[7.730380] (rslidar_msg) StdoutLine: {'line': b'[ 35%] \x1b[32mBuilding CXX object CMakeFiles/rslidar_msg__rosidl_typesupport_c.dir/rosidl_typesupport_c/rslidar_msg/msg/rslidar_packet__type_support.cpp.o\x1b[0m\n'}
[7.753386] (-) TimerEvent: {}
[7.768454] (rslidar_msg) StdoutLine: {'line': b'[ 38%] \x1b[32mBuilding CXX object CMakeFiles/rslidar_msg__rosidl_typesupport_fastrtps_cpp.dir/rosidl_typesupport_fastrtps_cpp/rslidar_msg/msg/detail/dds_fastrtps/rslidar_packet__type_support.cpp.o\x1b[0m\n'}
[7.802453] (rslidar_msg) StdoutLine: {'line': b'[ 41%] \x1b[32mBuilding CXX object CMakeFiles/rslidar_msg__rosidl_typesupport_introspection_cpp.dir/rosidl_typesupport_introspection_cpp/rslidar_msg/msg/detail/rslidar_packet__type_support.cpp.o\x1b[0m\n'}
[7.834632] (rslidar_msg) StdoutLine: {'line': b'[ 45%] \x1b[1m\x1b[32mLinking CXX shared library librslidar_msg__rosidl_typesupport_c.so\x1b[0m\n'}
[7.853515] (-) TimerEvent: {}
[7.869671] (rslidar_msg) StdoutLine: {'line': b'[ 48%] \x1b[32mBuilding CXX object CMakeFiles/rslidar_msg__rosidl_typesupport_cpp.dir/rosidl_typesupport_cpp/rslidar_msg/msg/rslidar_packet__type_support.cpp.o\x1b[0m\n'}
[7.954388] (-) TimerEvent: {}
[7.991154] (rslidar_msg) StdoutLine: {'line': b'[ 48%] Built target rslidar_msg__rosidl_typesupport_c\n'}
[8.045480] (rslidar_msg) StdoutLine: {'line': b'[ 51%] \x1b[32mBuilding C object CMakeFiles/rslidar_msg__rosidl_typesupport_introspection_c.dir/rosidl_typesupport_introspection_c/rslidar_msg/msg/detail/rslidar_packet__type_support.c.o\x1b[0m\n'}
[8.054544] (-) TimerEvent: {}
[8.155637] (-) TimerEvent: {}
[8.232248] (rslidar_msg) StdoutLine: {'line': b'[ 54%] \x1b[1m\x1b[32mLinking C shared library librslidar_msg__rosidl_typesupport_introspection_c.so\x1b[0m\n'}
[8.255774] (-) TimerEvent: {}
[8.314628] (rslidar_msg) StdoutLine: {'line': b'[ 58%] \x1b[32mBuilding CXX object CMakeFiles/rslidar_msg__rosidl_typesupport_fastrtps_c.dir/rosidl_typesupport_fastrtps_c/rslidar_msg/msg/detail/rslidar_packet__type_support_c.cpp.o\x1b[0m\n'}
[8.332095] (rslidar_msg) StdoutLine: {'line': b'[ 58%] Built target rslidar_msg__rosidl_typesupport_introspection_c\n'}
[8.355923] (-) TimerEvent: {}
[8.459383] (-) TimerEvent: {}
[8.559887] (-) TimerEvent: {}
[8.660361] (-) TimerEvent: {}
[8.760871] (-) TimerEvent: {}
[8.862623] (-) TimerEvent: {}
[8.965213] (-) TimerEvent: {}
[9.065719] (-) TimerEvent: {}
[9.176387] (-) TimerEvent: {}
[9.276891] (-) TimerEvent: {}
[9.377386] (-) TimerEvent: {}
[9.454119] (rslidar_msg) StdoutLine: {'line': b'[ 61%] \x1b[1m\x1b[32mLinking CXX shared library librslidar_msg__rosidl_typesupport_cpp.so\x1b[0m\n'}
[9.481392] (-) TimerEvent: {}
[9.581872] (-) TimerEvent: {}
[9.639843] (rslidar_msg) StdoutLine: {'line': b'[ 61%] Built target rslidar_msg__rosidl_typesupport_cpp\n'}
[9.687396] (-) TimerEvent: {}
[9.787908] (-) TimerEvent: {}
[9.801869] (rslidar_msg) StdoutLine: {'line': b'[ 64%] \x1b[1m\x1b[32mLinking CXX shared library librslidar_msg__rosidl_typesupport_fastrtps_cpp.so\x1b[0m\n'}
[9.888045] (-) TimerEvent: {}
[9.989391] (-) TimerEvent: {}
[10.089878] (-) TimerEvent: {}
[10.188142] (rslidar_msg) StdoutLine: {'line': b'[ 67%] \x1b[1m\x1b[32mLinking CXX shared library librslidar_msg__rosidl_typesupport_introspection_cpp.so\x1b[0m\n'}
[10.190003] (-) TimerEvent: {}
[10.274825] (rslidar_msg) StdoutLine: {'line': b'[ 70%] \x1b[1m\x1b[32mLinking CXX shared library librslidar_msg__rosidl_typesupport_fastrtps_c.so\x1b[0m\n'}
[10.275234] (rslidar_msg) StdoutLine: {'line': b'[ 70%] Built target rslidar_msg__rosidl_typesupport_fastrtps_cpp\n'}
[10.290243] (-) TimerEvent: {}
[10.391076] (-) TimerEvent: {}
[10.494421] (-) TimerEvent: {}
[10.508013] (rslidar_msg) StdoutLine: {'line': b'[ 70%] Built target rslidar_msg__rosidl_typesupport_introspection_cpp\n'}
[10.594556] (-) TimerEvent: {}
[10.620578] (rslidar_msg) StdoutLine: {'line': b'[ 70%] Built target rslidar_msg__rosidl_typesupport_fastrtps_c\n'}
[10.686610] (rslidar_msg) StdoutLine: {'line': b'[ 70%] Built target rslidar_msg\n'}
[10.694697] (-) TimerEvent: {}
[10.749872] (rslidar_msg) StdoutLine: {'line': b'[ 74%] \x1b[1m\x1b[34mGenerating Python code for ROS interfaces\x1b[0m\n'}
[10.794862] (-) TimerEvent: {}
[10.895370] (-) TimerEvent: {}
[10.997479] (-) TimerEvent: {}
[11.099715] (-) TimerEvent: {}
[11.200158] (-) TimerEvent: {}
[11.301394] (-) TimerEvent: {}
[11.403417] (-) TimerEvent: {}
[11.504430] (-) TimerEvent: {}
[11.607376] (-) TimerEvent: {}
[11.707825] (-) TimerEvent: {}
[11.808314] (-) TimerEvent: {}
[11.913444] (-) TimerEvent: {}
[12.013922] (-) TimerEvent: {}
[12.114388] (-) TimerEvent: {}
[12.211544] (rslidar_msg) StdoutLine: {'line': b'[ 74%] Built target rslidar_msg__py\n'}
[12.214533] (-) TimerEvent: {}
[12.265638] (rslidar_msg) StdoutLine: {'line': b'[ 77%] \x1b[32mBuilding C object CMakeFiles/rslidar_msg__rosidl_generator_py.dir/rosidl_generator_py/rslidar_msg/msg/_rslidar_packet_s.c.o\x1b[0m\n'}
[12.314676] (-) TimerEvent: {}
[12.415171] (-) TimerEvent: {}
[12.515683] (-) TimerEvent: {}
[12.619405] (-) TimerEvent: {}
[12.719923] (-) TimerEvent: {}
[12.802770] (rslidar_msg) StdoutLine: {'line': b'[ 80%] \x1b[1m\x1b[32mLinking C shared library rosidl_generator_py/rslidar_msg/librslidar_msg__rosidl_generator_py.so\x1b[0m\n'}
[12.821455] (-) TimerEvent: {}
[12.921951] (-) TimerEvent: {}
[12.975659] (rslidar_msg) StdoutLine: {'line': b'[ 80%] Built target rslidar_msg__rosidl_generator_py\n'}
[13.022103] (-) TimerEvent: {}
[13.026667] (rslidar_msg) StdoutLine: {'line': b'[ 83%] \x1b[32mBuilding C object CMakeFiles/rslidar_msg__rosidl_typesupport_fastrtps_c__pyext.dir/rosidl_generator_py/rslidar_msg/_rslidar_msg_s.ep.rosidl_typesupport_fastrtps_c.c.o\x1b[0m\n'}
[13.036446] (rslidar_msg) StdoutLine: {'line': b'[ 87%] \x1b[32mBuilding C object CMakeFiles/rslidar_msg__rosidl_typesupport_introspection_c__pyext.dir/rosidl_generator_py/rslidar_msg/_rslidar_msg_s.ep.rosidl_typesupport_introspection_c.c.o\x1b[0m\n'}
[13.042805] (rslidar_msg) StdoutLine: {'line': b'[ 90%] \x1b[32mBuilding C object CMakeFiles/rslidar_msg__rosidl_typesupport_c__pyext.dir/rosidl_generator_py/rslidar_msg/_rslidar_msg_s.ep.rosidl_typesupport_c.c.o\x1b[0m\n'}
[13.125396] (-) TimerEvent: {}
[13.228388] (-) TimerEvent: {}
[13.328825] (-) TimerEvent: {}
[13.379891] (rslidar_msg) StdoutLine: {'line': b'[ 93%] \x1b[1m\x1b[32mLinking C shared library rosidl_generator_py/rslidar_msg/rslidar_msg_s__rosidl_typesupport_fastrtps_c.cpython-310-x86_64-linux-gnu.so\x1b[0m\n'}
[13.409555] (rslidar_msg) StdoutLine: {'line': b'[ 96%] \x1b[1m\x1b[32mLinking C shared library rosidl_generator_py/rslidar_msg/rslidar_msg_s__rosidl_typesupport_c.cpython-310-x86_64-linux-gnu.so\x1b[0m\n'}
[13.428544] (rslidar_msg) StdoutLine: {'line': b'[100%] \x1b[1m\x1b[32mLinking C shared library rosidl_generator_py/rslidar_msg/rslidar_msg_s__rosidl_typesupport_introspection_c.cpython-310-x86_64-linux-gnu.so\x1b[0m\n'}
[13.428902] (-) TimerEvent: {}
[13.529841] (-) TimerEvent: {}
[13.533538] (rslidar_msg) StdoutLine: {'line': b'[100%] Built target rslidar_msg__rosidl_typesupport_introspection_c__pyext\n'}
[13.538549] (rslidar_msg) StdoutLine: {'line': b'[100%] Built target rslidar_msg__rosidl_typesupport_c__pyext\n'}
[13.544711] (rslidar_msg) StdoutLine: {'line': b'[100%] Built target rslidar_msg__rosidl_typesupport_fastrtps_c__pyext\n'}
[13.580542] (rslidar_msg) CommandEnded: {'returncode': 0}
[13.581609] (rslidar_msg) JobProgress: {'identifier': 'rslidar_msg', 'progress': 'install'}
[13.581780] (rslidar_msg) Command: {'cmd': ['/home/ph/.local/bin/cmake', '--install', '/home/ph/treasure/dockerBENCH/helios16p_ws/build/rslidar_msg'], 'cwd': '/home/ph/treasure/dockerBENCH/helios16p_ws/build/rslidar_msg', 'env': OrderedDict([('LESSOPEN', '| /usr/bin/lesspipe %s'), ('USER', 'ph'), ('LC_TIME', 'it_IT.UTF-8'), ('XDG_SEAT', 'seat0'), ('XDG_SESSION_TYPE', 'x11'), ('SHLVL', '1'), ('LD_LIBRARY_PATH', '/opt/ros/humble/opt/rviz_ogre_vendor/lib:/opt/ros/humble/lib/x86_64-linux-gnu:/opt/ros/humble/lib'), ('HOME', '/home/ph'), ('OLDPWD', '/home/ph/treasure'), ('DESKTOP_SESSION', 'i3'), ('ROS_PYTHON_VERSION', '3'), ('GTK_MODULES', 'gail:atk-bridge'), ('PS1', '(pvenv) \\[\\e]0;\\u@\\h: \\w\\a\\]${debian_chroot:+($debian_chroot)}\\u@\\h:\\w\\$'), ('LC_MONETARY', 'it_IT.UTF-8'), ('SYSTEMD_EXEC_PID', '2203'), ('DBUS_SESSION_BUS_ADDRESS', 'unix:path=/run/user/1000/bus'), ('_colcon_cd_root', '/opt/ros/humble/'), ('ROS_DISTRO', 'humble'), ('GTK_IM_MODULE', 'ibus'), ('LOGNAME', 'ph'), ('WINDOWID', '35651596'), ('_', '/usr/bin/colcon'), ('ROS_VERSION', '2'), ('XTERM_SHELL', '/bin/bash'), ('XDG_SESSION_CLASS', 'user'), ('USERNAME', 'ph'), ('TERM', 'xterm'), ('XDG_SESSION_ID', '3'), ('ROS_LOCALHOST_ONLY', '0'), ('WINDOWPATH', '2'), ('PATH', '/home/ph/myvenv/pvenv/bin:/home/ph/.local/bin:/home/ph/.local/bin:/home/ph/.local/bin:/opt/ros/humble/bin:/usr/local/sbin:/usr/local/bin:/usr/sbin:/usr/bin:/sbin:/bin:/usr/games:/usr/local/games:/snap/bin:/snap/bin'), ('LC_ADDRESS', 'it_IT.UTF-8'), ('XDG_RUNTIME_DIR', '/run/user/1000'), ('DISPLAY', ':0'), ('LANG', 'en_US.UTF-8'), ('XDG_CURRENT_DESKTOP', 'i3'), ('LC_TELEPHONE', 'it_IT.UTF-8'), ('VIRTUAL_ENV_PROMPT', '(pvenv)'), ('XMODIFIERS', '@im=ibus'), ('XDG_SESSION_DESKTOP', 'i3'), ('XAUTHORITY', '/run/user/1000/gdm/Xauthority'), ('LS_COLORS', 'rs=0:di=01;34:ln=01;36:mh=00:pi=40;33:so=01;35:do=01;35:bd=40;33;01:cd=40;33;01:or=40;31;01:mi=00:su=37;41:sg=30;43:ca=30;41:tw=30;42:ow=34;42:st=37;44:ex=01;32:*.tar=01;31:*.tgz=01;31:*.arc=01;31:*.arj=01;31:*.taz=01;31:*.lha=01;31:*.lz4=01;31:*.lzh=01;31:*.lzma=01;31:*.tlz=01;31:*.txz=01;31:*.tzo=01;31:*.t7z=01;31:*.zip=01;31:*.z=01;31:*.dz=01;31:*.gz=01;31:*.lrz=01;31:*.lz=01;31:*.lzo=01;31:*.xz=01;31:*.zst=01;31:*.tzst=01;31:*.bz2=01;31:*.bz=01;31:*.tbz=01;31:*.tbz2=01;31:*.tz=01;31:*.deb=01;31:*.rpm=01;31:*.jar=01;31:*.war=01;31:*.ear=01;31:*.sar=01;31:*.rar=01;31:*.alz=01;31:*.ace=01;31:*.zoo=01;31:*.cpio=01;31:*.7z=01;31:*.rz=01;31:*.cab=01;31:*.wim=01;31:*.swm=01;31:*.dwm=01;31:*.esd=01;31:*.jpg=01;35:*.jpeg=01;35:*.mjpg=01;35:*.mjpeg=01;35:*.gif=01;35:*.bmp=01;35:*.pbm=01;35:*.pgm=01;35:*.ppm=01;35:*.tga=01;35:*.xbm=01;35:*.xpm=01;35:*.tif=01;35:*.tiff=01;35:*.png=01;35:*.svg=01;35:*.svgz=01;35:*.mng=01;35:*.pcx=01;35:*.mov=01;35:*.mpg=01;35:*.mpeg=01;35:*.m2v=01;35:*.mkv=01;35:*.webm=01;35:*.webp=01;35:*.ogm=01;35:*.mp4=01;35:*.m4v=01;35:*.mp4v=01;35:*.vob=01;35:*.qt=01;35:*.nuv=01;35:*.wmv=01;35:*.asf=01;35:*.rm=01;35:*.rmvb=01;35:*.flc=01;35:*.avi=01;35:*.fli=01;35:*.flv=01;35:*.gl=01;35:*.dl=01;35:*.xcf=01;35:*.xwd=01;35:*.yuv=01;35:*.cgm=01;35:*.emf=01;35:*.ogv=01;35:*.ogx=01;35:*.aac=00;36:*.au=00;36:*.flac=00;36:*.m4a=00;36:*.mid=00;36:*.midi=00;36:*.mka=00;36:*.mp3=00;36:*.mpc=00;36:*.ogg=00;36:*.ra=00;36:*.wav=00;36:*.oga=00;36:*.opus=00;36:*.spx=00;36:*.xspf=00;36:'), ('ROS_DOMAIN_ID', '7'), ('AMENT_PREFIX_PATH', '/opt/ros/humble'), ('SHELL', '/bin/bash'), ('CMAKE_POLICY_VERSION_MINIMUM', '3.5'), ('LC_NAME', 'it_IT.UTF-8'), ('QT_ACCESSIBILITY', '1'), ('GDMSESSION', 'i3'), ('LESSCLOSE', '/usr/bin/lesspipe %s %s'), ('LC_MEASUREMENT', 'it_IT.UTF-8'), ('GPG_AGENT_INFO', '/run/user/1000/gnupg/S.gpg-agent:0:1'), ('LC_IDENTIFICATION', 'it_IT.UTF-8'), ('VIRTUAL_ENV', '/home/ph/myvenv/pvenv'), ('QT_IM_MODULE', 'ibus'), ('XDG_VTNR', '2'), ('GPG_TTY', '/dev/pts/0'), ('PWD', '/home/ph/treasure/dockerBENCH/helios16p_ws/build/rslidar_msg'), ('LC_ALL', 'en_US.UTF-8'), ('XDG_CONFIG_DIRS', '/etc/xdg/xdg-i3:/etc/xdg'), ('XTERM_LOCALE', 'en_US.UTF-8'), ('CLUTTER_IM_MODULE', 'ibus'), ('XDG_DATA_DIRS', '/usr/share/i3:/usr/share/gnome:/usr/local/share/:/usr/share/:/var/lib/snapd/desktop'), ('XTERM_VERSION', 'XTerm(372)'), ('PYTHONPATH', '/opt/ros/humble/lib/python3.10/site-packages:/opt/ros/humble/local/lib/python3.10/dist-packages'), ('LC_NUMERIC', 'it_IT.UTF-8'), ('I3SOCK', '/run/user/1000/i3/ipc-socket.2364'), ('LC_PAPER', 'it_IT.UTF-8'), ('COLCON', '1'), ('CMAKE_PREFIX_PATH', '/opt/ros/humble')]), 'shell': False}
[13.635386] (-) TimerEvent: {}
[13.735863] (-) TimerEvent: {}
[13.836423] (-) TimerEvent: {}
[13.862088] (rslidar_msg) StdoutLine: {'line': b'-- Install configuration: ""\n'}
[13.862983] (rslidar_msg) StdoutLine: {'line': b'-- Installing: /home/ph/treasure/dockerBENCH/helios16p_ws/install/rslidar_msg/share/ament_index/resource_index/rosidl_interfaces/rslidar_msg\n'}
[13.864378] (rslidar_msg) StdoutLine: {'line': b'-- Installing: /home/ph/treasure/dockerBENCH/helios16p_ws/install/rslidar_msg/include/rslidar_msg/rslidar_msg\n'}
[13.865937] (rslidar_msg) StdoutLine: {'line': b'-- Installing: /home/ph/treasure/dockerBENCH/helios16p_ws/install/rslidar_msg/include/rslidar_msg/rslidar_msg/msg\n'}
[13.868515] (rslidar_msg) StdoutLine: {'line': b'-- Installing: /home/ph/treasure/dockerBENCH/helios16p_ws/install/rslidar_msg/include/rslidar_msg/rslidar_msg/msg/detail\n'}
[13.868833] (rslidar_msg) StdoutLine: {'line': b'-- Installing: /home/ph/treasure/dockerBENCH/helios16p_ws/install/rslidar_msg/include/rslidar_msg/rslidar_msg/msg/detail/rslidar_packet__struct.h\n'}
[13.869115] (rslidar_msg) StdoutLine: {'line': b'-- Installing: /home/ph/treasure/dockerBENCH/helios16p_ws/install/rslidar_msg/include/rslidar_msg/rslidar_msg/msg/detail/rslidar_packet__functions.h\n'}
[13.869277] (rslidar_msg) StdoutLine: {'line': b'-- Installing: /home/ph/treasure/dockerBENCH/helios16p_ws/install/rslidar_msg/include/rslidar_msg/rslidar_msg/msg/detail/rslidar_packet__functions.c\n'}
[13.870067] (rslidar_msg) StdoutLine: {'line': b'-- Installing: /home/ph/treasure/dockerBENCH/helios16p_ws/install/rslidar_msg/include/rslidar_msg/rslidar_msg/msg/detail/rslidar_packet__type_support.h\n'}
[13.870253] (rslidar_msg) StdoutLine: {'line': b'-- Installing: /home/ph/treasure/dockerBENCH/helios16p_ws/install/rslidar_msg/include/rslidar_msg/rslidar_msg/msg/rslidar_packet.h\n'}
[13.870442] (rslidar_msg) StdoutLine: {'line': b'-- Installing: /home/ph/treasure/dockerBENCH/helios16p_ws/install/rslidar_msg/include/rslidar_msg/rslidar_msg/msg/rosidl_generator_c__visibility_control.h\n'}
[13.870726] (rslidar_msg) StdoutLine: {'line': b'-- Installing: /home/ph/treasure/dockerBENCH/helios16p_ws/install/rslidar_msg/share/rslidar_msg/environment/library_path.sh\n'}
[13.871599] (rslidar_msg) StdoutLine: {'line': b'-- Installing: /home/ph/treasure/dockerBENCH/helios16p_ws/install/rslidar_msg/share/rslidar_msg/environment/library_path.dsv\n'}
[13.872624] (rslidar_msg) StdoutLine: {'line': b'-- Installing: /home/ph/treasure/dockerBENCH/helios16p_ws/install/rslidar_msg/lib/librslidar_msg__rosidl_generator_c.so\n'}
[13.873981] (rslidar_msg) StdoutLine: {'line': b'-- Set non-toolchain portion of runtime path of "/home/ph/treasure/dockerBENCH/helios16p_ws/install/rslidar_msg/lib/librslidar_msg__rosidl_generator_c.so" to ""\n'}
[13.874396] (rslidar_msg) StdoutLine: {'line': b'-- Up-to-date: /home/ph/treasure/dockerBENCH/helios16p_ws/install/rslidar_msg/include/rslidar_msg/rslidar_msg\n'}
[13.877087] (rslidar_msg) StdoutLine: {'line': b'-- Up-to-date: /home/ph/treasure/dockerBENCH/helios16p_ws/install/rslidar_msg/include/rslidar_msg/rslidar_msg/msg\n'}
[13.877524] (rslidar_msg) StdoutLine: {'line': b'-- Up-to-date: /home/ph/treasure/dockerBENCH/helios16p_ws/install/rslidar_msg/include/rslidar_msg/rslidar_msg/msg/detail\n'}
[13.877753] (rslidar_msg) StdoutLine: {'line': b'-- Installing: /home/ph/treasure/dockerBENCH/helios16p_ws/install/rslidar_msg/include/rslidar_msg/rslidar_msg/msg/detail/rslidar_packet__rosidl_typesupport_fastrtps_c.h\n'}
[13.880390] (rslidar_msg) StdoutLine: {'line': b'-- Installing: /home/ph/treasure/dockerBENCH/helios16p_ws/install/rslidar_msg/include/rslidar_msg/rslidar_msg/msg/rosidl_typesupport_fastrtps_c__visibility_control.h\n'}
[13.880805] (rslidar_msg) StdoutLine: {'line': b'-- Installing: /home/ph/treasure/dockerBENCH/helios16p_ws/install/rslidar_msg/lib/librslidar_msg__rosidl_typesupport_fastrtps_c.so\n'}
[13.880992] (rslidar_msg) StdoutLine: {'line': b'-- Set non-toolchain portion of runtime path of "/home/ph/treasure/dockerBENCH/helios16p_ws/install/rslidar_msg/lib/librslidar_msg__rosidl_typesupport_fastrtps_c.so" to ""\n'}
[13.881150] (rslidar_msg) StdoutLine: {'line': b'-- Up-to-date: /home/ph/treasure/dockerBENCH/helios16p_ws/install/rslidar_msg/include/rslidar_msg/rslidar_msg\n'}
[13.881321] (rslidar_msg) StdoutLine: {'line': b'-- Up-to-date: /home/ph/treasure/dockerBENCH/helios16p_ws/install/rslidar_msg/include/rslidar_msg/rslidar_msg/msg\n'}
[13.881495] (rslidar_msg) StdoutLine: {'line': b'-- Up-to-date: /home/ph/treasure/dockerBENCH/helios16p_ws/install/rslidar_msg/include/rslidar_msg/rslidar_msg/msg/detail\n'}
[13.881641] (rslidar_msg) StdoutLine: {'line': b'-- Installing: /home/ph/treasure/dockerBENCH/helios16p_ws/install/rslidar_msg/include/rslidar_msg/rslidar_msg/msg/detail/rslidar_packet__struct.hpp\n'}
[13.884588] (rslidar_msg) StdoutLine: {'line': b'-- Installing: /home/ph/treasure/dockerBENCH/helios16p_ws/install/rslidar_msg/include/rslidar_msg/rslidar_msg/msg/detail/rslidar_packet__type_support.hpp\n'}
[13.885004] (rslidar_msg) StdoutLine: {'line': b'-- Installing: /home/ph/treasure/dockerBENCH/helios16p_ws/install/rslidar_msg/include/rslidar_msg/rslidar_msg/msg/detail/rslidar_packet__traits.hpp\n'}
[13.886355] (rslidar_msg) StdoutLine: {'line': b'-- Installing: /home/ph/treasure/dockerBENCH/helios16p_ws/install/rslidar_msg/include/rslidar_msg/rslidar_msg/msg/detail/rslidar_packet__builder.hpp\n'}
[13.886662] (rslidar_msg) StdoutLine: {'line': b'-- Installing: /home/ph/treasure/dockerBENCH/helios16p_ws/install/rslidar_msg/include/rslidar_msg/rslidar_msg/msg/rosidl_generator_cpp__visibility_control.hpp\n'}
[13.886890] (rslidar_msg) StdoutLine: {'line': b'-- Installing: /home/ph/treasure/dockerBENCH/helios16p_ws/install/rslidar_msg/include/rslidar_msg/rslidar_msg/msg/rslidar_packet.hpp\n'}
[13.888483] (rslidar_msg) StdoutLine: {'line': b'-- Up-to-date: /home/ph/treasure/dockerBENCH/helios16p_ws/install/rslidar_msg/include/rslidar_msg/rslidar_msg\n'}
[13.890646] (rslidar_msg) StdoutLine: {'line': b'-- Up-to-date: /home/ph/treasure/dockerBENCH/helios16p_ws/install/rslidar_msg/include/rslidar_msg/rslidar_msg/msg\n'}
[13.890841] (rslidar_msg) StdoutLine: {'line': b'-- Up-to-date: /home/ph/treasure/dockerBENCH/helios16p_ws/install/rslidar_msg/include/rslidar_msg/rslidar_msg/msg/detail\n'}
[13.890999] (rslidar_msg) StdoutLine: {'line': b'-- Installing: /home/ph/treasure/dockerBENCH/helios16p_ws/install/rslidar_msg/include/rslidar_msg/rslidar_msg/msg/detail/rslidar_packet__rosidl_typesupport_fastrtps_cpp.hpp\n'}
[13.891154] (rslidar_msg) StdoutLine: {'line': b'-- Installing: /home/ph/treasure/dockerBENCH/helios16p_ws/install/rslidar_msg/include/rslidar_msg/rslidar_msg/msg/detail/dds_fastrtps\n'}
[13.892040] (rslidar_msg) StdoutLine: {'line': b'-- Installing: /home/ph/treasure/dockerBENCH/helios16p_ws/install/rslidar_msg/include/rslidar_msg/rslidar_msg/msg/rosidl_typesupport_fastrtps_cpp__visibility_control.h\n'}
[13.892296] (rslidar_msg) StdoutLine: {'line': b'-- Installing: /home/ph/treasure/dockerBENCH/helios16p_ws/install/rslidar_msg/lib/librslidar_msg__rosidl_typesupport_fastrtps_cpp.so\n'}
[13.892567] (rslidar_msg) StdoutLine: {'line': b'-- Set non-toolchain portion of runtime path of "/home/ph/treasure/dockerBENCH/helios16p_ws/install/rslidar_msg/lib/librslidar_msg__rosidl_typesupport_fastrtps_cpp.so" to ""\n'}
[13.892727] (rslidar_msg) StdoutLine: {'line': b'-- Up-to-date: /home/ph/treasure/dockerBENCH/helios16p_ws/install/rslidar_msg/include/rslidar_msg/rslidar_msg\n'}
[13.892878] (rslidar_msg) StdoutLine: {'line': b'-- Up-to-date: /home/ph/treasure/dockerBENCH/helios16p_ws/install/rslidar_msg/include/rslidar_msg/rslidar_msg/msg\n'}
[13.893058] (rslidar_msg) StdoutLine: {'line': b'-- Up-to-date: /home/ph/treasure/dockerBENCH/helios16p_ws/install/rslidar_msg/include/rslidar_msg/rslidar_msg/msg/detail\n'}
[13.893224] (rslidar_msg) StdoutLine: {'line': b'-- Installing: /home/ph/treasure/dockerBENCH/helios16p_ws/install/rslidar_msg/include/rslidar_msg/rslidar_msg/msg/detail/rslidar_packet__rosidl_typesupport_introspection_c.h\n'}
[13.901393] (rslidar_msg) StdoutLine: {'line': b'-- Installing: /home/ph/treasure/dockerBENCH/helios16p_ws/install/rslidar_msg/include/rslidar_msg/rslidar_msg/msg/detail/rslidar_packet__type_support.c\n'}
[13.901734] (rslidar_msg) StdoutLine: {'line': b'-- Installing: /home/ph/treasure/dockerBENCH/helios16p_ws/install/rslidar_msg/include/rslidar_msg/rslidar_msg/msg/rosidl_typesupport_introspection_c__visibility_control.h\n'}
[13.901951] (rslidar_msg) StdoutLine: {'line': b'-- Installing: /home/ph/treasure/dockerBENCH/helios16p_ws/install/rslidar_msg/lib/librslidar_msg__rosidl_typesupport_introspection_c.so\n'}
[13.902113] (rslidar_msg) StdoutLine: {'line': b'-- Set non-toolchain portion of runtime path of "/home/ph/treasure/dockerBENCH/helios16p_ws/install/rslidar_msg/lib/librslidar_msg__rosidl_typesupport_introspection_c.so" to ""\n'}
[13.902261] (rslidar_msg) StdoutLine: {'line': b'-- Installing: /home/ph/treasure/dockerBENCH/helios16p_ws/install/rslidar_msg/lib/librslidar_msg__rosidl_typesupport_c.so\n'}
[13.902626] (rslidar_msg) StdoutLine: {'line': b'-- Set non-toolchain portion of runtime path of "/home/ph/treasure/dockerBENCH/helios16p_ws/install/rslidar_msg/lib/librslidar_msg__rosidl_typesupport_c.so" to ""\n'}
[13.902823] (rslidar_msg) StdoutLine: {'line': b'-- Up-to-date: /home/ph/treasure/dockerBENCH/helios16p_ws/install/rslidar_msg/include/rslidar_msg/rslidar_msg\n'}
[13.902982] (rslidar_msg) StdoutLine: {'line': b'-- Up-to-date: /home/ph/treasure/dockerBENCH/helios16p_ws/install/rslidar_msg/include/rslidar_msg/rslidar_msg/msg\n'}
[13.903133] (rslidar_msg) StdoutLine: {'line': b'-- Up-to-date: /home/ph/treasure/dockerBENCH/helios16p_ws/install/rslidar_msg/include/rslidar_msg/rslidar_msg/msg/detail\n'}
[13.903337] (rslidar_msg) StdoutLine: {'line': b'-- Installing: /home/ph/treasure/dockerBENCH/helios16p_ws/install/rslidar_msg/include/rslidar_msg/rslidar_msg/msg/detail/rslidar_packet__type_support.cpp\n'}
[13.903537] (rslidar_msg) StdoutLine: {'line': b'-- Installing: /home/ph/treasure/dockerBENCH/helios16p_ws/install/rslidar_msg/include/rslidar_msg/rslidar_msg/msg/detail/rslidar_packet__rosidl_typesupport_introspection_cpp.hpp\n'}
[13.903689] (rslidar_msg) StdoutLine: {'line': b'-- Installing: /home/ph/treasure/dockerBENCH/helios16p_ws/install/rslidar_msg/lib/librslidar_msg__rosidl_typesupport_introspection_cpp.so\n'}
[13.903834] (rslidar_msg) StdoutLine: {'line': b'-- Set non-toolchain portion of runtime path of "/home/ph/treasure/dockerBENCH/helios16p_ws/install/rslidar_msg/lib/librslidar_msg__rosidl_typesupport_introspection_cpp.so" to ""\n'}
[13.903974] (rslidar_msg) StdoutLine: {'line': b'-- Installing: /home/ph/treasure/dockerBENCH/helios16p_ws/install/rslidar_msg/lib/librslidar_msg__rosidl_typesupport_cpp.so\n'}
[13.907570] (rslidar_msg) StdoutLine: {'line': b'-- Set non-toolchain portion of runtime path of "/home/ph/treasure/dockerBENCH/helios16p_ws/install/rslidar_msg/lib/librslidar_msg__rosidl_typesupport_cpp.so" to ""\n'}
[13.907947] (rslidar_msg) StdoutLine: {'line': b'-- Installing: /home/ph/treasure/dockerBENCH/helios16p_ws/install/rslidar_msg/share/rslidar_msg/environment/pythonpath.sh\n'}
[13.908253] (rslidar_msg) StdoutLine: {'line': b'-- Installing: /home/ph/treasure/dockerBENCH/helios16p_ws/install/rslidar_msg/share/rslidar_msg/environment/pythonpath.dsv\n'}
[13.911840] (rslidar_msg) StdoutLine: {'line': b'-- Installing: /home/ph/treasure/dockerBENCH/helios16p_ws/install/rslidar_msg/local/lib/python3.10/dist-packages/rslidar_msg-0.0.0-py3.10.egg-info\n'}
[13.912273] (rslidar_msg) StdoutLine: {'line': b'-- Installing: /home/ph/treasure/dockerBENCH/helios16p_ws/install/rslidar_msg/local/lib/python3.10/dist-packages/rslidar_msg-0.0.0-py3.10.egg-info/top_level.txt\n'}
[13.912945] (rslidar_msg) StdoutLine: {'line': b'-- Installing: /home/ph/treasure/dockerBENCH/helios16p_ws/install/rslidar_msg/local/lib/python3.10/dist-packages/rslidar_msg-0.0.0-py3.10.egg-info/PKG-INFO\n'}
[13.916600] (rslidar_msg) StdoutLine: {'line': b'-- Installing: /home/ph/treasure/dockerBENCH/helios16p_ws/install/rslidar_msg/local/lib/python3.10/dist-packages/rslidar_msg-0.0.0-py3.10.egg-info/SOURCES.txt\n'}
[13.917068] (rslidar_msg) StdoutLine: {'line': b'-- Installing: /home/ph/treasure/dockerBENCH/helios16p_ws/install/rslidar_msg/local/lib/python3.10/dist-packages/rslidar_msg-0.0.0-py3.10.egg-info/dependency_links.txt\n'}
[13.917711] (rslidar_msg) StdoutLine: {'line': b'-- Installing: /home/ph/treasure/dockerBENCH/helios16p_ws/install/rslidar_msg/local/lib/python3.10/dist-packages/rslidar_msg\n'}
[13.918066] (rslidar_msg) StdoutLine: {'line': b'-- Installing: /home/ph/treasure/dockerBENCH/helios16p_ws/install/rslidar_msg/local/lib/python3.10/dist-packages/rslidar_msg/_rslidar_msg_s.ep.rosidl_typesupport_introspection_c.c\n'}
[13.918523] (rslidar_msg) StdoutLine: {'line': b'-- Installing: /home/ph/treasure/dockerBENCH/helios16p_ws/install/rslidar_msg/local/lib/python3.10/dist-packages/rslidar_msg/_rslidar_msg_s.ep.rosidl_typesupport_c.c\n'}
[13.918791] (rslidar_msg) StdoutLine: {'line': b'-- Installing: /home/ph/treasure/dockerBENCH/helios16p_ws/install/rslidar_msg/local/lib/python3.10/dist-packages/rslidar_msg/librslidar_msg__rosidl_generator_py.so\n'}
[13.919099] (rslidar_msg) StdoutLine: {'line': b'-- Installing: /home/ph/treasure/dockerBENCH/helios16p_ws/install/rslidar_msg/local/lib/python3.10/dist-packages/rslidar_msg/_rslidar_msg_s.ep.rosidl_typesupport_fastrtps_c.c\n'}
[13.919552] (rslidar_msg) StdoutLine: {'line': b'-- Installing: /home/ph/treasure/dockerBENCH/helios16p_ws/install/rslidar_msg/local/lib/python3.10/dist-packages/rslidar_msg/__init__.py\n'}
[13.920323] (rslidar_msg) StdoutLine: {'line': b'-- Installing: /home/ph/treasure/dockerBENCH/helios16p_ws/install/rslidar_msg/local/lib/python3.10/dist-packages/rslidar_msg/rslidar_msg_s__rosidl_typesupport_c.cpython-310-x86_64-linux-gnu.so\n'}
[13.924451] (rslidar_msg) StdoutLine: {'line': b'-- Installing: /home/ph/treasure/dockerBENCH/helios16p_ws/install/rslidar_msg/local/lib/python3.10/dist-packages/rslidar_msg/msg\n'}
[13.924791] (rslidar_msg) StdoutLine: {'line': b'-- Installing: /home/ph/treasure/dockerBENCH/helios16p_ws/install/rslidar_msg/local/lib/python3.10/dist-packages/rslidar_msg/msg/_rslidar_packet.py\n'}
[13.924977] (rslidar_msg) StdoutLine: {'line': b'-- Installing: /home/ph/treasure/dockerBENCH/helios16p_ws/install/rslidar_msg/local/lib/python3.10/dist-packages/rslidar_msg/msg/__init__.py\n'}
[13.925150] (rslidar_msg) StdoutLine: {'line': b'-- Installing: /home/ph/treasure/dockerBENCH/helios16p_ws/install/rslidar_msg/local/lib/python3.10/dist-packages/rslidar_msg/msg/_rslidar_packet_s.c\n'}
[13.925315] (rslidar_msg) StdoutLine: {'line': b'-- Installing: /home/ph/treasure/dockerBENCH/helios16p_ws/install/rslidar_msg/local/lib/python3.10/dist-packages/rslidar_msg/rslidar_msg_s__rosidl_typesupport_fastrtps_c.cpython-310-x86_64-linux-gnu.so\n'}
[13.925519] (rslidar_msg) StdoutLine: {'line': b'-- Installing: /home/ph/treasure/dockerBENCH/helios16p_ws/install/rslidar_msg/local/lib/python3.10/dist-packages/rslidar_msg/rslidar_msg_s__rosidl_typesupport_introspection_c.cpython-310-x86_64-linux-gnu.so\n'}
[13.936556] (-) TimerEvent: {}
[14.037020] (-) TimerEvent: {}
[14.037408] (rslidar_msg) StdoutLine: {'line': b"Listing '/home/ph/treasure/dockerBENCH/helios16p_ws/install/rslidar_msg/local/lib/python3.10/dist-packages/rslidar_msg'...\n"}
[14.037657] (rslidar_msg) StdoutLine: {'line': b"Compiling '/home/ph/treasure/dockerBENCH/helios16p_ws/install/rslidar_msg/local/lib/python3.10/dist-packages/rslidar_msg/__init__.py'...\n"}
[14.037808] (rslidar_msg) StdoutLine: {'line': b"Listing '/home/ph/treasure/dockerBENCH/helios16p_ws/install/rslidar_msg/local/lib/python3.10/dist-packages/rslidar_msg/msg'...\n"}
[14.037970] (rslidar_msg) StdoutLine: {'line': b"Compiling '/home/ph/treasure/dockerBENCH/helios16p_ws/install/rslidar_msg/local/lib/python3.10/dist-packages/rslidar_msg/msg/__init__.py'...\n"}
[14.038103] (rslidar_msg) StdoutLine: {'line': b"Compiling '/home/ph/treasure/dockerBENCH/helios16p_ws/install/rslidar_msg/local/lib/python3.10/dist-packages/rslidar_msg/msg/_rslidar_packet.py'...\n"}
[14.054833] (rslidar_msg) StdoutLine: {'line': b'-- Installing: /home/ph/treasure/dockerBENCH/helios16p_ws/install/rslidar_msg/local/lib/python3.10/dist-packages/rslidar_msg/rslidar_msg_s__rosidl_typesupport_fastrtps_c.cpython-310-x86_64-linux-gnu.so\n'}
[14.057583] (rslidar_msg) StdoutLine: {'line': b'-- Set non-toolchain portion of runtime path of "/home/ph/treasure/dockerBENCH/helios16p_ws/install/rslidar_msg/local/lib/python3.10/dist-packages/rslidar_msg/rslidar_msg_s__rosidl_typesupport_fastrtps_c.cpython-310-x86_64-linux-gnu.so" to ""\n'}
[14.058622] (rslidar_msg) StdoutLine: {'line': b'-- Installing: /home/ph/treasure/dockerBENCH/helios16p_ws/install/rslidar_msg/local/lib/python3.10/dist-packages/rslidar_msg/rslidar_msg_s__rosidl_typesupport_introspection_c.cpython-310-x86_64-linux-gnu.so\n'}
[14.061041] (rslidar_msg) StdoutLine: {'line': b'-- Set non-toolchain portion of runtime path of "/home/ph/treasure/dockerBENCH/helios16p_ws/install/rslidar_msg/local/lib/python3.10/dist-packages/rslidar_msg/rslidar_msg_s__rosidl_typesupport_introspection_c.cpython-310-x86_64-linux-gnu.so" to ""\n'}
[14.061560] (rslidar_msg) StdoutLine: {'line': b'-- Installing: /home/ph/treasure/dockerBENCH/helios16p_ws/install/rslidar_msg/local/lib/python3.10/dist-packages/rslidar_msg/rslidar_msg_s__rosidl_typesupport_c.cpython-310-x86_64-linux-gnu.so\n'}
[14.064025] (rslidar_msg) StdoutLine: {'line': b'-- Set non-toolchain portion of runtime path of "/home/ph/treasure/dockerBENCH/helios16p_ws/install/rslidar_msg/local/lib/python3.10/dist-packages/rslidar_msg/rslidar_msg_s__rosidl_typesupport_c.cpython-310-x86_64-linux-gnu.so" to ""\n'}
[14.070600] (rslidar_msg) StdoutLine: {'line': b'-- Installing: /home/ph/treasure/dockerBENCH/helios16p_ws/install/rslidar_msg/lib/librslidar_msg__rosidl_generator_py.so\n'}
[14.070971] (rslidar_msg) StdoutLine: {'line': b'-- Set non-toolchain portion of runtime path of "/home/ph/treasure/dockerBENCH/helios16p_ws/install/rslidar_msg/lib/librslidar_msg__rosidl_generator_py.so" to ""\n'}
[14.071196] (rslidar_msg) StdoutLine: {'line': b'-- Installing: /home/ph/treasure/dockerBENCH/helios16p_ws/install/rslidar_msg/share/rslidar_msg/msg/RslidarPacket.idl\n'}
[14.071427] (rslidar_msg) StdoutLine: {'line': b'-- Installing: /home/ph/treasure/dockerBENCH/helios16p_ws/install/rslidar_msg/share/rslidar_msg/msg/RslidarPacket.msg\n'}
[14.072362] (rslidar_msg) StdoutLine: {'line': b'-- Installing: /home/ph/treasure/dockerBENCH/helios16p_ws/install/rslidar_msg/share/ament_index/resource_index/package_run_dependencies/rslidar_msg\n'}
[14.076855] (rslidar_msg) StdoutLine: {'line': b'-- Installing: /home/ph/treasure/dockerBENCH/helios16p_ws/install/rslidar_msg/share/ament_index/resource_index/parent_prefix_path/rslidar_msg\n'}
[14.082866] (rslidar_msg) StdoutLine: {'line': b'-- Installing: /home/ph/treasure/dockerBENCH/helios16p_ws/install/rslidar_msg/share/rslidar_msg/environment/ament_prefix_path.sh\n'}
[14.083214] (rslidar_msg) StdoutLine: {'line': b'-- Installing: /home/ph/treasure/dockerBENCH/helios16p_ws/install/rslidar_msg/share/rslidar_msg/environment/ament_prefix_path.dsv\n'}
[14.083423] (rslidar_msg) StdoutLine: {'line': b'-- Installing: /home/ph/treasure/dockerBENCH/helios16p_ws/install/rslidar_msg/share/rslidar_msg/environment/path.sh\n'}
[14.083590] (rslidar_msg) StdoutLine: {'line': b'-- Installing: /home/ph/treasure/dockerBENCH/helios16p_ws/install/rslidar_msg/share/rslidar_msg/environment/path.dsv\n'}
[14.084615] (rslidar_msg) StdoutLine: {'line': b'-- Installing: /home/ph/treasure/dockerBENCH/helios16p_ws/install/rslidar_msg/share/rslidar_msg/local_setup.bash\n'}
[14.085973] (rslidar_msg) StdoutLine: {'line': b'-- Installing: /home/ph/treasure/dockerBENCH/helios16p_ws/install/rslidar_msg/share/rslidar_msg/local_setup.sh\n'}
[14.090021] (rslidar_msg) StdoutLine: {'line': b'-- Installing: /home/ph/treasure/dockerBENCH/helios16p_ws/install/rslidar_msg/share/rslidar_msg/local_setup.zsh\n'}
[14.092070] (rslidar_msg) StdoutLine: {'line': b'-- Installing: /home/ph/treasure/dockerBENCH/helios16p_ws/install/rslidar_msg/share/rslidar_msg/local_setup.dsv\n'}
[14.092400] (rslidar_msg) StdoutLine: {'line': b'-- Installing: /home/ph/treasure/dockerBENCH/helios16p_ws/install/rslidar_msg/share/rslidar_msg/package.dsv\n'}
[14.092592] (rslidar_msg) StdoutLine: {'line': b'-- Installing: /home/ph/treasure/dockerBENCH/helios16p_ws/install/rslidar_msg/share/ament_index/resource_index/packages/rslidar_msg\n'}
[14.093972] (rslidar_msg) StdoutLine: {'line': b'-- Installing: /home/ph/treasure/dockerBENCH/helios16p_ws/install/rslidar_msg/share/rslidar_msg/cmake/export_rslidar_msg__rosidl_generator_cExport.cmake\n'}
[14.101208] (rslidar_msg) StdoutLine: {'line': b'-- Installing: /home/ph/treasure/dockerBENCH/helios16p_ws/install/rslidar_msg/share/rslidar_msg/cmake/export_rslidar_msg__rosidl_generator_cExport-noconfig.cmake\n'}
[14.101538] (rslidar_msg) StdoutLine: {'line': b'-- Installing: /home/ph/treasure/dockerBENCH/helios16p_ws/install/rslidar_msg/share/rslidar_msg/cmake/export_rslidar_msg__rosidl_typesupport_fastrtps_cExport.cmake\n'}
[14.101688] (rslidar_msg) StdoutLine: {'line': b'-- Installing: /home/ph/treasure/dockerBENCH/helios16p_ws/install/rslidar_msg/share/rslidar_msg/cmake/export_rslidar_msg__rosidl_typesupport_fastrtps_cExport-noconfig.cmake\n'}
[14.102642] (rslidar_msg) StdoutLine: {'line': b'-- Installing: /home/ph/treasure/dockerBENCH/helios16p_ws/install/rslidar_msg/share/rslidar_msg/cmake/export_rslidar_msg__rosidl_generator_cppExport.cmake\n'}
[14.103785] (rslidar_msg) StdoutLine: {'line': b'-- Installing: /home/ph/treasure/dockerBENCH/helios16p_ws/install/rslidar_msg/share/rslidar_msg/cmake/export_rslidar_msg__rosidl_typesupport_fastrtps_cppExport.cmake\n'}
[14.113399] (rslidar_msg) StdoutLine: {'line': b'-- Installing: /home/ph/treasure/dockerBENCH/helios16p_ws/install/rslidar_msg/share/rslidar_msg/cmake/export_rslidar_msg__rosidl_typesupport_fastrtps_cppExport-noconfig.cmake\n'}
[14.113734] (rslidar_msg) StdoutLine: {'line': b'-- Installing: /home/ph/treasure/dockerBENCH/helios16p_ws/install/rslidar_msg/share/rslidar_msg/cmake/rslidar_msg__rosidl_typesupport_introspection_cExport.cmake\n'}
[14.113898] (rslidar_msg) StdoutLine: {'line': b'-- Installing: /home/ph/treasure/dockerBENCH/helios16p_ws/install/rslidar_msg/share/rslidar_msg/cmake/rslidar_msg__rosidl_typesupport_introspection_cExport-noconfig.cmake\n'}
[14.114237] (rslidar_msg) StdoutLine: {'line': b'-- Installing: /home/ph/treasure/dockerBENCH/helios16p_ws/install/rslidar_msg/share/rslidar_msg/cmake/rslidar_msg__rosidl_typesupport_cExport.cmake\n'}
[14.115204] (rslidar_msg) StdoutLine: {'line': b'-- Installing: /home/ph/treasure/dockerBENCH/helios16p_ws/install/rslidar_msg/share/rslidar_msg/cmake/rslidar_msg__rosidl_typesupport_cExport-noconfig.cmake\n'}
[14.116275] (rslidar_msg) StdoutLine: {'line': b'-- Installing: /home/ph/treasure/dockerBENCH/helios16p_ws/install/rslidar_msg/share/rslidar_msg/cmake/rslidar_msg__rosidl_typesupport_introspection_cppExport.cmake\n'}
[14.121017] (rslidar_msg) StdoutLine: {'line': b'-- Installing: /home/ph/treasure/dockerBENCH/helios16p_ws/install/rslidar_msg/share/rslidar_msg/cmake/rslidar_msg__rosidl_typesupport_introspection_cppExport-noconfig.cmake\n'}
[14.121477] (rslidar_msg) StdoutLine: {'line': b'-- Installing: /home/ph/treasure/dockerBENCH/helios16p_ws/install/rslidar_msg/share/rslidar_msg/cmake/rslidar_msg__rosidl_typesupport_cppExport.cmake\n'}
[14.128854] (rslidar_msg) StdoutLine: {'line': b'-- Installing: /home/ph/treasure/dockerBENCH/helios16p_ws/install/rslidar_msg/share/rslidar_msg/cmake/rslidar_msg__rosidl_typesupport_cppExport-noconfig.cmake\n'}
[14.129191] (rslidar_msg) StdoutLine: {'line': b'-- Installing: /home/ph/treasure/dockerBENCH/helios16p_ws/install/rslidar_msg/share/rslidar_msg/cmake/export_rslidar_msg__rosidl_generator_pyExport.cmake\n'}
[14.129445] (rslidar_msg) StdoutLine: {'line': b'-- Installing: /home/ph/treasure/dockerBENCH/helios16p_ws/install/rslidar_msg/share/rslidar_msg/cmake/export_rslidar_msg__rosidl_generator_pyExport-noconfig.cmake\n'}
[14.129645] (rslidar_msg) StdoutLine: {'line': b'-- Installing: /home/ph/treasure/dockerBENCH/helios16p_ws/install/rslidar_msg/share/rslidar_msg/cmake/rosidl_cmake-extras.cmake\n'}
[14.129833] (rslidar_msg) StdoutLine: {'line': b'-- Installing: /home/ph/treasure/dockerBENCH/helios16p_ws/install/rslidar_msg/share/rslidar_msg/cmake/ament_cmake_export_dependencies-extras.cmake\n'}
[14.133363] (rslidar_msg) StdoutLine: {'line': b'-- Installing: /home/ph/treasure/dockerBENCH/helios16p_ws/install/rslidar_msg/share/rslidar_msg/cmake/ament_cmake_export_include_directories-extras.cmake\n'}
[14.133685] (rslidar_msg) StdoutLine: {'line': b'-- Installing: /home/ph/treasure/dockerBENCH/helios16p_ws/install/rslidar_msg/share/rslidar_msg/cmake/ament_cmake_export_libraries-extras.cmake\n'}
[14.142535] (rslidar_msg) StdoutLine: {'line': b'-- Installing: /home/ph/treasure/dockerBENCH/helios16p_ws/install/rslidar_msg/share/rslidar_msg/cmake/ament_cmake_export_targets-extras.cmake\n'}
[14.142850] (-) TimerEvent: {}
[14.143159] (rslidar_msg) StdoutLine: {'line': b'-- Installing: /home/ph/treasure/dockerBENCH/helios16p_ws/install/rslidar_msg/share/rslidar_msg/cmake/rosidl_cmake_export_typesupport_targets-extras.cmake\n'}
[14.143449] (rslidar_msg) StdoutLine: {'line': b'-- Installing: /home/ph/treasure/dockerBENCH/helios16p_ws/install/rslidar_msg/share/rslidar_msg/cmake/rosidl_cmake_export_typesupport_libraries-extras.cmake\n'}
[14.143709] (rslidar_msg) StdoutLine: {'line': b'-- Installing: /home/ph/treasure/dockerBENCH/helios16p_ws/install/rslidar_msg/share/rslidar_msg/cmake/rslidar_msgConfig.cmake\n'}
[14.144928] (rslidar_msg) StdoutLine: {'line': b'-- Installing: /home/ph/treasure/dockerBENCH/helios16p_ws/install/rslidar_msg/share/rslidar_msg/cmake/rslidar_msgConfig-version.cmake\n'}
[14.148955] (rslidar_msg) StdoutLine: {'line': b'-- Installing: /home/ph/treasure/dockerBENCH/helios16p_ws/install/rslidar_msg/share/rslidar_msg/package.xml\n'}
[14.163363] (rslidar_msg) CommandEnded: {'returncode': 0}
[14.232573] (rslidar_msg) JobEnded: {'identifier': 'rslidar_msg', 'rc': 0}
[14.234297] (rslidar_sdk) JobStarted: {'identifier': 'rslidar_sdk'}
[14.242997] (-) TimerEvent: {}
[14.281585] (rslidar_sdk) JobProgress: {'identifier': 'rslidar_sdk', 'progress': 'cmake'}
[14.287674] (rslidar_sdk) Command: {'cmd': ['/home/ph/.local/bin/cmake', '/home/ph/treasure/dockerBENCH/helios16p_ws/src/rslidar_sdk', '-DCMAKE_INSTALL_PREFIX=/home/ph/treasure/dockerBENCH/helios16p_ws/install/rslidar_sdk'], 'cwd': '/home/ph/treasure/dockerBENCH/helios16p_ws/build/rslidar_sdk', 'env': OrderedDict([('LESSOPEN', '| /usr/bin/lesspipe %s'), ('USER', 'ph'), ('LC_TIME', 'it_IT.UTF-8'), ('XDG_SEAT', 'seat0'), ('XDG_SESSION_TYPE', 'x11'), ('SHLVL', '1'), ('LD_LIBRARY_PATH', '/home/ph/treasure/dockerBENCH/helios16p_ws/install/rslidar_msg/lib:/opt/ros/humble/opt/rviz_ogre_vendor/lib:/opt/ros/humble/lib/x86_64-linux-gnu:/opt/ros/humble/lib'), ('HOME', '/home/ph'), ('OLDPWD', '/home/ph/treasure'), ('DESKTOP_SESSION', 'i3'), ('ROS_PYTHON_VERSION', '3'), ('GTK_MODULES', 'gail:atk-bridge'), ('PS1', '(pvenv) \\[\\e]0;\\u@\\h: \\w\\a\\]${debian_chroot:+($debian_chroot)}\\u@\\h:\\w\\$'), ('LC_MONETARY', 'it_IT.UTF-8'), ('SYSTEMD_EXEC_PID', '2203'), ('DBUS_SESSION_BUS_ADDRESS', 'unix:path=/run/user/1000/bus'), ('_colcon_cd_root', '/opt/ros/humble/'), ('ROS_DISTRO', 'humble'), ('GTK_IM_MODULE', 'ibus'), ('LOGNAME', 'ph'), ('WINDOWID', '35651596'), ('_', '/usr/bin/colcon'), ('ROS_VERSION', '2'), ('XTERM_SHELL', '/bin/bash'), ('XDG_SESSION_CLASS', 'user'), ('USERNAME', 'ph'), ('TERM', 'xterm'), ('XDG_SESSION_ID', '3'), ('ROS_LOCALHOST_ONLY', '0'), ('WINDOWPATH', '2'), ('PATH', '/home/ph/myvenv/pvenv/bin:/home/ph/.local/bin:/home/ph/.local/bin:/home/ph/.local/bin:/opt/ros/humble/bin:/usr/local/sbin:/usr/local/bin:/usr/sbin:/usr/bin:/sbin:/bin:/usr/games:/usr/local/games:/snap/bin:/snap/bin'), ('LC_ADDRESS', 'it_IT.UTF-8'), ('XDG_RUNTIME_DIR', '/run/user/1000'), ('DISPLAY', ':0'), ('LANG', 'en_US.UTF-8'), ('XDG_CURRENT_DESKTOP', 'i3'), ('LC_TELEPHONE', 'it_IT.UTF-8'), ('VIRTUAL_ENV_PROMPT', '(pvenv)'), ('XMODIFIERS', '@im=ibus'), ('XDG_SESSION_DESKTOP', 'i3'), ('XAUTHORITY', '/run/user/1000/gdm/Xauthority'), ('LS_COLORS', 'rs=0:di=01;34:ln=01;36:mh=00:pi=40;33:so=01;35:do=01;35:bd=40;33;01:cd=40;33;01:or=40;31;01:mi=00:su=37;41:sg=30;43:ca=30;41:tw=30;42:ow=34;42:st=37;44:ex=01;32:*.tar=01;31:*.tgz=01;31:*.arc=01;31:*.arj=01;31:*.taz=01;31:*.lha=01;31:*.lz4=01;31:*.lzh=01;31:*.lzma=01;31:*.tlz=01;31:*.txz=01;31:*.tzo=01;31:*.t7z=01;31:*.zip=01;31:*.z=01;31:*.dz=01;31:*.gz=01;31:*.lrz=01;31:*.lz=01;31:*.lzo=01;31:*.xz=01;31:*.zst=01;31:*.tzst=01;31:*.bz2=01;31:*.bz=01;31:*.tbz=01;31:*.tbz2=01;31:*.tz=01;31:*.deb=01;31:*.rpm=01;31:*.jar=01;31:*.war=01;31:*.ear=01;31:*.sar=01;31:*.rar=01;31:*.alz=01;31:*.ace=01;31:*.zoo=01;31:*.cpio=01;31:*.7z=01;31:*.rz=01;31:*.cab=01;31:*.wim=01;31:*.swm=01;31:*.dwm=01;31:*.esd=01;31:*.jpg=01;35:*.jpeg=01;35:*.mjpg=01;35:*.mjpeg=01;35:*.gif=01;35:*.bmp=01;35:*.pbm=01;35:*.pgm=01;35:*.ppm=01;35:*.tga=01;35:*.xbm=01;35:*.xpm=01;35:*.tif=01;35:*.tiff=01;35:*.png=01;35:*.svg=01;35:*.svgz=01;35:*.mng=01;35:*.pcx=01;35:*.mov=01;35:*.mpg=01;35:*.mpeg=01;35:*.m2v=01;35:*.mkv=01;35:*.webm=01;35:*.webp=01;35:*.ogm=01;35:*.mp4=01;35:*.m4v=01;35:*.mp4v=01;35:*.vob=01;35:*.qt=01;35:*.nuv=01;35:*.wmv=01;35:*.asf=01;35:*.rm=01;35:*.rmvb=01;35:*.flc=01;35:*.avi=01;35:*.fli=01;35:*.flv=01;35:*.gl=01;35:*.dl=01;35:*.xcf=01;35:*.xwd=01;35:*.yuv=01;35:*.cgm=01;35:*.emf=01;35:*.ogv=01;35:*.ogx=01;35:*.aac=00;36:*.au=00;36:*.flac=00;36:*.m4a=00;36:*.mid=00;36:*.midi=00;36:*.mka=00;36:*.mp3=00;36:*.mpc=00;36:*.ogg=00;36:*.ra=00;36:*.wav=00;36:*.oga=00;36:*.opus=00;36:*.spx=00;36:*.xspf=00;36:'), ('ROS_DOMAIN_ID', '7'), ('AMENT_PREFIX_PATH', '/home/ph/treasure/dockerBENCH/helios16p_ws/install/rslidar_msg:/opt/ros/humble'), ('SHELL', '/bin/bash'), ('CMAKE_POLICY_VERSION_MINIMUM', '3.5'), ('LC_NAME', 'it_IT.UTF-8'), ('QT_ACCESSIBILITY', '1'), ('GDMSESSION', 'i3'), ('LESSCLOSE', '/usr/bin/lesspipe %s %s'), ('LC_MEASUREMENT', 'it_IT.UTF-8'), ('GPG_AGENT_INFO', '/run/user/1000/gnupg/S.gpg-agent:0:1'), ('LC_IDENTIFICATION', 'it_IT.UTF-8'), ('VIRTUAL_ENV', '/home/ph/myvenv/pvenv'), ('QT_IM_MODULE', 'ibus'), ('XDG_VTNR', '2'), ('GPG_TTY', '/dev/pts/0'), ('PWD', '/home/ph/treasure/dockerBENCH/helios16p_ws/build/rslidar_sdk'), ('LC_ALL', 'en_US.UTF-8'), ('XDG_CONFIG_DIRS', '/etc/xdg/xdg-i3:/etc/xdg'), ('XTERM_LOCALE', 'en_US.UTF-8'), ('CLUTTER_IM_MODULE', 'ibus'), ('XDG_DATA_DIRS', '/usr/share/i3:/usr/share/gnome:/usr/local/share/:/usr/share/:/var/lib/snapd/desktop'), ('XTERM_VERSION', 'XTerm(372)'), ('PYTHONPATH', '/home/ph/treasure/dockerBENCH/helios16p_ws/install/rslidar_msg/local/lib/python3.10/dist-packages:/opt/ros/humble/lib/python3.10/site-packages:/opt/ros/humble/local/lib/python3.10/dist-packages'), ('LC_NUMERIC', 'it_IT.UTF-8'), ('I3SOCK', '/run/user/1000/i3/ipc-socket.2364'), ('LC_PAPER', 'it_IT.UTF-8'), ('COLCON', '1'), ('CMAKE_PREFIX_PATH', '/home/ph/treasure/dockerBENCH/helios16p_ws/install/rslidar_msg:/opt/ros/humble')]), 'shell': False}
[14.347123] (-) TimerEvent: {}
[14.447612] (-) TimerEvent: {}
[14.548126] (-) TimerEvent: {}
[14.559866] (rslidar_sdk) StderrLine: {'line': b'\x1b[0mCMake Deprecation Warning at CMakeLists.txt:1 (cmake_minimum_required):\n'}
[14.560360] (rslidar_sdk) StderrLine: {'line': b'  Compatibility with CMake < 3.10 will be removed from a future version of\n'}
[14.560776] (rslidar_sdk) StderrLine: {'line': b'  CMake.\n'}
[14.560956] (rslidar_sdk) StderrLine: {'line': b'\n'}
[14.561109] (rslidar_sdk) StderrLine: {'line': b'  Update the VERSION argument <min> value.  Or, use the <min>...<max> syntax\n'}
[14.561317] (rslidar_sdk) StderrLine: {'line': b'  to tell CMake that the project requires at least <min> but has been updated\n'}
[14.561479] (rslidar_sdk) StderrLine: {'line': b'  to work with policies introduced by <max> or earlier.\n'}
[14.561615] (rslidar_sdk) StderrLine: {'line': b'\n'}
[14.561745] (rslidar_sdk) StderrLine: {'line': b'\x1b[0m\n'}
[14.648273] (-) TimerEvent: {}
[14.718338] (rslidar_sdk) StdoutLine: {'line': b'-- The C compiler identification is GNU 11.4.0\n'}
[14.748420] (-) TimerEvent: {}
[14.851607] (-) TimerEvent: {}
[14.953447] (-) TimerEvent: {}
[14.973077] (rslidar_sdk) StdoutLine: {'line': b'-- The CXX compiler identification is GNU 11.4.0\n'}
[15.009452] (rslidar_sdk) StdoutLine: {'line': b'-- Detecting C compiler ABI info\n'}
[15.053589] (-) TimerEvent: {}
[15.154068] (-) TimerEvent: {}
[15.216933] (rslidar_sdk) StdoutLine: {'line': b'-- Detecting C compiler ABI info - done\n'}
[15.254313] (-) TimerEvent: {}
[15.269320] (rslidar_sdk) StdoutLine: {'line': b'-- Check for working C compiler: /usr/bin/cc - skipped\n'}
[15.271068] (rslidar_sdk) StdoutLine: {'line': b'-- Detecting C compile features\n'}
[15.273244] (rslidar_sdk) StdoutLine: {'line': b'-- Detecting C compile features - done\n'}
[15.314638] (rslidar_sdk) StdoutLine: {'line': b'-- Detecting CXX compiler ABI info\n'}
[15.355122] (-) TimerEvent: {}
[15.455671] (-) TimerEvent: {}
[15.557383] (-) TimerEvent: {}
[15.564638] (rslidar_sdk) StdoutLine: {'line': b'-- Detecting CXX compiler ABI info - done\n'}
[15.622700] (rslidar_sdk) StdoutLine: {'line': b'-- Check for working CXX compiler: /usr/bin/c++ - skipped\n'}
[15.623571] (rslidar_sdk) StdoutLine: {'line': b'-- Detecting CXX compile features\n'}
[15.625126] (rslidar_sdk) StdoutLine: {'line': b'-- Detecting CXX compile features - done\n'}
[15.644586] (rslidar_sdk) StderrLine: {'line': b'\x1b[0m=============================================================\x1b[0m\n'}
[15.644917] (rslidar_sdk) StderrLine: {'line': b'\x1b[0m-- POINT_TYPE is XYZI\x1b[0m\n'}
[15.645073] (rslidar_sdk) StderrLine: {'line': b'\x1b[0m=============================================================\x1b[0m\n'}
[15.658857] (-) TimerEvent: {}
[15.686414] (rslidar_sdk) StderrLine: {'line': b'\x1b[0m=============================================================\x1b[0m\n'}
[15.686772] (rslidar_sdk) StderrLine: {'line': b'\x1b[0m-- ROS Not Found. ROS Support is turned Off.\x1b[0m\n'}
[15.686971] (rslidar_sdk) StderrLine: {'line': b'\x1b[0m=============================================================\x1b[0m\n'}
[15.758990] (-) TimerEvent: {}
[15.802269] (vicon_receiver) StderrLine: {'line': b'\x1b[01m\x1b[K/home/ph/treasure/dockerBENCH/helios16p_ws/src/vicon_receiver/src/communicator.cpp:\x1b[m\x1b[K In member function \xe2\x80\x98\x1b[01m\x1b[Kvoid Communicator::get_frame()\x1b[m\x1b[K\xe2\x80\x99:\n'}
[15.807389] (vicon_receiver) StderrLine: {'line': b'\x1b[01m\x1b[K/home/ph/treasure/dockerBENCH/helios16p_ws/src/vicon_receiver/src/communicator.cpp:153:27:\x1b[m\x1b[K \x1b[01;35m\x1b[Kwarning: \x1b[m\x1b[Kvariable \xe2\x80\x98\x1b[01m\x1b[Kframe_number\x1b[m\x1b[K\xe2\x80\x99 set but not used [\x1b[01;35m\x1b[K-Wunused-but-set-variable\x1b[m\x1b[K]\n'}
[15.807731] (vicon_receiver) StderrLine: {'line': b'  153 | etFrameNumber \x1b[01;35m\x1b[Kframe_number\x1b[m\x1b[K = vicon_client.GetFrameNumber();\n'}
[15.807925] (vicon_receiver) StderrLine: {'line': b'      |               \x1b[01;35m\x1b[K^~~~~~~~~~~~\x1b[m\x1b[K\n'}
[15.808096] (vicon_receiver) StderrLine: {'line': b'\n'}
[15.859156] (-) TimerEvent: {}
[15.959659] (-) TimerEvent: {}
[16.060162] (-) TimerEvent: {}
[16.157510] (rslidar_sdk) StdoutLine: {'line': b'-- Found Python3: /usr/bin/python3 (found version "3.10.12") found components: Interpreter\n'}
[16.160333] (-) TimerEvent: {}
[16.262377] (-) TimerEvent: {}
[16.363407] (-) TimerEvent: {}
[16.466430] (-) TimerEvent: {}
[16.567027] (-) TimerEvent: {}
[16.652553] (rslidar_sdk) StdoutLine: {'line': b'-- Found rosidl_generator_c: 3.1.8 (/opt/ros/humble/share/rosidl_generator_c/cmake)\n'}
[16.667211] (-) TimerEvent: {}
[16.668826] (rslidar_sdk) StdoutLine: {'line': b'-- Found rosidl_adapter: 3.1.8 (/opt/ros/humble/share/rosidl_adapter/cmake)\n'}
[16.709820] (rslidar_sdk) StdoutLine: {'line': b'-- Found rosidl_generator_cpp: 3.1.8 (/opt/ros/humble/share/rosidl_generator_cpp/cmake)\n'}
[16.759387] (rslidar_sdk) StdoutLine: {'line': b'-- Using all available rosidl_typesupport_c: rosidl_typesupport_fastrtps_c;rosidl_typesupport_introspection_c\n'}
[16.767355] (-) TimerEvent: {}
[16.813857] (rslidar_sdk) StdoutLine: {'line': b'-- Using all available rosidl_typesupport_cpp: rosidl_typesupport_fastrtps_cpp;rosidl_typesupport_introspection_cpp\n'}
[16.867497] (-) TimerEvent: {}
[16.956922] (rslidar_sdk) StdoutLine: {'line': b'-- Found rmw_implementation_cmake: 6.1.2 (/opt/ros/humble/share/rmw_implementation_cmake/cmake)\n'}
[16.964351] (rslidar_sdk) StdoutLine: {'line': b'-- Found rmw_fastrtps_cpp: 6.2.9 (/opt/ros/humble/share/rmw_fastrtps_cpp/cmake)\n'}
[16.967942] (-) TimerEvent: {}
[17.070416] (-) TimerEvent: {}
[17.170858] (-) TimerEvent: {}
[17.202023] (rslidar_sdk) StdoutLine: {'line': b'-- Found OpenSSL: /usr/lib/x86_64-linux-gnu/libcrypto.so (found version "3.0.2")\n'}
[17.271006] (-) TimerEvent: {}
[17.282804] (rslidar_sdk) StdoutLine: {'line': b'-- Found FastRTPS: /opt/ros/humble/include\n'}
[17.371168] (-) TimerEvent: {}
[17.393811] (rslidar_sdk) StdoutLine: {'line': b"-- Using RMW implementation 'rmw_fastrtps_cpp' as default\n"}
[17.418867] (rslidar_sdk) StdoutLine: {'line': b'-- Performing Test CMAKE_HAVE_LIBC_PTHREAD\n'}
[17.471478] (-) TimerEvent: {}
[17.571981] (-) TimerEvent: {}
[17.592040] (rslidar_sdk) StdoutLine: {'line': b'-- Performing Test CMAKE_HAVE_LIBC_PTHREAD - Success\n'}
[17.598773] (rslidar_sdk) StdoutLine: {'line': b'-- Found Threads: TRUE\n'}
[17.672129] (-) TimerEvent: {}
[17.772675] (-) TimerEvent: {}
[17.842795] (rslidar_sdk) StderrLine: {'line': b'\x1b[0m=============================================================\x1b[0m\n'}
[17.843167] (rslidar_sdk) StderrLine: {'line': b'\x1b[0m-- ROS2 Found. ROS2 Support is turned On.\x1b[0m\n'}
[17.843476] (rslidar_sdk) StderrLine: {'line': b'\x1b[0m=============================================================\x1b[0m\n'}
[17.847667] (rslidar_sdk) StdoutLine: {'line': b'-- Found sensor_msgs: 4.9.0 (/opt/ros/humble/share/sensor_msgs/cmake)\n'}
[17.872875] (-) TimerEvent: {}
[17.969910] (kiss_icp) StdoutLine: {'line': b'[ 57%] \x1b[1m\x1b[32mLinking CXX executable kiss_icp_node\x1b[0m\n'}
[17.973010] (-) TimerEvent: {}
[18.031634] (rslidar_sdk) StdoutLine: {'line': b'-- Found rslidar_msg: 0.0.0 (/home/ph/treasure/dockerBENCH/helios16p_ws/install/rslidar_msg/share/rslidar_msg/cmake)\n'}
[18.073155] (-) TimerEvent: {}
[18.126869] (rslidar_sdk) StderrLine: {'line': b'\x1b[0mCMake Deprecation Warning at src/rs_driver/CMakeLists.txt:1 (cmake_minimum_required):\n'}
[18.127272] (rslidar_sdk) StderrLine: {'line': b'  Compatibility with CMake < 3.10 will be removed from a future version of\n'}
[18.127565] (rslidar_sdk) StderrLine: {'line': b'  CMake.\n'}
[18.127895] (rslidar_sdk) StderrLine: {'line': b'\n'}
[18.128201] (rslidar_sdk) StderrLine: {'line': b'  Update the VERSION argument <min> value.  Or, use the <min>...<max> syntax\n'}
[18.128939] (rslidar_sdk) StderrLine: {'line': b'  to tell CMake that the project requires at least <min> but has been updated\n'}
[18.129329] (rslidar_sdk) StderrLine: {'line': b'  to work with policies introduced by <max> or earlier.\n'}
[18.129651] (rslidar_sdk) StderrLine: {'line': b'\n'}
[18.129913] (rslidar_sdk) StderrLine: {'line': b'\x1b[0m\n'}
[18.130125] (rslidar_sdk) StderrLine: {'line': b'\x1b[0m=============================================================\x1b[0m\n'}
[18.130291] (rslidar_sdk) StderrLine: {'line': b'\x1b[0m-- CMake run for UNIX GNU Compiler\x1b[0m\n'}
[18.130456] (rslidar_sdk) StderrLine: {'line': b'\x1b[0m=============================================================\x1b[0m\n'}
[18.135235] (rslidar_sdk) StderrLine: {'line': b'\x1b[0m=============================================================\x1b[0m\n'}
[18.135651] (rslidar_sdk) StderrLine: {'line': b'\x1b[0m-- rs_driver Version : v1.5.18\x1b[0m\n'}
[18.135882] (rslidar_sdk) StderrLine: {'line': b'\x1b[0m=============================================================\x1b[0m\n'}
[18.173274] (-) TimerEvent: {}
[18.273853] (-) TimerEvent: {}
[18.286347] (rslidar_sdk) StdoutLine: {'line': b'-- Configuring done (3.7s)\n'}
[18.324658] (rslidar_sdk) StdoutLine: {'line': b'-- Generating done (0.0s)\n'}
[18.377415] (-) TimerEvent: {}
[18.391357] (kiss_icp) StdoutLine: {'line': b'[ 57%] Built target kiss_icp_node\n'}
[18.398915] (rslidar_sdk) StdoutLine: {'line': b'-- Build files have been written to: /home/ph/treasure/dockerBENCH/helios16p_ws/build/rslidar_sdk\n'}
[18.427108] (rslidar_sdk) CommandEnded: {'returncode': 0}
[18.428085] (rslidar_sdk) JobProgress: {'identifier': 'rslidar_sdk', 'progress': 'build'}
[18.429549] (rslidar_sdk) Command: {'cmd': ['/home/ph/.local/bin/cmake', '--build', '/home/ph/treasure/dockerBENCH/helios16p_ws/build/rslidar_sdk', '--', '-j8', '-l8'], 'cwd': '/home/ph/treasure/dockerBENCH/helios16p_ws/build/rslidar_sdk', 'env': OrderedDict([('LESSOPEN', '| /usr/bin/lesspipe %s'), ('USER', 'ph'), ('LC_TIME', 'it_IT.UTF-8'), ('XDG_SEAT', 'seat0'), ('XDG_SESSION_TYPE', 'x11'), ('SHLVL', '1'), ('LD_LIBRARY_PATH', '/home/ph/treasure/dockerBENCH/helios16p_ws/install/rslidar_msg/lib:/opt/ros/humble/opt/rviz_ogre_vendor/lib:/opt/ros/humble/lib/x86_64-linux-gnu:/opt/ros/humble/lib'), ('HOME', '/home/ph'), ('OLDPWD', '/home/ph/treasure'), ('DESKTOP_SESSION', 'i3'), ('ROS_PYTHON_VERSION', '3'), ('GTK_MODULES', 'gail:atk-bridge'), ('PS1', '(pvenv) \\[\\e]0;\\u@\\h: \\w\\a\\]${debian_chroot:+($debian_chroot)}\\u@\\h:\\w\\$'), ('LC_MONETARY', 'it_IT.UTF-8'), ('SYSTEMD_EXEC_PID', '2203'), ('DBUS_SESSION_BUS_ADDRESS', 'unix:path=/run/user/1000/bus'), ('_colcon_cd_root', '/opt/ros/humble/'), ('ROS_DISTRO', 'humble'), ('GTK_IM_MODULE', 'ibus'), ('LOGNAME', 'ph'), ('WINDOWID', '35651596'), ('_', '/usr/bin/colcon'), ('ROS_VERSION', '2'), ('XTERM_SHELL', '/bin/bash'), ('XDG_SESSION_CLASS', 'user'), ('USERNAME', 'ph'), ('TERM', 'xterm'), ('XDG_SESSION_ID', '3'), ('ROS_LOCALHOST_ONLY', '0'), ('WINDOWPATH', '2'), ('PATH', '/home/ph/myvenv/pvenv/bin:/home/ph/.local/bin:/home/ph/.local/bin:/home/ph/.local/bin:/opt/ros/humble/bin:/usr/local/sbin:/usr/local/bin:/usr/sbin:/usr/bin:/sbin:/bin:/usr/games:/usr/local/games:/snap/bin:/snap/bin'), ('LC_ADDRESS', 'it_IT.UTF-8'), ('XDG_RUNTIME_DIR', '/run/user/1000'), ('DISPLAY', ':0'), ('LANG', 'en_US.UTF-8'), ('XDG_CURRENT_DESKTOP', 'i3'), ('LC_TELEPHONE', 'it_IT.UTF-8'), ('VIRTUAL_ENV_PROMPT', '(pvenv)'), ('XMODIFIERS', '@im=ibus'), ('XDG_SESSION_DESKTOP', 'i3'), ('XAUTHORITY', '/run/user/1000/gdm/Xauthority'), ('LS_COLORS', 'rs=0:di=01;34:ln=01;36:mh=00:pi=40;33:so=01;35:do=01;35:bd=40;33;01:cd=40;33;01:or=40;31;01:mi=00:su=37;41:sg=30;43:ca=30;41:tw=30;42:ow=34;42:st=37;44:ex=01;32:*.tar=01;31:*.tgz=01;31:*.arc=01;31:*.arj=01;31:*.taz=01;31:*.lha=01;31:*.lz4=01;31:*.lzh=01;31:*.lzma=01;31:*.tlz=01;31:*.txz=01;31:*.tzo=01;31:*.t7z=01;31:*.zip=01;31:*.z=01;31:*.dz=01;31:*.gz=01;31:*.lrz=01;31:*.lz=01;31:*.lzo=01;31:*.xz=01;31:*.zst=01;31:*.tzst=01;31:*.bz2=01;31:*.bz=01;31:*.tbz=01;31:*.tbz2=01;31:*.tz=01;31:*.deb=01;31:*.rpm=01;31:*.jar=01;31:*.war=01;31:*.ear=01;31:*.sar=01;31:*.rar=01;31:*.alz=01;31:*.ace=01;31:*.zoo=01;31:*.cpio=01;31:*.7z=01;31:*.rz=01;31:*.cab=01;31:*.wim=01;31:*.swm=01;31:*.dwm=01;31:*.esd=01;31:*.jpg=01;35:*.jpeg=01;35:*.mjpg=01;35:*.mjpeg=01;35:*.gif=01;35:*.bmp=01;35:*.pbm=01;35:*.pgm=01;35:*.ppm=01;35:*.tga=01;35:*.xbm=01;35:*.xpm=01;35:*.tif=01;35:*.tiff=01;35:*.png=01;35:*.svg=01;35:*.svgz=01;35:*.mng=01;35:*.pcx=01;35:*.mov=01;35:*.mpg=01;35:*.mpeg=01;35:*.m2v=01;35:*.mkv=01;35:*.webm=01;35:*.webp=01;35:*.ogm=01;35:*.mp4=01;35:*.m4v=01;35:*.mp4v=01;35:*.vob=01;35:*.qt=01;35:*.nuv=01;35:*.wmv=01;35:*.asf=01;35:*.rm=01;35:*.rmvb=01;35:*.flc=01;35:*.avi=01;35:*.fli=01;35:*.flv=01;35:*.gl=01;35:*.dl=01;35:*.xcf=01;35:*.xwd=01;35:*.yuv=01;35:*.cgm=01;35:*.emf=01;35:*.ogv=01;35:*.ogx=01;35:*.aac=00;36:*.au=00;36:*.flac=00;36:*.m4a=00;36:*.mid=00;36:*.midi=00;36:*.mka=00;36:*.mp3=00;36:*.mpc=00;36:*.ogg=00;36:*.ra=00;36:*.wav=00;36:*.oga=00;36:*.opus=00;36:*.spx=00;36:*.xspf=00;36:'), ('ROS_DOMAIN_ID', '7'), ('AMENT_PREFIX_PATH', '/home/ph/treasure/dockerBENCH/helios16p_ws/install/rslidar_msg:/opt/ros/humble'), ('SHELL', '/bin/bash'), ('CMAKE_POLICY_VERSION_MINIMUM', '3.5'), ('LC_NAME', 'it_IT.UTF-8'), ('QT_ACCESSIBILITY', '1'), ('GDMSESSION', 'i3'), ('LESSCLOSE', '/usr/bin/lesspipe %s %s'), ('LC_MEASUREMENT', 'it_IT.UTF-8'), ('GPG_AGENT_INFO', '/run/user/1000/gnupg/S.gpg-agent:0:1'), ('LC_IDENTIFICATION', 'it_IT.UTF-8'), ('VIRTUAL_ENV', '/home/ph/myvenv/pvenv'), ('QT_IM_MODULE', 'ibus'), ('XDG_VTNR', '2'), ('GPG_TTY', '/dev/pts/0'), ('PWD', '/home/ph/treasure/dockerBENCH/helios16p_ws/build/rslidar_sdk'), ('LC_ALL', 'en_US.UTF-8'), ('XDG_CONFIG_DIRS', '/etc/xdg/xdg-i3:/etc/xdg'), ('XTERM_LOCALE', 'en_US.UTF-8'), ('CLUTTER_IM_MODULE', 'ibus'), ('XDG_DATA_DIRS', '/usr/share/i3:/usr/share/gnome:/usr/local/share/:/usr/share/:/var/lib/snapd/desktop'), ('XTERM_VERSION', 'XTerm(372)'), ('PYTHONPATH', '/home/ph/treasure/dockerBENCH/helios16p_ws/install/rslidar_msg/local/lib/python3.10/dist-packages:/opt/ros/humble/lib/python3.10/site-packages:/opt/ros/humble/local/lib/python3.10/dist-packages'), ('LC_NUMERIC', 'it_IT.UTF-8'), ('I3SOCK', '/run/user/1000/i3/ipc-socket.2364'), ('LC_PAPER', 'it_IT.UTF-8'), ('COLCON', '1'), ('CMAKE_PREFIX_PATH', '/home/ph/treasure/dockerBENCH/helios16p_ws/install/rslidar_msg:/opt/ros/humble')]), 'shell': False}
[18.477551] (-) TimerEvent: {}
[18.577936] (-) TimerEvent: {}
[18.678359] (-) TimerEvent: {}
[18.688103] (rslidar_sdk) StdoutLine: {'line': b'[ 33%] \x1b[32mBuilding CXX object CMakeFiles/rslidar_sdk_node.dir/node/rslidar_sdk_node.cpp.o\x1b[0m\n'}
[18.693712] (rslidar_sdk) StdoutLine: {'line': b'[ 66%] \x1b[32mBuilding CXX object CMakeFiles/rslidar_sdk_node.dir/src/manager/node_manager.cpp.o\x1b[0m\n'}
[18.778482] (-) TimerEvent: {}
[18.878923] (-) TimerEvent: {}
[18.979560] (-) TimerEvent: {}
[19.079956] (-) TimerEvent: {}
[19.180381] (-) TimerEvent: {}
[19.280833] (-) TimerEvent: {}
[19.381266] (-) TimerEvent: {}
[19.481716] (-) TimerEvent: {}
[19.582193] (-) TimerEvent: {}
[19.682658] (-) TimerEvent: {}
[19.783077] (-) TimerEvent: {}
[19.883524] (-) TimerEvent: {}
[19.983980] (-) TimerEvent: {}
[20.084655] (-) TimerEvent: {}
[20.186405] (-) TimerEvent: {}
[20.287015] (-) TimerEvent: {}
[20.387814] (-) TimerEvent: {}
[20.488407] (-) TimerEvent: {}
[20.589074] (-) TimerEvent: {}
[20.689689] (-) TimerEvent: {}
[20.790204] (-) TimerEvent: {}
[20.890758] (-) TimerEvent: {}
[20.991219] (-) TimerEvent: {}
[21.091746] (-) TimerEvent: {}
[21.192208] (-) TimerEvent: {}
[21.292838] (-) TimerEvent: {}
[21.373480] (vicon_receiver) StdoutLine: {'line': b'[100%] \x1b[1m\x1b[32mLinking CXX executable vicon_client\x1b[0m\n'}
[21.392996] (-) TimerEvent: {}
[21.493602] (-) TimerEvent: {}
[21.594263] (-) TimerEvent: {}
[21.694835] (-) TimerEvent: {}
[21.795766] (-) TimerEvent: {}
[21.896547] (-) TimerEvent: {}
[21.997363] (-) TimerEvent: {}
[22.098108] (-) TimerEvent: {}
[22.198611] (-) TimerEvent: {}
[22.299075] (-) TimerEvent: {}
[22.327314] (vicon_receiver) StdoutLine: {'line': b'[100%] Built target vicon_client\n'}
[22.341453] (vicon_receiver) CommandEnded: {'returncode': 0}
[22.343478] (vicon_receiver) JobProgress: {'identifier': 'vicon_receiver', 'progress': 'install'}
[22.344532] (vicon_receiver) Command: {'cmd': ['/home/ph/.local/bin/cmake', '--install', '/home/ph/treasure/dockerBENCH/helios16p_ws/build/vicon_receiver'], 'cwd': '/home/ph/treasure/dockerBENCH/helios16p_ws/build/vicon_receiver', 'env': OrderedDict([('LESSOPEN', '| /usr/bin/lesspipe %s'), ('USER', 'ph'), ('LC_TIME', 'it_IT.UTF-8'), ('XDG_SEAT', 'seat0'), ('XDG_SESSION_TYPE', 'x11'), ('SHLVL', '1'), ('LD_LIBRARY_PATH', '/opt/ros/humble/opt/rviz_ogre_vendor/lib:/opt/ros/humble/lib/x86_64-linux-gnu:/opt/ros/humble/lib'), ('HOME', '/home/ph'), ('OLDPWD', '/home/ph/treasure'), ('DESKTOP_SESSION', 'i3'), ('ROS_PYTHON_VERSION', '3'), ('GTK_MODULES', 'gail:atk-bridge'), ('PS1', '(pvenv) \\[\\e]0;\\u@\\h: \\w\\a\\]${debian_chroot:+($debian_chroot)}\\u@\\h:\\w\\$'), ('LC_MONETARY', 'it_IT.UTF-8'), ('SYSTEMD_EXEC_PID', '2203'), ('DBUS_SESSION_BUS_ADDRESS', 'unix:path=/run/user/1000/bus'), ('_colcon_cd_root', '/opt/ros/humble/'), ('ROS_DISTRO', 'humble'), ('GTK_IM_MODULE', 'ibus'), ('LOGNAME', 'ph'), ('WINDOWID', '35651596'), ('_', '/usr/bin/colcon'), ('ROS_VERSION', '2'), ('XTERM_SHELL', '/bin/bash'), ('XDG_SESSION_CLASS', 'user'), ('USERNAME', 'ph'), ('TERM', 'xterm'), ('XDG_SESSION_ID', '3'), ('ROS_LOCALHOST_ONLY', '0'), ('WINDOWPATH', '2'), ('PATH', '/home/ph/myvenv/pvenv/bin:/home/ph/.local/bin:/home/ph/.local/bin:/home/ph/.local/bin:/opt/ros/humble/bin:/usr/local/sbin:/usr/local/bin:/usr/sbin:/usr/bin:/sbin:/bin:/usr/games:/usr/local/games:/snap/bin:/snap/bin'), ('LC_ADDRESS', 'it_IT.UTF-8'), ('XDG_RUNTIME_DIR', '/run/user/1000'), ('DISPLAY', ':0'), ('LANG', 'en_US.UTF-8'), ('XDG_CURRENT_DESKTOP', 'i3'), ('LC_TELEPHONE', 'it_IT.UTF-8'), ('VIRTUAL_ENV_PROMPT', '(pvenv)'), ('XMODIFIERS', '@im=ibus'), ('XDG_SESSION_DESKTOP', 'i3'), ('XAUTHORITY', '/run/user/1000/gdm/Xauthority'), ('LS_COLORS', 'rs=0:di=01;34:ln=01;36:mh=00:pi=40;33:so=01;35:do=01;35:bd=40;33;01:cd=40;33;01:or=40;31;01:mi=00:su=37;41:sg=30;43:ca=30;41:tw=30;42:ow=34;42:st=37;44:ex=01;32:*.tar=01;31:*.tgz=01;31:*.arc=01;31:*.arj=01;31:*.taz=01;31:*.lha=01;31:*.lz4=01;31:*.lzh=01;31:*.lzma=01;31:*.tlz=01;31:*.txz=01;31:*.tzo=01;31:*.t7z=01;31:*.zip=01;31:*.z=01;31:*.dz=01;31:*.gz=01;31:*.lrz=01;31:*.lz=01;31:*.lzo=01;31:*.xz=01;31:*.zst=01;31:*.tzst=01;31:*.bz2=01;31:*.bz=01;31:*.tbz=01;31:*.tbz2=01;31:*.tz=01;31:*.deb=01;31:*.rpm=01;31:*.jar=01;31:*.war=01;31:*.ear=01;31:*.sar=01;31:*.rar=01;31:*.alz=01;31:*.ace=01;31:*.zoo=01;31:*.cpio=01;31:*.7z=01;31:*.rz=01;31:*.cab=01;31:*.wim=01;31:*.swm=01;31:*.dwm=01;31:*.esd=01;31:*.jpg=01;35:*.jpeg=01;35:*.mjpg=01;35:*.mjpeg=01;35:*.gif=01;35:*.bmp=01;35:*.pbm=01;35:*.pgm=01;35:*.ppm=01;35:*.tga=01;35:*.xbm=01;35:*.xpm=01;35:*.tif=01;35:*.tiff=01;35:*.png=01;35:*.svg=01;35:*.svgz=01;35:*.mng=01;35:*.pcx=01;35:*.mov=01;35:*.mpg=01;35:*.mpeg=01;35:*.m2v=01;35:*.mkv=01;35:*.webm=01;35:*.webp=01;35:*.ogm=01;35:*.mp4=01;35:*.m4v=01;35:*.mp4v=01;35:*.vob=01;35:*.qt=01;35:*.nuv=01;35:*.wmv=01;35:*.asf=01;35:*.rm=01;35:*.rmvb=01;35:*.flc=01;35:*.avi=01;35:*.fli=01;35:*.flv=01;35:*.gl=01;35:*.dl=01;35:*.xcf=01;35:*.xwd=01;35:*.yuv=01;35:*.cgm=01;35:*.emf=01;35:*.ogv=01;35:*.ogx=01;35:*.aac=00;36:*.au=00;36:*.flac=00;36:*.m4a=00;36:*.mid=00;36:*.midi=00;36:*.mka=00;36:*.mp3=00;36:*.mpc=00;36:*.ogg=00;36:*.ra=00;36:*.wav=00;36:*.oga=00;36:*.opus=00;36:*.spx=00;36:*.xspf=00;36:'), ('ROS_DOMAIN_ID', '7'), ('AMENT_PREFIX_PATH', '/opt/ros/humble'), ('SHELL', '/bin/bash'), ('CMAKE_POLICY_VERSION_MINIMUM', '3.5'), ('LC_NAME', 'it_IT.UTF-8'), ('QT_ACCESSIBILITY', '1'), ('GDMSESSION', 'i3'), ('LESSCLOSE', '/usr/bin/lesspipe %s %s'), ('LC_MEASUREMENT', 'it_IT.UTF-8'), ('GPG_AGENT_INFO', '/run/user/1000/gnupg/S.gpg-agent:0:1'), ('LC_IDENTIFICATION', 'it_IT.UTF-8'), ('VIRTUAL_ENV', '/home/ph/myvenv/pvenv'), ('QT_IM_MODULE', 'ibus'), ('XDG_VTNR', '2'), ('GPG_TTY', '/dev/pts/0'), ('PWD', '/home/ph/treasure/dockerBENCH/helios16p_ws/build/vicon_receiver'), ('LC_ALL', 'en_US.UTF-8'), ('XDG_CONFIG_DIRS', '/etc/xdg/xdg-i3:/etc/xdg'), ('XTERM_LOCALE', 'en_US.UTF-8'), ('CLUTTER_IM_MODULE', 'ibus'), ('XDG_DATA_DIRS', '/usr/share/i3:/usr/share/gnome:/usr/local/share/:/usr/share/:/var/lib/snapd/desktop'), ('XTERM_VERSION', 'XTerm(372)'), ('PYTHONPATH', '/opt/ros/humble/lib/python3.10/site-packages:/opt/ros/humble/local/lib/python3.10/dist-packages'), ('LC_NUMERIC', 'it_IT.UTF-8'), ('I3SOCK', '/run/user/1000/i3/ipc-socket.2364'), ('LC_PAPER', 'it_IT.UTF-8'), ('COLCON', '1'), ('CMAKE_PREFIX_PATH', '/opt/ros/humble')]), 'shell': False}
[22.399201] (-) TimerEvent: {}
[22.496845] (vicon_receiver) StdoutLine: {'line': b'-- Install configuration: ""\n'}
[22.497319] (vicon_receiver) StdoutLine: {'line': b'-- Installing: /home/ph/treasure/dockerBENCH/helios16p_ws/install/vicon_receiver/include\n'}
[22.497567] (vicon_receiver) StdoutLine: {'line': b'-- Installing: /home/ph/treasure/dockerBENCH/helios16p_ws/install/vicon_receiver/include/boost\n'}
[22.497890] (vicon_receiver) StdoutLine: {'line': b'-- Installing: /home/ph/treasure/dockerBENCH/helios16p_ws/install/vicon_receiver/include/boost/thread.hpp\n'}
[22.498649] (vicon_receiver) StdoutLine: {'line': b'-- Installing: /home/ph/treasure/dockerBENCH/helios16p_ws/install/vicon_receiver/include/boost/asio.hpp\n'}
[22.499343] (vicon_receiver) StdoutLine: {'line': b'-- Installing: /home/ph/treasure/dockerBENCH/helios16p_ws/install/vicon_receiver/include/boost/asio\n'}
[22.499592] (-) TimerEvent: {}
[22.499878] (vicon_receiver) StdoutLine: {'line': b'-- Installing: /home/ph/treasure/dockerBENCH/helios16p_ws/install/vicon_receiver/include/boost/asio/executor_work_guard.hpp\n'}
[22.500971] (vicon_receiver) StdoutLine: {'line': b'-- Installing: /home/ph/treasure/dockerBENCH/helios16p_ws/install/vicon_receiver/include/boost/asio/basic_streambuf.hpp\n'}
[22.502844] (vicon_receiver) StdoutLine: {'line': b'-- Installing: /home/ph/treasure/dockerBENCH/helios16p_ws/install/vicon_receiver/include/boost/asio/handler_continuation_hook.hpp\n'}
[22.503928] (vicon_receiver) StdoutLine: {'line': b'-- Installing: /home/ph/treasure/dockerBENCH/helios16p_ws/install/vicon_receiver/include/boost/asio/compose.hpp\n'}
[22.504923] (vicon_receiver) StdoutLine: {'line': b'-- Installing: /home/ph/treasure/dockerBENCH/helios16p_ws/install/vicon_receiver/include/boost/asio/post.hpp\n'}
[22.505762] (vicon_receiver) StdoutLine: {'line': b'-- Installing: /home/ph/treasure/dockerBENCH/helios16p_ws/install/vicon_receiver/include/boost/asio/static_thread_pool.hpp\n'}
[22.506512] (vicon_receiver) StdoutLine: {'line': b'-- Installing: /home/ph/treasure/dockerBENCH/helios16p_ws/install/vicon_receiver/include/boost/asio/system_executor.hpp\n'}
[22.507743] (vicon_receiver) StdoutLine: {'line': b'-- Installing: /home/ph/treasure/dockerBENCH/helios16p_ws/install/vicon_receiver/include/boost/asio/streambuf.hpp\n'}
[22.508486] (vicon_receiver) StdoutLine: {'line': b'-- Installing: /home/ph/treasure/dockerBENCH/helios16p_ws/install/vicon_receiver/include/boost/asio/basic_socket_iostream.hpp\n'}
[22.510303] (vicon_receiver) StdoutLine: {'line': b'-- Installing: /home/ph/treasure/dockerBENCH/helios16p_ws/install/vicon_receiver/include/boost/asio/async_result.hpp\n'}
[22.511609] (vicon_receiver) StdoutLine: {'line': b'-- Installing: /home/ph/treasure/dockerBENCH/helios16p_ws/install/vicon_receiver/include/boost/asio/use_awaitable.hpp\n'}
[22.512473] (vicon_receiver) StdoutLine: {'line': b'-- Installing: /home/ph/treasure/dockerBENCH/helios16p_ws/install/vicon_receiver/include/boost/asio/detail\n'}
[22.513154] (vicon_receiver) StdoutLine: {'line': b'-- Installing: /home/ph/treasure/dockerBENCH/helios16p_ws/install/vicon_receiver/include/boost/asio/detail/object_pool.hpp\n'}
[22.514278] (vicon_receiver) StdoutLine: {'line': b'-- Installing: /home/ph/treasure/dockerBENCH/helios16p_ws/install/vicon_receiver/include/boost/asio/detail/thread.hpp\n'}
[22.515817] (vicon_receiver) StdoutLine: {'line': b'-- Installing: /home/ph/treasure/dockerBENCH/helios16p_ws/install/vicon_receiver/include/boost/asio/detail/dependent_type.hpp\n'}
[22.516610] (vicon_receiver) StdoutLine: {'line': b'-- Installing: /home/ph/treasure/dockerBENCH/helios16p_ws/install/vicon_receiver/include/boost/asio/detail/win_global.hpp\n'}
[22.517431] (vicon_receiver) StdoutLine: {'line': b'-- Installing: /home/ph/treasure/dockerBENCH/helios16p_ws/install/vicon_receiver/include/boost/asio/detail/win_mutex.hpp\n'}
[22.518257] (vicon_receiver) StdoutLine: {'line': b'-- Installing: /home/ph/treasure/dockerBENCH/helios16p_ws/install/vicon_receiver/include/boost/asio/detail/timer_queue_ptime.hpp\n'}
[22.519003] (vicon_receiver) StdoutLine: {'line': b'-- Installing: /home/ph/treasure/dockerBENCH/helios16p_ws/install/vicon_receiver/include/boost/asio/detail/win_iocp_handle_service.hpp\n'}
[22.519877] (vicon_receiver) StdoutLine: {'line': b'-- Installing: /home/ph/treasure/dockerBENCH/helios16p_ws/install/vicon_receiver/include/boost/asio/detail/reactor_fwd.hpp\n'}
[22.520620] (vicon_receiver) StdoutLine: {'line': b'-- Installing: /home/ph/treasure/dockerBENCH/helios16p_ws/install/vicon_receiver/include/boost/asio/detail/mutex.hpp\n'}
[22.521573] (vicon_receiver) StdoutLine: {'line': b'-- Installing: /home/ph/treasure/dockerBENCH/helios16p_ws/install/vicon_receiver/include/boost/asio/detail/win_iocp_socket_send_op.hpp\n'}
[22.522361] (vicon_receiver) StdoutLine: {'line': b'-- Installing: /home/ph/treasure/dockerBENCH/helios16p_ws/install/vicon_receiver/include/boost/asio/detail/scheduler.hpp\n'}
[22.523328] (vicon_receiver) StdoutLine: {'line': b'-- Installing: /home/ph/treasure/dockerBENCH/helios16p_ws/install/vicon_receiver/include/boost/asio/detail/chrono_time_traits.hpp\n'}
[22.524043] (vicon_receiver) StdoutLine: {'line': b'-- Installing: /home/ph/treasure/dockerBENCH/helios16p_ws/install/vicon_receiver/include/boost/asio/detail/static_mutex.hpp\n'}
[22.524737] (vicon_receiver) StdoutLine: {'line': b'-- Installing: /home/ph/treasure/dockerBENCH/helios16p_ws/install/vicon_receiver/include/boost/asio/detail/win_iocp_socket_recvfrom_op.hpp\n'}
[22.525526] (vicon_receiver) StdoutLine: {'line': b'-- Installing: /home/ph/treasure/dockerBENCH/helios16p_ws/install/vicon_receiver/include/boost/asio/detail/reactive_socket_service.hpp\n'}
[22.528012] (vicon_receiver) StdoutLine: {'line': b'-- Installing: /home/ph/treasure/dockerBENCH/helios16p_ws/install/vicon_receiver/include/boost/asio/detail/std_mutex.hpp\n'}
[22.528779] (vicon_receiver) StdoutLine: {'line': b'-- Installing: /home/ph/treasure/dockerBENCH/helios16p_ws/install/vicon_receiver/include/boost/asio/detail/scheduler_thread_info.hpp\n'}
[22.529571] (vicon_receiver) StdoutLine: {'line': b'-- Installing: /home/ph/treasure/dockerBENCH/helios16p_ws/install/vicon_receiver/include/boost/asio/detail/thread_group.hpp\n'}
[22.530364] (vicon_receiver) StdoutLine: {'line': b'-- Installing: /home/ph/treasure/dockerBENCH/helios16p_ws/install/vicon_receiver/include/boost/asio/detail/strand_executor_service.hpp\n'}
[22.531158] (vicon_receiver) StdoutLine: {'line': b'-- Installing: /home/ph/treasure/dockerBENCH/helios16p_ws/install/vicon_receiver/include/boost/asio/detail/win_event.hpp\n'}
[22.531891] (vicon_receiver) StdoutLine: {'line': b'-- Installing: /home/ph/treasure/dockerBENCH/helios16p_ws/install/vicon_receiver/include/boost/asio/detail/executor_op.hpp\n'}
[22.532613] (vicon_receiver) StdoutLine: {'line': b'-- Installing: /home/ph/treasure/dockerBENCH/helios16p_ws/install/vicon_receiver/include/boost/asio/detail/noncopyable.hpp\n'}
[22.533501] (vicon_receiver) StdoutLine: {'line': b'-- Installing: /home/ph/treasure/dockerBENCH/helios16p_ws/install/vicon_receiver/include/boost/asio/detail/bind_handler.hpp\n'}
[22.534866] (vicon_receiver) StdoutLine: {'line': b'-- Installing: /home/ph/treasure/dockerBENCH/helios16p_ws/install/vicon_receiver/include/boost/asio/detail/win_iocp_socket_service.hpp\n'}
[22.536308] (vicon_receiver) StdoutLine: {'line': b'-- Installing: /home/ph/treasure/dockerBENCH/helios16p_ws/install/vicon_receiver/include/boost/asio/detail/win_tss_ptr.hpp\n'}
[22.537140] (vicon_receiver) StdoutLine: {'line': b'-- Installing: /home/ph/treasure/dockerBENCH/helios16p_ws/install/vicon_receiver/include/boost/asio/detail/reactive_socket_recv_op.hpp\n'}
[22.538165] (vicon_receiver) StdoutLine: {'line': b'-- Installing: /home/ph/treasure/dockerBENCH/helios16p_ws/install/vicon_receiver/include/boost/asio/detail/win_iocp_socket_accept_op.hpp\n'}
[22.539026] (vicon_receiver) StdoutLine: {'line': b'-- Installing: /home/ph/treasure/dockerBENCH/helios16p_ws/install/vicon_receiver/include/boost/asio/detail/strand_service.hpp\n'}
[22.539868] (vicon_receiver) StdoutLine: {'line': b'-- Installing: /home/ph/treasure/dockerBENCH/helios16p_ws/install/vicon_receiver/include/boost/asio/detail/wrapped_handler.hpp\n'}
[22.541729] (vicon_receiver) StdoutLine: {'line': b'-- Installing: /home/ph/treasure/dockerBENCH/helios16p_ws/install/vicon_receiver/include/boost/asio/detail/null_signal_blocker.hpp\n'}
[22.542714] (vicon_receiver) StdoutLine: {'line': b'-- Installing: /home/ph/treasure/dockerBENCH/helios16p_ws/install/vicon_receiver/include/boost/asio/detail/reactive_null_buffers_op.hpp\n'}
[22.543744] (vicon_receiver) StdoutLine: {'line': b'-- Installing: /home/ph/treasure/dockerBENCH/helios16p_ws/install/vicon_receiver/include/boost/asio/detail/is_buffer_sequence.hpp\n'}
[22.544624] (vicon_receiver) StdoutLine: {'line': b'-- Installing: /home/ph/treasure/dockerBENCH/helios16p_ws/install/vicon_receiver/include/boost/asio/detail/posix_signal_blocker.hpp\n'}
[22.545595] (vicon_receiver) StdoutLine: {'line': b'-- Installing: /home/ph/treasure/dockerBENCH/helios16p_ws/install/vicon_receiver/include/boost/asio/detail/fd_set_adapter.hpp\n'}
[22.546679] (vicon_receiver) StdoutLine: {'line': b'-- Installing: /home/ph/treasure/dockerBENCH/helios16p_ws/install/vicon_receiver/include/boost/asio/detail/deadline_timer_service.hpp\n'}
[22.547680] (vicon_receiver) StdoutLine: {'line': b'-- Installing: /home/ph/treasure/dockerBENCH/helios16p_ws/install/vicon_receiver/include/boost/asio/detail/reactor_op_queue.hpp\n'}
[22.548515] (vicon_receiver) StdoutLine: {'line': b'-- Installing: /home/ph/treasure/dockerBENCH/helios16p_ws/install/vicon_receiver/include/boost/asio/detail/chrono.hpp\n'}
[22.549608] (vicon_receiver) StdoutLine: {'line': b'-- Installing: /home/ph/treasure/dockerBENCH/helios16p_ws/install/vicon_receiver/include/boost/asio/detail/wait_op.hpp\n'}
[22.550426] (vicon_receiver) StdoutLine: {'line': b'-- Installing: /home/ph/treasure/dockerBENCH/helios16p_ws/install/vicon_receiver/include/boost/asio/detail/dev_poll_reactor.hpp\n'}
[22.551399] (vicon_receiver) StdoutLine: {'line': b'-- Installing: /home/ph/treasure/dockerBENCH/helios16p_ws/install/vicon_receiver/include/boost/asio/detail/posix_tss_ptr.hpp\n'}
[22.552428] (vicon_receiver) StdoutLine: {'line': b'-- Installing: /home/ph/treasure/dockerBENCH/helios16p_ws/install/vicon_receiver/include/boost/asio/detail/throw_error.hpp\n'}
[22.553265] (vicon_receiver) StdoutLine: {'line': b'-- Installing: /home/ph/treasure/dockerBENCH/helios16p_ws/install/vicon_receiver/include/boost/asio/detail/timer_queue.hpp\n'}
[22.554345] (vicon_receiver) StdoutLine: {'line': b'-- Installing: /home/ph/treasure/dockerBENCH/helios16p_ws/install/vicon_receiver/include/boost/asio/detail/completion_handler.hpp\n'}
[22.555140] (vicon_receiver) StdoutLine: {'line': b'-- Installing: /home/ph/treasure/dockerBENCH/helios16p_ws/install/vicon_receiver/include/boost/asio/detail/reactor.hpp\n'}
[22.556007] (vicon_receiver) StdoutLine: {'line': b'-- Installing: /home/ph/treasure/dockerBENCH/helios16p_ws/install/vicon_receiver/include/boost/asio/detail/future.hpp\n'}
[22.556916] (vicon_receiver) StdoutLine: {'line': b'-- Installing: /home/ph/treasure/dockerBENCH/helios16p_ws/install/vicon_receiver/include/boost/asio/detail/socket_ops.hpp\n'}
[22.558009] (vicon_receiver) StdoutLine: {'line': b'-- Installing: /home/ph/treasure/dockerBENCH/helios16p_ws/install/vicon_receiver/include/boost/asio/detail/std_global.hpp\n'}
[22.558818] (vicon_receiver) StdoutLine: {'line': b'-- Installing: /home/ph/treasure/dockerBENCH/helios16p_ws/install/vicon_receiver/include/boost/asio/detail/blocking_executor_op.hpp\n'}
[22.559672] (vicon_receiver) StdoutLine: {'line': b'-- Installing: /home/ph/treasure/dockerBENCH/helios16p_ws/install/vicon_receiver/include/boost/asio/detail/timer_scheduler_fwd.hpp\n'}
[22.560641] (vicon_receiver) StdoutLine: {'line': b'-- Installing: /home/ph/treasure/dockerBENCH/helios16p_ws/install/vicon_receiver/include/boost/asio/detail/work_dispatcher.hpp\n'}
[22.561812] (vicon_receiver) StdoutLine: {'line': b'-- Installing: /home/ph/treasure/dockerBENCH/helios16p_ws/install/vicon_receiver/include/boost/asio/detail/reactive_socket_connect_op.hpp\n'}
[22.562993] (vicon_receiver) StdoutLine: {'line': b'-- Installing: /home/ph/treasure/dockerBENCH/helios16p_ws/install/vicon_receiver/include/boost/asio/detail/posix_thread.hpp\n'}
[22.564054] (vicon_receiver) StdoutLine: {'line': b'-- Installing: /home/ph/treasure/dockerBENCH/helios16p_ws/install/vicon_receiver/include/boost/asio/detail/call_stack.hpp\n'}
[22.564836] (vicon_receiver) StdoutLine: {'line': b'-- Installing: /home/ph/treasure/dockerBENCH/helios16p_ws/install/vicon_receiver/include/boost/asio/detail/select_interrupter.hpp\n'}
[22.565637] (vicon_receiver) StdoutLine: {'line': b'-- Installing: /home/ph/treasure/dockerBENCH/helios16p_ws/install/vicon_receiver/include/boost/asio/detail/null_fenced_block.hpp\n'}
[22.566692] (vicon_receiver) StdoutLine: {'line': b'-- Installing: /home/ph/treasure/dockerBENCH/helios16p_ws/install/vicon_receiver/include/boost/asio/detail/win_iocp_socket_recvmsg_op.hpp\n'}
[22.567571] (vicon_receiver) StdoutLine: {'line': b'-- Installing: /home/ph/treasure/dockerBENCH/helios16p_ws/install/vicon_receiver/include/boost/asio/detail/null_socket_service.hpp\n'}
[22.569210] (vicon_receiver) StdoutLine: {'line': b'-- Installing: /home/ph/treasure/dockerBENCH/helios16p_ws/install/vicon_receiver/include/boost/asio/detail/null_static_mutex.hpp\n'}
[22.569920] (vicon_receiver) StdoutLine: {'line': b'-- Installing: /home/ph/treasure/dockerBENCH/helios16p_ws/install/vicon_receiver/include/boost/asio/detail/config.hpp\n'}
[22.571870] (vicon_receiver) StdoutLine: {'line': b'-- Installing: /home/ph/treasure/dockerBENCH/helios16p_ws/install/vicon_receiver/include/boost/asio/detail/recycling_allocator.hpp\n'}
[22.572879] (vicon_receiver) StdoutLine: {'line': b'-- Installing: /home/ph/treasure/dockerBENCH/helios16p_ws/install/vicon_receiver/include/boost/asio/detail/winsock_init.hpp\n'}
[22.573838] (vicon_receiver) StdoutLine: {'line': b'-- Installing: /home/ph/treasure/dockerBENCH/helios16p_ws/install/vicon_receiver/include/boost/asio/detail/type_traits.hpp\n'}
[22.574839] (vicon_receiver) StdoutLine: {'line': b'-- Installing: /home/ph/treasure/dockerBENCH/helios16p_ws/install/vicon_receiver/include/boost/asio/detail/winrt_resolve_op.hpp\n'}
[22.575574] (vicon_receiver) StdoutLine: {'line': b'-- Installing: /home/ph/treasure/dockerBENCH/helios16p_ws/install/vicon_receiver/include/boost/asio/detail/null_tss_ptr.hpp\n'}
[22.576538] (vicon_receiver) StdoutLine: {'line': b'-- Installing: /home/ph/treasure/dockerBENCH/helios16p_ws/install/vicon_receiver/include/boost/asio/detail/win_iocp_overlapped_op.hpp\n'}
[22.577225] (vicon_receiver) StdoutLine: {'line': b'-- Installing: /home/ph/treasure/dockerBENCH/helios16p_ws/install/vicon_receiver/include/boost/asio/detail/epoll_reactor.hpp\n'}
[22.578023] (vicon_receiver) StdoutLine: {'line': b'-- Installing: /home/ph/treasure/dockerBENCH/helios16p_ws/install/vicon_receiver/include/boost/asio/detail/push_options.hpp\n'}
[22.578976] (vicon_receiver) StdoutLine: {'line': b'-- Installing: /home/ph/treasure/dockerBENCH/helios16p_ws/install/vicon_receiver/include/boost/asio/detail/signal_set_service.hpp\n'}
[22.579722] (vicon_receiver) StdoutLine: {'line': b'-- Installing: /home/ph/treasure/dockerBENCH/helios16p_ws/install/vicon_receiver/include/boost/asio/detail/socket_option.hpp\n'}
[22.580486] (vicon_receiver) StdoutLine: {'line': b'-- Installing: /home/ph/treasure/dockerBENCH/helios16p_ws/install/vicon_receiver/include/boost/asio/detail/regex_fwd.hpp\n'}
[22.581113] (vicon_receiver) StdoutLine: {'line': b'-- Installing: /home/ph/treasure/dockerBENCH/helios16p_ws/install/vicon_receiver/include/boost/asio/detail/atomic_count.hpp\n'}
[22.582056] (vicon_receiver) StdoutLine: {'line': b'-- Installing: /home/ph/treasure/dockerBENCH/helios16p_ws/install/vicon_receiver/include/boost/asio/detail/conditionally_enabled_mutex.hpp\n'}
[22.582743] (vicon_receiver) StdoutLine: {'line': b'-- Installing: /home/ph/treasure/dockerBENCH/helios16p_ws/install/vicon_receiver/include/boost/asio/detail/timer_queue_base.hpp\n'}
[22.583554] (vicon_receiver) StdoutLine: {'line': b'-- Installing: /home/ph/treasure/dockerBENCH/helios16p_ws/install/vicon_receiver/include/boost/asio/detail/handler_invoke_helpers.hpp\n'}
[22.584223] (vicon_receiver) StdoutLine: {'line': b'-- Installing: /home/ph/treasure/dockerBENCH/helios16p_ws/install/vicon_receiver/include/boost/asio/detail/win_iocp_handle_read_op.hpp\n'}
[22.584985] (vicon_receiver) StdoutLine: {'line': b'-- Installing: /home/ph/treasure/dockerBENCH/helios16p_ws/install/vicon_receiver/include/boost/asio/detail/resolve_query_op.hpp\n'}
[22.585752] (vicon_receiver) StdoutLine: {'line': b'-- Installing: /home/ph/treasure/dockerBENCH/helios16p_ws/install/vicon_receiver/include/boost/asio/detail/reactive_socket_accept_op.hpp\n'}
[22.586811] (vicon_receiver) StdoutLine: {'line': b'-- Installing: /home/ph/treasure/dockerBENCH/helios16p_ws/install/vicon_receiver/include/boost/asio/detail/win_iocp_serial_port_service.hpp\n'}
[22.587601] (vicon_receiver) StdoutLine: {'line': b'-- Installing: /home/ph/treasure/dockerBENCH/helios16p_ws/install/vicon_receiver/include/boost/asio/detail/string_view.hpp\n'}
[22.588342] (vicon_receiver) StdoutLine: {'line': b'-- Installing: /home/ph/treasure/dockerBENCH/helios16p_ws/install/vicon_receiver/include/boost/asio/detail/consuming_buffers.hpp\n'}
[22.589312] (vicon_receiver) StdoutLine: {'line': b'-- Installing: /home/ph/treasure/dockerBENCH/helios16p_ws/install/vicon_receiver/include/boost/asio/detail/winrt_async_manager.hpp\n'}
[22.590334] (vicon_receiver) StdoutLine: {'line': b'-- Installing: /home/ph/treasure/dockerBENCH/helios16p_ws/install/vicon_receiver/include/boost/asio/detail/handler_type_requirements.hpp\n'}
[22.591267] (vicon_receiver) StdoutLine: {'line': b'-- Installing: /home/ph/treasure/dockerBENCH/helios16p_ws/install/vicon_receiver/include/boost/asio/detail/source_location.hpp\n'}
[22.591990] (vicon_receiver) StdoutLine: {'line': b'-- Installing: /home/ph/treasure/dockerBENCH/helios16p_ws/install/vicon_receiver/include/boost/asio/detail/assert.hpp\n'}
[22.592965] (vicon_receiver) StdoutLine: {'line': b'-- Installing: /home/ph/treasure/dockerBENCH/helios16p_ws/install/vicon_receiver/include/boost/asio/detail/win_fenced_block.hpp\n'}
[22.593770] (vicon_receiver) StdoutLine: {'line': b'-- Installing: /home/ph/treasure/dockerBENCH/helios16p_ws/install/vicon_receiver/include/boost/asio/detail/posix_static_mutex.hpp\n'}
[22.594747] (vicon_receiver) StdoutLine: {'line': b'-- Installing: /home/ph/treasure/dockerBENCH/helios16p_ws/install/vicon_receiver/include/boost/asio/detail/macos_fenced_block.hpp\n'}
[22.595640] (vicon_receiver) StdoutLine: {'line': b'-- Installing: /home/ph/treasure/dockerBENCH/helios16p_ws/install/vicon_receiver/include/boost/asio/detail/concurrency_hint.hpp\n'}
[22.596359] (vicon_receiver) StdoutLine: {'line': b'-- Installing: /home/ph/treasure/dockerBENCH/helios16p_ws/install/vicon_receiver/include/boost/asio/detail/buffer_resize_guard.hpp\n'}
[22.597089] (vicon_receiver) StdoutLine: {'line': b'-- Installing: /home/ph/treasure/dockerBENCH/helios16p_ws/install/vicon_receiver/include/boost/asio/detail/cstdint.hpp\n'}
[22.598157] (vicon_receiver) StdoutLine: {'line': b'-- Installing: /home/ph/treasure/dockerBENCH/helios16p_ws/install/vicon_receiver/include/boost/asio/detail/kqueue_reactor.hpp\n'}
[22.598893] (vicon_receiver) StdoutLine: {'line': b'-- Installing: /home/ph/treasure/dockerBENCH/helios16p_ws/install/vicon_receiver/include/boost/asio/detail/null_event.hpp\n'}
[22.599809] (vicon_receiver) StdoutLine: {'line': b'-- Installing: /home/ph/treasure/dockerBENCH/helios16p_ws/install/vicon_receiver/include/boost/asio/detail/winrt_resolver_service.hpp\n'}
[22.600279] (-) TimerEvent: {}
[22.600982] (vicon_receiver) StdoutLine: {'line': b'-- Installing: /home/ph/treasure/dockerBENCH/helios16p_ws/install/vicon_receiver/include/boost/asio/detail/std_thread.hpp\n'}
[22.601690] (vicon_receiver) StdoutLine: {'line': b'-- Installing: /home/ph/treasure/dockerBENCH/helios16p_ws/install/vicon_receiver/include/boost/asio/detail/thread_info_base.hpp\n'}
[22.602426] (vicon_receiver) StdoutLine: {'line': b'-- Installing: /home/ph/treasure/dockerBENCH/helios16p_ws/install/vicon_receiver/include/boost/asio/detail/posix_event.hpp\n'}
[22.603391] (vicon_receiver) StdoutLine: {'line': b'-- Installing: /home/ph/treasure/dockerBENCH/helios16p_ws/install/vicon_receiver/include/boost/asio/detail/null_mutex.hpp\n'}
[22.604176] (vicon_receiver) StdoutLine: {'line': b'-- Installing: /home/ph/treasure/dockerBENCH/helios16p_ws/install/vicon_receiver/include/boost/asio/detail/solaris_fenced_block.hpp\n'}
[22.604992] (vicon_receiver) StdoutLine: {'line': b'-- Installing: /home/ph/treasure/dockerBENCH/helios16p_ws/install/vicon_receiver/include/boost/asio/detail/fenced_block.hpp\n'}
[22.605490] (vicon_receiver) StdoutLine: {'line': b'-- Installing: /home/ph/treasure/dockerBENCH/helios16p_ws/install/vicon_receiver/include/boost/asio/detail/wait_handler.hpp\n'}
[22.606110] (vicon_receiver) StdoutLine: {'line': b'-- Installing: /home/ph/treasure/dockerBENCH/helios16p_ws/install/vicon_receiver/include/boost/asio/detail/variadic_templates.hpp\n'}
[22.606938] (vicon_receiver) StdoutLine: {'line': b'-- Installing: /home/ph/treasure/dockerBENCH/helios16p_ws/install/vicon_receiver/include/boost/asio/detail/socket_types.hpp\n'}
[22.607666] (vicon_receiver) StdoutLine: {'line': b'-- Installing: /home/ph/treasure/dockerBENCH/helios16p_ws/install/vicon_receiver/include/boost/asio/detail/memory.hpp\n'}
[22.608428] (vicon_receiver) StdoutLine: {'line': b'-- Installing: /home/ph/treasure/dockerBENCH/helios16p_ws/install/vicon_receiver/include/boost/asio/detail/win_iocp_io_context.hpp\n'}
[22.609377] (vicon_receiver) StdoutLine: {'line': b'-- Installing: /home/ph/treasure/dockerBENCH/helios16p_ws/install/vicon_receiver/include/boost/asio/detail/win_iocp_socket_service_base.hpp\n'}
[22.610599] (vicon_receiver) StdoutLine: {'line': b'-- Installing: /home/ph/treasure/dockerBENCH/helios16p_ws/install/vicon_receiver/include/boost/asio/detail/null_global.hpp\n'}
[22.611491] (vicon_receiver) StdoutLine: {'line': b'-- Installing: /home/ph/treasure/dockerBENCH/helios16p_ws/install/vicon_receiver/include/boost/asio/detail/bulk_executor_op.hpp\n'}
[22.612095] (vicon_receiver) StdoutLine: {'line': b'-- Installing: /home/ph/treasure/dockerBENCH/helios16p_ws/install/vicon_receiver/include/boost/asio/detail/posix_global.hpp\n'}
[22.612961] (vicon_receiver) StdoutLine: {'line': b'-- Installing: /home/ph/treasure/dockerBENCH/helios16p_ws/install/vicon_receiver/include/boost/asio/detail/operation.hpp\n'}
[22.613809] (vicon_receiver) StdoutLine: {'line': b'-- Installing: /home/ph/treasure/dockerBENCH/helios16p_ws/install/vicon_receiver/include/boost/asio/detail/executor_function.hpp\n'}
[22.614455] (vicon_receiver) StdoutLine: {'line': b'-- Installing: /home/ph/treasure/dockerBENCH/helios16p_ws/install/vicon_receiver/include/boost/asio/detail/resolve_endpoint_op.hpp\n'}
[22.615183] (vicon_receiver) StdoutLine: {'line': b'-- Installing: /home/ph/treasure/dockerBENCH/helios16p_ws/install/vicon_receiver/include/boost/asio/detail/posix_fd_set_adapter.hpp\n'}
[22.616044] (vicon_receiver) StdoutLine: {'line': b'-- Installing: /home/ph/treasure/dockerBENCH/helios16p_ws/install/vicon_receiver/include/boost/asio/detail/signal_handler.hpp\n'}
[22.616842] (vicon_receiver) StdoutLine: {'line': b'-- Installing: /home/ph/treasure/dockerBENCH/helios16p_ws/install/vicon_receiver/include/boost/asio/detail/std_fenced_block.hpp\n'}
[22.617465] (vicon_receiver) StdoutLine: {'line': b'-- Installing: /home/ph/treasure/dockerBENCH/helios16p_ws/install/vicon_receiver/include/boost/asio/detail/win_iocp_null_buffers_op.hpp\n'}
[22.618194] (vicon_receiver) StdoutLine: {'line': b'-- Installing: /home/ph/treasure/dockerBENCH/helios16p_ws/install/vicon_receiver/include/boost/asio/detail/resolver_service_base.hpp\n'}
[22.618851] (vicon_receiver) StdoutLine: {'line': b'-- Installing: /home/ph/treasure/dockerBENCH/helios16p_ws/install/vicon_receiver/include/boost/asio/detail/reactive_socket_recvfrom_op.hpp\n'}
[22.619815] (vicon_receiver) StdoutLine: {'line': b'-- Installing: /home/ph/treasure/dockerBENCH/helios16p_ws/install/vicon_receiver/include/boost/asio/detail/win_iocp_overlapped_ptr.hpp\n'}
[22.620584] (vicon_receiver) StdoutLine: {'line': b'-- Installing: /home/ph/treasure/dockerBENCH/helios16p_ws/install/vicon_receiver/include/boost/asio/detail/timer_scheduler.hpp\n'}
[22.621253] (vicon_receiver) StdoutLine: {'line': b'-- Installing: /home/ph/treasure/dockerBENCH/helios16p_ws/install/vicon_receiver/include/boost/asio/detail/gcc_arm_fenced_block.hpp\n'}
[22.621879] (vicon_receiver) StdoutLine: {'line': b'-- Installing: /home/ph/treasure/dockerBENCH/helios16p_ws/install/vicon_receiver/include/boost/asio/detail/win_iocp_wait_op.hpp\n'}
[22.622629] (vicon_receiver) StdoutLine: {'line': b'-- Installing: /home/ph/treasure/dockerBENCH/helios16p_ws/install/vicon_receiver/include/boost/asio/detail/signal_blocker.hpp\n'}
[22.623401] (vicon_receiver) StdoutLine: {'line': b'-- Installing: /home/ph/treasure/dockerBENCH/helios16p_ws/install/vicon_receiver/include/boost/asio/detail/reactive_wait_op.hpp\n'}
[22.624155] (vicon_receiver) StdoutLine: {'line': b'-- Installing: /home/ph/treasure/dockerBENCH/helios16p_ws/install/vicon_receiver/include/boost/asio/detail/winrt_timer_scheduler.hpp\n'}
[22.625133] (vicon_receiver) StdoutLine: {'line': b'-- Installing: /home/ph/treasure/dockerBENCH/helios16p_ws/install/vicon_receiver/include/boost/asio/detail/eventfd_select_interrupter.hpp\n'}
[22.625753] (vicon_receiver) StdoutLine: {'line': b'-- Installing: /home/ph/treasure/dockerBENCH/helios16p_ws/install/vicon_receiver/include/boost/asio/detail/pop_options.hpp\n'}
[22.626893] (vicon_receiver) StdoutLine: {'line': b'-- Installing: /home/ph/treasure/dockerBENCH/helios16p_ws/install/vicon_receiver/include/boost/asio/detail/functional.hpp\n'}
[22.627770] (vicon_receiver) StdoutLine: {'line': b'-- Installing: /home/ph/treasure/dockerBENCH/helios16p_ws/install/vicon_receiver/include/boost/asio/detail/is_executor.hpp\n'}
[22.628693] (vicon_receiver) StdoutLine: {'line': b'-- Installing: /home/ph/treasure/dockerBENCH/helios16p_ws/install/vicon_receiver/include/boost/asio/detail/reactive_socket_sendto_op.hpp\n'}
[22.629737] (vicon_receiver) StdoutLine: {'line': b'-- Installing: /home/ph/treasure/dockerBENCH/helios16p_ws/install/vicon_receiver/include/boost/asio/detail/std_event.hpp\n'}
[22.630422] (vicon_receiver) StdoutLine: {'line': b'-- Installing: /home/ph/treasure/dockerBENCH/helios16p_ws/install/vicon_receiver/include/boost/asio/detail/resolver_service.hpp\n'}
[22.631123] (vicon_receiver) StdoutLine: {'line': b'-- Installing: /home/ph/treasure/dockerBENCH/helios16p_ws/install/vicon_receiver/include/boost/asio/detail/descriptor_ops.hpp\n'}
[22.631885] (vicon_receiver) StdoutLine: {'line': b'-- Installing: /home/ph/treasure/dockerBENCH/helios16p_ws/install/vicon_receiver/include/boost/asio/detail/win_iocp_handle_write_op.hpp\n'}
[22.632555] (vicon_receiver) StdoutLine: {'line': b'-- Installing: /home/ph/treasure/dockerBENCH/helios16p_ws/install/vicon_receiver/include/boost/asio/detail/io_control.hpp\n'}
[22.633451] (vicon_receiver) StdoutLine: {'line': b'-- Installing: /home/ph/treasure/dockerBENCH/helios16p_ws/install/vicon_receiver/include/boost/asio/detail/signal_init.hpp\n'}
[22.634102] (vicon_receiver) StdoutLine: {'line': b'-- Installing: /home/ph/treasure/dockerBENCH/helios16p_ws/install/vicon_receiver/include/boost/asio/detail/pipe_select_interrupter.hpp\n'}
[22.634982] (vicon_receiver) StdoutLine: {'line': b'-- Installing: /home/ph/treasure/dockerBENCH/helios16p_ws/install/vicon_receiver/include/boost/asio/detail/throw_exception.hpp\n'}
[22.635658] (vicon_receiver) StdoutLine: {'line': b'-- Installing: /home/ph/treasure/dockerBENCH/helios16p_ws/install/vicon_receiver/include/boost/asio/detail/winapp_thread.hpp\n'}
[22.636438] (vicon_receiver) StdoutLine: {'line': b'-- Installing: /home/ph/treasure/dockerBENCH/helios16p_ws/install/vicon_receiver/include/boost/asio/detail/array_fwd.hpp\n'}
[22.637255] (vicon_receiver) StdoutLine: {'line': b'-- Installing: /home/ph/treasure/dockerBENCH/helios16p_ws/install/vicon_receiver/include/boost/asio/detail/win_fd_set_adapter.hpp\n'}
[22.638105] (vicon_receiver) StdoutLine: {'line': b'-- Installing: /home/ph/treasure/dockerBENCH/helios16p_ws/install/vicon_receiver/include/boost/asio/detail/keyword_tss_ptr.hpp\n'}
[22.638811] (vicon_receiver) StdoutLine: {'line': b'-- Installing: /home/ph/treasure/dockerBENCH/helios16p_ws/install/vicon_receiver/include/boost/asio/detail/impl\n'}
[22.639155] (vicon_receiver) StdoutLine: {'line': b'-- Installing: /home/ph/treasure/dockerBENCH/helios16p_ws/install/vicon_receiver/include/boost/asio/detail/impl/win_iocp_serial_port_service.ipp\n'}
[22.639946] (vicon_receiver) StdoutLine: {'line': b'-- Installing: /home/ph/treasure/dockerBENCH/helios16p_ws/install/vicon_receiver/include/boost/asio/detail/impl/select_reactor.ipp\n'}
[22.640912] (vicon_receiver) StdoutLine: {'line': b'-- Installing: /home/ph/treasure/dockerBENCH/helios16p_ws/install/vicon_receiver/include/boost/asio/detail/impl/strand_executor_service.hpp\n'}
[22.641680] (vicon_receiver) StdoutLine: {'line': b'-- Installing: /home/ph/treasure/dockerBENCH/helios16p_ws/install/vicon_receiver/include/boost/asio/detail/impl/winsock_init.ipp\n'}
[22.642494] (vicon_receiver) StdoutLine: {'line': b'-- Installing: /home/ph/treasure/dockerBENCH/helios16p_ws/install/vicon_receiver/include/boost/asio/detail/impl/win_mutex.ipp\n'}
[22.643382] (vicon_receiver) StdoutLine: {'line': b'-- Installing: /home/ph/treasure/dockerBENCH/helios16p_ws/install/vicon_receiver/include/boost/asio/detail/impl/strand_service.hpp\n'}
[22.643983] (vicon_receiver) StdoutLine: {'line': b'-- Installing: /home/ph/treasure/dockerBENCH/helios16p_ws/install/vicon_receiver/include/boost/asio/detail/impl/dev_poll_reactor.hpp\n'}
[22.644653] (vicon_receiver) StdoutLine: {'line': b'-- Installing: /home/ph/treasure/dockerBENCH/helios16p_ws/install/vicon_receiver/include/boost/asio/detail/impl/win_event.ipp\n'}
[22.645408] (vicon_receiver) StdoutLine: {'line': b'-- Installing: /home/ph/treasure/dockerBENCH/helios16p_ws/install/vicon_receiver/include/boost/asio/detail/impl/timer_queue_ptime.ipp\n'}
[22.646093] (vicon_receiver) StdoutLine: {'line': b'-- Installing: /home/ph/treasure/dockerBENCH/helios16p_ws/install/vicon_receiver/include/boost/asio/detail/impl/descriptor_ops.ipp\n'}
[22.646873] (vicon_receiver) StdoutLine: {'line': b'-- Installing: /home/ph/treasure/dockerBENCH/helios16p_ws/install/vicon_receiver/include/boost/asio/detail/impl/resolver_service_base.ipp\n'}
[22.647924] (vicon_receiver) StdoutLine: {'line': b'-- Installing: /home/ph/treasure/dockerBENCH/helios16p_ws/install/vicon_receiver/include/boost/asio/detail/impl/win_static_mutex.ipp\n'}
[22.648493] (vicon_receiver) StdoutLine: {'line': b'-- Installing: /home/ph/treasure/dockerBENCH/helios16p_ws/install/vicon_receiver/include/boost/asio/detail/impl/reactive_descriptor_service.ipp\n'}
[22.649260] (vicon_receiver) StdoutLine: {'line': b'-- Installing: /home/ph/treasure/dockerBENCH/helios16p_ws/install/vicon_receiver/include/boost/asio/detail/impl/kqueue_reactor.ipp\n'}
[22.650685] (vicon_receiver) StdoutLine: {'line': b'-- Installing: /home/ph/treasure/dockerBENCH/helios16p_ws/install/vicon_receiver/include/boost/asio/detail/impl/eventfd_select_interrupter.ipp\n'}
[22.651163] (vicon_receiver) StdoutLine: {'line': b'-- Installing: /home/ph/treasure/dockerBENCH/helios16p_ws/install/vicon_receiver/include/boost/asio/detail/impl/win_tss_ptr.ipp\n'}
[22.651942] (vicon_receiver) StdoutLine: {'line': b'-- Installing: /home/ph/treasure/dockerBENCH/helios16p_ws/install/vicon_receiver/include/boost/asio/detail/impl/socket_select_interrupter.ipp\n'}
[22.652728] (vicon_receiver) StdoutLine: {'line': b'-- Installing: /home/ph/treasure/dockerBENCH/helios16p_ws/install/vicon_receiver/include/boost/asio/detail/impl/posix_mutex.ipp\n'}
[22.653355] (vicon_receiver) StdoutLine: {'line': b'-- Installing: /home/ph/treasure/dockerBENCH/helios16p_ws/install/vicon_receiver/include/boost/asio/detail/impl/socket_ops.ipp\n'}
[22.655336] (vicon_receiver) StdoutLine: {'line': b'-- Installing: /home/ph/treasure/dockerBENCH/helios16p_ws/install/vicon_receiver/include/boost/asio/detail/impl/epoll_reactor.hpp\n'}
[22.655893] (vicon_receiver) StdoutLine: {'line': b'-- Installing: /home/ph/treasure/dockerBENCH/helios16p_ws/install/vicon_receiver/include/boost/asio/detail/impl/scheduler.ipp\n'}
[22.657227] (vicon_receiver) StdoutLine: {'line': b'-- Installing: /home/ph/treasure/dockerBENCH/helios16p_ws/install/vicon_receiver/include/boost/asio/detail/impl/win_iocp_socket_service_base.ipp\n'}
[22.659028] (vicon_receiver) StdoutLine: {'line': b'-- Installing: /home/ph/treasure/dockerBENCH/helios16p_ws/install/vicon_receiver/include/boost/asio/detail/impl/posix_thread.ipp\n'}
[22.660345] (vicon_receiver) StdoutLine: {'line': b'-- Installing: /home/ph/treasure/dockerBENCH/helios16p_ws/install/vicon_receiver/include/boost/asio/detail/impl/dev_poll_reactor.ipp\n'}
[22.661242] (vicon_receiver) StdoutLine: {'line': b'-- Installing: /home/ph/treasure/dockerBENCH/helios16p_ws/install/vicon_receiver/include/boost/asio/detail/impl/win_object_handle_service.ipp\n'}
[22.662208] (vicon_receiver) StdoutLine: {'line': b'-- Installing: /home/ph/treasure/dockerBENCH/helios16p_ws/install/vicon_receiver/include/boost/asio/detail/impl/kqueue_reactor.hpp\n'}
[22.663058] (vicon_receiver) StdoutLine: {'line': b'-- Installing: /home/ph/treasure/dockerBENCH/helios16p_ws/install/vicon_receiver/include/boost/asio/detail/impl/win_thread.ipp\n'}
[22.663938] (vicon_receiver) StdoutLine: {'line': b'-- Installing: /home/ph/treasure/dockerBENCH/helios16p_ws/install/vicon_receiver/include/boost/asio/detail/impl/win_iocp_io_context.hpp\n'}
[22.664764] (vicon_receiver) StdoutLine: {'line': b'-- Installing: /home/ph/treasure/dockerBENCH/helios16p_ws/install/vicon_receiver/include/boost/asio/detail/impl/timer_queue_set.ipp\n'}
[22.665488] (vicon_receiver) StdoutLine: {'line': b'-- Installing: /home/ph/treasure/dockerBENCH/helios16p_ws/install/vicon_receiver/include/boost/asio/detail/impl/posix_event.ipp\n'}
[22.666223] (vicon_receiver) StdoutLine: {'line': b'-- Installing: /home/ph/treasure/dockerBENCH/helios16p_ws/install/vicon_receiver/include/boost/asio/detail/impl/posix_tss_ptr.ipp\n'}
[22.667005] (vicon_receiver) StdoutLine: {'line': b'-- Installing: /home/ph/treasure/dockerBENCH/helios16p_ws/install/vicon_receiver/include/boost/asio/detail/impl/reactive_socket_service_base.ipp\n'}
[22.667715] (vicon_receiver) StdoutLine: {'line': b'-- Installing: /home/ph/treasure/dockerBENCH/helios16p_ws/install/vicon_receiver/include/boost/asio/detail/impl/winrt_timer_scheduler.hpp\n'}
[22.668450] (vicon_receiver) StdoutLine: {'line': b'-- Installing: /home/ph/treasure/dockerBENCH/helios16p_ws/install/vicon_receiver/include/boost/asio/detail/impl/win_iocp_io_context.ipp\n'}
[22.669748] (vicon_receiver) StdoutLine: {'line': b'-- Installing: /home/ph/treasure/dockerBENCH/helios16p_ws/install/vicon_receiver/include/boost/asio/detail/impl/handler_tracking.ipp\n'}
[22.670665] (vicon_receiver) StdoutLine: {'line': b'-- Installing: /home/ph/treasure/dockerBENCH/helios16p_ws/install/vicon_receiver/include/boost/asio/detail/impl/strand_service.ipp\n'}
[22.671484] (vicon_receiver) StdoutLine: {'line': b'-- Installing: /home/ph/treasure/dockerBENCH/helios16p_ws/install/vicon_receiver/include/boost/asio/detail/impl/null_event.ipp\n'}
[22.672378] (vicon_receiver) StdoutLine: {'line': b'-- Installing: /home/ph/treasure/dockerBENCH/helios16p_ws/install/vicon_receiver/include/boost/asio/detail/impl/service_registry.ipp\n'}
[22.673152] (vicon_receiver) StdoutLine: {'line': b'-- Installing: /home/ph/treasure/dockerBENCH/helios16p_ws/install/vicon_receiver/include/boost/asio/detail/impl/epoll_reactor.ipp\n'}
[22.674841] (vicon_receiver) StdoutLine: {'line': b'-- Installing: /home/ph/treasure/dockerBENCH/helios16p_ws/install/vicon_receiver/include/boost/asio/detail/impl/win_iocp_handle_service.ipp\n'}
[22.676153] (vicon_receiver) StdoutLine: {'line': b'-- Installing: /home/ph/treasure/dockerBENCH/helios16p_ws/install/vicon_receiver/include/boost/asio/detail/impl/buffer_sequence_adapter.ipp\n'}
[22.677474] (vicon_receiver) StdoutLine: {'line': b'-- Installing: /home/ph/treasure/dockerBENCH/helios16p_ws/install/vicon_receiver/include/boost/asio/detail/impl/service_registry.hpp\n'}
[22.679739] (vicon_receiver) StdoutLine: {'line': b'-- Installing: /home/ph/treasure/dockerBENCH/helios16p_ws/install/vicon_receiver/include/boost/asio/detail/impl/signal_set_service.ipp\n'}
[22.681871] (vicon_receiver) StdoutLine: {'line': b'-- Installing: /home/ph/treasure/dockerBENCH/helios16p_ws/install/vicon_receiver/include/boost/asio/detail/impl/reactive_serial_port_service.ipp\n'}
[22.683386] (vicon_receiver) StdoutLine: {'line': b'-- Installing: /home/ph/treasure/dockerBENCH/helios16p_ws/install/vicon_receiver/include/boost/asio/detail/impl/select_reactor.hpp\n'}
[22.684356] (vicon_receiver) StdoutLine: {'line': b'-- Installing: /home/ph/treasure/dockerBENCH/helios16p_ws/install/vicon_receiver/include/boost/asio/detail/impl/pipe_select_interrupter.ipp\n'}
[22.685813] (vicon_receiver) StdoutLine: {'line': b'-- Installing: /home/ph/treasure/dockerBENCH/helios16p_ws/install/vicon_receiver/include/boost/asio/detail/impl/strand_executor_service.ipp\n'}
[22.687334] (vicon_receiver) StdoutLine: {'line': b'-- Installing: /home/ph/treasure/dockerBENCH/helios16p_ws/install/vicon_receiver/include/boost/asio/detail/impl/throw_error.ipp\n'}
[22.688593] (vicon_receiver) StdoutLine: {'line': b'-- Installing: /home/ph/treasure/dockerBENCH/helios16p_ws/install/vicon_receiver/include/boost/asio/detail/impl/winrt_timer_scheduler.ipp\n'}
[22.689779] (vicon_receiver) StdoutLine: {'line': b'-- Installing: /home/ph/treasure/dockerBENCH/helios16p_ws/install/vicon_receiver/include/boost/asio/detail/descriptor_write_op.hpp\n'}
[22.691820] (vicon_receiver) StdoutLine: {'line': b'-- Installing: /home/ph/treasure/dockerBENCH/helios16p_ws/install/vicon_receiver/include/boost/asio/detail/wince_thread.hpp\n'}
[22.693347] (vicon_receiver) StdoutLine: {'line': b'-- Installing: /home/ph/treasure/dockerBENCH/helios16p_ws/install/vicon_receiver/include/boost/asio/detail/hash_map.hpp\n'}
[22.694996] (vicon_receiver) StdoutLine: {'line': b'-- Installing: /home/ph/treasure/dockerBENCH/helios16p_ws/install/vicon_receiver/include/boost/asio/detail/array.hpp\n'}
[22.695891] (vicon_receiver) StdoutLine: {'line': b'-- Installing: /home/ph/treasure/dockerBENCH/helios16p_ws/install/vicon_receiver/include/boost/asio/detail/socket_holder.hpp\n'}
[22.697670] (vicon_receiver) StdoutLine: {'line': b'-- Installing: /home/ph/treasure/dockerBENCH/helios16p_ws/install/vicon_receiver/include/boost/asio/detail/base_from_completion_cond.hpp\n'}
[22.698473] (vicon_receiver) StdoutLine: {'line': b'-- Installing: /home/ph/treasure/dockerBENCH/helios16p_ws/install/vicon_receiver/include/boost/asio/detail/gcc_hppa_fenced_block.hpp\n'}
[22.699160] (vicon_receiver) StdoutLine: {'line': b'-- Installing: /home/ph/treasure/dockerBENCH/helios16p_ws/install/vicon_receiver/include/boost/asio/detail/timer_queue_set.hpp\n'}
[22.699792] (vicon_receiver) StdoutLine: {'line': b'-- Installing: /home/ph/treasure/dockerBENCH/helios16p_ws/install/vicon_receiver/include/boost/asio/detail/win_iocp_operation.hpp\n'}
[22.700828] (-) TimerEvent: {}
[22.701728] (vicon_receiver) StdoutLine: {'line': b'-- Installing: /home/ph/treasure/dockerBENCH/helios16p_ws/install/vicon_receiver/include/boost/asio/detail/buffered_stream_storage.hpp\n'}
[22.702317] (vicon_receiver) StdoutLine: {'line': b'-- Installing: /home/ph/treasure/dockerBENCH/helios16p_ws/install/vicon_receiver/include/boost/asio/detail/win_iocp_socket_connect_op.hpp\n'}
[22.702979] (vicon_receiver) StdoutLine: {'line': b'-- Installing: /home/ph/treasure/dockerBENCH/helios16p_ws/install/vicon_receiver/include/boost/asio/detail/non_const_lvalue.hpp\n'}
[22.703442] (vicon_receiver) StdoutLine: {'line': b'-- Installing: /home/ph/treasure/dockerBENCH/helios16p_ws/install/vicon_receiver/include/boost/asio/detail/old_win_sdk_compat.hpp\n'}
[22.703949] (vicon_receiver) StdoutLine: {'line': b'-- Installing: /home/ph/treasure/dockerBENCH/helios16p_ws/install/vicon_receiver/include/boost/asio/detail/reactive_descriptor_service.hpp\n'}
[22.704480] (vicon_receiver) StdoutLine: {'line': b'-- Installing: /home/ph/treasure/dockerBENCH/helios16p_ws/install/vicon_receiver/include/boost/asio/detail/service_registry.hpp\n'}
[22.706714] (vicon_receiver) StdoutLine: {'line': b'-- Installing: /home/ph/treasure/dockerBENCH/helios16p_ws/install/vicon_receiver/include/boost/asio/detail/std_static_mutex.hpp\n'}
[22.707771] (vicon_receiver) StdoutLine: {'line': b'-- Installing: /home/ph/treasure/dockerBENCH/helios16p_ws/install/vicon_receiver/include/boost/asio/detail/reactive_socket_send_op.hpp\n'}
[22.710515] (vicon_receiver) StdoutLine: {'line': b'-- Installing: /home/ph/treasure/dockerBENCH/helios16p_ws/install/vicon_receiver/include/boost/asio/detail/descriptor_read_op.hpp\n'}
[22.711331] (vicon_receiver) StdoutLine: {'line': b'-- Installing: /home/ph/treasure/dockerBENCH/helios16p_ws/install/vicon_receiver/include/boost/asio/detail/socket_select_interrupter.hpp\n'}
[22.712491] (vicon_receiver) StdoutLine: {'line': b'-- Installing: /home/ph/treasure/dockerBENCH/helios16p_ws/install/vicon_receiver/include/boost/asio/detail/reactive_socket_service_base.hpp\n'}
[22.715010] (vicon_receiver) StdoutLine: {'line': b'-- Installing: /home/ph/treasure/dockerBENCH/helios16p_ws/install/vicon_receiver/include/boost/asio/detail/signal_op.hpp\n'}
[22.716143] (vicon_receiver) StdoutLine: {'line': b'-- Installing: /home/ph/treasure/dockerBENCH/helios16p_ws/install/vicon_receiver/include/boost/asio/detail/null_thread.hpp\n'}
[22.716985] (vicon_receiver) StdoutLine: {'line': b'-- Installing: /home/ph/treasure/dockerBENCH/helios16p_ws/install/vicon_receiver/include/boost/asio/detail/posix_mutex.hpp\n'}
[22.717665] (vicon_receiver) StdoutLine: {'line': b'-- Installing: /home/ph/treasure/dockerBENCH/helios16p_ws/install/vicon_receiver/include/boost/asio/detail/resolve_op.hpp\n'}
[22.718237] (vicon_receiver) StdoutLine: {'line': b'-- Installing: /home/ph/treasure/dockerBENCH/helios16p_ws/install/vicon_receiver/include/boost/asio/detail/cstddef.hpp\n'}
[22.718853] (vicon_receiver) StdoutLine: {'line': b'-- Installing: /home/ph/treasure/dockerBENCH/helios16p_ws/install/vicon_receiver/include/boost/asio/detail/win_object_handle_service.hpp\n'}
[22.720181] (vicon_receiver) StdoutLine: {'line': b'-- Installing: /home/ph/treasure/dockerBENCH/helios16p_ws/install/vicon_receiver/include/boost/asio/detail/op_queue.hpp\n'}
[22.720960] (vicon_receiver) StdoutLine: {'line': b'-- Installing: /home/ph/treasure/dockerBENCH/helios16p_ws/install/vicon_receiver/include/boost/asio/detail/win_iocp_thread_info.hpp\n'}
[22.721516] (vicon_receiver) StdoutLine: {'line': b'-- Installing: /home/ph/treasure/dockerBENCH/helios16p_ws/install/vicon_receiver/include/boost/asio/detail/winrt_utils.hpp\n'}
[22.722221] (vicon_receiver) StdoutLine: {'line': b'-- Installing: /home/ph/treasure/dockerBENCH/helios16p_ws/install/vicon_receiver/include/boost/asio/detail/global.hpp\n'}
[22.722872] (vicon_receiver) StdoutLine: {'line': b'-- Installing: /home/ph/treasure/dockerBENCH/helios16p_ws/install/vicon_receiver/include/boost/asio/detail/handler_cont_helpers.hpp\n'}
[22.723706] (vicon_receiver) StdoutLine: {'line': b'-- Installing: /home/ph/treasure/dockerBENCH/helios16p_ws/install/vicon_receiver/include/boost/asio/detail/select_reactor.hpp\n'}
[22.724237] (vicon_receiver) StdoutLine: {'line': b'-- Installing: /home/ph/treasure/dockerBENCH/helios16p_ws/install/vicon_receiver/include/boost/asio/detail/thread_context.hpp\n'}
[22.725066] (vicon_receiver) StdoutLine: {'line': b'-- Installing: /home/ph/treasure/dockerBENCH/helios16p_ws/install/vicon_receiver/include/boost/asio/detail/reactive_serial_port_service.hpp\n'}
[22.726376] (vicon_receiver) StdoutLine: {'line': b'-- Installing: /home/ph/treasure/dockerBENCH/helios16p_ws/install/vicon_receiver/include/boost/asio/detail/tss_ptr.hpp\n'}
[22.727388] (vicon_receiver) StdoutLine: {'line': b'-- Installing: /home/ph/treasure/dockerBENCH/helios16p_ws/install/vicon_receiver/include/boost/asio/detail/handler_alloc_helpers.hpp\n'}
[22.728545] (vicon_receiver) StdoutLine: {'line': b'-- Installing: /home/ph/treasure/dockerBENCH/helios16p_ws/install/vicon_receiver/include/boost/asio/detail/reactor_op.hpp\n'}
[22.729557] (vicon_receiver) StdoutLine: {'line': b'-- Installing: /home/ph/treasure/dockerBENCH/helios16p_ws/install/vicon_receiver/include/boost/asio/detail/gcc_x86_fenced_block.hpp\n'}
[22.730554] (vicon_receiver) StdoutLine: {'line': b'-- Installing: /home/ph/treasure/dockerBENCH/helios16p_ws/install/vicon_receiver/include/boost/asio/detail/event.hpp\n'}
[22.731791] (vicon_receiver) StdoutLine: {'line': b'-- Installing: /home/ph/treasure/dockerBENCH/helios16p_ws/install/vicon_receiver/include/boost/asio/detail/conditionally_enabled_event.hpp\n'}
[22.732922] (vicon_receiver) StdoutLine: {'line': b'-- Installing: /home/ph/treasure/dockerBENCH/helios16p_ws/install/vicon_receiver/include/boost/asio/detail/scheduler_operation.hpp\n'}
[22.734183] (vicon_receiver) StdoutLine: {'line': b'-- Installing: /home/ph/treasure/dockerBENCH/helios16p_ws/install/vicon_receiver/include/boost/asio/detail/win_iocp_socket_recv_op.hpp\n'}
[22.735398] (vicon_receiver) StdoutLine: {'line': b'-- Installing: /home/ph/treasure/dockerBENCH/helios16p_ws/install/vicon_receiver/include/boost/asio/detail/winrt_async_op.hpp\n'}
[22.736701] (vicon_receiver) StdoutLine: {'line': b'-- Installing: /home/ph/treasure/dockerBENCH/helios16p_ws/install/vicon_receiver/include/boost/asio/detail/win_static_mutex.hpp\n'}
[22.737907] (vicon_receiver) StdoutLine: {'line': b'-- Installing: /home/ph/treasure/dockerBENCH/helios16p_ws/install/vicon_receiver/include/boost/asio/detail/handler_work.hpp\n'}
[22.739309] (vicon_receiver) StdoutLine: {'line': b'-- Installing: /home/ph/treasure/dockerBENCH/helios16p_ws/install/vicon_receiver/include/boost/asio/detail/date_time_fwd.hpp\n'}
[22.740347] (vicon_receiver) StdoutLine: {'line': b'-- Installing: /home/ph/treasure/dockerBENCH/helios16p_ws/install/vicon_receiver/include/boost/asio/detail/scoped_ptr.hpp\n'}
[22.741503] (vicon_receiver) StdoutLine: {'line': b'-- Installing: /home/ph/treasure/dockerBENCH/helios16p_ws/install/vicon_receiver/include/boost/asio/detail/handler_tracking.hpp\n'}
[22.742832] (vicon_receiver) StdoutLine: {'line': b'-- Installing: /home/ph/treasure/dockerBENCH/helios16p_ws/install/vicon_receiver/include/boost/asio/detail/scoped_lock.hpp\n'}
[22.744030] (vicon_receiver) StdoutLine: {'line': b'-- Installing: /home/ph/treasure/dockerBENCH/helios16p_ws/install/vicon_receiver/include/boost/asio/detail/null_reactor.hpp\n'}
[22.745386] (vicon_receiver) StdoutLine: {'line': b'-- Installing: /home/ph/treasure/dockerBENCH/helios16p_ws/install/vicon_receiver/include/boost/asio/detail/win_thread.hpp\n'}
[22.746651] (vicon_receiver) StdoutLine: {'line': b'-- Installing: /home/ph/treasure/dockerBENCH/helios16p_ws/install/vicon_receiver/include/boost/asio/detail/gcc_sync_fenced_block.hpp\n'}
[22.747935] (vicon_receiver) StdoutLine: {'line': b'-- Installing: /home/ph/treasure/dockerBENCH/helios16p_ws/install/vicon_receiver/include/boost/asio/detail/limits.hpp\n'}
[22.749194] (vicon_receiver) StdoutLine: {'line': b'-- Installing: /home/ph/treasure/dockerBENCH/helios16p_ws/install/vicon_receiver/include/boost/asio/detail/buffer_sequence_adapter.hpp\n'}
[22.750526] (vicon_receiver) StdoutLine: {'line': b'-- Installing: /home/ph/treasure/dockerBENCH/helios16p_ws/install/vicon_receiver/include/boost/asio/detail/reactive_socket_recvmsg_op.hpp\n'}
[22.751963] (vicon_receiver) StdoutLine: {'line': b'-- Installing: /home/ph/treasure/dockerBENCH/helios16p_ws/install/vicon_receiver/include/boost/asio/detail/io_object_impl.hpp\n'}
[22.753190] (vicon_receiver) StdoutLine: {'line': b'-- Installing: /home/ph/treasure/dockerBENCH/helios16p_ws/install/vicon_receiver/include/boost/asio/execution\n'}
[22.753990] (vicon_receiver) StdoutLine: {'line': b'-- Installing: /home/ph/treasure/dockerBENCH/helios16p_ws/install/vicon_receiver/include/boost/asio/execution/schedule.hpp\n'}
[22.754900] (vicon_receiver) StdoutLine: {'line': b'-- Installing: /home/ph/treasure/dockerBENCH/helios16p_ws/install/vicon_receiver/include/boost/asio/execution/allocator.hpp\n'}
[22.756092] (vicon_receiver) StdoutLine: {'line': b'-- Installing: /home/ph/treasure/dockerBENCH/helios16p_ws/install/vicon_receiver/include/boost/asio/execution/scheduler.hpp\n'}
[22.757017] (vicon_receiver) StdoutLine: {'line': b'-- Installing: /home/ph/treasure/dockerBENCH/helios16p_ws/install/vicon_receiver/include/boost/asio/execution/invocable_archetype.hpp\n'}
[22.758153] (vicon_receiver) StdoutLine: {'line': b'-- Installing: /home/ph/treasure/dockerBENCH/helios16p_ws/install/vicon_receiver/include/boost/asio/execution/receiver_invocation_error.hpp\n'}
[22.759202] (vicon_receiver) StdoutLine: {'line': b'-- Installing: /home/ph/treasure/dockerBENCH/helios16p_ws/install/vicon_receiver/include/boost/asio/execution/detail\n'}
[22.759637] (vicon_receiver) StdoutLine: {'line': b'-- Installing: /home/ph/treasure/dockerBENCH/helios16p_ws/install/vicon_receiver/include/boost/asio/execution/detail/as_receiver.hpp\n'}
[22.761224] (vicon_receiver) StdoutLine: {'line': b'-- Installing: /home/ph/treasure/dockerBENCH/helios16p_ws/install/vicon_receiver/include/boost/asio/execution/detail/submit_receiver.hpp\n'}
[22.762976] (vicon_receiver) StdoutLine: {'line': b'-- Installing: /home/ph/treasure/dockerBENCH/helios16p_ws/install/vicon_receiver/include/boost/asio/execution/detail/as_operation.hpp\n'}
[22.764114] (vicon_receiver) StdoutLine: {'line': b'-- Installing: /home/ph/treasure/dockerBENCH/helios16p_ws/install/vicon_receiver/include/boost/asio/execution/detail/void_receiver.hpp\n'}
[22.766017] (vicon_receiver) StdoutLine: {'line': b'-- Installing: /home/ph/treasure/dockerBENCH/helios16p_ws/install/vicon_receiver/include/boost/asio/execution/detail/as_invocable.hpp\n'}
[22.767099] (vicon_receiver) StdoutLine: {'line': b'-- Installing: /home/ph/treasure/dockerBENCH/helios16p_ws/install/vicon_receiver/include/boost/asio/execution/detail/bulk_sender.hpp\n'}
[22.768330] (vicon_receiver) StdoutLine: {'line': b'-- Installing: /home/ph/treasure/dockerBENCH/helios16p_ws/install/vicon_receiver/include/boost/asio/execution/start.hpp\n'}
[22.769274] (vicon_receiver) StdoutLine: {'line': b'-- Installing: /home/ph/treasure/dockerBENCH/helios16p_ws/install/vicon_receiver/include/boost/asio/execution/operation_state.hpp\n'}
[22.770532] (vicon_receiver) StdoutLine: {'line': b'-- Installing: /home/ph/treasure/dockerBENCH/helios16p_ws/install/vicon_receiver/include/boost/asio/execution/sender.hpp\n'}
[22.771491] (vicon_receiver) StdoutLine: {'line': b'-- Installing: /home/ph/treasure/dockerBENCH/helios16p_ws/install/vicon_receiver/include/boost/asio/execution/set_done.hpp\n'}
[22.773421] (vicon_receiver) StdoutLine: {'line': b'-- Installing: /home/ph/treasure/dockerBENCH/helios16p_ws/install/vicon_receiver/include/boost/asio/execution/executor.hpp\n'}
[22.773891] (vicon_receiver) StdoutLine: {'line': b'-- Installing: /home/ph/treasure/dockerBENCH/helios16p_ws/install/vicon_receiver/include/boost/asio/execution/relationship.hpp\n'}
[22.775230] (vicon_receiver) StdoutLine: {'line': b'-- Installing: /home/ph/treasure/dockerBENCH/helios16p_ws/install/vicon_receiver/include/boost/asio/execution/bulk_execute.hpp\n'}
[22.777093] (vicon_receiver) StdoutLine: {'line': b'-- Installing: /home/ph/treasure/dockerBENCH/helios16p_ws/install/vicon_receiver/include/boost/asio/execution/any_executor.hpp\n'}
[22.779095] (vicon_receiver) StdoutLine: {'line': b'-- Installing: /home/ph/treasure/dockerBENCH/helios16p_ws/install/vicon_receiver/include/boost/asio/execution/prefer_only.hpp\n'}
[22.780306] (vicon_receiver) StdoutLine: {'line': b'-- Installing: /home/ph/treasure/dockerBENCH/helios16p_ws/install/vicon_receiver/include/boost/asio/execution/outstanding_work.hpp\n'}
[22.782762] (vicon_receiver) StdoutLine: {'line': b'-- Installing: /home/ph/treasure/dockerBENCH/helios16p_ws/install/vicon_receiver/include/boost/asio/execution/bad_executor.hpp\n'}
[22.783818] (vicon_receiver) StdoutLine: {'line': b'-- Installing: /home/ph/treasure/dockerBENCH/helios16p_ws/install/vicon_receiver/include/boost/asio/execution/execute.hpp\n'}
[22.785009] (vicon_receiver) StdoutLine: {'line': b'-- Installing: /home/ph/treasure/dockerBENCH/helios16p_ws/install/vicon_receiver/include/boost/asio/execution/set_error.hpp\n'}
[22.786982] (vicon_receiver) StdoutLine: {'line': b'-- Installing: /home/ph/treasure/dockerBENCH/helios16p_ws/install/vicon_receiver/include/boost/asio/execution/context_as.hpp\n'}
[22.788245] (vicon_receiver) StdoutLine: {'line': b'-- Installing: /home/ph/treasure/dockerBENCH/helios16p_ws/install/vicon_receiver/include/boost/asio/execution/set_value.hpp\n'}
[22.790271] (vicon_receiver) StdoutLine: {'line': b'-- Installing: /home/ph/treasure/dockerBENCH/helios16p_ws/install/vicon_receiver/include/boost/asio/execution/blocking.hpp\n'}
[22.792427] (vicon_receiver) StdoutLine: {'line': b'-- Installing: /home/ph/treasure/dockerBENCH/helios16p_ws/install/vicon_receiver/include/boost/asio/execution/bulk_guarantee.hpp\n'}
[22.794159] (vicon_receiver) StdoutLine: {'line': b'-- Installing: /home/ph/treasure/dockerBENCH/helios16p_ws/install/vicon_receiver/include/boost/asio/execution/mapping.hpp\n'}
[22.796042] (vicon_receiver) StdoutLine: {'line': b'-- Installing: /home/ph/treasure/dockerBENCH/helios16p_ws/install/vicon_receiver/include/boost/asio/execution/impl\n'}
[22.796742] (vicon_receiver) StdoutLine: {'line': b'-- Installing: /home/ph/treasure/dockerBENCH/helios16p_ws/install/vicon_receiver/include/boost/asio/execution/impl/receiver_invocation_error.ipp\n'}
[22.797535] (vicon_receiver) StdoutLine: {'line': b'-- Installing: /home/ph/treasure/dockerBENCH/helios16p_ws/install/vicon_receiver/include/boost/asio/execution/impl/bad_executor.ipp\n'}
[22.798269] (vicon_receiver) StdoutLine: {'line': b'-- Installing: /home/ph/treasure/dockerBENCH/helios16p_ws/install/vicon_receiver/include/boost/asio/execution/receiver.hpp\n'}
[22.799187] (vicon_receiver) StdoutLine: {'line': b'-- Installing: /home/ph/treasure/dockerBENCH/helios16p_ws/install/vicon_receiver/include/boost/asio/execution/occupancy.hpp\n'}
[22.800083] (vicon_receiver) StdoutLine: {'line': b'-- Installing: /home/ph/treasure/dockerBENCH/helios16p_ws/install/vicon_receiver/include/boost/asio/execution/submit.hpp\n'}
[22.800986] (vicon_receiver) StdoutLine: {'line': b'-- Installing: /home/ph/treasure/dockerBENCH/helios16p_ws/install/vicon_receiver/include/boost/asio/execution/connect.hpp\n'}
[22.801307] (-) TimerEvent: {}
[22.802339] (vicon_receiver) StdoutLine: {'line': b'-- Installing: /home/ph/treasure/dockerBENCH/helios16p_ws/install/vicon_receiver/include/boost/asio/execution/blocking_adaptation.hpp\n'}
[22.803574] (vicon_receiver) StdoutLine: {'line': b'-- Installing: /home/ph/treasure/dockerBENCH/helios16p_ws/install/vicon_receiver/include/boost/asio/execution/context.hpp\n'}
[22.804455] (vicon_receiver) StdoutLine: {'line': b'-- Installing: /home/ph/treasure/dockerBENCH/helios16p_ws/install/vicon_receiver/include/boost/asio/buffered_stream.hpp\n'}
[22.805364] (vicon_receiver) StdoutLine: {'line': b'-- Installing: /home/ph/treasure/dockerBENCH/helios16p_ws/install/vicon_receiver/include/boost/asio/posix\n'}
[22.805760] (vicon_receiver) StdoutLine: {'line': b'-- Installing: /home/ph/treasure/dockerBENCH/helios16p_ws/install/vicon_receiver/include/boost/asio/posix/stream_descriptor.hpp\n'}
[22.806303] (vicon_receiver) StdoutLine: {'line': b'-- Installing: /home/ph/treasure/dockerBENCH/helios16p_ws/install/vicon_receiver/include/boost/asio/posix/basic_stream_descriptor.hpp\n'}
[22.807270] (vicon_receiver) StdoutLine: {'line': b'-- Installing: /home/ph/treasure/dockerBENCH/helios16p_ws/install/vicon_receiver/include/boost/asio/posix/descriptor.hpp\n'}
[22.807844] (vicon_receiver) StdoutLine: {'line': b'-- Installing: /home/ph/treasure/dockerBENCH/helios16p_ws/install/vicon_receiver/include/boost/asio/posix/basic_descriptor.hpp\n'}
[22.808801] (vicon_receiver) StdoutLine: {'line': b'-- Installing: /home/ph/treasure/dockerBENCH/helios16p_ws/install/vicon_receiver/include/boost/asio/posix/descriptor_base.hpp\n'}
[22.809443] (vicon_receiver) StdoutLine: {'line': b'-- Installing: /home/ph/treasure/dockerBENCH/helios16p_ws/install/vicon_receiver/include/boost/asio/steady_timer.hpp\n'}
[22.810091] (vicon_receiver) StdoutLine: {'line': b'-- Installing: /home/ph/treasure/dockerBENCH/helios16p_ws/install/vicon_receiver/include/boost/asio/buffered_read_stream.hpp\n'}
[22.811019] (vicon_receiver) StdoutLine: {'line': b'-- Installing: /home/ph/treasure/dockerBENCH/helios16p_ws/install/vicon_receiver/include/boost/asio/write.hpp\n'}
[22.812844] (vicon_receiver) StdoutLine: {'line': b'-- Installing: /home/ph/treasure/dockerBENCH/helios16p_ws/install/vicon_receiver/include/boost/asio/require_concept.hpp\n'}
[22.813526] (vicon_receiver) StdoutLine: {'line': b'-- Installing: /home/ph/treasure/dockerBENCH/helios16p_ws/install/vicon_receiver/include/boost/asio/basic_signal_set.hpp\n'}
[22.814739] (vicon_receiver) StdoutLine: {'line': b'-- Installing: /home/ph/treasure/dockerBENCH/helios16p_ws/install/vicon_receiver/include/boost/asio/basic_streambuf_fwd.hpp\n'}
[22.815558] (vicon_receiver) StdoutLine: {'line': b'-- Installing: /home/ph/treasure/dockerBENCH/helios16p_ws/install/vicon_receiver/include/boost/asio/basic_io_object.hpp\n'}
[22.816353] (vicon_receiver) StdoutLine: {'line': b'-- Installing: /home/ph/treasure/dockerBENCH/helios16p_ws/install/vicon_receiver/include/boost/asio/io_service_strand.hpp\n'}
[22.817065] (vicon_receiver) StdoutLine: {'line': b'-- Installing: /home/ph/treasure/dockerBENCH/helios16p_ws/install/vicon_receiver/include/boost/asio/strand.hpp\n'}
[22.818150] (vicon_receiver) StdoutLine: {'line': b'-- Installing: /home/ph/treasure/dockerBENCH/helios16p_ws/install/vicon_receiver/include/boost/asio/basic_deadline_timer.hpp\n'}
[22.819556] (vicon_receiver) StdoutLine: {'line': b'-- Installing: /home/ph/treasure/dockerBENCH/helios16p_ws/install/vicon_receiver/include/boost/asio/executor.hpp\n'}
[22.820310] (vicon_receiver) StdoutLine: {'line': b'-- Installing: /home/ph/treasure/dockerBENCH/helios16p_ws/install/vicon_receiver/include/boost/asio/this_coro.hpp\n'}
[22.821064] (vicon_receiver) StdoutLine: {'line': b'-- Installing: /home/ph/treasure/dockerBENCH/helios16p_ws/install/vicon_receiver/include/boost/asio/serial_port_base.hpp\n'}
[22.821827] (vicon_receiver) StdoutLine: {'line': b'-- Installing: /home/ph/treasure/dockerBENCH/helios16p_ws/install/vicon_receiver/include/boost/asio/high_resolution_timer.hpp\n'}
[22.822521] (vicon_receiver) StdoutLine: {'line': b'-- Installing: /home/ph/treasure/dockerBENCH/helios16p_ws/install/vicon_receiver/include/boost/asio/time_traits.hpp\n'}
[22.823293] (vicon_receiver) StdoutLine: {'line': b'-- Installing: /home/ph/treasure/dockerBENCH/helios16p_ws/install/vicon_receiver/include/boost/asio/signal_set.hpp\n'}
[22.823931] (vicon_receiver) StdoutLine: {'line': b'-- Installing: /home/ph/treasure/dockerBENCH/helios16p_ws/install/vicon_receiver/include/boost/asio/error.hpp\n'}
[22.824918] (vicon_receiver) StdoutLine: {'line': b'-- Installing: /home/ph/treasure/dockerBENCH/helios16p_ws/install/vicon_receiver/include/boost/asio/buffered_read_stream_fwd.hpp\n'}
[22.825729] (vicon_receiver) StdoutLine: {'line': b'-- Installing: /home/ph/treasure/dockerBENCH/helios16p_ws/install/vicon_receiver/include/boost/asio/defer.hpp\n'}
[22.826924] (vicon_receiver) StdoutLine: {'line': b'-- Installing: /home/ph/treasure/dockerBENCH/helios16p_ws/install/vicon_receiver/include/boost/asio/dispatch.hpp\n'}
[22.827705] (vicon_receiver) StdoutLine: {'line': b'-- Installing: /home/ph/treasure/dockerBENCH/helios16p_ws/install/vicon_receiver/include/boost/asio/execution_context.hpp\n'}
[22.828609] (vicon_receiver) StdoutLine: {'line': b'-- Installing: /home/ph/treasure/dockerBENCH/helios16p_ws/install/vicon_receiver/include/boost/asio/redirect_error.hpp\n'}
[22.830334] (vicon_receiver) StdoutLine: {'line': b'-- Installing: /home/ph/treasure/dockerBENCH/helios16p_ws/install/vicon_receiver/include/boost/asio/system_context.hpp\n'}
[22.831349] (vicon_receiver) StdoutLine: {'line': b'-- Installing: /home/ph/treasure/dockerBENCH/helios16p_ws/install/vicon_receiver/include/boost/asio/use_future.hpp\n'}
[22.832356] (vicon_receiver) StdoutLine: {'line': b'-- Installing: /home/ph/treasure/dockerBENCH/helios16p_ws/install/vicon_receiver/include/boost/asio/io_service.hpp\n'}
[22.833246] (vicon_receiver) StdoutLine: {'line': b'-- Installing: /home/ph/treasure/dockerBENCH/helios16p_ws/install/vicon_receiver/include/boost/asio/version.hpp\n'}
[22.834104] (vicon_receiver) StdoutLine: {'line': b'-- Installing: /home/ph/treasure/dockerBENCH/helios16p_ws/install/vicon_receiver/include/boost/asio/traits\n'}
[22.834678] (vicon_receiver) StdoutLine: {'line': b'-- Installing: /home/ph/treasure/dockerBENCH/helios16p_ws/install/vicon_receiver/include/boost/asio/traits/start_free.hpp\n'}
[22.835554] (vicon_receiver) StdoutLine: {'line': b'-- Installing: /home/ph/treasure/dockerBENCH/helios16p_ws/install/vicon_receiver/include/boost/asio/traits/require_member.hpp\n'}
[22.837253] (vicon_receiver) StdoutLine: {'line': b'-- Installing: /home/ph/treasure/dockerBENCH/helios16p_ws/install/vicon_receiver/include/boost/asio/traits/static_require.hpp\n'}
[22.838234] (vicon_receiver) StdoutLine: {'line': b'-- Installing: /home/ph/treasure/dockerBENCH/helios16p_ws/install/vicon_receiver/include/boost/asio/traits/schedule_free.hpp\n'}
[22.839407] (vicon_receiver) StdoutLine: {'line': b'-- Installing: /home/ph/treasure/dockerBENCH/helios16p_ws/install/vicon_receiver/include/boost/asio/traits/set_error_member.hpp\n'}
[22.841065] (vicon_receiver) StdoutLine: {'line': b'-- Installing: /home/ph/treasure/dockerBENCH/helios16p_ws/install/vicon_receiver/include/boost/asio/traits/execute_free.hpp\n'}
[22.841997] (vicon_receiver) StdoutLine: {'line': b'-- Installing: /home/ph/treasure/dockerBENCH/helios16p_ws/install/vicon_receiver/include/boost/asio/traits/connect_free.hpp\n'}
[22.842933] (vicon_receiver) StdoutLine: {'line': b'-- Installing: /home/ph/treasure/dockerBENCH/helios16p_ws/install/vicon_receiver/include/boost/asio/traits/query_static_constexpr_member.hpp\n'}
[22.843955] (vicon_receiver) StdoutLine: {'line': b'-- Installing: /home/ph/treasure/dockerBENCH/helios16p_ws/install/vicon_receiver/include/boost/asio/traits/bulk_execute_member.hpp\n'}
[22.845979] (vicon_receiver) StdoutLine: {'line': b'-- Installing: /home/ph/treasure/dockerBENCH/helios16p_ws/install/vicon_receiver/include/boost/asio/traits/query_member.hpp\n'}
[22.847367] (vicon_receiver) StdoutLine: {'line': b'-- Installing: /home/ph/treasure/dockerBENCH/helios16p_ws/install/vicon_receiver/include/boost/asio/traits/set_done_member.hpp\n'}
[22.849103] (vicon_receiver) StdoutLine: {'line': b'-- Installing: /home/ph/treasure/dockerBENCH/helios16p_ws/install/vicon_receiver/include/boost/asio/traits/execute_member.hpp\n'}
[22.849845] (vicon_receiver) StdoutLine: {'line': b'-- Installing: /home/ph/treasure/dockerBENCH/helios16p_ws/install/vicon_receiver/include/boost/asio/traits/submit_free.hpp\n'}
[22.850944] (vicon_receiver) StdoutLine: {'line': b'-- Installing: /home/ph/treasure/dockerBENCH/helios16p_ws/install/vicon_receiver/include/boost/asio/traits/static_query.hpp\n'}
[22.852766] (vicon_receiver) StdoutLine: {'line': b'-- Installing: /home/ph/treasure/dockerBENCH/helios16p_ws/install/vicon_receiver/include/boost/asio/traits/static_require_concept.hpp\n'}
[22.853647] (vicon_receiver) StdoutLine: {'line': b'-- Installing: /home/ph/treasure/dockerBENCH/helios16p_ws/install/vicon_receiver/include/boost/asio/traits/set_value_member.hpp\n'}
[22.854448] (vicon_receiver) StdoutLine: {'line': b'-- Installing: /home/ph/treasure/dockerBENCH/helios16p_ws/install/vicon_receiver/include/boost/asio/traits/require_free.hpp\n'}
[22.855088] (vicon_receiver) StdoutLine: {'line': b'-- Installing: /home/ph/treasure/dockerBENCH/helios16p_ws/install/vicon_receiver/include/boost/asio/traits/connect_member.hpp\n'}
[22.855727] (vicon_receiver) StdoutLine: {'line': b'-- Installing: /home/ph/treasure/dockerBENCH/helios16p_ws/install/vicon_receiver/include/boost/asio/traits/schedule_member.hpp\n'}
[22.856413] (vicon_receiver) StdoutLine: {'line': b'-- Installing: /home/ph/treasure/dockerBENCH/helios16p_ws/install/vicon_receiver/include/boost/asio/traits/require_concept_member.hpp\n'}
[22.857063] (vicon_receiver) StdoutLine: {'line': b'-- Installing: /home/ph/treasure/dockerBENCH/helios16p_ws/install/vicon_receiver/include/boost/asio/traits/start_member.hpp\n'}
[22.857706] (vicon_receiver) StdoutLine: {'line': b'-- Installing: /home/ph/treasure/dockerBENCH/helios16p_ws/install/vicon_receiver/include/boost/asio/traits/set_value_free.hpp\n'}
[22.858430] (vicon_receiver) StdoutLine: {'line': b'-- Installing: /home/ph/treasure/dockerBENCH/helios16p_ws/install/vicon_receiver/include/boost/asio/traits/bulk_execute_free.hpp\n'}
[22.859091] (vicon_receiver) StdoutLine: {'line': b'-- Installing: /home/ph/treasure/dockerBENCH/helios16p_ws/install/vicon_receiver/include/boost/asio/traits/prefer_member.hpp\n'}
[22.859703] (vicon_receiver) StdoutLine: {'line': b'-- Installing: /home/ph/treasure/dockerBENCH/helios16p_ws/install/vicon_receiver/include/boost/asio/traits/submit_member.hpp\n'}
[22.860493] (vicon_receiver) StdoutLine: {'line': b'-- Installing: /home/ph/treasure/dockerBENCH/helios16p_ws/install/vicon_receiver/include/boost/asio/traits/set_error_free.hpp\n'}
[22.861079] (vicon_receiver) StdoutLine: {'line': b'-- Installing: /home/ph/treasure/dockerBENCH/helios16p_ws/install/vicon_receiver/include/boost/asio/traits/query_free.hpp\n'}
[22.862077] (vicon_receiver) StdoutLine: {'line': b'-- Installing: /home/ph/treasure/dockerBENCH/helios16p_ws/install/vicon_receiver/include/boost/asio/traits/require_concept_free.hpp\n'}
[22.862584] (vicon_receiver) StdoutLine: {'line': b'-- Installing: /home/ph/treasure/dockerBENCH/helios16p_ws/install/vicon_receiver/include/boost/asio/traits/set_done_free.hpp\n'}
[22.863402] (vicon_receiver) StdoutLine: {'line': b'-- Installing: /home/ph/treasure/dockerBENCH/helios16p_ws/install/vicon_receiver/include/boost/asio/traits/equality_comparable.hpp\n'}
[22.864090] (vicon_receiver) StdoutLine: {'line': b'-- Installing: /home/ph/treasure/dockerBENCH/helios16p_ws/install/vicon_receiver/include/boost/asio/traits/prefer_free.hpp\n'}
[22.864876] (vicon_receiver) StdoutLine: {'line': b'-- Installing: /home/ph/treasure/dockerBENCH/helios16p_ws/install/vicon_receiver/include/boost/asio/basic_socket.hpp\n'}
[22.866319] (vicon_receiver) StdoutLine: {'line': b'-- Installing: /home/ph/treasure/dockerBENCH/helios16p_ws/install/vicon_receiver/include/boost/asio/buffers_iterator.hpp\n'}
[22.867333] (vicon_receiver) StdoutLine: {'line': b'-- Installing: /home/ph/treasure/dockerBENCH/helios16p_ws/install/vicon_receiver/include/boost/asio/windows\n'}
[22.867844] (vicon_receiver) StdoutLine: {'line': b'-- Installing: /home/ph/treasure/dockerBENCH/helios16p_ws/install/vicon_receiver/include/boost/asio/windows/overlapped_ptr.hpp\n'}
[22.868418] (vicon_receiver) StdoutLine: {'line': b'-- Installing: /home/ph/treasure/dockerBENCH/helios16p_ws/install/vicon_receiver/include/boost/asio/windows/basic_object_handle.hpp\n'}
[22.869605] (vicon_receiver) StdoutLine: {'line': b'-- Installing: /home/ph/treasure/dockerBENCH/helios16p_ws/install/vicon_receiver/include/boost/asio/windows/basic_stream_handle.hpp\n'}
[22.870555] (vicon_receiver) StdoutLine: {'line': b'-- Installing: /home/ph/treasure/dockerBENCH/helios16p_ws/install/vicon_receiver/include/boost/asio/windows/basic_overlapped_handle.hpp\n'}
[22.871399] (vicon_receiver) StdoutLine: {'line': b'-- Installing: /home/ph/treasure/dockerBENCH/helios16p_ws/install/vicon_receiver/include/boost/asio/windows/basic_random_access_handle.hpp\n'}
[22.872457] (vicon_receiver) StdoutLine: {'line': b'-- Installing: /home/ph/treasure/dockerBENCH/helios16p_ws/install/vicon_receiver/include/boost/asio/windows/object_handle.hpp\n'}
[22.873628] (vicon_receiver) StdoutLine: {'line': b'-- Installing: /home/ph/treasure/dockerBENCH/helios16p_ws/install/vicon_receiver/include/boost/asio/windows/stream_handle.hpp\n'}
[22.874339] (vicon_receiver) StdoutLine: {'line': b'-- Installing: /home/ph/treasure/dockerBENCH/helios16p_ws/install/vicon_receiver/include/boost/asio/windows/overlapped_handle.hpp\n'}
[22.875213] (vicon_receiver) StdoutLine: {'line': b'-- Installing: /home/ph/treasure/dockerBENCH/helios16p_ws/install/vicon_receiver/include/boost/asio/windows/random_access_handle.hpp\n'}
[22.877348] (vicon_receiver) StdoutLine: {'line': b'-- Installing: /home/ph/treasure/dockerBENCH/helios16p_ws/install/vicon_receiver/include/boost/asio/buffered_stream_fwd.hpp\n'}
[22.877770] (vicon_receiver) StdoutLine: {'line': b'-- Installing: /home/ph/treasure/dockerBENCH/helios16p_ws/install/vicon_receiver/include/boost/asio/bind_executor.hpp\n'}
[22.881068] (vicon_receiver) StdoutLine: {'line': b'-- Installing: /home/ph/treasure/dockerBENCH/helios16p_ws/install/vicon_receiver/include/boost/asio/read_until.hpp\n'}
[22.883985] (vicon_receiver) StdoutLine: {'line': b'-- Installing: /home/ph/treasure/dockerBENCH/helios16p_ws/install/vicon_receiver/include/boost/asio/placeholders.hpp\n'}
[22.885552] (vicon_receiver) StdoutLine: {'line': b'-- Installing: /home/ph/treasure/dockerBENCH/helios16p_ws/install/vicon_receiver/include/boost/asio/buffer.hpp\n'}
[22.888814] (vicon_receiver) StdoutLine: {'line': b'-- Installing: /home/ph/treasure/dockerBENCH/helios16p_ws/install/vicon_receiver/include/boost/asio/basic_serial_port.hpp\n'}
[22.893003] (vicon_receiver) StdoutLine: {'line': b'-- Installing: /home/ph/treasure/dockerBENCH/helios16p_ws/install/vicon_receiver/include/boost/asio/basic_socket_acceptor.hpp\n'}
[22.897667] (vicon_receiver) StdoutLine: {'line': b'-- Installing: /home/ph/treasure/dockerBENCH/helios16p_ws/install/vicon_receiver/include/boost/asio/local\n'}
[22.899045] (vicon_receiver) StdoutLine: {'line': b'-- Installing: /home/ph/treasure/dockerBENCH/helios16p_ws/install/vicon_receiver/include/boost/asio/local/detail\n'}
[22.903529] (vicon_receiver) StdoutLine: {'line': b'-- Installing: /home/ph/treasure/dockerBENCH/helios16p_ws/install/vicon_receiver/include/boost/asio/local/detail/impl\n'}
[22.903843] (-) TimerEvent: {}
[22.904095] (vicon_receiver) StdoutLine: {'line': b'-- Installing: /home/ph/treasure/dockerBENCH/helios16p_ws/install/vicon_receiver/include/boost/asio/local/detail/impl/endpoint.ipp\n'}
[22.904484] (vicon_receiver) StdoutLine: {'line': b'-- Installing: /home/ph/treasure/dockerBENCH/helios16p_ws/install/vicon_receiver/include/boost/asio/local/detail/endpoint.hpp\n'}
[22.906081] (vicon_receiver) StdoutLine: {'line': b'-- Installing: /home/ph/treasure/dockerBENCH/helios16p_ws/install/vicon_receiver/include/boost/asio/local/stream_protocol.hpp\n'}
[22.909461] (vicon_receiver) StdoutLine: {'line': b'-- Installing: /home/ph/treasure/dockerBENCH/helios16p_ws/install/vicon_receiver/include/boost/asio/local/basic_endpoint.hpp\n'}
[22.910874] (vicon_receiver) StdoutLine: {'line': b'-- Installing: /home/ph/treasure/dockerBENCH/helios16p_ws/install/vicon_receiver/include/boost/asio/local/datagram_protocol.hpp\n'}
[22.911861] (vicon_receiver) StdoutLine: {'line': b'-- Installing: /home/ph/treasure/dockerBENCH/helios16p_ws/install/vicon_receiver/include/boost/asio/local/connect_pair.hpp\n'}
[22.913623] (vicon_receiver) StdoutLine: {'line': b'-- Installing: /home/ph/treasure/dockerBENCH/helios16p_ws/install/vicon_receiver/include/boost/asio/basic_seq_packet_socket.hpp\n'}
[22.916087] (vicon_receiver) StdoutLine: {'line': b'-- Installing: /home/ph/treasure/dockerBENCH/helios16p_ws/install/vicon_receiver/include/boost/asio/deadline_timer.hpp\n'}
[22.917819] (vicon_receiver) StdoutLine: {'line': b'-- Installing: /home/ph/treasure/dockerBENCH/helios16p_ws/install/vicon_receiver/include/boost/asio/prefer.hpp\n'}
[22.919170] (vicon_receiver) StdoutLine: {'line': b'-- Installing: /home/ph/treasure/dockerBENCH/helios16p_ws/install/vicon_receiver/include/boost/asio/wait_traits.hpp\n'}
[22.920408] (vicon_receiver) StdoutLine: {'line': b'-- Installing: /home/ph/treasure/dockerBENCH/helios16p_ws/install/vicon_receiver/include/boost/asio/basic_raw_socket.hpp\n'}
[22.922102] (vicon_receiver) StdoutLine: {'line': b'-- Installing: /home/ph/treasure/dockerBENCH/helios16p_ws/install/vicon_receiver/include/boost/asio/is_executor.hpp\n'}
[22.924525] (vicon_receiver) StdoutLine: {'line': b'-- Installing: /home/ph/treasure/dockerBENCH/helios16p_ws/install/vicon_receiver/include/boost/asio/require.hpp\n'}
[22.926927] (vicon_receiver) StdoutLine: {'line': b'-- Installing: /home/ph/treasure/dockerBENCH/helios16p_ws/install/vicon_receiver/include/boost/asio/buffered_write_stream_fwd.hpp\n'}
[22.927407] (vicon_receiver) StdoutLine: {'line': b'-- Installing: /home/ph/treasure/dockerBENCH/helios16p_ws/install/vicon_receiver/include/boost/asio/socket_base.hpp\n'}
[22.928971] (vicon_receiver) StdoutLine: {'line': b'-- Installing: /home/ph/treasure/dockerBENCH/helios16p_ws/install/vicon_receiver/include/boost/asio/awaitable.hpp\n'}
[22.930999] (vicon_receiver) StdoutLine: {'line': b'-- Installing: /home/ph/treasure/dockerBENCH/helios16p_ws/install/vicon_receiver/include/boost/asio/uses_executor.hpp\n'}
[22.932960] (vicon_receiver) StdoutLine: {'line': b'-- Installing: /home/ph/treasure/dockerBENCH/helios16p_ws/install/vicon_receiver/include/boost/asio/thread_pool.hpp\n'}
[22.934955] (vicon_receiver) StdoutLine: {'line': b'-- Installing: /home/ph/treasure/dockerBENCH/helios16p_ws/install/vicon_receiver/include/boost/asio/associated_allocator.hpp\n'}
[22.936295] (vicon_receiver) StdoutLine: {'line': b'-- Installing: /home/ph/treasure/dockerBENCH/helios16p_ws/install/vicon_receiver/include/boost/asio/any_io_executor.hpp\n'}
[22.937758] (vicon_receiver) StdoutLine: {'line': b'-- Installing: /home/ph/treasure/dockerBENCH/helios16p_ws/install/vicon_receiver/include/boost/asio/read_at.hpp\n'}
[22.939959] (vicon_receiver) StdoutLine: {'line': b'-- Installing: /home/ph/treasure/dockerBENCH/helios16p_ws/install/vicon_receiver/include/boost/asio/system_timer.hpp\n'}
[22.941276] (vicon_receiver) StdoutLine: {'line': b'-- Installing: /home/ph/treasure/dockerBENCH/helios16p_ws/install/vicon_receiver/include/boost/asio/multiple_exceptions.hpp\n'}
[22.942484] (vicon_receiver) StdoutLine: {'line': b'-- Installing: /home/ph/treasure/dockerBENCH/helios16p_ws/install/vicon_receiver/include/boost/asio/read.hpp\n'}
[22.945633] (vicon_receiver) StdoutLine: {'line': b'-- Installing: /home/ph/treasure/dockerBENCH/helios16p_ws/install/vicon_receiver/include/boost/asio/impl\n'}
[22.946098] (vicon_receiver) StdoutLine: {'line': b'-- Installing: /home/ph/treasure/dockerBENCH/helios16p_ws/install/vicon_receiver/include/boost/asio/impl/executor.ipp\n'}
[22.946944] (vicon_receiver) StdoutLine: {'line': b'-- Installing: /home/ph/treasure/dockerBENCH/helios16p_ws/install/vicon_receiver/include/boost/asio/impl/compose.hpp\n'}
[22.952187] (vicon_receiver) StdoutLine: {'line': b'-- Installing: /home/ph/treasure/dockerBENCH/helios16p_ws/install/vicon_receiver/include/boost/asio/impl/post.hpp\n'}
[22.955042] (vicon_receiver) StdoutLine: {'line': b'-- Installing: /home/ph/treasure/dockerBENCH/helios16p_ws/install/vicon_receiver/include/boost/asio/impl/system_executor.hpp\n'}
[22.955417] (vicon_receiver) StdoutLine: {'line': b'-- Installing: /home/ph/treasure/dockerBENCH/helios16p_ws/install/vicon_receiver/include/boost/asio/impl/use_awaitable.hpp\n'}
[22.956447] (vicon_receiver) StdoutLine: {'line': b'-- Installing: /home/ph/treasure/dockerBENCH/helios16p_ws/install/vicon_receiver/include/boost/asio/impl/system_context.ipp\n'}
[22.958467] (vicon_receiver) StdoutLine: {'line': b'-- Installing: /home/ph/treasure/dockerBENCH/helios16p_ws/install/vicon_receiver/include/boost/asio/impl/multiple_exceptions.ipp\n'}
[22.959459] (vicon_receiver) StdoutLine: {'line': b'-- Installing: /home/ph/treasure/dockerBENCH/helios16p_ws/install/vicon_receiver/include/boost/asio/impl/buffered_read_stream.hpp\n'}
[22.960957] (vicon_receiver) StdoutLine: {'line': b'-- Installing: /home/ph/treasure/dockerBENCH/helios16p_ws/install/vicon_receiver/include/boost/asio/impl/write.hpp\n'}
[22.965330] (vicon_receiver) StdoutLine: {'line': b'-- Installing: /home/ph/treasure/dockerBENCH/helios16p_ws/install/vicon_receiver/include/boost/asio/impl/thread_pool.ipp\n'}
[22.966021] (vicon_receiver) StdoutLine: {'line': b'-- Installing: /home/ph/treasure/dockerBENCH/helios16p_ws/install/vicon_receiver/include/boost/asio/impl/execution_context.ipp\n'}
[22.966844] (vicon_receiver) StdoutLine: {'line': b'-- Installing: /home/ph/treasure/dockerBENCH/helios16p_ws/install/vicon_receiver/include/boost/asio/impl/executor.hpp\n'}
[22.967783] (vicon_receiver) StdoutLine: {'line': b'-- Installing: /home/ph/treasure/dockerBENCH/helios16p_ws/install/vicon_receiver/include/boost/asio/impl/serial_port_base.ipp\n'}
[22.969510] (vicon_receiver) StdoutLine: {'line': b'-- Installing: /home/ph/treasure/dockerBENCH/helios16p_ws/install/vicon_receiver/include/boost/asio/impl/serial_port_base.hpp\n'}
[22.970422] (vicon_receiver) StdoutLine: {'line': b'-- Installing: /home/ph/treasure/dockerBENCH/helios16p_ws/install/vicon_receiver/include/boost/asio/impl/error.ipp\n'}
[22.971558] (vicon_receiver) StdoutLine: {'line': b'-- Installing: /home/ph/treasure/dockerBENCH/helios16p_ws/install/vicon_receiver/include/boost/asio/impl/defer.hpp\n'}
[22.972136] (vicon_receiver) StdoutLine: {'line': b'-- Installing: /home/ph/treasure/dockerBENCH/helios16p_ws/install/vicon_receiver/include/boost/asio/impl/dispatch.hpp\n'}
[22.973038] (vicon_receiver) StdoutLine: {'line': b'-- Installing: /home/ph/treasure/dockerBENCH/helios16p_ws/install/vicon_receiver/include/boost/asio/impl/execution_context.hpp\n'}
[22.973854] (vicon_receiver) StdoutLine: {'line': b'-- Installing: /home/ph/treasure/dockerBENCH/helios16p_ws/install/vicon_receiver/include/boost/asio/impl/redirect_error.hpp\n'}
[22.975130] (vicon_receiver) StdoutLine: {'line': b'-- Installing: /home/ph/treasure/dockerBENCH/helios16p_ws/install/vicon_receiver/include/boost/asio/impl/system_context.hpp\n'}
[22.975563] (vicon_receiver) StdoutLine: {'line': b'-- Installing: /home/ph/treasure/dockerBENCH/helios16p_ws/install/vicon_receiver/include/boost/asio/impl/use_future.hpp\n'}
[22.978168] (vicon_receiver) StdoutLine: {'line': b'-- Installing: /home/ph/treasure/dockerBENCH/helios16p_ws/install/vicon_receiver/include/boost/asio/impl/read_until.hpp\n'}
[22.979572] (vicon_receiver) StdoutLine: {'line': b'-- Installing: /home/ph/treasure/dockerBENCH/helios16p_ws/install/vicon_receiver/include/boost/asio/impl/handler_alloc_hook.ipp\n'}
[22.980504] (vicon_receiver) StdoutLine: {'line': b'-- Installing: /home/ph/treasure/dockerBENCH/helios16p_ws/install/vicon_receiver/include/boost/asio/impl/io_context.ipp\n'}
[22.982066] (vicon_receiver) StdoutLine: {'line': b'-- Installing: /home/ph/treasure/dockerBENCH/helios16p_ws/install/vicon_receiver/include/boost/asio/impl/awaitable.hpp\n'}
[22.983096] (vicon_receiver) StdoutLine: {'line': b'-- Installing: /home/ph/treasure/dockerBENCH/helios16p_ws/install/vicon_receiver/include/boost/asio/impl/thread_pool.hpp\n'}
[22.983939] (vicon_receiver) StdoutLine: {'line': b'-- Installing: /home/ph/treasure/dockerBENCH/helios16p_ws/install/vicon_receiver/include/boost/asio/impl/read_at.hpp\n'}
[22.986955] (vicon_receiver) StdoutLine: {'line': b'-- Installing: /home/ph/treasure/dockerBENCH/helios16p_ws/install/vicon_receiver/include/boost/asio/impl/read.hpp\n'}
[22.987341] (vicon_receiver) StdoutLine: {'line': b'-- Installing: /home/ph/treasure/dockerBENCH/helios16p_ws/install/vicon_receiver/include/boost/asio/impl/detached.hpp\n'}
[22.988204] (vicon_receiver) StdoutLine: {'line': b'-- Installing: /home/ph/treasure/dockerBENCH/helios16p_ws/install/vicon_receiver/include/boost/asio/impl/buffered_write_stream.hpp\n'}
[22.989841] (vicon_receiver) StdoutLine: {'line': b'-- Installing: /home/ph/treasure/dockerBENCH/helios16p_ws/install/vicon_receiver/include/boost/asio/impl/connect.hpp\n'}
[22.990704] (vicon_receiver) StdoutLine: {'line': b'-- Installing: /home/ph/treasure/dockerBENCH/helios16p_ws/install/vicon_receiver/include/boost/asio/impl/io_context.hpp\n'}
[22.992025] (vicon_receiver) StdoutLine: {'line': b'-- Installing: /home/ph/treasure/dockerBENCH/helios16p_ws/install/vicon_receiver/include/boost/asio/impl/write_at.hpp\n'}
[22.994478] (vicon_receiver) StdoutLine: {'line': b'-- Installing: /home/ph/treasure/dockerBENCH/helios16p_ws/install/vicon_receiver/include/boost/asio/impl/co_spawn.hpp\n'}
[22.995520] (vicon_receiver) StdoutLine: {'line': b'-- Installing: /home/ph/treasure/dockerBENCH/helios16p_ws/install/vicon_receiver/include/boost/asio/generic\n'}
[22.996068] (vicon_receiver) StdoutLine: {'line': b'-- Installing: /home/ph/treasure/dockerBENCH/helios16p_ws/install/vicon_receiver/include/boost/asio/generic/detail\n'}
[22.996589] (vicon_receiver) StdoutLine: {'line': b'-- Installing: /home/ph/treasure/dockerBENCH/helios16p_ws/install/vicon_receiver/include/boost/asio/generic/detail/impl\n'}
[22.997032] (vicon_receiver) StdoutLine: {'line': b'-- Installing: /home/ph/treasure/dockerBENCH/helios16p_ws/install/vicon_receiver/include/boost/asio/generic/detail/impl/endpoint.ipp\n'}
[22.997626] (vicon_receiver) StdoutLine: {'line': b'-- Installing: /home/ph/treasure/dockerBENCH/helios16p_ws/install/vicon_receiver/include/boost/asio/generic/detail/endpoint.hpp\n'}
[22.998414] (vicon_receiver) StdoutLine: {'line': b'-- Installing: /home/ph/treasure/dockerBENCH/helios16p_ws/install/vicon_receiver/include/boost/asio/generic/seq_packet_protocol.hpp\n'}
[22.999155] (vicon_receiver) StdoutLine: {'line': b'-- Installing: /home/ph/treasure/dockerBENCH/helios16p_ws/install/vicon_receiver/include/boost/asio/generic/stream_protocol.hpp\n'}
[23.000507] (vicon_receiver) StdoutLine: {'line': b'-- Installing: /home/ph/treasure/dockerBENCH/helios16p_ws/install/vicon_receiver/include/boost/asio/generic/basic_endpoint.hpp\n'}
[23.001482] (vicon_receiver) StdoutLine: {'line': b'-- Installing: /home/ph/treasure/dockerBENCH/helios16p_ws/install/vicon_receiver/include/boost/asio/generic/datagram_protocol.hpp\n'}
[23.002314] (vicon_receiver) StdoutLine: {'line': b'-- Installing: /home/ph/treasure/dockerBENCH/helios16p_ws/install/vicon_receiver/include/boost/asio/generic/raw_protocol.hpp\n'}
[23.003098] (vicon_receiver) StdoutLine: {'line': b'-- Installing: /home/ph/treasure/dockerBENCH/helios16p_ws/install/vicon_receiver/include/boost/asio/basic_socket_streambuf.hpp\n'}
[23.003965] (-) TimerEvent: {}
[23.004894] (vicon_receiver) StdoutLine: {'line': b'-- Installing: /home/ph/treasure/dockerBENCH/helios16p_ws/install/vicon_receiver/include/boost/asio/packaged_task.hpp\n'}
[23.005638] (vicon_receiver) StdoutLine: {'line': b'-- Installing: /home/ph/treasure/dockerBENCH/helios16p_ws/install/vicon_receiver/include/boost/asio/associated_executor.hpp\n'}
[23.006520] (vicon_receiver) StdoutLine: {'line': b'-- Installing: /home/ph/treasure/dockerBENCH/helios16p_ws/install/vicon_receiver/include/boost/asio/is_write_buffered.hpp\n'}
[23.007572] (vicon_receiver) StdoutLine: {'line': b'-- Installing: /home/ph/treasure/dockerBENCH/helios16p_ws/install/vicon_receiver/include/boost/asio/detached.hpp\n'}
[23.008617] (vicon_receiver) StdoutLine: {'line': b'-- Installing: /home/ph/treasure/dockerBENCH/helios16p_ws/install/vicon_receiver/include/boost/asio/execution.hpp\n'}
[23.009505] (vicon_receiver) StdoutLine: {'line': b'-- Installing: /home/ph/treasure/dockerBENCH/helios16p_ws/install/vicon_receiver/include/boost/asio/basic_stream_socket.hpp\n'}
[23.012092] (vicon_receiver) StdoutLine: {'line': b'-- Installing: /home/ph/treasure/dockerBENCH/helios16p_ws/install/vicon_receiver/include/boost/asio/buffered_write_stream.hpp\n'}
[23.013672] (vicon_receiver) StdoutLine: {'line': b'-- Installing: /home/ph/treasure/dockerBENCH/helios16p_ws/install/vicon_receiver/include/boost/asio/is_applicable_property.hpp\n'}
[23.014426] (vicon_receiver) StdoutLine: {'line': b'-- Installing: /home/ph/treasure/dockerBENCH/helios16p_ws/install/vicon_receiver/include/boost/asio/coroutine.hpp\n'}
[23.015895] (vicon_receiver) StdoutLine: {'line': b'-- Installing: /home/ph/treasure/dockerBENCH/helios16p_ws/install/vicon_receiver/include/boost/asio/connect.hpp\n'}
[23.017468] (vicon_receiver) StdoutLine: {'line': b'-- Installing: /home/ph/treasure/dockerBENCH/helios16p_ws/install/vicon_receiver/include/boost/asio/query.hpp\n'}
[23.018417] (vicon_receiver) StdoutLine: {'line': b'-- Installing: /home/ph/treasure/dockerBENCH/helios16p_ws/install/vicon_receiver/include/boost/asio/io_context_strand.hpp\n'}
[23.019385] (vicon_receiver) StdoutLine: {'line': b'-- Installing: /home/ph/treasure/dockerBENCH/helios16p_ws/install/vicon_receiver/include/boost/asio/io_context.hpp\n'}
[23.020965] (vicon_receiver) StdoutLine: {'line': b'-- Installing: /home/ph/treasure/dockerBENCH/helios16p_ws/install/vicon_receiver/include/boost/asio/write_at.hpp\n'}
[23.022821] (vicon_receiver) StdoutLine: {'line': b'-- Installing: /home/ph/treasure/dockerBENCH/helios16p_ws/install/vicon_receiver/include/boost/asio/handler_invoke_hook.hpp\n'}
[23.023524] (vicon_receiver) StdoutLine: {'line': b'-- Installing: /home/ph/treasure/dockerBENCH/helios16p_ws/install/vicon_receiver/include/boost/asio/handler_alloc_hook.hpp\n'}
[23.024385] (vicon_receiver) StdoutLine: {'line': b'-- Installing: /home/ph/treasure/dockerBENCH/helios16p_ws/install/vicon_receiver/include/boost/asio/basic_datagram_socket.hpp\n'}
[23.025770] (vicon_receiver) StdoutLine: {'line': b'-- Installing: /home/ph/treasure/dockerBENCH/helios16p_ws/install/vicon_receiver/include/boost/asio/completion_condition.hpp\n'}
[23.027986] (vicon_receiver) StdoutLine: {'line': b'-- Installing: /home/ph/treasure/dockerBENCH/helios16p_ws/install/vicon_receiver/include/boost/asio/serial_port.hpp\n'}
[23.028318] (vicon_receiver) StdoutLine: {'line': b'-- Installing: /home/ph/treasure/dockerBENCH/helios16p_ws/install/vicon_receiver/include/boost/asio/basic_waitable_timer.hpp\n'}
[23.029456] (vicon_receiver) StdoutLine: {'line': b'-- Installing: /home/ph/treasure/dockerBENCH/helios16p_ws/install/vicon_receiver/include/boost/asio/is_read_buffered.hpp\n'}
[23.030398] (vicon_receiver) StdoutLine: {'line': b'-- Installing: /home/ph/treasure/dockerBENCH/helios16p_ws/install/vicon_receiver/include/boost/asio/ip\n'}
[23.031181] (vicon_receiver) StdoutLine: {'line': b'-- Installing: /home/ph/treasure/dockerBENCH/helios16p_ws/install/vicon_receiver/include/boost/asio/ip/address_v4.hpp\n'}
[23.031987] (vicon_receiver) StdoutLine: {'line': b'-- Installing: /home/ph/treasure/dockerBENCH/helios16p_ws/install/vicon_receiver/include/boost/asio/ip/basic_resolver_results.hpp\n'}
[23.033206] (vicon_receiver) StdoutLine: {'line': b'-- Installing: /home/ph/treasure/dockerBENCH/helios16p_ws/install/vicon_receiver/include/boost/asio/ip/address_v6_range.hpp\n'}
[23.033823] (vicon_receiver) StdoutLine: {'line': b'-- Installing: /home/ph/treasure/dockerBENCH/helios16p_ws/install/vicon_receiver/include/boost/asio/ip/multicast.hpp\n'}
[23.034819] (vicon_receiver) StdoutLine: {'line': b'-- Installing: /home/ph/treasure/dockerBENCH/helios16p_ws/install/vicon_receiver/include/boost/asio/ip/detail\n'}
[23.035264] (vicon_receiver) StdoutLine: {'line': b'-- Installing: /home/ph/treasure/dockerBENCH/helios16p_ws/install/vicon_receiver/include/boost/asio/ip/detail/socket_option.hpp\n'}
[23.036573] (vicon_receiver) StdoutLine: {'line': b'-- Installing: /home/ph/treasure/dockerBENCH/helios16p_ws/install/vicon_receiver/include/boost/asio/ip/detail/impl\n'}
[23.036895] (vicon_receiver) StdoutLine: {'line': b'-- Installing: /home/ph/treasure/dockerBENCH/helios16p_ws/install/vicon_receiver/include/boost/asio/ip/detail/impl/endpoint.ipp\n'}
[23.037845] (vicon_receiver) StdoutLine: {'line': b'-- Installing: /home/ph/treasure/dockerBENCH/helios16p_ws/install/vicon_receiver/include/boost/asio/ip/detail/endpoint.hpp\n'}
[23.038787] (vicon_receiver) StdoutLine: {'line': b'-- Installing: /home/ph/treasure/dockerBENCH/helios16p_ws/install/vicon_receiver/include/boost/asio/ip/bad_address_cast.hpp\n'}
[23.039597] (vicon_receiver) StdoutLine: {'line': b'-- Installing: /home/ph/treasure/dockerBENCH/helios16p_ws/install/vicon_receiver/include/boost/asio/ip/basic_resolver.hpp\n'}
[23.041335] (vicon_receiver) StdoutLine: {'line': b'-- Installing: /home/ph/treasure/dockerBENCH/helios16p_ws/install/vicon_receiver/include/boost/asio/ip/address_v6.hpp\n'}
[23.042265] (vicon_receiver) StdoutLine: {'line': b'-- Installing: /home/ph/treasure/dockerBENCH/helios16p_ws/install/vicon_receiver/include/boost/asio/ip/address_v4_iterator.hpp\n'}
[23.043166] (vicon_receiver) StdoutLine: {'line': b'-- Installing: /home/ph/treasure/dockerBENCH/helios16p_ws/install/vicon_receiver/include/boost/asio/ip/resolver_query_base.hpp\n'}
[23.044878] (vicon_receiver) StdoutLine: {'line': b'-- Installing: /home/ph/treasure/dockerBENCH/helios16p_ws/install/vicon_receiver/include/boost/asio/ip/udp.hpp\n'}
[23.046382] (vicon_receiver) StdoutLine: {'line': b'-- Installing: /home/ph/treasure/dockerBENCH/helios16p_ws/install/vicon_receiver/include/boost/asio/ip/basic_endpoint.hpp\n'}
[23.047989] (vicon_receiver) StdoutLine: {'line': b'-- Installing: /home/ph/treasure/dockerBENCH/helios16p_ws/install/vicon_receiver/include/boost/asio/ip/network_v4.hpp\n'}
[23.048698] (vicon_receiver) StdoutLine: {'line': b'-- Installing: /home/ph/treasure/dockerBENCH/helios16p_ws/install/vicon_receiver/include/boost/asio/ip/network_v6.hpp\n'}
[23.049880] (vicon_receiver) StdoutLine: {'line': b'-- Installing: /home/ph/treasure/dockerBENCH/helios16p_ws/install/vicon_receiver/include/boost/asio/ip/address_v6_iterator.hpp\n'}
[23.050968] (vicon_receiver) StdoutLine: {'line': b'-- Installing: /home/ph/treasure/dockerBENCH/helios16p_ws/install/vicon_receiver/include/boost/asio/ip/address_v4_range.hpp\n'}
[23.051695] (vicon_receiver) StdoutLine: {'line': b'-- Installing: /home/ph/treasure/dockerBENCH/helios16p_ws/install/vicon_receiver/include/boost/asio/ip/icmp.hpp\n'}
[23.052707] (vicon_receiver) StdoutLine: {'line': b'-- Installing: /home/ph/treasure/dockerBENCH/helios16p_ws/install/vicon_receiver/include/boost/asio/ip/host_name.hpp\n'}
[23.054190] (vicon_receiver) StdoutLine: {'line': b'-- Installing: /home/ph/treasure/dockerBENCH/helios16p_ws/install/vicon_receiver/include/boost/asio/ip/unicast.hpp\n'}
[23.054780] (vicon_receiver) StdoutLine: {'line': b'-- Installing: /home/ph/treasure/dockerBENCH/helios16p_ws/install/vicon_receiver/include/boost/asio/ip/impl\n'}
[23.055276] (vicon_receiver) StdoutLine: {'line': b'-- Installing: /home/ph/treasure/dockerBENCH/helios16p_ws/install/vicon_receiver/include/boost/asio/ip/impl/address_v4.hpp\n'}
[23.056201] (vicon_receiver) StdoutLine: {'line': b'-- Installing: /home/ph/treasure/dockerBENCH/helios16p_ws/install/vicon_receiver/include/boost/asio/ip/impl/address_v4.ipp\n'}
[23.057263] (vicon_receiver) StdoutLine: {'line': b'-- Installing: /home/ph/treasure/dockerBENCH/helios16p_ws/install/vicon_receiver/include/boost/asio/ip/impl/address_v6.hpp\n'}
[23.057919] (vicon_receiver) StdoutLine: {'line': b'-- Installing: /home/ph/treasure/dockerBENCH/helios16p_ws/install/vicon_receiver/include/boost/asio/ip/impl/network_v4.ipp\n'}
[23.058972] (vicon_receiver) StdoutLine: {'line': b'-- Installing: /home/ph/treasure/dockerBENCH/helios16p_ws/install/vicon_receiver/include/boost/asio/ip/impl/basic_endpoint.hpp\n'}
[23.060542] (vicon_receiver) StdoutLine: {'line': b'-- Installing: /home/ph/treasure/dockerBENCH/helios16p_ws/install/vicon_receiver/include/boost/asio/ip/impl/network_v4.hpp\n'}
[23.061136] (vicon_receiver) StdoutLine: {'line': b'-- Installing: /home/ph/treasure/dockerBENCH/helios16p_ws/install/vicon_receiver/include/boost/asio/ip/impl/network_v6.hpp\n'}
[23.062521] (vicon_receiver) StdoutLine: {'line': b'-- Installing: /home/ph/treasure/dockerBENCH/helios16p_ws/install/vicon_receiver/include/boost/asio/ip/impl/network_v6.ipp\n'}
[23.063742] (vicon_receiver) StdoutLine: {'line': b'-- Installing: /home/ph/treasure/dockerBENCH/helios16p_ws/install/vicon_receiver/include/boost/asio/ip/impl/host_name.ipp\n'}
[23.065933] (vicon_receiver) StdoutLine: {'line': b'-- Installing: /home/ph/treasure/dockerBENCH/helios16p_ws/install/vicon_receiver/include/boost/asio/ip/impl/address.ipp\n'}
[23.066421] (vicon_receiver) StdoutLine: {'line': b'-- Installing: /home/ph/treasure/dockerBENCH/helios16p_ws/install/vicon_receiver/include/boost/asio/ip/impl/address.hpp\n'}
[23.067193] (vicon_receiver) StdoutLine: {'line': b'-- Installing: /home/ph/treasure/dockerBENCH/helios16p_ws/install/vicon_receiver/include/boost/asio/ip/impl/address_v6.ipp\n'}
[23.068309] (vicon_receiver) StdoutLine: {'line': b'-- Installing: /home/ph/treasure/dockerBENCH/helios16p_ws/install/vicon_receiver/include/boost/asio/ip/basic_resolver_entry.hpp\n'}
[23.069552] (vicon_receiver) StdoutLine: {'line': b'-- Installing: /home/ph/treasure/dockerBENCH/helios16p_ws/install/vicon_receiver/include/boost/asio/ip/resolver_base.hpp\n'}
[23.071899] (vicon_receiver) StdoutLine: {'line': b'-- Installing: /home/ph/treasure/dockerBENCH/helios16p_ws/install/vicon_receiver/include/boost/asio/ip/basic_resolver_query.hpp\n'}
[23.073261] (vicon_receiver) StdoutLine: {'line': b'-- Installing: /home/ph/treasure/dockerBENCH/helios16p_ws/install/vicon_receiver/include/boost/asio/ip/address.hpp\n'}
[23.074272] (vicon_receiver) StdoutLine: {'line': b'-- Installing: /home/ph/treasure/dockerBENCH/helios16p_ws/install/vicon_receiver/include/boost/asio/ip/v6_only.hpp\n'}
[23.075044] (vicon_receiver) StdoutLine: {'line': b'-- Installing: /home/ph/treasure/dockerBENCH/helios16p_ws/install/vicon_receiver/include/boost/asio/ip/basic_resolver_iterator.hpp\n'}
[23.076433] (vicon_receiver) StdoutLine: {'line': b'-- Installing: /home/ph/treasure/dockerBENCH/helios16p_ws/install/vicon_receiver/include/boost/asio/ip/tcp.hpp\n'}
[23.077921] (vicon_receiver) StdoutLine: {'line': b'-- Installing: /home/ph/treasure/dockerBENCH/helios16p_ws/install/vicon_receiver/include/boost/asio/co_spawn.hpp\n'}
[23.080747] (vicon_receiver) StdoutLine: {'line': b'-- Installing: /home/ph/treasure/dockerBENCH/helios16p_ws/install/vicon_receiver/include/boost/algorithm\n'}
[23.081176] (vicon_receiver) StdoutLine: {'line': b'-- Installing: /home/ph/treasure/dockerBENCH/helios16p_ws/install/vicon_receiver/include/boost/algorithm/string.hpp\n'}
[23.081777] (vicon_receiver) StdoutLine: {'line': b'-- Installing: /home/ph/treasure/dockerBENCH/helios16p_ws/install/vicon_receiver/include/boost/algorithm/string\n'}
[23.082131] (vicon_receiver) StdoutLine: {'line': b'-- Installing: /home/ph/treasure/dockerBENCH/helios16p_ws/install/vicon_receiver/include/boost/algorithm/string/std_containers_traits.hpp\n'}
[23.084062] (vicon_receiver) StdoutLine: {'line': b'-- Installing: /home/ph/treasure/dockerBENCH/helios16p_ws/install/vicon_receiver/include/boost/algorithm/string/detail\n'}
[23.085552] (vicon_receiver) StdoutLine: {'line': b'-- Installing: /home/ph/treasure/dockerBENCH/helios16p_ws/install/vicon_receiver/include/boost/algorithm/string/detail/find_format_store.hpp\n'}
[23.087377] (vicon_receiver) StdoutLine: {'line': b'-- Installing: /home/ph/treasure/dockerBENCH/helios16p_ws/install/vicon_receiver/include/boost/algorithm/string/detail/replace_storage.hpp\n'}
[23.087673] (vicon_receiver) StdoutLine: {'line': b'-- Installing: /home/ph/treasure/dockerBENCH/helios16p_ws/install/vicon_receiver/include/boost/algorithm/string/detail/find_iterator.hpp\n'}
[23.090443] (vicon_receiver) StdoutLine: {'line': b'-- Installing: /home/ph/treasure/dockerBENCH/helios16p_ws/install/vicon_receiver/include/boost/algorithm/string/detail/finder.hpp\n'}
[23.090829] (vicon_receiver) StdoutLine: {'line': b'-- Installing: /home/ph/treasure/dockerBENCH/helios16p_ws/install/vicon_receiver/include/boost/algorithm/string/detail/util.hpp\n'}
[23.090996] (vicon_receiver) StdoutLine: {'line': b'-- Installing: /home/ph/treasure/dockerBENCH/helios16p_ws/install/vicon_receiver/include/boost/algorithm/string/detail/trim.hpp\n'}
[23.091258] (vicon_receiver) StdoutLine: {'line': b'-- Installing: /home/ph/treasure/dockerBENCH/helios16p_ws/install/vicon_receiver/include/boost/algorithm/string/detail/sequence.hpp\n'}
[23.092397] (vicon_receiver) StdoutLine: {'line': b'-- Installing: /home/ph/treasure/dockerBENCH/helios16p_ws/install/vicon_receiver/include/boost/algorithm/string/detail/find_format.hpp\n'}
[23.096384] (vicon_receiver) StdoutLine: {'line': b'-- Installing: /home/ph/treasure/dockerBENCH/helios16p_ws/install/vicon_receiver/include/boost/algorithm/string/detail/classification.hpp\n'}
[23.096706] (vicon_receiver) StdoutLine: {'line': b'-- Installing: /home/ph/treasure/dockerBENCH/helios16p_ws/install/vicon_receiver/include/boost/algorithm/string/detail/predicate.hpp\n'}
[23.097577] (vicon_receiver) StdoutLine: {'line': b'-- Installing: /home/ph/treasure/dockerBENCH/helios16p_ws/install/vicon_receiver/include/boost/algorithm/string/detail/find_format_all.hpp\n'}
[23.097910] (vicon_receiver) StdoutLine: {'line': b'-- Installing: /home/ph/treasure/dockerBENCH/helios16p_ws/install/vicon_receiver/include/boost/algorithm/string/detail/formatter.hpp\n'}
[23.098255] (vicon_receiver) StdoutLine: {'line': b'-- Installing: /home/ph/treasure/dockerBENCH/helios16p_ws/install/vicon_receiver/include/boost/algorithm/string/detail/case_conv.hpp\n'}
[23.101381] (vicon_receiver) StdoutLine: {'line': b'-- Installing: /home/ph/treasure/dockerBENCH/helios16p_ws/install/vicon_receiver/include/boost/algorithm/string/erase.hpp\n'}
[23.101816] (vicon_receiver) StdoutLine: {'line': b'-- Installing: /home/ph/treasure/dockerBENCH/helios16p_ws/install/vicon_receiver/include/boost/algorithm/string/sequence_traits.hpp\n'}
[23.102114] (vicon_receiver) StdoutLine: {'line': b'-- Installing: /home/ph/treasure/dockerBENCH/helios16p_ws/install/vicon_receiver/include/boost/algorithm/string/find_iterator.hpp\n'}
[23.102646] (vicon_receiver) StdoutLine: {'line': b'-- Installing: /home/ph/treasure/dockerBENCH/helios16p_ws/install/vicon_receiver/include/boost/algorithm/string/yes_no_type.hpp\n'}
[23.103557] (vicon_receiver) StdoutLine: {'line': b'-- Installing: /home/ph/treasure/dockerBENCH/helios16p_ws/install/vicon_receiver/include/boost/algorithm/string/find.hpp\n'}
[23.104059] (-) TimerEvent: {}
[23.105369] (vicon_receiver) StdoutLine: {'line': b'-- Installing: /home/ph/treasure/dockerBENCH/helios16p_ws/install/vicon_receiver/include/boost/algorithm/string/std\n'}
[23.105686] (vicon_receiver) StdoutLine: {'line': b'-- Installing: /home/ph/treasure/dockerBENCH/helios16p_ws/install/vicon_receiver/include/boost/algorithm/string/std/slist_traits.hpp\n'}
[23.107524] (vicon_receiver) StdoutLine: {'line': b'-- Installing: /home/ph/treasure/dockerBENCH/helios16p_ws/install/vicon_receiver/include/boost/algorithm/string/std/string_traits.hpp\n'}
[23.107724] (vicon_receiver) StdoutLine: {'line': b'-- Installing: /home/ph/treasure/dockerBENCH/helios16p_ws/install/vicon_receiver/include/boost/algorithm/string/std/list_traits.hpp\n'}
[23.107982] (vicon_receiver) StdoutLine: {'line': b'-- Installing: /home/ph/treasure/dockerBENCH/helios16p_ws/install/vicon_receiver/include/boost/algorithm/string/finder.hpp\n'}
[23.108842] (vicon_receiver) StdoutLine: {'line': b'-- Installing: /home/ph/treasure/dockerBENCH/helios16p_ws/install/vicon_receiver/include/boost/algorithm/string/config.hpp\n'}
[23.109417] (vicon_receiver) StdoutLine: {'line': b'-- Installing: /home/ph/treasure/dockerBENCH/helios16p_ws/install/vicon_receiver/include/boost/algorithm/string/trim.hpp\n'}
[23.110604] (vicon_receiver) StdoutLine: {'line': b'-- Installing: /home/ph/treasure/dockerBENCH/helios16p_ws/install/vicon_receiver/include/boost/algorithm/string/join.hpp\n'}
[23.111034] (vicon_receiver) StdoutLine: {'line': b'-- Installing: /home/ph/treasure/dockerBENCH/helios16p_ws/install/vicon_receiver/include/boost/algorithm/string/replace.hpp\n'}
[23.112370] (vicon_receiver) StdoutLine: {'line': b'-- Installing: /home/ph/treasure/dockerBENCH/helios16p_ws/install/vicon_receiver/include/boost/algorithm/string/compare.hpp\n'}
[23.113385] (vicon_receiver) StdoutLine: {'line': b'-- Installing: /home/ph/treasure/dockerBENCH/helios16p_ws/install/vicon_receiver/include/boost/algorithm/string/split.hpp\n'}
[23.114447] (vicon_receiver) StdoutLine: {'line': b'-- Installing: /home/ph/treasure/dockerBENCH/helios16p_ws/install/vicon_receiver/include/boost/algorithm/string/constants.hpp\n'}
[23.115136] (vicon_receiver) StdoutLine: {'line': b'-- Installing: /home/ph/treasure/dockerBENCH/helios16p_ws/install/vicon_receiver/include/boost/algorithm/string/concept.hpp\n'}
[23.115972] (vicon_receiver) StdoutLine: {'line': b'-- Installing: /home/ph/treasure/dockerBENCH/helios16p_ws/install/vicon_receiver/include/boost/algorithm/string/iter_find.hpp\n'}
[23.116640] (vicon_receiver) StdoutLine: {'line': b'-- Installing: /home/ph/treasure/dockerBENCH/helios16p_ws/install/vicon_receiver/include/boost/algorithm/string/find_format.hpp\n'}
[23.117423] (vicon_receiver) StdoutLine: {'line': b'-- Installing: /home/ph/treasure/dockerBENCH/helios16p_ws/install/vicon_receiver/include/boost/algorithm/string/classification.hpp\n'}
[23.118420] (vicon_receiver) StdoutLine: {'line': b'-- Installing: /home/ph/treasure/dockerBENCH/helios16p_ws/install/vicon_receiver/include/boost/algorithm/string/predicate.hpp\n'}
[23.119577] (vicon_receiver) StdoutLine: {'line': b'-- Installing: /home/ph/treasure/dockerBENCH/helios16p_ws/install/vicon_receiver/include/boost/algorithm/string/formatter.hpp\n'}
[23.120272] (vicon_receiver) StdoutLine: {'line': b'-- Installing: /home/ph/treasure/dockerBENCH/helios16p_ws/install/vicon_receiver/include/boost/algorithm/string/predicate_facade.hpp\n'}
[23.120983] (vicon_receiver) StdoutLine: {'line': b'-- Installing: /home/ph/treasure/dockerBENCH/helios16p_ws/install/vicon_receiver/include/boost/algorithm/string/case_conv.hpp\n'}
[23.121909] (vicon_receiver) StdoutLine: {'line': b'-- Installing: /home/ph/treasure/dockerBENCH/helios16p_ws/install/vicon_receiver/include/boost/function_equal.hpp\n'}
[23.122376] (vicon_receiver) StdoutLine: {'line': b'-- Installing: /home/ph/treasure/dockerBENCH/helios16p_ws/install/vicon_receiver/include/boost/operators.hpp\n'}
[23.124154] (vicon_receiver) StdoutLine: {'line': b'-- Installing: /home/ph/treasure/dockerBENCH/helios16p_ws/install/vicon_receiver/include/boost/ref.hpp\n'}
[23.124871] (vicon_receiver) StdoutLine: {'line': b'-- Installing: /home/ph/treasure/dockerBENCH/helios16p_ws/install/vicon_receiver/include/boost/non_type.hpp\n'}
[23.125569] (vicon_receiver) StdoutLine: {'line': b'-- Installing: /home/ph/treasure/dockerBENCH/helios16p_ws/install/vicon_receiver/include/boost/swap.hpp\n'}
[23.126331] (vicon_receiver) StdoutLine: {'line': b'-- Installing: /home/ph/treasure/dockerBENCH/helios16p_ws/install/vicon_receiver/include/boost/exception\n'}
[23.127048] (vicon_receiver) StdoutLine: {'line': b'-- Installing: /home/ph/treasure/dockerBENCH/helios16p_ws/install/vicon_receiver/include/boost/exception/detail\n'}
[23.127432] (vicon_receiver) StdoutLine: {'line': b'-- Installing: /home/ph/treasure/dockerBENCH/helios16p_ws/install/vicon_receiver/include/boost/exception/detail/shared_ptr.hpp\n'}
[23.127873] (vicon_receiver) StdoutLine: {'line': b'-- Installing: /home/ph/treasure/dockerBENCH/helios16p_ws/install/vicon_receiver/include/boost/exception/detail/is_output_streamable.hpp\n'}
[23.128871] (vicon_receiver) StdoutLine: {'line': b'-- Installing: /home/ph/treasure/dockerBENCH/helios16p_ws/install/vicon_receiver/include/boost/exception/detail/type_info.hpp\n'}
[23.129573] (vicon_receiver) StdoutLine: {'line': b'-- Installing: /home/ph/treasure/dockerBENCH/helios16p_ws/install/vicon_receiver/include/boost/exception/detail/exception_ptr.hpp\n'}
[23.130108] (vicon_receiver) StdoutLine: {'line': b'-- Installing: /home/ph/treasure/dockerBENCH/helios16p_ws/install/vicon_receiver/include/boost/exception/detail/error_info_impl.hpp\n'}
[23.131328] (vicon_receiver) StdoutLine: {'line': b'-- Installing: /home/ph/treasure/dockerBENCH/helios16p_ws/install/vicon_receiver/include/boost/exception/detail/clone_current_exception.hpp\n'}
[23.131913] (vicon_receiver) StdoutLine: {'line': b'-- Installing: /home/ph/treasure/dockerBENCH/helios16p_ws/install/vicon_receiver/include/boost/exception/detail/object_hex_dump.hpp\n'}
[23.132404] (vicon_receiver) StdoutLine: {'line': b'-- Installing: /home/ph/treasure/dockerBENCH/helios16p_ws/install/vicon_receiver/include/boost/exception/exception.hpp\n'}
[23.132871] (vicon_receiver) StdoutLine: {'line': b'-- Installing: /home/ph/treasure/dockerBENCH/helios16p_ws/install/vicon_receiver/include/boost/exception/diagnostic_information.hpp\n'}
[23.133352] (vicon_receiver) StdoutLine: {'line': b'-- Installing: /home/ph/treasure/dockerBENCH/helios16p_ws/install/vicon_receiver/include/boost/exception/to_string.hpp\n'}
[23.134221] (vicon_receiver) StdoutLine: {'line': b'-- Installing: /home/ph/treasure/dockerBENCH/helios16p_ws/install/vicon_receiver/include/boost/exception/current_exception_cast.hpp\n'}
[23.134989] (vicon_receiver) StdoutLine: {'line': b'-- Installing: /home/ph/treasure/dockerBENCH/helios16p_ws/install/vicon_receiver/include/boost/exception/to_string_stub.hpp\n'}
[23.135836] (vicon_receiver) StdoutLine: {'line': b'-- Installing: /home/ph/treasure/dockerBENCH/helios16p_ws/install/vicon_receiver/include/boost/exception/get_error_info.hpp\n'}
[23.136277] (vicon_receiver) StdoutLine: {'line': b'-- Installing: /home/ph/treasure/dockerBENCH/helios16p_ws/install/vicon_receiver/include/boost/exception/info.hpp\n'}
[23.137056] (vicon_receiver) StdoutLine: {'line': b'-- Installing: /home/ph/treasure/dockerBENCH/helios16p_ws/install/vicon_receiver/include/boost/noncopyable.hpp\n'}
[23.137562] (vicon_receiver) StdoutLine: {'line': b'-- Installing: /home/ph/treasure/dockerBENCH/helios16p_ws/install/vicon_receiver/include/boost/shared_ptr.hpp\n'}
[23.138345] (vicon_receiver) StdoutLine: {'line': b'-- Installing: /home/ph/treasure/dockerBENCH/helios16p_ws/install/vicon_receiver/include/boost/predef.h\n'}
[23.139471] (vicon_receiver) StdoutLine: {'line': b'-- Installing: /home/ph/treasure/dockerBENCH/helios16p_ws/install/vicon_receiver/include/boost/mem_fn.hpp\n'}
[23.140907] (vicon_receiver) StdoutLine: {'line': b'-- Installing: /home/ph/treasure/dockerBENCH/helios16p_ws/install/vicon_receiver/include/boost/config\n'}
[23.141223] (vicon_receiver) StdoutLine: {'line': b'-- Installing: /home/ph/treasure/dockerBENCH/helios16p_ws/install/vicon_receiver/include/boost/config/compiler\n'}
[23.141422] (vicon_receiver) StdoutLine: {'line': b'-- Installing: /home/ph/treasure/dockerBENCH/helios16p_ws/install/vicon_receiver/include/boost/config/compiler/cray.hpp\n'}
[23.141981] (vicon_receiver) StdoutLine: {'line': b'-- Installing: /home/ph/treasure/dockerBENCH/helios16p_ws/install/vicon_receiver/include/boost/config/compiler/mpw.hpp\n'}
[23.143345] (vicon_receiver) StdoutLine: {'line': b'-- Installing: /home/ph/treasure/dockerBENCH/helios16p_ws/install/vicon_receiver/include/boost/config/compiler/gcc.hpp\n'}
[23.143970] (vicon_receiver) StdoutLine: {'line': b'-- Installing: /home/ph/treasure/dockerBENCH/helios16p_ws/install/vicon_receiver/include/boost/config/compiler/diab.hpp\n'}
[23.144908] (vicon_receiver) StdoutLine: {'line': b'-- Installing: /home/ph/treasure/dockerBENCH/helios16p_ws/install/vicon_receiver/include/boost/config/compiler/codegear.hpp\n'}
[23.146122] (vicon_receiver) StdoutLine: {'line': b'-- Installing: /home/ph/treasure/dockerBENCH/helios16p_ws/install/vicon_receiver/include/boost/config/compiler/pgi.hpp\n'}
[23.147449] (vicon_receiver) StdoutLine: {'line': b'-- Installing: /home/ph/treasure/dockerBENCH/helios16p_ws/install/vicon_receiver/include/boost/config/compiler/borland.hpp\n'}
[23.148310] (vicon_receiver) StdoutLine: {'line': b'-- Installing: /home/ph/treasure/dockerBENCH/helios16p_ws/install/vicon_receiver/include/boost/config/compiler/intel.hpp\n'}
[23.149490] (vicon_receiver) StdoutLine: {'line': b'-- Installing: /home/ph/treasure/dockerBENCH/helios16p_ws/install/vicon_receiver/include/boost/config/compiler/vacpp.hpp\n'}
[23.150449] (vicon_receiver) StdoutLine: {'line': b'-- Installing: /home/ph/treasure/dockerBENCH/helios16p_ws/install/vicon_receiver/include/boost/config/compiler/common_edg.hpp\n'}
[23.151334] (vicon_receiver) StdoutLine: {'line': b'-- Installing: /home/ph/treasure/dockerBENCH/helios16p_ws/install/vicon_receiver/include/boost/config/compiler/visualc.hpp\n'}
[23.152389] (vicon_receiver) StdoutLine: {'line': b'-- Installing: /home/ph/treasure/dockerBENCH/helios16p_ws/install/vicon_receiver/include/boost/config/compiler/kai.hpp\n'}
[23.153385] (vicon_receiver) StdoutLine: {'line': b'-- Installing: /home/ph/treasure/dockerBENCH/helios16p_ws/install/vicon_receiver/include/boost/config/compiler/digitalmars.hpp\n'}
[23.154441] (vicon_receiver) StdoutLine: {'line': b'-- Installing: /home/ph/treasure/dockerBENCH/helios16p_ws/install/vicon_receiver/include/boost/config/compiler/hp_acc.hpp\n'}
[23.155743] (vicon_receiver) StdoutLine: {'line': b'-- Installing: /home/ph/treasure/dockerBENCH/helios16p_ws/install/vicon_receiver/include/boost/config/compiler/sgi_mipspro.hpp\n'}
[23.156313] (vicon_receiver) StdoutLine: {'line': b'-- Installing: /home/ph/treasure/dockerBENCH/helios16p_ws/install/vicon_receiver/include/boost/config/compiler/pathscale.hpp\n'}
[23.157568] (vicon_receiver) StdoutLine: {'line': b'-- Installing: /home/ph/treasure/dockerBENCH/helios16p_ws/install/vicon_receiver/include/boost/config/compiler/greenhills.hpp\n'}
[23.158295] (vicon_receiver) StdoutLine: {'line': b'-- Installing: /home/ph/treasure/dockerBENCH/helios16p_ws/install/vicon_receiver/include/boost/config/compiler/sunpro_cc.hpp\n'}
[23.159261] (vicon_receiver) StdoutLine: {'line': b'-- Installing: /home/ph/treasure/dockerBENCH/helios16p_ws/install/vicon_receiver/include/boost/config/compiler/xlcpp.hpp\n'}
[23.160749] (vicon_receiver) StdoutLine: {'line': b'-- Installing: /home/ph/treasure/dockerBENCH/helios16p_ws/install/vicon_receiver/include/boost/config/compiler/comeau.hpp\n'}
[23.161638] (vicon_receiver) StdoutLine: {'line': b'-- Installing: /home/ph/treasure/dockerBENCH/helios16p_ws/install/vicon_receiver/include/boost/config/compiler/compaq_cxx.hpp\n'}
[23.162612] (vicon_receiver) StdoutLine: {'line': b'-- Installing: /home/ph/treasure/dockerBENCH/helios16p_ws/install/vicon_receiver/include/boost/config/compiler/nvcc.hpp\n'}
[23.163744] (vicon_receiver) StdoutLine: {'line': b'-- Installing: /home/ph/treasure/dockerBENCH/helios16p_ws/install/vicon_receiver/include/boost/config/compiler/metrowerks.hpp\n'}
[23.164825] (vicon_receiver) StdoutLine: {'line': b'-- Installing: /home/ph/treasure/dockerBENCH/helios16p_ws/install/vicon_receiver/include/boost/config/compiler/clang.hpp\n'}
[23.165675] (vicon_receiver) StdoutLine: {'line': b'-- Installing: /home/ph/treasure/dockerBENCH/helios16p_ws/install/vicon_receiver/include/boost/config/compiler/xlcpp_zos.hpp\n'}
[23.166674] (vicon_receiver) StdoutLine: {'line': b'-- Installing: /home/ph/treasure/dockerBENCH/helios16p_ws/install/vicon_receiver/include/boost/config/compiler/gcc_xml.hpp\n'}
[23.167530] (vicon_receiver) StdoutLine: {'line': b'-- Installing: /home/ph/treasure/dockerBENCH/helios16p_ws/install/vicon_receiver/include/boost/config/detail\n'}
[23.167906] (vicon_receiver) StdoutLine: {'line': b'-- Installing: /home/ph/treasure/dockerBENCH/helios16p_ws/install/vicon_receiver/include/boost/config/detail/select_stdlib_config.hpp\n'}
[23.168731] (vicon_receiver) StdoutLine: {'line': b'-- Installing: /home/ph/treasure/dockerBENCH/helios16p_ws/install/vicon_receiver/include/boost/config/detail/suffix.hpp\n'}
[23.170195] (vicon_receiver) StdoutLine: {'line': b'-- Installing: /home/ph/treasure/dockerBENCH/helios16p_ws/install/vicon_receiver/include/boost/config/detail/select_compiler_config.hpp\n'}
[23.171050] (vicon_receiver) StdoutLine: {'line': b'-- Installing: /home/ph/treasure/dockerBENCH/helios16p_ws/install/vicon_receiver/include/boost/config/detail/posix_features.hpp\n'}
[23.171821] (vicon_receiver) StdoutLine: {'line': b'-- Installing: /home/ph/treasure/dockerBENCH/helios16p_ws/install/vicon_receiver/include/boost/config/detail/select_platform_config.hpp\n'}
[23.173200] (vicon_receiver) StdoutLine: {'line': b'-- Installing: /home/ph/treasure/dockerBENCH/helios16p_ws/install/vicon_receiver/include/boost/config/abi\n'}
[23.173518] (vicon_receiver) StdoutLine: {'line': b'-- Installing: /home/ph/treasure/dockerBENCH/helios16p_ws/install/vicon_receiver/include/boost/config/abi/borland_suffix.hpp\n'}
[23.173878] (vicon_receiver) StdoutLine: {'line': b'-- Installing: /home/ph/treasure/dockerBENCH/helios16p_ws/install/vicon_receiver/include/boost/config/abi/borland_prefix.hpp\n'}
[23.174736] (vicon_receiver) StdoutLine: {'line': b'-- Installing: /home/ph/treasure/dockerBENCH/helios16p_ws/install/vicon_receiver/include/boost/config/abi/msvc_suffix.hpp\n'}
[23.175475] (vicon_receiver) StdoutLine: {'line': b'-- Installing: /home/ph/treasure/dockerBENCH/helios16p_ws/install/vicon_receiver/include/boost/config/abi/msvc_prefix.hpp\n'}
[23.176254] (vicon_receiver) StdoutLine: {'line': b'-- Installing: /home/ph/treasure/dockerBENCH/helios16p_ws/install/vicon_receiver/include/boost/config/user.hpp\n'}
[23.177889] (vicon_receiver) StdoutLine: {'line': b'-- Installing: /home/ph/treasure/dockerBENCH/helios16p_ws/install/vicon_receiver/include/boost/config/pragma_message.hpp\n'}
[23.178636] (vicon_receiver) StdoutLine: {'line': b'-- Installing: /home/ph/treasure/dockerBENCH/helios16p_ws/install/vicon_receiver/include/boost/config/abi_suffix.hpp\n'}
[23.179059] (vicon_receiver) StdoutLine: {'line': b'-- Installing: /home/ph/treasure/dockerBENCH/helios16p_ws/install/vicon_receiver/include/boost/config/helper_macros.hpp\n'}
[23.179687] (vicon_receiver) StdoutLine: {'line': b'-- Installing: /home/ph/treasure/dockerBENCH/helios16p_ws/install/vicon_receiver/include/boost/config/platform\n'}
[23.180044] (vicon_receiver) StdoutLine: {'line': b'-- Installing: /home/ph/treasure/dockerBENCH/helios16p_ws/install/vicon_receiver/include/boost/config/platform/cray.hpp\n'}
[23.180658] (vicon_receiver) StdoutLine: {'line': b'-- Installing: /home/ph/treasure/dockerBENCH/helios16p_ws/install/vicon_receiver/include/boost/config/platform/macos.hpp\n'}
[23.181624] (vicon_receiver) StdoutLine: {'line': b'-- Installing: /home/ph/treasure/dockerBENCH/helios16p_ws/install/vicon_receiver/include/boost/config/platform/haiku.hpp\n'}
[23.182231] (vicon_receiver) StdoutLine: {'line': b'-- Installing: /home/ph/treasure/dockerBENCH/helios16p_ws/install/vicon_receiver/include/boost/config/platform/hpux.hpp\n'}
[23.183106] (vicon_receiver) StdoutLine: {'line': b'-- Installing: /home/ph/treasure/dockerBENCH/helios16p_ws/install/vicon_receiver/include/boost/config/platform/zos.hpp\n'}
[23.183880] (vicon_receiver) StdoutLine: {'line': b'-- Installing: /home/ph/treasure/dockerBENCH/helios16p_ws/install/vicon_receiver/include/boost/config/platform/irix.hpp\n'}
[23.184897] (vicon_receiver) StdoutLine: {'line': b'-- Installing: /home/ph/treasure/dockerBENCH/helios16p_ws/install/vicon_receiver/include/boost/config/platform/win32.hpp\n'}
[23.185632] (vicon_receiver) StdoutLine: {'line': b'-- Installing: /home/ph/treasure/dockerBENCH/helios16p_ws/install/vicon_receiver/include/boost/config/platform/symbian.hpp\n'}
[23.186912] (vicon_receiver) StdoutLine: {'line': b'-- Installing: /home/ph/treasure/dockerBENCH/helios16p_ws/install/vicon_receiver/include/boost/config/platform/beos.hpp\n'}
[23.187454] (vicon_receiver) StdoutLine: {'line': b'-- Installing: /home/ph/treasure/dockerBENCH/helios16p_ws/install/vicon_receiver/include/boost/config/platform/amigaos.hpp\n'}
[23.188122] (vicon_receiver) StdoutLine: {'line': b'-- Installing: /home/ph/treasure/dockerBENCH/helios16p_ws/install/vicon_receiver/include/boost/config/platform/linux.hpp\n'}
[23.189557] (vicon_receiver) StdoutLine: {'line': b'-- Installing: /home/ph/treasure/dockerBENCH/helios16p_ws/install/vicon_receiver/include/boost/config/platform/aix.hpp\n'}
[23.190491] (vicon_receiver) StdoutLine: {'line': b'-- Installing: /home/ph/treasure/dockerBENCH/helios16p_ws/install/vicon_receiver/include/boost/config/platform/cygwin.hpp\n'}
[23.191719] (vicon_receiver) StdoutLine: {'line': b'-- Installing: /home/ph/treasure/dockerBENCH/helios16p_ws/install/vicon_receiver/include/boost/config/platform/solaris.hpp\n'}
[23.192169] (vicon_receiver) StdoutLine: {'line': b'-- Installing: /home/ph/treasure/dockerBENCH/helios16p_ws/install/vicon_receiver/include/boost/config/platform/vms.hpp\n'}
[23.193173] (vicon_receiver) StdoutLine: {'line': b'-- Installing: /home/ph/treasure/dockerBENCH/helios16p_ws/install/vicon_receiver/include/boost/config/platform/qnxnto.hpp\n'}
[23.194317] (vicon_receiver) StdoutLine: {'line': b'-- Installing: /home/ph/treasure/dockerBENCH/helios16p_ws/install/vicon_receiver/include/boost/config/platform/vxworks.hpp\n'}
[23.198850] (vicon_receiver) StdoutLine: {'line': b'-- Installing: /home/ph/treasure/dockerBENCH/helios16p_ws/install/vicon_receiver/include/boost/config/platform/cloudabi.hpp\n'}
[23.199269] (vicon_receiver) StdoutLine: {'line': b'-- Installing: /home/ph/treasure/dockerBENCH/helios16p_ws/install/vicon_receiver/include/boost/config/platform/bsd.hpp\n'}
[23.199534] (vicon_receiver) StdoutLine: {'line': b'-- Installing: /home/ph/treasure/dockerBENCH/helios16p_ws/install/vicon_receiver/include/boost/config/warning_disable.hpp\n'}
[23.199703] (vicon_receiver) StdoutLine: {'line': b'-- Installing: /home/ph/treasure/dockerBENCH/helios16p_ws/install/vicon_receiver/include/boost/config/requires_threads.hpp\n'}
[23.199852] (vicon_receiver) StdoutLine: {'line': b'-- Installing: /home/ph/treasure/dockerBENCH/helios16p_ws/install/vicon_receiver/include/boost/config/header_deprecated.hpp\n'}
[23.201219] (vicon_receiver) StdoutLine: {'line': b'-- Installing: /home/ph/treasure/dockerBENCH/helios16p_ws/install/vicon_receiver/include/boost/config/stdlib\n'}
[23.201621] (vicon_receiver) StdoutLine: {'line': b'-- Installing: /home/ph/treasure/dockerBENCH/helios16p_ws/install/vicon_receiver/include/boost/config/stdlib/dinkumware.hpp\n'}
[23.206020] (vicon_receiver) StdoutLine: {'line': b'-- Installing: /home/ph/treasure/dockerBENCH/helios16p_ws/install/vicon_receiver/include/boost/config/stdlib/sgi.hpp\n'}
[23.206396] (-) TimerEvent: {}
[23.206823] (vicon_receiver) StdoutLine: {'line': b'-- Installing: /home/ph/treasure/dockerBENCH/helios16p_ws/install/vicon_receiver/include/boost/config/stdlib/msl.hpp\n'}
[23.207456] (vicon_receiver) StdoutLine: {'line': b'-- Installing: /home/ph/treasure/dockerBENCH/helios16p_ws/install/vicon_receiver/include/boost/config/stdlib/stlport.hpp\n'}
[23.209373] (vicon_receiver) StdoutLine: {'line': b'-- Installing: /home/ph/treasure/dockerBENCH/helios16p_ws/install/vicon_receiver/include/boost/config/stdlib/libcpp.hpp\n'}
[23.209740] (vicon_receiver) StdoutLine: {'line': b'-- Installing: /home/ph/treasure/dockerBENCH/helios16p_ws/install/vicon_receiver/include/boost/config/stdlib/vacpp.hpp\n'}
[23.209977] (vicon_receiver) StdoutLine: {'line': b'-- Installing: /home/ph/treasure/dockerBENCH/helios16p_ws/install/vicon_receiver/include/boost/config/stdlib/roguewave.hpp\n'}
[23.213299] (vicon_receiver) StdoutLine: {'line': b'-- Installing: /home/ph/treasure/dockerBENCH/helios16p_ws/install/vicon_receiver/include/boost/config/stdlib/libstdcpp3.hpp\n'}
[23.215065] (vicon_receiver) StdoutLine: {'line': b'-- Installing: /home/ph/treasure/dockerBENCH/helios16p_ws/install/vicon_receiver/include/boost/config/stdlib/libcomo.hpp\n'}
[23.215754] (vicon_receiver) StdoutLine: {'line': b'-- Installing: /home/ph/treasure/dockerBENCH/helios16p_ws/install/vicon_receiver/include/boost/config/stdlib/modena.hpp\n'}
[23.217748] (vicon_receiver) StdoutLine: {'line': b'-- Installing: /home/ph/treasure/dockerBENCH/helios16p_ws/install/vicon_receiver/include/boost/config/stdlib/xlcpp_zos.hpp\n'}
[23.218950] (vicon_receiver) StdoutLine: {'line': b'-- Installing: /home/ph/treasure/dockerBENCH/helios16p_ws/install/vicon_receiver/include/boost/config/no_tr1\n'}
[23.219273] (vicon_receiver) StdoutLine: {'line': b'-- Installing: /home/ph/treasure/dockerBENCH/helios16p_ws/install/vicon_receiver/include/boost/config/no_tr1/cmath.hpp\n'}
[23.219938] (vicon_receiver) StdoutLine: {'line': b'-- Installing: /home/ph/treasure/dockerBENCH/helios16p_ws/install/vicon_receiver/include/boost/config/no_tr1/memory.hpp\n'}
[23.220586] (vicon_receiver) StdoutLine: {'line': b'-- Installing: /home/ph/treasure/dockerBENCH/helios16p_ws/install/vicon_receiver/include/boost/config/no_tr1/utility.hpp\n'}
[23.222543] (vicon_receiver) StdoutLine: {'line': b'-- Installing: /home/ph/treasure/dockerBENCH/helios16p_ws/install/vicon_receiver/include/boost/config/no_tr1/functional.hpp\n'}
[23.222843] (vicon_receiver) StdoutLine: {'line': b'-- Installing: /home/ph/treasure/dockerBENCH/helios16p_ws/install/vicon_receiver/include/boost/config/no_tr1/complex.hpp\n'}
[23.223430] (vicon_receiver) StdoutLine: {'line': b'-- Installing: /home/ph/treasure/dockerBENCH/helios16p_ws/install/vicon_receiver/include/boost/config/workaround.hpp\n'}
[23.224564] (vicon_receiver) StdoutLine: {'line': b'-- Installing: /home/ph/treasure/dockerBENCH/helios16p_ws/install/vicon_receiver/include/boost/config/abi_prefix.hpp\n'}
[23.225103] (vicon_receiver) StdoutLine: {'line': b'-- Installing: /home/ph/treasure/dockerBENCH/helios16p_ws/install/vicon_receiver/include/boost/config/auto_link.hpp\n'}
[23.225559] (vicon_receiver) StdoutLine: {'line': b'-- Installing: /home/ph/treasure/dockerBENCH/helios16p_ws/install/vicon_receiver/include/boost/fusion\n'}
[23.226006] (vicon_receiver) StdoutLine: {'line': b'-- Installing: /home/ph/treasure/dockerBENCH/helios16p_ws/install/vicon_receiver/include/boost/fusion/algorithm\n'}
[23.226470] (vicon_receiver) StdoutLine: {'line': b'-- Installing: /home/ph/treasure/dockerBENCH/helios16p_ws/install/vicon_receiver/include/boost/fusion/algorithm/iteration\n'}
[23.226782] (vicon_receiver) StdoutLine: {'line': b'-- Installing: /home/ph/treasure/dockerBENCH/helios16p_ws/install/vicon_receiver/include/boost/fusion/algorithm/iteration/for_each.hpp\n'}
[23.227149] (vicon_receiver) StdoutLine: {'line': b'-- Installing: /home/ph/treasure/dockerBENCH/helios16p_ws/install/vicon_receiver/include/boost/fusion/algorithm/iteration/detail\n'}
[23.227569] (vicon_receiver) StdoutLine: {'line': b'-- Installing: /home/ph/treasure/dockerBENCH/helios16p_ws/install/vicon_receiver/include/boost/fusion/algorithm/iteration/detail/for_each.hpp\n'}
[23.229989] (vicon_receiver) StdoutLine: {'line': b'-- Installing: /home/ph/treasure/dockerBENCH/helios16p_ws/install/vicon_receiver/include/boost/fusion/algorithm/iteration/detail/segmented_fold.hpp\n'}
[23.230350] (vicon_receiver) StdoutLine: {'line': b'-- Installing: /home/ph/treasure/dockerBENCH/helios16p_ws/install/vicon_receiver/include/boost/fusion/algorithm/iteration/detail/segmented_for_each.hpp\n'}
[23.231134] (vicon_receiver) StdoutLine: {'line': b'-- Installing: /home/ph/treasure/dockerBENCH/helios16p_ws/install/vicon_receiver/include/boost/fusion/algorithm/iteration/detail/preprocessed\n'}
[23.231391] (vicon_receiver) StdoutLine: {'line': b'-- Installing: /home/ph/treasure/dockerBENCH/helios16p_ws/install/vicon_receiver/include/boost/fusion/algorithm/iteration/detail/preprocessed/fold.hpp\n'}
[23.234864] (vicon_receiver) StdoutLine: {'line': b'-- Installing: /home/ph/treasure/dockerBENCH/helios16p_ws/install/vicon_receiver/include/boost/fusion/algorithm/iteration/detail/fold.hpp\n'}
[23.235184] (vicon_receiver) StdoutLine: {'line': b'-- Installing: /home/ph/treasure/dockerBENCH/helios16p_ws/install/vicon_receiver/include/boost/fusion/algorithm/iteration/fold_fwd.hpp\n'}
[23.235403] (vicon_receiver) StdoutLine: {'line': b'-- Installing: /home/ph/treasure/dockerBENCH/helios16p_ws/install/vicon_receiver/include/boost/fusion/algorithm/iteration/fold.hpp\n'}
[23.236216] (vicon_receiver) StdoutLine: {'line': b'-- Installing: /home/ph/treasure/dockerBENCH/helios16p_ws/install/vicon_receiver/include/boost/fusion/algorithm/iteration/for_each_fwd.hpp\n'}
[23.238234] (vicon_receiver) StdoutLine: {'line': b'-- Installing: /home/ph/treasure/dockerBENCH/helios16p_ws/install/vicon_receiver/include/boost/fusion/algorithm/query\n'}
[23.238716] (vicon_receiver) StdoutLine: {'line': b'-- Installing: /home/ph/treasure/dockerBENCH/helios16p_ws/install/vicon_receiver/include/boost/fusion/algorithm/query/detail\n'}
[23.238979] (vicon_receiver) StdoutLine: {'line': b'-- Installing: /home/ph/treasure/dockerBENCH/helios16p_ws/install/vicon_receiver/include/boost/fusion/algorithm/query/detail/find_if.hpp\n'}
[23.239270] (vicon_receiver) StdoutLine: {'line': b'-- Installing: /home/ph/treasure/dockerBENCH/helios16p_ws/install/vicon_receiver/include/boost/fusion/algorithm/query/detail/segmented_find.hpp\n'}
[23.240602] (vicon_receiver) StdoutLine: {'line': b'-- Installing: /home/ph/treasure/dockerBENCH/helios16p_ws/install/vicon_receiver/include/boost/fusion/algorithm/query/find.hpp\n'}
[23.241082] (vicon_receiver) StdoutLine: {'line': b'-- Installing: /home/ph/treasure/dockerBENCH/helios16p_ws/install/vicon_receiver/include/boost/fusion/algorithm/query/find_if_fwd.hpp\n'}
[23.241406] (vicon_receiver) StdoutLine: {'line': b'-- Installing: /home/ph/treasure/dockerBENCH/helios16p_ws/install/vicon_receiver/include/boost/fusion/algorithm/query/find_fwd.hpp\n'}
[23.242006] (vicon_receiver) StdoutLine: {'line': b'-- Installing: /home/ph/treasure/dockerBENCH/helios16p_ws/install/vicon_receiver/include/boost/fusion/algorithm/transformation\n'}
[23.242343] (vicon_receiver) StdoutLine: {'line': b'-- Installing: /home/ph/treasure/dockerBENCH/helios16p_ws/install/vicon_receiver/include/boost/fusion/algorithm/transformation/push_back.hpp\n'}
[23.243387] (vicon_receiver) StdoutLine: {'line': b'-- Installing: /home/ph/treasure/dockerBENCH/helios16p_ws/install/vicon_receiver/include/boost/fusion/algorithm/transformation/transform.hpp\n'}
[23.244446] (vicon_receiver) StdoutLine: {'line': b'-- Installing: /home/ph/treasure/dockerBENCH/helios16p_ws/install/vicon_receiver/include/boost/fusion/algorithm/transformation/insert_range.hpp\n'}
[23.245995] (vicon_receiver) StdoutLine: {'line': b'-- Installing: /home/ph/treasure/dockerBENCH/helios16p_ws/install/vicon_receiver/include/boost/fusion/algorithm/transformation/erase.hpp\n'}
[23.246448] (vicon_receiver) StdoutLine: {'line': b'-- Installing: /home/ph/treasure/dockerBENCH/helios16p_ws/install/vicon_receiver/include/boost/fusion/algorithm/transformation/pop_front.hpp\n'}
[23.246930] (vicon_receiver) StdoutLine: {'line': b'-- Installing: /home/ph/treasure/dockerBENCH/helios16p_ws/install/vicon_receiver/include/boost/fusion/algorithm/transformation/push_front.hpp\n'}
[23.248254] (vicon_receiver) StdoutLine: {'line': b'-- Installing: /home/ph/treasure/dockerBENCH/helios16p_ws/install/vicon_receiver/include/boost/fusion/algorithm/transformation/erase_key.hpp\n'}
[23.249817] (vicon_receiver) StdoutLine: {'line': b'-- Installing: /home/ph/treasure/dockerBENCH/helios16p_ws/install/vicon_receiver/include/boost/fusion/algorithm/transformation/pop_back.hpp\n'}
[23.250236] (vicon_receiver) StdoutLine: {'line': b'-- Installing: /home/ph/treasure/dockerBENCH/helios16p_ws/install/vicon_receiver/include/boost/fusion/algorithm/transformation/insert.hpp\n'}
[23.250955] (vicon_receiver) StdoutLine: {'line': b'-- Installing: /home/ph/treasure/dockerBENCH/helios16p_ws/install/vicon_receiver/include/boost/fusion/container\n'}
[23.251293] (vicon_receiver) StdoutLine: {'line': b'-- Installing: /home/ph/treasure/dockerBENCH/helios16p_ws/install/vicon_receiver/include/boost/fusion/container/map\n'}
[23.251577] (vicon_receiver) StdoutLine: {'line': b'-- Installing: /home/ph/treasure/dockerBENCH/helios16p_ws/install/vicon_receiver/include/boost/fusion/container/map/detail\n'}
[23.251823] (vicon_receiver) StdoutLine: {'line': b'-- Installing: /home/ph/treasure/dockerBENCH/helios16p_ws/install/vicon_receiver/include/boost/fusion/container/map/detail/cpp03\n'}
[23.252090] (vicon_receiver) StdoutLine: {'line': b'-- Installing: /home/ph/treasure/dockerBENCH/helios16p_ws/install/vicon_receiver/include/boost/fusion/container/map/detail/cpp03/map_fwd.hpp\n'}
[23.252930] (vicon_receiver) StdoutLine: {'line': b'-- Installing: /home/ph/treasure/dockerBENCH/helios16p_ws/install/vicon_receiver/include/boost/fusion/container/map/detail/cpp03/preprocessed\n'}
[23.253509] (vicon_receiver) StdoutLine: {'line': b'-- Installing: /home/ph/treasure/dockerBENCH/helios16p_ws/install/vicon_receiver/include/boost/fusion/container/map/detail/cpp03/preprocessed/map50_fwd.hpp\n'}
[23.254092] (vicon_receiver) StdoutLine: {'line': b'-- Installing: /home/ph/treasure/dockerBENCH/helios16p_ws/install/vicon_receiver/include/boost/fusion/container/map/detail/cpp03/preprocessed/map40_fwd.hpp\n'}
[23.254996] (vicon_receiver) StdoutLine: {'line': b'-- Installing: /home/ph/treasure/dockerBENCH/helios16p_ws/install/vicon_receiver/include/boost/fusion/container/map/detail/cpp03/preprocessed/map_fwd.hpp\n'}
[23.255728] (vicon_receiver) StdoutLine: {'line': b'-- Installing: /home/ph/treasure/dockerBENCH/helios16p_ws/install/vicon_receiver/include/boost/fusion/container/map/detail/cpp03/preprocessed/map30_fwd.hpp\n'}
[23.256480] (vicon_receiver) StdoutLine: {'line': b'-- Installing: /home/ph/treasure/dockerBENCH/helios16p_ws/install/vicon_receiver/include/boost/fusion/container/map/detail/cpp03/preprocessed/map20_fwd.hpp\n'}
[23.257206] (vicon_receiver) StdoutLine: {'line': b'-- Installing: /home/ph/treasure/dockerBENCH/helios16p_ws/install/vicon_receiver/include/boost/fusion/container/map/detail/cpp03/preprocessed/map10_fwd.hpp\n'}
[23.257950] (vicon_receiver) StdoutLine: {'line': b'-- Installing: /home/ph/treasure/dockerBENCH/helios16p_ws/install/vicon_receiver/include/boost/fusion/container/map/detail/cpp03/limits.hpp\n'}
[23.258670] (vicon_receiver) StdoutLine: {'line': b'-- Installing: /home/ph/treasure/dockerBENCH/helios16p_ws/install/vicon_receiver/include/boost/fusion/container/map/map_fwd.hpp\n'}
[23.259390] (vicon_receiver) StdoutLine: {'line': b'-- Installing: /home/ph/treasure/dockerBENCH/helios16p_ws/install/vicon_receiver/include/boost/fusion/container/list\n'}
[23.259737] (vicon_receiver) StdoutLine: {'line': b'-- Installing: /home/ph/treasure/dockerBENCH/helios16p_ws/install/vicon_receiver/include/boost/fusion/container/list/nil.hpp\n'}
[23.260983] (vicon_receiver) StdoutLine: {'line': b'-- Installing: /home/ph/treasure/dockerBENCH/helios16p_ws/install/vicon_receiver/include/boost/fusion/container/list/detail\n'}
[23.261836] (vicon_receiver) StdoutLine: {'line': b'-- Installing: /home/ph/treasure/dockerBENCH/helios16p_ws/install/vicon_receiver/include/boost/fusion/container/list/detail/value_of_impl.hpp\n'}
[23.262433] (vicon_receiver) StdoutLine: {'line': b'-- Installing: /home/ph/treasure/dockerBENCH/helios16p_ws/install/vicon_receiver/include/boost/fusion/container/list/detail/end_impl.hpp\n'}
[23.263202] (vicon_receiver) StdoutLine: {'line': b'-- Installing: /home/ph/treasure/dockerBENCH/helios16p_ws/install/vicon_receiver/include/boost/fusion/container/list/detail/next_impl.hpp\n'}
[23.264222] (vicon_receiver) StdoutLine: {'line': b'-- Installing: /home/ph/treasure/dockerBENCH/helios16p_ws/install/vicon_receiver/include/boost/fusion/container/list/detail/reverse_cons.hpp\n'}
[23.264910] (vicon_receiver) StdoutLine: {'line': b'-- Installing: /home/ph/treasure/dockerBENCH/helios16p_ws/install/vicon_receiver/include/boost/fusion/container/list/detail/begin_impl.hpp\n'}
[23.265921] (vicon_receiver) StdoutLine: {'line': b'-- Installing: /home/ph/treasure/dockerBENCH/helios16p_ws/install/vicon_receiver/include/boost/fusion/container/list/detail/equal_to_impl.hpp\n'}
[23.266598] (vicon_receiver) StdoutLine: {'line': b'-- Installing: /home/ph/treasure/dockerBENCH/helios16p_ws/install/vicon_receiver/include/boost/fusion/container/list/detail/value_at_impl.hpp\n'}
[23.267334] (vicon_receiver) StdoutLine: {'line': b'-- Installing: /home/ph/treasure/dockerBENCH/helios16p_ws/install/vicon_receiver/include/boost/fusion/container/list/detail/cpp03\n'}
[23.267672] (vicon_receiver) StdoutLine: {'line': b'-- Installing: /home/ph/treasure/dockerBENCH/helios16p_ws/install/vicon_receiver/include/boost/fusion/container/list/detail/cpp03/preprocessed\n'}
[23.268135] (vicon_receiver) StdoutLine: {'line': b'-- Installing: /home/ph/treasure/dockerBENCH/helios16p_ws/install/vicon_receiver/include/boost/fusion/container/list/detail/cpp03/preprocessed/list30_fwd.hpp\n'}
[23.268951] (vicon_receiver) StdoutLine: {'line': b'-- Installing: /home/ph/treasure/dockerBENCH/helios16p_ws/install/vicon_receiver/include/boost/fusion/container/list/detail/cpp03/preprocessed/list_fwd.hpp\n'}
[23.269915] (vicon_receiver) StdoutLine: {'line': b'-- Installing: /home/ph/treasure/dockerBENCH/helios16p_ws/install/vicon_receiver/include/boost/fusion/container/list/detail/cpp03/preprocessed/list40_fwd.hpp\n'}
[23.270509] (vicon_receiver) StdoutLine: {'line': b'-- Installing: /home/ph/treasure/dockerBENCH/helios16p_ws/install/vicon_receiver/include/boost/fusion/container/list/detail/cpp03/preprocessed/list10_fwd.hpp\n'}
[23.271274] (vicon_receiver) StdoutLine: {'line': b'-- Installing: /home/ph/treasure/dockerBENCH/helios16p_ws/install/vicon_receiver/include/boost/fusion/container/list/detail/cpp03/preprocessed/list20_fwd.hpp\n'}
[23.272104] (vicon_receiver) StdoutLine: {'line': b'-- Installing: /home/ph/treasure/dockerBENCH/helios16p_ws/install/vicon_receiver/include/boost/fusion/container/list/detail/cpp03/preprocessed/list50_fwd.hpp\n'}
[23.272942] (vicon_receiver) StdoutLine: {'line': b'-- Installing: /home/ph/treasure/dockerBENCH/helios16p_ws/install/vicon_receiver/include/boost/fusion/container/list/detail/cpp03/list_fwd.hpp\n'}
[23.273694] (vicon_receiver) StdoutLine: {'line': b'-- Installing: /home/ph/treasure/dockerBENCH/helios16p_ws/install/vicon_receiver/include/boost/fusion/container/list/detail/cpp03/limits.hpp\n'}
[23.274453] (vicon_receiver) StdoutLine: {'line': b'-- Installing: /home/ph/treasure/dockerBENCH/helios16p_ws/install/vicon_receiver/include/boost/fusion/container/list/detail/at_impl.hpp\n'}
[23.275229] (vicon_receiver) StdoutLine: {'line': b'-- Installing: /home/ph/treasure/dockerBENCH/helios16p_ws/install/vicon_receiver/include/boost/fusion/container/list/detail/deref_impl.hpp\n'}
[23.277521] (vicon_receiver) StdoutLine: {'line': b'-- Installing: /home/ph/treasure/dockerBENCH/helios16p_ws/install/vicon_receiver/include/boost/fusion/container/list/detail/empty_impl.hpp\n'}
[23.277913] (vicon_receiver) StdoutLine: {'line': b'-- Installing: /home/ph/treasure/dockerBENCH/helios16p_ws/install/vicon_receiver/include/boost/fusion/container/list/cons_fwd.hpp\n'}
[23.281489] (vicon_receiver) StdoutLine: {'line': b'-- Installing: /home/ph/treasure/dockerBENCH/helios16p_ws/install/vicon_receiver/include/boost/fusion/container/list/list_fwd.hpp\n'}
[23.282072] (vicon_receiver) StdoutLine: {'line': b'-- Installing: /home/ph/treasure/dockerBENCH/helios16p_ws/install/vicon_receiver/include/boost/fusion/container/list/cons.hpp\n'}
[23.285761] (vicon_receiver) StdoutLine: {'line': b'-- Installing: /home/ph/treasure/dockerBENCH/helios16p_ws/install/vicon_receiver/include/boost/fusion/container/list/cons_iterator.hpp\n'}
[23.286265] (vicon_receiver) StdoutLine: {'line': b'-- Installing: /home/ph/treasure/dockerBENCH/helios16p_ws/install/vicon_receiver/include/boost/fusion/container/vector\n'}
[23.286830] (vicon_receiver) StdoutLine: {'line': b'-- Installing: /home/ph/treasure/dockerBENCH/helios16p_ws/install/vicon_receiver/include/boost/fusion/container/vector/vector10.hpp\n'}
[23.287150] (vicon_receiver) StdoutLine: {'line': b'-- Installing: /home/ph/treasure/dockerBENCH/helios16p_ws/install/vicon_receiver/include/boost/fusion/container/vector/detail\n'}
[23.288481] (vicon_receiver) StdoutLine: {'line': b'-- Installing: /home/ph/treasure/dockerBENCH/helios16p_ws/install/vicon_receiver/include/boost/fusion/container/vector/detail/value_of_impl.hpp\n'}
[23.288711] (vicon_receiver) StdoutLine: {'line': b'-- Installing: /home/ph/treasure/dockerBENCH/helios16p_ws/install/vicon_receiver/include/boost/fusion/container/vector/detail/end_impl.hpp\n'}
[23.289137] (vicon_receiver) StdoutLine: {'line': b'-- Installing: /home/ph/treasure/dockerBENCH/helios16p_ws/install/vicon_receiver/include/boost/fusion/container/vector/detail/advance_impl.hpp\n'}
[23.289392] (vicon_receiver) StdoutLine: {'line': b'-- Installing: /home/ph/treasure/dockerBENCH/helios16p_ws/install/vicon_receiver/include/boost/fusion/container/vector/detail/config.hpp\n'}
[23.290383] (vicon_receiver) StdoutLine: {'line': b'-- Installing: /home/ph/treasure/dockerBENCH/helios16p_ws/install/vicon_receiver/include/boost/fusion/container/vector/detail/next_impl.hpp\n'}
[23.291008] (vicon_receiver) StdoutLine: {'line': b'-- Installing: /home/ph/treasure/dockerBENCH/helios16p_ws/install/vicon_receiver/include/boost/fusion/container/vector/detail/prior_impl.hpp\n'}
[23.292108] (vicon_receiver) StdoutLine: {'line': b'-- Installing: /home/ph/treasure/dockerBENCH/helios16p_ws/install/vicon_receiver/include/boost/fusion/container/vector/detail/begin_impl.hpp\n'}
[23.295673] (vicon_receiver) StdoutLine: {'line': b'-- Installing: /home/ph/treasure/dockerBENCH/helios16p_ws/install/vicon_receiver/include/boost/fusion/container/vector/detail/equal_to_impl.hpp\n'}
[23.296834] (vicon_receiver) StdoutLine: {'line': b'-- Installing: /home/ph/treasure/dockerBENCH/helios16p_ws/install/vicon_receiver/include/boost/fusion/container/vector/detail/distance_impl.hpp\n'}
[23.300534] (vicon_receiver) StdoutLine: {'line': b'-- Installing: /home/ph/treasure/dockerBENCH/helios16p_ws/install/vicon_receiver/include/boost/fusion/container/vector/detail/value_at_impl.hpp\n'}
[23.300761] (vicon_receiver) StdoutLine: {'line': b'-- Installing: /home/ph/treasure/dockerBENCH/helios16p_ws/install/vicon_receiver/include/boost/fusion/container/vector/detail/cpp03\n'}
[23.300939] (vicon_receiver) StdoutLine: {'line': b'-- Installing: /home/ph/treasure/dockerBENCH/helios16p_ws/install/vicon_receiver/include/boost/fusion/container/vector/detail/cpp03/vector10.hpp\n'}
[23.302491] (vicon_receiver) StdoutLine: {'line': b'-- Installing: /home/ph/treasure/dockerBENCH/helios16p_ws/install/vicon_receiver/include/boost/fusion/container/vector/detail/cpp03/vector20.hpp\n'}
[23.304346] (vicon_receiver) StdoutLine: {'line': b'-- Installing: /home/ph/treasure/dockerBENCH/helios16p_ws/install/vicon_receiver/include/boost/fusion/container/vector/detail/cpp03/vector20_fwd.hpp\n'}
[23.304776] (vicon_receiver) StdoutLine: {'line': b'-- Installing: /home/ph/treasure/dockerBENCH/helios16p_ws/install/vicon_receiver/include/boost/fusion/container/vector/detail/cpp03/vector30.hpp\n'}
[23.305653] (vicon_receiver) StdoutLine: {'line': b'-- Installing: /home/ph/treasure/dockerBENCH/helios16p_ws/install/vicon_receiver/include/boost/fusion/container/vector/detail/cpp03/vector_forward_ctor.hpp\n'}
[23.306523] (-) TimerEvent: {}
[23.307477] (vicon_receiver) StdoutLine: {'line': b'-- Installing: /home/ph/treasure/dockerBENCH/helios16p_ws/install/vicon_receiver/include/boost/fusion/container/vector/detail/cpp03/vector.hpp\n'}
[23.308671] (vicon_receiver) StdoutLine: {'line': b'-- Installing: /home/ph/treasure/dockerBENCH/helios16p_ws/install/vicon_receiver/include/boost/fusion/container/vector/detail/cpp03/vector_fwd.hpp\n'}
[23.309809] (vicon_receiver) StdoutLine: {'line': b'-- Installing: /home/ph/treasure/dockerBENCH/helios16p_ws/install/vicon_receiver/include/boost/fusion/container/vector/detail/cpp03/vector40_fwd.hpp\n'}
[23.310965] (vicon_receiver) StdoutLine: {'line': b'-- Installing: /home/ph/treasure/dockerBENCH/helios16p_ws/install/vicon_receiver/include/boost/fusion/container/vector/detail/cpp03/vector40.hpp\n'}
[23.312611] (vicon_receiver) StdoutLine: {'line': b'-- Installing: /home/ph/treasure/dockerBENCH/helios16p_ws/install/vicon_receiver/include/boost/fusion/container/vector/detail/cpp03/preprocessed\n'}
[23.313004] (vicon_receiver) StdoutLine: {'line': b'-- Installing: /home/ph/treasure/dockerBENCH/helios16p_ws/install/vicon_receiver/include/boost/fusion/container/vector/detail/cpp03/preprocessed/vvector30_fwd.hpp\n'}
[23.314510] (vicon_receiver) StdoutLine: {'line': b'-- Installing: /home/ph/treasure/dockerBENCH/helios16p_ws/install/vicon_receiver/include/boost/fusion/container/vector/detail/cpp03/preprocessed/vector_chooser20.hpp\n'}
[23.315874] (vicon_receiver) StdoutLine: {'line': b'-- Installing: /home/ph/treasure/dockerBENCH/helios16p_ws/install/vicon_receiver/include/boost/fusion/container/vector/detail/cpp03/preprocessed/vector10.hpp\n'}
[23.317746] (vicon_receiver) StdoutLine: {'line': b'-- Installing: /home/ph/treasure/dockerBENCH/helios16p_ws/install/vicon_receiver/include/boost/fusion/container/vector/detail/cpp03/preprocessed/vector20.hpp\n'}
[23.321018] (vicon_receiver) StdoutLine: {'line': b'-- Installing: /home/ph/treasure/dockerBENCH/helios16p_ws/install/vicon_receiver/include/boost/fusion/container/vector/detail/cpp03/preprocessed/vector_chooser30.hpp\n'}
[23.323275] (vicon_receiver) StdoutLine: {'line': b'-- Installing: /home/ph/treasure/dockerBENCH/helios16p_ws/install/vicon_receiver/include/boost/fusion/container/vector/detail/cpp03/preprocessed/vector20_fwd.hpp\n'}
[23.324971] (vicon_receiver) StdoutLine: {'line': b'-- Installing: /home/ph/treasure/dockerBENCH/helios16p_ws/install/vicon_receiver/include/boost/fusion/container/vector/detail/cpp03/preprocessed/vector_chooser.hpp\n'}
[23.325399] (vicon_receiver) StdoutLine: {'line': b'-- Installing: /home/ph/treasure/dockerBENCH/helios16p_ws/install/vicon_receiver/include/boost/fusion/container/vector/detail/cpp03/preprocessed/vvector10_fwd.hpp\n'}
[23.326270] (vicon_receiver) StdoutLine: {'line': b'-- Installing: /home/ph/treasure/dockerBENCH/helios16p_ws/install/vicon_receiver/include/boost/fusion/container/vector/detail/cpp03/preprocessed/vector_chooser50.hpp\n'}
[23.328446] (vicon_receiver) StdoutLine: {'line': b'-- Installing: /home/ph/treasure/dockerBENCH/helios16p_ws/install/vicon_receiver/include/boost/fusion/container/vector/detail/cpp03/preprocessed/vvector40.hpp\n'}
[23.330409] (vicon_receiver) StdoutLine: {'line': b'-- Installing: /home/ph/treasure/dockerBENCH/helios16p_ws/install/vicon_receiver/include/boost/fusion/container/vector/detail/cpp03/preprocessed/vector30.hpp\n'}
[23.334335] (vicon_receiver) StdoutLine: {'line': b'-- Installing: /home/ph/treasure/dockerBENCH/helios16p_ws/install/vicon_receiver/include/boost/fusion/container/vector/detail/cpp03/preprocessed/vector_chooser10.hpp\n'}
[23.335083] (vicon_receiver) StdoutLine: {'line': b'-- Installing: /home/ph/treasure/dockerBENCH/helios16p_ws/install/vicon_receiver/include/boost/fusion/container/vector/detail/cpp03/preprocessed/vector.hpp\n'}
[23.335984] (vicon_receiver) StdoutLine: {'line': b'-- Installing: /home/ph/treasure/dockerBENCH/helios16p_ws/install/vicon_receiver/include/boost/fusion/container/vector/detail/cpp03/preprocessed/vector_fwd.hpp\n'}
[23.336978] (vicon_receiver) StdoutLine: {'line': b'-- Installing: /home/ph/treasure/dockerBENCH/helios16p_ws/install/vicon_receiver/include/boost/fusion/container/vector/detail/cpp03/preprocessed/vector40_fwd.hpp\n'}
[23.337986] (vicon_receiver) StdoutLine: {'line': b'-- Installing: /home/ph/treasure/dockerBENCH/helios16p_ws/install/vicon_receiver/include/boost/fusion/container/vector/detail/cpp03/preprocessed/vector40.hpp\n'}
[23.341573] (vicon_receiver) StdoutLine: {'line': b'-- Installing: /home/ph/treasure/dockerBENCH/helios16p_ws/install/vicon_receiver/include/boost/fusion/container/vector/detail/cpp03/preprocessed/vvector20.hpp\n'}
[23.343750] (vicon_receiver) StdoutLine: {'line': b'-- Installing: /home/ph/treasure/dockerBENCH/helios16p_ws/install/vicon_receiver/include/boost/fusion/container/vector/detail/cpp03/preprocessed/vector30_fwd.hpp\n'}
[23.345165] (vicon_receiver) StdoutLine: {'line': b'-- Installing: /home/ph/treasure/dockerBENCH/helios16p_ws/install/vicon_receiver/include/boost/fusion/container/vector/detail/cpp03/preprocessed/vvector50.hpp\n'}
[23.348517] (vicon_receiver) StdoutLine: {'line': b'-- Installing: /home/ph/treasure/dockerBENCH/helios16p_ws/install/vicon_receiver/include/boost/fusion/container/vector/detail/cpp03/preprocessed/vector10_fwd.hpp\n'}
[23.348818] (vicon_receiver) StdoutLine: {'line': b'-- Installing: /home/ph/treasure/dockerBENCH/helios16p_ws/install/vicon_receiver/include/boost/fusion/container/vector/detail/cpp03/preprocessed/vvector20_fwd.hpp\n'}
[23.350033] (vicon_receiver) StdoutLine: {'line': b'-- Installing: /home/ph/treasure/dockerBENCH/helios16p_ws/install/vicon_receiver/include/boost/fusion/container/vector/detail/cpp03/preprocessed/vvector40_fwd.hpp\n'}
[23.351202] (vicon_receiver) StdoutLine: {'line': b'-- Installing: /home/ph/treasure/dockerBENCH/helios16p_ws/install/vicon_receiver/include/boost/fusion/container/vector/detail/cpp03/preprocessed/vvector10.hpp\n'}
[23.352475] (vicon_receiver) StdoutLine: {'line': b'-- Installing: /home/ph/treasure/dockerBENCH/helios16p_ws/install/vicon_receiver/include/boost/fusion/container/vector/detail/cpp03/preprocessed/vector50_fwd.hpp\n'}
[23.352994] (vicon_receiver) StdoutLine: {'line': b'-- Installing: /home/ph/treasure/dockerBENCH/helios16p_ws/install/vicon_receiver/include/boost/fusion/container/vector/detail/cpp03/preprocessed/vvector30.hpp\n'}
[23.355234] (vicon_receiver) StdoutLine: {'line': b'-- Installing: /home/ph/treasure/dockerBENCH/helios16p_ws/install/vicon_receiver/include/boost/fusion/container/vector/detail/cpp03/preprocessed/vector_chooser40.hpp\n'}
[23.356796] (vicon_receiver) StdoutLine: {'line': b'-- Installing: /home/ph/treasure/dockerBENCH/helios16p_ws/install/vicon_receiver/include/boost/fusion/container/vector/detail/cpp03/preprocessed/vector50.hpp\n'}
[23.364153] (vicon_receiver) StdoutLine: {'line': b'-- Installing: /home/ph/treasure/dockerBENCH/helios16p_ws/install/vicon_receiver/include/boost/fusion/container/vector/detail/cpp03/preprocessed/vvector50_fwd.hpp\n'}
[23.364599] (vicon_receiver) StdoutLine: {'line': b'-- Installing: /home/ph/treasure/dockerBENCH/helios16p_ws/install/vicon_receiver/include/boost/fusion/container/vector/detail/cpp03/vector_n.hpp\n'}
[23.367572] (vicon_receiver) StdoutLine: {'line': b'-- Installing: /home/ph/treasure/dockerBENCH/helios16p_ws/install/vicon_receiver/include/boost/fusion/container/vector/detail/cpp03/vector30_fwd.hpp\n'}
[23.368021] (vicon_receiver) StdoutLine: {'line': b'-- Installing: /home/ph/treasure/dockerBENCH/helios16p_ws/install/vicon_receiver/include/boost/fusion/container/vector/detail/cpp03/vector10_fwd.hpp\n'}
[23.368329] (vicon_receiver) StdoutLine: {'line': b'-- Installing: /home/ph/treasure/dockerBENCH/helios16p_ws/install/vicon_receiver/include/boost/fusion/container/vector/detail/cpp03/vector_n_chooser.hpp\n'}
[23.370553] (vicon_receiver) StdoutLine: {'line': b'-- Installing: /home/ph/treasure/dockerBENCH/helios16p_ws/install/vicon_receiver/include/boost/fusion/container/vector/detail/cpp03/value_at_impl.hpp\n'}
[23.370901] (vicon_receiver) StdoutLine: {'line': b'-- Installing: /home/ph/treasure/dockerBENCH/helios16p_ws/install/vicon_receiver/include/boost/fusion/container/vector/detail/cpp03/vector50_fwd.hpp\n'}
[23.371358] (vicon_receiver) StdoutLine: {'line': b'-- Installing: /home/ph/treasure/dockerBENCH/helios16p_ws/install/vicon_receiver/include/boost/fusion/container/vector/detail/cpp03/vector50.hpp\n'}
[23.372181] (vicon_receiver) StdoutLine: {'line': b'-- Installing: /home/ph/treasure/dockerBENCH/helios16p_ws/install/vicon_receiver/include/boost/fusion/container/vector/detail/cpp03/limits.hpp\n'}
[23.373132] (vicon_receiver) StdoutLine: {'line': b'-- Installing: /home/ph/treasure/dockerBENCH/helios16p_ws/install/vicon_receiver/include/boost/fusion/container/vector/detail/at_impl.hpp\n'}
[23.374039] (vicon_receiver) StdoutLine: {'line': b'-- Installing: /home/ph/treasure/dockerBENCH/helios16p_ws/install/vicon_receiver/include/boost/fusion/container/vector/detail/deref_impl.hpp\n'}
[23.376020] (vicon_receiver) StdoutLine: {'line': b'-- Installing: /home/ph/treasure/dockerBENCH/helios16p_ws/install/vicon_receiver/include/boost/fusion/container/vector/vector.hpp\n'}
[23.376462] (vicon_receiver) StdoutLine: {'line': b'-- Installing: /home/ph/treasure/dockerBENCH/helios16p_ws/install/vicon_receiver/include/boost/fusion/container/vector/vector_fwd.hpp\n'}
[23.376987] (vicon_receiver) StdoutLine: {'line': b'-- Installing: /home/ph/treasure/dockerBENCH/helios16p_ws/install/vicon_receiver/include/boost/fusion/container/vector/vector_iterator.hpp\n'}
[23.378117] (vicon_receiver) StdoutLine: {'line': b'-- Installing: /home/ph/treasure/dockerBENCH/helios16p_ws/install/vicon_receiver/include/boost/fusion/container/deque\n'}
[23.378663] (vicon_receiver) StdoutLine: {'line': b'-- Installing: /home/ph/treasure/dockerBENCH/helios16p_ws/install/vicon_receiver/include/boost/fusion/container/deque/detail\n'}
[23.379096] (vicon_receiver) StdoutLine: {'line': b'-- Installing: /home/ph/treasure/dockerBENCH/helios16p_ws/install/vicon_receiver/include/boost/fusion/container/deque/detail/cpp03\n'}
[23.379473] (vicon_receiver) StdoutLine: {'line': b'-- Installing: /home/ph/treasure/dockerBENCH/helios16p_ws/install/vicon_receiver/include/boost/fusion/container/deque/detail/cpp03/preprocessed\n'}
[23.380001] (vicon_receiver) StdoutLine: {'line': b'-- Installing: /home/ph/treasure/dockerBENCH/helios16p_ws/install/vicon_receiver/include/boost/fusion/container/deque/detail/cpp03/preprocessed/deque40_fwd.hpp\n'}
[23.382440] (vicon_receiver) StdoutLine: {'line': b'-- Installing: /home/ph/treasure/dockerBENCH/helios16p_ws/install/vicon_receiver/include/boost/fusion/container/deque/detail/cpp03/preprocessed/deque50_fwd.hpp\n'}
[23.383481] (vicon_receiver) StdoutLine: {'line': b'-- Installing: /home/ph/treasure/dockerBENCH/helios16p_ws/install/vicon_receiver/include/boost/fusion/container/deque/detail/cpp03/preprocessed/deque30_fwd.hpp\n'}
[23.384579] (vicon_receiver) StdoutLine: {'line': b'-- Installing: /home/ph/treasure/dockerBENCH/helios16p_ws/install/vicon_receiver/include/boost/fusion/container/deque/detail/cpp03/preprocessed/deque_fwd.hpp\n'}
[23.385801] (vicon_receiver) StdoutLine: {'line': b'-- Installing: /home/ph/treasure/dockerBENCH/helios16p_ws/install/vicon_receiver/include/boost/fusion/container/deque/detail/cpp03/preprocessed/deque20_fwd.hpp\n'}
[23.386762] (vicon_receiver) StdoutLine: {'line': b'-- Installing: /home/ph/treasure/dockerBENCH/helios16p_ws/install/vicon_receiver/include/boost/fusion/container/deque/detail/cpp03/preprocessed/deque10_fwd.hpp\n'}
[23.387748] (vicon_receiver) StdoutLine: {'line': b'-- Installing: /home/ph/treasure/dockerBENCH/helios16p_ws/install/vicon_receiver/include/boost/fusion/container/deque/detail/cpp03/deque_fwd.hpp\n'}
[23.388769] (vicon_receiver) StdoutLine: {'line': b'-- Installing: /home/ph/treasure/dockerBENCH/helios16p_ws/install/vicon_receiver/include/boost/fusion/container/deque/detail/cpp03/limits.hpp\n'}
[23.390004] (vicon_receiver) StdoutLine: {'line': b'-- Installing: /home/ph/treasure/dockerBENCH/helios16p_ws/install/vicon_receiver/include/boost/fusion/container/deque/deque_fwd.hpp\n'}
[23.390960] (vicon_receiver) StdoutLine: {'line': b'-- Installing: /home/ph/treasure/dockerBENCH/helios16p_ws/install/vicon_receiver/include/boost/fusion/container/set\n'}
[23.391333] (vicon_receiver) StdoutLine: {'line': b'-- Installing: /home/ph/treasure/dockerBENCH/helios16p_ws/install/vicon_receiver/include/boost/fusion/container/set/detail\n'}
[23.391905] (vicon_receiver) StdoutLine: {'line': b'-- Installing: /home/ph/treasure/dockerBENCH/helios16p_ws/install/vicon_receiver/include/boost/fusion/container/set/detail/cpp03\n'}
[23.392375] (vicon_receiver) StdoutLine: {'line': b'-- Installing: /home/ph/treasure/dockerBENCH/helios16p_ws/install/vicon_receiver/include/boost/fusion/container/set/detail/cpp03/preprocessed\n'}
[23.392863] (vicon_receiver) StdoutLine: {'line': b'-- Installing: /home/ph/treasure/dockerBENCH/helios16p_ws/install/vicon_receiver/include/boost/fusion/container/set/detail/cpp03/preprocessed/set30_fwd.hpp\n'}
[23.395455] (vicon_receiver) StdoutLine: {'line': b'-- Installing: /home/ph/treasure/dockerBENCH/helios16p_ws/install/vicon_receiver/include/boost/fusion/container/set/detail/cpp03/preprocessed/set50_fwd.hpp\n'}
[23.396325] (vicon_receiver) StdoutLine: {'line': b'-- Installing: /home/ph/treasure/dockerBENCH/helios16p_ws/install/vicon_receiver/include/boost/fusion/container/set/detail/cpp03/preprocessed/set40_fwd.hpp\n'}
[23.396727] (vicon_receiver) StdoutLine: {'line': b'-- Installing: /home/ph/treasure/dockerBENCH/helios16p_ws/install/vicon_receiver/include/boost/fusion/container/set/detail/cpp03/preprocessed/set20_fwd.hpp\n'}
[23.397742] (vicon_receiver) StdoutLine: {'line': b'-- Installing: /home/ph/treasure/dockerBENCH/helios16p_ws/install/vicon_receiver/include/boost/fusion/container/set/detail/cpp03/preprocessed/set_fwd.hpp\n'}
[23.398746] (vicon_receiver) StdoutLine: {'line': b'-- Installing: /home/ph/treasure/dockerBENCH/helios16p_ws/install/vicon_receiver/include/boost/fusion/container/set/detail/cpp03/preprocessed/set10_fwd.hpp\n'}
[23.399724] (vicon_receiver) StdoutLine: {'line': b'-- Installing: /home/ph/treasure/dockerBENCH/helios16p_ws/install/vicon_receiver/include/boost/fusion/container/set/detail/cpp03/set_fwd.hpp\n'}
[23.401638] (vicon_receiver) StdoutLine: {'line': b'-- Installing: /home/ph/treasure/dockerBENCH/helios16p_ws/install/vicon_receiver/include/boost/fusion/container/set/detail/cpp03/limits.hpp\n'}
[23.402070] (vicon_receiver) StdoutLine: {'line': b'-- Installing: /home/ph/treasure/dockerBENCH/helios16p_ws/install/vicon_receiver/include/boost/fusion/container/set/set_fwd.hpp\n'}
[23.402935] (vicon_receiver) StdoutLine: {'line': b'-- Installing: /home/ph/treasure/dockerBENCH/helios16p_ws/install/vicon_receiver/include/boost/fusion/mpl\n'}
[23.403335] (vicon_receiver) StdoutLine: {'line': b'-- Installing: /home/ph/treasure/dockerBENCH/helios16p_ws/install/vicon_receiver/include/boost/fusion/mpl/empty.hpp\n'}
[23.404271] (vicon_receiver) StdoutLine: {'line': b'-- Installing: /home/ph/treasure/dockerBENCH/helios16p_ws/install/vicon_receiver/include/boost/fusion/mpl/at.hpp\n'}
[23.405207] (vicon_receiver) StdoutLine: {'line': b'-- Installing: /home/ph/treasure/dockerBENCH/helios16p_ws/install/vicon_receiver/include/boost/fusion/mpl/push_back.hpp\n'}
[23.406009] (vicon_receiver) StdoutLine: {'line': b'-- Installing: /home/ph/treasure/dockerBENCH/helios16p_ws/install/vicon_receiver/include/boost/fusion/mpl/has_key.hpp\n'}
[23.406620] (-) TimerEvent: {}
[23.407171] (vicon_receiver) StdoutLine: {'line': b'-- Installing: /home/ph/treasure/dockerBENCH/helios16p_ws/install/vicon_receiver/include/boost/fusion/mpl/insert_range.hpp\n'}
[23.408093] (vicon_receiver) StdoutLine: {'line': b'-- Installing: /home/ph/treasure/dockerBENCH/helios16p_ws/install/vicon_receiver/include/boost/fusion/mpl/detail\n'}
[23.408548] (vicon_receiver) StdoutLine: {'line': b'-- Installing: /home/ph/treasure/dockerBENCH/helios16p_ws/install/vicon_receiver/include/boost/fusion/mpl/detail/clear.hpp\n'}
[23.410306] (vicon_receiver) StdoutLine: {'line': b'-- Installing: /home/ph/treasure/dockerBENCH/helios16p_ws/install/vicon_receiver/include/boost/fusion/mpl/erase.hpp\n'}
[23.410795] (vicon_receiver) StdoutLine: {'line': b'-- Installing: /home/ph/treasure/dockerBENCH/helios16p_ws/install/vicon_receiver/include/boost/fusion/mpl/begin.hpp\n'}
[23.411956] (vicon_receiver) StdoutLine: {'line': b'-- Installing: /home/ph/treasure/dockerBENCH/helios16p_ws/install/vicon_receiver/include/boost/fusion/mpl/pop_front.hpp\n'}
[23.412530] (vicon_receiver) StdoutLine: {'line': b'-- Installing: /home/ph/treasure/dockerBENCH/helios16p_ws/install/vicon_receiver/include/boost/fusion/mpl/push_front.hpp\n'}
[23.413480] (vicon_receiver) StdoutLine: {'line': b'-- Installing: /home/ph/treasure/dockerBENCH/helios16p_ws/install/vicon_receiver/include/boost/fusion/mpl/back.hpp\n'}
[23.414403] (vicon_receiver) StdoutLine: {'line': b'-- Installing: /home/ph/treasure/dockerBENCH/helios16p_ws/install/vicon_receiver/include/boost/fusion/mpl/front.hpp\n'}
[23.416093] (vicon_receiver) StdoutLine: {'line': b'-- Installing: /home/ph/treasure/dockerBENCH/helios16p_ws/install/vicon_receiver/include/boost/fusion/mpl/clear.hpp\n'}
[23.416899] (vicon_receiver) StdoutLine: {'line': b'-- Installing: /home/ph/treasure/dockerBENCH/helios16p_ws/install/vicon_receiver/include/boost/fusion/mpl/end.hpp\n'}
[23.417920] (vicon_receiver) StdoutLine: {'line': b'-- Installing: /home/ph/treasure/dockerBENCH/helios16p_ws/install/vicon_receiver/include/boost/fusion/mpl/erase_key.hpp\n'}
[23.419928] (vicon_receiver) StdoutLine: {'line': b'-- Installing: /home/ph/treasure/dockerBENCH/helios16p_ws/install/vicon_receiver/include/boost/fusion/mpl/pop_back.hpp\n'}
[23.420452] (vicon_receiver) StdoutLine: {'line': b'-- Installing: /home/ph/treasure/dockerBENCH/helios16p_ws/install/vicon_receiver/include/boost/fusion/mpl/size.hpp\n'}
[23.420765] (vicon_receiver) StdoutLine: {'line': b'-- Installing: /home/ph/treasure/dockerBENCH/helios16p_ws/install/vicon_receiver/include/boost/fusion/mpl/insert.hpp\n'}
[23.421473] (vicon_receiver) StdoutLine: {'line': b'-- Installing: /home/ph/treasure/dockerBENCH/helios16p_ws/install/vicon_receiver/include/boost/fusion/iterator\n'}
[23.422044] (vicon_receiver) StdoutLine: {'line': b'-- Installing: /home/ph/treasure/dockerBENCH/helios16p_ws/install/vicon_receiver/include/boost/fusion/iterator/segmented_iterator.hpp\n'}
[23.423171] (vicon_receiver) StdoutLine: {'line': b'-- Installing: /home/ph/treasure/dockerBENCH/helios16p_ws/install/vicon_receiver/include/boost/fusion/iterator/advance.hpp\n'}
[23.424095] (vicon_receiver) StdoutLine: {'line': b'-- Installing: /home/ph/treasure/dockerBENCH/helios16p_ws/install/vicon_receiver/include/boost/fusion/iterator/distance.hpp\n'}
[23.425091] (vicon_receiver) StdoutLine: {'line': b'-- Installing: /home/ph/treasure/dockerBENCH/helios16p_ws/install/vicon_receiver/include/boost/fusion/iterator/detail\n'}
[23.425945] (vicon_receiver) StdoutLine: {'line': b'-- Installing: /home/ph/treasure/dockerBENCH/helios16p_ws/install/vicon_receiver/include/boost/fusion/iterator/detail/segmented_next_impl.hpp\n'}
[23.426721] (vicon_receiver) StdoutLine: {'line': b'-- Installing: /home/ph/treasure/dockerBENCH/helios16p_ws/install/vicon_receiver/include/boost/fusion/iterator/detail/segmented_iterator.hpp\n'}
[23.427560] (vicon_receiver) StdoutLine: {'line': b'-- Installing: /home/ph/treasure/dockerBENCH/helios16p_ws/install/vicon_receiver/include/boost/fusion/iterator/detail/segment_sequence.hpp\n'}
[23.429257] (vicon_receiver) StdoutLine: {'line': b'-- Installing: /home/ph/treasure/dockerBENCH/helios16p_ws/install/vicon_receiver/include/boost/fusion/iterator/detail/advance.hpp\n'}
[23.430662] (vicon_receiver) StdoutLine: {'line': b'-- Installing: /home/ph/treasure/dockerBENCH/helios16p_ws/install/vicon_receiver/include/boost/fusion/iterator/detail/distance.hpp\n'}
[23.431070] (vicon_receiver) StdoutLine: {'line': b'-- Installing: /home/ph/treasure/dockerBENCH/helios16p_ws/install/vicon_receiver/include/boost/fusion/iterator/detail/adapt_value_traits.hpp\n'}
[23.432329] (vicon_receiver) StdoutLine: {'line': b'-- Installing: /home/ph/treasure/dockerBENCH/helios16p_ws/install/vicon_receiver/include/boost/fusion/iterator/detail/segmented_equal_to.hpp\n'}
[23.432870] (vicon_receiver) StdoutLine: {'line': b'-- Installing: /home/ph/treasure/dockerBENCH/helios16p_ws/install/vicon_receiver/include/boost/fusion/iterator/detail/adapt_deref_traits.hpp\n'}
[23.433608] (vicon_receiver) StdoutLine: {'line': b'-- Installing: /home/ph/treasure/dockerBENCH/helios16p_ws/install/vicon_receiver/include/boost/fusion/iterator/deref.hpp\n'}
[23.434666] (vicon_receiver) StdoutLine: {'line': b'-- Installing: /home/ph/treasure/dockerBENCH/helios16p_ws/install/vicon_receiver/include/boost/fusion/iterator/next.hpp\n'}
[23.435660] (vicon_receiver) StdoutLine: {'line': b'-- Installing: /home/ph/treasure/dockerBENCH/helios16p_ws/install/vicon_receiver/include/boost/fusion/iterator/mpl\n'}
[23.436558] (vicon_receiver) StdoutLine: {'line': b'-- Installing: /home/ph/treasure/dockerBENCH/helios16p_ws/install/vicon_receiver/include/boost/fusion/iterator/mpl/fusion_iterator.hpp\n'}
[23.437324] (vicon_receiver) StdoutLine: {'line': b'-- Installing: /home/ph/treasure/dockerBENCH/helios16p_ws/install/vicon_receiver/include/boost/fusion/iterator/mpl/convert_iterator.hpp\n'}
[23.438437] (vicon_receiver) StdoutLine: {'line': b'-- Installing: /home/ph/treasure/dockerBENCH/helios16p_ws/install/vicon_receiver/include/boost/fusion/iterator/deref_data.hpp\n'}
[23.439377] (vicon_receiver) StdoutLine: {'line': b'-- Installing: /home/ph/treasure/dockerBENCH/helios16p_ws/install/vicon_receiver/include/boost/fusion/iterator/iterator_adapter.hpp\n'}
[23.440693] (vicon_receiver) StdoutLine: {'line': b'-- Installing: /home/ph/treasure/dockerBENCH/helios16p_ws/install/vicon_receiver/include/boost/fusion/iterator/key_of.hpp\n'}
[23.441779] (vicon_receiver) StdoutLine: {'line': b'-- Installing: /home/ph/treasure/dockerBENCH/helios16p_ws/install/vicon_receiver/include/boost/fusion/iterator/equal_to.hpp\n'}
[23.444646] (vicon_receiver) StdoutLine: {'line': b'-- Installing: /home/ph/treasure/dockerBENCH/helios16p_ws/install/vicon_receiver/include/boost/fusion/iterator/value_of.hpp\n'}
[23.444965] (vicon_receiver) StdoutLine: {'line': b'-- Installing: /home/ph/treasure/dockerBENCH/helios16p_ws/install/vicon_receiver/include/boost/fusion/iterator/mpl.hpp\n'}
[23.446121] (vicon_receiver) StdoutLine: {'line': b'-- Installing: /home/ph/treasure/dockerBENCH/helios16p_ws/install/vicon_receiver/include/boost/fusion/iterator/prior.hpp\n'}
[23.446608] (vicon_receiver) StdoutLine: {'line': b'-- Installing: /home/ph/treasure/dockerBENCH/helios16p_ws/install/vicon_receiver/include/boost/fusion/iterator/iterator_facade.hpp\n'}
[23.448210] (vicon_receiver) StdoutLine: {'line': b'-- Installing: /home/ph/treasure/dockerBENCH/helios16p_ws/install/vicon_receiver/include/boost/fusion/iterator/value_of_data.hpp\n'}
[23.449117] (vicon_receiver) StdoutLine: {'line': b'-- Installing: /home/ph/treasure/dockerBENCH/helios16p_ws/install/vicon_receiver/include/boost/fusion/adapted\n'}
[23.449593] (vicon_receiver) StdoutLine: {'line': b'-- Installing: /home/ph/treasure/dockerBENCH/helios16p_ws/install/vicon_receiver/include/boost/fusion/adapted/boost_tuple\n'}
[23.449873] (vicon_receiver) StdoutLine: {'line': b'-- Installing: /home/ph/treasure/dockerBENCH/helios16p_ws/install/vicon_receiver/include/boost/fusion/adapted/boost_tuple/detail\n'}
[23.450221] (vicon_receiver) StdoutLine: {'line': b'-- Installing: /home/ph/treasure/dockerBENCH/helios16p_ws/install/vicon_receiver/include/boost/fusion/adapted/boost_tuple/detail/end_impl.hpp\n'}
[23.451622] (vicon_receiver) StdoutLine: {'line': b'-- Installing: /home/ph/treasure/dockerBENCH/helios16p_ws/install/vicon_receiver/include/boost/fusion/adapted/boost_tuple/detail/build_cons.hpp\n'}
[23.452200] (vicon_receiver) StdoutLine: {'line': b'-- Installing: /home/ph/treasure/dockerBENCH/helios16p_ws/install/vicon_receiver/include/boost/fusion/adapted/boost_tuple/detail/size_impl.hpp\n'}
[23.453054] (vicon_receiver) StdoutLine: {'line': b'-- Installing: /home/ph/treasure/dockerBENCH/helios16p_ws/install/vicon_receiver/include/boost/fusion/adapted/boost_tuple/detail/convert_impl.hpp\n'}
[23.454278] (vicon_receiver) StdoutLine: {'line': b'-- Installing: /home/ph/treasure/dockerBENCH/helios16p_ws/install/vicon_receiver/include/boost/fusion/adapted/boost_tuple/detail/begin_impl.hpp\n'}
[23.455202] (vicon_receiver) StdoutLine: {'line': b'-- Installing: /home/ph/treasure/dockerBENCH/helios16p_ws/install/vicon_receiver/include/boost/fusion/adapted/boost_tuple/detail/category_of_impl.hpp\n'}
[23.456274] (vicon_receiver) StdoutLine: {'line': b'-- Installing: /home/ph/treasure/dockerBENCH/helios16p_ws/install/vicon_receiver/include/boost/fusion/adapted/boost_tuple/detail/is_sequence_impl.hpp\n'}
[23.457372] (vicon_receiver) StdoutLine: {'line': b'-- Installing: /home/ph/treasure/dockerBENCH/helios16p_ws/install/vicon_receiver/include/boost/fusion/adapted/boost_tuple/detail/is_view_impl.hpp\n'}
[23.458441] (vicon_receiver) StdoutLine: {'line': b'-- Installing: /home/ph/treasure/dockerBENCH/helios16p_ws/install/vicon_receiver/include/boost/fusion/adapted/boost_tuple/detail/value_at_impl.hpp\n'}
[23.459833] (vicon_receiver) StdoutLine: {'line': b'-- Installing: /home/ph/treasure/dockerBENCH/helios16p_ws/install/vicon_receiver/include/boost/fusion/adapted/boost_tuple/detail/at_impl.hpp\n'}
[23.460606] (vicon_receiver) StdoutLine: {'line': b'-- Installing: /home/ph/treasure/dockerBENCH/helios16p_ws/install/vicon_receiver/include/boost/fusion/adapted/boost_tuple/boost_tuple_iterator.hpp\n'}
[23.461894] (vicon_receiver) StdoutLine: {'line': b'-- Installing: /home/ph/treasure/dockerBENCH/helios16p_ws/install/vicon_receiver/include/boost/fusion/adapted/boost_tuple/mpl\n'}
[23.462459] (vicon_receiver) StdoutLine: {'line': b'-- Installing: /home/ph/treasure/dockerBENCH/helios16p_ws/install/vicon_receiver/include/boost/fusion/adapted/boost_tuple/mpl/clear.hpp\n'}
[23.463635] (vicon_receiver) StdoutLine: {'line': b'-- Installing: /home/ph/treasure/dockerBENCH/helios16p_ws/install/vicon_receiver/include/boost/fusion/adapted/boost_tuple/tag_of.hpp\n'}
[23.464944] (vicon_receiver) StdoutLine: {'line': b'-- Installing: /home/ph/treasure/dockerBENCH/helios16p_ws/install/vicon_receiver/include/boost/fusion/adapted/mpl\n'}
[23.465448] (vicon_receiver) StdoutLine: {'line': b'-- Installing: /home/ph/treasure/dockerBENCH/helios16p_ws/install/vicon_receiver/include/boost/fusion/adapted/mpl/detail\n'}
[23.465817] (vicon_receiver) StdoutLine: {'line': b'-- Installing: /home/ph/treasure/dockerBENCH/helios16p_ws/install/vicon_receiver/include/boost/fusion/adapted/mpl/detail/end_impl.hpp\n'}
[23.466696] (vicon_receiver) StdoutLine: {'line': b'-- Installing: /home/ph/treasure/dockerBENCH/helios16p_ws/install/vicon_receiver/include/boost/fusion/adapted/mpl/detail/size_impl.hpp\n'}
[23.467699] (vicon_receiver) StdoutLine: {'line': b'-- Installing: /home/ph/treasure/dockerBENCH/helios16p_ws/install/vicon_receiver/include/boost/fusion/adapted/mpl/detail/begin_impl.hpp\n'}
[23.469485] (vicon_receiver) StdoutLine: {'line': b'-- Installing: /home/ph/treasure/dockerBENCH/helios16p_ws/install/vicon_receiver/include/boost/fusion/adapted/mpl/detail/category_of_impl.hpp\n'}
[23.469938] (vicon_receiver) StdoutLine: {'line': b'-- Installing: /home/ph/treasure/dockerBENCH/helios16p_ws/install/vicon_receiver/include/boost/fusion/adapted/mpl/detail/is_sequence_impl.hpp\n'}
[23.470939] (vicon_receiver) StdoutLine: {'line': b'-- Installing: /home/ph/treasure/dockerBENCH/helios16p_ws/install/vicon_receiver/include/boost/fusion/adapted/mpl/detail/is_view_impl.hpp\n'}
[23.472031] (vicon_receiver) StdoutLine: {'line': b'-- Installing: /home/ph/treasure/dockerBENCH/helios16p_ws/install/vicon_receiver/include/boost/fusion/adapted/mpl/detail/value_at_impl.hpp\n'}
[23.473157] (vicon_receiver) StdoutLine: {'line': b'-- Installing: /home/ph/treasure/dockerBENCH/helios16p_ws/install/vicon_receiver/include/boost/fusion/adapted/mpl/detail/at_impl.hpp\n'}
[23.474188] (vicon_receiver) StdoutLine: {'line': b'-- Installing: /home/ph/treasure/dockerBENCH/helios16p_ws/install/vicon_receiver/include/boost/fusion/adapted/mpl/detail/empty_impl.hpp\n'}
[23.475262] (vicon_receiver) StdoutLine: {'line': b'-- Installing: /home/ph/treasure/dockerBENCH/helios16p_ws/install/vicon_receiver/include/boost/fusion/adapted/mpl/detail/has_key_impl.hpp\n'}
[23.476338] (vicon_receiver) StdoutLine: {'line': b'-- Installing: /home/ph/treasure/dockerBENCH/helios16p_ws/install/vicon_receiver/include/boost/fusion/adapted/mpl/mpl_iterator.hpp\n'}
[23.477382] (vicon_receiver) StdoutLine: {'line': b'-- Installing: /home/ph/treasure/dockerBENCH/helios16p_ws/install/vicon_receiver/include/boost/fusion/adapted/mpl.hpp\n'}
[23.478432] (vicon_receiver) StdoutLine: {'line': b'-- Installing: /home/ph/treasure/dockerBENCH/helios16p_ws/install/vicon_receiver/include/boost/fusion/adapted/boost_tuple.hpp\n'}
[23.479411] (vicon_receiver) StdoutLine: {'line': b'-- Installing: /home/ph/treasure/dockerBENCH/helios16p_ws/install/vicon_receiver/include/boost/fusion/mpl.hpp\n'}
[23.480392] (vicon_receiver) StdoutLine: {'line': b'-- Installing: /home/ph/treasure/dockerBENCH/helios16p_ws/install/vicon_receiver/include/boost/fusion/view\n'}
[23.480794] (vicon_receiver) StdoutLine: {'line': b'-- Installing: /home/ph/treasure/dockerBENCH/helios16p_ws/install/vicon_receiver/include/boost/fusion/view/detail\n'}
[23.481336] (vicon_receiver) StdoutLine: {'line': b'-- Installing: /home/ph/treasure/dockerBENCH/helios16p_ws/install/vicon_receiver/include/boost/fusion/view/detail/strictest_traversal.hpp\n'}
[23.482376] (vicon_receiver) StdoutLine: {'line': b'-- Installing: /home/ph/treasure/dockerBENCH/helios16p_ws/install/vicon_receiver/include/boost/fusion/view/iterator_range\n'}
[23.482819] (vicon_receiver) StdoutLine: {'line': b'-- Installing: /home/ph/treasure/dockerBENCH/helios16p_ws/install/vicon_receiver/include/boost/fusion/view/iterator_range/detail\n'}
[23.483408] (vicon_receiver) StdoutLine: {'line': b'-- Installing: /home/ph/treasure/dockerBENCH/helios16p_ws/install/vicon_receiver/include/boost/fusion/view/iterator_range/detail/end_impl.hpp\n'}
[23.485004] (vicon_receiver) StdoutLine: {'line': b'-- Installing: /home/ph/treasure/dockerBENCH/helios16p_ws/install/vicon_receiver/include/boost/fusion/view/iterator_range/detail/segmented_iterator_range.hpp\n'}
[23.487404] (vicon_receiver) StdoutLine: {'line': b'-- Installing: /home/ph/treasure/dockerBENCH/helios16p_ws/install/vicon_receiver/include/boost/fusion/view/iterator_range/detail/size_impl.hpp\n'}
[23.487835] (vicon_receiver) StdoutLine: {'line': b'-- Installing: /home/ph/treasure/dockerBENCH/helios16p_ws/install/vicon_receiver/include/boost/fusion/view/iterator_range/detail/begin_impl.hpp\n'}
[23.488720] (vicon_receiver) StdoutLine: {'line': b'-- Installing: /home/ph/treasure/dockerBENCH/helios16p_ws/install/vicon_receiver/include/boost/fusion/view/iterator_range/detail/is_segmented_impl.hpp\n'}
[23.490396] (vicon_receiver) StdoutLine: {'line': b'-- Installing: /home/ph/treasure/dockerBENCH/helios16p_ws/install/vicon_receiver/include/boost/fusion/view/iterator_range/detail/value_at_impl.hpp\n'}
[23.491067] (vicon_receiver) StdoutLine: {'line': b'-- Installing: /home/ph/treasure/dockerBENCH/helios16p_ws/install/vicon_receiver/include/boost/fusion/view/iterator_range/detail/at_impl.hpp\n'}
[23.492149] (vicon_receiver) StdoutLine: {'line': b'-- Installing: /home/ph/treasure/dockerBENCH/helios16p_ws/install/vicon_receiver/include/boost/fusion/view/iterator_range/detail/segments_impl.hpp\n'}
[23.493262] (vicon_receiver) StdoutLine: {'line': b'-- Installing: /home/ph/treasure/dockerBENCH/helios16p_ws/install/vicon_receiver/include/boost/fusion/view/iterator_range/iterator_range.hpp\n'}
[23.494362] (vicon_receiver) StdoutLine: {'line': b'-- Installing: /home/ph/treasure/dockerBENCH/helios16p_ws/install/vicon_receiver/include/boost/fusion/view/transform_view\n'}
[23.494975] (vicon_receiver) StdoutLine: {'line': b'-- Installing: /home/ph/treasure/dockerBENCH/helios16p_ws/install/vicon_receiver/include/boost/fusion/view/transform_view/detail\n'}
[23.495523] (vicon_receiver) StdoutLine: {'line': b'-- Installing: /home/ph/treasure/dockerBENCH/helios16p_ws/install/vicon_receiver/include/boost/fusion/view/transform_view/detail/value_of_impl.hpp\n'}
[23.496937] (vicon_receiver) StdoutLine: {'line': b'-- Installing: /home/ph/treasure/dockerBENCH/helios16p_ws/install/vicon_receiver/include/boost/fusion/view/transform_view/detail/end_impl.hpp\n'}
[23.497694] (vicon_receiver) StdoutLine: {'line': b'-- Installing: /home/ph/treasure/dockerBENCH/helios16p_ws/install/vicon_receiver/include/boost/fusion/view/transform_view/detail/advance_impl.hpp\n'}
[23.498913] (vicon_receiver) StdoutLine: {'line': b'-- Installing: /home/ph/treasure/dockerBENCH/helios16p_ws/install/vicon_receiver/include/boost/fusion/view/transform_view/detail/next_impl.hpp\n'}
[23.500083] (vicon_receiver) StdoutLine: {'line': b'-- Installing: /home/ph/treasure/dockerBENCH/helios16p_ws/install/vicon_receiver/include/boost/fusion/view/transform_view/detail/prior_impl.hpp\n'}
[23.501319] (vicon_receiver) StdoutLine: {'line': b'-- Installing: /home/ph/treasure/dockerBENCH/helios16p_ws/install/vicon_receiver/include/boost/fusion/view/transform_view/detail/begin_impl.hpp\n'}
[23.502546] (vicon_receiver) StdoutLine: {'line': b'-- Installing: /home/ph/treasure/dockerBENCH/helios16p_ws/install/vicon_receiver/include/boost/fusion/view/transform_view/detail/equal_to_impl.hpp\n'}
[23.503691] (vicon_receiver) StdoutLine: {'line': b'-- Installing: /home/ph/treasure/dockerBENCH/helios16p_ws/install/vicon_receiver/include/boost/fusion/view/transform_view/detail/distance_impl.hpp\n'}
[23.504967] (vicon_receiver) StdoutLine: {'line': b'-- Installing: /home/ph/treasure/dockerBENCH/helios16p_ws/install/vicon_receiver/include/boost/fusion/view/transform_view/detail/value_at_impl.hpp\n'}
[23.506016] (vicon_receiver) StdoutLine: {'line': b'-- Installing: /home/ph/treasure/dockerBENCH/helios16p_ws/install/vicon_receiver/include/boost/fusion/view/transform_view/detail/at_impl.hpp\n'}
[23.506760] (-) TimerEvent: {}
[23.507493] (vicon_receiver) StdoutLine: {'line': b'-- Installing: /home/ph/treasure/dockerBENCH/helios16p_ws/install/vicon_receiver/include/boost/fusion/view/transform_view/detail/deref_impl.hpp\n'}
[23.508367] (vicon_receiver) StdoutLine: {'line': b'-- Installing: /home/ph/treasure/dockerBENCH/helios16p_ws/install/vicon_receiver/include/boost/fusion/view/transform_view/transform_view_fwd.hpp\n'}
[23.509539] (vicon_receiver) StdoutLine: {'line': b'-- Installing: /home/ph/treasure/dockerBENCH/helios16p_ws/install/vicon_receiver/include/boost/fusion/view/transform_view/transform_view.hpp\n'}
[23.510798] (vicon_receiver) StdoutLine: {'line': b'-- Installing: /home/ph/treasure/dockerBENCH/helios16p_ws/install/vicon_receiver/include/boost/fusion/view/transform_view/transform_view_iterator.hpp\n'}
[23.511907] (vicon_receiver) StdoutLine: {'line': b'-- Installing: /home/ph/treasure/dockerBENCH/helios16p_ws/install/vicon_receiver/include/boost/fusion/view/single_view\n'}
[23.512366] (vicon_receiver) StdoutLine: {'line': b'-- Installing: /home/ph/treasure/dockerBENCH/helios16p_ws/install/vicon_receiver/include/boost/fusion/view/single_view/detail\n'}
[23.512894] (vicon_receiver) StdoutLine: {'line': b'-- Installing: /home/ph/treasure/dockerBENCH/helios16p_ws/install/vicon_receiver/include/boost/fusion/view/single_view/detail/value_of_impl.hpp\n'}
[23.514016] (vicon_receiver) StdoutLine: {'line': b'-- Installing: /home/ph/treasure/dockerBENCH/helios16p_ws/install/vicon_receiver/include/boost/fusion/view/single_view/detail/end_impl.hpp\n'}
[23.515170] (vicon_receiver) StdoutLine: {'line': b'-- Installing: /home/ph/treasure/dockerBENCH/helios16p_ws/install/vicon_receiver/include/boost/fusion/view/single_view/detail/advance_impl.hpp\n'}
[23.516351] (vicon_receiver) StdoutLine: {'line': b'-- Installing: /home/ph/treasure/dockerBENCH/helios16p_ws/install/vicon_receiver/include/boost/fusion/view/single_view/detail/next_impl.hpp\n'}
[23.517488] (vicon_receiver) StdoutLine: {'line': b'-- Installing: /home/ph/treasure/dockerBENCH/helios16p_ws/install/vicon_receiver/include/boost/fusion/view/single_view/detail/size_impl.hpp\n'}
[23.521380] (vicon_receiver) StdoutLine: {'line': b'-- Installing: /home/ph/treasure/dockerBENCH/helios16p_ws/install/vicon_receiver/include/boost/fusion/view/single_view/detail/prior_impl.hpp\n'}
[23.521868] (vicon_receiver) StdoutLine: {'line': b'-- Installing: /home/ph/treasure/dockerBENCH/helios16p_ws/install/vicon_receiver/include/boost/fusion/view/single_view/detail/begin_impl.hpp\n'}
[23.522058] (vicon_receiver) StdoutLine: {'line': b'-- Installing: /home/ph/treasure/dockerBENCH/helios16p_ws/install/vicon_receiver/include/boost/fusion/view/single_view/detail/equal_to_impl.hpp\n'}
[23.522423] (vicon_receiver) StdoutLine: {'line': b'-- Installing: /home/ph/treasure/dockerBENCH/helios16p_ws/install/vicon_receiver/include/boost/fusion/view/single_view/detail/distance_impl.hpp\n'}
[23.523682] (vicon_receiver) StdoutLine: {'line': b'-- Installing: /home/ph/treasure/dockerBENCH/helios16p_ws/install/vicon_receiver/include/boost/fusion/view/single_view/detail/value_at_impl.hpp\n'}
[23.524941] (vicon_receiver) StdoutLine: {'line': b'-- Installing: /home/ph/treasure/dockerBENCH/helios16p_ws/install/vicon_receiver/include/boost/fusion/view/single_view/detail/at_impl.hpp\n'}
[23.526635] (vicon_receiver) StdoutLine: {'line': b'-- Installing: /home/ph/treasure/dockerBENCH/helios16p_ws/install/vicon_receiver/include/boost/fusion/view/single_view/detail/deref_impl.hpp\n'}
[23.527275] (vicon_receiver) StdoutLine: {'line': b'-- Installing: /home/ph/treasure/dockerBENCH/helios16p_ws/install/vicon_receiver/include/boost/fusion/view/single_view/single_view_iterator.hpp\n'}
[23.528504] (vicon_receiver) StdoutLine: {'line': b'-- Installing: /home/ph/treasure/dockerBENCH/helios16p_ws/install/vicon_receiver/include/boost/fusion/view/single_view/single_view.hpp\n'}
[23.530382] (vicon_receiver) StdoutLine: {'line': b'-- Installing: /home/ph/treasure/dockerBENCH/helios16p_ws/install/vicon_receiver/include/boost/fusion/view/joint_view\n'}
[23.530742] (vicon_receiver) StdoutLine: {'line': b'-- Installing: /home/ph/treasure/dockerBENCH/helios16p_ws/install/vicon_receiver/include/boost/fusion/view/joint_view/detail\n'}
[23.531305] (vicon_receiver) StdoutLine: {'line': b'-- Installing: /home/ph/treasure/dockerBENCH/helios16p_ws/install/vicon_receiver/include/boost/fusion/view/joint_view/detail/value_of_impl.hpp\n'}
[23.532044] (vicon_receiver) StdoutLine: {'line': b'-- Installing: /home/ph/treasure/dockerBENCH/helios16p_ws/install/vicon_receiver/include/boost/fusion/view/joint_view/detail/end_impl.hpp\n'}
[23.533142] (vicon_receiver) StdoutLine: {'line': b'-- Installing: /home/ph/treasure/dockerBENCH/helios16p_ws/install/vicon_receiver/include/boost/fusion/view/joint_view/detail/value_of_data_impl.hpp\n'}
[23.534417] (vicon_receiver) StdoutLine: {'line': b'-- Installing: /home/ph/treasure/dockerBENCH/helios16p_ws/install/vicon_receiver/include/boost/fusion/view/joint_view/detail/next_impl.hpp\n'}
[23.535574] (vicon_receiver) StdoutLine: {'line': b'-- Installing: /home/ph/treasure/dockerBENCH/helios16p_ws/install/vicon_receiver/include/boost/fusion/view/joint_view/detail/deref_data_impl.hpp\n'}
[23.536721] (vicon_receiver) StdoutLine: {'line': b'-- Installing: /home/ph/treasure/dockerBENCH/helios16p_ws/install/vicon_receiver/include/boost/fusion/view/joint_view/detail/begin_impl.hpp\n'}
[23.537885] (vicon_receiver) StdoutLine: {'line': b'-- Installing: /home/ph/treasure/dockerBENCH/helios16p_ws/install/vicon_receiver/include/boost/fusion/view/joint_view/detail/key_of_impl.hpp\n'}
[23.540158] (vicon_receiver) StdoutLine: {'line': b'-- Installing: /home/ph/treasure/dockerBENCH/helios16p_ws/install/vicon_receiver/include/boost/fusion/view/joint_view/detail/deref_impl.hpp\n'}
[23.540565] (vicon_receiver) StdoutLine: {'line': b'-- Installing: /home/ph/treasure/dockerBENCH/helios16p_ws/install/vicon_receiver/include/boost/fusion/view/joint_view/joint_view_fwd.hpp\n'}
[23.541543] (vicon_receiver) StdoutLine: {'line': b'-- Installing: /home/ph/treasure/dockerBENCH/helios16p_ws/install/vicon_receiver/include/boost/fusion/view/joint_view/joint_view_iterator.hpp\n'}
[23.542624] (vicon_receiver) StdoutLine: {'line': b'-- Installing: /home/ph/treasure/dockerBENCH/helios16p_ws/install/vicon_receiver/include/boost/fusion/view/joint_view/joint_view.hpp\n'}
[23.545394] (vicon_receiver) StdoutLine: {'line': b'-- Installing: /home/ph/treasure/dockerBENCH/helios16p_ws/install/vicon_receiver/include/boost/fusion/view/iterator_range.hpp\n'}
[23.545756] (vicon_receiver) StdoutLine: {'line': b'-- Installing: /home/ph/treasure/dockerBENCH/helios16p_ws/install/vicon_receiver/include/boost/fusion/sequence\n'}
[23.546123] (vicon_receiver) StdoutLine: {'line': b'-- Installing: /home/ph/treasure/dockerBENCH/helios16p_ws/install/vicon_receiver/include/boost/fusion/sequence/convert.hpp\n'}
[23.546647] (vicon_receiver) StdoutLine: {'line': b'-- Installing: /home/ph/treasure/dockerBENCH/helios16p_ws/install/vicon_receiver/include/boost/fusion/sequence/intrinsic\n'}
[23.547275] (vicon_receiver) StdoutLine: {'line': b'-- Installing: /home/ph/treasure/dockerBENCH/helios16p_ws/install/vicon_receiver/include/boost/fusion/sequence/intrinsic/empty.hpp\n'}
[23.548195] (vicon_receiver) StdoutLine: {'line': b'-- Installing: /home/ph/treasure/dockerBENCH/helios16p_ws/install/vicon_receiver/include/boost/fusion/sequence/intrinsic/at.hpp\n'}
[23.549158] (vicon_receiver) StdoutLine: {'line': b'-- Installing: /home/ph/treasure/dockerBENCH/helios16p_ws/install/vicon_receiver/include/boost/fusion/sequence/intrinsic/has_key.hpp\n'}
[23.550204] (vicon_receiver) StdoutLine: {'line': b'-- Installing: /home/ph/treasure/dockerBENCH/helios16p_ws/install/vicon_receiver/include/boost/fusion/sequence/intrinsic/detail\n'}
[23.551190] (vicon_receiver) StdoutLine: {'line': b'-- Installing: /home/ph/treasure/dockerBENCH/helios16p_ws/install/vicon_receiver/include/boost/fusion/sequence/intrinsic/detail/segmented_begin.hpp\n'}
[23.552168] (vicon_receiver) StdoutLine: {'line': b'-- Installing: /home/ph/treasure/dockerBENCH/helios16p_ws/install/vicon_receiver/include/boost/fusion/sequence/intrinsic/detail/segmented_size.hpp\n'}
[23.553157] (vicon_receiver) StdoutLine: {'line': b'-- Installing: /home/ph/treasure/dockerBENCH/helios16p_ws/install/vicon_receiver/include/boost/fusion/sequence/intrinsic/detail/segmented_end_impl.hpp\n'}
[23.554663] (vicon_receiver) StdoutLine: {'line': b'-- Installing: /home/ph/treasure/dockerBENCH/helios16p_ws/install/vicon_receiver/include/boost/fusion/sequence/intrinsic/detail/segmented_end.hpp\n'}
[23.555484] (vicon_receiver) StdoutLine: {'line': b'-- Installing: /home/ph/treasure/dockerBENCH/helios16p_ws/install/vicon_receiver/include/boost/fusion/sequence/intrinsic/detail/segmented_begin_impl.hpp\n'}
[23.556501] (vicon_receiver) StdoutLine: {'line': b'-- Installing: /home/ph/treasure/dockerBENCH/helios16p_ws/install/vicon_receiver/include/boost/fusion/sequence/intrinsic/begin.hpp\n'}
[23.557220] (vicon_receiver) StdoutLine: {'line': b'-- Installing: /home/ph/treasure/dockerBENCH/helios16p_ws/install/vicon_receiver/include/boost/fusion/sequence/intrinsic/at_c.hpp\n'}
[23.557924] (vicon_receiver) StdoutLine: {'line': b'-- Installing: /home/ph/treasure/dockerBENCH/helios16p_ws/install/vicon_receiver/include/boost/fusion/sequence/intrinsic/value_at.hpp\n'}
[23.558683] (vicon_receiver) StdoutLine: {'line': b'-- Installing: /home/ph/treasure/dockerBENCH/helios16p_ws/install/vicon_receiver/include/boost/fusion/sequence/intrinsic/end.hpp\n'}
[23.562589] (vicon_receiver) StdoutLine: {'line': b'-- Installing: /home/ph/treasure/dockerBENCH/helios16p_ws/install/vicon_receiver/include/boost/fusion/sequence/intrinsic/segments.hpp\n'}
[23.563439] (vicon_receiver) StdoutLine: {'line': b'-- Installing: /home/ph/treasure/dockerBENCH/helios16p_ws/install/vicon_receiver/include/boost/fusion/sequence/intrinsic/size.hpp\n'}
[23.563965] (vicon_receiver) StdoutLine: {'line': b'-- Installing: /home/ph/treasure/dockerBENCH/helios16p_ws/install/vicon_receiver/include/boost/fusion/sequence/comparison\n'}
[23.564361] (vicon_receiver) StdoutLine: {'line': b'-- Installing: /home/ph/treasure/dockerBENCH/helios16p_ws/install/vicon_receiver/include/boost/fusion/sequence/comparison/detail\n'}
[23.564782] (vicon_receiver) StdoutLine: {'line': b'-- Installing: /home/ph/treasure/dockerBENCH/helios16p_ws/install/vicon_receiver/include/boost/fusion/sequence/comparison/detail/equal_to.hpp\n'}
[23.565427] (vicon_receiver) StdoutLine: {'line': b'-- Installing: /home/ph/treasure/dockerBENCH/helios16p_ws/install/vicon_receiver/include/boost/fusion/sequence/comparison/enable_comparison.hpp\n'}
[23.566117] (vicon_receiver) StdoutLine: {'line': b'-- Installing: /home/ph/treasure/dockerBENCH/helios16p_ws/install/vicon_receiver/include/boost/fusion/sequence/comparison/equal_to.hpp\n'}
[23.566637] (vicon_receiver) StdoutLine: {'line': b'-- Installing: /home/ph/treasure/dockerBENCH/helios16p_ws/install/vicon_receiver/include/boost/fusion/sequence/intrinsic_fwd.hpp\n'}
[23.567322] (vicon_receiver) StdoutLine: {'line': b'-- Installing: /home/ph/treasure/dockerBENCH/helios16p_ws/install/vicon_receiver/include/boost/fusion/support\n'}
[23.567777] (vicon_receiver) StdoutLine: {'line': b'-- Installing: /home/ph/treasure/dockerBENCH/helios16p_ws/install/vicon_receiver/include/boost/fusion/support/iterator_base.hpp\n'}
[23.568380] (vicon_receiver) StdoutLine: {'line': b'-- Installing: /home/ph/treasure/dockerBENCH/helios16p_ws/install/vicon_receiver/include/boost/fusion/support/segmented_fold_until.hpp\n'}
[23.569574] (vicon_receiver) StdoutLine: {'line': b'-- Installing: /home/ph/treasure/dockerBENCH/helios16p_ws/install/vicon_receiver/include/boost/fusion/support/detail\n'}
[23.570255] (vicon_receiver) StdoutLine: {'line': b'-- Installing: /home/ph/treasure/dockerBENCH/helios16p_ws/install/vicon_receiver/include/boost/fusion/support/detail/is_native_fusion_sequence.hpp\n'}
[23.571056] (vicon_receiver) StdoutLine: {'line': b'-- Installing: /home/ph/treasure/dockerBENCH/helios16p_ws/install/vicon_receiver/include/boost/fusion/support/detail/access.hpp\n'}
[23.571847] (vicon_receiver) StdoutLine: {'line': b'-- Installing: /home/ph/treasure/dockerBENCH/helios16p_ws/install/vicon_receiver/include/boost/fusion/support/detail/index_sequence.hpp\n'}
[23.572702] (vicon_receiver) StdoutLine: {'line': b'-- Installing: /home/ph/treasure/dockerBENCH/helios16p_ws/install/vicon_receiver/include/boost/fusion/support/detail/and.hpp\n'}
[23.573430] (vicon_receiver) StdoutLine: {'line': b'-- Installing: /home/ph/treasure/dockerBENCH/helios16p_ws/install/vicon_receiver/include/boost/fusion/support/detail/as_fusion_element.hpp\n'}
[23.574196] (vicon_receiver) StdoutLine: {'line': b'-- Installing: /home/ph/treasure/dockerBENCH/helios16p_ws/install/vicon_receiver/include/boost/fusion/support/detail/enabler.hpp\n'}
[23.574935] (vicon_receiver) StdoutLine: {'line': b'-- Installing: /home/ph/treasure/dockerBENCH/helios16p_ws/install/vicon_receiver/include/boost/fusion/support/detail/segmented_fold_until_impl.hpp\n'}
[23.575531] (vicon_receiver) StdoutLine: {'line': b'-- Installing: /home/ph/treasure/dockerBENCH/helios16p_ws/install/vicon_receiver/include/boost/fusion/support/detail/is_mpl_sequence.hpp\n'}
[23.576366] (vicon_receiver) StdoutLine: {'line': b'-- Installing: /home/ph/treasure/dockerBENCH/helios16p_ws/install/vicon_receiver/include/boost/fusion/support/detail/pp_round.hpp\n'}
[23.578385] (vicon_receiver) StdoutLine: {'line': b'-- Installing: /home/ph/treasure/dockerBENCH/helios16p_ws/install/vicon_receiver/include/boost/fusion/support/detail/mpl_iterator_category.hpp\n'}
[23.580617] (vicon_receiver) StdoutLine: {'line': b'-- Installing: /home/ph/treasure/dockerBENCH/helios16p_ws/install/vicon_receiver/include/boost/fusion/support/tag_of_fwd.hpp\n'}
[23.581557] (vicon_receiver) StdoutLine: {'line': b'-- Installing: /home/ph/treasure/dockerBENCH/helios16p_ws/install/vicon_receiver/include/boost/fusion/support/config.hpp\n'}
[23.582733] (vicon_receiver) StdoutLine: {'line': b'-- Installing: /home/ph/treasure/dockerBENCH/helios16p_ws/install/vicon_receiver/include/boost/fusion/support/as_const.hpp\n'}
[23.584020] (vicon_receiver) StdoutLine: {'line': b'-- Installing: /home/ph/treasure/dockerBENCH/helios16p_ws/install/vicon_receiver/include/boost/fusion/support/is_segmented.hpp\n'}
[23.585007] (vicon_receiver) StdoutLine: {'line': b'-- Installing: /home/ph/treasure/dockerBENCH/helios16p_ws/install/vicon_receiver/include/boost/fusion/support/is_sequence.hpp\n'}
[23.586330] (vicon_receiver) StdoutLine: {'line': b'-- Installing: /home/ph/treasure/dockerBENCH/helios16p_ws/install/vicon_receiver/include/boost/fusion/support/is_view.hpp\n'}
[23.587123] (vicon_receiver) StdoutLine: {'line': b'-- Installing: /home/ph/treasure/dockerBENCH/helios16p_ws/install/vicon_receiver/include/boost/fusion/support/sequence_base.hpp\n'}
[23.588519] (vicon_receiver) StdoutLine: {'line': b'-- Installing: /home/ph/treasure/dockerBENCH/helios16p_ws/install/vicon_receiver/include/boost/fusion/support/tag_of.hpp\n'}
[23.590032] (vicon_receiver) StdoutLine: {'line': b'-- Installing: /home/ph/treasure/dockerBENCH/helios16p_ws/install/vicon_receiver/include/boost/fusion/support/category_of.hpp\n'}
[23.591475] (vicon_receiver) StdoutLine: {'line': b'-- Installing: /home/ph/treasure/dockerBENCH/helios16p_ws/install/vicon_receiver/include/boost/fusion/support/is_iterator.hpp\n'}
[23.591944] (vicon_receiver) StdoutLine: {'line': b'-- Installing: /home/ph/treasure/dockerBENCH/helios16p_ws/install/vicon_receiver/include/boost/fusion/support/void.hpp\n'}
[23.593240] (vicon_receiver) StdoutLine: {'line': b'-- Installing: /home/ph/treasure/dockerBENCH/helios16p_ws/install/vicon_receiver/include/boost/type_index\n'}
[23.594840] (vicon_receiver) StdoutLine: {'line': b'-- Installing: /home/ph/treasure/dockerBENCH/helios16p_ws/install/vicon_receiver/include/boost/type_index/detail\n'}
[23.595143] (vicon_receiver) StdoutLine: {'line': b'-- Installing: /home/ph/treasure/dockerBENCH/helios16p_ws/install/vicon_receiver/include/boost/type_index/detail/ctti_register_class.hpp\n'}
[23.595944] (vicon_receiver) StdoutLine: {'line': b'-- Installing: /home/ph/treasure/dockerBENCH/helios16p_ws/install/vicon_receiver/include/boost/type_index/detail/stl_register_class.hpp\n'}
[23.597346] (vicon_receiver) StdoutLine: {'line': b'-- Installing: /home/ph/treasure/dockerBENCH/helios16p_ws/install/vicon_receiver/include/boost/type_index/detail/compile_time_type_info.hpp\n'}
[23.598355] (vicon_receiver) StdoutLine: {'line': b'-- Installing: /home/ph/treasure/dockerBENCH/helios16p_ws/install/vicon_receiver/include/boost/type_index/ctti_type_index.hpp\n'}
[23.599582] (vicon_receiver) StdoutLine: {'line': b'-- Installing: /home/ph/treasure/dockerBENCH/helios16p_ws/install/vicon_receiver/include/boost/type_index/stl_type_index.hpp\n'}
[23.600324] (vicon_receiver) StdoutLine: {'line': b'-- Installing: /home/ph/treasure/dockerBENCH/helios16p_ws/install/vicon_receiver/include/boost/type_index/type_index_facade.hpp\n'}
[23.601120] (vicon_receiver) StdoutLine: {'line': b'-- Installing: /home/ph/treasure/dockerBENCH/helios16p_ws/install/vicon_receiver/include/boost/detail\n'}
[23.601604] (vicon_receiver) StdoutLine: {'line': b'-- Installing: /home/ph/treasure/dockerBENCH/helios16p_ws/install/vicon_receiver/include/boost/detail/utf8_codecvt_facet.ipp\n'}
[23.602851] (vicon_receiver) StdoutLine: {'line': b'-- Installing: /home/ph/treasure/dockerBENCH/helios16p_ws/install/vicon_receiver/include/boost/detail/basic_pointerbuf.hpp\n'}
[23.604000] (vicon_receiver) StdoutLine: {'line': b'-- Installing: /home/ph/treasure/dockerBENCH/helios16p_ws/install/vicon_receiver/include/boost/detail/scoped_enum_emulation.hpp\n'}
[23.604985] (vicon_receiver) StdoutLine: {'line': b'-- Installing: /home/ph/treasure/dockerBENCH/helios16p_ws/install/vicon_receiver/include/boost/detail/select_type.hpp\n'}
[23.606419] (vicon_receiver) StdoutLine: {'line': b'-- Installing: /home/ph/treasure/dockerBENCH/helios16p_ws/install/vicon_receiver/include/boost/detail/container_fwd.hpp\n'}
[23.606772] (-) TimerEvent: {}
[23.607716] (vicon_receiver) StdoutLine: {'line': b'-- Installing: /home/ph/treasure/dockerBENCH/helios16p_ws/install/vicon_receiver/include/boost/detail/indirect_traits.hpp\n'}
[23.608794] (vicon_receiver) StdoutLine: {'line': b'-- Installing: /home/ph/treasure/dockerBENCH/helios16p_ws/install/vicon_receiver/include/boost/detail/call_traits.hpp\n'}
[23.610040] (vicon_receiver) StdoutLine: {'line': b'-- Installing: /home/ph/treasure/dockerBENCH/helios16p_ws/install/vicon_receiver/include/boost/detail/atomic_count.hpp\n'}
[23.612340] (vicon_receiver) StdoutLine: {'line': b'-- Installing: /home/ph/treasure/dockerBENCH/helios16p_ws/install/vicon_receiver/include/boost/detail/interlocked.hpp\n'}
[23.613200] (vicon_receiver) StdoutLine: {'line': b'-- Installing: /home/ph/treasure/dockerBENCH/helios16p_ws/install/vicon_receiver/include/boost/detail/lcast_precision.hpp\n'}
[23.613814] (vicon_receiver) StdoutLine: {'line': b'-- Installing: /home/ph/treasure/dockerBENCH/helios16p_ws/install/vicon_receiver/include/boost/detail/reference_content.hpp\n'}
[23.615220] (vicon_receiver) StdoutLine: {'line': b'-- Installing: /home/ph/treasure/dockerBENCH/helios16p_ws/install/vicon_receiver/include/boost/detail/fenv.hpp\n'}
[23.616388] (vicon_receiver) StdoutLine: {'line': b'-- Installing: /home/ph/treasure/dockerBENCH/helios16p_ws/install/vicon_receiver/include/boost/detail/no_exceptions_support.hpp\n'}
[23.617436] (vicon_receiver) StdoutLine: {'line': b'-- Installing: /home/ph/treasure/dockerBENCH/helios16p_ws/install/vicon_receiver/include/boost/detail/utf8_codecvt_facet.hpp\n'}
[23.618686] (vicon_receiver) StdoutLine: {'line': b'-- Installing: /home/ph/treasure/dockerBENCH/helios16p_ws/install/vicon_receiver/include/boost/detail/workaround.hpp\n'}
[23.619727] (vicon_receiver) StdoutLine: {'line': b'-- Installing: /home/ph/treasure/dockerBENCH/helios16p_ws/install/vicon_receiver/include/boost/detail/bitmask.hpp\n'}
[23.620863] (vicon_receiver) StdoutLine: {'line': b'-- Installing: /home/ph/treasure/dockerBENCH/helios16p_ws/install/vicon_receiver/include/boost/get_pointer.hpp\n'}
[23.621900] (vicon_receiver) StdoutLine: {'line': b'-- Installing: /home/ph/treasure/dockerBENCH/helios16p_ws/install/vicon_receiver/include/boost/typeof\n'}
[23.622427] (vicon_receiver) StdoutLine: {'line': b'-- Installing: /home/ph/treasure/dockerBENCH/helios16p_ws/install/vicon_receiver/include/boost/typeof/native.hpp\n'}
[23.623569] (vicon_receiver) StdoutLine: {'line': b'-- Installing: /home/ph/treasure/dockerBENCH/helios16p_ws/install/vicon_receiver/include/boost/typeof/register_fundamental.hpp\n'}
[23.624503] (vicon_receiver) StdoutLine: {'line': b'-- Installing: /home/ph/treasure/dockerBENCH/helios16p_ws/install/vicon_receiver/include/boost/typeof/constant.hpp\n'}
[23.625680] (vicon_receiver) StdoutLine: {'line': b'-- Installing: /home/ph/treasure/dockerBENCH/helios16p_ws/install/vicon_receiver/include/boost/typeof/encode_decode.hpp\n'}
[23.628703] (vicon_receiver) StdoutLine: {'line': b'-- Installing: /home/ph/treasure/dockerBENCH/helios16p_ws/install/vicon_receiver/include/boost/typeof/template_template_param.hpp\n'}
[23.629014] (vicon_receiver) StdoutLine: {'line': b'-- Installing: /home/ph/treasure/dockerBENCH/helios16p_ws/install/vicon_receiver/include/boost/typeof/register_functions.hpp\n'}
[23.631100] (vicon_receiver) StdoutLine: {'line': b'-- Installing: /home/ph/treasure/dockerBENCH/helios16p_ws/install/vicon_receiver/include/boost/typeof/integral_template_param.hpp\n'}
[23.632368] (vicon_receiver) StdoutLine: {'line': b'-- Installing: /home/ph/treasure/dockerBENCH/helios16p_ws/install/vicon_receiver/include/boost/typeof/decltype.hpp\n'}
[23.633529] (vicon_receiver) StdoutLine: {'line': b'-- Installing: /home/ph/treasure/dockerBENCH/helios16p_ws/install/vicon_receiver/include/boost/typeof/register_functions_iterate.hpp\n'}
[23.634675] (vicon_receiver) StdoutLine: {'line': b'-- Installing: /home/ph/treasure/dockerBENCH/helios16p_ws/install/vicon_receiver/include/boost/typeof/vector200.hpp\n'}
[23.656165] (vicon_receiver) StdoutLine: {'line': b'-- Installing: /home/ph/treasure/dockerBENCH/helios16p_ws/install/vicon_receiver/include/boost/typeof/vector.hpp\n'}
[23.657466] (vicon_receiver) StdoutLine: {'line': b'-- Installing: /home/ph/treasure/dockerBENCH/helios16p_ws/install/vicon_receiver/include/boost/typeof/modifiers.hpp\n'}
[23.658434] (vicon_receiver) StdoutLine: {'line': b'-- Installing: /home/ph/treasure/dockerBENCH/helios16p_ws/install/vicon_receiver/include/boost/typeof/template_encoding.hpp\n'}
[23.659772] (vicon_receiver) StdoutLine: {'line': b'-- Installing: /home/ph/treasure/dockerBENCH/helios16p_ws/install/vicon_receiver/include/boost/typeof/pointers_data_members.hpp\n'}
[23.660817] (vicon_receiver) StdoutLine: {'line': b'-- Installing: /home/ph/treasure/dockerBENCH/helios16p_ws/install/vicon_receiver/include/boost/typeof/register_mem_functions.hpp\n'}
[23.663873] (vicon_receiver) StdoutLine: {'line': b'-- Installing: /home/ph/treasure/dockerBENCH/helios16p_ws/install/vicon_receiver/include/boost/typeof/message.hpp\n'}
[23.664336] (vicon_receiver) StdoutLine: {'line': b'-- Installing: /home/ph/treasure/dockerBENCH/helios16p_ws/install/vicon_receiver/include/boost/typeof/msvc\n'}
[23.664734] (vicon_receiver) StdoutLine: {'line': b'-- Installing: /home/ph/treasure/dockerBENCH/helios16p_ws/install/vicon_receiver/include/boost/typeof/msvc/typeof_impl.hpp\n'}
[23.666960] (vicon_receiver) StdoutLine: {'line': b'-- Installing: /home/ph/treasure/dockerBENCH/helios16p_ws/install/vicon_receiver/include/boost/typeof/unsupported.hpp\n'}
[23.668373] (vicon_receiver) StdoutLine: {'line': b'-- Installing: /home/ph/treasure/dockerBENCH/helios16p_ws/install/vicon_receiver/include/boost/typeof/dmc\n'}
[23.669354] (vicon_receiver) StdoutLine: {'line': b'-- Installing: /home/ph/treasure/dockerBENCH/helios16p_ws/install/vicon_receiver/include/boost/typeof/dmc/typeof_impl.hpp\n'}
[23.670566] (vicon_receiver) StdoutLine: {'line': b'-- Installing: /home/ph/treasure/dockerBENCH/helios16p_ws/install/vicon_receiver/include/boost/typeof/vector100.hpp\n'}
[23.676175] (vicon_receiver) StdoutLine: {'line': b'-- Installing: /home/ph/treasure/dockerBENCH/helios16p_ws/install/vicon_receiver/include/boost/typeof/type_encoding.hpp\n'}
[23.677722] (vicon_receiver) StdoutLine: {'line': b'-- Installing: /home/ph/treasure/dockerBENCH/helios16p_ws/install/vicon_receiver/include/boost/typeof/typeof.hpp\n'}
[23.678692] (vicon_receiver) StdoutLine: {'line': b'-- Installing: /home/ph/treasure/dockerBENCH/helios16p_ws/install/vicon_receiver/include/boost/typeof/type_template_param.hpp\n'}
[23.679943] (vicon_receiver) StdoutLine: {'line': b'-- Installing: /home/ph/treasure/dockerBENCH/helios16p_ws/install/vicon_receiver/include/boost/typeof/typeof_impl.hpp\n'}
[23.681167] (vicon_receiver) StdoutLine: {'line': b'-- Installing: /home/ph/treasure/dockerBENCH/helios16p_ws/install/vicon_receiver/include/boost/typeof/int_encoding.hpp\n'}
[23.682272] (vicon_receiver) StdoutLine: {'line': b'-- Installing: /home/ph/treasure/dockerBENCH/helios16p_ws/install/vicon_receiver/include/boost/typeof/encode_decode_params.hpp\n'}
[23.683403] (vicon_receiver) StdoutLine: {'line': b'-- Installing: /home/ph/treasure/dockerBENCH/helios16p_ws/install/vicon_receiver/include/boost/typeof/vector50.hpp\n'}
[23.686581] (vicon_receiver) StdoutLine: {'line': b'-- Installing: /home/ph/treasure/dockerBENCH/helios16p_ws/install/vicon_receiver/include/boost/typeof/vector150.hpp\n'}
[23.699117] (vicon_receiver) StdoutLine: {'line': b'-- Installing: /home/ph/treasure/dockerBENCH/helios16p_ws/install/vicon_receiver/include/boost/is_placeholder.hpp\n'}
[23.700000] (vicon_receiver) StdoutLine: {'line': b'-- Installing: /home/ph/treasure/dockerBENCH/helios16p_ws/install/vicon_receiver/include/boost/chrono.hpp\n'}
[23.701081] (vicon_receiver) StdoutLine: {'line': b'-- Installing: /home/ph/treasure/dockerBENCH/helios16p_ws/install/vicon_receiver/include/boost/cregex.hpp\n'}
[23.702303] (vicon_receiver) StdoutLine: {'line': b'-- Installing: /home/ph/treasure/dockerBENCH/helios16p_ws/install/vicon_receiver/include/boost/utility\n'}
[23.702842] (vicon_receiver) StdoutLine: {'line': b'-- Installing: /home/ph/treasure/dockerBENCH/helios16p_ws/install/vicon_receiver/include/boost/utility/swap.hpp\n'}
[23.704006] (vicon_receiver) StdoutLine: {'line': b'-- Installing: /home/ph/treasure/dockerBENCH/helios16p_ws/install/vicon_receiver/include/boost/utility/detail\n'}
[23.704584] (vicon_receiver) StdoutLine: {'line': b'-- Installing: /home/ph/treasure/dockerBENCH/helios16p_ws/install/vicon_receiver/include/boost/utility/detail/result_of_iterate.hpp\n'}
[23.705854] (vicon_receiver) StdoutLine: {'line': b'-- Installing: /home/ph/treasure/dockerBENCH/helios16p_ws/install/vicon_receiver/include/boost/utility/identity_type.hpp\n'}
[23.706909] (-) TimerEvent: {}
[23.707594] (vicon_receiver) StdoutLine: {'line': b'-- Installing: /home/ph/treasure/dockerBENCH/helios16p_ws/install/vicon_receiver/include/boost/utility/compare_pointees.hpp\n'}
[23.708027] (vicon_receiver) StdoutLine: {'line': b'-- Installing: /home/ph/treasure/dockerBENCH/helios16p_ws/install/vicon_receiver/include/boost/utility/addressof.hpp\n'}
[23.708916] (vicon_receiver) StdoutLine: {'line': b'-- Installing: /home/ph/treasure/dockerBENCH/helios16p_ws/install/vicon_receiver/include/boost/utility/declval.hpp\n'}
[23.710108] (vicon_receiver) StdoutLine: {'line': b'-- Installing: /home/ph/treasure/dockerBENCH/helios16p_ws/install/vicon_receiver/include/boost/utility/base_from_member.hpp\n'}
[23.711369] (vicon_receiver) StdoutLine: {'line': b'-- Installing: /home/ph/treasure/dockerBENCH/helios16p_ws/install/vicon_receiver/include/boost/utility/enable_if.hpp\n'}
[23.712524] (vicon_receiver) StdoutLine: {'line': b'-- Installing: /home/ph/treasure/dockerBENCH/helios16p_ws/install/vicon_receiver/include/boost/utility/binary.hpp\n'}
[23.714715] (vicon_receiver) StdoutLine: {'line': b'-- Installing: /home/ph/treasure/dockerBENCH/helios16p_ws/install/vicon_receiver/include/boost/utility/result_of.hpp\n'}
[23.715725] (vicon_receiver) StdoutLine: {'line': b'-- Installing: /home/ph/treasure/dockerBENCH/helios16p_ws/install/vicon_receiver/include/boost/lexical_cast\n'}
[23.716238] (vicon_receiver) StdoutLine: {'line': b'-- Installing: /home/ph/treasure/dockerBENCH/helios16p_ws/install/vicon_receiver/include/boost/lexical_cast/bad_lexical_cast.hpp\n'}
[23.718582] (vicon_receiver) StdoutLine: {'line': b'-- Installing: /home/ph/treasure/dockerBENCH/helios16p_ws/install/vicon_receiver/include/boost/lexical_cast/detail\n'}
[23.718885] (vicon_receiver) StdoutLine: {'line': b'-- Installing: /home/ph/treasure/dockerBENCH/helios16p_ws/install/vicon_receiver/include/boost/lexical_cast/detail/inf_nan.hpp\n'}
[23.719131] (vicon_receiver) StdoutLine: {'line': b'-- Installing: /home/ph/treasure/dockerBENCH/helios16p_ws/install/vicon_receiver/include/boost/lexical_cast/detail/converter_lexical_streams.hpp\n'}
[23.720759] (vicon_receiver) StdoutLine: {'line': b'-- Installing: /home/ph/treasure/dockerBENCH/helios16p_ws/install/vicon_receiver/include/boost/lexical_cast/detail/is_character.hpp\n'}
[23.721760] (vicon_receiver) StdoutLine: {'line': b'-- Installing: /home/ph/treasure/dockerBENCH/helios16p_ws/install/vicon_receiver/include/boost/lexical_cast/detail/lcast_char_constants.hpp\n'}
[23.722807] (vicon_receiver) StdoutLine: {'line': b'-- Installing: /home/ph/treasure/dockerBENCH/helios16p_ws/install/vicon_receiver/include/boost/lexical_cast/detail/lcast_unsigned_converters.hpp\n'}
[23.723809] (vicon_receiver) StdoutLine: {'line': b'-- Installing: /home/ph/treasure/dockerBENCH/helios16p_ws/install/vicon_receiver/include/boost/lexical_cast/detail/converter_numeric.hpp\n'}
[23.724864] (vicon_receiver) StdoutLine: {'line': b'-- Installing: /home/ph/treasure/dockerBENCH/helios16p_ws/install/vicon_receiver/include/boost/lexical_cast/detail/converter_lexical.hpp\n'}
[23.726243] (vicon_receiver) StdoutLine: {'line': b'-- Installing: /home/ph/treasure/dockerBENCH/helios16p_ws/install/vicon_receiver/include/boost/lexical_cast/detail/widest_char.hpp\n'}
[23.727577] (vicon_receiver) StdoutLine: {'line': b'-- Installing: /home/ph/treasure/dockerBENCH/helios16p_ws/install/vicon_receiver/include/boost/lexical_cast/try_lexical_convert.hpp\n'}
[23.728929] (vicon_receiver) StdoutLine: {'line': b'-- Installing: /home/ph/treasure/dockerBENCH/helios16p_ws/install/vicon_receiver/include/boost/ratio\n'}
[23.729367] (vicon_receiver) StdoutLine: {'line': b'-- Installing: /home/ph/treasure/dockerBENCH/helios16p_ws/install/vicon_receiver/include/boost/ratio/ratio.hpp\n'}
[23.730468] (vicon_receiver) StdoutLine: {'line': b'-- Installing: /home/ph/treasure/dockerBENCH/helios16p_ws/install/vicon_receiver/include/boost/ratio/detail\n'}
[23.730872] (vicon_receiver) StdoutLine: {'line': b'-- Installing: /home/ph/treasure/dockerBENCH/helios16p_ws/install/vicon_receiver/include/boost/ratio/detail/overflow_helpers.hpp\n'}
[23.732077] (vicon_receiver) StdoutLine: {'line': b'-- Installing: /home/ph/treasure/dockerBENCH/helios16p_ws/install/vicon_receiver/include/boost/ratio/detail/mpl\n'}
[23.732513] (vicon_receiver) StdoutLine: {'line': b'-- Installing: /home/ph/treasure/dockerBENCH/helios16p_ws/install/vicon_receiver/include/boost/ratio/detail/mpl/abs.hpp\n'}
[23.733552] (vicon_receiver) StdoutLine: {'line': b'-- Installing: /home/ph/treasure/dockerBENCH/helios16p_ws/install/vicon_receiver/include/boost/ratio/detail/mpl/gcd.hpp\n'}
[23.734553] (vicon_receiver) StdoutLine: {'line': b'-- Installing: /home/ph/treasure/dockerBENCH/helios16p_ws/install/vicon_receiver/include/boost/ratio/detail/mpl/sign.hpp\n'}
[23.735585] (vicon_receiver) StdoutLine: {'line': b'-- Installing: /home/ph/treasure/dockerBENCH/helios16p_ws/install/vicon_receiver/include/boost/ratio/detail/mpl/lcm.hpp\n'}
[23.736571] (vicon_receiver) StdoutLine: {'line': b'-- Installing: /home/ph/treasure/dockerBENCH/helios16p_ws/install/vicon_receiver/include/boost/ratio/detail/ratio_io.hpp\n'}
[23.738114] (vicon_receiver) StdoutLine: {'line': b'-- Installing: /home/ph/treasure/dockerBENCH/helios16p_ws/install/vicon_receiver/include/boost/ratio/config.hpp\n'}
[23.739079] (vicon_receiver) StdoutLine: {'line': b'-- Installing: /home/ph/treasure/dockerBENCH/helios16p_ws/install/vicon_receiver/include/boost/ratio/mpl\n'}
[23.739685] (vicon_receiver) StdoutLine: {'line': b'-- Installing: /home/ph/treasure/dockerBENCH/helios16p_ws/install/vicon_receiver/include/boost/ratio/mpl/rational_c_tag.hpp\n'}
[23.740630] (vicon_receiver) StdoutLine: {'line': b'-- Installing: /home/ph/treasure/dockerBENCH/helios16p_ws/install/vicon_receiver/include/boost/ratio/ratio_io.hpp\n'}
[23.742420] (vicon_receiver) StdoutLine: {'line': b'-- Installing: /home/ph/treasure/dockerBENCH/helios16p_ws/install/vicon_receiver/include/boost/ratio/ratio_fwd.hpp\n'}
[23.743586] (vicon_receiver) StdoutLine: {'line': b'-- Installing: /home/ph/treasure/dockerBENCH/helios16p_ws/install/vicon_receiver/include/boost/core\n'}
[23.743961] (vicon_receiver) StdoutLine: {'line': b'-- Installing: /home/ph/treasure/dockerBENCH/helios16p_ws/install/vicon_receiver/include/boost/core/noinit_adaptor.hpp\n'}
[23.745070] (vicon_receiver) StdoutLine: {'line': b'-- Installing: /home/ph/treasure/dockerBENCH/helios16p_ws/install/vicon_receiver/include/boost/core/ref.hpp\n'}
[23.746342] (vicon_receiver) StdoutLine: {'line': b'-- Installing: /home/ph/treasure/dockerBENCH/helios16p_ws/install/vicon_receiver/include/boost/core/demangle.hpp\n'}
[23.746956] (vicon_receiver) StdoutLine: {'line': b'-- Installing: /home/ph/treasure/dockerBENCH/helios16p_ws/install/vicon_receiver/include/boost/core/swap.hpp\n'}
[23.748132] (vicon_receiver) StdoutLine: {'line': b'-- Installing: /home/ph/treasure/dockerBENCH/helios16p_ws/install/vicon_receiver/include/boost/core/allocator_access.hpp\n'}
[23.749389] (vicon_receiver) StdoutLine: {'line': b'-- Installing: /home/ph/treasure/dockerBENCH/helios16p_ws/install/vicon_receiver/include/boost/core/noncopyable.hpp\n'}
[23.750518] (vicon_receiver) StdoutLine: {'line': b'-- Installing: /home/ph/treasure/dockerBENCH/helios16p_ws/install/vicon_receiver/include/boost/core/typeinfo.hpp\n'}
[23.751710] (vicon_receiver) StdoutLine: {'line': b'-- Installing: /home/ph/treasure/dockerBENCH/helios16p_ws/install/vicon_receiver/include/boost/core/ignore_unused.hpp\n'}
[23.752737] (vicon_receiver) StdoutLine: {'line': b'-- Installing: /home/ph/treasure/dockerBENCH/helios16p_ws/install/vicon_receiver/include/boost/core/addressof.hpp\n'}
[23.753632] (vicon_receiver) StdoutLine: {'line': b'-- Installing: /home/ph/treasure/dockerBENCH/helios16p_ws/install/vicon_receiver/include/boost/core/explicit_operator_bool.hpp\n'}
[23.754136] (vicon_receiver) StdoutLine: {'line': b'-- Installing: /home/ph/treasure/dockerBENCH/helios16p_ws/install/vicon_receiver/include/boost/core/default_allocator.hpp\n'}
[23.755079] (vicon_receiver) StdoutLine: {'line': b'-- Installing: /home/ph/treasure/dockerBENCH/helios16p_ws/install/vicon_receiver/include/boost/core/scoped_enum.hpp\n'}
[23.756079] (vicon_receiver) StdoutLine: {'line': b'-- Installing: /home/ph/treasure/dockerBENCH/helios16p_ws/install/vicon_receiver/include/boost/core/no_exceptions_support.hpp\n'}
[23.756980] (vicon_receiver) StdoutLine: {'line': b'-- Installing: /home/ph/treasure/dockerBENCH/helios16p_ws/install/vicon_receiver/include/boost/core/enable_if.hpp\n'}
[23.757918] (vicon_receiver) StdoutLine: {'line': b'-- Installing: /home/ph/treasure/dockerBENCH/helios16p_ws/install/vicon_receiver/include/boost/core/is_same.hpp\n'}
[23.758843] (vicon_receiver) StdoutLine: {'line': b'-- Installing: /home/ph/treasure/dockerBENCH/helios16p_ws/install/vicon_receiver/include/boost/core/checked_delete.hpp\n'}
[23.759770] (vicon_receiver) StdoutLine: {'line': b'-- Installing: /home/ph/treasure/dockerBENCH/helios16p_ws/install/vicon_receiver/include/boost/core/use_default.hpp\n'}
[23.760759] (vicon_receiver) StdoutLine: {'line': b'-- Installing: /home/ph/treasure/dockerBENCH/helios16p_ws/install/vicon_receiver/include/boost/core/first_scalar.hpp\n'}
[23.761706] (vicon_receiver) StdoutLine: {'line': b'-- Installing: /home/ph/treasure/dockerBENCH/helios16p_ws/install/vicon_receiver/include/boost/core/pointer_traits.hpp\n'}
[23.762745] (vicon_receiver) StdoutLine: {'line': b'-- Installing: /home/ph/treasure/dockerBENCH/helios16p_ws/install/vicon_receiver/include/boost/core/alloc_construct.hpp\n'}
[23.763682] (vicon_receiver) StdoutLine: {'line': b'-- Installing: /home/ph/treasure/dockerBENCH/helios16p_ws/install/vicon_receiver/include/boost/chrono\n'}
[23.764031] (vicon_receiver) StdoutLine: {'line': b'-- Installing: /home/ph/treasure/dockerBENCH/helios16p_ws/install/vicon_receiver/include/boost/chrono/io_v1\n'}
[23.764228] (vicon_receiver) StdoutLine: {'line': b'-- Installing: /home/ph/treasure/dockerBENCH/helios16p_ws/install/vicon_receiver/include/boost/chrono/io_v1/chrono_io.hpp\n'}
[23.765634] (vicon_receiver) StdoutLine: {'line': b'-- Installing: /home/ph/treasure/dockerBENCH/helios16p_ws/install/vicon_receiver/include/boost/chrono/process_cpu_clocks.hpp\n'}
[23.766436] (vicon_receiver) StdoutLine: {'line': b'-- Installing: /home/ph/treasure/dockerBENCH/helios16p_ws/install/vicon_receiver/include/boost/chrono/detail\n'}
[23.766775] (vicon_receiver) StdoutLine: {'line': b'-- Installing: /home/ph/treasure/dockerBENCH/helios16p_ws/install/vicon_receiver/include/boost/chrono/detail/system.hpp\n'}
[23.767653] (vicon_receiver) StdoutLine: {'line': b'-- Installing: /home/ph/treasure/dockerBENCH/helios16p_ws/install/vicon_receiver/include/boost/chrono/detail/no_warning\n'}
[23.768041] (vicon_receiver) StdoutLine: {'line': b'-- Installing: /home/ph/treasure/dockerBENCH/helios16p_ws/install/vicon_receiver/include/boost/chrono/detail/no_warning/signed_unsigned_cmp.hpp\n'}
[23.769033] (vicon_receiver) StdoutLine: {'line': b'-- Installing: /home/ph/treasure/dockerBENCH/helios16p_ws/install/vicon_receiver/include/boost/chrono/detail/inlined\n'}
[23.769439] (vicon_receiver) StdoutLine: {'line': b'-- Installing: /home/ph/treasure/dockerBENCH/helios16p_ws/install/vicon_receiver/include/boost/chrono/detail/inlined/process_cpu_clocks.hpp\n'}
[23.770269] (vicon_receiver) StdoutLine: {'line': b'-- Installing: /home/ph/treasure/dockerBENCH/helios16p_ws/install/vicon_receiver/include/boost/chrono/detail/inlined/chrono.hpp\n'}
[23.771050] (vicon_receiver) StdoutLine: {'line': b'-- Installing: /home/ph/treasure/dockerBENCH/helios16p_ws/install/vicon_receiver/include/boost/chrono/detail/inlined/posix\n'}
[23.771476] (vicon_receiver) StdoutLine: {'line': b'-- Installing: /home/ph/treasure/dockerBENCH/helios16p_ws/install/vicon_receiver/include/boost/chrono/detail/inlined/posix/process_cpu_clocks.hpp\n'}
[23.772472] (vicon_receiver) StdoutLine: {'line': b'-- Installing: /home/ph/treasure/dockerBENCH/helios16p_ws/install/vicon_receiver/include/boost/chrono/detail/inlined/posix/chrono.hpp\n'}
[23.773251] (vicon_receiver) StdoutLine: {'line': b'-- Installing: /home/ph/treasure/dockerBENCH/helios16p_ws/install/vicon_receiver/include/boost/chrono/detail/inlined/posix/thread_clock.hpp\n'}
[23.774079] (vicon_receiver) StdoutLine: {'line': b'-- Installing: /home/ph/treasure/dockerBENCH/helios16p_ws/install/vicon_receiver/include/boost/chrono/detail/inlined/win\n'}
[23.774481] (vicon_receiver) StdoutLine: {'line': b'-- Installing: /home/ph/treasure/dockerBENCH/helios16p_ws/install/vicon_receiver/include/boost/chrono/detail/inlined/win/process_cpu_clocks.hpp\n'}
[23.775486] (vicon_receiver) StdoutLine: {'line': b'-- Installing: /home/ph/treasure/dockerBENCH/helios16p_ws/install/vicon_receiver/include/boost/chrono/detail/inlined/win/chrono.hpp\n'}
[23.776517] (vicon_receiver) StdoutLine: {'line': b'-- Installing: /home/ph/treasure/dockerBENCH/helios16p_ws/install/vicon_receiver/include/boost/chrono/detail/inlined/win/thread_clock.hpp\n'}
[23.777352] (vicon_receiver) StdoutLine: {'line': b'-- Installing: /home/ph/treasure/dockerBENCH/helios16p_ws/install/vicon_receiver/include/boost/chrono/detail/inlined/thread_clock.hpp\n'}
[23.778155] (vicon_receiver) StdoutLine: {'line': b'-- Installing: /home/ph/treasure/dockerBENCH/helios16p_ws/install/vicon_receiver/include/boost/chrono/detail/inlined/mac\n'}
[23.778585] (vicon_receiver) StdoutLine: {'line': b'-- Installing: /home/ph/treasure/dockerBENCH/helios16p_ws/install/vicon_receiver/include/boost/chrono/detail/inlined/mac/process_cpu_clocks.hpp\n'}
[23.779570] (vicon_receiver) StdoutLine: {'line': b'-- Installing: /home/ph/treasure/dockerBENCH/helios16p_ws/install/vicon_receiver/include/boost/chrono/detail/inlined/mac/chrono.hpp\n'}
[23.780434] (vicon_receiver) StdoutLine: {'line': b'-- Installing: /home/ph/treasure/dockerBENCH/helios16p_ws/install/vicon_receiver/include/boost/chrono/detail/inlined/mac/thread_clock.hpp\n'}
[23.781261] (vicon_receiver) StdoutLine: {'line': b'-- Installing: /home/ph/treasure/dockerBENCH/helios16p_ws/install/vicon_receiver/include/boost/chrono/detail/is_evenly_divisible_by.hpp\n'}
[23.782107] (vicon_receiver) StdoutLine: {'line': b'-- Installing: /home/ph/treasure/dockerBENCH/helios16p_ws/install/vicon_receiver/include/boost/chrono/detail/static_assert.hpp\n'}
[23.782952] (vicon_receiver) StdoutLine: {'line': b'-- Installing: /home/ph/treasure/dockerBENCH/helios16p_ws/install/vicon_receiver/include/boost/chrono/detail/scan_keyword.hpp\n'}
[23.783811] (vicon_receiver) StdoutLine: {'line': b'-- Installing: /home/ph/treasure/dockerBENCH/helios16p_ws/install/vicon_receiver/include/boost/chrono/chrono.hpp\n'}
[23.784604] (vicon_receiver) StdoutLine: {'line': b'-- Installing: /home/ph/treasure/dockerBENCH/helios16p_ws/install/vicon_receiver/include/boost/chrono/floor.hpp\n'}
[23.785377] (vicon_receiver) StdoutLine: {'line': b'-- Installing: /home/ph/treasure/dockerBENCH/helios16p_ws/install/vicon_receiver/include/boost/chrono/duration.hpp\n'}
[23.786727] (vicon_receiver) StdoutLine: {'line': b'-- Installing: /home/ph/treasure/dockerBENCH/helios16p_ws/install/vicon_receiver/include/boost/chrono/config.hpp\n'}
[23.787576] (vicon_receiver) StdoutLine: {'line': b'-- Installing: /home/ph/treasure/dockerBENCH/helios16p_ws/install/vicon_receiver/include/boost/chrono/system_clocks.hpp\n'}
[23.788578] (vicon_receiver) StdoutLine: {'line': b'-- Installing: /home/ph/treasure/dockerBENCH/helios16p_ws/install/vicon_receiver/include/boost/chrono/time_point.hpp\n'}
[23.789687] (vicon_receiver) StdoutLine: {'line': b'-- Installing: /home/ph/treasure/dockerBENCH/helios16p_ws/install/vicon_receiver/include/boost/chrono/thread_clock.hpp\n'}
[23.790509] (vicon_receiver) StdoutLine: {'line': b'-- Installing: /home/ph/treasure/dockerBENCH/helios16p_ws/install/vicon_receiver/include/boost/chrono/io\n'}
[23.790871] (vicon_receiver) StdoutLine: {'line': b'-- Installing: /home/ph/treasure/dockerBENCH/helios16p_ws/install/vicon_receiver/include/boost/chrono/io/duration_io.hpp\n'}
[23.791801] (vicon_receiver) StdoutLine: {'line': b'-- Installing: /home/ph/treasure/dockerBENCH/helios16p_ws/install/vicon_receiver/include/boost/chrono/io/timezone.hpp\n'}
[23.792623] (vicon_receiver) StdoutLine: {'line': b'-- Installing: /home/ph/treasure/dockerBENCH/helios16p_ws/install/vicon_receiver/include/boost/chrono/io/utility\n'}
[23.792983] (vicon_receiver) StdoutLine: {'line': b'-- Installing: /home/ph/treasure/dockerBENCH/helios16p_ws/install/vicon_receiver/include/boost/chrono/io/utility/manip_base.hpp\n'}
[23.793976] (vicon_receiver) StdoutLine: {'line': b'-- Installing: /home/ph/treasure/dockerBENCH/helios16p_ws/install/vicon_receiver/include/boost/chrono/io/utility/ios_base_state_ptr.hpp\n'}
[23.794986] (vicon_receiver) StdoutLine: {'line': b'-- Installing: /home/ph/treasure/dockerBENCH/helios16p_ws/install/vicon_receiver/include/boost/chrono/io/utility/to_string.hpp\n'}
[23.795824] (vicon_receiver) StdoutLine: {'line': b'-- Installing: /home/ph/treasure/dockerBENCH/helios16p_ws/install/vicon_receiver/include/boost/chrono/io/time_point_units.hpp\n'}
[23.796752] (vicon_receiver) StdoutLine: {'line': b'-- Installing: /home/ph/treasure/dockerBENCH/helios16p_ws/install/vicon_receiver/include/boost/chrono/io/duration_style.hpp\n'}
[23.797558] (vicon_receiver) StdoutLine: {'line': b'-- Installing: /home/ph/treasure/dockerBENCH/helios16p_ws/install/vicon_receiver/include/boost/chrono/io/duration_put.hpp\n'}
[23.798501] (vicon_receiver) StdoutLine: {'line': b'-- Installing: /home/ph/treasure/dockerBENCH/helios16p_ws/install/vicon_receiver/include/boost/chrono/io/duration_units.hpp\n'}
[23.800320] (vicon_receiver) StdoutLine: {'line': b'-- Installing: /home/ph/treasure/dockerBENCH/helios16p_ws/install/vicon_receiver/include/boost/chrono/io/time_point_put.hpp\n'}
[23.801539] (vicon_receiver) StdoutLine: {'line': b'-- Installing: /home/ph/treasure/dockerBENCH/helios16p_ws/install/vicon_receiver/include/boost/chrono/io/duration_get.hpp\n'}
[23.802833] (vicon_receiver) StdoutLine: {'line': b'-- Installing: /home/ph/treasure/dockerBENCH/helios16p_ws/install/vicon_receiver/include/boost/chrono/io/time_point_get.hpp\n'}
[23.803807] (vicon_receiver) StdoutLine: {'line': b'-- Installing: /home/ph/treasure/dockerBENCH/helios16p_ws/install/vicon_receiver/include/boost/chrono/io/ios_base_state.hpp\n'}
[23.804797] (vicon_receiver) StdoutLine: {'line': b'-- Installing: /home/ph/treasure/dockerBENCH/helios16p_ws/install/vicon_receiver/include/boost/chrono/io/time_point_io.hpp\n'}
[23.806449] (vicon_receiver) StdoutLine: {'line': b'-- Installing: /home/ph/treasure/dockerBENCH/helios16p_ws/install/vicon_receiver/include/boost/chrono/round.hpp\n'}
[23.806994] (-) TimerEvent: {}
[23.807395] (vicon_receiver) StdoutLine: {'line': b'-- Installing: /home/ph/treasure/dockerBENCH/helios16p_ws/install/vicon_receiver/include/boost/chrono/clock_string.hpp\n'}
[23.808170] (vicon_receiver) StdoutLine: {'line': b'-- Installing: /home/ph/treasure/dockerBENCH/helios16p_ws/install/vicon_receiver/include/boost/chrono/chrono_io.hpp\n'}
[23.808966] (vicon_receiver) StdoutLine: {'line': b'-- Installing: /home/ph/treasure/dockerBENCH/helios16p_ws/install/vicon_receiver/include/boost/chrono/include.hpp\n'}
[23.809784] (vicon_receiver) StdoutLine: {'line': b'-- Installing: /home/ph/treasure/dockerBENCH/helios16p_ws/install/vicon_receiver/include/boost/chrono/ceil.hpp\n'}
[23.810327] (vicon_receiver) StdoutLine: {'line': b'-- Installing: /home/ph/treasure/dockerBENCH/helios16p_ws/install/vicon_receiver/include/boost/align\n'}
[23.810776] (vicon_receiver) StdoutLine: {'line': b'-- Installing: /home/ph/treasure/dockerBENCH/helios16p_ws/install/vicon_receiver/include/boost/align/detail\n'}
[23.811194] (vicon_receiver) StdoutLine: {'line': b'-- Installing: /home/ph/treasure/dockerBENCH/helios16p_ws/install/vicon_receiver/include/boost/align/detail/aligned_alloc_android.hpp\n'}
[23.812009] (vicon_receiver) StdoutLine: {'line': b'-- Installing: /home/ph/treasure/dockerBENCH/helios16p_ws/install/vicon_receiver/include/boost/align/detail/alignment_of_codegear.hpp\n'}
[23.812956] (vicon_receiver) StdoutLine: {'line': b'-- Installing: /home/ph/treasure/dockerBENCH/helios16p_ws/install/vicon_receiver/include/boost/align/detail/align.hpp\n'}
[23.813919] (vicon_receiver) StdoutLine: {'line': b'-- Installing: /home/ph/treasure/dockerBENCH/helios16p_ws/install/vicon_receiver/include/boost/align/detail/aligned_alloc_posix.hpp\n'}
[23.814769] (vicon_receiver) StdoutLine: {'line': b'-- Installing: /home/ph/treasure/dockerBENCH/helios16p_ws/install/vicon_receiver/include/boost/align/detail/align_cxx11.hpp\n'}
[23.815581] (vicon_receiver) StdoutLine: {'line': b'-- Installing: /home/ph/treasure/dockerBENCH/helios16p_ws/install/vicon_receiver/include/boost/align/detail/alignment_of_clang.hpp\n'}
[23.816403] (vicon_receiver) StdoutLine: {'line': b'-- Installing: /home/ph/treasure/dockerBENCH/helios16p_ws/install/vicon_receiver/include/boost/align/detail/element_type.hpp\n'}
[23.817587] (vicon_receiver) StdoutLine: {'line': b'-- Installing: /home/ph/treasure/dockerBENCH/helios16p_ws/install/vicon_receiver/include/boost/align/detail/aligned_alloc_sunos.hpp\n'}
[23.818312] (vicon_receiver) StdoutLine: {'line': b'-- Installing: /home/ph/treasure/dockerBENCH/helios16p_ws/install/vicon_receiver/include/boost/align/detail/is_alignment.hpp\n'}
[23.819137] (vicon_receiver) StdoutLine: {'line': b'-- Installing: /home/ph/treasure/dockerBENCH/helios16p_ws/install/vicon_receiver/include/boost/align/detail/aligned_alloc_macos.hpp\n'}
[23.819790] (vicon_receiver) StdoutLine: {'line': b'-- Installing: /home/ph/treasure/dockerBENCH/helios16p_ws/install/vicon_receiver/include/boost/align/detail/integral_constant.hpp\n'}
[23.820548] (vicon_receiver) StdoutLine: {'line': b'-- Installing: /home/ph/treasure/dockerBENCH/helios16p_ws/install/vicon_receiver/include/boost/align/detail/alignment_of_cxx11.hpp\n'}
[23.821260] (vicon_receiver) StdoutLine: {'line': b'-- Installing: /home/ph/treasure/dockerBENCH/helios16p_ws/install/vicon_receiver/include/boost/align/detail/aligned_alloc_new.hpp\n'}
[23.822032] (vicon_receiver) StdoutLine: {'line': b'-- Installing: /home/ph/treasure/dockerBENCH/helios16p_ws/install/vicon_receiver/include/boost/align/detail/alignment_of_msvc.hpp\n'}
[23.822723] (vicon_receiver) StdoutLine: {'line': b'-- Installing: /home/ph/treasure/dockerBENCH/helios16p_ws/install/vicon_receiver/include/boost/align/detail/aligned_alloc_mingw.hpp\n'}
[23.823414] (vicon_receiver) StdoutLine: {'line': b'-- Installing: /home/ph/treasure/dockerBENCH/helios16p_ws/install/vicon_receiver/include/boost/align/detail/aligned_alloc_msvc.hpp\n'}
[23.826142] (vicon_receiver) StdoutLine: {'line': b'-- Installing: /home/ph/treasure/dockerBENCH/helios16p_ws/install/vicon_receiver/include/boost/align/detail/min_size.hpp\n'}
[23.828138] (vicon_receiver) StdoutLine: {'line': b'-- Installing: /home/ph/treasure/dockerBENCH/helios16p_ws/install/vicon_receiver/include/boost/align/detail/alignment_of.hpp\n'}
[23.828912] (vicon_receiver) StdoutLine: {'line': b'-- Installing: /home/ph/treasure/dockerBENCH/helios16p_ws/install/vicon_receiver/include/boost/align/detail/alignment_of_gcc.hpp\n'}
[23.829600] (vicon_receiver) StdoutLine: {'line': b'-- Installing: /home/ph/treasure/dockerBENCH/helios16p_ws/install/vicon_receiver/include/boost/align/detail/aligned_alloc.hpp\n'}
[23.830315] (vicon_receiver) StdoutLine: {'line': b'-- Installing: /home/ph/treasure/dockerBENCH/helios16p_ws/install/vicon_receiver/include/boost/align/align.hpp\n'}
[23.831013] (vicon_receiver) StdoutLine: {'line': b'-- Installing: /home/ph/treasure/dockerBENCH/helios16p_ws/install/vicon_receiver/include/boost/align/alignment_of_forward.hpp\n'}
[23.831708] (vicon_receiver) StdoutLine: {'line': b'-- Installing: /home/ph/treasure/dockerBENCH/helios16p_ws/install/vicon_receiver/include/boost/align/alignment_of.hpp\n'}
[23.832446] (vicon_receiver) StdoutLine: {'line': b'-- Installing: /home/ph/treasure/dockerBENCH/helios16p_ws/install/vicon_receiver/include/boost/align/aligned_alloc.hpp\n'}
[23.833168] (vicon_receiver) StdoutLine: {'line': b'-- Installing: /home/ph/treasure/dockerBENCH/helios16p_ws/install/vicon_receiver/include/boost/type.hpp\n'}
[23.834550] (vicon_receiver) StdoutLine: {'line': b'-- Installing: /home/ph/treasure/dockerBENCH/helios16p_ws/install/vicon_receiver/include/boost/concept_check.hpp\n'}
[23.835930] (vicon_receiver) StdoutLine: {'line': b'-- Installing: /home/ph/treasure/dockerBENCH/helios16p_ws/install/vicon_receiver/include/boost/atomic\n'}
[23.836411] (vicon_receiver) StdoutLine: {'line': b'-- Installing: /home/ph/treasure/dockerBENCH/helios16p_ws/install/vicon_receiver/include/boost/atomic/detail\n'}
[23.836817] (vicon_receiver) StdoutLine: {'line': b'-- Installing: /home/ph/treasure/dockerBENCH/helios16p_ws/install/vicon_receiver/include/boost/atomic/detail/extra_ops_msvc_arm.hpp\n'}
[23.837743] (vicon_receiver) StdoutLine: {'line': b'-- Installing: /home/ph/treasure/dockerBENCH/helios16p_ws/install/vicon_receiver/include/boost/atomic/detail/core_arch_ops_msvc_arm.hpp\n'}
[23.839479] (vicon_receiver) StdoutLine: {'line': b'-- Installing: /home/ph/treasure/dockerBENCH/helios16p_ws/install/vicon_receiver/include/boost/atomic/detail/wait_ops_freebsd_umtx.hpp\n'}
[23.840148] (vicon_receiver) StdoutLine: {'line': b'-- Installing: /home/ph/treasure/dockerBENCH/helios16p_ws/install/vicon_receiver/include/boost/atomic/detail/header.hpp\n'}
[23.840608] (vicon_receiver) StdoutLine: {'line': b'-- Installing: /home/ph/treasure/dockerBENCH/helios16p_ws/install/vicon_receiver/include/boost/atomic/detail/caps_arch_gcc_arm.hpp\n'}
[23.841508] (vicon_receiver) StdoutLine: {'line': b'-- Installing: /home/ph/treasure/dockerBENCH/helios16p_ws/install/vicon_receiver/include/boost/atomic/detail/ops_gcc_arm_common.hpp\n'}
[23.842401] (vicon_receiver) StdoutLine: {'line': b'-- Installing: /home/ph/treasure/dockerBENCH/helios16p_ws/install/vicon_receiver/include/boost/atomic/detail/core_ops_gcc_sync.hpp\n'}
[23.843379] (vicon_receiver) StdoutLine: {'line': b'-- Installing: /home/ph/treasure/dockerBENCH/helios16p_ws/install/vicon_receiver/include/boost/atomic/detail/core_operations_emulated.hpp\n'}
[23.843868] (vicon_receiver) StdoutLine: {'line': b'-- Installing: /home/ph/treasure/dockerBENCH/helios16p_ws/install/vicon_receiver/include/boost/atomic/detail/caps_gcc_atomic.hpp\n'}
[23.844824] (vicon_receiver) StdoutLine: {'line': b'-- Installing: /home/ph/treasure/dockerBENCH/helios16p_ws/install/vicon_receiver/include/boost/atomic/detail/extra_ops_gcc_ppc.hpp\n'}
[23.846170] (vicon_receiver) StdoutLine: {'line': b'-- Installing: /home/ph/treasure/dockerBENCH/helios16p_ws/install/vicon_receiver/include/boost/atomic/detail/core_arch_ops_gcc_sparc.hpp\n'}
[23.846952] (vicon_receiver) StdoutLine: {'line': b'-- Installing: /home/ph/treasure/dockerBENCH/helios16p_ws/install/vicon_receiver/include/boost/atomic/detail/fence_arch_ops_gcc_aarch32.hpp\n'}
[23.847781] (vicon_receiver) StdoutLine: {'line': b'-- Installing: /home/ph/treasure/dockerBENCH/helios16p_ws/install/vicon_receiver/include/boost/atomic/detail/storage_traits.hpp\n'}
[23.848826] (vicon_receiver) StdoutLine: {'line': b'-- Installing: /home/ph/treasure/dockerBENCH/helios16p_ws/install/vicon_receiver/include/boost/atomic/detail/integral_conversions.hpp\n'}
[23.849820] (vicon_receiver) StdoutLine: {'line': b'-- Installing: /home/ph/treasure/dockerBENCH/helios16p_ws/install/vicon_receiver/include/boost/atomic/detail/link.hpp\n'}
[23.850782] (vicon_receiver) StdoutLine: {'line': b'-- Installing: /home/ph/treasure/dockerBENCH/helios16p_ws/install/vicon_receiver/include/boost/atomic/detail/once_flag.hpp\n'}
[23.851751] (vicon_receiver) StdoutLine: {'line': b'-- Installing: /home/ph/treasure/dockerBENCH/helios16p_ws/install/vicon_receiver/include/boost/atomic/detail/core_arch_ops_gcc_x86.hpp\n'}
[23.853706] (vicon_receiver) StdoutLine: {'line': b'-- Installing: /home/ph/treasure/dockerBENCH/helios16p_ws/install/vicon_receiver/include/boost/atomic/detail/wait_caps_futex.hpp\n'}
[23.854671] (vicon_receiver) StdoutLine: {'line': b'-- Installing: /home/ph/treasure/dockerBENCH/helios16p_ws/install/vicon_receiver/include/boost/atomic/detail/wait_ops_generic.hpp\n'}
[23.855485] (vicon_receiver) StdoutLine: {'line': b'-- Installing: /home/ph/treasure/dockerBENCH/helios16p_ws/install/vicon_receiver/include/boost/atomic/detail/core_arch_ops_gcc_aarch64.hpp\n'}
[23.857132] (vicon_receiver) StdoutLine: {'line': b'-- Installing: /home/ph/treasure/dockerBENCH/helios16p_ws/install/vicon_receiver/include/boost/atomic/detail/core_ops_gcc_atomic.hpp\n'}
[23.858025] (vicon_receiver) StdoutLine: {'line': b'-- Installing: /home/ph/treasure/dockerBENCH/helios16p_ws/install/vicon_receiver/include/boost/atomic/detail/footer.hpp\n'}
[23.858545] (vicon_receiver) StdoutLine: {'line': b'-- Installing: /home/ph/treasure/dockerBENCH/helios16p_ws/install/vicon_receiver/include/boost/atomic/detail/caps_arch_gcc_aarch64.hpp\n'}
[23.859525] (vicon_receiver) StdoutLine: {'line': b'-- Installing: /home/ph/treasure/dockerBENCH/helios16p_ws/install/vicon_receiver/include/boost/atomic/detail/fence_arch_ops_gcc_sparc.hpp\n'}
[23.860341] (vicon_receiver) StdoutLine: {'line': b'-- Installing: /home/ph/treasure/dockerBENCH/helios16p_ws/install/vicon_receiver/include/boost/atomic/detail/fence_arch_operations.hpp\n'}
[23.861609] (vicon_receiver) StdoutLine: {'line': b'-- Installing: /home/ph/treasure/dockerBENCH/helios16p_ws/install/vicon_receiver/include/boost/atomic/detail/int_sizes.hpp\n'}
[23.863388] (vicon_receiver) StdoutLine: {'line': b'-- Installing: /home/ph/treasure/dockerBENCH/helios16p_ws/install/vicon_receiver/include/boost/atomic/detail/pause.hpp\n'}
[23.864239] (vicon_receiver) StdoutLine: {'line': b'-- Installing: /home/ph/treasure/dockerBENCH/helios16p_ws/install/vicon_receiver/include/boost/atomic/detail/extra_ops_gcc_x86.hpp\n'}
[23.865945] (vicon_receiver) StdoutLine: {'line': b'-- Installing: /home/ph/treasure/dockerBENCH/helios16p_ws/install/vicon_receiver/include/boost/atomic/detail/core_arch_ops_gcc_aarch32.hpp\n'}
[23.867452] (vicon_receiver) StdoutLine: {'line': b'-- Installing: /home/ph/treasure/dockerBENCH/helios16p_ws/install/vicon_receiver/include/boost/atomic/detail/core_ops_windows.hpp\n'}
[23.868296] (vicon_receiver) StdoutLine: {'line': b'-- Installing: /home/ph/treasure/dockerBENCH/helios16p_ws/install/vicon_receiver/include/boost/atomic/detail/bitwise_fp_cast.hpp\n'}
[23.869547] (vicon_receiver) StdoutLine: {'line': b'-- Installing: /home/ph/treasure/dockerBENCH/helios16p_ws/install/vicon_receiver/include/boost/atomic/detail/wait_ops_windows.hpp\n'}
[23.870378] (vicon_receiver) StdoutLine: {'line': b'-- Installing: /home/ph/treasure/dockerBENCH/helios16p_ws/install/vicon_receiver/include/boost/atomic/detail/fence_ops_gcc_atomic.hpp\n'}
[23.871238] (vicon_receiver) StdoutLine: {'line': b'-- Installing: /home/ph/treasure/dockerBENCH/helios16p_ws/install/vicon_receiver/include/boost/atomic/detail/fence_arch_ops_gcc_ppc.hpp\n'}
[23.872045] (vicon_receiver) StdoutLine: {'line': b'-- Installing: /home/ph/treasure/dockerBENCH/helios16p_ws/install/vicon_receiver/include/boost/atomic/detail/caps_windows.hpp\n'}
[23.872976] (vicon_receiver) StdoutLine: {'line': b'-- Installing: /home/ph/treasure/dockerBENCH/helios16p_ws/install/vicon_receiver/include/boost/atomic/detail/capabilities.hpp\n'}
[23.873965] (vicon_receiver) StdoutLine: {'line': b'-- Installing: /home/ph/treasure/dockerBENCH/helios16p_ws/install/vicon_receiver/include/boost/atomic/detail/caps_arch_msvc_arm.hpp\n'}
[23.874877] (vicon_receiver) StdoutLine: {'line': b'-- Installing: /home/ph/treasure/dockerBENCH/helios16p_ws/install/vicon_receiver/include/boost/atomic/detail/extra_ops_gcc_aarch32.hpp\n'}
[23.876550] (vicon_receiver) StdoutLine: {'line': b'-- Installing: /home/ph/treasure/dockerBENCH/helios16p_ws/install/vicon_receiver/include/boost/atomic/detail/wait_ops_dragonfly_umtx.hpp\n'}
[23.877714] (vicon_receiver) StdoutLine: {'line': b'-- Installing: /home/ph/treasure/dockerBENCH/helios16p_ws/install/vicon_receiver/include/boost/atomic/detail/core_operations_fwd.hpp\n'}
[23.878454] (vicon_receiver) StdoutLine: {'line': b'-- Installing: /home/ph/treasure/dockerBENCH/helios16p_ws/install/vicon_receiver/include/boost/atomic/detail/wait_caps_windows.hpp\n'}
[23.879389] (vicon_receiver) StdoutLine: {'line': b'-- Installing: /home/ph/treasure/dockerBENCH/helios16p_ws/install/vicon_receiver/include/boost/atomic/detail/extra_ops_gcc_arm.hpp\n'}
[23.881056] (vicon_receiver) StdoutLine: {'line': b'-- Installing: /home/ph/treasure/dockerBENCH/helios16p_ws/install/vicon_receiver/include/boost/atomic/detail/intptr.hpp\n'}
[23.881617] (vicon_receiver) StdoutLine: {'line': b'-- Installing: /home/ph/treasure/dockerBENCH/helios16p_ws/install/vicon_receiver/include/boost/atomic/detail/extra_operations.hpp\n'}
[23.882340] (vicon_receiver) StdoutLine: {'line': b'-- Installing: /home/ph/treasure/dockerBENCH/helios16p_ws/install/vicon_receiver/include/boost/atomic/detail/ops_gcc_ppc_common.hpp\n'}
[23.883348] (vicon_receiver) StdoutLine: {'line': b'-- Installing: /home/ph/treasure/dockerBENCH/helios16p_ws/install/vicon_receiver/include/boost/atomic/detail/config.hpp\n'}
[23.884338] (vicon_receiver) StdoutLine: {'line': b'-- Installing: /home/ph/treasure/dockerBENCH/helios16p_ws/install/vicon_receiver/include/boost/atomic/detail/atomic_ref_impl.hpp\n'}
[23.886110] (vicon_receiver) StdoutLine: {'line': b'-- Installing: /home/ph/treasure/dockerBENCH/helios16p_ws/install/vicon_receiver/include/boost/atomic/detail/addressof.hpp\n'}
[23.887001] (vicon_receiver) StdoutLine: {'line': b'-- Installing: /home/ph/treasure/dockerBENCH/helios16p_ws/install/vicon_receiver/include/boost/atomic/detail/extra_ops_generic.hpp\n'}
[23.888624] (vicon_receiver) StdoutLine: {'line': b'-- Installing: /home/ph/treasure/dockerBENCH/helios16p_ws/install/vicon_receiver/include/boost/atomic/detail/fence_arch_ops_msvc_x86.hpp\n'}
[23.889545] (vicon_receiver) StdoutLine: {'line': b'-- Installing: /home/ph/treasure/dockerBENCH/helios16p_ws/install/vicon_receiver/include/boost/atomic/detail/ops_gcc_aarch32_common.hpp\n'}
[23.890669] (vicon_receiver) StdoutLine: {'line': b'-- Installing: /home/ph/treasure/dockerBENCH/helios16p_ws/install/vicon_receiver/include/boost/atomic/detail/caps_arch_gcc_alpha.hpp\n'}
[23.891829] (vicon_receiver) StdoutLine: {'line': b'-- Installing: /home/ph/treasure/dockerBENCH/helios16p_ws/install/vicon_receiver/include/boost/atomic/detail/interlocked.hpp\n'}
[23.893536] (vicon_receiver) StdoutLine: {'line': b'-- Installing: /home/ph/treasure/dockerBENCH/helios16p_ws/install/vicon_receiver/include/boost/atomic/detail/gcc_atomic_memory_order_utils.hpp\n'}
[23.894547] (vicon_receiver) StdoutLine: {'line': b'-- Installing: /home/ph/treasure/dockerBENCH/helios16p_ws/install/vicon_receiver/include/boost/atomic/detail/core_arch_operations_fwd.hpp\n'}
[23.895070] (vicon_receiver) StdoutLine: {'line': b'-- Installing: /home/ph/treasure/dockerBENCH/helios16p_ws/install/vicon_receiver/include/boost/atomic/detail/fence_operations_emulated.hpp\n'}
[23.896166] (vicon_receiver) StdoutLine: {'line': b'-- Installing: /home/ph/treasure/dockerBENCH/helios16p_ws/install/vicon_receiver/include/boost/atomic/detail/fence_arch_ops_gcc_aarch64.hpp\n'}
[23.897074] (vicon_receiver) StdoutLine: {'line': b'-- Installing: /home/ph/treasure/dockerBENCH/helios16p_ws/install/vicon_receiver/include/boost/atomic/detail/extra_operations_fwd.hpp\n'}
[23.897854] (vicon_receiver) StdoutLine: {'line': b'-- Installing: /home/ph/treasure/dockerBENCH/helios16p_ws/install/vicon_receiver/include/boost/atomic/detail/extra_fp_operations_fwd.hpp\n'}
[23.898632] (vicon_receiver) StdoutLine: {'line': b'-- Installing: /home/ph/treasure/dockerBENCH/helios16p_ws/install/vicon_receiver/include/boost/atomic/detail/fence_arch_ops_gcc_x86.hpp\n'}
[23.899490] (vicon_receiver) StdoutLine: {'line': b'-- Installing: /home/ph/treasure/dockerBENCH/helios16p_ws/install/vicon_receiver/include/boost/atomic/detail/caps_arch_gcc_sparc.hpp\n'}
[23.900446] (vicon_receiver) StdoutLine: {'line': b'-- Installing: /home/ph/treasure/dockerBENCH/helios16p_ws/install/vicon_receiver/include/boost/atomic/detail/fence_operations.hpp\n'}
[23.901306] (vicon_receiver) StdoutLine: {'line': b'-- Installing: /home/ph/treasure/dockerBENCH/helios16p_ws/install/vicon_receiver/include/boost/atomic/detail/wait_caps_freebsd_umtx.hpp\n'}
[23.902343] (vicon_receiver) StdoutLine: {'line': b'-- Installing: /home/ph/treasure/dockerBENCH/helios16p_ws/install/vicon_receiver/include/boost/atomic/detail/extra_ops_msvc_x86.hpp\n'}
[23.904094] (vicon_receiver) StdoutLine: {'line': b'-- Installing: /home/ph/treasure/dockerBENCH/helios16p_ws/install/vicon_receiver/include/boost/atomic/detail/core_operations_emulated_fwd.hpp\n'}
[23.905040] (vicon_receiver) StdoutLine: {'line': b'-- Installing: /home/ph/treasure/dockerBENCH/helios16p_ws/install/vicon_receiver/include/boost/atomic/detail/core_arch_operations.hpp\n'}
[23.906080] (vicon_receiver) StdoutLine: {'line': b'-- Installing: /home/ph/treasure/dockerBENCH/helios16p_ws/install/vicon_receiver/include/boost/atomic/detail/caps_arch_gcc_x86.hpp\n'}
[23.907028] (vicon_receiver) StdoutLine: {'line': b'-- Installing: /home/ph/treasure/dockerBENCH/helios16p_ws/install/vicon_receiver/include/boost/atomic/detail/extending_cas_based_arithmetic.hpp\n'}
[23.907495] (-) TimerEvent: {}
[23.907940] (vicon_receiver) StdoutLine: {'line': b'-- Installing: /home/ph/treasure/dockerBENCH/helios16p_ws/install/vicon_receiver/include/boost/atomic/detail/atomic_flag_impl.hpp\n'}
[23.908829] (vicon_receiver) StdoutLine: {'line': b'-- Installing: /home/ph/treasure/dockerBENCH/helios16p_ws/install/vicon_receiver/include/boost/atomic/detail/extra_fp_ops_generic.hpp\n'}
[23.909698] (vicon_receiver) StdoutLine: {'line': b'-- Installing: /home/ph/treasure/dockerBENCH/helios16p_ws/install/vicon_receiver/include/boost/atomic/detail/wait_caps_dragonfly_umtx.hpp\n'}
[23.910673] (vicon_receiver) StdoutLine: {'line': b'-- Installing: /home/ph/treasure/dockerBENCH/helios16p_ws/install/vicon_receiver/include/boost/atomic/detail/classify.hpp\n'}
[23.911641] (vicon_receiver) StdoutLine: {'line': b'-- Installing: /home/ph/treasure/dockerBENCH/helios16p_ws/install/vicon_receiver/include/boost/atomic/detail/bitwise_cast.hpp\n'}
[23.912574] (vicon_receiver) StdoutLine: {'line': b'-- Installing: /home/ph/treasure/dockerBENCH/helios16p_ws/install/vicon_receiver/include/boost/atomic/detail/cas_based_exchange.hpp\n'}
[23.913526] (vicon_receiver) StdoutLine: {'line': b'-- Installing: /home/ph/treasure/dockerBENCH/helios16p_ws/install/vicon_receiver/include/boost/atomic/detail/core_arch_ops_gcc_ppc.hpp\n'}
[23.915028] (vicon_receiver) StdoutLine: {'line': b'-- Installing: /home/ph/treasure/dockerBENCH/helios16p_ws/install/vicon_receiver/include/boost/atomic/detail/fence_arch_ops_gcc_arm.hpp\n'}
[23.915849] (vicon_receiver) StdoutLine: {'line': b'-- Installing: /home/ph/treasure/dockerBENCH/helios16p_ws/install/vicon_receiver/include/boost/atomic/detail/ops_gcc_aarch64_common.hpp\n'}
[23.916775] (vicon_receiver) StdoutLine: {'line': b'-- Installing: /home/ph/treasure/dockerBENCH/helios16p_ws/install/vicon_receiver/include/boost/atomic/detail/core_operations.hpp\n'}
[23.917532] (vicon_receiver) StdoutLine: {'line': b'-- Installing: /home/ph/treasure/dockerBENCH/helios16p_ws/install/vicon_receiver/include/boost/atomic/detail/memory_order_utils.hpp\n'}
[23.918523] (vicon_receiver) StdoutLine: {'line': b'-- Installing: /home/ph/treasure/dockerBENCH/helios16p_ws/install/vicon_receiver/include/boost/atomic/detail/wait_ops_emulated.hpp\n'}
[23.919278] (vicon_receiver) StdoutLine: {'line': b'-- Installing: /home/ph/treasure/dockerBENCH/helios16p_ws/install/vicon_receiver/include/boost/atomic/detail/wait_ops_futex.hpp\n'}
[23.920125] (vicon_receiver) StdoutLine: {'line': b'-- Installing: /home/ph/treasure/dockerBENCH/helios16p_ws/install/vicon_receiver/include/boost/atomic/detail/atomic_impl.hpp\n'}
[23.922084] (vicon_receiver) StdoutLine: {'line': b'-- Installing: /home/ph/treasure/dockerBENCH/helios16p_ws/install/vicon_receiver/include/boost/atomic/detail/fence_ops_windows.hpp\n'}
[23.922899] (vicon_receiver) StdoutLine: {'line': b'-- Installing: /home/ph/treasure/dockerBENCH/helios16p_ws/install/vicon_receiver/include/boost/atomic/detail/fp_operations.hpp\n'}
[23.923887] (vicon_receiver) StdoutLine: {'line': b'-- Installing: /home/ph/treasure/dockerBENCH/helios16p_ws/install/vicon_receiver/include/boost/atomic/detail/platform.hpp\n'}
[23.924892] (vicon_receiver) StdoutLine: {'line': b'-- Installing: /home/ph/treasure/dockerBENCH/helios16p_ws/install/vicon_receiver/include/boost/atomic/detail/core_arch_ops_gcc_arm.hpp\n'}
[23.926347] (vicon_receiver) StdoutLine: {'line': b'-- Installing: /home/ph/treasure/dockerBENCH/helios16p_ws/install/vicon_receiver/include/boost/atomic/detail/float_sizes.hpp\n'}
[23.927620] (vicon_receiver) StdoutLine: {'line': b'-- Installing: /home/ph/treasure/dockerBENCH/helios16p_ws/install/vicon_receiver/include/boost/atomic/detail/core_ops_linux_arm.hpp\n'}
[23.928609] (vicon_receiver) StdoutLine: {'line': b'-- Installing: /home/ph/treasure/dockerBENCH/helios16p_ws/install/vicon_receiver/include/boost/atomic/detail/wait_capabilities.hpp\n'}
[23.930298] (vicon_receiver) StdoutLine: {'line': b'-- Installing: /home/ph/treasure/dockerBENCH/helios16p_ws/install/vicon_receiver/include/boost/atomic/detail/core_ops_cas_based.hpp\n'}
[23.931052] (vicon_receiver) StdoutLine: {'line': b'-- Installing: /home/ph/treasure/dockerBENCH/helios16p_ws/install/vicon_receiver/include/boost/atomic/detail/futex.hpp\n'}
[23.932099] (vicon_receiver) StdoutLine: {'line': b'-- Installing: /home/ph/treasure/dockerBENCH/helios16p_ws/install/vicon_receiver/include/boost/atomic/detail/core_arch_ops_gcc_alpha.hpp\n'}
[23.933273] (vicon_receiver) StdoutLine: {'line': b'-- Installing: /home/ph/treasure/dockerBENCH/helios16p_ws/install/vicon_receiver/include/boost/atomic/detail/fence_ops_linux_arm.hpp\n'}
[23.934212] (vicon_receiver) StdoutLine: {'line': b'-- Installing: /home/ph/treasure/dockerBENCH/helios16p_ws/install/vicon_receiver/include/boost/atomic/detail/caps_arch_gcc_aarch32.hpp\n'}
[23.935145] (vicon_receiver) StdoutLine: {'line': b'-- Installing: /home/ph/treasure/dockerBENCH/helios16p_ws/install/vicon_receiver/include/boost/atomic/detail/extra_ops_emulated.hpp\n'}
[23.936051] (vicon_receiver) StdoutLine: {'line': b'-- Installing: /home/ph/treasure/dockerBENCH/helios16p_ws/install/vicon_receiver/include/boost/atomic/detail/caps_gcc_sync.hpp\n'}
[23.937008] (vicon_receiver) StdoutLine: {'line': b'-- Installing: /home/ph/treasure/dockerBENCH/helios16p_ws/install/vicon_receiver/include/boost/atomic/detail/extra_ops_gcc_aarch64.hpp\n'}
[23.938685] (vicon_receiver) StdoutLine: {'line': b'-- Installing: /home/ph/treasure/dockerBENCH/helios16p_ws/install/vicon_receiver/include/boost/atomic/detail/fence_arch_ops_gcc_alpha.hpp\n'}
[23.939523] (vicon_receiver) StdoutLine: {'line': b'-- Installing: /home/ph/treasure/dockerBENCH/helios16p_ws/install/vicon_receiver/include/boost/atomic/detail/extra_fp_ops_emulated.hpp\n'}
[23.940419] (vicon_receiver) StdoutLine: {'line': b'-- Installing: /home/ph/treasure/dockerBENCH/helios16p_ws/install/vicon_receiver/include/boost/atomic/detail/core_arch_ops_msvc_x86.hpp\n'}
[23.941773] (vicon_receiver) StdoutLine: {'line': b'-- Installing: /home/ph/treasure/dockerBENCH/helios16p_ws/install/vicon_receiver/include/boost/atomic/detail/fence_ops_gcc_sync.hpp\n'}
[23.942701] (vicon_receiver) StdoutLine: {'line': b'-- Installing: /home/ph/treasure/dockerBENCH/helios16p_ws/install/vicon_receiver/include/boost/atomic/detail/wait_operations_fwd.hpp\n'}
[23.943569] (vicon_receiver) StdoutLine: {'line': b'-- Installing: /home/ph/treasure/dockerBENCH/helios16p_ws/install/vicon_receiver/include/boost/atomic/detail/caps_arch_gcc_ppc.hpp\n'}
[23.944507] (vicon_receiver) StdoutLine: {'line': b'-- Installing: /home/ph/treasure/dockerBENCH/helios16p_ws/install/vicon_receiver/include/boost/atomic/detail/lock_pool.hpp\n'}
[23.945030] (vicon_receiver) StdoutLine: {'line': b'-- Installing: /home/ph/treasure/dockerBENCH/helios16p_ws/install/vicon_receiver/include/boost/atomic/detail/wait_operations.hpp\n'}
[23.945975] (vicon_receiver) StdoutLine: {'line': b'-- Installing: /home/ph/treasure/dockerBENCH/helios16p_ws/install/vicon_receiver/include/boost/atomic/detail/type_traits\n'}
[23.946516] (vicon_receiver) StdoutLine: {'line': b'-- Installing: /home/ph/treasure/dockerBENCH/helios16p_ws/install/vicon_receiver/include/boost/atomic/detail/type_traits/is_trivially_copyable.hpp\n'}
[23.947191] (vicon_receiver) StdoutLine: {'line': b'-- Installing: /home/ph/treasure/dockerBENCH/helios16p_ws/install/vicon_receiver/include/boost/atomic/detail/type_traits/is_integral.hpp\n'}
[23.947707] (vicon_receiver) StdoutLine: {'line': b'-- Installing: /home/ph/treasure/dockerBENCH/helios16p_ws/install/vicon_receiver/include/boost/atomic/detail/type_traits/is_trivially_default_constructible.hpp\n'}
[23.948906] (vicon_receiver) StdoutLine: {'line': b'-- Installing: /home/ph/treasure/dockerBENCH/helios16p_ws/install/vicon_receiver/include/boost/atomic/detail/type_traits/is_signed.hpp\n'}
[23.949821] (vicon_receiver) StdoutLine: {'line': b'-- Installing: /home/ph/treasure/dockerBENCH/helios16p_ws/install/vicon_receiver/include/boost/atomic/detail/type_traits/integral_constant.hpp\n'}
[23.951036] (vicon_receiver) StdoutLine: {'line': b'-- Installing: /home/ph/treasure/dockerBENCH/helios16p_ws/install/vicon_receiver/include/boost/atomic/detail/type_traits/is_iec559.hpp\n'}
[23.952676] (vicon_receiver) StdoutLine: {'line': b'-- Installing: /home/ph/treasure/dockerBENCH/helios16p_ws/install/vicon_receiver/include/boost/atomic/detail/type_traits/make_unsigned.hpp\n'}
[23.956112] (vicon_receiver) StdoutLine: {'line': b'-- Installing: /home/ph/treasure/dockerBENCH/helios16p_ws/install/vicon_receiver/include/boost/atomic/detail/type_traits/is_function.hpp\n'}
[23.956596] (vicon_receiver) StdoutLine: {'line': b'-- Installing: /home/ph/treasure/dockerBENCH/helios16p_ws/install/vicon_receiver/include/boost/atomic/detail/type_traits/conditional.hpp\n'}
[23.956951] (vicon_receiver) StdoutLine: {'line': b'-- Installing: /home/ph/treasure/dockerBENCH/helios16p_ws/install/vicon_receiver/include/boost/atomic/detail/type_traits/is_floating_point.hpp\n'}
[23.959169] (vicon_receiver) StdoutLine: {'line': b'-- Installing: /home/ph/treasure/dockerBENCH/helios16p_ws/install/vicon_receiver/include/boost/atomic/detail/type_traits/make_signed.hpp\n'}
[23.962843] (vicon_receiver) StdoutLine: {'line': b'-- Installing: /home/ph/treasure/dockerBENCH/helios16p_ws/install/vicon_receiver/include/boost/atomic/detail/type_traits/alignment_of.hpp\n'}
[23.963368] (vicon_receiver) StdoutLine: {'line': b'-- Installing: /home/ph/treasure/dockerBENCH/helios16p_ws/install/vicon_receiver/include/boost/atomic/detail/gcc_arm_asm_common.hpp\n'}
[23.964110] (vicon_receiver) StdoutLine: {'line': b'-- Installing: /home/ph/treasure/dockerBENCH/helios16p_ws/install/vicon_receiver/include/boost/atomic/detail/extra_fp_operations.hpp\n'}
[23.966171] (vicon_receiver) StdoutLine: {'line': b'-- Installing: /home/ph/treasure/dockerBENCH/helios16p_ws/install/vicon_receiver/include/boost/atomic/detail/fp_ops_emulated.hpp\n'}
[23.967322] (vicon_receiver) StdoutLine: {'line': b'-- Installing: /home/ph/treasure/dockerBENCH/helios16p_ws/install/vicon_receiver/include/boost/atomic/detail/string_ops.hpp\n'}
[23.968468] (vicon_receiver) StdoutLine: {'line': b'-- Installing: /home/ph/treasure/dockerBENCH/helios16p_ws/install/vicon_receiver/include/boost/atomic/detail/caps_linux_arm.hpp\n'}
[23.969456] (vicon_receiver) StdoutLine: {'line': b'-- Installing: /home/ph/treasure/dockerBENCH/helios16p_ws/install/vicon_receiver/include/boost/atomic/detail/fp_ops_generic.hpp\n'}
[23.970920] (vicon_receiver) StdoutLine: {'line': b'-- Installing: /home/ph/treasure/dockerBENCH/helios16p_ws/install/vicon_receiver/include/boost/atomic/detail/aligned_variable.hpp\n'}
[23.973425] (vicon_receiver) StdoutLine: {'line': b'-- Installing: /home/ph/treasure/dockerBENCH/helios16p_ws/install/vicon_receiver/include/boost/atomic/detail/caps_arch_msvc_x86.hpp\n'}
[23.975541] (vicon_receiver) StdoutLine: {'line': b'-- Installing: /home/ph/treasure/dockerBENCH/helios16p_ws/install/vicon_receiver/include/boost/atomic/detail/fp_operations_fwd.hpp\n'}
[23.976761] (vicon_receiver) StdoutLine: {'line': b'-- Installing: /home/ph/treasure/dockerBENCH/helios16p_ws/install/vicon_receiver/include/boost/atomic/detail/fence_arch_ops_msvc_arm.hpp\n'}
[23.977755] (vicon_receiver) StdoutLine: {'line': b'-- Installing: /home/ph/treasure/dockerBENCH/helios16p_ws/install/vicon_receiver/include/boost/atomic/detail/ops_msvc_common.hpp\n'}
[23.978491] (vicon_receiver) StdoutLine: {'line': b'-- Installing: /home/ph/treasure/dockerBENCH/helios16p_ws/install/vicon_receiver/include/boost/atomic/capabilities.hpp\n'}
[23.979398] (vicon_receiver) StdoutLine: {'line': b'-- Installing: /home/ph/treasure/dockerBENCH/helios16p_ws/install/vicon_receiver/include/boost/atomic/atomic.hpp\n'}
[23.980389] (vicon_receiver) StdoutLine: {'line': b'-- Installing: /home/ph/treasure/dockerBENCH/helios16p_ws/install/vicon_receiver/include/boost/atomic/atomic_ref.hpp\n'}
[23.981238] (vicon_receiver) StdoutLine: {'line': b'-- Installing: /home/ph/treasure/dockerBENCH/helios16p_ws/install/vicon_receiver/include/boost/atomic/fences.hpp\n'}
[23.981898] (vicon_receiver) StdoutLine: {'line': b'-- Installing: /home/ph/treasure/dockerBENCH/helios16p_ws/install/vicon_receiver/include/boost/atomic/ipc_atomic_flag.hpp\n'}
[23.982553] (vicon_receiver) StdoutLine: {'line': b'-- Installing: /home/ph/treasure/dockerBENCH/helios16p_ws/install/vicon_receiver/include/boost/atomic/ipc_atomic.hpp\n'}
[23.983228] (vicon_receiver) StdoutLine: {'line': b'-- Installing: /home/ph/treasure/dockerBENCH/helios16p_ws/install/vicon_receiver/include/boost/atomic/ipc_atomic_ref.hpp\n'}
[23.984004] (vicon_receiver) StdoutLine: {'line': b'-- Installing: /home/ph/treasure/dockerBENCH/helios16p_ws/install/vicon_receiver/include/boost/atomic/atomic_flag.hpp\n'}
[23.984882] (vicon_receiver) StdoutLine: {'line': b'-- Installing: /home/ph/treasure/dockerBENCH/helios16p_ws/install/vicon_receiver/include/boost/container\n'}
[23.985442] (vicon_receiver) StdoutLine: {'line': b'-- Installing: /home/ph/treasure/dockerBENCH/helios16p_ws/install/vicon_receiver/include/boost/container/detail\n'}
[23.985891] (vicon_receiver) StdoutLine: {'line': b'-- Installing: /home/ph/treasure/dockerBENCH/helios16p_ws/install/vicon_receiver/include/boost/container/detail/multiallocation_chain.hpp\n'}
[23.986648] (vicon_receiver) StdoutLine: {'line': b'-- Installing: /home/ph/treasure/dockerBENCH/helios16p_ws/install/vicon_receiver/include/boost/container/detail/compare_functors.hpp\n'}
[23.987371] (vicon_receiver) StdoutLine: {'line': b'-- Installing: /home/ph/treasure/dockerBENCH/helios16p_ws/install/vicon_receiver/include/boost/container/detail/algorithm.hpp\n'}
[23.988530] (vicon_receiver) StdoutLine: {'line': b'-- Installing: /home/ph/treasure/dockerBENCH/helios16p_ws/install/vicon_receiver/include/boost/container/detail/advanced_insert_int.hpp\n'}
[23.989405] (vicon_receiver) StdoutLine: {'line': b'-- Installing: /home/ph/treasure/dockerBENCH/helios16p_ws/install/vicon_receiver/include/boost/container/detail/transform_iterator.hpp\n'}
[23.992420] (vicon_receiver) StdoutLine: {'line': b'-- Installing: /home/ph/treasure/dockerBENCH/helios16p_ws/install/vicon_receiver/include/boost/container/detail/allocation_type.hpp\n'}
[23.994105] (vicon_receiver) StdoutLine: {'line': b'-- Installing: /home/ph/treasure/dockerBENCH/helios16p_ws/install/vicon_receiver/include/boost/container/detail/version_type.hpp\n'}
[23.994467] (vicon_receiver) StdoutLine: {'line': b'-- Installing: /home/ph/treasure/dockerBENCH/helios16p_ws/install/vicon_receiver/include/boost/container/detail/type_traits.hpp\n'}
[23.995618] (vicon_receiver) StdoutLine: {'line': b'-- Installing: /home/ph/treasure/dockerBENCH/helios16p_ws/install/vicon_receiver/include/boost/container/detail/addressof.hpp\n'}
[23.996510] (vicon_receiver) StdoutLine: {'line': b'-- Installing: /home/ph/treasure/dockerBENCH/helios16p_ws/install/vicon_receiver/include/boost/container/detail/destroyers.hpp\n'}
[23.998075] (vicon_receiver) StdoutLine: {'line': b'-- Installing: /home/ph/treasure/dockerBENCH/helios16p_ws/install/vicon_receiver/include/boost/container/detail/config_end.hpp\n'}
[23.999597] (vicon_receiver) StdoutLine: {'line': b'-- Installing: /home/ph/treasure/dockerBENCH/helios16p_ws/install/vicon_receiver/include/boost/container/detail/min_max.hpp\n'}
[24.001706] (vicon_receiver) StdoutLine: {'line': b'-- Installing: /home/ph/treasure/dockerBENCH/helios16p_ws/install/vicon_receiver/include/boost/container/detail/pair.hpp\n'}
[24.003190] (vicon_receiver) StdoutLine: {'line': b'-- Installing: /home/ph/treasure/dockerBENCH/helios16p_ws/install/vicon_receiver/include/boost/container/detail/iterators.hpp\n'}
[24.005320] (vicon_receiver) StdoutLine: {'line': b'-- Installing: /home/ph/treasure/dockerBENCH/helios16p_ws/install/vicon_receiver/include/boost/container/detail/std_fwd.hpp\n'}
[24.007107] (vicon_receiver) StdoutLine: {'line': b'-- Installing: /home/ph/treasure/dockerBENCH/helios16p_ws/install/vicon_receiver/include/boost/container/detail/construct_in_place.hpp\n'}
[24.007680] (-) TimerEvent: {}
[24.008389] (vicon_receiver) StdoutLine: {'line': b'-- Installing: /home/ph/treasure/dockerBENCH/helios16p_ws/install/vicon_receiver/include/boost/container/detail/alloc_helpers.hpp\n'}
[24.009160] (vicon_receiver) StdoutLine: {'line': b'-- Installing: /home/ph/treasure/dockerBENCH/helios16p_ws/install/vicon_receiver/include/boost/container/detail/node_alloc_holder.hpp\n'}
[24.010821] (vicon_receiver) StdoutLine: {'line': b'-- Installing: /home/ph/treasure/dockerBENCH/helios16p_ws/install/vicon_receiver/include/boost/container/detail/copy_move_algo.hpp\n'}
[24.012273] (vicon_receiver) StdoutLine: {'line': b'-- Installing: /home/ph/treasure/dockerBENCH/helios16p_ws/install/vicon_receiver/include/boost/container/detail/config_begin.hpp\n'}
[24.013107] (vicon_receiver) StdoutLine: {'line': b'-- Installing: /home/ph/treasure/dockerBENCH/helios16p_ws/install/vicon_receiver/include/boost/container/detail/mpl.hpp\n'}
[24.013908] (vicon_receiver) StdoutLine: {'line': b'-- Installing: /home/ph/treasure/dockerBENCH/helios16p_ws/install/vicon_receiver/include/boost/container/detail/variadic_templates_tools.hpp\n'}
[24.014799] (vicon_receiver) StdoutLine: {'line': b'-- Installing: /home/ph/treasure/dockerBENCH/helios16p_ws/install/vicon_receiver/include/boost/container/detail/value_init.hpp\n'}
[24.016431] (vicon_receiver) StdoutLine: {'line': b'-- Installing: /home/ph/treasure/dockerBENCH/helios16p_ws/install/vicon_receiver/include/boost/container/detail/workaround.hpp\n'}
[24.018078] (vicon_receiver) StdoutLine: {'line': b'-- Installing: /home/ph/treasure/dockerBENCH/helios16p_ws/install/vicon_receiver/include/boost/container/detail/allocator_version_traits.hpp\n'}
[24.020534] (vicon_receiver) StdoutLine: {'line': b'-- Installing: /home/ph/treasure/dockerBENCH/helios16p_ws/install/vicon_receiver/include/boost/container/detail/iterator.hpp\n'}
[24.020932] (vicon_receiver) StdoutLine: {'line': b'-- Installing: /home/ph/treasure/dockerBENCH/helios16p_ws/install/vicon_receiver/include/boost/container/detail/value_functors.hpp\n'}
[24.021756] (vicon_receiver) StdoutLine: {'line': b'-- Installing: /home/ph/treasure/dockerBENCH/helios16p_ws/install/vicon_receiver/include/boost/container/detail/next_capacity.hpp\n'}
[24.023026] (vicon_receiver) StdoutLine: {'line': b'-- Installing: /home/ph/treasure/dockerBENCH/helios16p_ws/install/vicon_receiver/include/boost/container/detail/placement_new.hpp\n'}
[24.024707] (vicon_receiver) StdoutLine: {'line': b'-- Installing: /home/ph/treasure/dockerBENCH/helios16p_ws/install/vicon_receiver/include/boost/container/detail/dispatch_uses_allocator.hpp\n'}
[24.025829] (vicon_receiver) StdoutLine: {'line': b'-- Installing: /home/ph/treasure/dockerBENCH/helios16p_ws/install/vicon_receiver/include/boost/container/container_fwd.hpp\n'}
[24.028037] (vicon_receiver) StdoutLine: {'line': b'-- Installing: /home/ph/treasure/dockerBENCH/helios16p_ws/install/vicon_receiver/include/boost/container/deque.hpp\n'}
[24.030008] (vicon_receiver) StdoutLine: {'line': b'-- Installing: /home/ph/treasure/dockerBENCH/helios16p_ws/install/vicon_receiver/include/boost/container/vector.hpp\n'}
[24.033993] (vicon_receiver) StdoutLine: {'line': b'-- Installing: /home/ph/treasure/dockerBENCH/helios16p_ws/install/vicon_receiver/include/boost/container/scoped_allocator.hpp\n'}
[24.035938] (vicon_receiver) StdoutLine: {'line': b'-- Installing: /home/ph/treasure/dockerBENCH/helios16p_ws/install/vicon_receiver/include/boost/container/list.hpp\n'}
[24.038071] (vicon_receiver) StdoutLine: {'line': b'-- Installing: /home/ph/treasure/dockerBENCH/helios16p_ws/install/vicon_receiver/include/boost/container/new_allocator.hpp\n'}
[24.038966] (vicon_receiver) StdoutLine: {'line': b'-- Installing: /home/ph/treasure/dockerBENCH/helios16p_ws/install/vicon_receiver/include/boost/container/uses_allocator_fwd.hpp\n'}
[24.040212] (vicon_receiver) StdoutLine: {'line': b'-- Installing: /home/ph/treasure/dockerBENCH/helios16p_ws/install/vicon_receiver/include/boost/container/uses_allocator.hpp\n'}
[24.041426] (vicon_receiver) StdoutLine: {'line': b'-- Installing: /home/ph/treasure/dockerBENCH/helios16p_ws/install/vicon_receiver/include/boost/container/throw_exception.hpp\n'}
[24.043351] (vicon_receiver) StdoutLine: {'line': b'-- Installing: /home/ph/treasure/dockerBENCH/helios16p_ws/install/vicon_receiver/include/boost/container/options.hpp\n'}
[24.045497] (vicon_receiver) StdoutLine: {'line': b'-- Installing: /home/ph/treasure/dockerBENCH/helios16p_ws/install/vicon_receiver/include/boost/container/scoped_allocator_fwd.hpp\n'}
[24.047784] (vicon_receiver) StdoutLine: {'line': b'-- Installing: /home/ph/treasure/dockerBENCH/helios16p_ws/install/vicon_receiver/include/boost/container/allocator_traits.hpp\n'}
[24.050159] (vicon_receiver) StdoutLine: {'line': b'-- Installing: /home/ph/treasure/dockerBENCH/helios16p_ws/install/vicon_receiver/include/boost/filesystem\n'}
[24.050809] (vicon_receiver) StdoutLine: {'line': b'-- Installing: /home/ph/treasure/dockerBENCH/helios16p_ws/install/vicon_receiver/include/boost/filesystem/detail\n'}
[24.051312] (vicon_receiver) StdoutLine: {'line': b'-- Installing: /home/ph/treasure/dockerBENCH/helios16p_ws/install/vicon_receiver/include/boost/filesystem/detail/utf8_codecvt_facet.hpp\n'}
[24.052890] (vicon_receiver) StdoutLine: {'line': b'-- Installing: /home/ph/treasure/dockerBENCH/helios16p_ws/install/vicon_receiver/include/boost/filesystem/exception.hpp\n'}
[24.053457] (vicon_receiver) StdoutLine: {'line': b'-- Installing: /home/ph/treasure/dockerBENCH/helios16p_ws/install/vicon_receiver/include/boost/filesystem/config.hpp\n'}
[24.053875] (vicon_receiver) StdoutLine: {'line': b'-- Installing: /home/ph/treasure/dockerBENCH/helios16p_ws/install/vicon_receiver/include/boost/filesystem/path.hpp\n'}
[24.056103] (vicon_receiver) StdoutLine: {'line': b'-- Installing: /home/ph/treasure/dockerBENCH/helios16p_ws/install/vicon_receiver/include/boost/filesystem/convenience.hpp\n'}
[24.056892] (vicon_receiver) StdoutLine: {'line': b'-- Installing: /home/ph/treasure/dockerBENCH/helios16p_ws/install/vicon_receiver/include/boost/filesystem/string_file.hpp\n'}
[24.057340] (vicon_receiver) StdoutLine: {'line': b'-- Installing: /home/ph/treasure/dockerBENCH/helios16p_ws/install/vicon_receiver/include/boost/filesystem/path_traits.hpp\n'}
[24.060475] (vicon_receiver) StdoutLine: {'line': b'-- Installing: /home/ph/treasure/dockerBENCH/helios16p_ws/install/vicon_receiver/include/boost/filesystem/file_status.hpp\n'}
[24.061642] (vicon_receiver) StdoutLine: {'line': b'-- Installing: /home/ph/treasure/dockerBENCH/helios16p_ws/install/vicon_receiver/include/boost/filesystem/operations.hpp\n'}
[24.062108] (vicon_receiver) StdoutLine: {'line': b'-- Installing: /home/ph/treasure/dockerBENCH/helios16p_ws/install/vicon_receiver/include/boost/filesystem/directory.hpp\n'}
[24.062891] (vicon_receiver) StdoutLine: {'line': b'-- Installing: /home/ph/treasure/dockerBENCH/helios16p_ws/install/vicon_receiver/include/boost/filesystem/fstream.hpp\n'}
[24.065957] (vicon_receiver) StdoutLine: {'line': b'-- Installing: /home/ph/treasure/dockerBENCH/helios16p_ws/install/vicon_receiver/include/boost/atomic.hpp\n'}
[24.066297] (vicon_receiver) StdoutLine: {'line': b'-- Installing: /home/ph/treasure/dockerBENCH/helios16p_ws/install/vicon_receiver/include/boost/call_traits.hpp\n'}
[24.066506] (vicon_receiver) StdoutLine: {'line': b'-- Installing: /home/ph/treasure/dockerBENCH/helios16p_ws/install/vicon_receiver/include/boost/config.hpp\n'}
[24.066677] (vicon_receiver) StdoutLine: {'line': b'-- Installing: /home/ph/treasure/dockerBENCH/helios16p_ws/install/vicon_receiver/include/boost/preprocessor\n'}
[24.068345] (vicon_receiver) StdoutLine: {'line': b'-- Installing: /home/ph/treasure/dockerBENCH/helios16p_ws/install/vicon_receiver/include/boost/preprocessor/empty.hpp\n'}
[24.068734] (vicon_receiver) StdoutLine: {'line': b'-- Installing: /home/ph/treasure/dockerBENCH/helios16p_ws/install/vicon_receiver/include/boost/preprocessor/stringize.hpp\n'}
[24.070879] (vicon_receiver) StdoutLine: {'line': b'-- Installing: /home/ph/treasure/dockerBENCH/helios16p_ws/install/vicon_receiver/include/boost/preprocessor/enum_shifted_params.hpp\n'}
[24.072507] (vicon_receiver) StdoutLine: {'line': b'-- Installing: /home/ph/treasure/dockerBENCH/helios16p_ws/install/vicon_receiver/include/boost/preprocessor/logical\n'}
[24.073586] (vicon_receiver) StdoutLine: {'line': b'-- Installing: /home/ph/treasure/dockerBENCH/helios16p_ws/install/vicon_receiver/include/boost/preprocessor/logical/and.hpp\n'}
[24.075500] (vicon_receiver) StdoutLine: {'line': b'-- Installing: /home/ph/treasure/dockerBENCH/helios16p_ws/install/vicon_receiver/include/boost/preprocessor/logical/compl.hpp\n'}
[24.076884] (vicon_receiver) StdoutLine: {'line': b'-- Installing: /home/ph/treasure/dockerBENCH/helios16p_ws/install/vicon_receiver/include/boost/preprocessor/logical/bitand.hpp\n'}
[24.079130] (vicon_receiver) StdoutLine: {'line': b'-- Installing: /home/ph/treasure/dockerBENCH/helios16p_ws/install/vicon_receiver/include/boost/preprocessor/logical/bool.hpp\n'}
[24.081214] (vicon_receiver) StdoutLine: {'line': b'-- Installing: /home/ph/treasure/dockerBENCH/helios16p_ws/install/vicon_receiver/include/boost/preprocessor/logical/or.hpp\n'}
[24.082439] (vicon_receiver) StdoutLine: {'line': b'-- Installing: /home/ph/treasure/dockerBENCH/helios16p_ws/install/vicon_receiver/include/boost/preprocessor/logical/limits\n'}
[24.083023] (vicon_receiver) StdoutLine: {'line': b'-- Installing: /home/ph/treasure/dockerBENCH/helios16p_ws/install/vicon_receiver/include/boost/preprocessor/logical/limits/bool_1024.hpp\n'}
[24.085495] (vicon_receiver) StdoutLine: {'line': b'-- Installing: /home/ph/treasure/dockerBENCH/helios16p_ws/install/vicon_receiver/include/boost/preprocessor/logical/limits/bool_256.hpp\n'}
[24.087055] (vicon_receiver) StdoutLine: {'line': b'-- Installing: /home/ph/treasure/dockerBENCH/helios16p_ws/install/vicon_receiver/include/boost/preprocessor/logical/limits/bool_512.hpp\n'}
[24.087870] (vicon_receiver) StdoutLine: {'line': b'-- Installing: /home/ph/treasure/dockerBENCH/helios16p_ws/install/vicon_receiver/include/boost/preprocessor/logical/not.hpp\n'}
[24.089266] (vicon_receiver) StdoutLine: {'line': b'-- Installing: /home/ph/treasure/dockerBENCH/helios16p_ws/install/vicon_receiver/include/boost/preprocessor/logical/bitor.hpp\n'}
[24.089821] (vicon_receiver) StdoutLine: {'line': b'-- Installing: /home/ph/treasure/dockerBENCH/helios16p_ws/install/vicon_receiver/include/boost/preprocessor/expr_if.hpp\n'}
[24.090682] (vicon_receiver) StdoutLine: {'line': b'-- Installing: /home/ph/treasure/dockerBENCH/helios16p_ws/install/vicon_receiver/include/boost/preprocessor/iteration\n'}
[24.091184] (vicon_receiver) StdoutLine: {'line': b'-- Installing: /home/ph/treasure/dockerBENCH/helios16p_ws/install/vicon_receiver/include/boost/preprocessor/iteration/detail\n'}
[24.091640] (vicon_receiver) StdoutLine: {'line': b'-- Installing: /home/ph/treasure/dockerBENCH/helios16p_ws/install/vicon_receiver/include/boost/preprocessor/iteration/detail/start.hpp\n'}
[24.092201] (vicon_receiver) StdoutLine: {'line': b'-- Installing: /home/ph/treasure/dockerBENCH/helios16p_ws/install/vicon_receiver/include/boost/preprocessor/iteration/detail/rlocal.hpp\n'}
[24.093338] (vicon_receiver) StdoutLine: {'line': b'-- Installing: /home/ph/treasure/dockerBENCH/helios16p_ws/install/vicon_receiver/include/boost/preprocessor/iteration/detail/iter\n'}
[24.094221] (vicon_receiver) StdoutLine: {'line': b'-- Installing: /home/ph/treasure/dockerBENCH/helios16p_ws/install/vicon_receiver/include/boost/preprocessor/iteration/detail/iter/forward4.hpp\n'}
[24.095065] (vicon_receiver) StdoutLine: {'line': b'-- Installing: /home/ph/treasure/dockerBENCH/helios16p_ws/install/vicon_receiver/include/boost/preprocessor/iteration/detail/iter/reverse3.hpp\n'}
[24.096978] (vicon_receiver) StdoutLine: {'line': b'-- Installing: /home/ph/treasure/dockerBENCH/helios16p_ws/install/vicon_receiver/include/boost/preprocessor/iteration/detail/iter/forward5.hpp\n'}
[24.098927] (vicon_receiver) StdoutLine: {'line': b'-- Installing: /home/ph/treasure/dockerBENCH/helios16p_ws/install/vicon_receiver/include/boost/preprocessor/iteration/detail/iter/forward3.hpp\n'}
[24.100649] (vicon_receiver) StdoutLine: {'line': b'-- Installing: /home/ph/treasure/dockerBENCH/helios16p_ws/install/vicon_receiver/include/boost/preprocessor/iteration/detail/iter/reverse1.hpp\n'}
[24.102299] (vicon_receiver) StdoutLine: {'line': b'-- Installing: /home/ph/treasure/dockerBENCH/helios16p_ws/install/vicon_receiver/include/boost/preprocessor/iteration/detail/iter/forward2.hpp\n'}
[24.103732] (vicon_receiver) StdoutLine: {'line': b'-- Installing: /home/ph/treasure/dockerBENCH/helios16p_ws/install/vicon_receiver/include/boost/preprocessor/iteration/detail/iter/reverse4.hpp\n'}
[24.105483] (vicon_receiver) StdoutLine: {'line': b'-- Installing: /home/ph/treasure/dockerBENCH/helios16p_ws/install/vicon_receiver/include/boost/preprocessor/iteration/detail/iter/reverse5.hpp\n'}
[24.106796] (vicon_receiver) StdoutLine: {'line': b'-- Installing: /home/ph/treasure/dockerBENCH/helios16p_ws/install/vicon_receiver/include/boost/preprocessor/iteration/detail/iter/forward1.hpp\n'}
[24.107511] (vicon_receiver) StdoutLine: {'line': b'-- Installing: /home/ph/treasure/dockerBENCH/helios16p_ws/install/vicon_receiver/include/boost/preprocessor/iteration/detail/iter/reverse2.hpp\n'}
[24.107992] (-) TimerEvent: {}
[24.110248] (vicon_receiver) StdoutLine: {'line': b'-- Installing: /home/ph/treasure/dockerBENCH/helios16p_ws/install/vicon_receiver/include/boost/preprocessor/iteration/detail/iter/limits\n'}
[24.111237] (vicon_receiver) StdoutLine: {'line': b'-- Installing: /home/ph/treasure/dockerBENCH/helios16p_ws/install/vicon_receiver/include/boost/preprocessor/iteration/detail/iter/limits/reverse1_256.hpp\n'}
[24.111855] (vicon_receiver) StdoutLine: {'line': b'-- Installing: /home/ph/treasure/dockerBENCH/helios16p_ws/install/vicon_receiver/include/boost/preprocessor/iteration/detail/iter/limits/reverse5_1024.hpp\n'}
[24.114551] (vicon_receiver) StdoutLine: {'line': b'-- Installing: /home/ph/treasure/dockerBENCH/helios16p_ws/install/vicon_receiver/include/boost/preprocessor/iteration/detail/iter/limits/reverse2_512.hpp\n'}
[24.115943] (vicon_receiver) StdoutLine: {'line': b'-- Installing: /home/ph/treasure/dockerBENCH/helios16p_ws/install/vicon_receiver/include/boost/preprocessor/iteration/detail/iter/limits/forward5_512.hpp\n'}
[24.117789] (vicon_receiver) StdoutLine: {'line': b'-- Installing: /home/ph/treasure/dockerBENCH/helios16p_ws/install/vicon_receiver/include/boost/preprocessor/iteration/detail/iter/limits/reverse5_256.hpp\n'}
[24.120387] (vicon_receiver) StdoutLine: {'line': b'-- Installing: /home/ph/treasure/dockerBENCH/helios16p_ws/install/vicon_receiver/include/boost/preprocessor/iteration/detail/iter/limits/forward1_1024.hpp\n'}
[24.122541] (vicon_receiver) StdoutLine: {'line': b'-- Installing: /home/ph/treasure/dockerBENCH/helios16p_ws/install/vicon_receiver/include/boost/preprocessor/iteration/detail/iter/limits/reverse4_256.hpp\n'}
[24.124372] (vicon_receiver) StdoutLine: {'line': b'-- Installing: /home/ph/treasure/dockerBENCH/helios16p_ws/install/vicon_receiver/include/boost/preprocessor/iteration/detail/iter/limits/reverse1_1024.hpp\n'}
[24.126116] (vicon_receiver) StdoutLine: {'line': b'-- Installing: /home/ph/treasure/dockerBENCH/helios16p_ws/install/vicon_receiver/include/boost/preprocessor/iteration/detail/iter/limits/reverse3_256.hpp\n'}
[24.128206] (vicon_receiver) StdoutLine: {'line': b'-- Installing: /home/ph/treasure/dockerBENCH/helios16p_ws/install/vicon_receiver/include/boost/preprocessor/iteration/detail/iter/limits/forward5_256.hpp\n'}
[24.130196] (vicon_receiver) StdoutLine: {'line': b'-- Installing: /home/ph/treasure/dockerBENCH/helios16p_ws/install/vicon_receiver/include/boost/preprocessor/iteration/detail/iter/limits/forward4_1024.hpp\n'}
[24.132484] (vicon_receiver) StdoutLine: {'line': b'-- Installing: /home/ph/treasure/dockerBENCH/helios16p_ws/install/vicon_receiver/include/boost/preprocessor/iteration/detail/iter/limits/forward4_512.hpp\n'}
[24.134849] (vicon_receiver) StdoutLine: {'line': b'-- Installing: /home/ph/treasure/dockerBENCH/helios16p_ws/install/vicon_receiver/include/boost/preprocessor/iteration/detail/iter/limits/reverse4_512.hpp\n'}
[24.137482] (vicon_receiver) StdoutLine: {'line': b'-- Installing: /home/ph/treasure/dockerBENCH/helios16p_ws/install/vicon_receiver/include/boost/preprocessor/iteration/detail/iter/limits/reverse1_512.hpp\n'}
[24.140258] (vicon_receiver) StdoutLine: {'line': b'-- Installing: /home/ph/treasure/dockerBENCH/helios16p_ws/install/vicon_receiver/include/boost/preprocessor/iteration/detail/iter/limits/forward3_1024.hpp\n'}
[24.142505] (vicon_receiver) StdoutLine: {'line': b'-- Installing: /home/ph/treasure/dockerBENCH/helios16p_ws/install/vicon_receiver/include/boost/preprocessor/iteration/detail/iter/limits/forward3_512.hpp\n'}
[24.144805] (vicon_receiver) StdoutLine: {'line': b'-- Installing: /home/ph/treasure/dockerBENCH/helios16p_ws/install/vicon_receiver/include/boost/preprocessor/iteration/detail/iter/limits/reverse2_256.hpp\n'}
[24.146707] (vicon_receiver) StdoutLine: {'line': b'-- Installing: /home/ph/treasure/dockerBENCH/helios16p_ws/install/vicon_receiver/include/boost/preprocessor/iteration/detail/iter/limits/forward1_512.hpp\n'}
[24.148699] (vicon_receiver) StdoutLine: {'line': b'-- Installing: /home/ph/treasure/dockerBENCH/helios16p_ws/install/vicon_receiver/include/boost/preprocessor/iteration/detail/iter/limits/forward2_1024.hpp\n'}
[24.150797] (vicon_receiver) StdoutLine: {'line': b'-- Installing: /home/ph/treasure/dockerBENCH/helios16p_ws/install/vicon_receiver/include/boost/preprocessor/iteration/detail/iter/limits/reverse3_1024.hpp\n'}
[24.153556] (vicon_receiver) StdoutLine: {'line': b'-- Installing: /home/ph/treasure/dockerBENCH/helios16p_ws/install/vicon_receiver/include/boost/preprocessor/iteration/detail/iter/limits/forward1_256.hpp\n'}
[24.156074] (vicon_receiver) StdoutLine: {'line': b'-- Installing: /home/ph/treasure/dockerBENCH/helios16p_ws/install/vicon_receiver/include/boost/preprocessor/iteration/detail/iter/limits/forward3_256.hpp\n'}
[24.158895] (vicon_receiver) StdoutLine: {'line': b'-- Installing: /home/ph/treasure/dockerBENCH/helios16p_ws/install/vicon_receiver/include/boost/preprocessor/iteration/detail/iter/limits/forward2_512.hpp\n'}
[24.161890] (vicon_receiver) StdoutLine: {'line': b'-- Installing: /home/ph/treasure/dockerBENCH/helios16p_ws/install/vicon_receiver/include/boost/preprocessor/iteration/detail/iter/limits/reverse4_1024.hpp\n'}
[24.164886] (vicon_receiver) StdoutLine: {'line': b'-- Installing: /home/ph/treasure/dockerBENCH/helios16p_ws/install/vicon_receiver/include/boost/preprocessor/iteration/detail/iter/limits/reverse2_1024.hpp\n'}
[24.167035] (vicon_receiver) StdoutLine: {'line': b'-- Installing: /home/ph/treasure/dockerBENCH/helios16p_ws/install/vicon_receiver/include/boost/preprocessor/iteration/detail/iter/limits/forward4_256.hpp\n'}
[24.168949] (vicon_receiver) StdoutLine: {'line': b'-- Installing: /home/ph/treasure/dockerBENCH/helios16p_ws/install/vicon_receiver/include/boost/preprocessor/iteration/detail/iter/limits/forward2_256.hpp\n'}
[24.171167] (vicon_receiver) StdoutLine: {'line': b'-- Installing: /home/ph/treasure/dockerBENCH/helios16p_ws/install/vicon_receiver/include/boost/preprocessor/iteration/detail/iter/limits/forward5_1024.hpp\n'}
[24.173920] (vicon_receiver) StdoutLine: {'line': b'-- Installing: /home/ph/treasure/dockerBENCH/helios16p_ws/install/vicon_receiver/include/boost/preprocessor/iteration/detail/iter/limits/reverse3_512.hpp\n'}
[24.176621] (vicon_receiver) StdoutLine: {'line': b'-- Installing: /home/ph/treasure/dockerBENCH/helios16p_ws/install/vicon_receiver/include/boost/preprocessor/iteration/detail/iter/limits/reverse5_512.hpp\n'}
[24.180176] (vicon_receiver) StdoutLine: {'line': b'-- Installing: /home/ph/treasure/dockerBENCH/helios16p_ws/install/vicon_receiver/include/boost/preprocessor/iteration/detail/finish.hpp\n'}
[24.182383] (vicon_receiver) StdoutLine: {'line': b'-- Installing: /home/ph/treasure/dockerBENCH/helios16p_ws/install/vicon_receiver/include/boost/preprocessor/iteration/detail/self.hpp\n'}
[24.182949] (vicon_receiver) StdoutLine: {'line': b'-- Installing: /home/ph/treasure/dockerBENCH/helios16p_ws/install/vicon_receiver/include/boost/preprocessor/iteration/detail/bounds\n'}
[24.183971] (vicon_receiver) StdoutLine: {'line': b'-- Installing: /home/ph/treasure/dockerBENCH/helios16p_ws/install/vicon_receiver/include/boost/preprocessor/iteration/detail/bounds/lower5.hpp\n'}
[24.184382] (vicon_receiver) StdoutLine: {'line': b'-- Installing: /home/ph/treasure/dockerBENCH/helios16p_ws/install/vicon_receiver/include/boost/preprocessor/iteration/detail/bounds/lower2.hpp\n'}
[24.184765] (vicon_receiver) StdoutLine: {'line': b'-- Installing: /home/ph/treasure/dockerBENCH/helios16p_ws/install/vicon_receiver/include/boost/preprocessor/iteration/detail/bounds/upper5.hpp\n'}
[24.186120] (vicon_receiver) StdoutLine: {'line': b'-- Installing: /home/ph/treasure/dockerBENCH/helios16p_ws/install/vicon_receiver/include/boost/preprocessor/iteration/detail/bounds/lower4.hpp\n'}
[24.187060] (vicon_receiver) StdoutLine: {'line': b'-- Installing: /home/ph/treasure/dockerBENCH/helios16p_ws/install/vicon_receiver/include/boost/preprocessor/iteration/detail/bounds/lower3.hpp\n'}
[24.188084] (vicon_receiver) StdoutLine: {'line': b'-- Installing: /home/ph/treasure/dockerBENCH/helios16p_ws/install/vicon_receiver/include/boost/preprocessor/iteration/detail/bounds/upper1.hpp\n'}
[24.189029] (vicon_receiver) StdoutLine: {'line': b'-- Installing: /home/ph/treasure/dockerBENCH/helios16p_ws/install/vicon_receiver/include/boost/preprocessor/iteration/detail/bounds/upper4.hpp\n'}
[24.190031] (vicon_receiver) StdoutLine: {'line': b'-- Installing: /home/ph/treasure/dockerBENCH/helios16p_ws/install/vicon_receiver/include/boost/preprocessor/iteration/detail/bounds/upper2.hpp\n'}
[24.191002] (vicon_receiver) StdoutLine: {'line': b'-- Installing: /home/ph/treasure/dockerBENCH/helios16p_ws/install/vicon_receiver/include/boost/preprocessor/iteration/detail/bounds/lower1.hpp\n'}
[24.191926] (vicon_receiver) StdoutLine: {'line': b'-- Installing: /home/ph/treasure/dockerBENCH/helios16p_ws/install/vicon_receiver/include/boost/preprocessor/iteration/detail/bounds/upper3.hpp\n'}
[24.194370] (vicon_receiver) StdoutLine: {'line': b'-- Installing: /home/ph/treasure/dockerBENCH/helios16p_ws/install/vicon_receiver/include/boost/preprocessor/iteration/detail/local.hpp\n'}
[24.196527] (vicon_receiver) StdoutLine: {'line': b'-- Installing: /home/ph/treasure/dockerBENCH/helios16p_ws/install/vicon_receiver/include/boost/preprocessor/iteration/detail/limits\n'}
[24.197102] (vicon_receiver) StdoutLine: {'line': b'-- Installing: /home/ph/treasure/dockerBENCH/helios16p_ws/install/vicon_receiver/include/boost/preprocessor/iteration/detail/limits/rlocal_256.hpp\n'}
[24.198412] (vicon_receiver) StdoutLine: {'line': b'-- Installing: /home/ph/treasure/dockerBENCH/helios16p_ws/install/vicon_receiver/include/boost/preprocessor/iteration/detail/limits/local_1024.hpp\n'}
[24.199871] (vicon_receiver) StdoutLine: {'line': b'-- Installing: /home/ph/treasure/dockerBENCH/helios16p_ws/install/vicon_receiver/include/boost/preprocessor/iteration/detail/limits/local_256.hpp\n'}
[24.201024] (vicon_receiver) StdoutLine: {'line': b'-- Installing: /home/ph/treasure/dockerBENCH/helios16p_ws/install/vicon_receiver/include/boost/preprocessor/iteration/detail/limits/local_512.hpp\n'}
[24.202428] (vicon_receiver) StdoutLine: {'line': b'-- Installing: /home/ph/treasure/dockerBENCH/helios16p_ws/install/vicon_receiver/include/boost/preprocessor/iteration/detail/limits/rlocal_512.hpp\n'}
[24.203491] (vicon_receiver) StdoutLine: {'line': b'-- Installing: /home/ph/treasure/dockerBENCH/helios16p_ws/install/vicon_receiver/include/boost/preprocessor/iteration/detail/limits/rlocal_1024.hpp\n'}
[24.204908] (vicon_receiver) StdoutLine: {'line': b'-- Installing: /home/ph/treasure/dockerBENCH/helios16p_ws/install/vicon_receiver/include/boost/preprocessor/iteration/iterate.hpp\n'}
[24.205742] (vicon_receiver) StdoutLine: {'line': b'-- Installing: /home/ph/treasure/dockerBENCH/helios16p_ws/install/vicon_receiver/include/boost/preprocessor/iteration/self.hpp\n'}
[24.206441] (vicon_receiver) StdoutLine: {'line': b'-- Installing: /home/ph/treasure/dockerBENCH/helios16p_ws/install/vicon_receiver/include/boost/preprocessor/iteration/local.hpp\n'}
[24.207084] (vicon_receiver) StdoutLine: {'line': b'-- Installing: /home/ph/treasure/dockerBENCH/helios16p_ws/install/vicon_receiver/include/boost/preprocessor/config\n'}
[24.207628] (vicon_receiver) StdoutLine: {'line': b'-- Installing: /home/ph/treasure/dockerBENCH/helios16p_ws/install/vicon_receiver/include/boost/preprocessor/config/config.hpp\n'}
[24.208077] (-) TimerEvent: {}
[24.208848] (vicon_receiver) StdoutLine: {'line': b'-- Installing: /home/ph/treasure/dockerBENCH/helios16p_ws/install/vicon_receiver/include/boost/preprocessor/config/limits.hpp\n'}
[24.209533] (vicon_receiver) StdoutLine: {'line': b'-- Installing: /home/ph/treasure/dockerBENCH/helios16p_ws/install/vicon_receiver/include/boost/preprocessor/detail\n'}
[24.210054] (vicon_receiver) StdoutLine: {'line': b'-- Installing: /home/ph/treasure/dockerBENCH/helios16p_ws/install/vicon_receiver/include/boost/preprocessor/detail/is_binary.hpp\n'}
[24.211727] (vicon_receiver) StdoutLine: {'line': b'-- Installing: /home/ph/treasure/dockerBENCH/helios16p_ws/install/vicon_receiver/include/boost/preprocessor/detail/is_unary.hpp\n'}
[24.212402] (vicon_receiver) StdoutLine: {'line': b'-- Installing: /home/ph/treasure/dockerBENCH/helios16p_ws/install/vicon_receiver/include/boost/preprocessor/detail/auto_rec.hpp\n'}
[24.214546] (vicon_receiver) StdoutLine: {'line': b'-- Installing: /home/ph/treasure/dockerBENCH/helios16p_ws/install/vicon_receiver/include/boost/preprocessor/detail/check.hpp\n'}
[24.214929] (vicon_receiver) StdoutLine: {'line': b'-- Installing: /home/ph/treasure/dockerBENCH/helios16p_ws/install/vicon_receiver/include/boost/preprocessor/detail/dmc\n'}
[24.215189] (vicon_receiver) StdoutLine: {'line': b'-- Installing: /home/ph/treasure/dockerBENCH/helios16p_ws/install/vicon_receiver/include/boost/preprocessor/detail/dmc/auto_rec.hpp\n'}
[24.215481] (vicon_receiver) StdoutLine: {'line': b'-- Installing: /home/ph/treasure/dockerBENCH/helios16p_ws/install/vicon_receiver/include/boost/preprocessor/detail/limits\n'}
[24.215706] (vicon_receiver) StdoutLine: {'line': b'-- Installing: /home/ph/treasure/dockerBENCH/helios16p_ws/install/vicon_receiver/include/boost/preprocessor/detail/limits/auto_rec_512.hpp\n'}
[24.216128] (vicon_receiver) StdoutLine: {'line': b'-- Installing: /home/ph/treasure/dockerBENCH/helios16p_ws/install/vicon_receiver/include/boost/preprocessor/detail/limits/auto_rec_1024.hpp\n'}
[24.217264] (vicon_receiver) StdoutLine: {'line': b'-- Installing: /home/ph/treasure/dockerBENCH/helios16p_ws/install/vicon_receiver/include/boost/preprocessor/detail/limits/auto_rec_256.hpp\n'}
[24.219005] (vicon_receiver) StdoutLine: {'line': b'-- Installing: /home/ph/treasure/dockerBENCH/helios16p_ws/install/vicon_receiver/include/boost/preprocessor/list\n'}
[24.219405] (vicon_receiver) StdoutLine: {'line': b'-- Installing: /home/ph/treasure/dockerBENCH/helios16p_ws/install/vicon_receiver/include/boost/preprocessor/list/adt.hpp\n'}
[24.220144] (vicon_receiver) StdoutLine: {'line': b'-- Installing: /home/ph/treasure/dockerBENCH/helios16p_ws/install/vicon_receiver/include/boost/preprocessor/list/detail\n'}
[24.220558] (vicon_receiver) StdoutLine: {'line': b'-- Installing: /home/ph/treasure/dockerBENCH/helios16p_ws/install/vicon_receiver/include/boost/preprocessor/list/detail/fold_left.hpp\n'}
[24.221107] (vicon_receiver) StdoutLine: {'line': b'-- Installing: /home/ph/treasure/dockerBENCH/helios16p_ws/install/vicon_receiver/include/boost/preprocessor/list/detail/edg\n'}
[24.221698] (vicon_receiver) StdoutLine: {'line': b'-- Installing: /home/ph/treasure/dockerBENCH/helios16p_ws/install/vicon_receiver/include/boost/preprocessor/list/detail/edg/fold_left.hpp\n'}
[24.222834] (vicon_receiver) StdoutLine: {'line': b'-- Installing: /home/ph/treasure/dockerBENCH/helios16p_ws/install/vicon_receiver/include/boost/preprocessor/list/detail/edg/fold_right.hpp\n'}
[24.224073] (vicon_receiver) StdoutLine: {'line': b'-- Installing: /home/ph/treasure/dockerBENCH/helios16p_ws/install/vicon_receiver/include/boost/preprocessor/list/detail/edg/limits\n'}
[24.224625] (vicon_receiver) StdoutLine: {'line': b'-- Installing: /home/ph/treasure/dockerBENCH/helios16p_ws/install/vicon_receiver/include/boost/preprocessor/list/detail/edg/limits/fold_right_1024.hpp\n'}
[24.227506] (vicon_receiver) StdoutLine: {'line': b'-- Installing: /home/ph/treasure/dockerBENCH/helios16p_ws/install/vicon_receiver/include/boost/preprocessor/list/detail/edg/limits/fold_right_512.hpp\n'}
[24.229206] (vicon_receiver) StdoutLine: {'line': b'-- Installing: /home/ph/treasure/dockerBENCH/helios16p_ws/install/vicon_receiver/include/boost/preprocessor/list/detail/edg/limits/fold_left_512.hpp\n'}
[24.231549] (vicon_receiver) StdoutLine: {'line': b'-- Installing: /home/ph/treasure/dockerBENCH/helios16p_ws/install/vicon_receiver/include/boost/preprocessor/list/detail/edg/limits/fold_left_256.hpp\n'}
[24.233341] (vicon_receiver) StdoutLine: {'line': b'-- Installing: /home/ph/treasure/dockerBENCH/helios16p_ws/install/vicon_receiver/include/boost/preprocessor/list/detail/edg/limits/fold_left_1024.hpp\n'}
[24.234958] (vicon_receiver) StdoutLine: {'line': b'-- Installing: /home/ph/treasure/dockerBENCH/helios16p_ws/install/vicon_receiver/include/boost/preprocessor/list/detail/edg/limits/fold_right_256.hpp\n'}
[24.236829] (vicon_receiver) StdoutLine: {'line': b'-- Installing: /home/ph/treasure/dockerBENCH/helios16p_ws/install/vicon_receiver/include/boost/preprocessor/list/detail/dmc\n'}
[24.237331] (vicon_receiver) StdoutLine: {'line': b'-- Installing: /home/ph/treasure/dockerBENCH/helios16p_ws/install/vicon_receiver/include/boost/preprocessor/list/detail/dmc/fold_left.hpp\n'}
[24.238594] (vicon_receiver) StdoutLine: {'line': b'-- Installing: /home/ph/treasure/dockerBENCH/helios16p_ws/install/vicon_receiver/include/boost/preprocessor/list/detail/fold_right.hpp\n'}
[24.240009] (vicon_receiver) StdoutLine: {'line': b'-- Installing: /home/ph/treasure/dockerBENCH/helios16p_ws/install/vicon_receiver/include/boost/preprocessor/list/detail/limits\n'}
[24.240484] (vicon_receiver) StdoutLine: {'line': b'-- Installing: /home/ph/treasure/dockerBENCH/helios16p_ws/install/vicon_receiver/include/boost/preprocessor/list/detail/limits/fold_right_1024.hpp\n'}
[24.241848] (vicon_receiver) StdoutLine: {'line': b'-- Installing: /home/ph/treasure/dockerBENCH/helios16p_ws/install/vicon_receiver/include/boost/preprocessor/list/detail/limits/fold_right_512.hpp\n'}
[24.244318] (vicon_receiver) StdoutLine: {'line': b'-- Installing: /home/ph/treasure/dockerBENCH/helios16p_ws/install/vicon_receiver/include/boost/preprocessor/list/detail/limits/fold_left_512.hpp\n'}
[24.245640] (vicon_receiver) StdoutLine: {'line': b'-- Installing: /home/ph/treasure/dockerBENCH/helios16p_ws/install/vicon_receiver/include/boost/preprocessor/list/detail/limits/fold_left_256.hpp\n'}
[24.247383] (vicon_receiver) StdoutLine: {'line': b'-- Installing: /home/ph/treasure/dockerBENCH/helios16p_ws/install/vicon_receiver/include/boost/preprocessor/list/detail/limits/fold_left_1024.hpp\n'}
[24.248969] (vicon_receiver) StdoutLine: {'line': b'-- Installing: /home/ph/treasure/dockerBENCH/helios16p_ws/install/vicon_receiver/include/boost/preprocessor/list/detail/limits/fold_right_256.hpp\n'}
[24.250689] (vicon_receiver) StdoutLine: {'line': b'-- Installing: /home/ph/treasure/dockerBENCH/helios16p_ws/install/vicon_receiver/include/boost/preprocessor/list/fold_left.hpp\n'}
[24.252190] (vicon_receiver) StdoutLine: {'line': b'-- Installing: /home/ph/treasure/dockerBENCH/helios16p_ws/install/vicon_receiver/include/boost/preprocessor/list/reverse.hpp\n'}
[24.253135] (vicon_receiver) StdoutLine: {'line': b'-- Installing: /home/ph/treasure/dockerBENCH/helios16p_ws/install/vicon_receiver/include/boost/preprocessor/list/for_each_i.hpp\n'}
[24.253834] (vicon_receiver) StdoutLine: {'line': b'-- Installing: /home/ph/treasure/dockerBENCH/helios16p_ws/install/vicon_receiver/include/boost/preprocessor/list/fold_right.hpp\n'}
[24.254631] (vicon_receiver) StdoutLine: {'line': b'-- Installing: /home/ph/treasure/dockerBENCH/helios16p_ws/install/vicon_receiver/include/boost/preprocessor/list/limits\n'}
[24.255101] (vicon_receiver) StdoutLine: {'line': b'-- Installing: /home/ph/treasure/dockerBENCH/helios16p_ws/install/vicon_receiver/include/boost/preprocessor/list/limits/fold_left_512.hpp\n'}
[24.256781] (vicon_receiver) StdoutLine: {'line': b'-- Installing: /home/ph/treasure/dockerBENCH/helios16p_ws/install/vicon_receiver/include/boost/preprocessor/list/limits/fold_left_256.hpp\n'}
[24.258659] (vicon_receiver) StdoutLine: {'line': b'-- Installing: /home/ph/treasure/dockerBENCH/helios16p_ws/install/vicon_receiver/include/boost/preprocessor/list/limits/fold_left_1024.hpp\n'}
[24.262616] (vicon_receiver) StdoutLine: {'line': b'-- Installing: /home/ph/treasure/dockerBENCH/helios16p_ws/install/vicon_receiver/include/boost/preprocessor/facilities\n'}
[24.263090] (vicon_receiver) StdoutLine: {'line': b'-- Installing: /home/ph/treasure/dockerBENCH/helios16p_ws/install/vicon_receiver/include/boost/preprocessor/facilities/empty.hpp\n'}
[24.264369] (vicon_receiver) StdoutLine: {'line': b'-- Installing: /home/ph/treasure/dockerBENCH/helios16p_ws/install/vicon_receiver/include/boost/preprocessor/facilities/is_empty_variadic.hpp\n'}
[24.265046] (vicon_receiver) StdoutLine: {'line': b'-- Installing: /home/ph/treasure/dockerBENCH/helios16p_ws/install/vicon_receiver/include/boost/preprocessor/facilities/detail\n'}
[24.265648] (vicon_receiver) StdoutLine: {'line': b'-- Installing: /home/ph/treasure/dockerBENCH/helios16p_ws/install/vicon_receiver/include/boost/preprocessor/facilities/detail/is_empty.hpp\n'}
[24.266586] (vicon_receiver) StdoutLine: {'line': b'-- Installing: /home/ph/treasure/dockerBENCH/helios16p_ws/install/vicon_receiver/include/boost/preprocessor/facilities/check_empty.hpp\n'}
[24.267600] (vicon_receiver) StdoutLine: {'line': b'-- Installing: /home/ph/treasure/dockerBENCH/helios16p_ws/install/vicon_receiver/include/boost/preprocessor/facilities/expand.hpp\n'}
[24.268654] (vicon_receiver) StdoutLine: {'line': b'-- Installing: /home/ph/treasure/dockerBENCH/helios16p_ws/install/vicon_receiver/include/boost/preprocessor/facilities/is_empty.hpp\n'}
[24.270178] (vicon_receiver) StdoutLine: {'line': b'-- Installing: /home/ph/treasure/dockerBENCH/helios16p_ws/install/vicon_receiver/include/boost/preprocessor/facilities/identity.hpp\n'}
[24.271132] (vicon_receiver) StdoutLine: {'line': b'-- Installing: /home/ph/treasure/dockerBENCH/helios16p_ws/install/vicon_receiver/include/boost/preprocessor/facilities/overload.hpp\n'}
[24.272071] (vicon_receiver) StdoutLine: {'line': b'-- Installing: /home/ph/treasure/dockerBENCH/helios16p_ws/install/vicon_receiver/include/boost/preprocessor/facilities/is_1.hpp\n'}
[24.273030] (vicon_receiver) StdoutLine: {'line': b'-- Installing: /home/ph/treasure/dockerBENCH/helios16p_ws/install/vicon_receiver/include/boost/preprocessor/facilities/intercept.hpp\n'}
[24.274338] (vicon_receiver) StdoutLine: {'line': b'-- Installing: /home/ph/treasure/dockerBENCH/helios16p_ws/install/vicon_receiver/include/boost/preprocessor/facilities/limits\n'}
[24.274726] (vicon_receiver) StdoutLine: {'line': b'-- Installing: /home/ph/treasure/dockerBENCH/helios16p_ws/install/vicon_receiver/include/boost/preprocessor/facilities/limits/intercept_1024.hpp\n'}
[24.276017] (vicon_receiver) StdoutLine: {'line': b'-- Installing: /home/ph/treasure/dockerBENCH/helios16p_ws/install/vicon_receiver/include/boost/preprocessor/facilities/limits/intercept_512.hpp\n'}
[24.278275] (vicon_receiver) StdoutLine: {'line': b'-- Installing: /home/ph/treasure/dockerBENCH/helios16p_ws/install/vicon_receiver/include/boost/preprocessor/facilities/limits/intercept_256.hpp\n'}
[24.278626] (vicon_receiver) StdoutLine: {'line': b'-- Installing: /home/ph/treasure/dockerBENCH/helios16p_ws/install/vicon_receiver/include/boost/preprocessor/arithmetic\n'}
[24.279112] (vicon_receiver) StdoutLine: {'line': b'-- Installing: /home/ph/treasure/dockerBENCH/helios16p_ws/install/vicon_receiver/include/boost/preprocessor/arithmetic/detail\n'}
[24.279343] (vicon_receiver) StdoutLine: {'line': b'-- Installing: /home/ph/treasure/dockerBENCH/helios16p_ws/install/vicon_receiver/include/boost/preprocessor/arithmetic/detail/is_1_number.hpp\n'}
[24.281511] (vicon_receiver) StdoutLine: {'line': b'-- Installing: /home/ph/treasure/dockerBENCH/helios16p_ws/install/vicon_receiver/include/boost/preprocessor/arithmetic/detail/div_base.hpp\n'}
[24.281939] (vicon_receiver) StdoutLine: {'line': b'-- Installing: /home/ph/treasure/dockerBENCH/helios16p_ws/install/vicon_receiver/include/boost/preprocessor/arithmetic/detail/maximum_number.hpp\n'}
[24.283152] (vicon_receiver) StdoutLine: {'line': b'-- Installing: /home/ph/treasure/dockerBENCH/helios16p_ws/install/vicon_receiver/include/boost/preprocessor/arithmetic/detail/is_maximum_number.hpp\n'}
[24.284276] (vicon_receiver) StdoutLine: {'line': b'-- Installing: /home/ph/treasure/dockerBENCH/helios16p_ws/install/vicon_receiver/include/boost/preprocessor/arithmetic/detail/is_minimum_number.hpp\n'}
[24.285589] (vicon_receiver) StdoutLine: {'line': b'-- Installing: /home/ph/treasure/dockerBENCH/helios16p_ws/install/vicon_receiver/include/boost/preprocessor/arithmetic/sub.hpp\n'}
[24.286503] (vicon_receiver) StdoutLine: {'line': b'-- Installing: /home/ph/treasure/dockerBENCH/helios16p_ws/install/vicon_receiver/include/boost/preprocessor/arithmetic/add.hpp\n'}
[24.287495] (vicon_receiver) StdoutLine: {'line': b'-- Installing: /home/ph/treasure/dockerBENCH/helios16p_ws/install/vicon_receiver/include/boost/preprocessor/arithmetic/div.hpp\n'}
[24.288392] (vicon_receiver) StdoutLine: {'line': b'-- Installing: /home/ph/treasure/dockerBENCH/helios16p_ws/install/vicon_receiver/include/boost/preprocessor/arithmetic/inc.hpp\n'}
[24.289484] (vicon_receiver) StdoutLine: {'line': b'-- Installing: /home/ph/treasure/dockerBENCH/helios16p_ws/install/vicon_receiver/include/boost/preprocessor/arithmetic/dec.hpp\n'}
[24.290560] (vicon_receiver) StdoutLine: {'line': b'-- Installing: /home/ph/treasure/dockerBENCH/helios16p_ws/install/vicon_receiver/include/boost/preprocessor/arithmetic/mul.hpp\n'}
[24.291489] (vicon_receiver) StdoutLine: {'line': b'-- Installing: /home/ph/treasure/dockerBENCH/helios16p_ws/install/vicon_receiver/include/boost/preprocessor/arithmetic/limits\n'}
[24.292041] (vicon_receiver) StdoutLine: {'line': b'-- Installing: /home/ph/treasure/dockerBENCH/helios16p_ws/install/vicon_receiver/include/boost/preprocessor/arithmetic/limits/inc_256.hpp\n'}
[24.293525] (vicon_receiver) StdoutLine: {'line': b'-- Installing: /home/ph/treasure/dockerBENCH/helios16p_ws/install/vicon_receiver/include/boost/preprocessor/arithmetic/limits/dec_512.hpp\n'}
[24.294063] (vicon_receiver) StdoutLine: {'line': b'-- Installing: /home/ph/treasure/dockerBENCH/helios16p_ws/install/vicon_receiver/include/boost/preprocessor/arithmetic/limits/inc_1024.hpp\n'}
[24.295769] (vicon_receiver) StdoutLine: {'line': b'-- Installing: /home/ph/treasure/dockerBENCH/helios16p_ws/install/vicon_receiver/include/boost/preprocessor/arithmetic/limits/dec_256.hpp\n'}
[24.296675] (vicon_receiver) StdoutLine: {'line': b'-- Installing: /home/ph/treasure/dockerBENCH/helios16p_ws/install/vicon_receiver/include/boost/preprocessor/arithmetic/limits/dec_1024.hpp\n'}
[24.297837] (vicon_receiver) StdoutLine: {'line': b'-- Installing: /home/ph/treasure/dockerBENCH/helios16p_ws/install/vicon_receiver/include/boost/preprocessor/arithmetic/limits/inc_512.hpp\n'}
[24.299553] (vicon_receiver) StdoutLine: {'line': b'-- Installing: /home/ph/treasure/dockerBENCH/helios16p_ws/install/vicon_receiver/include/boost/preprocessor/arithmetic/mod.hpp\n'}
[24.300184] (vicon_receiver) StdoutLine: {'line': b'-- Installing: /home/ph/treasure/dockerBENCH/helios16p_ws/install/vicon_receiver/include/boost/preprocessor/array\n'}
[24.300814] (vicon_receiver) StdoutLine: {'line': b'-- Installing: /home/ph/treasure/dockerBENCH/helios16p_ws/install/vicon_receiver/include/boost/preprocessor/array/elem.hpp\n'}
[24.301876] (vicon_receiver) StdoutLine: {'line': b'-- Installing: /home/ph/treasure/dockerBENCH/helios16p_ws/install/vicon_receiver/include/boost/preprocessor/array/size.hpp\n'}
[24.302873] (vicon_receiver) StdoutLine: {'line': b'-- Installing: /home/ph/treasure/dockerBENCH/helios16p_ws/install/vicon_receiver/include/boost/preprocessor/array/data.hpp\n'}
[24.303892] (vicon_receiver) StdoutLine: {'line': b'-- Installing: /home/ph/treasure/dockerBENCH/helios16p_ws/install/vicon_receiver/include/boost/preprocessor/enum_params_with_a_default.hpp\n'}
[24.304755] (vicon_receiver) StdoutLine: {'line': b'-- Installing: /home/ph/treasure/dockerBENCH/helios16p_ws/install/vicon_receiver/include/boost/preprocessor/comma_if.hpp\n'}
[24.305639] (vicon_receiver) StdoutLine: {'line': b'-- Installing: /home/ph/treasure/dockerBENCH/helios16p_ws/install/vicon_receiver/include/boost/preprocessor/inc.hpp\n'}
[24.306562] (vicon_receiver) StdoutLine: {'line': b'-- Installing: /home/ph/treasure/dockerBENCH/helios16p_ws/install/vicon_receiver/include/boost/preprocessor/comparison\n'}
[24.306935] (vicon_receiver) StdoutLine: {'line': b'-- Installing: /home/ph/treasure/dockerBENCH/helios16p_ws/install/vicon_receiver/include/boost/preprocessor/comparison/not_equal.hpp\n'}
[24.308196] (-) TimerEvent: {}
[24.308752] (vicon_receiver) StdoutLine: {'line': b'-- Installing: /home/ph/treasure/dockerBENCH/helios16p_ws/install/vicon_receiver/include/boost/preprocessor/comparison/less_equal.hpp\n'}
[24.309896] (vicon_receiver) StdoutLine: {'line': b'-- Installing: /home/ph/treasure/dockerBENCH/helios16p_ws/install/vicon_receiver/include/boost/preprocessor/comparison/less.hpp\n'}
[24.310895] (vicon_receiver) StdoutLine: {'line': b'-- Installing: /home/ph/treasure/dockerBENCH/helios16p_ws/install/vicon_receiver/include/boost/preprocessor/comparison/limits\n'}
[24.311489] (vicon_receiver) StdoutLine: {'line': b'-- Installing: /home/ph/treasure/dockerBENCH/helios16p_ws/install/vicon_receiver/include/boost/preprocessor/comparison/limits/not_equal_1024.hpp\n'}
[24.315103] (vicon_receiver) StdoutLine: {'line': b'-- Installing: /home/ph/treasure/dockerBENCH/helios16p_ws/install/vicon_receiver/include/boost/preprocessor/comparison/limits/not_equal_512.hpp\n'}
[24.316367] (vicon_receiver) StdoutLine: {'line': b'-- Installing: /home/ph/treasure/dockerBENCH/helios16p_ws/install/vicon_receiver/include/boost/preprocessor/comparison/limits/not_equal_256.hpp\n'}
[24.318428] (vicon_receiver) StdoutLine: {'line': b'-- Installing: /home/ph/treasure/dockerBENCH/helios16p_ws/install/vicon_receiver/include/boost/preprocessor/comparison/equal.hpp\n'}
[24.319744] (vicon_receiver) StdoutLine: {'line': b'-- Installing: /home/ph/treasure/dockerBENCH/helios16p_ws/install/vicon_receiver/include/boost/preprocessor/enum_params.hpp\n'}
[24.320269] (vicon_receiver) StdoutLine: {'line': b'-- Installing: /home/ph/treasure/dockerBENCH/helios16p_ws/install/vicon_receiver/include/boost/preprocessor/repetition\n'}
[24.320818] (vicon_receiver) StdoutLine: {'line': b'-- Installing: /home/ph/treasure/dockerBENCH/helios16p_ws/install/vicon_receiver/include/boost/preprocessor/repetition/enum_shifted_params.hpp\n'}
[24.321695] (vicon_receiver) StdoutLine: {'line': b'-- Installing: /home/ph/treasure/dockerBENCH/helios16p_ws/install/vicon_receiver/include/boost/preprocessor/repetition/detail\n'}
[24.322080] (vicon_receiver) StdoutLine: {'line': b'-- Installing: /home/ph/treasure/dockerBENCH/helios16p_ws/install/vicon_receiver/include/boost/preprocessor/repetition/detail/for.hpp\n'}
[24.323827] (vicon_receiver) StdoutLine: {'line': b'-- Installing: /home/ph/treasure/dockerBENCH/helios16p_ws/install/vicon_receiver/include/boost/preprocessor/repetition/detail/edg\n'}
[24.324390] (vicon_receiver) StdoutLine: {'line': b'-- Installing: /home/ph/treasure/dockerBENCH/helios16p_ws/install/vicon_receiver/include/boost/preprocessor/repetition/detail/edg/for.hpp\n'}
[24.327806] (vicon_receiver) StdoutLine: {'line': b'-- Installing: /home/ph/treasure/dockerBENCH/helios16p_ws/install/vicon_receiver/include/boost/preprocessor/repetition/detail/edg/limits\n'}
[24.328394] (vicon_receiver) StdoutLine: {'line': b'-- Installing: /home/ph/treasure/dockerBENCH/helios16p_ws/install/vicon_receiver/include/boost/preprocessor/repetition/detail/edg/limits/for_256.hpp\n'}
[24.329763] (vicon_receiver) StdoutLine: {'line': b'-- Installing: /home/ph/treasure/dockerBENCH/helios16p_ws/install/vicon_receiver/include/boost/preprocessor/repetition/detail/edg/limits/for_512.hpp\n'}
[24.331571] (vicon_receiver) StdoutLine: {'line': b'-- Installing: /home/ph/treasure/dockerBENCH/helios16p_ws/install/vicon_receiver/include/boost/preprocessor/repetition/detail/edg/limits/for_1024.hpp\n'}
[24.334247] (vicon_receiver) StdoutLine: {'line': b'-- Installing: /home/ph/treasure/dockerBENCH/helios16p_ws/install/vicon_receiver/include/boost/preprocessor/repetition/detail/msvc\n'}
[24.334860] (vicon_receiver) StdoutLine: {'line': b'-- Installing: /home/ph/treasure/dockerBENCH/helios16p_ws/install/vicon_receiver/include/boost/preprocessor/repetition/detail/msvc/for.hpp\n'}
[24.336291] (vicon_receiver) StdoutLine: {'line': b'-- Installing: /home/ph/treasure/dockerBENCH/helios16p_ws/install/vicon_receiver/include/boost/preprocessor/repetition/detail/dmc\n'}
[24.336808] (vicon_receiver) StdoutLine: {'line': b'-- Installing: /home/ph/treasure/dockerBENCH/helios16p_ws/install/vicon_receiver/include/boost/preprocessor/repetition/detail/dmc/for.hpp\n'}
[24.339020] (vicon_receiver) StdoutLine: {'line': b'-- Installing: /home/ph/treasure/dockerBENCH/helios16p_ws/install/vicon_receiver/include/boost/preprocessor/repetition/detail/limits\n'}
[24.339513] (vicon_receiver) StdoutLine: {'line': b'-- Installing: /home/ph/treasure/dockerBENCH/helios16p_ws/install/vicon_receiver/include/boost/preprocessor/repetition/detail/limits/for_256.hpp\n'}
[24.341251] (vicon_receiver) StdoutLine: {'line': b'-- Installing: /home/ph/treasure/dockerBENCH/helios16p_ws/install/vicon_receiver/include/boost/preprocessor/repetition/detail/limits/for_512.hpp\n'}
[24.342615] (vicon_receiver) StdoutLine: {'line': b'-- Installing: /home/ph/treasure/dockerBENCH/helios16p_ws/install/vicon_receiver/include/boost/preprocessor/repetition/detail/limits/for_1024.hpp\n'}
[24.346436] (vicon_receiver) StdoutLine: {'line': b'-- Installing: /home/ph/treasure/dockerBENCH/helios16p_ws/install/vicon_receiver/include/boost/preprocessor/repetition/enum_shifted.hpp\n'}
[24.347064] (vicon_receiver) StdoutLine: {'line': b'-- Installing: /home/ph/treasure/dockerBENCH/helios16p_ws/install/vicon_receiver/include/boost/preprocessor/repetition/for.hpp\n'}
[24.349126] (vicon_receiver) StdoutLine: {'line': b'-- Installing: /home/ph/treasure/dockerBENCH/helios16p_ws/install/vicon_receiver/include/boost/preprocessor/repetition/enum_params_with_a_default.hpp\n'}
[24.350175] (vicon_receiver) StdoutLine: {'line': b'-- Installing: /home/ph/treasure/dockerBENCH/helios16p_ws/install/vicon_receiver/include/boost/preprocessor/repetition/enum_params.hpp\n'}
[24.351137] (vicon_receiver) StdoutLine: {'line': b'-- Installing: /home/ph/treasure/dockerBENCH/helios16p_ws/install/vicon_receiver/include/boost/preprocessor/repetition/enum_trailing.hpp\n'}
[24.352129] (vicon_receiver) StdoutLine: {'line': b'-- Installing: /home/ph/treasure/dockerBENCH/helios16p_ws/install/vicon_receiver/include/boost/preprocessor/repetition/enum_trailing_params.hpp\n'}
[24.353438] (vicon_receiver) StdoutLine: {'line': b'-- Installing: /home/ph/treasure/dockerBENCH/helios16p_ws/install/vicon_receiver/include/boost/preprocessor/repetition/enum.hpp\n'}
[24.354124] (vicon_receiver) StdoutLine: {'line': b'-- Installing: /home/ph/treasure/dockerBENCH/helios16p_ws/install/vicon_receiver/include/boost/preprocessor/repetition/enum_binary_params.hpp\n'}
[24.355136] (vicon_receiver) StdoutLine: {'line': b'-- Installing: /home/ph/treasure/dockerBENCH/helios16p_ws/install/vicon_receiver/include/boost/preprocessor/repetition/repeat.hpp\n'}
[24.356937] (vicon_receiver) StdoutLine: {'line': b'-- Installing: /home/ph/treasure/dockerBENCH/helios16p_ws/install/vicon_receiver/include/boost/preprocessor/repetition/limits\n'}
[24.357368] (vicon_receiver) StdoutLine: {'line': b'-- Installing: /home/ph/treasure/dockerBENCH/helios16p_ws/install/vicon_receiver/include/boost/preprocessor/repetition/limits/for_256.hpp\n'}
[24.358665] (vicon_receiver) StdoutLine: {'line': b'-- Installing: /home/ph/treasure/dockerBENCH/helios16p_ws/install/vicon_receiver/include/boost/preprocessor/repetition/limits/repeat_1024.hpp\n'}
[24.362248] (vicon_receiver) StdoutLine: {'line': b'-- Installing: /home/ph/treasure/dockerBENCH/helios16p_ws/install/vicon_receiver/include/boost/preprocessor/repetition/limits/repeat_256.hpp\n'}
[24.365029] (vicon_receiver) StdoutLine: {'line': b'-- Installing: /home/ph/treasure/dockerBENCH/helios16p_ws/install/vicon_receiver/include/boost/preprocessor/repetition/limits/repeat_512.hpp\n'}
[24.367000] (vicon_receiver) StdoutLine: {'line': b'-- Installing: /home/ph/treasure/dockerBENCH/helios16p_ws/install/vicon_receiver/include/boost/preprocessor/repetition/limits/for_512.hpp\n'}
[24.368093] (vicon_receiver) StdoutLine: {'line': b'-- Installing: /home/ph/treasure/dockerBENCH/helios16p_ws/install/vicon_receiver/include/boost/preprocessor/repetition/limits/for_1024.hpp\n'}
[24.369741] (vicon_receiver) StdoutLine: {'line': b'-- Installing: /home/ph/treasure/dockerBENCH/helios16p_ws/install/vicon_receiver/include/boost/preprocessor/repetition/repeat_from_to.hpp\n'}
[24.370881] (vicon_receiver) StdoutLine: {'line': b'-- Installing: /home/ph/treasure/dockerBENCH/helios16p_ws/install/vicon_receiver/include/boost/preprocessor/dec.hpp\n'}
[24.371849] (vicon_receiver) StdoutLine: {'line': b'-- Installing: /home/ph/treasure/dockerBENCH/helios16p_ws/install/vicon_receiver/include/boost/preprocessor/identity.hpp\n'}
[24.372955] (vicon_receiver) StdoutLine: {'line': b'-- Installing: /home/ph/treasure/dockerBENCH/helios16p_ws/install/vicon_receiver/include/boost/preprocessor/iterate.hpp\n'}
[24.373591] (vicon_receiver) StdoutLine: {'line': b'-- Installing: /home/ph/treasure/dockerBENCH/helios16p_ws/install/vicon_receiver/include/boost/preprocessor/variadic\n'}
[24.374023] (vicon_receiver) StdoutLine: {'line': b'-- Installing: /home/ph/treasure/dockerBENCH/helios16p_ws/install/vicon_receiver/include/boost/preprocessor/variadic/detail\n'}
[24.374553] (vicon_receiver) StdoutLine: {'line': b'-- Installing: /home/ph/treasure/dockerBENCH/helios16p_ws/install/vicon_receiver/include/boost/preprocessor/variadic/detail/has_opt.hpp\n'}
[24.375606] (vicon_receiver) StdoutLine: {'line': b'-- Installing: /home/ph/treasure/dockerBENCH/helios16p_ws/install/vicon_receiver/include/boost/preprocessor/variadic/elem.hpp\n'}
[24.376777] (vicon_receiver) StdoutLine: {'line': b'-- Installing: /home/ph/treasure/dockerBENCH/helios16p_ws/install/vicon_receiver/include/boost/preprocessor/variadic/has_opt.hpp\n'}
[24.378335] (vicon_receiver) StdoutLine: {'line': b'-- Installing: /home/ph/treasure/dockerBENCH/helios16p_ws/install/vicon_receiver/include/boost/preprocessor/variadic/limits\n'}
[24.378691] (vicon_receiver) StdoutLine: {'line': b'-- Installing: /home/ph/treasure/dockerBENCH/helios16p_ws/install/vicon_receiver/include/boost/preprocessor/variadic/limits/size_256.hpp\n'}
[24.379989] (vicon_receiver) StdoutLine: {'line': b'-- Installing: /home/ph/treasure/dockerBENCH/helios16p_ws/install/vicon_receiver/include/boost/preprocessor/variadic/limits/size_128.hpp\n'}
[24.381330] (vicon_receiver) StdoutLine: {'line': b'-- Installing: /home/ph/treasure/dockerBENCH/helios16p_ws/install/vicon_receiver/include/boost/preprocessor/variadic/limits/elem_64.hpp\n'}
[24.382466] (vicon_receiver) StdoutLine: {'line': b'-- Installing: /home/ph/treasure/dockerBENCH/helios16p_ws/install/vicon_receiver/include/boost/preprocessor/variadic/limits/elem_128.hpp\n'}
[24.384371] (vicon_receiver) StdoutLine: {'line': b'-- Installing: /home/ph/treasure/dockerBENCH/helios16p_ws/install/vicon_receiver/include/boost/preprocessor/variadic/limits/size_64.hpp\n'}
[24.385479] (vicon_receiver) StdoutLine: {'line': b'-- Installing: /home/ph/treasure/dockerBENCH/helios16p_ws/install/vicon_receiver/include/boost/preprocessor/variadic/limits/elem_256.hpp\n'}
[24.388248] (vicon_receiver) StdoutLine: {'line': b'-- Installing: /home/ph/treasure/dockerBENCH/helios16p_ws/install/vicon_receiver/include/boost/preprocessor/variadic/size.hpp\n'}
[24.389239] (vicon_receiver) StdoutLine: {'line': b'-- Installing: /home/ph/treasure/dockerBENCH/helios16p_ws/install/vicon_receiver/include/boost/preprocessor/if.hpp\n'}
[24.390315] (vicon_receiver) StdoutLine: {'line': b'-- Installing: /home/ph/treasure/dockerBENCH/helios16p_ws/install/vicon_receiver/include/boost/preprocessor/control\n'}
[24.390752] (vicon_receiver) StdoutLine: {'line': b'-- Installing: /home/ph/treasure/dockerBENCH/helios16p_ws/install/vicon_receiver/include/boost/preprocessor/control/expr_if.hpp\n'}
[24.391800] (vicon_receiver) StdoutLine: {'line': b'-- Installing: /home/ph/treasure/dockerBENCH/helios16p_ws/install/vicon_receiver/include/boost/preprocessor/control/detail\n'}
[24.393431] (vicon_receiver) StdoutLine: {'line': b'-- Installing: /home/ph/treasure/dockerBENCH/helios16p_ws/install/vicon_receiver/include/boost/preprocessor/control/detail/while.hpp\n'}
[24.395527] (vicon_receiver) StdoutLine: {'line': b'-- Installing: /home/ph/treasure/dockerBENCH/helios16p_ws/install/vicon_receiver/include/boost/preprocessor/control/detail/edg\n'}
[24.395869] (vicon_receiver) StdoutLine: {'line': b'-- Installing: /home/ph/treasure/dockerBENCH/helios16p_ws/install/vicon_receiver/include/boost/preprocessor/control/detail/edg/while.hpp\n'}
[24.397800] (vicon_receiver) StdoutLine: {'line': b'-- Installing: /home/ph/treasure/dockerBENCH/helios16p_ws/install/vicon_receiver/include/boost/preprocessor/control/detail/edg/limits\n'}
[24.399764] (vicon_receiver) StdoutLine: {'line': b'-- Installing: /home/ph/treasure/dockerBENCH/helios16p_ws/install/vicon_receiver/include/boost/preprocessor/control/detail/edg/limits/while_1024.hpp\n'}
[24.401520] (vicon_receiver) StdoutLine: {'line': b'-- Installing: /home/ph/treasure/dockerBENCH/helios16p_ws/install/vicon_receiver/include/boost/preprocessor/control/detail/edg/limits/while_512.hpp\n'}
[24.403789] (vicon_receiver) StdoutLine: {'line': b'-- Installing: /home/ph/treasure/dockerBENCH/helios16p_ws/install/vicon_receiver/include/boost/preprocessor/control/detail/edg/limits/while_256.hpp\n'}
[24.405452] (vicon_receiver) StdoutLine: {'line': b'-- Installing: /home/ph/treasure/dockerBENCH/helios16p_ws/install/vicon_receiver/include/boost/preprocessor/control/detail/msvc\n'}
[24.405895] (vicon_receiver) StdoutLine: {'line': b'-- Installing: /home/ph/treasure/dockerBENCH/helios16p_ws/install/vicon_receiver/include/boost/preprocessor/control/detail/msvc/while.hpp\n'}
[24.407324] (vicon_receiver) StdoutLine: {'line': b'-- Installing: /home/ph/treasure/dockerBENCH/helios16p_ws/install/vicon_receiver/include/boost/preprocessor/control/detail/dmc\n'}
[24.407730] (vicon_receiver) StdoutLine: {'line': b'-- Installing: /home/ph/treasure/dockerBENCH/helios16p_ws/install/vicon_receiver/include/boost/preprocessor/control/detail/dmc/while.hpp\n'}
[24.408331] (-) TimerEvent: {}
[24.410743] (vicon_receiver) StdoutLine: {'line': b'-- Installing: /home/ph/treasure/dockerBENCH/helios16p_ws/install/vicon_receiver/include/boost/preprocessor/control/detail/limits\n'}
[24.411677] (vicon_receiver) StdoutLine: {'line': b'-- Installing: /home/ph/treasure/dockerBENCH/helios16p_ws/install/vicon_receiver/include/boost/preprocessor/control/detail/limits/while_1024.hpp\n'}
[24.413896] (vicon_receiver) StdoutLine: {'line': b'-- Installing: /home/ph/treasure/dockerBENCH/helios16p_ws/install/vicon_receiver/include/boost/preprocessor/control/detail/limits/while_512.hpp\n'}
[24.418198] (vicon_receiver) StdoutLine: {'line': b'-- Installing: /home/ph/treasure/dockerBENCH/helios16p_ws/install/vicon_receiver/include/boost/preprocessor/control/detail/limits/while_256.hpp\n'}
[24.420262] (vicon_receiver) StdoutLine: {'line': b'-- Installing: /home/ph/treasure/dockerBENCH/helios16p_ws/install/vicon_receiver/include/boost/preprocessor/control/expr_iif.hpp\n'}
[24.421417] (vicon_receiver) StdoutLine: {'line': b'-- Installing: /home/ph/treasure/dockerBENCH/helios16p_ws/install/vicon_receiver/include/boost/preprocessor/control/iif.hpp\n'}
[24.422755] (vicon_receiver) StdoutLine: {'line': b'-- Installing: /home/ph/treasure/dockerBENCH/helios16p_ws/install/vicon_receiver/include/boost/preprocessor/control/deduce_d.hpp\n'}
[24.423819] (vicon_receiver) StdoutLine: {'line': b'-- Installing: /home/ph/treasure/dockerBENCH/helios16p_ws/install/vicon_receiver/include/boost/preprocessor/control/if.hpp\n'}
[24.424902] (vicon_receiver) StdoutLine: {'line': b'-- Installing: /home/ph/treasure/dockerBENCH/helios16p_ws/install/vicon_receiver/include/boost/preprocessor/control/while.hpp\n'}
[24.425835] (vicon_receiver) StdoutLine: {'line': b'-- Installing: /home/ph/treasure/dockerBENCH/helios16p_ws/install/vicon_receiver/include/boost/preprocessor/control/limits\n'}
[24.426423] (vicon_receiver) StdoutLine: {'line': b'-- Installing: /home/ph/treasure/dockerBENCH/helios16p_ws/install/vicon_receiver/include/boost/preprocessor/control/limits/while_1024.hpp\n'}
[24.429846] (vicon_receiver) StdoutLine: {'line': b'-- Installing: /home/ph/treasure/dockerBENCH/helios16p_ws/install/vicon_receiver/include/boost/preprocessor/control/limits/while_512.hpp\n'}
[24.432842] (vicon_receiver) StdoutLine: {'line': b'-- Installing: /home/ph/treasure/dockerBENCH/helios16p_ws/install/vicon_receiver/include/boost/preprocessor/control/limits/while_256.hpp\n'}
[24.433254] (vicon_receiver) StdoutLine: {'line': b'-- Installing: /home/ph/treasure/dockerBENCH/helios16p_ws/install/vicon_receiver/include/boost/preprocessor/tuple\n'}
[24.434418] (vicon_receiver) StdoutLine: {'line': b'-- Installing: /home/ph/treasure/dockerBENCH/helios16p_ws/install/vicon_receiver/include/boost/preprocessor/tuple/detail\n'}
[24.434692] (vicon_receiver) StdoutLine: {'line': b'-- Installing: /home/ph/treasure/dockerBENCH/helios16p_ws/install/vicon_receiver/include/boost/preprocessor/tuple/detail/is_single_return.hpp\n'}
[24.435562] (vicon_receiver) StdoutLine: {'line': b'-- Installing: /home/ph/treasure/dockerBENCH/helios16p_ws/install/vicon_receiver/include/boost/preprocessor/tuple/rem.hpp\n'}
[24.437271] (vicon_receiver) StdoutLine: {'line': b'-- Installing: /home/ph/treasure/dockerBENCH/helios16p_ws/install/vicon_receiver/include/boost/preprocessor/tuple/elem.hpp\n'}
[24.439126] (vicon_receiver) StdoutLine: {'line': b'-- Installing: /home/ph/treasure/dockerBENCH/helios16p_ws/install/vicon_receiver/include/boost/preprocessor/tuple/eat.hpp\n'}
[24.440592] (vicon_receiver) StdoutLine: {'line': b'-- Installing: /home/ph/treasure/dockerBENCH/helios16p_ws/install/vicon_receiver/include/boost/preprocessor/tuple/limits\n'}
[24.440963] (vicon_receiver) StdoutLine: {'line': b'-- Installing: /home/ph/treasure/dockerBENCH/helios16p_ws/install/vicon_receiver/include/boost/preprocessor/tuple/limits/to_list_256.hpp\n'}
[24.447033] (vicon_receiver) StdoutLine: {'line': b'-- Installing: /home/ph/treasure/dockerBENCH/helios16p_ws/install/vicon_receiver/include/boost/preprocessor/tuple/limits/to_list_128.hpp\n'}
[24.447851] (vicon_receiver) StdoutLine: {'line': b'-- Installing: /home/ph/treasure/dockerBENCH/helios16p_ws/install/vicon_receiver/include/boost/preprocessor/tuple/limits/to_list_64.hpp\n'}
[24.452089] (vicon_receiver) StdoutLine: {'line': b'-- Installing: /home/ph/treasure/dockerBENCH/helios16p_ws/install/vicon_receiver/include/boost/preprocessor/tuple/size.hpp\n'}
[24.452693] (vicon_receiver) StdoutLine: {'line': b'-- Installing: /home/ph/treasure/dockerBENCH/helios16p_ws/install/vicon_receiver/include/boost/preprocessor/tuple/to_list.hpp\n'}
[24.453049] (vicon_receiver) StdoutLine: {'line': b'-- Installing: /home/ph/treasure/dockerBENCH/helios16p_ws/install/vicon_receiver/include/boost/preprocessor/enum.hpp\n'}
[24.453512] (vicon_receiver) StdoutLine: {'line': b'-- Installing: /home/ph/treasure/dockerBENCH/helios16p_ws/install/vicon_receiver/include/boost/preprocessor/punctuation\n'}
[24.453811] (vicon_receiver) StdoutLine: {'line': b'-- Installing: /home/ph/treasure/dockerBENCH/helios16p_ws/install/vicon_receiver/include/boost/preprocessor/punctuation/detail\n'}
[24.454200] (vicon_receiver) StdoutLine: {'line': b'-- Installing: /home/ph/treasure/dockerBENCH/helios16p_ws/install/vicon_receiver/include/boost/preprocessor/punctuation/detail/is_begin_parens.hpp\n'}
[24.455529] (vicon_receiver) StdoutLine: {'line': b'-- Installing: /home/ph/treasure/dockerBENCH/helios16p_ws/install/vicon_receiver/include/boost/preprocessor/punctuation/comma_if.hpp\n'}
[24.456752] (vicon_receiver) StdoutLine: {'line': b'-- Installing: /home/ph/treasure/dockerBENCH/helios16p_ws/install/vicon_receiver/include/boost/preprocessor/punctuation/comma.hpp\n'}
[24.457912] (vicon_receiver) StdoutLine: {'line': b'-- Installing: /home/ph/treasure/dockerBENCH/helios16p_ws/install/vicon_receiver/include/boost/preprocessor/punctuation/is_begin_parens.hpp\n'}
[24.459053] (vicon_receiver) StdoutLine: {'line': b'-- Installing: /home/ph/treasure/dockerBENCH/helios16p_ws/install/vicon_receiver/include/boost/preprocessor/cat.hpp\n'}
[24.461790] (vicon_receiver) StdoutLine: {'line': b'-- Installing: /home/ph/treasure/dockerBENCH/helios16p_ws/install/vicon_receiver/include/boost/preprocessor/slot\n'}
[24.462408] (vicon_receiver) StdoutLine: {'line': b'-- Installing: /home/ph/treasure/dockerBENCH/helios16p_ws/install/vicon_receiver/include/boost/preprocessor/slot/detail\n'}
[24.462954] (vicon_receiver) StdoutLine: {'line': b'-- Installing: /home/ph/treasure/dockerBENCH/helios16p_ws/install/vicon_receiver/include/boost/preprocessor/slot/detail/counter.hpp\n'}
[24.464083] (vicon_receiver) StdoutLine: {'line': b'-- Installing: /home/ph/treasure/dockerBENCH/helios16p_ws/install/vicon_receiver/include/boost/preprocessor/slot/detail/def.hpp\n'}
[24.464649] (vicon_receiver) StdoutLine: {'line': b'-- Installing: /home/ph/treasure/dockerBENCH/helios16p_ws/install/vicon_receiver/include/boost/preprocessor/slot/detail/slot1.hpp\n'}
[24.465336] (vicon_receiver) StdoutLine: {'line': b'-- Installing: /home/ph/treasure/dockerBENCH/helios16p_ws/install/vicon_receiver/include/boost/preprocessor/slot/detail/slot3.hpp\n'}
[24.467454] (vicon_receiver) StdoutLine: {'line': b'-- Installing: /home/ph/treasure/dockerBENCH/helios16p_ws/install/vicon_receiver/include/boost/preprocessor/slot/detail/slot5.hpp\n'}
[24.468141] (vicon_receiver) StdoutLine: {'line': b'-- Installing: /home/ph/treasure/dockerBENCH/helios16p_ws/install/vicon_receiver/include/boost/preprocessor/slot/detail/shared.hpp\n'}
[24.469080] (vicon_receiver) StdoutLine: {'line': b'-- Installing: /home/ph/treasure/dockerBENCH/helios16p_ws/install/vicon_receiver/include/boost/preprocessor/slot/detail/slot2.hpp\n'}
[24.470548] (vicon_receiver) StdoutLine: {'line': b'-- Installing: /home/ph/treasure/dockerBENCH/helios16p_ws/install/vicon_receiver/include/boost/preprocessor/slot/detail/slot4.hpp\n'}
[24.472051] (vicon_receiver) StdoutLine: {'line': b'-- Installing: /home/ph/treasure/dockerBENCH/helios16p_ws/install/vicon_receiver/include/boost/preprocessor/slot/slot.hpp\n'}
[24.472558] (vicon_receiver) StdoutLine: {'line': b'-- Installing: /home/ph/treasure/dockerBENCH/helios16p_ws/install/vicon_receiver/include/boost/preprocessor/debug\n'}
[24.472893] (vicon_receiver) StdoutLine: {'line': b'-- Installing: /home/ph/treasure/dockerBENCH/helios16p_ws/install/vicon_receiver/include/boost/preprocessor/debug/error.hpp\n'}
[24.473355] (vicon_receiver) StdoutLine: {'line': b'-- Installing: /home/ph/treasure/dockerBENCH/helios16p_ws/install/vicon_receiver/include/boost/preprocessor/repeat.hpp\n'}
[24.474339] (vicon_receiver) StdoutLine: {'line': b'-- Installing: /home/ph/treasure/dockerBENCH/helios16p_ws/install/vicon_receiver/include/boost/preprocessor/repeat_from_to.hpp\n'}
[24.475272] (vicon_receiver) StdoutLine: {'line': b'-- Installing: /home/ph/treasure/dockerBENCH/helios16p_ws/install/vicon_receiver/include/boost/preprocessor/seq\n'}
[24.475793] (vicon_receiver) StdoutLine: {'line': b'-- Installing: /home/ph/treasure/dockerBENCH/helios16p_ws/install/vicon_receiver/include/boost/preprocessor/seq/transform.hpp\n'}
[24.476534] (vicon_receiver) StdoutLine: {'line': b'-- Installing: /home/ph/treasure/dockerBENCH/helios16p_ws/install/vicon_receiver/include/boost/preprocessor/seq/first_n.hpp\n'}
[24.478622] (vicon_receiver) StdoutLine: {'line': b'-- Installing: /home/ph/treasure/dockerBENCH/helios16p_ws/install/vicon_receiver/include/boost/preprocessor/seq/detail\n'}
[24.479360] (vicon_receiver) StdoutLine: {'line': b'-- Installing: /home/ph/treasure/dockerBENCH/helios16p_ws/install/vicon_receiver/include/boost/preprocessor/seq/detail/is_empty.hpp\n'}
[24.480101] (vicon_receiver) StdoutLine: {'line': b'-- Installing: /home/ph/treasure/dockerBENCH/helios16p_ws/install/vicon_receiver/include/boost/preprocessor/seq/detail/split.hpp\n'}
[24.481067] (vicon_receiver) StdoutLine: {'line': b'-- Installing: /home/ph/treasure/dockerBENCH/helios16p_ws/install/vicon_receiver/include/boost/preprocessor/seq/detail/limits\n'}
[24.481663] (vicon_receiver) StdoutLine: {'line': b'-- Installing: /home/ph/treasure/dockerBENCH/helios16p_ws/install/vicon_receiver/include/boost/preprocessor/seq/detail/limits/split_512.hpp\n'}
[24.482963] (vicon_receiver) StdoutLine: {'line': b'-- Installing: /home/ph/treasure/dockerBENCH/helios16p_ws/install/vicon_receiver/include/boost/preprocessor/seq/detail/limits/split_1024.hpp\n'}
[24.485459] (vicon_receiver) StdoutLine: {'line': b'-- Installing: /home/ph/treasure/dockerBENCH/helios16p_ws/install/vicon_receiver/include/boost/preprocessor/seq/detail/limits/split_256.hpp\n'}
[24.486738] (vicon_receiver) StdoutLine: {'line': b'-- Installing: /home/ph/treasure/dockerBENCH/helios16p_ws/install/vicon_receiver/include/boost/preprocessor/seq/fold_left.hpp\n'}
[24.491518] (vicon_receiver) StdoutLine: {'line': b'-- Installing: /home/ph/treasure/dockerBENCH/helios16p_ws/install/vicon_receiver/include/boost/preprocessor/seq/seq.hpp\n'}
[24.492975] (vicon_receiver) StdoutLine: {'line': b'-- Installing: /home/ph/treasure/dockerBENCH/helios16p_ws/install/vicon_receiver/include/boost/preprocessor/seq/rest_n.hpp\n'}
[24.494108] (vicon_receiver) StdoutLine: {'line': b'-- Installing: /home/ph/treasure/dockerBENCH/helios16p_ws/install/vicon_receiver/include/boost/preprocessor/seq/elem.hpp\n'}
[24.496626] (vicon_receiver) StdoutLine: {'line': b'-- Installing: /home/ph/treasure/dockerBENCH/helios16p_ws/install/vicon_receiver/include/boost/preprocessor/seq/subseq.hpp\n'}
[24.497955] (vicon_receiver) StdoutLine: {'line': b'-- Installing: /home/ph/treasure/dockerBENCH/helios16p_ws/install/vicon_receiver/include/boost/preprocessor/seq/for_each_i.hpp\n'}
[24.499073] (vicon_receiver) StdoutLine: {'line': b'-- Installing: /home/ph/treasure/dockerBENCH/helios16p_ws/install/vicon_receiver/include/boost/preprocessor/seq/enum.hpp\n'}
[24.501115] (vicon_receiver) StdoutLine: {'line': b'-- Installing: /home/ph/treasure/dockerBENCH/helios16p_ws/install/vicon_receiver/include/boost/preprocessor/seq/cat.hpp\n'}
[24.502785] (vicon_receiver) StdoutLine: {'line': b'-- Installing: /home/ph/treasure/dockerBENCH/helios16p_ws/install/vicon_receiver/include/boost/preprocessor/seq/limits\n'}
[24.503398] (vicon_receiver) StdoutLine: {'line': b'-- Installing: /home/ph/treasure/dockerBENCH/helios16p_ws/install/vicon_receiver/include/boost/preprocessor/seq/limits/size_512.hpp\n'}
[24.505405] (vicon_receiver) StdoutLine: {'line': b'-- Installing: /home/ph/treasure/dockerBENCH/helios16p_ws/install/vicon_receiver/include/boost/preprocessor/seq/limits/enum_256.hpp\n'}
[24.506723] (vicon_receiver) StdoutLine: {'line': b'-- Installing: /home/ph/treasure/dockerBENCH/helios16p_ws/install/vicon_receiver/include/boost/preprocessor/seq/limits/enum_512.hpp\n'}
[24.508203] (vicon_receiver) StdoutLine: {'line': b'-- Installing: /home/ph/treasure/dockerBENCH/helios16p_ws/install/vicon_receiver/include/boost/preprocessor/seq/limits/size_1024.hpp\n'}
[24.508564] (-) TimerEvent: {}
[24.509724] (vicon_receiver) StdoutLine: {'line': b'-- Installing: /home/ph/treasure/dockerBENCH/helios16p_ws/install/vicon_receiver/include/boost/preprocessor/seq/limits/size_256.hpp\n'}
[24.510859] (vicon_receiver) StdoutLine: {'line': b'-- Installing: /home/ph/treasure/dockerBENCH/helios16p_ws/install/vicon_receiver/include/boost/preprocessor/seq/limits/elem_1024.hpp\n'}
[24.513507] (vicon_receiver) StdoutLine: {'line': b'-- Installing: /home/ph/treasure/dockerBENCH/helios16p_ws/install/vicon_receiver/include/boost/preprocessor/seq/limits/elem_512.hpp\n'}
[24.516312] (vicon_receiver) StdoutLine: {'line': b'-- Installing: /home/ph/treasure/dockerBENCH/helios16p_ws/install/vicon_receiver/include/boost/preprocessor/seq/limits/enum_1024.hpp\n'}
[24.516647] (vicon_receiver) StdoutLine: {'line': b'-- Installing: /home/ph/treasure/dockerBENCH/helios16p_ws/install/vicon_receiver/include/boost/preprocessor/seq/limits/fold_left_512.hpp\n'}
[24.518954] (vicon_receiver) StdoutLine: {'line': b'-- Installing: /home/ph/treasure/dockerBENCH/helios16p_ws/install/vicon_receiver/include/boost/preprocessor/seq/limits/fold_left_256.hpp\n'}
[24.521477] (vicon_receiver) StdoutLine: {'line': b'-- Installing: /home/ph/treasure/dockerBENCH/helios16p_ws/install/vicon_receiver/include/boost/preprocessor/seq/limits/fold_left_1024.hpp\n'}
[24.524367] (vicon_receiver) StdoutLine: {'line': b'-- Installing: /home/ph/treasure/dockerBENCH/helios16p_ws/install/vicon_receiver/include/boost/preprocessor/seq/limits/elem_256.hpp\n'}
[24.525811] (vicon_receiver) StdoutLine: {'line': b'-- Installing: /home/ph/treasure/dockerBENCH/helios16p_ws/install/vicon_receiver/include/boost/preprocessor/seq/size.hpp\n'}
[24.528436] (vicon_receiver) StdoutLine: {'line': b'-- Installing: /home/ph/treasure/dockerBENCH/helios16p_ws/install/vicon_receiver/include/boost/filesystem.hpp\n'}
[24.530684] (vicon_receiver) StdoutLine: {'line': b'-- Installing: /home/ph/treasure/dockerBENCH/helios16p_ws/install/vicon_receiver/include/boost/date_time\n'}
[24.531380] (vicon_receiver) StdoutLine: {'line': b'-- Installing: /home/ph/treasure/dockerBENCH/helios16p_ws/install/vicon_receiver/include/boost/date_time/date.hpp\n'}
[24.533494] (vicon_receiver) StdoutLine: {'line': b'-- Installing: /home/ph/treasure/dockerBENCH/helios16p_ws/install/vicon_receiver/include/boost/date_time/special_defs.hpp\n'}
[24.534583] (vicon_receiver) StdoutLine: {'line': b'-- Installing: /home/ph/treasure/dockerBENCH/helios16p_ws/install/vicon_receiver/include/boost/date_time/find_match.hpp\n'}
[24.535888] (vicon_receiver) StdoutLine: {'line': b'-- Installing: /home/ph/treasure/dockerBENCH/helios16p_ws/install/vicon_receiver/include/boost/date_time/constrained_value.hpp\n'}
[24.537082] (vicon_receiver) StdoutLine: {'line': b'-- Installing: /home/ph/treasure/dockerBENCH/helios16p_ws/install/vicon_receiver/include/boost/date_time/adjust_functors.hpp\n'}
[24.537788] (vicon_receiver) StdoutLine: {'line': b'-- Installing: /home/ph/treasure/dockerBENCH/helios16p_ws/install/vicon_receiver/include/boost/date_time/time_defs.hpp\n'}
[24.540249] (vicon_receiver) StdoutLine: {'line': b'-- Installing: /home/ph/treasure/dockerBENCH/helios16p_ws/install/vicon_receiver/include/boost/date_time/int_adapter.hpp\n'}
[24.540804] (vicon_receiver) StdoutLine: {'line': b'-- Installing: /home/ph/treasure/dockerBENCH/helios16p_ws/install/vicon_receiver/include/boost/date_time/time_system_split.hpp\n'}
[24.541144] (vicon_receiver) StdoutLine: {'line': b'-- Installing: /home/ph/treasure/dockerBENCH/helios16p_ws/install/vicon_receiver/include/boost/date_time/gregorian_calendar.ipp\n'}
[24.541491] (vicon_receiver) StdoutLine: {'line': b'-- Installing: /home/ph/treasure/dockerBENCH/helios16p_ws/install/vicon_receiver/include/boost/date_time/date_names_put.hpp\n'}
[24.542159] (vicon_receiver) StdoutLine: {'line': b'-- Installing: /home/ph/treasure/dockerBENCH/helios16p_ws/install/vicon_receiver/include/boost/date_time/special_values_formatter.hpp\n'}
[24.543214] (vicon_receiver) StdoutLine: {'line': b'-- Installing: /home/ph/treasure/dockerBENCH/helios16p_ws/install/vicon_receiver/include/boost/date_time/string_parse_tree.hpp\n'}
[24.543662] (vicon_receiver) StdoutLine: {'line': b'-- Installing: /home/ph/treasure/dockerBENCH/helios16p_ws/install/vicon_receiver/include/boost/date_time/date_generators.hpp\n'}
[24.544134] (vicon_receiver) StdoutLine: {'line': b'-- Installing: /home/ph/treasure/dockerBENCH/helios16p_ws/install/vicon_receiver/include/boost/date_time/date_defs.hpp\n'}
[24.545361] (vicon_receiver) StdoutLine: {'line': b'-- Installing: /home/ph/treasure/dockerBENCH/helios16p_ws/install/vicon_receiver/include/boost/date_time/wrapping_int.hpp\n'}
[24.545848] (vicon_receiver) StdoutLine: {'line': b'-- Installing: /home/ph/treasure/dockerBENCH/helios16p_ws/install/vicon_receiver/include/boost/date_time/date_parsing.hpp\n'}
[24.546377] (vicon_receiver) StdoutLine: {'line': b'-- Installing: /home/ph/treasure/dockerBENCH/helios16p_ws/install/vicon_receiver/include/boost/date_time/gregorian_calendar.hpp\n'}
[24.546899] (vicon_receiver) StdoutLine: {'line': b'-- Installing: /home/ph/treasure/dockerBENCH/helios16p_ws/install/vicon_receiver/include/boost/date_time/time_parsing.hpp\n'}
[24.549794] (vicon_receiver) StdoutLine: {'line': b'-- Installing: /home/ph/treasure/dockerBENCH/helios16p_ws/install/vicon_receiver/include/boost/date_time/strings_from_facet.hpp\n'}
[24.550683] (vicon_receiver) StdoutLine: {'line': b'-- Installing: /home/ph/treasure/dockerBENCH/helios16p_ws/install/vicon_receiver/include/boost/date_time/locale_config.hpp\n'}
[24.550991] (vicon_receiver) StdoutLine: {'line': b'-- Installing: /home/ph/treasure/dockerBENCH/helios16p_ws/install/vicon_receiver/include/boost/date_time/period.hpp\n'}
[24.551491] (vicon_receiver) StdoutLine: {'line': b'-- Installing: /home/ph/treasure/dockerBENCH/helios16p_ws/install/vicon_receiver/include/boost/date_time/time_clock.hpp\n'}
[24.551839] (vicon_receiver) StdoutLine: {'line': b'-- Installing: /home/ph/treasure/dockerBENCH/helios16p_ws/install/vicon_receiver/include/boost/date_time/date_generator_parser.hpp\n'}
[24.552376] (vicon_receiver) StdoutLine: {'line': b'-- Installing: /home/ph/treasure/dockerBENCH/helios16p_ws/install/vicon_receiver/include/boost/date_time/date_clock_device.hpp\n'}
[24.553185] (vicon_receiver) StdoutLine: {'line': b'-- Installing: /home/ph/treasure/dockerBENCH/helios16p_ws/install/vicon_receiver/include/boost/date_time/time_resolution_traits.hpp\n'}
[24.553897] (vicon_receiver) StdoutLine: {'line': b'-- Installing: /home/ph/treasure/dockerBENCH/helios16p_ws/install/vicon_receiver/include/boost/date_time/posix_time\n'}
[24.554268] (vicon_receiver) StdoutLine: {'line': b'-- Installing: /home/ph/treasure/dockerBENCH/helios16p_ws/install/vicon_receiver/include/boost/date_time/posix_time/posix_time_legacy_io.hpp\n'}
[24.554940] (vicon_receiver) StdoutLine: {'line': b'-- Installing: /home/ph/treasure/dockerBENCH/helios16p_ws/install/vicon_receiver/include/boost/date_time/posix_time/time_period.hpp\n'}
[24.555618] (vicon_receiver) StdoutLine: {'line': b'-- Installing: /home/ph/treasure/dockerBENCH/helios16p_ws/install/vicon_receiver/include/boost/date_time/posix_time/posix_time_io.hpp\n'}
[24.557024] (vicon_receiver) StdoutLine: {'line': b'-- Installing: /home/ph/treasure/dockerBENCH/helios16p_ws/install/vicon_receiver/include/boost/date_time/posix_time/conversion.hpp\n'}
[24.558037] (vicon_receiver) StdoutLine: {'line': b'-- Installing: /home/ph/treasure/dockerBENCH/helios16p_ws/install/vicon_receiver/include/boost/date_time/posix_time/time_parsers.hpp\n'}
[24.559115] (vicon_receiver) StdoutLine: {'line': b'-- Installing: /home/ph/treasure/dockerBENCH/helios16p_ws/install/vicon_receiver/include/boost/date_time/posix_time/posix_time_types.hpp\n'}
[24.563332] (vicon_receiver) StdoutLine: {'line': b'-- Installing: /home/ph/treasure/dockerBENCH/helios16p_ws/install/vicon_receiver/include/boost/date_time/posix_time/posix_time.hpp\n'}
[24.563716] (vicon_receiver) StdoutLine: {'line': b'-- Installing: /home/ph/treasure/dockerBENCH/helios16p_ws/install/vicon_receiver/include/boost/date_time/posix_time/date_duration_operators.hpp\n'}
[24.563896] (vicon_receiver) StdoutLine: {'line': b'-- Installing: /home/ph/treasure/dockerBENCH/helios16p_ws/install/vicon_receiver/include/boost/date_time/posix_time/ptime.hpp\n'}
[24.565993] (vicon_receiver) StdoutLine: {'line': b'-- Installing: /home/ph/treasure/dockerBENCH/helios16p_ws/install/vicon_receiver/include/boost/date_time/posix_time/time_formatters_limited.hpp\n'}
[24.566356] (vicon_receiver) StdoutLine: {'line': b'-- Installing: /home/ph/treasure/dockerBENCH/helios16p_ws/install/vicon_receiver/include/boost/date_time/posix_time/posix_time_config.hpp\n'}
[24.566994] (vicon_receiver) StdoutLine: {'line': b'-- Installing: /home/ph/treasure/dockerBENCH/helios16p_ws/install/vicon_receiver/include/boost/date_time/posix_time/posix_time_duration.hpp\n'}
[24.568263] (vicon_receiver) StdoutLine: {'line': b'-- Installing: /home/ph/treasure/dockerBENCH/helios16p_ws/install/vicon_receiver/include/boost/date_time/posix_time/posix_time_system.hpp\n'}
[24.569375] (vicon_receiver) StdoutLine: {'line': b'-- Installing: /home/ph/treasure/dockerBENCH/helios16p_ws/install/vicon_receiver/include/boost/date_time/posix_time/time_formatters.hpp\n'}
[24.570535] (vicon_receiver) StdoutLine: {'line': b'-- Installing: /home/ph/treasure/dockerBENCH/helios16p_ws/install/vicon_receiver/include/boost/date_time/gregorian\n'}
[24.571129] (vicon_receiver) StdoutLine: {'line': b'-- Installing: /home/ph/treasure/dockerBENCH/helios16p_ws/install/vicon_receiver/include/boost/date_time/gregorian/greg_day.hpp\n'}
[24.572655] (vicon_receiver) StdoutLine: {'line': b'-- Installing: /home/ph/treasure/dockerBENCH/helios16p_ws/install/vicon_receiver/include/boost/date_time/gregorian/gregorian_io.hpp\n'}
[24.574406] (vicon_receiver) StdoutLine: {'line': b'-- Installing: /home/ph/treasure/dockerBENCH/helios16p_ws/install/vicon_receiver/include/boost/date_time/gregorian/greg_facet.hpp\n'}
[24.575649] (vicon_receiver) StdoutLine: {'line': b'-- Installing: /home/ph/treasure/dockerBENCH/helios16p_ws/install/vicon_receiver/include/boost/date_time/gregorian/greg_calendar.hpp\n'}
[24.578000] (vicon_receiver) StdoutLine: {'line': b'-- Installing: /home/ph/treasure/dockerBENCH/helios16p_ws/install/vicon_receiver/include/boost/date_time/gregorian/greg_year.hpp\n'}
[24.579297] (vicon_receiver) StdoutLine: {'line': b'-- Installing: /home/ph/treasure/dockerBENCH/helios16p_ws/install/vicon_receiver/include/boost/date_time/gregorian/conversion.hpp\n'}
[24.581457] (vicon_receiver) StdoutLine: {'line': b'-- Installing: /home/ph/treasure/dockerBENCH/helios16p_ws/install/vicon_receiver/include/boost/date_time/gregorian/greg_date.hpp\n'}
[24.582326] (vicon_receiver) StdoutLine: {'line': b'-- Installing: /home/ph/treasure/dockerBENCH/helios16p_ws/install/vicon_receiver/include/boost/date_time/gregorian/greg_month.hpp\n'}
[24.583388] (vicon_receiver) StdoutLine: {'line': b'-- Installing: /home/ph/treasure/dockerBENCH/helios16p_ws/install/vicon_receiver/include/boost/date_time/gregorian/formatters_limited.hpp\n'}
[24.583938] (vicon_receiver) StdoutLine: {'line': b'-- Installing: /home/ph/treasure/dockerBENCH/helios16p_ws/install/vicon_receiver/include/boost/date_time/gregorian/gregorian.hpp\n'}
[24.585025] (vicon_receiver) StdoutLine: {'line': b'-- Installing: /home/ph/treasure/dockerBENCH/helios16p_ws/install/vicon_receiver/include/boost/date_time/gregorian/greg_day_of_year.hpp\n'}
[24.586157] (vicon_receiver) StdoutLine: {'line': b'-- Installing: /home/ph/treasure/dockerBENCH/helios16p_ws/install/vicon_receiver/include/boost/date_time/gregorian/greg_duration_types.hpp\n'}
[24.587238] (vicon_receiver) StdoutLine: {'line': b'-- Installing: /home/ph/treasure/dockerBENCH/helios16p_ws/install/vicon_receiver/include/boost/date_time/gregorian/greg_ymd.hpp\n'}
[24.588826] (vicon_receiver) StdoutLine: {'line': b'-- Installing: /home/ph/treasure/dockerBENCH/helios16p_ws/install/vicon_receiver/include/boost/date_time/gregorian/formatters.hpp\n'}
[24.590074] (vicon_receiver) StdoutLine: {'line': b'-- Installing: /home/ph/treasure/dockerBENCH/helios16p_ws/install/vicon_receiver/include/boost/date_time/gregorian/greg_weekday.hpp\n'}
[24.590998] (vicon_receiver) StdoutLine: {'line': b'-- Installing: /home/ph/treasure/dockerBENCH/helios16p_ws/install/vicon_receiver/include/boost/date_time/gregorian/greg_duration.hpp\n'}
[24.592058] (vicon_receiver) StdoutLine: {'line': b'-- Installing: /home/ph/treasure/dockerBENCH/helios16p_ws/install/vicon_receiver/include/boost/date_time/gregorian/parsers.hpp\n'}
[24.594487] (vicon_receiver) StdoutLine: {'line': b'-- Installing: /home/ph/treasure/dockerBENCH/helios16p_ws/install/vicon_receiver/include/boost/date_time/gregorian/gregorian_types.hpp\n'}
[24.598426] (vicon_receiver) StdoutLine: {'line': b'-- Installing: /home/ph/treasure/dockerBENCH/helios16p_ws/install/vicon_receiver/include/boost/date_time/format_date_parser.hpp\n'}
[24.598752] (vicon_receiver) StdoutLine: {'line': b'-- Installing: /home/ph/treasure/dockerBENCH/helios16p_ws/install/vicon_receiver/include/boost/date_time/date_format_simple.hpp\n'}
[24.599178] (vicon_receiver) StdoutLine: {'line': b'-- Installing: /home/ph/treasure/dockerBENCH/helios16p_ws/install/vicon_receiver/include/boost/date_time/date_facet.hpp\n'}
[24.600567] (vicon_receiver) StdoutLine: {'line': b'-- Installing: /home/ph/treasure/dockerBENCH/helios16p_ws/install/vicon_receiver/include/boost/date_time/date_generator_formatter.hpp\n'}
[24.601834] (vicon_receiver) StdoutLine: {'line': b'-- Installing: /home/ph/treasure/dockerBENCH/helios16p_ws/install/vicon_receiver/include/boost/date_time/date_formatting_limited.hpp\n'}
[24.604663] (vicon_receiver) StdoutLine: {'line': b'-- Installing: /home/ph/treasure/dockerBENCH/helios16p_ws/install/vicon_receiver/include/boost/date_time/date_formatting_locales.hpp\n'}
[24.605416] (vicon_receiver) StdoutLine: {'line': b'-- Installing: /home/ph/treasure/dockerBENCH/helios16p_ws/install/vicon_receiver/include/boost/date_time/dst_rules.hpp\n'}
[24.606152] (vicon_receiver) StdoutLine: {'line': b'-- Installing: /home/ph/treasure/dockerBENCH/helios16p_ws/install/vicon_receiver/include/boost/date_time/time_facet.hpp\n'}
[24.608622] (vicon_receiver) StdoutLine: {'line': b'-- Installing: /home/ph/treasure/dockerBENCH/helios16p_ws/install/vicon_receiver/include/boost/date_time/iso_format.hpp\n'}
[24.608897] (-) TimerEvent: {}
[24.611909] (vicon_receiver) StdoutLine: {'line': b'-- Installing: /home/ph/treasure/dockerBENCH/helios16p_ws/install/vicon_receiver/include/boost/date_time/date_iterator.hpp\n'}
[24.613220] (vicon_receiver) StdoutLine: {'line': b'-- Installing: /home/ph/treasure/dockerBENCH/helios16p_ws/install/vicon_receiver/include/boost/date_time/time_iterator.hpp\n'}
[24.614697] (vicon_receiver) StdoutLine: {'line': b'-- Installing: /home/ph/treasure/dockerBENCH/helios16p_ws/install/vicon_receiver/include/boost/date_time/date_duration_types.hpp\n'}
[24.615603] (vicon_receiver) StdoutLine: {'line': b'-- Installing: /home/ph/treasure/dockerBENCH/helios16p_ws/install/vicon_receiver/include/boost/date_time/special_values_parser.hpp\n'}
[24.617501] (vicon_receiver) StdoutLine: {'line': b'-- Installing: /home/ph/treasure/dockerBENCH/helios16p_ws/install/vicon_receiver/include/boost/date_time/string_convert.hpp\n'}
[24.618710] (vicon_receiver) StdoutLine: {'line': b'-- Installing: /home/ph/treasure/dockerBENCH/helios16p_ws/install/vicon_receiver/include/boost/date_time/filetime_functions.hpp\n'}
[24.619770] (vicon_receiver) StdoutLine: {'line': b'-- Installing: /home/ph/treasure/dockerBENCH/helios16p_ws/install/vicon_receiver/include/boost/date_time/time_duration.hpp\n'}
[24.621116] (vicon_receiver) StdoutLine: {'line': b'-- Installing: /home/ph/treasure/dockerBENCH/helios16p_ws/install/vicon_receiver/include/boost/date_time/period_parser.hpp\n'}
[24.622196] (vicon_receiver) StdoutLine: {'line': b'-- Installing: /home/ph/treasure/dockerBENCH/helios16p_ws/install/vicon_receiver/include/boost/date_time/period_formatter.hpp\n'}
[24.623347] (vicon_receiver) StdoutLine: {'line': b'-- Installing: /home/ph/treasure/dockerBENCH/helios16p_ws/install/vicon_receiver/include/boost/date_time/date_formatting.hpp\n'}
[24.624717] (vicon_receiver) StdoutLine: {'line': b'-- Installing: /home/ph/treasure/dockerBENCH/helios16p_ws/install/vicon_receiver/include/boost/date_time/date_duration.hpp\n'}
[24.626938] (vicon_receiver) StdoutLine: {'line': b'-- Installing: /home/ph/treasure/dockerBENCH/helios16p_ws/install/vicon_receiver/include/boost/date_time/c_time.hpp\n'}
[24.627307] (vicon_receiver) StdoutLine: {'line': b'-- Installing: /home/ph/treasure/dockerBENCH/helios16p_ws/install/vicon_receiver/include/boost/date_time/time.hpp\n'}
[24.629936] (vicon_receiver) StdoutLine: {'line': b'-- Installing: /home/ph/treasure/dockerBENCH/helios16p_ws/install/vicon_receiver/include/boost/date_time/time_system_counted.hpp\n'}
[24.630312] (vicon_receiver) StdoutLine: {'line': b'-- Installing: /home/ph/treasure/dockerBENCH/helios16p_ws/install/vicon_receiver/include/boost/date_time/microsec_time_clock.hpp\n'}
[24.632041] (vicon_receiver) StdoutLine: {'line': b'-- Installing: /home/ph/treasure/dockerBENCH/helios16p_ws/install/vicon_receiver/include/boost/date_time/year_month_day.hpp\n'}
[24.633082] (vicon_receiver) StdoutLine: {'line': b'-- Installing: /home/ph/treasure/dockerBENCH/helios16p_ws/install/vicon_receiver/include/boost/date_time/compiler_config.hpp\n'}
[24.634450] (vicon_receiver) StdoutLine: {'line': b'-- Installing: /home/ph/treasure/dockerBENCH/helios16p_ws/install/vicon_receiver/include/boost/date_time/time_formatting_streams.hpp\n'}
[24.635616] (vicon_receiver) StdoutLine: {'line': b'-- Installing: /home/ph/treasure/dockerBENCH/helios16p_ws/install/vicon_receiver/include/boost/date_time/parse_format_base.hpp\n'}
[24.636906] (vicon_receiver) StdoutLine: {'line': b'-- Installing: /home/ph/treasure/dockerBENCH/helios16p_ws/install/vicon_receiver/include/boost/none_t.hpp\n'}
[24.637820] (vicon_receiver) StdoutLine: {'line': b'-- Installing: /home/ph/treasure/dockerBENCH/helios16p_ws/install/vicon_receiver/include/boost/regex_fwd.hpp\n'}
[24.638962] (vicon_receiver) StdoutLine: {'line': b'-- Installing: /home/ph/treasure/dockerBENCH/helios16p_ws/install/vicon_receiver/include/boost/rational.hpp\n'}
[24.641222] (vicon_receiver) StdoutLine: {'line': b'-- Installing: /home/ph/treasure/dockerBENCH/helios16p_ws/install/vicon_receiver/include/boost/tokenizer.hpp\n'}
[24.642551] (vicon_receiver) StdoutLine: {'line': b'-- Installing: /home/ph/treasure/dockerBENCH/helios16p_ws/install/vicon_receiver/include/boost/mpl\n'}
[24.644593] (vicon_receiver) StdoutLine: {'line': b'-- Installing: /home/ph/treasure/dockerBENCH/helios16p_ws/install/vicon_receiver/include/boost/mpl/empty.hpp\n'}
[24.647712] (vicon_receiver) StdoutLine: {'line': b'-- Installing: /home/ph/treasure/dockerBENCH/helios16p_ws/install/vicon_receiver/include/boost/mpl/bool_fwd.hpp\n'}
[24.648309] (vicon_receiver) StdoutLine: {'line': b'-- Installing: /home/ph/treasure/dockerBENCH/helios16p_ws/install/vicon_receiver/include/boost/mpl/greater.hpp\n'}
[24.649176] (vicon_receiver) StdoutLine: {'line': b'-- Installing: /home/ph/treasure/dockerBENCH/helios16p_ws/install/vicon_receiver/include/boost/mpl/at.hpp\n'}
[24.651139] (vicon_receiver) StdoutLine: {'line': b'-- Installing: /home/ph/treasure/dockerBENCH/helios16p_ws/install/vicon_receiver/include/boost/mpl/push_back.hpp\n'}
[24.653714] (vicon_receiver) StdoutLine: {'line': b'-- Installing: /home/ph/treasure/dockerBENCH/helios16p_ws/install/vicon_receiver/include/boost/mpl/pair_view.hpp\n'}
[24.653994] (vicon_receiver) StdoutLine: {'line': b'-- Installing: /home/ph/treasure/dockerBENCH/helios16p_ws/install/vicon_receiver/include/boost/mpl/transform.hpp\n'}
[24.654125] (vicon_receiver) StdoutLine: {'line': b'-- Installing: /home/ph/treasure/dockerBENCH/helios16p_ws/install/vicon_receiver/include/boost/mpl/has_key.hpp\n'}
[24.654244] (vicon_receiver) StdoutLine: {'line': b'-- Installing: /home/ph/treasure/dockerBENCH/helios16p_ws/install/vicon_receiver/include/boost/mpl/sequence_tag.hpp\n'}
[24.654583] (vicon_receiver) StdoutLine: {'line': b'-- Installing: /home/ph/treasure/dockerBENCH/helios16p_ws/install/vicon_receiver/include/boost/mpl/back_fwd.hpp\n'}
[24.654874] (vicon_receiver) StdoutLine: {'line': b'-- Installing: /home/ph/treasure/dockerBENCH/helios16p_ws/install/vicon_receiver/include/boost/mpl/insert_range.hpp\n'}
[24.655375] (vicon_receiver) StdoutLine: {'line': b'-- Installing: /home/ph/treasure/dockerBENCH/helios16p_ws/install/vicon_receiver/include/boost/mpl/tag.hpp\n'}
[24.657796] (vicon_receiver) StdoutLine: {'line': b'-- Installing: /home/ph/treasure/dockerBENCH/helios16p_ws/install/vicon_receiver/include/boost/mpl/advance.hpp\n'}
[24.658676] (vicon_receiver) StdoutLine: {'line': b'-- Installing: /home/ph/treasure/dockerBENCH/helios16p_ws/install/vicon_receiver/include/boost/mpl/distance.hpp\n'}
[24.660561] (vicon_receiver) StdoutLine: {'line': b'-- Installing: /home/ph/treasure/dockerBENCH/helios16p_ws/install/vicon_receiver/include/boost/mpl/advance_fwd.hpp\n'}
[24.660924] (vicon_receiver) StdoutLine: {'line': b'-- Installing: /home/ph/treasure/dockerBENCH/helios16p_ws/install/vicon_receiver/include/boost/mpl/greater_equal.hpp\n'}
[24.661092] (vicon_receiver) StdoutLine: {'line': b'-- Installing: /home/ph/treasure/dockerBENCH/helios16p_ws/install/vicon_receiver/include/boost/mpl/erase.hpp\n'}
[24.661237] (vicon_receiver) StdoutLine: {'line': b'-- Installing: /home/ph/treasure/dockerBENCH/helios16p_ws/install/vicon_receiver/include/boost/mpl/clear_fwd.hpp\n'}
[24.662327] (vicon_receiver) StdoutLine: {'line': b'-- Installing: /home/ph/treasure/dockerBENCH/helios16p_ws/install/vicon_receiver/include/boost/mpl/deref.hpp\n'}
[24.662719] (vicon_receiver) StdoutLine: {'line': b'-- Installing: /home/ph/treasure/dockerBENCH/helios16p_ws/install/vicon_receiver/include/boost/mpl/is_placeholder.hpp\n'}
[24.665504] (vicon_receiver) StdoutLine: {'line': b'-- Installing: /home/ph/treasure/dockerBENCH/helios16p_ws/install/vicon_receiver/include/boost/mpl/inherit.hpp\n'}
[24.666060] (vicon_receiver) StdoutLine: {'line': b'-- Installing: /home/ph/treasure/dockerBENCH/helios16p_ws/install/vicon_receiver/include/boost/mpl/multiplies.hpp\n'}
[24.666680] (vicon_receiver) StdoutLine: {'line': b'-- Installing: /home/ph/treasure/dockerBENCH/helios16p_ws/install/vicon_receiver/include/boost/mpl/apply_fwd.hpp\n'}
[24.667486] (vicon_receiver) StdoutLine: {'line': b'-- Installing: /home/ph/treasure/dockerBENCH/helios16p_ws/install/vicon_receiver/include/boost/mpl/same_as.hpp\n'}
[24.668363] (vicon_receiver) StdoutLine: {'line': b'-- Installing: /home/ph/treasure/dockerBENCH/helios16p_ws/install/vicon_receiver/include/boost/mpl/at_fwd.hpp\n'}
[24.669145] (vicon_receiver) StdoutLine: {'line': b'-- Installing: /home/ph/treasure/dockerBENCH/helios16p_ws/install/vicon_receiver/include/boost/mpl/next.hpp\n'}
[24.669705] (vicon_receiver) StdoutLine: {'line': b'-- Installing: /home/ph/treasure/dockerBENCH/helios16p_ws/install/vicon_receiver/include/boost/mpl/list\n'}
[24.670505] (vicon_receiver) StdoutLine: {'line': b'-- Installing: /home/ph/treasure/dockerBENCH/helios16p_ws/install/vicon_receiver/include/boost/mpl/list/list30_c.hpp\n'}
[24.671114] (vicon_receiver) StdoutLine: {'line': b'-- Installing: /home/ph/treasure/dockerBENCH/helios16p_ws/install/vicon_receiver/include/boost/mpl/list/list40_c.hpp\n'}
[24.671686] (vicon_receiver) StdoutLine: {'line': b'-- Installing: /home/ph/treasure/dockerBENCH/helios16p_ws/install/vicon_receiver/include/boost/mpl/list/list30.hpp\n'}
[24.672356] (vicon_receiver) StdoutLine: {'line': b'-- Installing: /home/ph/treasure/dockerBENCH/helios16p_ws/install/vicon_receiver/include/boost/mpl/list/list40.hpp\n'}
[24.673016] (vicon_receiver) StdoutLine: {'line': b'-- Installing: /home/ph/treasure/dockerBENCH/helios16p_ws/install/vicon_receiver/include/boost/mpl/list/list10.hpp\n'}
[24.673663] (vicon_receiver) StdoutLine: {'line': b'-- Installing: /home/ph/treasure/dockerBENCH/helios16p_ws/install/vicon_receiver/include/boost/mpl/list/list20.hpp\n'}
[24.674114] (vicon_receiver) StdoutLine: {'line': b'-- Installing: /home/ph/treasure/dockerBENCH/helios16p_ws/install/vicon_receiver/include/boost/mpl/list/aux_\n'}
[24.674855] (vicon_receiver) StdoutLine: {'line': b'-- Installing: /home/ph/treasure/dockerBENCH/helios16p_ws/install/vicon_receiver/include/boost/mpl/list/aux_/empty.hpp\n'}
[24.675428] (vicon_receiver) StdoutLine: {'line': b'-- Installing: /home/ph/treasure/dockerBENCH/helios16p_ws/install/vicon_receiver/include/boost/mpl/list/aux_/push_back.hpp\n'}
[24.678923] (vicon_receiver) StdoutLine: {'line': b'-- Installing: /home/ph/treasure/dockerBENCH/helios16p_ws/install/vicon_receiver/include/boost/mpl/list/aux_/item.hpp\n'}
[24.679214] (vicon_receiver) StdoutLine: {'line': b'-- Installing: /home/ph/treasure/dockerBENCH/helios16p_ws/install/vicon_receiver/include/boost/mpl/list/aux_/tag.hpp\n'}
[24.679605] (vicon_receiver) StdoutLine: {'line': b'-- Installing: /home/ph/treasure/dockerBENCH/helios16p_ws/install/vicon_receiver/include/boost/mpl/list/aux_/numbered.hpp\n'}
[24.679793] (vicon_receiver) StdoutLine: {'line': b'-- Installing: /home/ph/treasure/dockerBENCH/helios16p_ws/install/vicon_receiver/include/boost/mpl/list/aux_/pop_front.hpp\n'}
[24.679966] (vicon_receiver) StdoutLine: {'line': b'-- Installing: /home/ph/treasure/dockerBENCH/helios16p_ws/install/vicon_receiver/include/boost/mpl/list/aux_/push_front.hpp\n'}
[24.680610] (vicon_receiver) StdoutLine: {'line': b'-- Installing: /home/ph/treasure/dockerBENCH/helios16p_ws/install/vicon_receiver/include/boost/mpl/list/aux_/O1_size.hpp\n'}
[24.681587] (vicon_receiver) StdoutLine: {'line': b'-- Installing: /home/ph/treasure/dockerBENCH/helios16p_ws/install/vicon_receiver/include/boost/mpl/list/aux_/front.hpp\n'}
[24.683907] (vicon_receiver) StdoutLine: {'line': b'-- Installing: /home/ph/treasure/dockerBENCH/helios16p_ws/install/vicon_receiver/include/boost/mpl/list/aux_/numbered_c.hpp\n'}
[24.687168] (vicon_receiver) StdoutLine: {'line': b'-- Installing: /home/ph/treasure/dockerBENCH/helios16p_ws/install/vicon_receiver/include/boost/mpl/list/aux_/clear.hpp\n'}
[24.687528] (vicon_receiver) StdoutLine: {'line': b'-- Installing: /home/ph/treasure/dockerBENCH/helios16p_ws/install/vicon_receiver/include/boost/mpl/list/aux_/preprocessed\n'}
[24.687667] (vicon_receiver) StdoutLine: {'line': b'-- Installing: /home/ph/treasure/dockerBENCH/helios16p_ws/install/vicon_receiver/include/boost/mpl/list/aux_/preprocessed/plain\n'}
[24.687944] (vicon_receiver) StdoutLine: {'line': b'-- Installing: /home/ph/treasure/dockerBENCH/helios16p_ws/install/vicon_receiver/include/boost/mpl/list/aux_/preprocessed/plain/list30_c.hpp\n'}
[24.689070] (vicon_receiver) StdoutLine: {'line': b'-- Installing: /home/ph/treasure/dockerBENCH/helios16p_ws/install/vicon_receiver/include/boost/mpl/list/aux_/preprocessed/plain/list40_c.hpp\n'}
[24.690585] (vicon_receiver) StdoutLine: {'line': b'-- Installing: /home/ph/treasure/dockerBENCH/helios16p_ws/install/vicon_receiver/include/boost/mpl/list/aux_/preprocessed/plain/list30.hpp\n'}
[24.691891] (vicon_receiver) StdoutLine: {'line': b'-- Installing: /home/ph/treasure/dockerBENCH/helios16p_ws/install/vicon_receiver/include/boost/mpl/list/aux_/preprocessed/plain/list40.hpp\n'}
[24.695580] (vicon_receiver) StdoutLine: {'line': b'-- Installing: /home/ph/treasure/dockerBENCH/helios16p_ws/install/vicon_receiver/include/boost/mpl/list/aux_/preprocessed/plain/list10.hpp\n'}
[24.697399] (vicon_receiver) StdoutLine: {'line': b'-- Installing: /home/ph/treasure/dockerBENCH/helios16p_ws/install/vicon_receiver/include/boost/mpl/list/aux_/preprocessed/plain/list20.hpp\n'}
[24.697577] (vicon_receiver) StdoutLine: {'line': b'-- Installing: /home/ph/treasure/dockerBENCH/helios16p_ws/install/vicon_receiver/include/boost/mpl/list/aux_/preprocessed/plain/list20_c.hpp\n'}
[24.698887] (vicon_receiver) StdoutLine: {'line': b'-- Installing: /home/ph/treasure/dockerBENCH/helios16p_ws/install/vicon_receiver/include/boost/mpl/list/aux_/preprocessed/plain/list50.hpp\n'}
[24.699828] (vicon_receiver) StdoutLine: {'line': b'-- Installing: /home/ph/treasure/dockerBENCH/helios16p_ws/install/vicon_receiver/include/boost/mpl/list/aux_/preprocessed/plain/list10_c.hpp\n'}
[24.700991] (vicon_receiver) StdoutLine: {'line': b'-- Installing: /home/ph/treasure/dockerBENCH/helios16p_ws/install/vicon_receiver/include/boost/mpl/list/aux_/preprocessed/plain/list50_c.hpp\n'}
[24.702557] (vicon_receiver) StdoutLine: {'line': b'-- Installing: /home/ph/treasure/dockerBENCH/helios16p_ws/install/vicon_receiver/include/boost/mpl/list/aux_/include_preprocessed.hpp\n'}
[24.703348] (vicon_receiver) StdoutLine: {'line': b'-- Installing: /home/ph/treasure/dockerBENCH/helios16p_ws/install/vicon_receiver/include/boost/mpl/list/aux_/begin_end.hpp\n'}
[24.704581] (vicon_receiver) StdoutLine: {'line': b'-- Installing: /home/ph/treasure/dockerBENCH/helios16p_ws/install/vicon_receiver/include/boost/mpl/list/aux_/size.hpp\n'}
[24.706367] (vicon_receiver) StdoutLine: {'line': b'-- Installing: /home/ph/treasure/dockerBENCH/helios16p_ws/install/vicon_receiver/include/boost/mpl/list/aux_/iterator.hpp\n'}
[24.707548] (vicon_receiver) StdoutLine: {'line': b'-- Installing: /home/ph/treasure/dockerBENCH/helios16p_ws/install/vicon_receiver/include/boost/mpl/list/list20_c.hpp\n'}
[24.708842] (vicon_receiver) StdoutLine: {'line': b'-- Installing: /home/ph/treasure/dockerBENCH/helios16p_ws/install/vicon_receiver/include/boost/mpl/list/list50.hpp\n'}
[24.709132] (-) TimerEvent: {}
[24.709481] (vicon_receiver) StdoutLine: {'line': b'-- Installing: /home/ph/treasure/dockerBENCH/helios16p_ws/install/vicon_receiver/include/boost/mpl/list/list10_c.hpp\n'}
[24.712373] (vicon_receiver) StdoutLine: {'line': b'-- Installing: /home/ph/treasure/dockerBENCH/helios16p_ws/install/vicon_receiver/include/boost/mpl/list/list0_c.hpp\n'}
[24.712698] (vicon_receiver) StdoutLine: {'line': b'-- Installing: /home/ph/treasure/dockerBENCH/helios16p_ws/install/vicon_receiver/include/boost/mpl/list/list0.hpp\n'}
[24.714346] (vicon_receiver) StdoutLine: {'line': b'-- Installing: /home/ph/treasure/dockerBENCH/helios16p_ws/install/vicon_receiver/include/boost/mpl/list/list50_c.hpp\n'}
[24.715405] (vicon_receiver) StdoutLine: {'line': b'-- Installing: /home/ph/treasure/dockerBENCH/helios16p_ws/install/vicon_receiver/include/boost/mpl/insert_range_fwd.hpp\n'}
[24.715699] (vicon_receiver) StdoutLine: {'line': b'-- Installing: /home/ph/treasure/dockerBENCH/helios16p_ws/install/vicon_receiver/include/boost/mpl/pop_back_fwd.hpp\n'}
[24.720198] (vicon_receiver) StdoutLine: {'line': b'-- Installing: /home/ph/treasure/dockerBENCH/helios16p_ws/install/vicon_receiver/include/boost/mpl/and.hpp\n'}
[24.720922] (vicon_receiver) StdoutLine: {'line': b'-- Installing: /home/ph/treasure/dockerBENCH/helios16p_ws/install/vicon_receiver/include/boost/mpl/find.hpp\n'}
[24.722031] (vicon_receiver) StdoutLine: {'line': b'-- Installing: /home/ph/treasure/dockerBENCH/helios16p_ws/install/vicon_receiver/include/boost/mpl/bind.hpp\n'}
[24.723045] (vicon_receiver) StdoutLine: {'line': b'-- Installing: /home/ph/treasure/dockerBENCH/helios16p_ws/install/vicon_receiver/include/boost/mpl/begin.hpp\n'}
[24.725176] (vicon_receiver) StdoutLine: {'line': b'-- Installing: /home/ph/treasure/dockerBENCH/helios16p_ws/install/vicon_receiver/include/boost/mpl/empty_fwd.hpp\n'}
[24.727041] (vicon_receiver) StdoutLine: {'line': b'-- Installing: /home/ph/treasure/dockerBENCH/helios16p_ws/install/vicon_receiver/include/boost/mpl/integral_c_tag.hpp\n'}
[24.728380] (vicon_receiver) StdoutLine: {'line': b'-- Installing: /home/ph/treasure/dockerBENCH/helios16p_ws/install/vicon_receiver/include/boost/mpl/find_if.hpp\n'}
[24.729174] (vicon_receiver) StdoutLine: {'line': b'-- Installing: /home/ph/treasure/dockerBENCH/helios16p_ws/install/vicon_receiver/include/boost/mpl/erase_key_fwd.hpp\n'}
[24.729982] (vicon_receiver) StdoutLine: {'line': b'-- Installing: /home/ph/treasure/dockerBENCH/helios16p_ws/install/vicon_receiver/include/boost/mpl/quote.hpp\n'}
[24.731525] (vicon_receiver) StdoutLine: {'line': b'-- Installing: /home/ph/treasure/dockerBENCH/helios16p_ws/install/vicon_receiver/include/boost/mpl/pop_front.hpp\n'}
[24.735875] (vicon_receiver) StdoutLine: {'line': b'-- Installing: /home/ph/treasure/dockerBENCH/helios16p_ws/install/vicon_receiver/include/boost/mpl/iterator_category.hpp\n'}
[24.737059] (vicon_receiver) StdoutLine: {'line': b'-- Installing: /home/ph/treasure/dockerBENCH/helios16p_ws/install/vicon_receiver/include/boost/mpl/iter_fold_if.hpp\n'}
[24.739085] (vicon_receiver) StdoutLine: {'line': b'-- Installing: /home/ph/treasure/dockerBENCH/helios16p_ws/install/vicon_receiver/include/boost/mpl/reverse_fold.hpp\n'}
[24.741227] (vicon_receiver) StdoutLine: {'line': b'-- Installing: /home/ph/treasure/dockerBENCH/helios16p_ws/install/vicon_receiver/include/boost/mpl/push_front.hpp\n'}
[24.742673] (vicon_receiver) StdoutLine: {'line': b'-- Installing: /home/ph/treasure/dockerBENCH/helios16p_ws/install/vicon_receiver/include/boost/mpl/arg_fwd.hpp\n'}
[24.745034] (vicon_receiver) StdoutLine: {'line': b'-- Installing: /home/ph/treasure/dockerBENCH/helios16p_ws/install/vicon_receiver/include/boost/mpl/O1_size.hpp\n'}
[24.747150] (vicon_receiver) StdoutLine: {'line': b'-- Installing: /home/ph/treasure/dockerBENCH/helios16p_ws/install/vicon_receiver/include/boost/mpl/lambda_fwd.hpp\n'}
[24.749820] (vicon_receiver) StdoutLine: {'line': b'-- Installing: /home/ph/treasure/dockerBENCH/helios16p_ws/install/vicon_receiver/include/boost/mpl/contains.hpp\n'}
[24.752948] (vicon_receiver) StdoutLine: {'line': b'-- Installing: /home/ph/treasure/dockerBENCH/helios16p_ws/install/vicon_receiver/include/boost/mpl/min_max.hpp\n'}
[24.753817] (vicon_receiver) StdoutLine: {'line': b'-- Installing: /home/ph/treasure/dockerBENCH/helios16p_ws/install/vicon_receiver/include/boost/mpl/back.hpp\n'}
[24.760529] (vicon_receiver) StdoutLine: {'line': b'-- Installing: /home/ph/treasure/dockerBENCH/helios16p_ws/install/vicon_receiver/include/boost/mpl/vector.hpp\n'}
[24.761121] (vicon_receiver) StdoutLine: {'line': b'-- Installing: /home/ph/treasure/dockerBENCH/helios16p_ws/install/vicon_receiver/include/boost/mpl/front.hpp\n'}
[24.761714] (vicon_receiver) StdoutLine: {'line': b'-- Installing: /home/ph/treasure/dockerBENCH/helios16p_ws/install/vicon_receiver/include/boost/mpl/erase_fwd.hpp\n'}
[24.764032] (vicon_receiver) StdoutLine: {'line': b'-- Installing: /home/ph/treasure/dockerBENCH/helios16p_ws/install/vicon_receiver/include/boost/mpl/assert.hpp\n'}
[24.768434] (vicon_receiver) StdoutLine: {'line': b'-- Installing: /home/ph/treasure/dockerBENCH/helios16p_ws/install/vicon_receiver/include/boost/mpl/integral_c.hpp\n'}
[24.768868] (vicon_receiver) StdoutLine: {'line': b'-- Installing: /home/ph/treasure/dockerBENCH/helios16p_ws/install/vicon_receiver/include/boost/mpl/empty_base.hpp\n'}
[24.773889] (vicon_receiver) StdoutLine: {'line': b'-- Installing: /home/ph/treasure/dockerBENCH/helios16p_ws/install/vicon_receiver/include/boost/mpl/pair.hpp\n'}
[24.776588] (vicon_receiver) StdoutLine: {'line': b'-- Installing: /home/ph/treasure/dockerBENCH/helios16p_ws/install/vicon_receiver/include/boost/mpl/back_inserter.hpp\n'}
[24.778149] (vicon_receiver) StdoutLine: {'line': b'-- Installing: /home/ph/treasure/dockerBENCH/helios16p_ws/install/vicon_receiver/include/boost/mpl/aux_\n'}
[24.779040] (vicon_receiver) StdoutLine: {'line': b'-- Installing: /home/ph/treasure/dockerBENCH/helios16p_ws/install/vicon_receiver/include/boost/mpl/aux_/msvc_dtw.hpp\n'}
[24.781304] (vicon_receiver) StdoutLine: {'line': b'-- Installing: /home/ph/treasure/dockerBENCH/helios16p_ws/install/vicon_receiver/include/boost/mpl/aux_/has_begin.hpp\n'}
[24.782704] (vicon_receiver) StdoutLine: {'line': b'-- Installing: /home/ph/treasure/dockerBENCH/helios16p_ws/install/vicon_receiver/include/boost/mpl/aux_/na_fwd.hpp\n'}
[24.783048] (vicon_receiver) StdoutLine: {'line': b'-- Installing: /home/ph/treasure/dockerBENCH/helios16p_ws/install/vicon_receiver/include/boost/mpl/aux_/iter_push_front.hpp\n'}
[24.788014] (vicon_receiver) StdoutLine: {'line': b'-- Installing: /home/ph/treasure/dockerBENCH/helios16p_ws/install/vicon_receiver/include/boost/mpl/aux_/type_wrapper.hpp\n'}
[24.788606] (vicon_receiver) StdoutLine: {'line': b'-- Installing: /home/ph/treasure/dockerBENCH/helios16p_ws/install/vicon_receiver/include/boost/mpl/aux_/config\n'}
[24.788897] (vicon_receiver) StdoutLine: {'line': b'-- Installing: /home/ph/treasure/dockerBENCH/helios16p_ws/install/vicon_receiver/include/boost/mpl/aux_/config/gcc.hpp\n'}
[24.789055] (vicon_receiver) StdoutLine: {'line': b'-- Installing: /home/ph/treasure/dockerBENCH/helios16p_ws/install/vicon_receiver/include/boost/mpl/aux_/config/forwarding.hpp\n'}
[24.790382] (vicon_receiver) StdoutLine: {'line': b'-- Installing: /home/ph/treasure/dockerBENCH/helios16p_ws/install/vicon_receiver/include/boost/mpl/aux_/config/use_preprocessed.hpp\n'}
[24.792119] (vicon_receiver) StdoutLine: {'line': b'-- Installing: /home/ph/treasure/dockerBENCH/helios16p_ws/install/vicon_receiver/include/boost/mpl/aux_/config/dtp.hpp\n'}
[24.793604] (vicon_receiver) StdoutLine: {'line': b'-- Installing: /home/ph/treasure/dockerBENCH/helios16p_ws/install/vicon_receiver/include/boost/mpl/aux_/config/ttp.hpp\n'}
[24.794460] (vicon_receiver) StdoutLine: {'line': b'-- Installing: /home/ph/treasure/dockerBENCH/helios16p_ws/install/vicon_receiver/include/boost/mpl/aux_/config/nttp.hpp\n'}
[24.796508] (vicon_receiver) StdoutLine: {'line': b'-- Installing: /home/ph/treasure/dockerBENCH/helios16p_ws/install/vicon_receiver/include/boost/mpl/aux_/config/dmc_ambiguous_ctps.hpp\n'}
[24.797828] (vicon_receiver) StdoutLine: {'line': b'-- Installing: /home/ph/treasure/dockerBENCH/helios16p_ws/install/vicon_receiver/include/boost/mpl/aux_/config/has_apply.hpp\n'}
[24.801167] (vicon_receiver) StdoutLine: {'line': b'-- Installing: /home/ph/treasure/dockerBENCH/helios16p_ws/install/vicon_receiver/include/boost/mpl/aux_/config/bind.hpp\n'}
[24.802628] (vicon_receiver) StdoutLine: {'line': b'-- Installing: /home/ph/treasure/dockerBENCH/helios16p_ws/install/vicon_receiver/include/boost/mpl/aux_/config/eti.hpp\n'}
[24.805309] (vicon_receiver) StdoutLine: {'line': b'-- Installing: /home/ph/treasure/dockerBENCH/helios16p_ws/install/vicon_receiver/include/boost/mpl/aux_/config/gpu.hpp\n'}
[24.806565] (vicon_receiver) StdoutLine: {'line': b'-- Installing: /home/ph/treasure/dockerBENCH/helios16p_ws/install/vicon_receiver/include/boost/mpl/aux_/config/bcc.hpp\n'}
[24.808879] (vicon_receiver) StdoutLine: {'line': b'-- Installing: /home/ph/treasure/dockerBENCH/helios16p_ws/install/vicon_receiver/include/boost/mpl/aux_/config/intel.hpp\n'}
[24.809176] (-) TimerEvent: {}
[24.809577] (vicon_receiver) StdoutLine: {'line': b'-- Installing: /home/ph/treasure/dockerBENCH/helios16p_ws/install/vicon_receiver/include/boost/mpl/aux_/config/static_constant.hpp\n'}
[24.812231] (vicon_receiver) StdoutLine: {'line': b'-- Installing: /home/ph/treasure/dockerBENCH/helios16p_ws/install/vicon_receiver/include/boost/mpl/aux_/config/ctps.hpp\n'}
[24.812847] (vicon_receiver) StdoutLine: {'line': b'-- Installing: /home/ph/treasure/dockerBENCH/helios16p_ws/install/vicon_receiver/include/boost/mpl/aux_/config/has_xxx.hpp\n'}
[24.813427] (vicon_receiver) StdoutLine: {'line': b'-- Installing: /home/ph/treasure/dockerBENCH/helios16p_ws/install/vicon_receiver/include/boost/mpl/aux_/config/integral.hpp\n'}
[24.815426] (vicon_receiver) StdoutLine: {'line': b'-- Installing: /home/ph/treasure/dockerBENCH/helios16p_ws/install/vicon_receiver/include/boost/mpl/aux_/config/msvc.hpp\n'}
[24.816607] (vicon_receiver) StdoutLine: {'line': b'-- Installing: /home/ph/treasure/dockerBENCH/helios16p_ws/install/vicon_receiver/include/boost/mpl/aux_/config/dependent_nttp.hpp\n'}
[24.818146] (vicon_receiver) StdoutLine: {'line': b'-- Installing: /home/ph/treasure/dockerBENCH/helios16p_ws/install/vicon_receiver/include/boost/mpl/aux_/config/compiler.hpp\n'}
[24.818905] (vicon_receiver) StdoutLine: {'line': b'-- Installing: /home/ph/treasure/dockerBENCH/helios16p_ws/install/vicon_receiver/include/boost/mpl/aux_/config/overload_resolution.hpp\n'}
[24.820478] (vicon_receiver) StdoutLine: {'line': b'-- Installing: /home/ph/treasure/dockerBENCH/helios16p_ws/install/vicon_receiver/include/boost/mpl/aux_/config/adl.hpp\n'}
[24.820907] (vicon_receiver) StdoutLine: {'line': b'-- Installing: /home/ph/treasure/dockerBENCH/helios16p_ws/install/vicon_receiver/include/boost/mpl/aux_/config/arrays.hpp\n'}
[24.821976] (vicon_receiver) StdoutLine: {'line': b'-- Installing: /home/ph/treasure/dockerBENCH/helios16p_ws/install/vicon_receiver/include/boost/mpl/aux_/config/pp_counter.hpp\n'}
[24.823408] (vicon_receiver) StdoutLine: {'line': b'-- Installing: /home/ph/treasure/dockerBENCH/helios16p_ws/install/vicon_receiver/include/boost/mpl/aux_/config/typeof.hpp\n'}
[24.825231] (vicon_receiver) StdoutLine: {'line': b'-- Installing: /home/ph/treasure/dockerBENCH/helios16p_ws/install/vicon_receiver/include/boost/mpl/aux_/config/msvc_typename.hpp\n'}
[24.825471] (vicon_receiver) StdoutLine: {'line': b'-- Installing: /home/ph/treasure/dockerBENCH/helios16p_ws/install/vicon_receiver/include/boost/mpl/aux_/config/preprocessor.hpp\n'}
[24.827501] (vicon_receiver) StdoutLine: {'line': b'-- Installing: /home/ph/treasure/dockerBENCH/helios16p_ws/install/vicon_receiver/include/boost/mpl/aux_/config/workaround.hpp\n'}
[24.828057] (vicon_receiver) StdoutLine: {'line': b'-- Installing: /home/ph/treasure/dockerBENCH/helios16p_ws/install/vicon_receiver/include/boost/mpl/aux_/config/lambda.hpp\n'}
[24.830429] (vicon_receiver) StdoutLine: {'line': b'-- Installing: /home/ph/treasure/dockerBENCH/helios16p_ws/install/vicon_receiver/include/boost/mpl/aux_/numeric_cast_utils.hpp\n'}
[24.830749] (vicon_receiver) StdoutLine: {'line': b'-- Installing: /home/ph/treasure/dockerBENCH/helios16p_ws/install/vicon_receiver/include/boost/mpl/aux_/logical_op.hpp\n'}
[24.831654] (vicon_receiver) StdoutLine: {'line': b'-- Installing: /home/ph/treasure/dockerBENCH/helios16p_ws/install/vicon_receiver/include/boost/mpl/aux_/yes_no.hpp\n'}
[24.832738] (vicon_receiver) StdoutLine: {'line': b'-- Installing: /home/ph/treasure/dockerBENCH/helios16p_ws/install/vicon_receiver/include/boost/mpl/aux_/contains_impl.hpp\n'}
[24.833881] (vicon_receiver) StdoutLine: {'line': b'-- Installing: /home/ph/treasure/dockerBENCH/helios16p_ws/install/vicon_receiver/include/boost/mpl/aux_/push_back_impl.hpp\n'}
[24.834975] (vicon_receiver) StdoutLine: {'line': b'-- Installing: /home/ph/treasure/dockerBENCH/helios16p_ws/install/vicon_receiver/include/boost/mpl/aux_/value_wknd.hpp\n'}
[24.836562] (vicon_receiver) StdoutLine: {'line': b'-- Installing: /home/ph/treasure/dockerBENCH/helios16p_ws/install/vicon_receiver/include/boost/mpl/aux_/has_tag.hpp\n'}
[24.837189] (vicon_receiver) StdoutLine: {'line': b'-- Installing: /home/ph/treasure/dockerBENCH/helios16p_ws/install/vicon_receiver/include/boost/mpl/aux_/advance_backward.hpp\n'}
[24.838263] (vicon_receiver) StdoutLine: {'line': b'-- Installing: /home/ph/treasure/dockerBENCH/helios16p_ws/install/vicon_receiver/include/boost/mpl/aux_/has_type.hpp\n'}
[24.840001] (vicon_receiver) StdoutLine: {'line': b'-- Installing: /home/ph/treasure/dockerBENCH/helios16p_ws/install/vicon_receiver/include/boost/mpl/aux_/has_apply.hpp\n'}
[24.840408] (vicon_receiver) StdoutLine: {'line': b'-- Installing: /home/ph/treasure/dockerBENCH/helios16p_ws/install/vicon_receiver/include/boost/mpl/aux_/has_size.hpp\n'}
[24.841161] (vicon_receiver) StdoutLine: {'line': b'-- Installing: /home/ph/treasure/dockerBENCH/helios16p_ws/install/vicon_receiver/include/boost/mpl/aux_/lambda_no_ctps.hpp\n'}
[24.842013] (vicon_receiver) StdoutLine: {'line': b'-- Installing: /home/ph/treasure/dockerBENCH/helios16p_ws/install/vicon_receiver/include/boost/mpl/aux_/nested_type_wknd.hpp\n'}
[24.843378] (vicon_receiver) StdoutLine: {'line': b'-- Installing: /home/ph/treasure/dockerBENCH/helios16p_ws/install/vicon_receiver/include/boost/mpl/aux_/nttp_decl.hpp\n'}
[24.844111] (vicon_receiver) StdoutLine: {'line': b'-- Installing: /home/ph/treasure/dockerBENCH/helios16p_ws/install/vicon_receiver/include/boost/mpl/aux_/common_name_wknd.hpp\n'}
[24.845311] (vicon_receiver) StdoutLine: {'line': b'-- Installing: /home/ph/treasure/dockerBENCH/helios16p_ws/install/vicon_receiver/include/boost/mpl/aux_/msvc_is_class.hpp\n'}
[24.846615] (vicon_receiver) StdoutLine: {'line': b'-- Installing: /home/ph/treasure/dockerBENCH/helios16p_ws/install/vicon_receiver/include/boost/mpl/aux_/fold_impl_body.hpp\n'}
[24.847380] (vicon_receiver) StdoutLine: {'line': b'-- Installing: /home/ph/treasure/dockerBENCH/helios16p_ws/install/vicon_receiver/include/boost/mpl/aux_/preprocessor\n'}
[24.847992] (vicon_receiver) StdoutLine: {'line': b'-- Installing: /home/ph/treasure/dockerBENCH/helios16p_ws/install/vicon_receiver/include/boost/mpl/aux_/preprocessor/ext_params.hpp\n'}
[24.848540] (vicon_receiver) StdoutLine: {'line': b'-- Installing: /home/ph/treasure/dockerBENCH/helios16p_ws/install/vicon_receiver/include/boost/mpl/aux_/preprocessor/filter_params.hpp\n'}
[24.849300] (vicon_receiver) StdoutLine: {'line': b'-- Installing: /home/ph/treasure/dockerBENCH/helios16p_ws/install/vicon_receiver/include/boost/mpl/aux_/preprocessor/sub.hpp\n'}
[24.850536] (vicon_receiver) StdoutLine: {'line': b'-- Installing: /home/ph/treasure/dockerBENCH/helios16p_ws/install/vicon_receiver/include/boost/mpl/aux_/preprocessor/add.hpp\n'}
[24.852012] (vicon_receiver) StdoutLine: {'line': b'-- Installing: /home/ph/treasure/dockerBENCH/helios16p_ws/install/vicon_receiver/include/boost/mpl/aux_/preprocessor/range.hpp\n'}
[24.852207] (vicon_receiver) StdoutLine: {'line': b'-- Installing: /home/ph/treasure/dockerBENCH/helios16p_ws/install/vicon_receiver/include/boost/mpl/aux_/preprocessor/tuple.hpp\n'}
[24.852426] (vicon_receiver) StdoutLine: {'line': b'-- Installing: /home/ph/treasure/dockerBENCH/helios16p_ws/install/vicon_receiver/include/boost/mpl/aux_/preprocessor/params.hpp\n'}
[24.852994] (vicon_receiver) StdoutLine: {'line': b'-- Installing: /home/ph/treasure/dockerBENCH/helios16p_ws/install/vicon_receiver/include/boost/mpl/aux_/preprocessor/partial_spec_params.hpp\n'}
[24.853781] (vicon_receiver) StdoutLine: {'line': b'-- Installing: /home/ph/treasure/dockerBENCH/helios16p_ws/install/vicon_receiver/include/boost/mpl/aux_/preprocessor/enum.hpp\n'}
[24.854562] (vicon_receiver) StdoutLine: {'line': b'-- Installing: /home/ph/treasure/dockerBENCH/helios16p_ws/install/vicon_receiver/include/boost/mpl/aux_/preprocessor/def_params_tail.hpp\n'}
[24.855349] (vicon_receiver) StdoutLine: {'line': b'-- Installing: /home/ph/treasure/dockerBENCH/helios16p_ws/install/vicon_receiver/include/boost/mpl/aux_/preprocessor/repeat.hpp\n'}
[24.856141] (vicon_receiver) StdoutLine: {'line': b'-- Installing: /home/ph/treasure/dockerBENCH/helios16p_ws/install/vicon_receiver/include/boost/mpl/aux_/preprocessor/default_params.hpp\n'}
[24.856957] (vicon_receiver) StdoutLine: {'line': b'-- Installing: /home/ph/treasure/dockerBENCH/helios16p_ws/install/vicon_receiver/include/boost/mpl/aux_/insert_impl.hpp\n'}
[24.857716] (vicon_receiver) StdoutLine: {'line': b'-- Installing: /home/ph/treasure/dockerBENCH/helios16p_ws/install/vicon_receiver/include/boost/mpl/aux_/static_cast.hpp\n'}
[24.858472] (vicon_receiver) StdoutLine: {'line': b'-- Installing: /home/ph/treasure/dockerBENCH/helios16p_ws/install/vicon_receiver/include/boost/mpl/aux_/count_args.hpp\n'}
[24.859190] (vicon_receiver) StdoutLine: {'line': b'-- Installing: /home/ph/treasure/dockerBENCH/helios16p_ws/install/vicon_receiver/include/boost/mpl/aux_/largest_int.hpp\n'}
[24.860219] (vicon_receiver) StdoutLine: {'line': b'-- Installing: /home/ph/treasure/dockerBENCH/helios16p_ws/install/vicon_receiver/include/boost/mpl/aux_/begin_end_impl.hpp\n'}
[24.861201] (vicon_receiver) StdoutLine: {'line': b'-- Installing: /home/ph/treasure/dockerBENCH/helios16p_ws/install/vicon_receiver/include/boost/mpl/aux_/arity_spec.hpp\n'}
[24.862054] (vicon_receiver) StdoutLine: {'line': b'-- Installing: /home/ph/treasure/dockerBENCH/helios16p_ws/install/vicon_receiver/include/boost/mpl/aux_/msvc_type.hpp\n'}
[24.863412] (vicon_receiver) StdoutLine: {'line': b'-- Installing: /home/ph/treasure/dockerBENCH/helios16p_ws/install/vicon_receiver/include/boost/mpl/aux_/lambda_arity_param.hpp\n'}
[24.863650] (vicon_receiver) StdoutLine: {'line': b'-- Installing: /home/ph/treasure/dockerBENCH/helios16p_ws/install/vicon_receiver/include/boost/mpl/aux_/size_impl.hpp\n'}
[24.864343] (vicon_receiver) StdoutLine: {'line': b'-- Installing: /home/ph/treasure/dockerBENCH/helios16p_ws/install/vicon_receiver/include/boost/mpl/aux_/O1_size_impl.hpp\n'}
[24.865126] (vicon_receiver) StdoutLine: {'line': b'-- Installing: /home/ph/treasure/dockerBENCH/helios16p_ws/install/vicon_receiver/include/boost/mpl/aux_/has_rebind.hpp\n'}
[24.865877] (vicon_receiver) StdoutLine: {'line': b'-- Installing: /home/ph/treasure/dockerBENCH/helios16p_ws/install/vicon_receiver/include/boost/mpl/aux_/insert_range_impl.hpp\n'}
[24.866604] (vicon_receiver) StdoutLine: {'line': b'-- Installing: /home/ph/treasure/dockerBENCH/helios16p_ws/install/vicon_receiver/include/boost/mpl/aux_/find_if_pred.hpp\n'}
[24.867416] (vicon_receiver) StdoutLine: {'line': b'-- Installing: /home/ph/treasure/dockerBENCH/helios16p_ws/install/vicon_receiver/include/boost/mpl/aux_/clear_impl.hpp\n'}
[24.868178] (vicon_receiver) StdoutLine: {'line': b'-- Installing: /home/ph/treasure/dockerBENCH/helios16p_ws/install/vicon_receiver/include/boost/mpl/aux_/pop_back_impl.hpp\n'}
[24.869043] (vicon_receiver) StdoutLine: {'line': b'-- Installing: /home/ph/treasure/dockerBENCH/helios16p_ws/install/vicon_receiver/include/boost/mpl/aux_/template_arity.hpp\n'}
[24.869769] (vicon_receiver) StdoutLine: {'line': b'-- Installing: /home/ph/treasure/dockerBENCH/helios16p_ws/install/vicon_receiver/include/boost/mpl/aux_/preprocessed\n'}
[24.870218] (vicon_receiver) StdoutLine: {'line': b'-- Installing: /home/ph/treasure/dockerBENCH/helios16p_ws/install/vicon_receiver/include/boost/mpl/aux_/preprocessed/msvc70\n'}
[24.870919] (vicon_receiver) StdoutLine: {'line': b'-- Installing: /home/ph/treasure/dockerBENCH/helios16p_ws/install/vicon_receiver/include/boost/mpl/aux_/preprocessed/msvc70/greater.hpp\n'}
[24.871662] (vicon_receiver) StdoutLine: {'line': b'-- Installing: /home/ph/treasure/dockerBENCH/helios16p_ws/install/vicon_receiver/include/boost/mpl/aux_/preprocessed/msvc70/unpack_args.hpp\n'}
[24.872493] (vicon_receiver) StdoutLine: {'line': b'-- Installing: /home/ph/treasure/dockerBENCH/helios16p_ws/install/vicon_receiver/include/boost/mpl/aux_/preprocessed/msvc70/greater_equal.hpp\n'}
[24.873149] (vicon_receiver) StdoutLine: {'line': b'-- Installing: /home/ph/treasure/dockerBENCH/helios16p_ws/install/vicon_receiver/include/boost/mpl/aux_/preprocessed/msvc70/set_c.hpp\n'}
[24.873970] (vicon_receiver) StdoutLine: {'line': b'-- Installing: /home/ph/treasure/dockerBENCH/helios16p_ws/install/vicon_receiver/include/boost/mpl/aux_/preprocessed/msvc70/inherit.hpp\n'}
[24.874711] (vicon_receiver) StdoutLine: {'line': b'-- Installing: /home/ph/treasure/dockerBENCH/helios16p_ws/install/vicon_receiver/include/boost/mpl/aux_/preprocessed/msvc70/apply_fwd.hpp\n'}
[24.875502] (vicon_receiver) StdoutLine: {'line': b'-- Installing: /home/ph/treasure/dockerBENCH/helios16p_ws/install/vicon_receiver/include/boost/mpl/aux_/preprocessed/msvc70/and.hpp\n'}
[24.877550] (vicon_receiver) StdoutLine: {'line': b'-- Installing: /home/ph/treasure/dockerBENCH/helios16p_ws/install/vicon_receiver/include/boost/mpl/aux_/preprocessed/msvc70/map.hpp\n'}
[24.877894] (vicon_receiver) StdoutLine: {'line': b'-- Installing: /home/ph/treasure/dockerBENCH/helios16p_ws/install/vicon_receiver/include/boost/mpl/aux_/preprocessed/msvc70/advance_backward.hpp\n'}
[24.878241] (vicon_receiver) StdoutLine: {'line': b'-- Installing: /home/ph/treasure/dockerBENCH/helios16p_ws/install/vicon_receiver/include/boost/mpl/aux_/preprocessed/msvc70/bind.hpp\n'}
[24.879002] (vicon_receiver) StdoutLine: {'line': b'-- Installing: /home/ph/treasure/dockerBENCH/helios16p_ws/install/vicon_receiver/include/boost/mpl/aux_/preprocessed/msvc70/modulus.hpp\n'}
[24.879500] (vicon_receiver) StdoutLine: {'line': b'-- Installing: /home/ph/treasure/dockerBENCH/helios16p_ws/install/vicon_receiver/include/boost/mpl/aux_/preprocessed/msvc70/lambda_no_ctps.hpp\n'}
[24.880311] (vicon_receiver) StdoutLine: {'line': b'-- Installing: /home/ph/treasure/dockerBENCH/helios16p_ws/install/vicon_receiver/include/boost/mpl/aux_/preprocessed/msvc70/quote.hpp\n'}
[24.881116] (vicon_receiver) StdoutLine: {'line': b'-- Installing: /home/ph/treasure/dockerBENCH/helios16p_ws/install/vicon_receiver/include/boost/mpl/aux_/preprocessed/msvc70/deque.hpp\n'}
[24.881993] (vicon_receiver) StdoutLine: {'line': b'-- Installing: /home/ph/treasure/dockerBENCH/helios16p_ws/install/vicon_receiver/include/boost/mpl/aux_/preprocessed/msvc70/shift_right.hpp\n'}
[24.882757] (vicon_receiver) StdoutLine: {'line': b'-- Installing: /home/ph/treasure/dockerBENCH/helios16p_ws/install/vicon_receiver/include/boost/mpl/aux_/preprocessed/msvc70/basic_bind.hpp\n'}
[24.883498] (vicon_receiver) StdoutLine: {'line': b'-- Installing: /home/ph/treasure/dockerBENCH/helios16p_ws/install/vicon_receiver/include/boost/mpl/aux_/preprocessed/msvc70/vector.hpp\n'}
[24.884320] (vicon_receiver) StdoutLine: {'line': b'-- Installing: /home/ph/treasure/dockerBENCH/helios16p_ws/install/vicon_receiver/include/boost/mpl/aux_/preprocessed/msvc70/vector_c.hpp\n'}
[24.885160] (vicon_receiver) StdoutLine: {'line': b'-- Installing: /home/ph/treasure/dockerBENCH/helios16p_ws/install/vicon_receiver/include/boost/mpl/aux_/preprocessed/msvc70/minus.hpp\n'}
[24.885969] (vicon_receiver) StdoutLine: {'line': b'-- Installing: /home/ph/treasure/dockerBENCH/helios16p_ws/install/vicon_receiver/include/boost/mpl/aux_/preprocessed/msvc70/list.hpp\n'}
[24.886869] (vicon_receiver) StdoutLine: {'line': b'-- Installing: /home/ph/treasure/dockerBENCH/helios16p_ws/install/vicon_receiver/include/boost/mpl/aux_/preprocessed/msvc70/bitand.hpp\n'}
[24.887464] (vicon_receiver) StdoutLine: {'line': b'-- Installing: /home/ph/treasure/dockerBENCH/helios16p_ws/install/vicon_receiver/include/boost/mpl/aux_/preprocessed/msvc70/shift_left.hpp\n'}
[24.888218] (vicon_receiver) StdoutLine: {'line': b'-- Installing: /home/ph/treasure/dockerBENCH/helios16p_ws/install/vicon_receiver/include/boost/mpl/aux_/preprocessed/msvc70/template_arity.hpp\n'}
[24.888942] (vicon_receiver) StdoutLine: {'line': b'-- Installing: /home/ph/treasure/dockerBENCH/helios16p_ws/install/vicon_receiver/include/boost/mpl/aux_/preprocessed/msvc70/equal_to.hpp\n'}
[24.889792] (vicon_receiver) StdoutLine: {'line': b'-- Installing: /home/ph/treasure/dockerBENCH/helios16p_ws/install/vicon_receiver/include/boost/mpl/aux_/preprocessed/msvc70/placeholders.hpp\n'}
[24.890434] (vicon_receiver) StdoutLine: {'line': b'-- Installing: /home/ph/treasure/dockerBENCH/helios16p_ws/install/vicon_receiver/include/boost/mpl/aux_/preprocessed/msvc70/advance_forward.hpp\n'}
[24.891145] (vicon_receiver) StdoutLine: {'line': b'-- Installing: /home/ph/treasure/dockerBENCH/helios16p_ws/install/vicon_receiver/include/boost/mpl/aux_/preprocessed/msvc70/apply_wrap.hpp\n'}
[24.891867] (vicon_receiver) StdoutLine: {'line': b'-- Installing: /home/ph/treasure/dockerBENCH/helios16p_ws/install/vicon_receiver/include/boost/mpl/aux_/preprocessed/msvc70/or.hpp\n'}
[24.892671] (vicon_receiver) StdoutLine: {'line': b'-- Installing: /home/ph/treasure/dockerBENCH/helios16p_ws/install/vicon_receiver/include/boost/mpl/aux_/preprocessed/msvc70/not_equal_to.hpp\n'}
[24.893467] (vicon_receiver) StdoutLine: {'line': b'-- Installing: /home/ph/treasure/dockerBENCH/helios16p_ws/install/vicon_receiver/include/boost/mpl/aux_/preprocessed/msvc70/reverse_fold_impl.hpp\n'}
[24.894263] (vicon_receiver) StdoutLine: {'line': b'-- Installing: /home/ph/treasure/dockerBENCH/helios16p_ws/install/vicon_receiver/include/boost/mpl/aux_/preprocessed/msvc70/iter_fold_if_impl.hpp\n'}
[24.895028] (vicon_receiver) StdoutLine: {'line': b'-- Installing: /home/ph/treasure/dockerBENCH/helios16p_ws/install/vicon_receiver/include/boost/mpl/aux_/preprocessed/msvc70/less_equal.hpp\n'}
[24.895766] (vicon_receiver) StdoutLine: {'line': b'-- Installing: /home/ph/treasure/dockerBENCH/helios16p_ws/install/vicon_receiver/include/boost/mpl/aux_/preprocessed/msvc70/times.hpp\n'}
[24.896537] (vicon_receiver) StdoutLine: {'line': b'-- Installing: /home/ph/treasure/dockerBENCH/helios16p_ws/install/vicon_receiver/include/boost/mpl/aux_/preprocessed/msvc70/less.hpp\n'}
[24.897275] (vicon_receiver) StdoutLine: {'line': b'-- Installing: /home/ph/treasure/dockerBENCH/helios16p_ws/install/vicon_receiver/include/boost/mpl/aux_/preprocessed/msvc70/iter_fold_impl.hpp\n'}
[24.898081] (vicon_receiver) StdoutLine: {'line': b'-- Installing: /home/ph/treasure/dockerBENCH/helios16p_ws/install/vicon_receiver/include/boost/mpl/aux_/preprocessed/msvc70/full_lambda.hpp\n'}
[24.898966] (vicon_receiver) StdoutLine: {'line': b'-- Installing: /home/ph/treasure/dockerBENCH/helios16p_ws/install/vicon_receiver/include/boost/mpl/aux_/preprocessed/msvc70/arg.hpp\n'}
[24.899657] (vicon_receiver) StdoutLine: {'line': b'-- Installing: /home/ph/treasure/dockerBENCH/helios16p_ws/install/vicon_receiver/include/boost/mpl/aux_/preprocessed/msvc70/list_c.hpp\n'}
[24.900508] (vicon_receiver) StdoutLine: {'line': b'-- Installing: /home/ph/treasure/dockerBENCH/helios16p_ws/install/vicon_receiver/include/boost/mpl/aux_/preprocessed/msvc70/bitxor.hpp\n'}
[24.901271] (vicon_receiver) StdoutLine: {'line': b'-- Installing: /home/ph/treasure/dockerBENCH/helios16p_ws/install/vicon_receiver/include/boost/mpl/aux_/preprocessed/msvc70/set.hpp\n'}
[24.902063] (vicon_receiver) StdoutLine: {'line': b'-- Installing: /home/ph/treasure/dockerBENCH/helios16p_ws/install/vicon_receiver/include/boost/mpl/aux_/preprocessed/msvc70/bind_fwd.hpp\n'}
[24.902862] (vicon_receiver) StdoutLine: {'line': b'-- Installing: /home/ph/treasure/dockerBENCH/helios16p_ws/install/vicon_receiver/include/boost/mpl/aux_/preprocessed/msvc70/reverse_iter_fold_impl.hpp\n'}
[24.903640] (vicon_receiver) StdoutLine: {'line': b'-- Installing: /home/ph/treasure/dockerBENCH/helios16p_ws/install/vicon_receiver/include/boost/mpl/aux_/preprocessed/msvc70/divides.hpp\n'}
[24.904359] (vicon_receiver) StdoutLine: {'line': b'-- Installing: /home/ph/treasure/dockerBENCH/helios16p_ws/install/vicon_receiver/include/boost/mpl/aux_/preprocessed/msvc70/fold_impl.hpp\n'}
[24.905083] (vicon_receiver) StdoutLine: {'line': b'-- Installing: /home/ph/treasure/dockerBENCH/helios16p_ws/install/vicon_receiver/include/boost/mpl/aux_/preprocessed/msvc70/apply.hpp\n'}
[24.905849] (vicon_receiver) StdoutLine: {'line': b'-- Installing: /home/ph/treasure/dockerBENCH/helios16p_ws/install/vicon_receiver/include/boost/mpl/aux_/preprocessed/msvc70/plus.hpp\n'}
[24.906562] (vicon_receiver) StdoutLine: {'line': b'-- Installing: /home/ph/treasure/dockerBENCH/helios16p_ws/install/vicon_receiver/include/boost/mpl/aux_/preprocessed/msvc70/bitor.hpp\n'}
[24.907262] (vicon_receiver) StdoutLine: {'line': b'-- Installing: /home/ph/treasure/dockerBENCH/helios16p_ws/install/vicon_receiver/include/boost/mpl/aux_/preprocessed/mwcw\n'}
[24.907929] (vicon_receiver) StdoutLine: {'line': b'-- Installing: /home/ph/treasure/dockerBENCH/helios16p_ws/install/vicon_receiver/include/boost/mpl/aux_/preprocessed/mwcw/greater.hpp\n'}
[24.908610] (vicon_receiver) StdoutLine: {'line': b'-- Installing: /home/ph/treasure/dockerBENCH/helios16p_ws/install/vicon_receiver/include/boost/mpl/aux_/preprocessed/mwcw/unpack_args.hpp\n'}
[24.909334] (vicon_receiver) StdoutLine: {'line': b'-- Installing: /home/ph/treasure/dockerBENCH/helios16p_ws/install/vicon_receiver/include/boost/mpl/aux_/preprocessed/mwcw/greater_equal.hpp\n'}
[24.909537] (-) TimerEvent: {}
[24.910133] (vicon_receiver) StdoutLine: {'line': b'-- Installing: /home/ph/treasure/dockerBENCH/helios16p_ws/install/vicon_receiver/include/boost/mpl/aux_/preprocessed/mwcw/set_c.hpp\n'}
[24.910918] (vicon_receiver) StdoutLine: {'line': b'-- Installing: /home/ph/treasure/dockerBENCH/helios16p_ws/install/vicon_receiver/include/boost/mpl/aux_/preprocessed/mwcw/inherit.hpp\n'}
[24.911759] (vicon_receiver) StdoutLine: {'line': b'-- Installing: /home/ph/treasure/dockerBENCH/helios16p_ws/install/vicon_receiver/include/boost/mpl/aux_/preprocessed/mwcw/apply_fwd.hpp\n'}
[24.912444] (vicon_receiver) StdoutLine: {'line': b'-- Installing: /home/ph/treasure/dockerBENCH/helios16p_ws/install/vicon_receiver/include/boost/mpl/aux_/preprocessed/mwcw/and.hpp\n'}
[24.913093] (vicon_receiver) StdoutLine: {'line': b'-- Installing: /home/ph/treasure/dockerBENCH/helios16p_ws/install/vicon_receiver/include/boost/mpl/aux_/preprocessed/mwcw/map.hpp\n'}
[24.913860] (vicon_receiver) StdoutLine: {'line': b'-- Installing: /home/ph/treasure/dockerBENCH/helios16p_ws/install/vicon_receiver/include/boost/mpl/aux_/preprocessed/mwcw/advance_backward.hpp\n'}
[24.914497] (vicon_receiver) StdoutLine: {'line': b'-- Installing: /home/ph/treasure/dockerBENCH/helios16p_ws/install/vicon_receiver/include/boost/mpl/aux_/preprocessed/mwcw/bind.hpp\n'}
[24.915189] (vicon_receiver) StdoutLine: {'line': b'-- Installing: /home/ph/treasure/dockerBENCH/helios16p_ws/install/vicon_receiver/include/boost/mpl/aux_/preprocessed/mwcw/modulus.hpp\n'}
[24.915829] (vicon_receiver) StdoutLine: {'line': b'-- Installing: /home/ph/treasure/dockerBENCH/helios16p_ws/install/vicon_receiver/include/boost/mpl/aux_/preprocessed/mwcw/lambda_no_ctps.hpp\n'}
[24.916514] (vicon_receiver) StdoutLine: {'line': b'-- Installing: /home/ph/treasure/dockerBENCH/helios16p_ws/install/vicon_receiver/include/boost/mpl/aux_/preprocessed/mwcw/quote.hpp\n'}
[24.917181] (vicon_receiver) StdoutLine: {'line': b'-- Installing: /home/ph/treasure/dockerBENCH/helios16p_ws/install/vicon_receiver/include/boost/mpl/aux_/preprocessed/mwcw/deque.hpp\n'}
[24.917931] (vicon_receiver) StdoutLine: {'line': b'-- Installing: /home/ph/treasure/dockerBENCH/helios16p_ws/install/vicon_receiver/include/boost/mpl/aux_/preprocessed/mwcw/shift_right.hpp\n'}
[24.918617] (vicon_receiver) StdoutLine: {'line': b'-- Installing: /home/ph/treasure/dockerBENCH/helios16p_ws/install/vicon_receiver/include/boost/mpl/aux_/preprocessed/mwcw/basic_bind.hpp\n'}
[24.919362] (vicon_receiver) StdoutLine: {'line': b'-- Installing: /home/ph/treasure/dockerBENCH/helios16p_ws/install/vicon_receiver/include/boost/mpl/aux_/preprocessed/mwcw/vector.hpp\n'}
[24.920101] (vicon_receiver) StdoutLine: {'line': b'-- Installing: /home/ph/treasure/dockerBENCH/helios16p_ws/install/vicon_receiver/include/boost/mpl/aux_/preprocessed/mwcw/vector_c.hpp\n'}
[24.920850] (vicon_receiver) StdoutLine: {'line': b'-- Installing: /home/ph/treasure/dockerBENCH/helios16p_ws/install/vicon_receiver/include/boost/mpl/aux_/preprocessed/mwcw/minus.hpp\n'}
[24.921523] (vicon_receiver) StdoutLine: {'line': b'-- Installing: /home/ph/treasure/dockerBENCH/helios16p_ws/install/vicon_receiver/include/boost/mpl/aux_/preprocessed/mwcw/list.hpp\n'}
[24.922242] (vicon_receiver) StdoutLine: {'line': b'-- Installing: /home/ph/treasure/dockerBENCH/helios16p_ws/install/vicon_receiver/include/boost/mpl/aux_/preprocessed/mwcw/bitand.hpp\n'}
[24.922918] (vicon_receiver) StdoutLine: {'line': b'-- Installing: /home/ph/treasure/dockerBENCH/helios16p_ws/install/vicon_receiver/include/boost/mpl/aux_/preprocessed/mwcw/shift_left.hpp\n'}
[24.923552] (vicon_receiver) StdoutLine: {'line': b'-- Installing: /home/ph/treasure/dockerBENCH/helios16p_ws/install/vicon_receiver/include/boost/mpl/aux_/preprocessed/mwcw/template_arity.hpp\n'}
[24.924194] (vicon_receiver) StdoutLine: {'line': b'-- Installing: /home/ph/treasure/dockerBENCH/helios16p_ws/install/vicon_receiver/include/boost/mpl/aux_/preprocessed/mwcw/equal_to.hpp\n'}
[24.924848] (vicon_receiver) StdoutLine: {'line': b'-- Installing: /home/ph/treasure/dockerBENCH/helios16p_ws/install/vicon_receiver/include/boost/mpl/aux_/preprocessed/mwcw/placeholders.hpp\n'}
[24.925512] (vicon_receiver) StdoutLine: {'line': b'-- Installing: /home/ph/treasure/dockerBENCH/helios16p_ws/install/vicon_receiver/include/boost/mpl/aux_/preprocessed/mwcw/advance_forward.hpp\n'}
[24.926117] (vicon_receiver) StdoutLine: {'line': b'-- Installing: /home/ph/treasure/dockerBENCH/helios16p_ws/install/vicon_receiver/include/boost/mpl/aux_/preprocessed/mwcw/apply_wrap.hpp\n'}
[24.926839] (vicon_receiver) StdoutLine: {'line': b'-- Installing: /home/ph/treasure/dockerBENCH/helios16p_ws/install/vicon_receiver/include/boost/mpl/aux_/preprocessed/mwcw/or.hpp\n'}
[24.927510] (vicon_receiver) StdoutLine: {'line': b'-- Installing: /home/ph/treasure/dockerBENCH/helios16p_ws/install/vicon_receiver/include/boost/mpl/aux_/preprocessed/mwcw/not_equal_to.hpp\n'}
[24.928177] (vicon_receiver) StdoutLine: {'line': b'-- Installing: /home/ph/treasure/dockerBENCH/helios16p_ws/install/vicon_receiver/include/boost/mpl/aux_/preprocessed/mwcw/reverse_fold_impl.hpp\n'}
[24.928951] (vicon_receiver) StdoutLine: {'line': b'-- Installing: /home/ph/treasure/dockerBENCH/helios16p_ws/install/vicon_receiver/include/boost/mpl/aux_/preprocessed/mwcw/iter_fold_if_impl.hpp\n'}
[24.929682] (vicon_receiver) StdoutLine: {'line': b'-- Installing: /home/ph/treasure/dockerBENCH/helios16p_ws/install/vicon_receiver/include/boost/mpl/aux_/preprocessed/mwcw/less_equal.hpp\n'}
[24.930370] (vicon_receiver) StdoutLine: {'line': b'-- Installing: /home/ph/treasure/dockerBENCH/helios16p_ws/install/vicon_receiver/include/boost/mpl/aux_/preprocessed/mwcw/times.hpp\n'}
[24.931072] (vicon_receiver) StdoutLine: {'line': b'-- Installing: /home/ph/treasure/dockerBENCH/helios16p_ws/install/vicon_receiver/include/boost/mpl/aux_/preprocessed/mwcw/less.hpp\n'}
[24.931783] (vicon_receiver) StdoutLine: {'line': b'-- Installing: /home/ph/treasure/dockerBENCH/helios16p_ws/install/vicon_receiver/include/boost/mpl/aux_/preprocessed/mwcw/iter_fold_impl.hpp\n'}
[24.932520] (vicon_receiver) StdoutLine: {'line': b'-- Installing: /home/ph/treasure/dockerBENCH/helios16p_ws/install/vicon_receiver/include/boost/mpl/aux_/preprocessed/mwcw/full_lambda.hpp\n'}
[24.933255] (vicon_receiver) StdoutLine: {'line': b'-- Installing: /home/ph/treasure/dockerBENCH/helios16p_ws/install/vicon_receiver/include/boost/mpl/aux_/preprocessed/mwcw/arg.hpp\n'}
[24.933965] (vicon_receiver) StdoutLine: {'line': b'-- Installing: /home/ph/treasure/dockerBENCH/helios16p_ws/install/vicon_receiver/include/boost/mpl/aux_/preprocessed/mwcw/list_c.hpp\n'}
[24.934723] (vicon_receiver) StdoutLine: {'line': b'-- Installing: /home/ph/treasure/dockerBENCH/helios16p_ws/install/vicon_receiver/include/boost/mpl/aux_/preprocessed/mwcw/bitxor.hpp\n'}
[24.935464] (vicon_receiver) StdoutLine: {'line': b'-- Installing: /home/ph/treasure/dockerBENCH/helios16p_ws/install/vicon_receiver/include/boost/mpl/aux_/preprocessed/mwcw/set.hpp\n'}
[24.936234] (vicon_receiver) StdoutLine: {'line': b'-- Installing: /home/ph/treasure/dockerBENCH/helios16p_ws/install/vicon_receiver/include/boost/mpl/aux_/preprocessed/mwcw/bind_fwd.hpp\n'}
[24.936978] (vicon_receiver) StdoutLine: {'line': b'-- Installing: /home/ph/treasure/dockerBENCH/helios16p_ws/install/vicon_receiver/include/boost/mpl/aux_/preprocessed/mwcw/reverse_iter_fold_impl.hpp\n'}
[24.937706] (vicon_receiver) StdoutLine: {'line': b'-- Installing: /home/ph/treasure/dockerBENCH/helios16p_ws/install/vicon_receiver/include/boost/mpl/aux_/preprocessed/mwcw/divides.hpp\n'}
[24.938399] (vicon_receiver) StdoutLine: {'line': b'-- Installing: /home/ph/treasure/dockerBENCH/helios16p_ws/install/vicon_receiver/include/boost/mpl/aux_/preprocessed/mwcw/fold_impl.hpp\n'}
[24.939115] (vicon_receiver) StdoutLine: {'line': b'-- Installing: /home/ph/treasure/dockerBENCH/helios16p_ws/install/vicon_receiver/include/boost/mpl/aux_/preprocessed/mwcw/apply.hpp\n'}
[24.939790] (vicon_receiver) StdoutLine: {'line': b'-- Installing: /home/ph/treasure/dockerBENCH/helios16p_ws/install/vicon_receiver/include/boost/mpl/aux_/preprocessed/mwcw/plus.hpp\n'}
[24.940502] (vicon_receiver) StdoutLine: {'line': b'-- Installing: /home/ph/treasure/dockerBENCH/helios16p_ws/install/vicon_receiver/include/boost/mpl/aux_/preprocessed/mwcw/bitor.hpp\n'}
[24.941236] (vicon_receiver) StdoutLine: {'line': b'-- Installing: /home/ph/treasure/dockerBENCH/helios16p_ws/install/vicon_receiver/include/boost/mpl/aux_/preprocessed/no_ttp\n'}
[24.941767] (vicon_receiver) StdoutLine: {'line': b'-- Installing: /home/ph/treasure/dockerBENCH/helios16p_ws/install/vicon_receiver/include/boost/mpl/aux_/preprocessed/no_ttp/greater.hpp\n'}
[24.942487] (vicon_receiver) StdoutLine: {'line': b'-- Installing: /home/ph/treasure/dockerBENCH/helios16p_ws/install/vicon_receiver/include/boost/mpl/aux_/preprocessed/no_ttp/unpack_args.hpp\n'}
[24.943161] (vicon_receiver) StdoutLine: {'line': b'-- Installing: /home/ph/treasure/dockerBENCH/helios16p_ws/install/vicon_receiver/include/boost/mpl/aux_/preprocessed/no_ttp/greater_equal.hpp\n'}
[24.943832] (vicon_receiver) StdoutLine: {'line': b'-- Installing: /home/ph/treasure/dockerBENCH/helios16p_ws/install/vicon_receiver/include/boost/mpl/aux_/preprocessed/no_ttp/set_c.hpp\n'}
[24.944601] (vicon_receiver) StdoutLine: {'line': b'-- Installing: /home/ph/treasure/dockerBENCH/helios16p_ws/install/vicon_receiver/include/boost/mpl/aux_/preprocessed/no_ttp/inherit.hpp\n'}
[24.945222] (vicon_receiver) StdoutLine: {'line': b'-- Installing: /home/ph/treasure/dockerBENCH/helios16p_ws/install/vicon_receiver/include/boost/mpl/aux_/preprocessed/no_ttp/apply_fwd.hpp\n'}
[24.945899] (vicon_receiver) StdoutLine: {'line': b'-- Installing: /home/ph/treasure/dockerBENCH/helios16p_ws/install/vicon_receiver/include/boost/mpl/aux_/preprocessed/no_ttp/and.hpp\n'}
[24.946553] (vicon_receiver) StdoutLine: {'line': b'-- Installing: /home/ph/treasure/dockerBENCH/helios16p_ws/install/vicon_receiver/include/boost/mpl/aux_/preprocessed/no_ttp/map.hpp\n'}
[24.947257] (vicon_receiver) StdoutLine: {'line': b'-- Installing: /home/ph/treasure/dockerBENCH/helios16p_ws/install/vicon_receiver/include/boost/mpl/aux_/preprocessed/no_ttp/advance_backward.hpp\n'}
[24.947975] (vicon_receiver) StdoutLine: {'line': b'-- Installing: /home/ph/treasure/dockerBENCH/helios16p_ws/install/vicon_receiver/include/boost/mpl/aux_/preprocessed/no_ttp/bind.hpp\n'}
[24.948708] (vicon_receiver) StdoutLine: {'line': b'-- Installing: /home/ph/treasure/dockerBENCH/helios16p_ws/install/vicon_receiver/include/boost/mpl/aux_/preprocessed/no_ttp/modulus.hpp\n'}
[24.949335] (vicon_receiver) StdoutLine: {'line': b'-- Installing: /home/ph/treasure/dockerBENCH/helios16p_ws/install/vicon_receiver/include/boost/mpl/aux_/preprocessed/no_ttp/lambda_no_ctps.hpp\n'}
[24.950048] (vicon_receiver) StdoutLine: {'line': b'-- Installing: /home/ph/treasure/dockerBENCH/helios16p_ws/install/vicon_receiver/include/boost/mpl/aux_/preprocessed/no_ttp/quote.hpp\n'}
[24.950764] (vicon_receiver) StdoutLine: {'line': b'-- Installing: /home/ph/treasure/dockerBENCH/helios16p_ws/install/vicon_receiver/include/boost/mpl/aux_/preprocessed/no_ttp/deque.hpp\n'}
[24.951502] (vicon_receiver) StdoutLine: {'line': b'-- Installing: /home/ph/treasure/dockerBENCH/helios16p_ws/install/vicon_receiver/include/boost/mpl/aux_/preprocessed/no_ttp/shift_right.hpp\n'}
[24.952169] (vicon_receiver) StdoutLine: {'line': b'-- Installing: /home/ph/treasure/dockerBENCH/helios16p_ws/install/vicon_receiver/include/boost/mpl/aux_/preprocessed/no_ttp/basic_bind.hpp\n'}
[24.952873] (vicon_receiver) StdoutLine: {'line': b'-- Installing: /home/ph/treasure/dockerBENCH/helios16p_ws/install/vicon_receiver/include/boost/mpl/aux_/preprocessed/no_ttp/vector.hpp\n'}
[24.953651] (vicon_receiver) StdoutLine: {'line': b'-- Installing: /home/ph/treasure/dockerBENCH/helios16p_ws/install/vicon_receiver/include/boost/mpl/aux_/preprocessed/no_ttp/vector_c.hpp\n'}
[24.954403] (vicon_receiver) StdoutLine: {'line': b'-- Installing: /home/ph/treasure/dockerBENCH/helios16p_ws/install/vicon_receiver/include/boost/mpl/aux_/preprocessed/no_ttp/minus.hpp\n'}
[24.955086] (vicon_receiver) StdoutLine: {'line': b'-- Installing: /home/ph/treasure/dockerBENCH/helios16p_ws/install/vicon_receiver/include/boost/mpl/aux_/preprocessed/no_ttp/list.hpp\n'}
[24.955851] (vicon_receiver) StdoutLine: {'line': b'-- Installing: /home/ph/treasure/dockerBENCH/helios16p_ws/install/vicon_receiver/include/boost/mpl/aux_/preprocessed/no_ttp/bitand.hpp\n'}
[24.956634] (vicon_receiver) StdoutLine: {'line': b'-- Installing: /home/ph/treasure/dockerBENCH/helios16p_ws/install/vicon_receiver/include/boost/mpl/aux_/preprocessed/no_ttp/shift_left.hpp\n'}
[24.957475] (vicon_receiver) StdoutLine: {'line': b'-- Installing: /home/ph/treasure/dockerBENCH/helios16p_ws/install/vicon_receiver/include/boost/mpl/aux_/preprocessed/no_ttp/template_arity.hpp\n'}
[24.958140] (vicon_receiver) StdoutLine: {'line': b'-- Installing: /home/ph/treasure/dockerBENCH/helios16p_ws/install/vicon_receiver/include/boost/mpl/aux_/preprocessed/no_ttp/equal_to.hpp\n'}
[24.958963] (vicon_receiver) StdoutLine: {'line': b'-- Installing: /home/ph/treasure/dockerBENCH/helios16p_ws/install/vicon_receiver/include/boost/mpl/aux_/preprocessed/no_ttp/placeholders.hpp\n'}
[24.959512] (vicon_receiver) StdoutLine: {'line': b'-- Installing: /home/ph/treasure/dockerBENCH/helios16p_ws/install/vicon_receiver/include/boost/mpl/aux_/preprocessed/no_ttp/advance_forward.hpp\n'}
[24.960183] (vicon_receiver) StdoutLine: {'line': b'-- Installing: /home/ph/treasure/dockerBENCH/helios16p_ws/install/vicon_receiver/include/boost/mpl/aux_/preprocessed/no_ttp/apply_wrap.hpp\n'}
[24.960862] (vicon_receiver) StdoutLine: {'line': b'-- Installing: /home/ph/treasure/dockerBENCH/helios16p_ws/install/vicon_receiver/include/boost/mpl/aux_/preprocessed/no_ttp/or.hpp\n'}
[24.961532] (vicon_receiver) StdoutLine: {'line': b'-- Installing: /home/ph/treasure/dockerBENCH/helios16p_ws/install/vicon_receiver/include/boost/mpl/aux_/preprocessed/no_ttp/not_equal_to.hpp\n'}
[24.962166] (vicon_receiver) StdoutLine: {'line': b'-- Installing: /home/ph/treasure/dockerBENCH/helios16p_ws/install/vicon_receiver/include/boost/mpl/aux_/preprocessed/no_ttp/reverse_fold_impl.hpp\n'}
[24.962833] (vicon_receiver) StdoutLine: {'line': b'-- Installing: /home/ph/treasure/dockerBENCH/helios16p_ws/install/vicon_receiver/include/boost/mpl/aux_/preprocessed/no_ttp/iter_fold_if_impl.hpp\n'}
[24.963548] (vicon_receiver) StdoutLine: {'line': b'-- Installing: /home/ph/treasure/dockerBENCH/helios16p_ws/install/vicon_receiver/include/boost/mpl/aux_/preprocessed/no_ttp/less_equal.hpp\n'}
[24.964200] (vicon_receiver) StdoutLine: {'line': b'-- Installing: /home/ph/treasure/dockerBENCH/helios16p_ws/install/vicon_receiver/include/boost/mpl/aux_/preprocessed/no_ttp/times.hpp\n'}
[24.964901] (vicon_receiver) StdoutLine: {'line': b'-- Installing: /home/ph/treasure/dockerBENCH/helios16p_ws/install/vicon_receiver/include/boost/mpl/aux_/preprocessed/no_ttp/less.hpp\n'}
[24.965629] (vicon_receiver) StdoutLine: {'line': b'-- Installing: /home/ph/treasure/dockerBENCH/helios16p_ws/install/vicon_receiver/include/boost/mpl/aux_/preprocessed/no_ttp/iter_fold_impl.hpp\n'}
[24.966269] (vicon_receiver) StdoutLine: {'line': b'-- Installing: /home/ph/treasure/dockerBENCH/helios16p_ws/install/vicon_receiver/include/boost/mpl/aux_/preprocessed/no_ttp/full_lambda.hpp\n'}
[24.967036] (vicon_receiver) StdoutLine: {'line': b'-- Installing: /home/ph/treasure/dockerBENCH/helios16p_ws/install/vicon_receiver/include/boost/mpl/aux_/preprocessed/no_ttp/arg.hpp\n'}
[24.967696] (vicon_receiver) StdoutLine: {'line': b'-- Installing: /home/ph/treasure/dockerBENCH/helios16p_ws/install/vicon_receiver/include/boost/mpl/aux_/preprocessed/no_ttp/list_c.hpp\n'}
[24.968472] (vicon_receiver) StdoutLine: {'line': b'-- Installing: /home/ph/treasure/dockerBENCH/helios16p_ws/install/vicon_receiver/include/boost/mpl/aux_/preprocessed/no_ttp/bitxor.hpp\n'}
[24.969079] (vicon_receiver) StdoutLine: {'line': b'-- Installing: /home/ph/treasure/dockerBENCH/helios16p_ws/install/vicon_receiver/include/boost/mpl/aux_/preprocessed/no_ttp/set.hpp\n'}
[24.969967] (vicon_receiver) StdoutLine: {'line': b'-- Installing: /home/ph/treasure/dockerBENCH/helios16p_ws/install/vicon_receiver/include/boost/mpl/aux_/preprocessed/no_ttp/bind_fwd.hpp\n'}
[24.970767] (vicon_receiver) StdoutLine: {'line': b'-- Installing: /home/ph/treasure/dockerBENCH/helios16p_ws/install/vicon_receiver/include/boost/mpl/aux_/preprocessed/no_ttp/reverse_iter_fold_impl.hpp\n'}
[24.971269] (vicon_receiver) StdoutLine: {'line': b'-- Installing: /home/ph/treasure/dockerBENCH/helios16p_ws/install/vicon_receiver/include/boost/mpl/aux_/preprocessed/no_ttp/divides.hpp\n'}
[24.971887] (vicon_receiver) StdoutLine: {'line': b'-- Installing: /home/ph/treasure/dockerBENCH/helios16p_ws/install/vicon_receiver/include/boost/mpl/aux_/preprocessed/no_ttp/fold_impl.hpp\n'}
[24.972657] (vicon_receiver) StdoutLine: {'line': b'-- Installing: /home/ph/treasure/dockerBENCH/helios16p_ws/install/vicon_receiver/include/boost/mpl/aux_/preprocessed/no_ttp/apply.hpp\n'}
[24.973362] (vicon_receiver) StdoutLine: {'line': b'-- Installing: /home/ph/treasure/dockerBENCH/helios16p_ws/install/vicon_receiver/include/boost/mpl/aux_/preprocessed/no_ttp/plus.hpp\n'}
[24.974056] (vicon_receiver) StdoutLine: {'line': b'-- Installing: /home/ph/treasure/dockerBENCH/helios16p_ws/install/vicon_receiver/include/boost/mpl/aux_/preprocessed/no_ttp/bitor.hpp\n'}
[24.974912] (vicon_receiver) StdoutLine: {'line': b'-- Installing: /home/ph/treasure/dockerBENCH/helios16p_ws/install/vicon_receiver/include/boost/mpl/aux_/preprocessed/gcc\n'}
[24.975299] (vicon_receiver) StdoutLine: {'line': b'-- Installing: /home/ph/treasure/dockerBENCH/helios16p_ws/install/vicon_receiver/include/boost/mpl/aux_/preprocessed/gcc/greater.hpp\n'}
[24.976044] (vicon_receiver) StdoutLine: {'line': b'-- Installing: /home/ph/treasure/dockerBENCH/helios16p_ws/install/vicon_receiver/include/boost/mpl/aux_/preprocessed/gcc/unpack_args.hpp\n'}
[24.976671] (vicon_receiver) StdoutLine: {'line': b'-- Installing: /home/ph/treasure/dockerBENCH/helios16p_ws/install/vicon_receiver/include/boost/mpl/aux_/preprocessed/gcc/greater_equal.hpp\n'}
[24.977294] (vicon_receiver) StdoutLine: {'line': b'-- Installing: /home/ph/treasure/dockerBENCH/helios16p_ws/install/vicon_receiver/include/boost/mpl/aux_/preprocessed/gcc/set_c.hpp\n'}
[24.978017] (vicon_receiver) StdoutLine: {'line': b'-- Installing: /home/ph/treasure/dockerBENCH/helios16p_ws/install/vicon_receiver/include/boost/mpl/aux_/preprocessed/gcc/inherit.hpp\n'}
[24.978680] (vicon_receiver) StdoutLine: {'line': b'-- Installing: /home/ph/treasure/dockerBENCH/helios16p_ws/install/vicon_receiver/include/boost/mpl/aux_/preprocessed/gcc/apply_fwd.hpp\n'}
[24.979978] (vicon_receiver) StdoutLine: {'line': b'-- Installing: /home/ph/treasure/dockerBENCH/helios16p_ws/install/vicon_receiver/include/boost/mpl/aux_/preprocessed/gcc/and.hpp\n'}
[24.980752] (vicon_receiver) StdoutLine: {'line': b'-- Installing: /home/ph/treasure/dockerBENCH/helios16p_ws/install/vicon_receiver/include/boost/mpl/aux_/preprocessed/gcc/map.hpp\n'}
[24.981557] (vicon_receiver) StdoutLine: {'line': b'-- Installing: /home/ph/treasure/dockerBENCH/helios16p_ws/install/vicon_receiver/include/boost/mpl/aux_/preprocessed/gcc/advance_backward.hpp\n'}
[24.982054] (vicon_receiver) StdoutLine: {'line': b'-- Installing: /home/ph/treasure/dockerBENCH/helios16p_ws/install/vicon_receiver/include/boost/mpl/aux_/preprocessed/gcc/bind.hpp\n'}
[24.983038] (vicon_receiver) StdoutLine: {'line': b'-- Installing: /home/ph/treasure/dockerBENCH/helios16p_ws/install/vicon_receiver/include/boost/mpl/aux_/preprocessed/gcc/modulus.hpp\n'}
[24.983690] (vicon_receiver) StdoutLine: {'line': b'-- Installing: /home/ph/treasure/dockerBENCH/helios16p_ws/install/vicon_receiver/include/boost/mpl/aux_/preprocessed/gcc/lambda_no_ctps.hpp\n'}
[24.984442] (vicon_receiver) StdoutLine: {'line': b'-- Installing: /home/ph/treasure/dockerBENCH/helios16p_ws/install/vicon_receiver/include/boost/mpl/aux_/preprocessed/gcc/quote.hpp\n'}
[24.985149] (vicon_receiver) StdoutLine: {'line': b'-- Installing: /home/ph/treasure/dockerBENCH/helios16p_ws/install/vicon_receiver/include/boost/mpl/aux_/preprocessed/gcc/deque.hpp\n'}
[24.985904] (vicon_receiver) StdoutLine: {'line': b'-- Installing: /home/ph/treasure/dockerBENCH/helios16p_ws/install/vicon_receiver/include/boost/mpl/aux_/preprocessed/gcc/shift_right.hpp\n'}
[24.986640] (vicon_receiver) StdoutLine: {'line': b'-- Installing: /home/ph/treasure/dockerBENCH/helios16p_ws/install/vicon_receiver/include/boost/mpl/aux_/preprocessed/gcc/basic_bind.hpp\n'}
[24.987403] (vicon_receiver) StdoutLine: {'line': b'-- Installing: /home/ph/treasure/dockerBENCH/helios16p_ws/install/vicon_receiver/include/boost/mpl/aux_/preprocessed/gcc/vector.hpp\n'}
[24.988166] (vicon_receiver) StdoutLine: {'line': b'-- Installing: /home/ph/treasure/dockerBENCH/helios16p_ws/install/vicon_receiver/include/boost/mpl/aux_/preprocessed/gcc/vector_c.hpp\n'}
[24.988978] (vicon_receiver) StdoutLine: {'line': b'-- Installing: /home/ph/treasure/dockerBENCH/helios16p_ws/install/vicon_receiver/include/boost/mpl/aux_/preprocessed/gcc/minus.hpp\n'}
[24.989888] (vicon_receiver) StdoutLine: {'line': b'-- Installing: /home/ph/treasure/dockerBENCH/helios16p_ws/install/vicon_receiver/include/boost/mpl/aux_/preprocessed/gcc/list.hpp\n'}
[24.990450] (vicon_receiver) StdoutLine: {'line': b'-- Installing: /home/ph/treasure/dockerBENCH/helios16p_ws/install/vicon_receiver/include/boost/mpl/aux_/preprocessed/gcc/bitand.hpp\n'}
[24.991221] (vicon_receiver) StdoutLine: {'line': b'-- Installing: /home/ph/treasure/dockerBENCH/helios16p_ws/install/vicon_receiver/include/boost/mpl/aux_/preprocessed/gcc/shift_left.hpp\n'}
[24.992075] (vicon_receiver) StdoutLine: {'line': b'-- Installing: /home/ph/treasure/dockerBENCH/helios16p_ws/install/vicon_receiver/include/boost/mpl/aux_/preprocessed/gcc/template_arity.hpp\n'}
[24.992746] (vicon_receiver) StdoutLine: {'line': b'-- Installing: /home/ph/treasure/dockerBENCH/helios16p_ws/install/vicon_receiver/include/boost/mpl/aux_/preprocessed/gcc/equal_to.hpp\n'}
[24.993441] (vicon_receiver) StdoutLine: {'line': b'-- Installing: /home/ph/treasure/dockerBENCH/helios16p_ws/install/vicon_receiver/include/boost/mpl/aux_/preprocessed/gcc/placeholders.hpp\n'}
[24.994611] (vicon_receiver) StdoutLine: {'line': b'-- Installing: /home/ph/treasure/dockerBENCH/helios16p_ws/install/vicon_receiver/include/boost/mpl/aux_/preprocessed/gcc/advance_forward.hpp\n'}
[24.995349] (vicon_receiver) StdoutLine: {'line': b'-- Installing: /home/ph/treasure/dockerBENCH/helios16p_ws/install/vicon_receiver/include/boost/mpl/aux_/preprocessed/gcc/apply_wrap.hpp\n'}
[24.996098] (vicon_receiver) StdoutLine: {'line': b'-- Installing: /home/ph/treasure/dockerBENCH/helios16p_ws/install/vicon_receiver/include/boost/mpl/aux_/preprocessed/gcc/or.hpp\n'}
[24.996925] (vicon_receiver) StdoutLine: {'line': b'-- Installing: /home/ph/treasure/dockerBENCH/helios16p_ws/install/vicon_receiver/include/boost/mpl/aux_/preprocessed/gcc/not_equal_to.hpp\n'}
[24.997566] (vicon_receiver) StdoutLine: {'line': b'-- Installing: /home/ph/treasure/dockerBENCH/helios16p_ws/install/vicon_receiver/include/boost/mpl/aux_/preprocessed/gcc/reverse_fold_impl.hpp\n'}
[24.998292] (vicon_receiver) StdoutLine: {'line': b'-- Installing: /home/ph/treasure/dockerBENCH/helios16p_ws/install/vicon_receiver/include/boost/mpl/aux_/preprocessed/gcc/iter_fold_if_impl.hpp\n'}
[24.999072] (vicon_receiver) StdoutLine: {'line': b'-- Installing: /home/ph/treasure/dockerBENCH/helios16p_ws/install/vicon_receiver/include/boost/mpl/aux_/preprocessed/gcc/less_equal.hpp\n'}
[24.999824] (vicon_receiver) StdoutLine: {'line': b'-- Installing: /home/ph/treasure/dockerBENCH/helios16p_ws/install/vicon_receiver/include/boost/mpl/aux_/preprocessed/gcc/times.hpp\n'}
[25.000555] (vicon_receiver) StdoutLine: {'line': b'-- Installing: /home/ph/treasure/dockerBENCH/helios16p_ws/install/vicon_receiver/include/boost/mpl/aux_/preprocessed/gcc/less.hpp\n'}
[25.001428] (vicon_receiver) StdoutLine: {'line': b'-- Installing: /home/ph/treasure/dockerBENCH/helios16p_ws/install/vicon_receiver/include/boost/mpl/aux_/preprocessed/gcc/iter_fold_impl.hpp\n'}
[25.002158] (vicon_receiver) StdoutLine: {'line': b'-- Installing: /home/ph/treasure/dockerBENCH/helios16p_ws/install/vicon_receiver/include/boost/mpl/aux_/preprocessed/gcc/full_lambda.hpp\n'}
[25.003024] (vicon_receiver) StdoutLine: {'line': b'-- Installing: /home/ph/treasure/dockerBENCH/helios16p_ws/install/vicon_receiver/include/boost/mpl/aux_/preprocessed/gcc/arg.hpp\n'}
[25.004246] (vicon_receiver) StdoutLine: {'line': b'-- Installing: /home/ph/treasure/dockerBENCH/helios16p_ws/install/vicon_receiver/include/boost/mpl/aux_/preprocessed/gcc/list_c.hpp\n'}
[25.004979] (vicon_receiver) StdoutLine: {'line': b'-- Installing: /home/ph/treasure/dockerBENCH/helios16p_ws/install/vicon_receiver/include/boost/mpl/aux_/preprocessed/gcc/bitxor.hpp\n'}
[25.005724] (vicon_receiver) StdoutLine: {'line': b'-- Installing: /home/ph/treasure/dockerBENCH/helios16p_ws/install/vicon_receiver/include/boost/mpl/aux_/preprocessed/gcc/set.hpp\n'}
[25.006532] (vicon_receiver) StdoutLine: {'line': b'-- Installing: /home/ph/treasure/dockerBENCH/helios16p_ws/install/vicon_receiver/include/boost/mpl/aux_/preprocessed/gcc/bind_fwd.hpp\n'}
[25.007269] (vicon_receiver) StdoutLine: {'line': b'-- Installing: /home/ph/treasure/dockerBENCH/helios16p_ws/install/vicon_receiver/include/boost/mpl/aux_/preprocessed/gcc/reverse_iter_fold_impl.hpp\n'}
[25.008033] (vicon_receiver) StdoutLine: {'line': b'-- Installing: /home/ph/treasure/dockerBENCH/helios16p_ws/install/vicon_receiver/include/boost/mpl/aux_/preprocessed/gcc/divides.hpp\n'}
[25.008794] (vicon_receiver) StdoutLine: {'line': b'-- Installing: /home/ph/treasure/dockerBENCH/helios16p_ws/install/vicon_receiver/include/boost/mpl/aux_/preprocessed/gcc/fold_impl.hpp\n'}
[25.009633] (vicon_receiver) StdoutLine: {'line': b'-- Installing: /home/ph/treasure/dockerBENCH/helios16p_ws/install/vicon_receiver/include/boost/mpl/aux_/preprocessed/gcc/apply.hpp\n'}
[25.009946] (-) TimerEvent: {}
[25.010360] (vicon_receiver) StdoutLine: {'line': b'-- Installing: /home/ph/treasure/dockerBENCH/helios16p_ws/install/vicon_receiver/include/boost/mpl/aux_/preprocessed/gcc/plus.hpp\n'}
[25.011233] (vicon_receiver) StdoutLine: {'line': b'-- Installing: /home/ph/treasure/dockerBENCH/helios16p_ws/install/vicon_receiver/include/boost/mpl/aux_/preprocessed/gcc/bitor.hpp\n'}
[25.011942] (vicon_receiver) StdoutLine: {'line': b'-- Installing: /home/ph/treasure/dockerBENCH/helios16p_ws/install/vicon_receiver/include/boost/mpl/aux_/preprocessed/bcc551\n'}
[25.012570] (vicon_receiver) StdoutLine: {'line': b'-- Installing: /home/ph/treasure/dockerBENCH/helios16p_ws/install/vicon_receiver/include/boost/mpl/aux_/preprocessed/bcc551/greater.hpp\n'}
[25.013479] (vicon_receiver) StdoutLine: {'line': b'-- Installing: /home/ph/treasure/dockerBENCH/helios16p_ws/install/vicon_receiver/include/boost/mpl/aux_/preprocessed/bcc551/unpack_args.hpp\n'}
[25.013962] (vicon_receiver) StdoutLine: {'line': b'-- Installing: /home/ph/treasure/dockerBENCH/helios16p_ws/install/vicon_receiver/include/boost/mpl/aux_/preprocessed/bcc551/greater_equal.hpp\n'}
[25.014758] (vicon_receiver) StdoutLine: {'line': b'-- Installing: /home/ph/treasure/dockerBENCH/helios16p_ws/install/vicon_receiver/include/boost/mpl/aux_/preprocessed/bcc551/set_c.hpp\n'}
[25.015595] (vicon_receiver) StdoutLine: {'line': b'-- Installing: /home/ph/treasure/dockerBENCH/helios16p_ws/install/vicon_receiver/include/boost/mpl/aux_/preprocessed/bcc551/inherit.hpp\n'}
[25.016343] (vicon_receiver) StdoutLine: {'line': b'-- Installing: /home/ph/treasure/dockerBENCH/helios16p_ws/install/vicon_receiver/include/boost/mpl/aux_/preprocessed/bcc551/apply_fwd.hpp\n'}
[25.017072] (vicon_receiver) StdoutLine: {'line': b'-- Installing: /home/ph/treasure/dockerBENCH/helios16p_ws/install/vicon_receiver/include/boost/mpl/aux_/preprocessed/bcc551/and.hpp\n'}
[25.017817] (vicon_receiver) StdoutLine: {'line': b'-- Installing: /home/ph/treasure/dockerBENCH/helios16p_ws/install/vicon_receiver/include/boost/mpl/aux_/preprocessed/bcc551/map.hpp\n'}
[25.018698] (vicon_receiver) StdoutLine: {'line': b'-- Installing: /home/ph/treasure/dockerBENCH/helios16p_ws/install/vicon_receiver/include/boost/mpl/aux_/preprocessed/bcc551/advance_backward.hpp\n'}
[25.019396] (vicon_receiver) StdoutLine: {'line': b'-- Installing: /home/ph/treasure/dockerBENCH/helios16p_ws/install/vicon_receiver/include/boost/mpl/aux_/preprocessed/bcc551/bind.hpp\n'}
[25.020122] (vicon_receiver) StdoutLine: {'line': b'-- Installing: /home/ph/treasure/dockerBENCH/helios16p_ws/install/vicon_receiver/include/boost/mpl/aux_/preprocessed/bcc551/modulus.hpp\n'}
[25.020863] (vicon_receiver) StdoutLine: {'line': b'-- Installing: /home/ph/treasure/dockerBENCH/helios16p_ws/install/vicon_receiver/include/boost/mpl/aux_/preprocessed/bcc551/lambda_no_ctps.hpp\n'}
[25.021565] (vicon_receiver) StdoutLine: {'line': b'-- Installing: /home/ph/treasure/dockerBENCH/helios16p_ws/install/vicon_receiver/include/boost/mpl/aux_/preprocessed/bcc551/quote.hpp\n'}
[25.022221] (vicon_receiver) StdoutLine: {'line': b'-- Installing: /home/ph/treasure/dockerBENCH/helios16p_ws/install/vicon_receiver/include/boost/mpl/aux_/preprocessed/bcc551/deque.hpp\n'}
[25.023019] (vicon_receiver) StdoutLine: {'line': b'-- Installing: /home/ph/treasure/dockerBENCH/helios16p_ws/install/vicon_receiver/include/boost/mpl/aux_/preprocessed/bcc551/shift_right.hpp\n'}
[25.023734] (vicon_receiver) StdoutLine: {'line': b'-- Installing: /home/ph/treasure/dockerBENCH/helios16p_ws/install/vicon_receiver/include/boost/mpl/aux_/preprocessed/bcc551/basic_bind.hpp\n'}
[25.024493] (vicon_receiver) StdoutLine: {'line': b'-- Installing: /home/ph/treasure/dockerBENCH/helios16p_ws/install/vicon_receiver/include/boost/mpl/aux_/preprocessed/bcc551/vector.hpp\n'}
[25.025276] (vicon_receiver) StdoutLine: {'line': b'-- Installing: /home/ph/treasure/dockerBENCH/helios16p_ws/install/vicon_receiver/include/boost/mpl/aux_/preprocessed/bcc551/vector_c.hpp\n'}
[25.026153] (vicon_receiver) StdoutLine: {'line': b'-- Installing: /home/ph/treasure/dockerBENCH/helios16p_ws/install/vicon_receiver/include/boost/mpl/aux_/preprocessed/bcc551/minus.hpp\n'}
[25.026875] (vicon_receiver) StdoutLine: {'line': b'-- Installing: /home/ph/treasure/dockerBENCH/helios16p_ws/install/vicon_receiver/include/boost/mpl/aux_/preprocessed/bcc551/list.hpp\n'}
[25.027648] (vicon_receiver) StdoutLine: {'line': b'-- Installing: /home/ph/treasure/dockerBENCH/helios16p_ws/install/vicon_receiver/include/boost/mpl/aux_/preprocessed/bcc551/bitand.hpp\n'}
[25.028378] (vicon_receiver) StdoutLine: {'line': b'-- Installing: /home/ph/treasure/dockerBENCH/helios16p_ws/install/vicon_receiver/include/boost/mpl/aux_/preprocessed/bcc551/shift_left.hpp\n'}
[25.029133] (vicon_receiver) StdoutLine: {'line': b'-- Installing: /home/ph/treasure/dockerBENCH/helios16p_ws/install/vicon_receiver/include/boost/mpl/aux_/preprocessed/bcc551/template_arity.hpp\n'}
[25.029865] (vicon_receiver) StdoutLine: {'line': b'-- Installing: /home/ph/treasure/dockerBENCH/helios16p_ws/install/vicon_receiver/include/boost/mpl/aux_/preprocessed/bcc551/equal_to.hpp\n'}
[25.030635] (vicon_receiver) StdoutLine: {'line': b'-- Installing: /home/ph/treasure/dockerBENCH/helios16p_ws/install/vicon_receiver/include/boost/mpl/aux_/preprocessed/bcc551/placeholders.hpp\n'}
[25.031345] (vicon_receiver) StdoutLine: {'line': b'-- Installing: /home/ph/treasure/dockerBENCH/helios16p_ws/install/vicon_receiver/include/boost/mpl/aux_/preprocessed/bcc551/advance_forward.hpp\n'}
[25.032079] (vicon_receiver) StdoutLine: {'line': b'-- Installing: /home/ph/treasure/dockerBENCH/helios16p_ws/install/vicon_receiver/include/boost/mpl/aux_/preprocessed/bcc551/apply_wrap.hpp\n'}
[25.032879] (vicon_receiver) StdoutLine: {'line': b'-- Installing: /home/ph/treasure/dockerBENCH/helios16p_ws/install/vicon_receiver/include/boost/mpl/aux_/preprocessed/bcc551/or.hpp\n'}
[25.033724] (vicon_receiver) StdoutLine: {'line': b'-- Installing: /home/ph/treasure/dockerBENCH/helios16p_ws/install/vicon_receiver/include/boost/mpl/aux_/preprocessed/bcc551/not_equal_to.hpp\n'}
[25.034509] (vicon_receiver) StdoutLine: {'line': b'-- Installing: /home/ph/treasure/dockerBENCH/helios16p_ws/install/vicon_receiver/include/boost/mpl/aux_/preprocessed/bcc551/reverse_fold_impl.hpp\n'}
[25.035320] (vicon_receiver) StdoutLine: {'line': b'-- Installing: /home/ph/treasure/dockerBENCH/helios16p_ws/install/vicon_receiver/include/boost/mpl/aux_/preprocessed/bcc551/iter_fold_if_impl.hpp\n'}
[25.036060] (vicon_receiver) StdoutLine: {'line': b'-- Installing: /home/ph/treasure/dockerBENCH/helios16p_ws/install/vicon_receiver/include/boost/mpl/aux_/preprocessed/bcc551/less_equal.hpp\n'}
[25.036825] (vicon_receiver) StdoutLine: {'line': b'-- Installing: /home/ph/treasure/dockerBENCH/helios16p_ws/install/vicon_receiver/include/boost/mpl/aux_/preprocessed/bcc551/times.hpp\n'}
[25.037570] (vicon_receiver) StdoutLine: {'line': b'-- Installing: /home/ph/treasure/dockerBENCH/helios16p_ws/install/vicon_receiver/include/boost/mpl/aux_/preprocessed/bcc551/less.hpp\n'}
[25.038201] (vicon_receiver) StdoutLine: {'line': b'-- Installing: /home/ph/treasure/dockerBENCH/helios16p_ws/install/vicon_receiver/include/boost/mpl/aux_/preprocessed/bcc551/iter_fold_impl.hpp\n'}
[25.038958] (vicon_receiver) StdoutLine: {'line': b'-- Installing: /home/ph/treasure/dockerBENCH/helios16p_ws/install/vicon_receiver/include/boost/mpl/aux_/preprocessed/bcc551/full_lambda.hpp\n'}
[25.039807] (vicon_receiver) StdoutLine: {'line': b'-- Installing: /home/ph/treasure/dockerBENCH/helios16p_ws/install/vicon_receiver/include/boost/mpl/aux_/preprocessed/bcc551/arg.hpp\n'}
[25.040740] (vicon_receiver) StdoutLine: {'line': b'-- Installing: /home/ph/treasure/dockerBENCH/helios16p_ws/install/vicon_receiver/include/boost/mpl/aux_/preprocessed/bcc551/list_c.hpp\n'}
[25.041520] (vicon_receiver) StdoutLine: {'line': b'-- Installing: /home/ph/treasure/dockerBENCH/helios16p_ws/install/vicon_receiver/include/boost/mpl/aux_/preprocessed/bcc551/bitxor.hpp\n'}
[25.042349] (vicon_receiver) StdoutLine: {'line': b'-- Installing: /home/ph/treasure/dockerBENCH/helios16p_ws/install/vicon_receiver/include/boost/mpl/aux_/preprocessed/bcc551/set.hpp\n'}
[25.043166] (vicon_receiver) StdoutLine: {'line': b'-- Installing: /home/ph/treasure/dockerBENCH/helios16p_ws/install/vicon_receiver/include/boost/mpl/aux_/preprocessed/bcc551/bind_fwd.hpp\n'}
[25.044003] (vicon_receiver) StdoutLine: {'line': b'-- Installing: /home/ph/treasure/dockerBENCH/helios16p_ws/install/vicon_receiver/include/boost/mpl/aux_/preprocessed/bcc551/reverse_iter_fold_impl.hpp\n'}
[25.044820] (vicon_receiver) StdoutLine: {'line': b'-- Installing: /home/ph/treasure/dockerBENCH/helios16p_ws/install/vicon_receiver/include/boost/mpl/aux_/preprocessed/bcc551/divides.hpp\n'}
[25.045588] (vicon_receiver) StdoutLine: {'line': b'-- Installing: /home/ph/treasure/dockerBENCH/helios16p_ws/install/vicon_receiver/include/boost/mpl/aux_/preprocessed/bcc551/fold_impl.hpp\n'}
[25.046430] (vicon_receiver) StdoutLine: {'line': b'-- Installing: /home/ph/treasure/dockerBENCH/helios16p_ws/install/vicon_receiver/include/boost/mpl/aux_/preprocessed/bcc551/apply.hpp\n'}
[25.047226] (vicon_receiver) StdoutLine: {'line': b'-- Installing: /home/ph/treasure/dockerBENCH/helios16p_ws/install/vicon_receiver/include/boost/mpl/aux_/preprocessed/bcc551/plus.hpp\n'}
[25.048041] (vicon_receiver) StdoutLine: {'line': b'-- Installing: /home/ph/treasure/dockerBENCH/helios16p_ws/install/vicon_receiver/include/boost/mpl/aux_/preprocessed/bcc551/bitor.hpp\n'}
[25.048992] (vicon_receiver) StdoutLine: {'line': b'-- Installing: /home/ph/treasure/dockerBENCH/helios16p_ws/install/vicon_receiver/include/boost/mpl/aux_/preprocessed/plain\n'}
[25.049696] (vicon_receiver) StdoutLine: {'line': b'-- Installing: /home/ph/treasure/dockerBENCH/helios16p_ws/install/vicon_receiver/include/boost/mpl/aux_/preprocessed/plain/greater.hpp\n'}
[25.050683] (vicon_receiver) StdoutLine: {'line': b'-- Installing: /home/ph/treasure/dockerBENCH/helios16p_ws/install/vicon_receiver/include/boost/mpl/aux_/preprocessed/plain/unpack_args.hpp\n'}
[25.051657] (vicon_receiver) StdoutLine: {'line': b'-- Installing: /home/ph/treasure/dockerBENCH/helios16p_ws/install/vicon_receiver/include/boost/mpl/aux_/preprocessed/plain/greater_equal.hpp\n'}
[25.052688] (vicon_receiver) StdoutLine: {'line': b'-- Installing: /home/ph/treasure/dockerBENCH/helios16p_ws/install/vicon_receiver/include/boost/mpl/aux_/preprocessed/plain/set_c.hpp\n'}
[25.053716] (vicon_receiver) StdoutLine: {'line': b'-- Installing: /home/ph/treasure/dockerBENCH/helios16p_ws/install/vicon_receiver/include/boost/mpl/aux_/preprocessed/plain/inherit.hpp\n'}
[25.054760] (vicon_receiver) StdoutLine: {'line': b'-- Installing: /home/ph/treasure/dockerBENCH/helios16p_ws/install/vicon_receiver/include/boost/mpl/aux_/preprocessed/plain/apply_fwd.hpp\n'}
[25.055973] (vicon_receiver) StdoutLine: {'line': b'-- Installing: /home/ph/treasure/dockerBENCH/helios16p_ws/install/vicon_receiver/include/boost/mpl/aux_/preprocessed/plain/and.hpp\n'}
[25.056941] (vicon_receiver) StdoutLine: {'line': b'-- Installing: /home/ph/treasure/dockerBENCH/helios16p_ws/install/vicon_receiver/include/boost/mpl/aux_/preprocessed/plain/map.hpp\n'}
[25.058006] (vicon_receiver) StdoutLine: {'line': b'-- Installing: /home/ph/treasure/dockerBENCH/helios16p_ws/install/vicon_receiver/include/boost/mpl/aux_/preprocessed/plain/advance_backward.hpp\n'}
[25.058943] (vicon_receiver) StdoutLine: {'line': b'-- Installing: /home/ph/treasure/dockerBENCH/helios16p_ws/install/vicon_receiver/include/boost/mpl/aux_/preprocessed/plain/bind.hpp\n'}
[25.060014] (vicon_receiver) StdoutLine: {'line': b'-- Installing: /home/ph/treasure/dockerBENCH/helios16p_ws/install/vicon_receiver/include/boost/mpl/aux_/preprocessed/plain/modulus.hpp\n'}
[25.060872] (vicon_receiver) StdoutLine: {'line': b'-- Installing: /home/ph/treasure/dockerBENCH/helios16p_ws/install/vicon_receiver/include/boost/mpl/aux_/preprocessed/plain/lambda_no_ctps.hpp\n'}
[25.061853] (vicon_receiver) StdoutLine: {'line': b'-- Installing: /home/ph/treasure/dockerBENCH/helios16p_ws/install/vicon_receiver/include/boost/mpl/aux_/preprocessed/plain/quote.hpp\n'}
[25.062740] (vicon_receiver) StdoutLine: {'line': b'-- Installing: /home/ph/treasure/dockerBENCH/helios16p_ws/install/vicon_receiver/include/boost/mpl/aux_/preprocessed/plain/deque.hpp\n'}
[25.063711] (vicon_receiver) StdoutLine: {'line': b'-- Installing: /home/ph/treasure/dockerBENCH/helios16p_ws/install/vicon_receiver/include/boost/mpl/aux_/preprocessed/plain/shift_right.hpp\n'}
[25.064711] (vicon_receiver) StdoutLine: {'line': b'-- Installing: /home/ph/treasure/dockerBENCH/helios16p_ws/install/vicon_receiver/include/boost/mpl/aux_/preprocessed/plain/basic_bind.hpp\n'}
[25.065930] (vicon_receiver) StdoutLine: {'line': b'-- Installing: /home/ph/treasure/dockerBENCH/helios16p_ws/install/vicon_receiver/include/boost/mpl/aux_/preprocessed/plain/vector.hpp\n'}
[25.066968] (vicon_receiver) StdoutLine: {'line': b'-- Installing: /home/ph/treasure/dockerBENCH/helios16p_ws/install/vicon_receiver/include/boost/mpl/aux_/preprocessed/plain/vector_c.hpp\n'}
[25.068027] (vicon_receiver) StdoutLine: {'line': b'-- Installing: /home/ph/treasure/dockerBENCH/helios16p_ws/install/vicon_receiver/include/boost/mpl/aux_/preprocessed/plain/minus.hpp\n'}
[25.068973] (vicon_receiver) StdoutLine: {'line': b'-- Installing: /home/ph/treasure/dockerBENCH/helios16p_ws/install/vicon_receiver/include/boost/mpl/aux_/preprocessed/plain/list.hpp\n'}
[25.070009] (vicon_receiver) StdoutLine: {'line': b'-- Installing: /home/ph/treasure/dockerBENCH/helios16p_ws/install/vicon_receiver/include/boost/mpl/aux_/preprocessed/plain/bitand.hpp\n'}
[25.071043] (vicon_receiver) StdoutLine: {'line': b'-- Installing: /home/ph/treasure/dockerBENCH/helios16p_ws/install/vicon_receiver/include/boost/mpl/aux_/preprocessed/plain/shift_left.hpp\n'}
[25.072022] (vicon_receiver) StdoutLine: {'line': b'-- Installing: /home/ph/treasure/dockerBENCH/helios16p_ws/install/vicon_receiver/include/boost/mpl/aux_/preprocessed/plain/template_arity.hpp\n'}
[25.073071] (vicon_receiver) StdoutLine: {'line': b'-- Installing: /home/ph/treasure/dockerBENCH/helios16p_ws/install/vicon_receiver/include/boost/mpl/aux_/preprocessed/plain/equal_to.hpp\n'}
[25.074317] (vicon_receiver) StdoutLine: {'line': b'-- Installing: /home/ph/treasure/dockerBENCH/helios16p_ws/install/vicon_receiver/include/boost/mpl/aux_/preprocessed/plain/placeholders.hpp\n'}
[25.075155] (vicon_receiver) StdoutLine: {'line': b'-- Installing: /home/ph/treasure/dockerBENCH/helios16p_ws/install/vicon_receiver/include/boost/mpl/aux_/preprocessed/plain/advance_forward.hpp\n'}
[25.076210] (vicon_receiver) StdoutLine: {'line': b'-- Installing: /home/ph/treasure/dockerBENCH/helios16p_ws/install/vicon_receiver/include/boost/mpl/aux_/preprocessed/plain/apply_wrap.hpp\n'}
[25.077015] (vicon_receiver) StdoutLine: {'line': b'-- Installing: /home/ph/treasure/dockerBENCH/helios16p_ws/install/vicon_receiver/include/boost/mpl/aux_/preprocessed/plain/or.hpp\n'}
[25.078100] (vicon_receiver) StdoutLine: {'line': b'-- Installing: /home/ph/treasure/dockerBENCH/helios16p_ws/install/vicon_receiver/include/boost/mpl/aux_/preprocessed/plain/not_equal_to.hpp\n'}
[25.078732] (vicon_receiver) StdoutLine: {'line': b'-- Installing: /home/ph/treasure/dockerBENCH/helios16p_ws/install/vicon_receiver/include/boost/mpl/aux_/preprocessed/plain/reverse_fold_impl.hpp\n'}
[25.079774] (vicon_receiver) StdoutLine: {'line': b'-- Installing: /home/ph/treasure/dockerBENCH/helios16p_ws/install/vicon_receiver/include/boost/mpl/aux_/preprocessed/plain/iter_fold_if_impl.hpp\n'}
[25.080307] (vicon_receiver) StdoutLine: {'line': b'-- Installing: /home/ph/treasure/dockerBENCH/helios16p_ws/install/vicon_receiver/include/boost/mpl/aux_/preprocessed/plain/less_equal.hpp\n'}
[25.081328] (vicon_receiver) StdoutLine: {'line': b'-- Installing: /home/ph/treasure/dockerBENCH/helios16p_ws/install/vicon_receiver/include/boost/mpl/aux_/preprocessed/plain/times.hpp\n'}
[25.081674] (vicon_receiver) StdoutLine: {'line': b'-- Installing: /home/ph/treasure/dockerBENCH/helios16p_ws/install/vicon_receiver/include/boost/mpl/aux_/preprocessed/plain/less.hpp\n'}
[25.082388] (vicon_receiver) StdoutLine: {'line': b'-- Installing: /home/ph/treasure/dockerBENCH/helios16p_ws/install/vicon_receiver/include/boost/mpl/aux_/preprocessed/plain/iter_fold_impl.hpp\n'}
[25.083095] (vicon_receiver) StdoutLine: {'line': b'-- Installing: /home/ph/treasure/dockerBENCH/helios16p_ws/install/vicon_receiver/include/boost/mpl/aux_/preprocessed/plain/full_lambda.hpp\n'}
[25.083858] (vicon_receiver) StdoutLine: {'line': b'-- Installing: /home/ph/treasure/dockerBENCH/helios16p_ws/install/vicon_receiver/include/boost/mpl/aux_/preprocessed/plain/arg.hpp\n'}
[25.084562] (vicon_receiver) StdoutLine: {'line': b'-- Installing: /home/ph/treasure/dockerBENCH/helios16p_ws/install/vicon_receiver/include/boost/mpl/aux_/preprocessed/plain/list_c.hpp\n'}
[25.085272] (vicon_receiver) StdoutLine: {'line': b'-- Installing: /home/ph/treasure/dockerBENCH/helios16p_ws/install/vicon_receiver/include/boost/mpl/aux_/preprocessed/plain/bitxor.hpp\n'}
[25.086012] (vicon_receiver) StdoutLine: {'line': b'-- Installing: /home/ph/treasure/dockerBENCH/helios16p_ws/install/vicon_receiver/include/boost/mpl/aux_/preprocessed/plain/set.hpp\n'}
[25.086771] (vicon_receiver) StdoutLine: {'line': b'-- Installing: /home/ph/treasure/dockerBENCH/helios16p_ws/install/vicon_receiver/include/boost/mpl/aux_/preprocessed/plain/bind_fwd.hpp\n'}
[25.087624] (vicon_receiver) StdoutLine: {'line': b'-- Installing: /home/ph/treasure/dockerBENCH/helios16p_ws/install/vicon_receiver/include/boost/mpl/aux_/preprocessed/plain/reverse_iter_fold_impl.hpp\n'}
[25.088404] (vicon_receiver) StdoutLine: {'line': b'-- Installing: /home/ph/treasure/dockerBENCH/helios16p_ws/install/vicon_receiver/include/boost/mpl/aux_/preprocessed/plain/divides.hpp\n'}
[25.089081] (vicon_receiver) StdoutLine: {'line': b'-- Installing: /home/ph/treasure/dockerBENCH/helios16p_ws/install/vicon_receiver/include/boost/mpl/aux_/preprocessed/plain/fold_impl.hpp\n'}
[25.089792] (vicon_receiver) StdoutLine: {'line': b'-- Installing: /home/ph/treasure/dockerBENCH/helios16p_ws/install/vicon_receiver/include/boost/mpl/aux_/preprocessed/plain/apply.hpp\n'}
[25.090544] (vicon_receiver) StdoutLine: {'line': b'-- Installing: /home/ph/treasure/dockerBENCH/helios16p_ws/install/vicon_receiver/include/boost/mpl/aux_/preprocessed/plain/plus.hpp\n'}
[25.091178] (vicon_receiver) StdoutLine: {'line': b'-- Installing: /home/ph/treasure/dockerBENCH/helios16p_ws/install/vicon_receiver/include/boost/mpl/aux_/preprocessed/plain/bitor.hpp\n'}
[25.091873] (vicon_receiver) StdoutLine: {'line': b'-- Installing: /home/ph/treasure/dockerBENCH/helios16p_ws/install/vicon_receiver/include/boost/mpl/aux_/preprocessed/dmc\n'}
[25.092430] (vicon_receiver) StdoutLine: {'line': b'-- Installing: /home/ph/treasure/dockerBENCH/helios16p_ws/install/vicon_receiver/include/boost/mpl/aux_/preprocessed/dmc/greater.hpp\n'}
[25.093183] (vicon_receiver) StdoutLine: {'line': b'-- Installing: /home/ph/treasure/dockerBENCH/helios16p_ws/install/vicon_receiver/include/boost/mpl/aux_/preprocessed/dmc/unpack_args.hpp\n'}
[25.093811] (vicon_receiver) StdoutLine: {'line': b'-- Installing: /home/ph/treasure/dockerBENCH/helios16p_ws/install/vicon_receiver/include/boost/mpl/aux_/preprocessed/dmc/greater_equal.hpp\n'}
[25.094547] (vicon_receiver) StdoutLine: {'line': b'-- Installing: /home/ph/treasure/dockerBENCH/helios16p_ws/install/vicon_receiver/include/boost/mpl/aux_/preprocessed/dmc/set_c.hpp\n'}
[25.095217] (vicon_receiver) StdoutLine: {'line': b'-- Installing: /home/ph/treasure/dockerBENCH/helios16p_ws/install/vicon_receiver/include/boost/mpl/aux_/preprocessed/dmc/inherit.hpp\n'}
[25.096102] (vicon_receiver) StdoutLine: {'line': b'-- Installing: /home/ph/treasure/dockerBENCH/helios16p_ws/install/vicon_receiver/include/boost/mpl/aux_/preprocessed/dmc/apply_fwd.hpp\n'}
[25.096670] (vicon_receiver) StdoutLine: {'line': b'-- Installing: /home/ph/treasure/dockerBENCH/helios16p_ws/install/vicon_receiver/include/boost/mpl/aux_/preprocessed/dmc/and.hpp\n'}
[25.097299] (vicon_receiver) StdoutLine: {'line': b'-- Installing: /home/ph/treasure/dockerBENCH/helios16p_ws/install/vicon_receiver/include/boost/mpl/aux_/preprocessed/dmc/map.hpp\n'}
[25.097983] (vicon_receiver) StdoutLine: {'line': b'-- Installing: /home/ph/treasure/dockerBENCH/helios16p_ws/install/vicon_receiver/include/boost/mpl/aux_/preprocessed/dmc/advance_backward.hpp\n'}
[25.098655] (vicon_receiver) StdoutLine: {'line': b'-- Installing: /home/ph/treasure/dockerBENCH/helios16p_ws/install/vicon_receiver/include/boost/mpl/aux_/preprocessed/dmc/bind.hpp\n'}
[25.099342] (vicon_receiver) StdoutLine: {'line': b'-- Installing: /home/ph/treasure/dockerBENCH/helios16p_ws/install/vicon_receiver/include/boost/mpl/aux_/preprocessed/dmc/modulus.hpp\n'}
[25.100011] (vicon_receiver) StdoutLine: {'line': b'-- Installing: /home/ph/treasure/dockerBENCH/helios16p_ws/install/vicon_receiver/include/boost/mpl/aux_/preprocessed/dmc/lambda_no_ctps.hpp\n'}
[25.100743] (vicon_receiver) StdoutLine: {'line': b'-- Installing: /home/ph/treasure/dockerBENCH/helios16p_ws/install/vicon_receiver/include/boost/mpl/aux_/preprocessed/dmc/quote.hpp\n'}
[25.101417] (vicon_receiver) StdoutLine: {'line': b'-- Installing: /home/ph/treasure/dockerBENCH/helios16p_ws/install/vicon_receiver/include/boost/mpl/aux_/preprocessed/dmc/deque.hpp\n'}
[25.102170] (vicon_receiver) StdoutLine: {'line': b'-- Installing: /home/ph/treasure/dockerBENCH/helios16p_ws/install/vicon_receiver/include/boost/mpl/aux_/preprocessed/dmc/shift_right.hpp\n'}
[25.102956] (vicon_receiver) StdoutLine: {'line': b'-- Installing: /home/ph/treasure/dockerBENCH/helios16p_ws/install/vicon_receiver/include/boost/mpl/aux_/preprocessed/dmc/basic_bind.hpp\n'}
[25.103780] (vicon_receiver) StdoutLine: {'line': b'-- Installing: /home/ph/treasure/dockerBENCH/helios16p_ws/install/vicon_receiver/include/boost/mpl/aux_/preprocessed/dmc/vector.hpp\n'}
[25.104469] (vicon_receiver) StdoutLine: {'line': b'-- Installing: /home/ph/treasure/dockerBENCH/helios16p_ws/install/vicon_receiver/include/boost/mpl/aux_/preprocessed/dmc/vector_c.hpp\n'}
[25.105268] (vicon_receiver) StdoutLine: {'line': b'-- Installing: /home/ph/treasure/dockerBENCH/helios16p_ws/install/vicon_receiver/include/boost/mpl/aux_/preprocessed/dmc/minus.hpp\n'}
[25.105906] (vicon_receiver) StdoutLine: {'line': b'-- Installing: /home/ph/treasure/dockerBENCH/helios16p_ws/install/vicon_receiver/include/boost/mpl/aux_/preprocessed/dmc/list.hpp\n'}
[25.106577] (vicon_receiver) StdoutLine: {'line': b'-- Installing: /home/ph/treasure/dockerBENCH/helios16p_ws/install/vicon_receiver/include/boost/mpl/aux_/preprocessed/dmc/bitand.hpp\n'}
[25.107216] (vicon_receiver) StdoutLine: {'line': b'-- Installing: /home/ph/treasure/dockerBENCH/helios16p_ws/install/vicon_receiver/include/boost/mpl/aux_/preprocessed/dmc/shift_left.hpp\n'}
[25.107934] (vicon_receiver) StdoutLine: {'line': b'-- Installing: /home/ph/treasure/dockerBENCH/helios16p_ws/install/vicon_receiver/include/boost/mpl/aux_/preprocessed/dmc/template_arity.hpp\n'}
[25.108594] (vicon_receiver) StdoutLine: {'line': b'-- Installing: /home/ph/treasure/dockerBENCH/helios16p_ws/install/vicon_receiver/include/boost/mpl/aux_/preprocessed/dmc/equal_to.hpp\n'}
[25.109334] (vicon_receiver) StdoutLine: {'line': b'-- Installing: /home/ph/treasure/dockerBENCH/helios16p_ws/install/vicon_receiver/include/boost/mpl/aux_/preprocessed/dmc/placeholders.hpp\n'}
[25.109993] (vicon_receiver) StdoutLine: {'line': b'-- Installing: /home/ph/treasure/dockerBENCH/helios16p_ws/install/vicon_receiver/include/boost/mpl/aux_/preprocessed/dmc/advance_forward.hpp\n'}
[25.110298] (-) TimerEvent: {}
[25.110867] (vicon_receiver) StdoutLine: {'line': b'-- Installing: /home/ph/treasure/dockerBENCH/helios16p_ws/install/vicon_receiver/include/boost/mpl/aux_/preprocessed/dmc/apply_wrap.hpp\n'}
[25.111679] (vicon_receiver) StdoutLine: {'line': b'-- Installing: /home/ph/treasure/dockerBENCH/helios16p_ws/install/vicon_receiver/include/boost/mpl/aux_/preprocessed/dmc/or.hpp\n'}
[25.112577] (vicon_receiver) StdoutLine: {'line': b'-- Installing: /home/ph/treasure/dockerBENCH/helios16p_ws/install/vicon_receiver/include/boost/mpl/aux_/preprocessed/dmc/not_equal_to.hpp\n'}
[25.113182] (vicon_receiver) StdoutLine: {'line': b'-- Installing: /home/ph/treasure/dockerBENCH/helios16p_ws/install/vicon_receiver/include/boost/mpl/aux_/preprocessed/dmc/reverse_fold_impl.hpp\n'}
[25.113891] (vicon_receiver) StdoutLine: {'line': b'-- Installing: /home/ph/treasure/dockerBENCH/helios16p_ws/install/vicon_receiver/include/boost/mpl/aux_/preprocessed/dmc/iter_fold_if_impl.hpp\n'}
[25.114604] (vicon_receiver) StdoutLine: {'line': b'-- Installing: /home/ph/treasure/dockerBENCH/helios16p_ws/install/vicon_receiver/include/boost/mpl/aux_/preprocessed/dmc/less_equal.hpp\n'}
[25.115263] (vicon_receiver) StdoutLine: {'line': b'-- Installing: /home/ph/treasure/dockerBENCH/helios16p_ws/install/vicon_receiver/include/boost/mpl/aux_/preprocessed/dmc/times.hpp\n'}
[25.115931] (vicon_receiver) StdoutLine: {'line': b'-- Installing: /home/ph/treasure/dockerBENCH/helios16p_ws/install/vicon_receiver/include/boost/mpl/aux_/preprocessed/dmc/less.hpp\n'}
[25.116622] (vicon_receiver) StdoutLine: {'line': b'-- Installing: /home/ph/treasure/dockerBENCH/helios16p_ws/install/vicon_receiver/include/boost/mpl/aux_/preprocessed/dmc/iter_fold_impl.hpp\n'}
[25.117354] (vicon_receiver) StdoutLine: {'line': b'-- Installing: /home/ph/treasure/dockerBENCH/helios16p_ws/install/vicon_receiver/include/boost/mpl/aux_/preprocessed/dmc/full_lambda.hpp\n'}
[25.118110] (vicon_receiver) StdoutLine: {'line': b'-- Installing: /home/ph/treasure/dockerBENCH/helios16p_ws/install/vicon_receiver/include/boost/mpl/aux_/preprocessed/dmc/arg.hpp\n'}
[25.118950] (vicon_receiver) StdoutLine: {'line': b'-- Installing: /home/ph/treasure/dockerBENCH/helios16p_ws/install/vicon_receiver/include/boost/mpl/aux_/preprocessed/dmc/list_c.hpp\n'}
[25.119695] (vicon_receiver) StdoutLine: {'line': b'-- Installing: /home/ph/treasure/dockerBENCH/helios16p_ws/install/vicon_receiver/include/boost/mpl/aux_/preprocessed/dmc/bitxor.hpp\n'}
[25.121554] (vicon_receiver) StdoutLine: {'line': b'-- Installing: /home/ph/treasure/dockerBENCH/helios16p_ws/install/vicon_receiver/include/boost/mpl/aux_/preprocessed/dmc/set.hpp\n'}
[25.121824] (vicon_receiver) StdoutLine: {'line': b'-- Installing: /home/ph/treasure/dockerBENCH/helios16p_ws/install/vicon_receiver/include/boost/mpl/aux_/preprocessed/dmc/bind_fwd.hpp\n'}
[25.122058] (vicon_receiver) StdoutLine: {'line': b'-- Installing: /home/ph/treasure/dockerBENCH/helios16p_ws/install/vicon_receiver/include/boost/mpl/aux_/preprocessed/dmc/reverse_iter_fold_impl.hpp\n'}
[25.122570] (vicon_receiver) StdoutLine: {'line': b'-- Installing: /home/ph/treasure/dockerBENCH/helios16p_ws/install/vicon_receiver/include/boost/mpl/aux_/preprocessed/dmc/divides.hpp\n'}
[25.123230] (vicon_receiver) StdoutLine: {'line': b'-- Installing: /home/ph/treasure/dockerBENCH/helios16p_ws/install/vicon_receiver/include/boost/mpl/aux_/preprocessed/dmc/fold_impl.hpp\n'}
[25.123915] (vicon_receiver) StdoutLine: {'line': b'-- Installing: /home/ph/treasure/dockerBENCH/helios16p_ws/install/vicon_receiver/include/boost/mpl/aux_/preprocessed/dmc/apply.hpp\n'}
[25.124583] (vicon_receiver) StdoutLine: {'line': b'-- Installing: /home/ph/treasure/dockerBENCH/helios16p_ws/install/vicon_receiver/include/boost/mpl/aux_/preprocessed/dmc/plus.hpp\n'}
[25.125261] (vicon_receiver) StdoutLine: {'line': b'-- Installing: /home/ph/treasure/dockerBENCH/helios16p_ws/install/vicon_receiver/include/boost/mpl/aux_/preprocessed/dmc/bitor.hpp\n'}
[25.126077] (vicon_receiver) StdoutLine: {'line': b'-- Installing: /home/ph/treasure/dockerBENCH/helios16p_ws/install/vicon_receiver/include/boost/mpl/aux_/preprocessed/bcc_pre590\n'}
[25.126523] (vicon_receiver) StdoutLine: {'line': b'-- Installing: /home/ph/treasure/dockerBENCH/helios16p_ws/install/vicon_receiver/include/boost/mpl/aux_/preprocessed/bcc_pre590/greater.hpp\n'}
[25.127294] (vicon_receiver) StdoutLine: {'line': b'-- Installing: /home/ph/treasure/dockerBENCH/helios16p_ws/install/vicon_receiver/include/boost/mpl/aux_/preprocessed/bcc_pre590/unpack_args.hpp\n'}
[25.127901] (vicon_receiver) StdoutLine: {'line': b'-- Installing: /home/ph/treasure/dockerBENCH/helios16p_ws/install/vicon_receiver/include/boost/mpl/aux_/preprocessed/bcc_pre590/greater_equal.hpp\n'}
[25.128562] (vicon_receiver) StdoutLine: {'line': b'-- Installing: /home/ph/treasure/dockerBENCH/helios16p_ws/install/vicon_receiver/include/boost/mpl/aux_/preprocessed/bcc_pre590/set_c.hpp\n'}
[25.129268] (vicon_receiver) StdoutLine: {'line': b'-- Installing: /home/ph/treasure/dockerBENCH/helios16p_ws/install/vicon_receiver/include/boost/mpl/aux_/preprocessed/bcc_pre590/inherit.hpp\n'}
[25.129945] (vicon_receiver) StdoutLine: {'line': b'-- Installing: /home/ph/treasure/dockerBENCH/helios16p_ws/install/vicon_receiver/include/boost/mpl/aux_/preprocessed/bcc_pre590/apply_fwd.hpp\n'}
[25.130626] (vicon_receiver) StdoutLine: {'line': b'-- Installing: /home/ph/treasure/dockerBENCH/helios16p_ws/install/vicon_receiver/include/boost/mpl/aux_/preprocessed/bcc_pre590/and.hpp\n'}
[25.131307] (vicon_receiver) StdoutLine: {'line': b'-- Installing: /home/ph/treasure/dockerBENCH/helios16p_ws/install/vicon_receiver/include/boost/mpl/aux_/preprocessed/bcc_pre590/map.hpp\n'}
[25.132001] (vicon_receiver) StdoutLine: {'line': b'-- Installing: /home/ph/treasure/dockerBENCH/helios16p_ws/install/vicon_receiver/include/boost/mpl/aux_/preprocessed/bcc_pre590/advance_backward.hpp\n'}
[25.132776] (vicon_receiver) StdoutLine: {'line': b'-- Installing: /home/ph/treasure/dockerBENCH/helios16p_ws/install/vicon_receiver/include/boost/mpl/aux_/preprocessed/bcc_pre590/bind.hpp\n'}
[25.133537] (vicon_receiver) StdoutLine: {'line': b'-- Installing: /home/ph/treasure/dockerBENCH/helios16p_ws/install/vicon_receiver/include/boost/mpl/aux_/preprocessed/bcc_pre590/modulus.hpp\n'}
[25.134352] (vicon_receiver) StdoutLine: {'line': b'-- Installing: /home/ph/treasure/dockerBENCH/helios16p_ws/install/vicon_receiver/include/boost/mpl/aux_/preprocessed/bcc_pre590/lambda_no_ctps.hpp\n'}
[25.135011] (vicon_receiver) StdoutLine: {'line': b'-- Installing: /home/ph/treasure/dockerBENCH/helios16p_ws/install/vicon_receiver/include/boost/mpl/aux_/preprocessed/bcc_pre590/quote.hpp\n'}
[25.135672] (vicon_receiver) StdoutLine: {'line': b'-- Installing: /home/ph/treasure/dockerBENCH/helios16p_ws/install/vicon_receiver/include/boost/mpl/aux_/preprocessed/bcc_pre590/deque.hpp\n'}
[25.136347] (vicon_receiver) StdoutLine: {'line': b'-- Installing: /home/ph/treasure/dockerBENCH/helios16p_ws/install/vicon_receiver/include/boost/mpl/aux_/preprocessed/bcc_pre590/shift_right.hpp\n'}
[25.136998] (vicon_receiver) StdoutLine: {'line': b'-- Installing: /home/ph/treasure/dockerBENCH/helios16p_ws/install/vicon_receiver/include/boost/mpl/aux_/preprocessed/bcc_pre590/basic_bind.hpp\n'}
[25.137706] (vicon_receiver) StdoutLine: {'line': b'-- Installing: /home/ph/treasure/dockerBENCH/helios16p_ws/install/vicon_receiver/include/boost/mpl/aux_/preprocessed/bcc_pre590/vector.hpp\n'}
[25.138424] (vicon_receiver) StdoutLine: {'line': b'-- Installing: /home/ph/treasure/dockerBENCH/helios16p_ws/install/vicon_receiver/include/boost/mpl/aux_/preprocessed/bcc_pre590/vector_c.hpp\n'}
[25.139120] (vicon_receiver) StdoutLine: {'line': b'-- Installing: /home/ph/treasure/dockerBENCH/helios16p_ws/install/vicon_receiver/include/boost/mpl/aux_/preprocessed/bcc_pre590/minus.hpp\n'}
[25.139812] (vicon_receiver) StdoutLine: {'line': b'-- Installing: /home/ph/treasure/dockerBENCH/helios16p_ws/install/vicon_receiver/include/boost/mpl/aux_/preprocessed/bcc_pre590/list.hpp\n'}
[25.140543] (vicon_receiver) StdoutLine: {'line': b'-- Installing: /home/ph/treasure/dockerBENCH/helios16p_ws/install/vicon_receiver/include/boost/mpl/aux_/preprocessed/bcc_pre590/bitand.hpp\n'}
[25.141227] (vicon_receiver) StdoutLine: {'line': b'-- Installing: /home/ph/treasure/dockerBENCH/helios16p_ws/install/vicon_receiver/include/boost/mpl/aux_/preprocessed/bcc_pre590/shift_left.hpp\n'}
[25.141860] (vicon_receiver) StdoutLine: {'line': b'-- Installing: /home/ph/treasure/dockerBENCH/helios16p_ws/install/vicon_receiver/include/boost/mpl/aux_/preprocessed/bcc_pre590/template_arity.hpp\n'}
[25.142830] (vicon_receiver) StdoutLine: {'line': b'-- Installing: /home/ph/treasure/dockerBENCH/helios16p_ws/install/vicon_receiver/include/boost/mpl/aux_/preprocessed/bcc_pre590/equal_to.hpp\n'}
[25.143810] (vicon_receiver) StdoutLine: {'line': b'-- Installing: /home/ph/treasure/dockerBENCH/helios16p_ws/install/vicon_receiver/include/boost/mpl/aux_/preprocessed/bcc_pre590/placeholders.hpp\n'}
[25.144859] (vicon_receiver) StdoutLine: {'line': b'-- Installing: /home/ph/treasure/dockerBENCH/helios16p_ws/install/vicon_receiver/include/boost/mpl/aux_/preprocessed/bcc_pre590/advance_forward.hpp\n'}
[25.145954] (vicon_receiver) StdoutLine: {'line': b'-- Installing: /home/ph/treasure/dockerBENCH/helios16p_ws/install/vicon_receiver/include/boost/mpl/aux_/preprocessed/bcc_pre590/apply_wrap.hpp\n'}
[25.147063] (vicon_receiver) StdoutLine: {'line': b'-- Installing: /home/ph/treasure/dockerBENCH/helios16p_ws/install/vicon_receiver/include/boost/mpl/aux_/preprocessed/bcc_pre590/or.hpp\n'}
[25.148254] (vicon_receiver) StdoutLine: {'line': b'-- Installing: /home/ph/treasure/dockerBENCH/helios16p_ws/install/vicon_receiver/include/boost/mpl/aux_/preprocessed/bcc_pre590/not_equal_to.hpp\n'}
[25.149503] (vicon_receiver) StdoutLine: {'line': b'-- Installing: /home/ph/treasure/dockerBENCH/helios16p_ws/install/vicon_receiver/include/boost/mpl/aux_/preprocessed/bcc_pre590/reverse_fold_impl.hpp\n'}
[25.150791] (vicon_receiver) StdoutLine: {'line': b'-- Installing: /home/ph/treasure/dockerBENCH/helios16p_ws/install/vicon_receiver/include/boost/mpl/aux_/preprocessed/bcc_pre590/iter_fold_if_impl.hpp\n'}
[25.151906] (vicon_receiver) StdoutLine: {'line': b'-- Installing: /home/ph/treasure/dockerBENCH/helios16p_ws/install/vicon_receiver/include/boost/mpl/aux_/preprocessed/bcc_pre590/less_equal.hpp\n'}
[25.153070] (vicon_receiver) StdoutLine: {'line': b'-- Installing: /home/ph/treasure/dockerBENCH/helios16p_ws/install/vicon_receiver/include/boost/mpl/aux_/preprocessed/bcc_pre590/times.hpp\n'}
[25.154144] (vicon_receiver) StdoutLine: {'line': b'-- Installing: /home/ph/treasure/dockerBENCH/helios16p_ws/install/vicon_receiver/include/boost/mpl/aux_/preprocessed/bcc_pre590/less.hpp\n'}
[25.155194] (vicon_receiver) StdoutLine: {'line': b'-- Installing: /home/ph/treasure/dockerBENCH/helios16p_ws/install/vicon_receiver/include/boost/mpl/aux_/preprocessed/bcc_pre590/iter_fold_impl.hpp\n'}
[25.156368] (vicon_receiver) StdoutLine: {'line': b'-- Installing: /home/ph/treasure/dockerBENCH/helios16p_ws/install/vicon_receiver/include/boost/mpl/aux_/preprocessed/bcc_pre590/full_lambda.hpp\n'}
[25.157781] (vicon_receiver) StdoutLine: {'line': b'-- Installing: /home/ph/treasure/dockerBENCH/helios16p_ws/install/vicon_receiver/include/boost/mpl/aux_/preprocessed/bcc_pre590/arg.hpp\n'}
[25.158873] (vicon_receiver) StdoutLine: {'line': b'-- Installing: /home/ph/treasure/dockerBENCH/helios16p_ws/install/vicon_receiver/include/boost/mpl/aux_/preprocessed/bcc_pre590/list_c.hpp\n'}
[25.160054] (vicon_receiver) StdoutLine: {'line': b'-- Installing: /home/ph/treasure/dockerBENCH/helios16p_ws/install/vicon_receiver/include/boost/mpl/aux_/preprocessed/bcc_pre590/bitxor.hpp\n'}
[25.161147] (vicon_receiver) StdoutLine: {'line': b'-- Installing: /home/ph/treasure/dockerBENCH/helios16p_ws/install/vicon_receiver/include/boost/mpl/aux_/preprocessed/bcc_pre590/set.hpp\n'}
[25.162316] (vicon_receiver) StdoutLine: {'line': b'-- Installing: /home/ph/treasure/dockerBENCH/helios16p_ws/install/vicon_receiver/include/boost/mpl/aux_/preprocessed/bcc_pre590/bind_fwd.hpp\n'}
[25.163475] (vicon_receiver) StdoutLine: {'line': b'-- Installing: /home/ph/treasure/dockerBENCH/helios16p_ws/install/vicon_receiver/include/boost/mpl/aux_/preprocessed/bcc_pre590/reverse_iter_fold_impl.hpp\n'}
[25.164892] (vicon_receiver) StdoutLine: {'line': b'-- Installing: /home/ph/treasure/dockerBENCH/helios16p_ws/install/vicon_receiver/include/boost/mpl/aux_/preprocessed/bcc_pre590/divides.hpp\n'}
[25.165911] (vicon_receiver) StdoutLine: {'line': b'-- Installing: /home/ph/treasure/dockerBENCH/helios16p_ws/install/vicon_receiver/include/boost/mpl/aux_/preprocessed/bcc_pre590/fold_impl.hpp\n'}
[25.167069] (vicon_receiver) StdoutLine: {'line': b'-- Installing: /home/ph/treasure/dockerBENCH/helios16p_ws/install/vicon_receiver/include/boost/mpl/aux_/preprocessed/bcc_pre590/apply.hpp\n'}
[25.168166] (vicon_receiver) StdoutLine: {'line': b'-- Installing: /home/ph/treasure/dockerBENCH/helios16p_ws/install/vicon_receiver/include/boost/mpl/aux_/preprocessed/bcc_pre590/plus.hpp\n'}
[25.169254] (vicon_receiver) StdoutLine: {'line': b'-- Installing: /home/ph/treasure/dockerBENCH/helios16p_ws/install/vicon_receiver/include/boost/mpl/aux_/preprocessed/bcc_pre590/bitor.hpp\n'}
[25.170338] (vicon_receiver) StdoutLine: {'line': b'-- Installing: /home/ph/treasure/dockerBENCH/helios16p_ws/install/vicon_receiver/include/boost/mpl/aux_/preprocessed/msvc60\n'}
[25.171178] (vicon_receiver) StdoutLine: {'line': b'-- Installing: /home/ph/treasure/dockerBENCH/helios16p_ws/install/vicon_receiver/include/boost/mpl/aux_/preprocessed/msvc60/greater.hpp\n'}
[25.172264] (vicon_receiver) StdoutLine: {'line': b'-- Installing: /home/ph/treasure/dockerBENCH/helios16p_ws/install/vicon_receiver/include/boost/mpl/aux_/preprocessed/msvc60/unpack_args.hpp\n'}
[25.173500] (vicon_receiver) StdoutLine: {'line': b'-- Installing: /home/ph/treasure/dockerBENCH/helios16p_ws/install/vicon_receiver/include/boost/mpl/aux_/preprocessed/msvc60/greater_equal.hpp\n'}
[25.174498] (vicon_receiver) StdoutLine: {'line': b'-- Installing: /home/ph/treasure/dockerBENCH/helios16p_ws/install/vicon_receiver/include/boost/mpl/aux_/preprocessed/msvc60/set_c.hpp\n'}
[25.175697] (vicon_receiver) StdoutLine: {'line': b'-- Installing: /home/ph/treasure/dockerBENCH/helios16p_ws/install/vicon_receiver/include/boost/mpl/aux_/preprocessed/msvc60/inherit.hpp\n'}
[25.176782] (vicon_receiver) StdoutLine: {'line': b'-- Installing: /home/ph/treasure/dockerBENCH/helios16p_ws/install/vicon_receiver/include/boost/mpl/aux_/preprocessed/msvc60/apply_fwd.hpp\n'}
[25.177659] (vicon_receiver) StdoutLine: {'line': b'-- Installing: /home/ph/treasure/dockerBENCH/helios16p_ws/install/vicon_receiver/include/boost/mpl/aux_/preprocessed/msvc60/and.hpp\n'}
[25.178697] (vicon_receiver) StdoutLine: {'line': b'-- Installing: /home/ph/treasure/dockerBENCH/helios16p_ws/install/vicon_receiver/include/boost/mpl/aux_/preprocessed/msvc60/map.hpp\n'}
[25.179852] (vicon_receiver) StdoutLine: {'line': b'-- Installing: /home/ph/treasure/dockerBENCH/helios16p_ws/install/vicon_receiver/include/boost/mpl/aux_/preprocessed/msvc60/advance_backward.hpp\n'}
[25.181045] (vicon_receiver) StdoutLine: {'line': b'-- Installing: /home/ph/treasure/dockerBENCH/helios16p_ws/install/vicon_receiver/include/boost/mpl/aux_/preprocessed/msvc60/bind.hpp\n'}
[25.182127] (vicon_receiver) StdoutLine: {'line': b'-- Installing: /home/ph/treasure/dockerBENCH/helios16p_ws/install/vicon_receiver/include/boost/mpl/aux_/preprocessed/msvc60/modulus.hpp\n'}
[25.183048] (vicon_receiver) StdoutLine: {'line': b'-- Installing: /home/ph/treasure/dockerBENCH/helios16p_ws/install/vicon_receiver/include/boost/mpl/aux_/preprocessed/msvc60/lambda_no_ctps.hpp\n'}
[25.184036] (vicon_receiver) StdoutLine: {'line': b'-- Installing: /home/ph/treasure/dockerBENCH/helios16p_ws/install/vicon_receiver/include/boost/mpl/aux_/preprocessed/msvc60/quote.hpp\n'}
[25.185078] (vicon_receiver) StdoutLine: {'line': b'-- Installing: /home/ph/treasure/dockerBENCH/helios16p_ws/install/vicon_receiver/include/boost/mpl/aux_/preprocessed/msvc60/deque.hpp\n'}
[25.186233] (vicon_receiver) StdoutLine: {'line': b'-- Installing: /home/ph/treasure/dockerBENCH/helios16p_ws/install/vicon_receiver/include/boost/mpl/aux_/preprocessed/msvc60/shift_right.hpp\n'}
[25.187275] (vicon_receiver) StdoutLine: {'line': b'-- Installing: /home/ph/treasure/dockerBENCH/helios16p_ws/install/vicon_receiver/include/boost/mpl/aux_/preprocessed/msvc60/basic_bind.hpp\n'}
[25.188442] (vicon_receiver) StdoutLine: {'line': b'-- Installing: /home/ph/treasure/dockerBENCH/helios16p_ws/install/vicon_receiver/include/boost/mpl/aux_/preprocessed/msvc60/vector.hpp\n'}
[25.190996] (vicon_receiver) StdoutLine: {'line': b'-- Installing: /home/ph/treasure/dockerBENCH/helios16p_ws/install/vicon_receiver/include/boost/mpl/aux_/preprocessed/msvc60/vector_c.hpp\n'}
[25.191431] (vicon_receiver) StdoutLine: {'line': b'-- Installing: /home/ph/treasure/dockerBENCH/helios16p_ws/install/vicon_receiver/include/boost/mpl/aux_/preprocessed/msvc60/minus.hpp\n'}
[25.191947] (vicon_receiver) StdoutLine: {'line': b'-- Installing: /home/ph/treasure/dockerBENCH/helios16p_ws/install/vicon_receiver/include/boost/mpl/aux_/preprocessed/msvc60/list.hpp\n'}
[25.193150] (vicon_receiver) StdoutLine: {'line': b'-- Installing: /home/ph/treasure/dockerBENCH/helios16p_ws/install/vicon_receiver/include/boost/mpl/aux_/preprocessed/msvc60/bitand.hpp\n'}
[25.194117] (vicon_receiver) StdoutLine: {'line': b'-- Installing: /home/ph/treasure/dockerBENCH/helios16p_ws/install/vicon_receiver/include/boost/mpl/aux_/preprocessed/msvc60/shift_left.hpp\n'}
[25.195139] (vicon_receiver) StdoutLine: {'line': b'-- Installing: /home/ph/treasure/dockerBENCH/helios16p_ws/install/vicon_receiver/include/boost/mpl/aux_/preprocessed/msvc60/template_arity.hpp\n'}
[25.196303] (vicon_receiver) StdoutLine: {'line': b'-- Installing: /home/ph/treasure/dockerBENCH/helios16p_ws/install/vicon_receiver/include/boost/mpl/aux_/preprocessed/msvc60/equal_to.hpp\n'}
[25.197350] (vicon_receiver) StdoutLine: {'line': b'-- Installing: /home/ph/treasure/dockerBENCH/helios16p_ws/install/vicon_receiver/include/boost/mpl/aux_/preprocessed/msvc60/placeholders.hpp\n'}
[25.198225] (vicon_receiver) StdoutLine: {'line': b'-- Installing: /home/ph/treasure/dockerBENCH/helios16p_ws/install/vicon_receiver/include/boost/mpl/aux_/preprocessed/msvc60/advance_forward.hpp\n'}
[25.199258] (vicon_receiver) StdoutLine: {'line': b'-- Installing: /home/ph/treasure/dockerBENCH/helios16p_ws/install/vicon_receiver/include/boost/mpl/aux_/preprocessed/msvc60/apply_wrap.hpp\n'}
[25.200348] (vicon_receiver) StdoutLine: {'line': b'-- Installing: /home/ph/treasure/dockerBENCH/helios16p_ws/install/vicon_receiver/include/boost/mpl/aux_/preprocessed/msvc60/or.hpp\n'}
[25.201386] (vicon_receiver) StdoutLine: {'line': b'-- Installing: /home/ph/treasure/dockerBENCH/helios16p_ws/install/vicon_receiver/include/boost/mpl/aux_/preprocessed/msvc60/not_equal_to.hpp\n'}
[25.202443] (vicon_receiver) StdoutLine: {'line': b'-- Installing: /home/ph/treasure/dockerBENCH/helios16p_ws/install/vicon_receiver/include/boost/mpl/aux_/preprocessed/msvc60/reverse_fold_impl.hpp\n'}
[25.203569] (vicon_receiver) StdoutLine: {'line': b'-- Installing: /home/ph/treasure/dockerBENCH/helios16p_ws/install/vicon_receiver/include/boost/mpl/aux_/preprocessed/msvc60/iter_fold_if_impl.hpp\n'}
[25.204847] (vicon_receiver) StdoutLine: {'line': b'-- Installing: /home/ph/treasure/dockerBENCH/helios16p_ws/install/vicon_receiver/include/boost/mpl/aux_/preprocessed/msvc60/less_equal.hpp\n'}
[25.205873] (vicon_receiver) StdoutLine: {'line': b'-- Installing: /home/ph/treasure/dockerBENCH/helios16p_ws/install/vicon_receiver/include/boost/mpl/aux_/preprocessed/msvc60/times.hpp\n'}
[25.206897] (vicon_receiver) StdoutLine: {'line': b'-- Installing: /home/ph/treasure/dockerBENCH/helios16p_ws/install/vicon_receiver/include/boost/mpl/aux_/preprocessed/msvc60/less.hpp\n'}
[25.207775] (vicon_receiver) StdoutLine: {'line': b'-- Installing: /home/ph/treasure/dockerBENCH/helios16p_ws/install/vicon_receiver/include/boost/mpl/aux_/preprocessed/msvc60/iter_fold_impl.hpp\n'}
[25.208758] (vicon_receiver) StdoutLine: {'line': b'-- Installing: /home/ph/treasure/dockerBENCH/helios16p_ws/install/vicon_receiver/include/boost/mpl/aux_/preprocessed/msvc60/full_lambda.hpp\n'}
[25.209894] (vicon_receiver) StdoutLine: {'line': b'-- Installing: /home/ph/treasure/dockerBENCH/helios16p_ws/install/vicon_receiver/include/boost/mpl/aux_/preprocessed/msvc60/arg.hpp\n'}
[25.210379] (-) TimerEvent: {}
[25.210947] (vicon_receiver) StdoutLine: {'line': b'-- Installing: /home/ph/treasure/dockerBENCH/helios16p_ws/install/vicon_receiver/include/boost/mpl/aux_/preprocessed/msvc60/list_c.hpp\n'}
[25.212239] (vicon_receiver) StdoutLine: {'line': b'-- Installing: /home/ph/treasure/dockerBENCH/helios16p_ws/install/vicon_receiver/include/boost/mpl/aux_/preprocessed/msvc60/bitxor.hpp\n'}
[25.213178] (vicon_receiver) StdoutLine: {'line': b'-- Installing: /home/ph/treasure/dockerBENCH/helios16p_ws/install/vicon_receiver/include/boost/mpl/aux_/preprocessed/msvc60/set.hpp\n'}
[25.214181] (vicon_receiver) StdoutLine: {'line': b'-- Installing: /home/ph/treasure/dockerBENCH/helios16p_ws/install/vicon_receiver/include/boost/mpl/aux_/preprocessed/msvc60/bind_fwd.hpp\n'}
[25.215064] (vicon_receiver) StdoutLine: {'line': b'-- Installing: /home/ph/treasure/dockerBENCH/helios16p_ws/install/vicon_receiver/include/boost/mpl/aux_/preprocessed/msvc60/reverse_iter_fold_impl.hpp\n'}
[25.215741] (vicon_receiver) StdoutLine: {'line': b'-- Installing: /home/ph/treasure/dockerBENCH/helios16p_ws/install/vicon_receiver/include/boost/mpl/aux_/preprocessed/msvc60/divides.hpp\n'}
[25.216417] (vicon_receiver) StdoutLine: {'line': b'-- Installing: /home/ph/treasure/dockerBENCH/helios16p_ws/install/vicon_receiver/include/boost/mpl/aux_/preprocessed/msvc60/fold_impl.hpp\n'}
[25.217975] (vicon_receiver) StdoutLine: {'line': b'-- Installing: /home/ph/treasure/dockerBENCH/helios16p_ws/install/vicon_receiver/include/boost/mpl/aux_/preprocessed/msvc60/apply.hpp\n'}
[25.218687] (vicon_receiver) StdoutLine: {'line': b'-- Installing: /home/ph/treasure/dockerBENCH/helios16p_ws/install/vicon_receiver/include/boost/mpl/aux_/preprocessed/msvc60/plus.hpp\n'}
[25.219612] (vicon_receiver) StdoutLine: {'line': b'-- Installing: /home/ph/treasure/dockerBENCH/helios16p_ws/install/vicon_receiver/include/boost/mpl/aux_/preprocessed/msvc60/bitor.hpp\n'}
[25.220311] (vicon_receiver) StdoutLine: {'line': b'-- Installing: /home/ph/treasure/dockerBENCH/helios16p_ws/install/vicon_receiver/include/boost/mpl/aux_/preprocessed/bcc\n'}
[25.220672] (vicon_receiver) StdoutLine: {'line': b'-- Installing: /home/ph/treasure/dockerBENCH/helios16p_ws/install/vicon_receiver/include/boost/mpl/aux_/preprocessed/bcc/greater.hpp\n'}
[25.221454] (vicon_receiver) StdoutLine: {'line': b'-- Installing: /home/ph/treasure/dockerBENCH/helios16p_ws/install/vicon_receiver/include/boost/mpl/aux_/preprocessed/bcc/unpack_args.hpp\n'}
[25.223294] (vicon_receiver) StdoutLine: {'line': b'-- Installing: /home/ph/treasure/dockerBENCH/helios16p_ws/install/vicon_receiver/include/boost/mpl/aux_/preprocessed/bcc/greater_equal.hpp\n'}
[25.223500] (vicon_receiver) StdoutLine: {'line': b'-- Installing: /home/ph/treasure/dockerBENCH/helios16p_ws/install/vicon_receiver/include/boost/mpl/aux_/preprocessed/bcc/set_c.hpp\n'}
[25.223647] (vicon_receiver) StdoutLine: {'line': b'-- Installing: /home/ph/treasure/dockerBENCH/helios16p_ws/install/vicon_receiver/include/boost/mpl/aux_/preprocessed/bcc/inherit.hpp\n'}
[25.224083] (vicon_receiver) StdoutLine: {'line': b'-- Installing: /home/ph/treasure/dockerBENCH/helios16p_ws/install/vicon_receiver/include/boost/mpl/aux_/preprocessed/bcc/apply_fwd.hpp\n'}
[25.224724] (vicon_receiver) StdoutLine: {'line': b'-- Installing: /home/ph/treasure/dockerBENCH/helios16p_ws/install/vicon_receiver/include/boost/mpl/aux_/preprocessed/bcc/and.hpp\n'}
[25.225356] (vicon_receiver) StdoutLine: {'line': b'-- Installing: /home/ph/treasure/dockerBENCH/helios16p_ws/install/vicon_receiver/include/boost/mpl/aux_/preprocessed/bcc/map.hpp\n'}
[25.226112] (vicon_receiver) StdoutLine: {'line': b'-- Installing: /home/ph/treasure/dockerBENCH/helios16p_ws/install/vicon_receiver/include/boost/mpl/aux_/preprocessed/bcc/advance_backward.hpp\n'}
[25.226808] (vicon_receiver) StdoutLine: {'line': b'-- Installing: /home/ph/treasure/dockerBENCH/helios16p_ws/install/vicon_receiver/include/boost/mpl/aux_/preprocessed/bcc/bind.hpp\n'}
[25.227594] (vicon_receiver) StdoutLine: {'line': b'-- Installing: /home/ph/treasure/dockerBENCH/helios16p_ws/install/vicon_receiver/include/boost/mpl/aux_/preprocessed/bcc/modulus.hpp\n'}
[25.228183] (vicon_receiver) StdoutLine: {'line': b'-- Installing: /home/ph/treasure/dockerBENCH/helios16p_ws/install/vicon_receiver/include/boost/mpl/aux_/preprocessed/bcc/lambda_no_ctps.hpp\n'}
[25.228819] (vicon_receiver) StdoutLine: {'line': b'-- Installing: /home/ph/treasure/dockerBENCH/helios16p_ws/install/vicon_receiver/include/boost/mpl/aux_/preprocessed/bcc/quote.hpp\n'}
[25.229430] (vicon_receiver) StdoutLine: {'line': b'-- Installing: /home/ph/treasure/dockerBENCH/helios16p_ws/install/vicon_receiver/include/boost/mpl/aux_/preprocessed/bcc/deque.hpp\n'}
[25.230116] (vicon_receiver) StdoutLine: {'line': b'-- Installing: /home/ph/treasure/dockerBENCH/helios16p_ws/install/vicon_receiver/include/boost/mpl/aux_/preprocessed/bcc/shift_right.hpp\n'}
[25.230803] (vicon_receiver) StdoutLine: {'line': b'-- Installing: /home/ph/treasure/dockerBENCH/helios16p_ws/install/vicon_receiver/include/boost/mpl/aux_/preprocessed/bcc/basic_bind.hpp\n'}
[25.231436] (vicon_receiver) StdoutLine: {'line': b'-- Installing: /home/ph/treasure/dockerBENCH/helios16p_ws/install/vicon_receiver/include/boost/mpl/aux_/preprocessed/bcc/vector.hpp\n'}
[25.232125] (vicon_receiver) StdoutLine: {'line': b'-- Installing: /home/ph/treasure/dockerBENCH/helios16p_ws/install/vicon_receiver/include/boost/mpl/aux_/preprocessed/bcc/vector_c.hpp\n'}
[25.232833] (vicon_receiver) StdoutLine: {'line': b'-- Installing: /home/ph/treasure/dockerBENCH/helios16p_ws/install/vicon_receiver/include/boost/mpl/aux_/preprocessed/bcc/minus.hpp\n'}
[25.233477] (vicon_receiver) StdoutLine: {'line': b'-- Installing: /home/ph/treasure/dockerBENCH/helios16p_ws/install/vicon_receiver/include/boost/mpl/aux_/preprocessed/bcc/list.hpp\n'}
[25.234207] (vicon_receiver) StdoutLine: {'line': b'-- Installing: /home/ph/treasure/dockerBENCH/helios16p_ws/install/vicon_receiver/include/boost/mpl/aux_/preprocessed/bcc/bitand.hpp\n'}
[25.235004] (vicon_receiver) StdoutLine: {'line': b'-- Installing: /home/ph/treasure/dockerBENCH/helios16p_ws/install/vicon_receiver/include/boost/mpl/aux_/preprocessed/bcc/shift_left.hpp\n'}
[25.235711] (vicon_receiver) StdoutLine: {'line': b'-- Installing: /home/ph/treasure/dockerBENCH/helios16p_ws/install/vicon_receiver/include/boost/mpl/aux_/preprocessed/bcc/template_arity.hpp\n'}
[25.236343] (vicon_receiver) StdoutLine: {'line': b'-- Installing: /home/ph/treasure/dockerBENCH/helios16p_ws/install/vicon_receiver/include/boost/mpl/aux_/preprocessed/bcc/equal_to.hpp\n'}
[25.236945] (vicon_receiver) StdoutLine: {'line': b'-- Installing: /home/ph/treasure/dockerBENCH/helios16p_ws/install/vicon_receiver/include/boost/mpl/aux_/preprocessed/bcc/placeholders.hpp\n'}
[25.237588] (vicon_receiver) StdoutLine: {'line': b'-- Installing: /home/ph/treasure/dockerBENCH/helios16p_ws/install/vicon_receiver/include/boost/mpl/aux_/preprocessed/bcc/advance_forward.hpp\n'}
[25.238196] (vicon_receiver) StdoutLine: {'line': b'-- Installing: /home/ph/treasure/dockerBENCH/helios16p_ws/install/vicon_receiver/include/boost/mpl/aux_/preprocessed/bcc/apply_wrap.hpp\n'}
[25.238932] (vicon_receiver) StdoutLine: {'line': b'-- Installing: /home/ph/treasure/dockerBENCH/helios16p_ws/install/vicon_receiver/include/boost/mpl/aux_/preprocessed/bcc/or.hpp\n'}
[25.239557] (vicon_receiver) StdoutLine: {'line': b'-- Installing: /home/ph/treasure/dockerBENCH/helios16p_ws/install/vicon_receiver/include/boost/mpl/aux_/preprocessed/bcc/not_equal_to.hpp\n'}
[25.240299] (vicon_receiver) StdoutLine: {'line': b'-- Installing: /home/ph/treasure/dockerBENCH/helios16p_ws/install/vicon_receiver/include/boost/mpl/aux_/preprocessed/bcc/reverse_fold_impl.hpp\n'}
[25.240890] (vicon_receiver) StdoutLine: {'line': b'-- Installing: /home/ph/treasure/dockerBENCH/helios16p_ws/install/vicon_receiver/include/boost/mpl/aux_/preprocessed/bcc/iter_fold_if_impl.hpp\n'}
[25.241685] (vicon_receiver) StdoutLine: {'line': b'-- Installing: /home/ph/treasure/dockerBENCH/helios16p_ws/install/vicon_receiver/include/boost/mpl/aux_/preprocessed/bcc/less_equal.hpp\n'}
[25.242557] (vicon_receiver) StdoutLine: {'line': b'-- Installing: /home/ph/treasure/dockerBENCH/helios16p_ws/install/vicon_receiver/include/boost/mpl/aux_/preprocessed/bcc/times.hpp\n'}
[25.243190] (vicon_receiver) StdoutLine: {'line': b'-- Installing: /home/ph/treasure/dockerBENCH/helios16p_ws/install/vicon_receiver/include/boost/mpl/aux_/preprocessed/bcc/less.hpp\n'}
[25.243792] (vicon_receiver) StdoutLine: {'line': b'-- Installing: /home/ph/treasure/dockerBENCH/helios16p_ws/install/vicon_receiver/include/boost/mpl/aux_/preprocessed/bcc/iter_fold_impl.hpp\n'}
[25.244449] (vicon_receiver) StdoutLine: {'line': b'-- Installing: /home/ph/treasure/dockerBENCH/helios16p_ws/install/vicon_receiver/include/boost/mpl/aux_/preprocessed/bcc/full_lambda.hpp\n'}
[25.245144] (vicon_receiver) StdoutLine: {'line': b'-- Installing: /home/ph/treasure/dockerBENCH/helios16p_ws/install/vicon_receiver/include/boost/mpl/aux_/preprocessed/bcc/arg.hpp\n'}
[25.245861] (vicon_receiver) StdoutLine: {'line': b'-- Installing: /home/ph/treasure/dockerBENCH/helios16p_ws/install/vicon_receiver/include/boost/mpl/aux_/preprocessed/bcc/list_c.hpp\n'}
[25.246533] (vicon_receiver) StdoutLine: {'line': b'-- Installing: /home/ph/treasure/dockerBENCH/helios16p_ws/install/vicon_receiver/include/boost/mpl/aux_/preprocessed/bcc/bitxor.hpp\n'}
[25.247152] (vicon_receiver) StdoutLine: {'line': b'-- Installing: /home/ph/treasure/dockerBENCH/helios16p_ws/install/vicon_receiver/include/boost/mpl/aux_/preprocessed/bcc/set.hpp\n'}
[25.247876] (vicon_receiver) StdoutLine: {'line': b'-- Installing: /home/ph/treasure/dockerBENCH/helios16p_ws/install/vicon_receiver/include/boost/mpl/aux_/preprocessed/bcc/bind_fwd.hpp\n'}
[25.248507] (vicon_receiver) StdoutLine: {'line': b'-- Installing: /home/ph/treasure/dockerBENCH/helios16p_ws/install/vicon_receiver/include/boost/mpl/aux_/preprocessed/bcc/reverse_iter_fold_impl.hpp\n'}
[25.249243] (vicon_receiver) StdoutLine: {'line': b'-- Installing: /home/ph/treasure/dockerBENCH/helios16p_ws/install/vicon_receiver/include/boost/mpl/aux_/preprocessed/bcc/divides.hpp\n'}
[25.250456] (vicon_receiver) StdoutLine: {'line': b'-- Installing: /home/ph/treasure/dockerBENCH/helios16p_ws/install/vicon_receiver/include/boost/mpl/aux_/preprocessed/bcc/fold_impl.hpp\n'}
[25.251514] (vicon_receiver) StdoutLine: {'line': b'-- Installing: /home/ph/treasure/dockerBENCH/helios16p_ws/install/vicon_receiver/include/boost/mpl/aux_/preprocessed/bcc/apply.hpp\n'}
[25.252542] (vicon_receiver) StdoutLine: {'line': b'-- Installing: /home/ph/treasure/dockerBENCH/helios16p_ws/install/vicon_receiver/include/boost/mpl/aux_/preprocessed/bcc/plus.hpp\n'}
[25.253557] (vicon_receiver) StdoutLine: {'line': b'-- Installing: /home/ph/treasure/dockerBENCH/helios16p_ws/install/vicon_receiver/include/boost/mpl/aux_/preprocessed/bcc/bitor.hpp\n'}
[25.254609] (vicon_receiver) StdoutLine: {'line': b'-- Installing: /home/ph/treasure/dockerBENCH/helios16p_ws/install/vicon_receiver/include/boost/mpl/aux_/preprocessed/no_ctps\n'}
[25.255412] (vicon_receiver) StdoutLine: {'line': b'-- Installing: /home/ph/treasure/dockerBENCH/helios16p_ws/install/vicon_receiver/include/boost/mpl/aux_/preprocessed/no_ctps/greater.hpp\n'}
[25.256379] (vicon_receiver) StdoutLine: {'line': b'-- Installing: /home/ph/treasure/dockerBENCH/helios16p_ws/install/vicon_receiver/include/boost/mpl/aux_/preprocessed/no_ctps/unpack_args.hpp\n'}
[25.257382] (vicon_receiver) StdoutLine: {'line': b'-- Installing: /home/ph/treasure/dockerBENCH/helios16p_ws/install/vicon_receiver/include/boost/mpl/aux_/preprocessed/no_ctps/greater_equal.hpp\n'}
[25.258518] (vicon_receiver) StdoutLine: {'line': b'-- Installing: /home/ph/treasure/dockerBENCH/helios16p_ws/install/vicon_receiver/include/boost/mpl/aux_/preprocessed/no_ctps/set_c.hpp\n'}
[25.259651] (vicon_receiver) StdoutLine: {'line': b'-- Installing: /home/ph/treasure/dockerBENCH/helios16p_ws/install/vicon_receiver/include/boost/mpl/aux_/preprocessed/no_ctps/inherit.hpp\n'}
[25.260610] (vicon_receiver) StdoutLine: {'line': b'-- Installing: /home/ph/treasure/dockerBENCH/helios16p_ws/install/vicon_receiver/include/boost/mpl/aux_/preprocessed/no_ctps/apply_fwd.hpp\n'}
[25.261566] (vicon_receiver) StdoutLine: {'line': b'-- Installing: /home/ph/treasure/dockerBENCH/helios16p_ws/install/vicon_receiver/include/boost/mpl/aux_/preprocessed/no_ctps/and.hpp\n'}
[25.262498] (vicon_receiver) StdoutLine: {'line': b'-- Installing: /home/ph/treasure/dockerBENCH/helios16p_ws/install/vicon_receiver/include/boost/mpl/aux_/preprocessed/no_ctps/map.hpp\n'}
[25.263615] (vicon_receiver) StdoutLine: {'line': b'-- Installing: /home/ph/treasure/dockerBENCH/helios16p_ws/install/vicon_receiver/include/boost/mpl/aux_/preprocessed/no_ctps/advance_backward.hpp\n'}
[25.264540] (vicon_receiver) StdoutLine: {'line': b'-- Installing: /home/ph/treasure/dockerBENCH/helios16p_ws/install/vicon_receiver/include/boost/mpl/aux_/preprocessed/no_ctps/bind.hpp\n'}
[25.265843] (vicon_receiver) StdoutLine: {'line': b'-- Installing: /home/ph/treasure/dockerBENCH/helios16p_ws/install/vicon_receiver/include/boost/mpl/aux_/preprocessed/no_ctps/modulus.hpp\n'}
[25.266676] (vicon_receiver) StdoutLine: {'line': b'-- Installing: /home/ph/treasure/dockerBENCH/helios16p_ws/install/vicon_receiver/include/boost/mpl/aux_/preprocessed/no_ctps/lambda_no_ctps.hpp\n'}
[25.267898] (vicon_receiver) StdoutLine: {'line': b'-- Installing: /home/ph/treasure/dockerBENCH/helios16p_ws/install/vicon_receiver/include/boost/mpl/aux_/preprocessed/no_ctps/quote.hpp\n'}
[25.268708] (vicon_receiver) StdoutLine: {'line': b'-- Installing: /home/ph/treasure/dockerBENCH/helios16p_ws/install/vicon_receiver/include/boost/mpl/aux_/preprocessed/no_ctps/deque.hpp\n'}
[25.269830] (vicon_receiver) StdoutLine: {'line': b'-- Installing: /home/ph/treasure/dockerBENCH/helios16p_ws/install/vicon_receiver/include/boost/mpl/aux_/preprocessed/no_ctps/shift_right.hpp\n'}
[25.270753] (vicon_receiver) StdoutLine: {'line': b'-- Installing: /home/ph/treasure/dockerBENCH/helios16p_ws/install/vicon_receiver/include/boost/mpl/aux_/preprocessed/no_ctps/basic_bind.hpp\n'}
[25.271798] (vicon_receiver) StdoutLine: {'line': b'-- Installing: /home/ph/treasure/dockerBENCH/helios16p_ws/install/vicon_receiver/include/boost/mpl/aux_/preprocessed/no_ctps/vector.hpp\n'}
[25.273031] (vicon_receiver) StdoutLine: {'line': b'-- Installing: /home/ph/treasure/dockerBENCH/helios16p_ws/install/vicon_receiver/include/boost/mpl/aux_/preprocessed/no_ctps/vector_c.hpp\n'}
[25.274203] (vicon_receiver) StdoutLine: {'line': b'-- Installing: /home/ph/treasure/dockerBENCH/helios16p_ws/install/vicon_receiver/include/boost/mpl/aux_/preprocessed/no_ctps/minus.hpp\n'}
[25.275164] (vicon_receiver) StdoutLine: {'line': b'-- Installing: /home/ph/treasure/dockerBENCH/helios16p_ws/install/vicon_receiver/include/boost/mpl/aux_/preprocessed/no_ctps/list.hpp\n'}
[25.276217] (vicon_receiver) StdoutLine: {'line': b'-- Installing: /home/ph/treasure/dockerBENCH/helios16p_ws/install/vicon_receiver/include/boost/mpl/aux_/preprocessed/no_ctps/bitand.hpp\n'}
[25.277186] (vicon_receiver) StdoutLine: {'line': b'-- Installing: /home/ph/treasure/dockerBENCH/helios16p_ws/install/vicon_receiver/include/boost/mpl/aux_/preprocessed/no_ctps/shift_left.hpp\n'}
[25.278189] (vicon_receiver) StdoutLine: {'line': b'-- Installing: /home/ph/treasure/dockerBENCH/helios16p_ws/install/vicon_receiver/include/boost/mpl/aux_/preprocessed/no_ctps/template_arity.hpp\n'}
[25.279162] (vicon_receiver) StdoutLine: {'line': b'-- Installing: /home/ph/treasure/dockerBENCH/helios16p_ws/install/vicon_receiver/include/boost/mpl/aux_/preprocessed/no_ctps/equal_to.hpp\n'}
[25.280216] (vicon_receiver) StdoutLine: {'line': b'-- Installing: /home/ph/treasure/dockerBENCH/helios16p_ws/install/vicon_receiver/include/boost/mpl/aux_/preprocessed/no_ctps/placeholders.hpp\n'}
[25.281274] (vicon_receiver) StdoutLine: {'line': b'-- Installing: /home/ph/treasure/dockerBENCH/helios16p_ws/install/vicon_receiver/include/boost/mpl/aux_/preprocessed/no_ctps/advance_forward.hpp\n'}
[25.282270] (vicon_receiver) StdoutLine: {'line': b'-- Installing: /home/ph/treasure/dockerBENCH/helios16p_ws/install/vicon_receiver/include/boost/mpl/aux_/preprocessed/no_ctps/apply_wrap.hpp\n'}
[25.283251] (vicon_receiver) StdoutLine: {'line': b'-- Installing: /home/ph/treasure/dockerBENCH/helios16p_ws/install/vicon_receiver/include/boost/mpl/aux_/preprocessed/no_ctps/or.hpp\n'}
[25.284211] (vicon_receiver) StdoutLine: {'line': b'-- Installing: /home/ph/treasure/dockerBENCH/helios16p_ws/install/vicon_receiver/include/boost/mpl/aux_/preprocessed/no_ctps/not_equal_to.hpp\n'}
[25.285253] (vicon_receiver) StdoutLine: {'line': b'-- Installing: /home/ph/treasure/dockerBENCH/helios16p_ws/install/vicon_receiver/include/boost/mpl/aux_/preprocessed/no_ctps/reverse_fold_impl.hpp\n'}
[25.286276] (vicon_receiver) StdoutLine: {'line': b'-- Installing: /home/ph/treasure/dockerBENCH/helios16p_ws/install/vicon_receiver/include/boost/mpl/aux_/preprocessed/no_ctps/iter_fold_if_impl.hpp\n'}
[25.287401] (vicon_receiver) StdoutLine: {'line': b'-- Installing: /home/ph/treasure/dockerBENCH/helios16p_ws/install/vicon_receiver/include/boost/mpl/aux_/preprocessed/no_ctps/less_equal.hpp\n'}
[25.288439] (vicon_receiver) StdoutLine: {'line': b'-- Installing: /home/ph/treasure/dockerBENCH/helios16p_ws/install/vicon_receiver/include/boost/mpl/aux_/preprocessed/no_ctps/times.hpp\n'}
[25.289372] (vicon_receiver) StdoutLine: {'line': b'-- Installing: /home/ph/treasure/dockerBENCH/helios16p_ws/install/vicon_receiver/include/boost/mpl/aux_/preprocessed/no_ctps/less.hpp\n'}
[25.290400] (vicon_receiver) StdoutLine: {'line': b'-- Installing: /home/ph/treasure/dockerBENCH/helios16p_ws/install/vicon_receiver/include/boost/mpl/aux_/preprocessed/no_ctps/iter_fold_impl.hpp\n'}
[25.291399] (vicon_receiver) StdoutLine: {'line': b'-- Installing: /home/ph/treasure/dockerBENCH/helios16p_ws/install/vicon_receiver/include/boost/mpl/aux_/preprocessed/no_ctps/full_lambda.hpp\n'}
[25.292542] (vicon_receiver) StdoutLine: {'line': b'-- Installing: /home/ph/treasure/dockerBENCH/helios16p_ws/install/vicon_receiver/include/boost/mpl/aux_/preprocessed/no_ctps/arg.hpp\n'}
[25.293380] (vicon_receiver) StdoutLine: {'line': b'-- Installing: /home/ph/treasure/dockerBENCH/helios16p_ws/install/vicon_receiver/include/boost/mpl/aux_/preprocessed/no_ctps/list_c.hpp\n'}
[25.294370] (vicon_receiver) StdoutLine: {'line': b'-- Installing: /home/ph/treasure/dockerBENCH/helios16p_ws/install/vicon_receiver/include/boost/mpl/aux_/preprocessed/no_ctps/bitxor.hpp\n'}
[25.295404] (vicon_receiver) StdoutLine: {'line': b'-- Installing: /home/ph/treasure/dockerBENCH/helios16p_ws/install/vicon_receiver/include/boost/mpl/aux_/preprocessed/no_ctps/set.hpp\n'}
[25.296569] (vicon_receiver) StdoutLine: {'line': b'-- Installing: /home/ph/treasure/dockerBENCH/helios16p_ws/install/vicon_receiver/include/boost/mpl/aux_/preprocessed/no_ctps/bind_fwd.hpp\n'}
[25.297469] (vicon_receiver) StdoutLine: {'line': b'-- Installing: /home/ph/treasure/dockerBENCH/helios16p_ws/install/vicon_receiver/include/boost/mpl/aux_/preprocessed/no_ctps/reverse_iter_fold_impl.hpp\n'}
[25.298872] (vicon_receiver) StdoutLine: {'line': b'-- Installing: /home/ph/treasure/dockerBENCH/helios16p_ws/install/vicon_receiver/include/boost/mpl/aux_/preprocessed/no_ctps/divides.hpp\n'}
[25.299803] (vicon_receiver) StdoutLine: {'line': b'-- Installing: /home/ph/treasure/dockerBENCH/helios16p_ws/install/vicon_receiver/include/boost/mpl/aux_/preprocessed/no_ctps/fold_impl.hpp\n'}
[25.300775] (vicon_receiver) StdoutLine: {'line': b'-- Installing: /home/ph/treasure/dockerBENCH/helios16p_ws/install/vicon_receiver/include/boost/mpl/aux_/preprocessed/no_ctps/apply.hpp\n'}
[25.302180] (vicon_receiver) StdoutLine: {'line': b'-- Installing: /home/ph/treasure/dockerBENCH/helios16p_ws/install/vicon_receiver/include/boost/mpl/aux_/preprocessed/no_ctps/plus.hpp\n'}
[25.303590] (vicon_receiver) StdoutLine: {'line': b'-- Installing: /home/ph/treasure/dockerBENCH/helios16p_ws/install/vicon_receiver/include/boost/mpl/aux_/preprocessed/no_ctps/bitor.hpp\n'}
[25.305089] (vicon_receiver) StdoutLine: {'line': b'-- Installing: /home/ph/treasure/dockerBENCH/helios16p_ws/install/vicon_receiver/include/boost/mpl/aux_/na_assert.hpp\n'}
[25.306318] (vicon_receiver) StdoutLine: {'line': b'-- Installing: /home/ph/treasure/dockerBENCH/helios16p_ws/install/vicon_receiver/include/boost/mpl/aux_/iter_apply.hpp\n'}
[25.307541] (vicon_receiver) StdoutLine: {'line': b'-- Installing: /home/ph/treasure/dockerBENCH/helios16p_ws/install/vicon_receiver/include/boost/mpl/aux_/advance_forward.hpp\n'}
[25.308805] (vicon_receiver) StdoutLine: {'line': b'-- Installing: /home/ph/treasure/dockerBENCH/helios16p_ws/install/vicon_receiver/include/boost/mpl/aux_/joint_iter.hpp\n'}
[25.310015] (vicon_receiver) StdoutLine: {'line': b'-- Installing: /home/ph/treasure/dockerBENCH/helios16p_ws/install/vicon_receiver/include/boost/mpl/aux_/inserter_algorithm.hpp\n'}
[25.310476] (-) TimerEvent: {}
[25.311158] (vicon_receiver) StdoutLine: {'line': b'-- Installing: /home/ph/treasure/dockerBENCH/helios16p_ws/install/vicon_receiver/include/boost/mpl/aux_/include_preprocessed.hpp\n'}
[25.311566] (vicon_receiver) StdoutLine: {'line': b'-- Installing: /home/ph/treasure/dockerBENCH/helios16p_ws/install/vicon_receiver/include/boost/mpl/aux_/reverse_fold_impl.hpp\n'}
[25.311925] (vicon_receiver) StdoutLine: {'line': b'-- Installing: /home/ph/treasure/dockerBENCH/helios16p_ws/install/vicon_receiver/include/boost/mpl/aux_/reverse_fold_impl_body.hpp\n'}
[25.312398] (vicon_receiver) StdoutLine: {'line': b'-- Installing: /home/ph/treasure/dockerBENCH/helios16p_ws/install/vicon_receiver/include/boost/mpl/aux_/arg_typedef.hpp\n'}
[25.312783] (vicon_receiver) StdoutLine: {'line': b'-- Installing: /home/ph/treasure/dockerBENCH/helios16p_ws/install/vicon_receiver/include/boost/mpl/aux_/numeric_op.hpp\n'}
[25.313016] (vicon_receiver) StdoutLine: {'line': b'-- Installing: /home/ph/treasure/dockerBENCH/helios16p_ws/install/vicon_receiver/include/boost/mpl/aux_/iter_fold_if_impl.hpp\n'}
[25.313583] (vicon_receiver) StdoutLine: {'line': b'-- Installing: /home/ph/treasure/dockerBENCH/helios16p_ws/install/vicon_receiver/include/boost/mpl/aux_/arithmetic_op.hpp\n'}
[25.313978] (vicon_receiver) StdoutLine: {'line': b'-- Installing: /home/ph/treasure/dockerBENCH/helios16p_ws/install/vicon_receiver/include/boost/mpl/aux_/msvc_eti_base.hpp\n'}
[25.314538] (vicon_receiver) StdoutLine: {'line': b'-- Installing: /home/ph/treasure/dockerBENCH/helios16p_ws/install/vicon_receiver/include/boost/mpl/aux_/adl_barrier.hpp\n'}
[25.314952] (vicon_receiver) StdoutLine: {'line': b'-- Installing: /home/ph/treasure/dockerBENCH/helios16p_ws/install/vicon_receiver/include/boost/mpl/aux_/iter_fold_impl.hpp\n'}
[25.315419] (vicon_receiver) StdoutLine: {'line': b'-- Installing: /home/ph/treasure/dockerBENCH/helios16p_ws/install/vicon_receiver/include/boost/mpl/aux_/full_lambda.hpp\n'}
[25.315688] (vicon_receiver) StdoutLine: {'line': b'-- Installing: /home/ph/treasure/dockerBENCH/helios16p_ws/install/vicon_receiver/include/boost/mpl/aux_/na_spec.hpp\n'}
[25.316299] (vicon_receiver) StdoutLine: {'line': b'-- Installing: /home/ph/treasure/dockerBENCH/helios16p_ws/install/vicon_receiver/include/boost/mpl/aux_/lambda_support.hpp\n'}
[25.316822] (vicon_receiver) StdoutLine: {'line': b'-- Installing: /home/ph/treasure/dockerBENCH/helios16p_ws/install/vicon_receiver/include/boost/mpl/aux_/lambda_spec.hpp\n'}
[25.317279] (vicon_receiver) StdoutLine: {'line': b'-- Installing: /home/ph/treasure/dockerBENCH/helios16p_ws/install/vicon_receiver/include/boost/mpl/aux_/push_front_impl.hpp\n'}
[25.317733] (vicon_receiver) StdoutLine: {'line': b'-- Installing: /home/ph/treasure/dockerBENCH/helios16p_ws/install/vicon_receiver/include/boost/mpl/aux_/sequence_wrapper.hpp\n'}
[25.318206] (vicon_receiver) StdoutLine: {'line': b'-- Installing: /home/ph/treasure/dockerBENCH/helios16p_ws/install/vicon_receiver/include/boost/mpl/aux_/erase_impl.hpp\n'}
[25.318642] (vicon_receiver) StdoutLine: {'line': b'-- Installing: /home/ph/treasure/dockerBENCH/helios16p_ws/install/vicon_receiver/include/boost/mpl/aux_/comparison_op.hpp\n'}
[25.318896] (vicon_receiver) StdoutLine: {'line': b'-- Installing: /home/ph/treasure/dockerBENCH/helios16p_ws/install/vicon_receiver/include/boost/mpl/aux_/msvc_never_true.hpp\n'}
[25.319548] (vicon_receiver) StdoutLine: {'line': b'-- Installing: /home/ph/treasure/dockerBENCH/helios16p_ws/install/vicon_receiver/include/boost/mpl/aux_/erase_key_impl.hpp\n'}
[25.320501] (vicon_receiver) StdoutLine: {'line': b'-- Installing: /home/ph/treasure/dockerBENCH/helios16p_ws/install/vicon_receiver/include/boost/mpl/aux_/na.hpp\n'}
[25.321058] (vicon_receiver) StdoutLine: {'line': b'-- Installing: /home/ph/treasure/dockerBENCH/helios16p_ws/install/vicon_receiver/include/boost/mpl/aux_/front_impl.hpp\n'}
[25.321600] (vicon_receiver) StdoutLine: {'line': b'-- Installing: /home/ph/treasure/dockerBENCH/helios16p_ws/install/vicon_receiver/include/boost/mpl/aux_/back_impl.hpp\n'}
[25.322067] (vicon_receiver) StdoutLine: {'line': b'-- Installing: /home/ph/treasure/dockerBENCH/helios16p_ws/install/vicon_receiver/include/boost/mpl/aux_/at_impl.hpp\n'}
[25.322712] (vicon_receiver) StdoutLine: {'line': b'-- Installing: /home/ph/treasure/dockerBENCH/helios16p_ws/install/vicon_receiver/include/boost/mpl/aux_/is_msvc_eti_arg.hpp\n'}
[25.323055] (vicon_receiver) StdoutLine: {'line': b'-- Installing: /home/ph/treasure/dockerBENCH/helios16p_ws/install/vicon_receiver/include/boost/mpl/aux_/arity.hpp\n'}
[25.323510] (vicon_receiver) StdoutLine: {'line': b'-- Installing: /home/ph/treasure/dockerBENCH/helios16p_ws/install/vicon_receiver/include/boost/mpl/aux_/traits_lambda_spec.hpp\n'}
[25.324066] (vicon_receiver) StdoutLine: {'line': b'-- Installing: /home/ph/treasure/dockerBENCH/helios16p_ws/install/vicon_receiver/include/boost/mpl/aux_/fold_impl.hpp\n'}
[25.324496] (vicon_receiver) StdoutLine: {'line': b'-- Installing: /home/ph/treasure/dockerBENCH/helios16p_ws/install/vicon_receiver/include/boost/mpl/aux_/empty_impl.hpp\n'}
[25.324807] (vicon_receiver) StdoutLine: {'line': b'-- Installing: /home/ph/treasure/dockerBENCH/helios16p_ws/install/vicon_receiver/include/boost/mpl/aux_/integral_wrapper.hpp\n'}
[25.325053] (vicon_receiver) StdoutLine: {'line': b'-- Installing: /home/ph/treasure/dockerBENCH/helios16p_ws/install/vicon_receiver/include/boost/mpl/aux_/template_arity_fwd.hpp\n'}
[25.325448] (vicon_receiver) StdoutLine: {'line': b'-- Installing: /home/ph/treasure/dockerBENCH/helios16p_ws/install/vicon_receiver/include/boost/mpl/aux_/pop_front_impl.hpp\n'}
[25.325741] (vicon_receiver) StdoutLine: {'line': b'-- Installing: /home/ph/treasure/dockerBENCH/helios16p_ws/install/vicon_receiver/include/boost/mpl/aux_/has_key_impl.hpp\n'}
[25.326086] (vicon_receiver) StdoutLine: {'line': b'-- Installing: /home/ph/treasure/dockerBENCH/helios16p_ws/install/vicon_receiver/include/boost/mpl/is_sequence.hpp\n'}
[25.326466] (vicon_receiver) StdoutLine: {'line': b'-- Installing: /home/ph/treasure/dockerBENCH/helios16p_ws/install/vicon_receiver/include/boost/mpl/has_xxx.hpp\n'}
[25.326835] (vicon_receiver) StdoutLine: {'line': b'-- Installing: /home/ph/treasure/dockerBENCH/helios16p_ws/install/vicon_receiver/include/boost/mpl/logical.hpp\n'}
[25.327336] (vicon_receiver) StdoutLine: {'line': b'-- Installing: /home/ph/treasure/dockerBENCH/helios16p_ws/install/vicon_receiver/include/boost/mpl/minus.hpp\n'}
[25.327760] (vicon_receiver) StdoutLine: {'line': b'-- Installing: /home/ph/treasure/dockerBENCH/helios16p_ws/install/vicon_receiver/include/boost/mpl/clear.hpp\n'}
[25.328298] (vicon_receiver) StdoutLine: {'line': b'-- Installing: /home/ph/treasure/dockerBENCH/helios16p_ws/install/vicon_receiver/include/boost/mpl/identity.hpp\n'}
[25.328732] (vicon_receiver) StdoutLine: {'line': b'-- Installing: /home/ph/treasure/dockerBENCH/helios16p_ws/install/vicon_receiver/include/boost/mpl/list.hpp\n'}
[25.329158] (vicon_receiver) StdoutLine: {'line': b'-- Installing: /home/ph/treasure/dockerBENCH/helios16p_ws/install/vicon_receiver/include/boost/mpl/int.hpp\n'}
[25.329607] (vicon_receiver) StdoutLine: {'line': b'-- Installing: /home/ph/treasure/dockerBENCH/helios16p_ws/install/vicon_receiver/include/boost/mpl/comparison.hpp\n'}
[25.329995] (vicon_receiver) StdoutLine: {'line': b'-- Installing: /home/ph/treasure/dockerBENCH/helios16p_ws/install/vicon_receiver/include/boost/mpl/distance_fwd.hpp\n'}
[25.330384] (vicon_receiver) StdoutLine: {'line': b'-- Installing: /home/ph/treasure/dockerBENCH/helios16p_ws/install/vicon_receiver/include/boost/mpl/bool.hpp\n'}
[25.330798] (vicon_receiver) StdoutLine: {'line': b'-- Installing: /home/ph/treasure/dockerBENCH/helios16p_ws/install/vicon_receiver/include/boost/mpl/equal_to.hpp\n'}
[25.331179] (vicon_receiver) StdoutLine: {'line': b'-- Installing: /home/ph/treasure/dockerBENCH/helios16p_ws/install/vicon_receiver/include/boost/mpl/end.hpp\n'}
[25.331647] (vicon_receiver) StdoutLine: {'line': b'-- Installing: /home/ph/treasure/dockerBENCH/helios16p_ws/install/vicon_receiver/include/boost/mpl/placeholders.hpp\n'}
[25.332042] (vicon_receiver) StdoutLine: {'line': b'-- Installing: /home/ph/treasure/dockerBENCH/helios16p_ws/install/vicon_receiver/include/boost/mpl/int_fwd.hpp\n'}
[25.332474] (vicon_receiver) StdoutLine: {'line': b'-- Installing: /home/ph/treasure/dockerBENCH/helios16p_ws/install/vicon_receiver/include/boost/mpl/fold.hpp\n'}
[25.332865] (vicon_receiver) StdoutLine: {'line': b'-- Installing: /home/ph/treasure/dockerBENCH/helios16p_ws/install/vicon_receiver/include/boost/mpl/push_front_fwd.hpp\n'}
[25.333367] (vicon_receiver) StdoutLine: {'line': b'-- Installing: /home/ph/treasure/dockerBENCH/helios16p_ws/install/vicon_receiver/include/boost/mpl/if.hpp\n'}
[25.333844] (vicon_receiver) StdoutLine: {'line': b'-- Installing: /home/ph/treasure/dockerBENCH/helios16p_ws/install/vicon_receiver/include/boost/mpl/remove_if.hpp\n'}
[25.334378] (vicon_receiver) StdoutLine: {'line': b'-- Installing: /home/ph/treasure/dockerBENCH/helios16p_ws/install/vicon_receiver/include/boost/mpl/front_fwd.hpp\n'}
[25.334749] (vicon_receiver) StdoutLine: {'line': b'-- Installing: /home/ph/treasure/dockerBENCH/helios16p_ws/install/vicon_receiver/include/boost/mpl/erase_key.hpp\n'}
[25.335367] (vicon_receiver) StdoutLine: {'line': b'-- Installing: /home/ph/treasure/dockerBENCH/helios16p_ws/install/vicon_receiver/include/boost/mpl/pop_back.hpp\n'}
[25.335868] (vicon_receiver) StdoutLine: {'line': b'-- Installing: /home/ph/treasure/dockerBENCH/helios16p_ws/install/vicon_receiver/include/boost/mpl/apply_wrap.hpp\n'}
[25.336242] (vicon_receiver) StdoutLine: {'line': b'-- Installing: /home/ph/treasure/dockerBENCH/helios16p_ws/install/vicon_receiver/include/boost/mpl/front_inserter.hpp\n'}
[25.336551] (vicon_receiver) StdoutLine: {'line': b'-- Installing: /home/ph/treasure/dockerBENCH/helios16p_ws/install/vicon_receiver/include/boost/mpl/or.hpp\n'}
[25.336946] (vicon_receiver) StdoutLine: {'line': b'-- Installing: /home/ph/treasure/dockerBENCH/helios16p_ws/install/vicon_receiver/include/boost/mpl/not_equal_to.hpp\n'}
[25.337446] (vicon_receiver) StdoutLine: {'line': b'-- Installing: /home/ph/treasure/dockerBENCH/helios16p_ws/install/vicon_receiver/include/boost/mpl/eval_if.hpp\n'}
[25.337815] (vicon_receiver) StdoutLine: {'line': b'-- Installing: /home/ph/treasure/dockerBENCH/helios16p_ws/install/vicon_receiver/include/boost/mpl/push_back_fwd.hpp\n'}
[25.338305] (vicon_receiver) StdoutLine: {'line': b'-- Installing: /home/ph/treasure/dockerBENCH/helios16p_ws/install/vicon_receiver/include/boost/mpl/protect.hpp\n'}
[25.338925] (vicon_receiver) StdoutLine: {'line': b'-- Installing: /home/ph/treasure/dockerBENCH/helios16p_ws/install/vicon_receiver/include/boost/mpl/vector\n'}
[25.339292] (vicon_receiver) StdoutLine: {'line': b'-- Installing: /home/ph/treasure/dockerBENCH/helios16p_ws/install/vicon_receiver/include/boost/mpl/vector/vector20_c.hpp\n'}
[25.339821] (vicon_receiver) StdoutLine: {'line': b'-- Installing: /home/ph/treasure/dockerBENCH/helios16p_ws/install/vicon_receiver/include/boost/mpl/vector/vector30_c.hpp\n'}
[25.340016] (vicon_receiver) StdoutLine: {'line': b'-- Installing: /home/ph/treasure/dockerBENCH/helios16p_ws/install/vicon_receiver/include/boost/mpl/vector/vector10.hpp\n'}
[25.340305] (vicon_receiver) StdoutLine: {'line': b'-- Installing: /home/ph/treasure/dockerBENCH/helios16p_ws/install/vicon_receiver/include/boost/mpl/vector/vector40_c.hpp\n'}
[25.340676] (vicon_receiver) StdoutLine: {'line': b'-- Installing: /home/ph/treasure/dockerBENCH/helios16p_ws/install/vicon_receiver/include/boost/mpl/vector/vector0.hpp\n'}
[25.340973] (vicon_receiver) StdoutLine: {'line': b'-- Installing: /home/ph/treasure/dockerBENCH/helios16p_ws/install/vicon_receiver/include/boost/mpl/vector/vector20.hpp\n'}
[25.341338] (vicon_receiver) StdoutLine: {'line': b'-- Installing: /home/ph/treasure/dockerBENCH/helios16p_ws/install/vicon_receiver/include/boost/mpl/vector/vector0_c.hpp\n'}
[25.341726] (vicon_receiver) StdoutLine: {'line': b'-- Installing: /home/ph/treasure/dockerBENCH/helios16p_ws/install/vicon_receiver/include/boost/mpl/vector/vector50_c.hpp\n'}
[25.342423] (vicon_receiver) StdoutLine: {'line': b'-- Installing: /home/ph/treasure/dockerBENCH/helios16p_ws/install/vicon_receiver/include/boost/mpl/vector/vector30.hpp\n'}
[25.342894] (vicon_receiver) StdoutLine: {'line': b'-- Installing: /home/ph/treasure/dockerBENCH/helios16p_ws/install/vicon_receiver/include/boost/mpl/vector/vector40.hpp\n'}
[25.343127] (vicon_receiver) StdoutLine: {'line': b'-- Installing: /home/ph/treasure/dockerBENCH/helios16p_ws/install/vicon_receiver/include/boost/mpl/vector/aux_\n'}
[25.343889] (vicon_receiver) StdoutLine: {'line': b'-- Installing: /home/ph/treasure/dockerBENCH/helios16p_ws/install/vicon_receiver/include/boost/mpl/vector/aux_/empty.hpp\n'}
[25.344103] (vicon_receiver) StdoutLine: {'line': b'-- Installing: /home/ph/treasure/dockerBENCH/helios16p_ws/install/vicon_receiver/include/boost/mpl/vector/aux_/at.hpp\n'}
[25.344350] (vicon_receiver) StdoutLine: {'line': b'-- Installing: /home/ph/treasure/dockerBENCH/helios16p_ws/install/vicon_receiver/include/boost/mpl/vector/aux_/push_back.hpp\n'}
[25.344667] (vicon_receiver) StdoutLine: {'line': b'-- Installing: /home/ph/treasure/dockerBENCH/helios16p_ws/install/vicon_receiver/include/boost/mpl/vector/aux_/item.hpp\n'}
[25.344888] (vicon_receiver) StdoutLine: {'line': b'-- Installing: /home/ph/treasure/dockerBENCH/helios16p_ws/install/vicon_receiver/include/boost/mpl/vector/aux_/tag.hpp\n'}
[25.345230] (vicon_receiver) StdoutLine: {'line': b'-- Installing: /home/ph/treasure/dockerBENCH/helios16p_ws/install/vicon_receiver/include/boost/mpl/vector/aux_/vector0.hpp\n'}
[25.345990] (vicon_receiver) StdoutLine: {'line': b'-- Installing: /home/ph/treasure/dockerBENCH/helios16p_ws/install/vicon_receiver/include/boost/mpl/vector/aux_/numbered.hpp\n'}
[25.346685] (vicon_receiver) StdoutLine: {'line': b'-- Installing: /home/ph/treasure/dockerBENCH/helios16p_ws/install/vicon_receiver/include/boost/mpl/vector/aux_/pop_front.hpp\n'}
[25.347354] (vicon_receiver) StdoutLine: {'line': b'-- Installing: /home/ph/treasure/dockerBENCH/helios16p_ws/install/vicon_receiver/include/boost/mpl/vector/aux_/push_front.hpp\n'}
[25.347739] (vicon_receiver) StdoutLine: {'line': b'-- Installing: /home/ph/treasure/dockerBENCH/helios16p_ws/install/vicon_receiver/include/boost/mpl/vector/aux_/O1_size.hpp\n'}
[25.348240] (vicon_receiver) StdoutLine: {'line': b'-- Installing: /home/ph/treasure/dockerBENCH/helios16p_ws/install/vicon_receiver/include/boost/mpl/vector/aux_/back.hpp\n'}
[25.348853] (vicon_receiver) StdoutLine: {'line': b'-- Installing: /home/ph/treasure/dockerBENCH/helios16p_ws/install/vicon_receiver/include/boost/mpl/vector/aux_/front.hpp\n'}
[25.349299] (vicon_receiver) StdoutLine: {'line': b'-- Installing: /home/ph/treasure/dockerBENCH/helios16p_ws/install/vicon_receiver/include/boost/mpl/vector/aux_/numbered_c.hpp\n'}
[25.349936] (vicon_receiver) StdoutLine: {'line': b'-- Installing: /home/ph/treasure/dockerBENCH/helios16p_ws/install/vicon_receiver/include/boost/mpl/vector/aux_/clear.hpp\n'}
[25.350511] (vicon_receiver) StdoutLine: {'line': b'-- Installing: /home/ph/treasure/dockerBENCH/helios16p_ws/install/vicon_receiver/include/boost/mpl/vector/aux_/preprocessed\n'}
[25.350779] (vicon_receiver) StdoutLine: {'line': b'-- Installing: /home/ph/treasure/dockerBENCH/helios16p_ws/install/vicon_receiver/include/boost/mpl/vector/aux_/preprocessed/typeof_based\n'}
[25.350962] (vicon_receiver) StdoutLine: {'line': b'-- Installing: /home/ph/treasure/dockerBENCH/helios16p_ws/install/vicon_receiver/include/boost/mpl/vector/aux_/preprocessed/typeof_based/vector20_c.hpp\n'}
[25.351614] (vicon_receiver) StdoutLine: {'line': b'-- Installing: /home/ph/treasure/dockerBENCH/helios16p_ws/install/vicon_receiver/include/boost/mpl/vector/aux_/preprocessed/typeof_based/vector30_c.hpp\n'}
[25.352623] (vicon_receiver) StdoutLine: {'line': b'-- Installing: /home/ph/treasure/dockerBENCH/helios16p_ws/install/vicon_receiver/include/boost/mpl/vector/aux_/preprocessed/typeof_based/vector10.hpp\n'}
[25.353555] (vicon_receiver) StdoutLine: {'line': b'-- Installing: /home/ph/treasure/dockerBENCH/helios16p_ws/install/vicon_receiver/include/boost/mpl/vector/aux_/preprocessed/typeof_based/vector40_c.hpp\n'}
[25.354595] (vicon_receiver) StdoutLine: {'line': b'-- Installing: /home/ph/treasure/dockerBENCH/helios16p_ws/install/vicon_receiver/include/boost/mpl/vector/aux_/preprocessed/typeof_based/vector20.hpp\n'}
[25.355583] (vicon_receiver) StdoutLine: {'line': b'-- Installing: /home/ph/treasure/dockerBENCH/helios16p_ws/install/vicon_receiver/include/boost/mpl/vector/aux_/preprocessed/typeof_based/vector50_c.hpp\n'}
[25.356579] (vicon_receiver) StdoutLine: {'line': b'-- Installing: /home/ph/treasure/dockerBENCH/helios16p_ws/install/vicon_receiver/include/boost/mpl/vector/aux_/preprocessed/typeof_based/vector30.hpp\n'}
[25.357641] (vicon_receiver) StdoutLine: {'line': b'-- Installing: /home/ph/treasure/dockerBENCH/helios16p_ws/install/vicon_receiver/include/boost/mpl/vector/aux_/preprocessed/typeof_based/vector40.hpp\n'}
[25.358893] (vicon_receiver) StdoutLine: {'line': b'-- Installing: /home/ph/treasure/dockerBENCH/helios16p_ws/install/vicon_receiver/include/boost/mpl/vector/aux_/preprocessed/typeof_based/vector10_c.hpp\n'}
[25.359827] (vicon_receiver) StdoutLine: {'line': b'-- Installing: /home/ph/treasure/dockerBENCH/helios16p_ws/install/vicon_receiver/include/boost/mpl/vector/aux_/preprocessed/typeof_based/vector50.hpp\n'}
[25.360829] (vicon_receiver) StdoutLine: {'line': b'-- Installing: /home/ph/treasure/dockerBENCH/helios16p_ws/install/vicon_receiver/include/boost/mpl/vector/aux_/preprocessed/plain\n'}
[25.361324] (vicon_receiver) StdoutLine: {'line': b'-- Installing: /home/ph/treasure/dockerBENCH/helios16p_ws/install/vicon_receiver/include/boost/mpl/vector/aux_/preprocessed/plain/vector20_c.hpp\n'}
[25.362342] (vicon_receiver) StdoutLine: {'line': b'-- Installing: /home/ph/treasure/dockerBENCH/helios16p_ws/install/vicon_receiver/include/boost/mpl/vector/aux_/preprocessed/plain/vector30_c.hpp\n'}
[25.363430] (vicon_receiver) StdoutLine: {'line': b'-- Installing: /home/ph/treasure/dockerBENCH/helios16p_ws/install/vicon_receiver/include/boost/mpl/vector/aux_/preprocessed/plain/vector10.hpp\n'}
[25.364847] (vicon_receiver) StdoutLine: {'line': b'-- Installing: /home/ph/treasure/dockerBENCH/helios16p_ws/install/vicon_receiver/include/boost/mpl/vector/aux_/preprocessed/plain/vector40_c.hpp\n'}
[25.365375] (vicon_receiver) StdoutLine: {'line': b'-- Installing: /home/ph/treasure/dockerBENCH/helios16p_ws/install/vicon_receiver/include/boost/mpl/vector/aux_/preprocessed/plain/vector20.hpp\n'}
[25.366480] (vicon_receiver) StdoutLine: {'line': b'-- Installing: /home/ph/treasure/dockerBENCH/helios16p_ws/install/vicon_receiver/include/boost/mpl/vector/aux_/preprocessed/plain/vector50_c.hpp\n'}
[25.366986] (vicon_receiver) StdoutLine: {'line': b'-- Installing: /home/ph/treasure/dockerBENCH/helios16p_ws/install/vicon_receiver/include/boost/mpl/vector/aux_/preprocessed/plain/vector30.hpp\n'}
[25.367909] (vicon_receiver) StdoutLine: {'line': b'-- Installing: /home/ph/treasure/dockerBENCH/helios16p_ws/install/vicon_receiver/include/boost/mpl/vector/aux_/preprocessed/plain/vector40.hpp\n'}
[25.368865] (vicon_receiver) StdoutLine: {'line': b'-- Installing: /home/ph/treasure/dockerBENCH/helios16p_ws/install/vicon_receiver/include/boost/mpl/vector/aux_/preprocessed/plain/vector10_c.hpp\n'}
[25.369473] (vicon_receiver) StdoutLine: {'line': b'-- Installing: /home/ph/treasure/dockerBENCH/helios16p_ws/install/vicon_receiver/include/boost/mpl/vector/aux_/preprocessed/plain/vector50.hpp\n'}
[25.370536] (vicon_receiver) StdoutLine: {'line': b'-- Installing: /home/ph/treasure/dockerBENCH/helios16p_ws/install/vicon_receiver/include/boost/mpl/vector/aux_/preprocessed/no_ctps\n'}
[25.370836] (vicon_receiver) StdoutLine: {'line': b'-- Installing: /home/ph/treasure/dockerBENCH/helios16p_ws/install/vicon_receiver/include/boost/mpl/vector/aux_/preprocessed/no_ctps/vector20_c.hpp\n'}
[25.371471] (vicon_receiver) StdoutLine: {'line': b'-- Installing: /home/ph/treasure/dockerBENCH/helios16p_ws/install/vicon_receiver/include/boost/mpl/vector/aux_/preprocessed/no_ctps/vector30_c.hpp\n'}
[25.372170] (vicon_receiver) StdoutLine: {'line': b'-- Installing: /home/ph/treasure/dockerBENCH/helios16p_ws/install/vicon_receiver/include/boost/mpl/vector/aux_/preprocessed/no_ctps/vector10.hpp\n'}
[25.373403] (vicon_receiver) StdoutLine: {'line': b'-- Installing: /home/ph/treasure/dockerBENCH/helios16p_ws/install/vicon_receiver/include/boost/mpl/vector/aux_/preprocessed/no_ctps/vector40_c.hpp\n'}
[25.374172] (vicon_receiver) StdoutLine: {'line': b'-- Installing: /home/ph/treasure/dockerBENCH/helios16p_ws/install/vicon_receiver/include/boost/mpl/vector/aux_/preprocessed/no_ctps/vector20.hpp\n'}
[25.375990] (vicon_receiver) StdoutLine: {'line': b'-- Installing: /home/ph/treasure/dockerBENCH/helios16p_ws/install/vicon_receiver/include/boost/mpl/vector/aux_/preprocessed/no_ctps/vector50_c.hpp\n'}
[25.377302] (vicon_receiver) StdoutLine: {'line': b'-- Installing: /home/ph/treasure/dockerBENCH/helios16p_ws/install/vicon_receiver/include/boost/mpl/vector/aux_/preprocessed/no_ctps/vector30.hpp\n'}
[25.379324] (vicon_receiver) StdoutLine: {'line': b'-- Installing: /home/ph/treasure/dockerBENCH/helios16p_ws/install/vicon_receiver/include/boost/mpl/vector/aux_/preprocessed/no_ctps/vector40.hpp\n'}
[25.381210] (vicon_receiver) StdoutLine: {'line': b'-- Installing: /home/ph/treasure/dockerBENCH/helios16p_ws/install/vicon_receiver/include/boost/mpl/vector/aux_/preprocessed/no_ctps/vector10_c.hpp\n'}
[25.382339] (vicon_receiver) StdoutLine: {'line': b'-- Installing: /home/ph/treasure/dockerBENCH/helios16p_ws/install/vicon_receiver/include/boost/mpl/vector/aux_/preprocessed/no_ctps/vector50.hpp\n'}
[25.384330] (vicon_receiver) StdoutLine: {'line': b'-- Installing: /home/ph/treasure/dockerBENCH/helios16p_ws/install/vicon_receiver/include/boost/mpl/vector/aux_/pop_back.hpp\n'}
[25.385429] (vicon_receiver) StdoutLine: {'line': b'-- Installing: /home/ph/treasure/dockerBENCH/helios16p_ws/install/vicon_receiver/include/boost/mpl/vector/aux_/include_preprocessed.hpp\n'}
[25.386385] (vicon_receiver) StdoutLine: {'line': b'-- Installing: /home/ph/treasure/dockerBENCH/helios16p_ws/install/vicon_receiver/include/boost/mpl/vector/aux_/begin_end.hpp\n'}
[25.387381] (vicon_receiver) StdoutLine: {'line': b'-- Installing: /home/ph/treasure/dockerBENCH/helios16p_ws/install/vicon_receiver/include/boost/mpl/vector/aux_/size.hpp\n'}
[25.388345] (vicon_receiver) StdoutLine: {'line': b'-- Installing: /home/ph/treasure/dockerBENCH/helios16p_ws/install/vicon_receiver/include/boost/mpl/vector/aux_/iterator.hpp\n'}
[25.389605] (vicon_receiver) StdoutLine: {'line': b'-- Installing: /home/ph/treasure/dockerBENCH/helios16p_ws/install/vicon_receiver/include/boost/mpl/vector/vector10_c.hpp\n'}
[25.390621] (vicon_receiver) StdoutLine: {'line': b'-- Installing: /home/ph/treasure/dockerBENCH/helios16p_ws/install/vicon_receiver/include/boost/mpl/vector/vector50.hpp\n'}
[25.391523] (vicon_receiver) StdoutLine: {'line': b'-- Installing: /home/ph/treasure/dockerBENCH/helios16p_ws/install/vicon_receiver/include/boost/mpl/begin_end_fwd.hpp\n'}
[25.392927] (vicon_receiver) StdoutLine: {'line': b'-- Installing: /home/ph/treasure/dockerBENCH/helios16p_ws/install/vicon_receiver/include/boost/mpl/less_equal.hpp\n'}
[25.394107] (vicon_receiver) StdoutLine: {'line': b'-- Installing: /home/ph/treasure/dockerBENCH/helios16p_ws/install/vicon_receiver/include/boost/mpl/times.hpp\n'}
[25.395565] (vicon_receiver) StdoutLine: {'line': b'-- Installing: /home/ph/treasure/dockerBENCH/helios16p_ws/install/vicon_receiver/include/boost/mpl/insert_fwd.hpp\n'}
[25.397048] (vicon_receiver) StdoutLine: {'line': b'-- Installing: /home/ph/treasure/dockerBENCH/helios16p_ws/install/vicon_receiver/include/boost/mpl/less.hpp\n'}
[25.398373] (vicon_receiver) StdoutLine: {'line': b'-- Installing: /home/ph/treasure/dockerBENCH/helios16p_ws/install/vicon_receiver/include/boost/mpl/void_fwd.hpp\n'}
[25.399853] (vicon_receiver) StdoutLine: {'line': b'-- Installing: /home/ph/treasure/dockerBENCH/helios16p_ws/install/vicon_receiver/include/boost/mpl/pop_front_fwd.hpp\n'}
[25.401093] (vicon_receiver) StdoutLine: {'line': b'-- Installing: /home/ph/treasure/dockerBENCH/helios16p_ws/install/vicon_receiver/include/boost/mpl/arg.hpp\n'}
[25.402462] (vicon_receiver) StdoutLine: {'line': b'-- Installing: /home/ph/treasure/dockerBENCH/helios16p_ws/install/vicon_receiver/include/boost/mpl/contains_fwd.hpp\n'}
[25.403794] (vicon_receiver) StdoutLine: {'line': b'-- Installing: /home/ph/treasure/dockerBENCH/helios16p_ws/install/vicon_receiver/include/boost/mpl/iterator_tags.hpp\n'}
[25.405387] (vicon_receiver) StdoutLine: {'line': b'-- Installing: /home/ph/treasure/dockerBENCH/helios16p_ws/install/vicon_receiver/include/boost/mpl/size_t_fwd.hpp\n'}
[25.406808] (vicon_receiver) StdoutLine: {'line': b'-- Installing: /home/ph/treasure/dockerBENCH/helios16p_ws/install/vicon_receiver/include/boost/mpl/long_fwd.hpp\n'}
[25.408196] (vicon_receiver) StdoutLine: {'line': b'-- Installing: /home/ph/treasure/dockerBENCH/helios16p_ws/install/vicon_receiver/include/boost/mpl/begin_end.hpp\n'}
[25.409615] (vicon_receiver) StdoutLine: {'line': b'-- Installing: /home/ph/treasure/dockerBENCH/helios16p_ws/install/vicon_receiver/include/boost/mpl/iter_fold.hpp\n'}
[25.410576] (-) TimerEvent: {}
[25.411029] (vicon_receiver) StdoutLine: {'line': b'-- Installing: /home/ph/treasure/dockerBENCH/helios16p_ws/install/vicon_receiver/include/boost/mpl/has_key_fwd.hpp\n'}
[25.412375] (vicon_receiver) StdoutLine: {'line': b'-- Installing: /home/ph/treasure/dockerBENCH/helios16p_ws/install/vicon_receiver/include/boost/mpl/next_prior.hpp\n'}
[25.413391] (vicon_receiver) StdoutLine: {'line': b'-- Installing: /home/ph/treasure/dockerBENCH/helios16p_ws/install/vicon_receiver/include/boost/mpl/negate.hpp\n'}
[25.414795] (vicon_receiver) StdoutLine: {'line': b'-- Installing: /home/ph/treasure/dockerBENCH/helios16p_ws/install/vicon_receiver/include/boost/mpl/always.hpp\n'}
[25.416049] (vicon_receiver) StdoutLine: {'line': b'-- Installing: /home/ph/treasure/dockerBENCH/helios16p_ws/install/vicon_receiver/include/boost/mpl/size_fwd.hpp\n'}
[25.417509] (vicon_receiver) StdoutLine: {'line': b'-- Installing: /home/ph/treasure/dockerBENCH/helios16p_ws/install/vicon_receiver/include/boost/mpl/iterator_range.hpp\n'}
[25.418748] (vicon_receiver) StdoutLine: {'line': b'-- Installing: /home/ph/treasure/dockerBENCH/helios16p_ws/install/vicon_receiver/include/boost/mpl/prior.hpp\n'}
[25.420384] (vicon_receiver) StdoutLine: {'line': b'-- Installing: /home/ph/treasure/dockerBENCH/helios16p_ws/install/vicon_receiver/include/boost/mpl/inserter.hpp\n'}
[25.420889] (vicon_receiver) StdoutLine: {'line': b'-- Installing: /home/ph/treasure/dockerBENCH/helios16p_ws/install/vicon_receiver/include/boost/mpl/limits\n'}
[25.421268] (vicon_receiver) StdoutLine: {'line': b'-- Installing: /home/ph/treasure/dockerBENCH/helios16p_ws/install/vicon_receiver/include/boost/mpl/limits/unrolling.hpp\n'}
[25.421694] (vicon_receiver) StdoutLine: {'line': b'-- Installing: /home/ph/treasure/dockerBENCH/helios16p_ws/install/vicon_receiver/include/boost/mpl/limits/vector.hpp\n'}
[25.422001] (vicon_receiver) StdoutLine: {'line': b'-- Installing: /home/ph/treasure/dockerBENCH/helios16p_ws/install/vicon_receiver/include/boost/mpl/limits/list.hpp\n'}
[25.422397] (vicon_receiver) StdoutLine: {'line': b'-- Installing: /home/ph/treasure/dockerBENCH/helios16p_ws/install/vicon_receiver/include/boost/mpl/limits/arity.hpp\n'}
[25.422784] (vicon_receiver) StdoutLine: {'line': b'-- Installing: /home/ph/treasure/dockerBENCH/helios16p_ws/install/vicon_receiver/include/boost/mpl/bind_fwd.hpp\n'}
[25.423137] (vicon_receiver) StdoutLine: {'line': b'-- Installing: /home/ph/treasure/dockerBENCH/helios16p_ws/install/vicon_receiver/include/boost/mpl/void.hpp\n'}
[25.423531] (vicon_receiver) StdoutLine: {'line': b'-- Installing: /home/ph/treasure/dockerBENCH/helios16p_ws/install/vicon_receiver/include/boost/mpl/O1_size_fwd.hpp\n'}
[25.423931] (vicon_receiver) StdoutLine: {'line': b'-- Installing: /home/ph/treasure/dockerBENCH/helios16p_ws/install/vicon_receiver/include/boost/mpl/size_t.hpp\n'}
[25.424352] (vicon_receiver) StdoutLine: {'line': b'-- Installing: /home/ph/treasure/dockerBENCH/helios16p_ws/install/vicon_receiver/include/boost/mpl/size.hpp\n'}
[25.424714] (vicon_receiver) StdoutLine: {'line': b'-- Installing: /home/ph/treasure/dockerBENCH/helios16p_ws/install/vicon_receiver/include/boost/mpl/lambda.hpp\n'}
[25.425000] (vicon_receiver) StdoutLine: {'line': b'-- Installing: /home/ph/treasure/dockerBENCH/helios16p_ws/install/vicon_receiver/include/boost/mpl/long.hpp\n'}
[25.425384] (vicon_receiver) StdoutLine: {'line': b'-- Installing: /home/ph/treasure/dockerBENCH/helios16p_ws/install/vicon_receiver/include/boost/mpl/sequence_tag_fwd.hpp\n'}
[25.425859] (vicon_receiver) StdoutLine: {'line': b'-- Installing: /home/ph/treasure/dockerBENCH/helios16p_ws/install/vicon_receiver/include/boost/mpl/apply.hpp\n'}
[25.426119] (vicon_receiver) StdoutLine: {'line': b'-- Installing: /home/ph/treasure/dockerBENCH/helios16p_ws/install/vicon_receiver/include/boost/mpl/insert.hpp\n'}
[25.426565] (vicon_receiver) StdoutLine: {'line': b'-- Installing: /home/ph/treasure/dockerBENCH/helios16p_ws/install/vicon_receiver/include/boost/mpl/numeric_cast.hpp\n'}
[25.426935] (vicon_receiver) StdoutLine: {'line': b'-- Installing: /home/ph/treasure/dockerBENCH/helios16p_ws/install/vicon_receiver/include/boost/mpl/joint_view.hpp\n'}
[25.427643] (vicon_receiver) StdoutLine: {'line': b'-- Installing: /home/ph/treasure/dockerBENCH/helios16p_ws/install/vicon_receiver/include/boost/mpl/not.hpp\n'}
[25.428442] (vicon_receiver) StdoutLine: {'line': b'-- Installing: /home/ph/treasure/dockerBENCH/helios16p_ws/install/vicon_receiver/include/boost/mpl/integral_c_fwd.hpp\n'}
[25.429141] (vicon_receiver) StdoutLine: {'line': b'-- Installing: /home/ph/treasure/dockerBENCH/helios16p_ws/install/vicon_receiver/include/boost/mpl/plus.hpp\n'}
[25.429927] (vicon_receiver) StdoutLine: {'line': b'-- Installing: /home/ph/treasure/dockerBENCH/helios16p_ws/install/vicon_receiver/include/boost/iterator\n'}
[25.430315] (vicon_receiver) StdoutLine: {'line': b'-- Installing: /home/ph/treasure/dockerBENCH/helios16p_ws/install/vicon_receiver/include/boost/iterator/reverse_iterator.hpp\n'}
[25.431005] (vicon_receiver) StdoutLine: {'line': b'-- Installing: /home/ph/treasure/dockerBENCH/helios16p_ws/install/vicon_receiver/include/boost/iterator/advance.hpp\n'}
[25.431421] (vicon_receiver) StdoutLine: {'line': b'-- Installing: /home/ph/treasure/dockerBENCH/helios16p_ws/install/vicon_receiver/include/boost/iterator/transform_iterator.hpp\n'}
[25.432155] (vicon_receiver) StdoutLine: {'line': b'-- Installing: /home/ph/treasure/dockerBENCH/helios16p_ws/install/vicon_receiver/include/boost/iterator/distance.hpp\n'}
[25.432796] (vicon_receiver) StdoutLine: {'line': b'-- Installing: /home/ph/treasure/dockerBENCH/helios16p_ws/install/vicon_receiver/include/boost/iterator/detail\n'}
[25.433232] (vicon_receiver) StdoutLine: {'line': b'-- Installing: /home/ph/treasure/dockerBENCH/helios16p_ws/install/vicon_receiver/include/boost/iterator/detail/config_undef.hpp\n'}
[25.433890] (vicon_receiver) StdoutLine: {'line': b'-- Installing: /home/ph/treasure/dockerBENCH/helios16p_ws/install/vicon_receiver/include/boost/iterator/detail/facade_iterator_category.hpp\n'}
[25.434600] (vicon_receiver) StdoutLine: {'line': b'-- Installing: /home/ph/treasure/dockerBENCH/helios16p_ws/install/vicon_receiver/include/boost/iterator/detail/enable_if.hpp\n'}
[25.435197] (vicon_receiver) StdoutLine: {'line': b'-- Installing: /home/ph/treasure/dockerBENCH/helios16p_ws/install/vicon_receiver/include/boost/iterator/detail/config_def.hpp\n'}
[25.435822] (vicon_receiver) StdoutLine: {'line': b'-- Installing: /home/ph/treasure/dockerBENCH/helios16p_ws/install/vicon_receiver/include/boost/iterator/zip_iterator.hpp\n'}
[25.436608] (vicon_receiver) StdoutLine: {'line': b'-- Installing: /home/ph/treasure/dockerBENCH/helios16p_ws/install/vicon_receiver/include/boost/iterator/iterator_traits.hpp\n'}
[25.437317] (vicon_receiver) StdoutLine: {'line': b'-- Installing: /home/ph/treasure/dockerBENCH/helios16p_ws/install/vicon_receiver/include/boost/iterator/iterator_adaptor.hpp\n'}
[25.438063] (vicon_receiver) StdoutLine: {'line': b'-- Installing: /home/ph/treasure/dockerBENCH/helios16p_ws/install/vicon_receiver/include/boost/iterator/interoperable.hpp\n'}
[25.438750] (vicon_receiver) StdoutLine: {'line': b'-- Installing: /home/ph/treasure/dockerBENCH/helios16p_ws/install/vicon_receiver/include/boost/iterator/iterator_concepts.hpp\n'}
[25.439482] (vicon_receiver) StdoutLine: {'line': b'-- Installing: /home/ph/treasure/dockerBENCH/helios16p_ws/install/vicon_receiver/include/boost/iterator/minimum_category.hpp\n'}
[25.440162] (vicon_receiver) StdoutLine: {'line': b'-- Installing: /home/ph/treasure/dockerBENCH/helios16p_ws/install/vicon_receiver/include/boost/iterator/iterator_categories.hpp\n'}
[25.440825] (vicon_receiver) StdoutLine: {'line': b'-- Installing: /home/ph/treasure/dockerBENCH/helios16p_ws/install/vicon_receiver/include/boost/iterator/iterator_facade.hpp\n'}
[25.442688] (vicon_receiver) StdoutLine: {'line': b'-- Installing: /home/ph/treasure/dockerBENCH/helios16p_ws/install/vicon_receiver/include/boost/integer_traits.hpp\n'}
[25.444299] (vicon_receiver) StdoutLine: {'line': b'-- Installing: /home/ph/treasure/dockerBENCH/helios16p_ws/install/vicon_receiver/include/boost/optional.hpp\n'}
[25.445350] (vicon_receiver) StdoutLine: {'line': b'-- Installing: /home/ph/treasure/dockerBENCH/helios16p_ws/install/vicon_receiver/include/boost/function.hpp\n'}
[25.446473] (vicon_receiver) StdoutLine: {'line': b'-- Installing: /home/ph/treasure/dockerBENCH/helios16p_ws/install/vicon_receiver/include/boost/assert.hpp\n'}
[25.447574] (vicon_receiver) StdoutLine: {'line': b'-- Installing: /home/ph/treasure/dockerBENCH/helios16p_ws/install/vicon_receiver/include/boost/cstdint.hpp\n'}
[25.448705] (vicon_receiver) StdoutLine: {'line': b'-- Installing: /home/ph/treasure/dockerBENCH/helios16p_ws/install/vicon_receiver/include/boost/regex\n'}
[25.449452] (vicon_receiver) StdoutLine: {'line': b'-- Installing: /home/ph/treasure/dockerBENCH/helios16p_ws/install/vicon_receiver/include/boost/regex/config\n'}
[25.450215] (vicon_receiver) StdoutLine: {'line': b'-- Installing: /home/ph/treasure/dockerBENCH/helios16p_ws/install/vicon_receiver/include/boost/regex/config/cwchar.hpp\n'}
[25.451612] (vicon_receiver) StdoutLine: {'line': b'-- Installing: /home/ph/treasure/dockerBENCH/helios16p_ws/install/vicon_receiver/include/boost/regex/config/borland.hpp\n'}
[25.452998] (vicon_receiver) StdoutLine: {'line': b'-- Installing: /home/ph/treasure/dockerBENCH/helios16p_ws/install/vicon_receiver/include/boost/regex/user.hpp\n'}
[25.454396] (vicon_receiver) StdoutLine: {'line': b'-- Installing: /home/ph/treasure/dockerBENCH/helios16p_ws/install/vicon_receiver/include/boost/regex/config.hpp\n'}
[25.455971] (vicon_receiver) StdoutLine: {'line': b'-- Installing: /home/ph/treasure/dockerBENCH/helios16p_ws/install/vicon_receiver/include/boost/regex/pending\n'}
[25.456696] (vicon_receiver) StdoutLine: {'line': b'-- Installing: /home/ph/treasure/dockerBENCH/helios16p_ws/install/vicon_receiver/include/boost/regex/pending/static_mutex.hpp\n'}
[25.458164] (vicon_receiver) StdoutLine: {'line': b'-- Installing: /home/ph/treasure/dockerBENCH/helios16p_ws/install/vicon_receiver/include/boost/regex/pending/unicode_iterator.hpp\n'}
[25.460002] (vicon_receiver) StdoutLine: {'line': b'-- Installing: /home/ph/treasure/dockerBENCH/helios16p_ws/install/vicon_receiver/include/boost/regex/pending/object_cache.hpp\n'}
[25.461483] (vicon_receiver) StdoutLine: {'line': b'-- Installing: /home/ph/treasure/dockerBENCH/helios16p_ws/install/vicon_receiver/include/boost/regex/regex_traits.hpp\n'}
[25.462859] (vicon_receiver) StdoutLine: {'line': b'-- Installing: /home/ph/treasure/dockerBENCH/helios16p_ws/install/vicon_receiver/include/boost/regex/icu.hpp\n'}
[25.465021] (vicon_receiver) StdoutLine: {'line': b'-- Installing: /home/ph/treasure/dockerBENCH/helios16p_ws/install/vicon_receiver/include/boost/regex/pattern_except.hpp\n'}
[25.466231] (vicon_receiver) StdoutLine: {'line': b'-- Installing: /home/ph/treasure/dockerBENCH/helios16p_ws/install/vicon_receiver/include/boost/regex/v4\n'}
[25.466593] (vicon_receiver) StdoutLine: {'line': b'-- Installing: /home/ph/treasure/dockerBENCH/helios16p_ws/install/vicon_receiver/include/boost/regex/v4/regex_match.hpp\n'}
[25.466878] (vicon_receiver) StdoutLine: {'line': b'-- Installing: /home/ph/treasure/dockerBENCH/helios16p_ws/install/vicon_receiver/include/boost/regex/v4/basic_regex_parser.hpp\n'}
[25.467914] (vicon_receiver) StdoutLine: {'line': b'-- Installing: /home/ph/treasure/dockerBENCH/helios16p_ws/install/vicon_receiver/include/boost/regex/v4/fileiter.hpp\n'}
[25.468311] (vicon_receiver) StdoutLine: {'line': b'-- Installing: /home/ph/treasure/dockerBENCH/helios16p_ws/install/vicon_receiver/include/boost/regex/v4/mem_block_cache.hpp\n'}
[25.468605] (vicon_receiver) StdoutLine: {'line': b'-- Installing: /home/ph/treasure/dockerBENCH/helios16p_ws/install/vicon_receiver/include/boost/regex/v4/protected_call.hpp\n'}
[25.468895] (vicon_receiver) StdoutLine: {'line': b'-- Installing: /home/ph/treasure/dockerBENCH/helios16p_ws/install/vicon_receiver/include/boost/regex/v4/cregex.hpp\n'}
[25.469212] (vicon_receiver) StdoutLine: {'line': b'-- Installing: /home/ph/treasure/dockerBENCH/helios16p_ws/install/vicon_receiver/include/boost/regex/v4/instances.hpp\n'}
[25.469555] (vicon_receiver) StdoutLine: {'line': b'-- Installing: /home/ph/treasure/dockerBENCH/helios16p_ws/install/vicon_receiver/include/boost/regex/v4/c_regex_traits.hpp\n'}
[25.469791] (vicon_receiver) StdoutLine: {'line': b'-- Installing: /home/ph/treasure/dockerBENCH/helios16p_ws/install/vicon_receiver/include/boost/regex/v4/regex_raw_buffer.hpp\n'}
[25.470035] (vicon_receiver) StdoutLine: {'line': b'-- Installing: /home/ph/treasure/dockerBENCH/helios16p_ws/install/vicon_receiver/include/boost/regex/v4/basic_regex_creator.hpp\n'}
[25.470399] (vicon_receiver) StdoutLine: {'line': b'-- Installing: /home/ph/treasure/dockerBENCH/helios16p_ws/install/vicon_receiver/include/boost/regex/v4/regex_split.hpp\n'}
[25.470659] (vicon_receiver) StdoutLine: {'line': b'-- Installing: /home/ph/treasure/dockerBENCH/helios16p_ws/install/vicon_receiver/include/boost/regex/v4/char_regex_traits.hpp\n'}
[25.470947] (vicon_receiver) StdoutLine: {'line': b'-- Installing: /home/ph/treasure/dockerBENCH/helios16p_ws/install/vicon_receiver/include/boost/regex/v4/iterator_traits.hpp\n'}
[25.471192] (vicon_receiver) StdoutLine: {'line': b'-- Installing: /home/ph/treasure/dockerBENCH/helios16p_ws/install/vicon_receiver/include/boost/regex/v4/regex_grep.hpp\n'}
[25.471488] (vicon_receiver) StdoutLine: {'line': b'-- Installing: /home/ph/treasure/dockerBENCH/helios16p_ws/install/vicon_receiver/include/boost/regex/v4/regex_replace.hpp\n'}
[25.471826] (vicon_receiver) StdoutLine: {'line': b'-- Installing: /home/ph/treasure/dockerBENCH/helios16p_ws/install/vicon_receiver/include/boost/regex/v4/iterator_category.hpp\n'}
[25.472145] (vicon_receiver) StdoutLine: {'line': b'-- Installing: /home/ph/treasure/dockerBENCH/helios16p_ws/install/vicon_receiver/include/boost/regex/v4/indexed_bit_flag.hpp\n'}
[25.472587] (vicon_receiver) StdoutLine: {'line': b'-- Installing: /home/ph/treasure/dockerBENCH/helios16p_ws/install/vicon_receiver/include/boost/regex/v4/regbase.hpp\n'}
[25.473000] (vicon_receiver) StdoutLine: {'line': b'-- Installing: /home/ph/treasure/dockerBENCH/helios16p_ws/install/vicon_receiver/include/boost/regex/v4/u32regex_token_iterator.hpp\n'}
[25.473223] (vicon_receiver) StdoutLine: {'line': b'-- Installing: /home/ph/treasure/dockerBENCH/helios16p_ws/install/vicon_receiver/include/boost/regex/v4/regex_fwd.hpp\n'}
[25.473718] (vicon_receiver) StdoutLine: {'line': b'-- Installing: /home/ph/treasure/dockerBENCH/helios16p_ws/install/vicon_receiver/include/boost/regex/v4/w32_regex_traits.hpp\n'}
[25.474121] (vicon_receiver) StdoutLine: {'line': b'-- Installing: /home/ph/treasure/dockerBENCH/helios16p_ws/install/vicon_receiver/include/boost/regex/v4/error_type.hpp\n'}
[25.474450] (vicon_receiver) StdoutLine: {'line': b'-- Installing: /home/ph/treasure/dockerBENCH/helios16p_ws/install/vicon_receiver/include/boost/regex/v4/match_results.hpp\n'}
[25.474748] (vicon_receiver) StdoutLine: {'line': b'-- Installing: /home/ph/treasure/dockerBENCH/helios16p_ws/install/vicon_receiver/include/boost/regex/v4/perl_matcher.hpp\n'}
[25.474983] (vicon_receiver) StdoutLine: {'line': b'-- Installing: /home/ph/treasure/dockerBENCH/helios16p_ws/install/vicon_receiver/include/boost/regex/v4/regex_iterator.hpp\n'}
[25.475297] (vicon_receiver) StdoutLine: {'line': b'-- Installing: /home/ph/treasure/dockerBENCH/helios16p_ws/install/vicon_receiver/include/boost/regex/v4/syntax_type.hpp\n'}
[25.475609] (vicon_receiver) StdoutLine: {'line': b'-- Installing: /home/ph/treasure/dockerBENCH/helios16p_ws/install/vicon_receiver/include/boost/regex/v4/regex_traits.hpp\n'}
[25.475873] (vicon_receiver) StdoutLine: {'line': b'-- Installing: /home/ph/treasure/dockerBENCH/helios16p_ws/install/vicon_receiver/include/boost/regex/v4/primary_transform.hpp\n'}
[25.476110] (vicon_receiver) StdoutLine: {'line': b'-- Installing: /home/ph/treasure/dockerBENCH/helios16p_ws/install/vicon_receiver/include/boost/regex/v4/u32regex_iterator.hpp\n'}
[25.476450] (vicon_receiver) StdoutLine: {'line': b'-- Installing: /home/ph/treasure/dockerBENCH/helios16p_ws/install/vicon_receiver/include/boost/regex/v4/regex_search.hpp\n'}
[25.476745] (vicon_receiver) StdoutLine: {'line': b'-- Installing: /home/ph/treasure/dockerBENCH/helios16p_ws/install/vicon_receiver/include/boost/regex/v4/regex.hpp\n'}
[25.476976] (vicon_receiver) StdoutLine: {'line': b'-- Installing: /home/ph/treasure/dockerBENCH/helios16p_ws/install/vicon_receiver/include/boost/regex/v4/cpp_regex_traits.hpp\n'}
[25.477235] (vicon_receiver) StdoutLine: {'line': b'-- Installing: /home/ph/treasure/dockerBENCH/helios16p_ws/install/vicon_receiver/include/boost/regex/v4/regex_token_iterator.hpp\n'}
[25.477528] (vicon_receiver) StdoutLine: {'line': b'-- Installing: /home/ph/treasure/dockerBENCH/helios16p_ws/install/vicon_receiver/include/boost/regex/v4/perl_matcher_common.hpp\n'}
[25.477784] (vicon_receiver) StdoutLine: {'line': b'-- Installing: /home/ph/treasure/dockerBENCH/helios16p_ws/install/vicon_receiver/include/boost/regex/v4/perl_matcher_recursive.hpp\n'}
[25.478005] (vicon_receiver) StdoutLine: {'line': b'-- Installing: /home/ph/treasure/dockerBENCH/helios16p_ws/install/vicon_receiver/include/boost/regex/v4/match_flags.hpp\n'}
[25.478339] (vicon_receiver) StdoutLine: {'line': b'-- Installing: /home/ph/treasure/dockerBENCH/helios16p_ws/install/vicon_receiver/include/boost/regex/v4/regex_merge.hpp\n'}
[25.478668] (vicon_receiver) StdoutLine: {'line': b'-- Installing: /home/ph/treasure/dockerBENCH/helios16p_ws/install/vicon_receiver/include/boost/regex/v4/regex_traits_defaults.hpp\n'}
[25.478975] (vicon_receiver) StdoutLine: {'line': b'-- Installing: /home/ph/treasure/dockerBENCH/helios16p_ws/install/vicon_receiver/include/boost/regex/v4/perl_matcher_non_recursive.hpp\n'}
[25.479205] (vicon_receiver) StdoutLine: {'line': b'-- Installing: /home/ph/treasure/dockerBENCH/helios16p_ws/install/vicon_receiver/include/boost/regex/v4/sub_match.hpp\n'}
[25.479557] (vicon_receiver) StdoutLine: {'line': b'-- Installing: /home/ph/treasure/dockerBENCH/helios16p_ws/install/vicon_receiver/include/boost/regex/v4/regex_workaround.hpp\n'}
[25.479873] (vicon_receiver) StdoutLine: {'line': b'-- Installing: /home/ph/treasure/dockerBENCH/helios16p_ws/install/vicon_receiver/include/boost/regex/v4/regex_format.hpp\n'}
[25.480093] (vicon_receiver) StdoutLine: {'line': b'-- Installing: /home/ph/treasure/dockerBENCH/helios16p_ws/install/vicon_receiver/include/boost/regex/v4/basic_regex.hpp\n'}
[25.480481] (vicon_receiver) StdoutLine: {'line': b'-- Installing: /home/ph/treasure/dockerBENCH/helios16p_ws/install/vicon_receiver/include/boost/regex/v4/states.hpp\n'}
[25.480764] (vicon_receiver) StdoutLine: {'line': b'-- Installing: /home/ph/treasure/dockerBENCH/helios16p_ws/install/vicon_receiver/include/boost/io\n'}
[25.481314] (vicon_receiver) StdoutLine: {'line': b'-- Installing: /home/ph/treasure/dockerBENCH/helios16p_ws/install/vicon_receiver/include/boost/io/detail\n'}
[25.481928] (vicon_receiver) StdoutLine: {'line': b'-- Installing: /home/ph/treasure/dockerBENCH/helios16p_ws/install/vicon_receiver/include/boost/io/detail/buffer_fill.hpp\n'}
[25.482242] (vicon_receiver) StdoutLine: {'line': b'-- Installing: /home/ph/treasure/dockerBENCH/helios16p_ws/install/vicon_receiver/include/boost/io/detail/ostream_guard.hpp\n'}
[25.482593] (vicon_receiver) StdoutLine: {'line': b'-- Installing: /home/ph/treasure/dockerBENCH/helios16p_ws/install/vicon_receiver/include/boost/io/quoted.hpp\n'}
[25.482888] (vicon_receiver) StdoutLine: {'line': b'-- Installing: /home/ph/treasure/dockerBENCH/helios16p_ws/install/vicon_receiver/include/boost/io/ios_state.hpp\n'}
[25.483203] (vicon_receiver) StdoutLine: {'line': b'-- Installing: /home/ph/treasure/dockerBENCH/helios16p_ws/install/vicon_receiver/include/boost/winapi\n'}
[25.483553] (vicon_receiver) StdoutLine: {'line': b'-- Installing: /home/ph/treasure/dockerBENCH/helios16p_ws/install/vicon_receiver/include/boost/winapi/thread.hpp\n'}
[25.483987] (vicon_receiver) StdoutLine: {'line': b'-- Installing: /home/ph/treasure/dockerBENCH/helios16p_ws/install/vicon_receiver/include/boost/winapi/wait_on_address.hpp\n'}
[25.484332] (vicon_receiver) StdoutLine: {'line': b'-- Installing: /home/ph/treasure/dockerBENCH/helios16p_ws/install/vicon_receiver/include/boost/winapi/error_handling.hpp\n'}
[25.484852] (vicon_receiver) StdoutLine: {'line': b'-- Installing: /home/ph/treasure/dockerBENCH/helios16p_ws/install/vicon_receiver/include/boost/winapi/crypt.hpp\n'}
[25.485272] (vicon_receiver) StdoutLine: {'line': b'-- Installing: /home/ph/treasure/dockerBENCH/helios16p_ws/install/vicon_receiver/include/boost/winapi/get_current_thread.hpp\n'}
[25.485653] (vicon_receiver) StdoutLine: {'line': b'-- Installing: /home/ph/treasure/dockerBENCH/helios16p_ws/install/vicon_receiver/include/boost/winapi/timers.hpp\n'}
[25.485922] (vicon_receiver) StdoutLine: {'line': b'-- Installing: /home/ph/treasure/dockerBENCH/helios16p_ws/install/vicon_receiver/include/boost/winapi/bcrypt.hpp\n'}
[25.486211] (vicon_receiver) StdoutLine: {'line': b'-- Installing: /home/ph/treasure/dockerBENCH/helios16p_ws/install/vicon_receiver/include/boost/winapi/detail\n'}
[25.486559] (vicon_receiver) StdoutLine: {'line': b'-- Installing: /home/ph/treasure/dockerBENCH/helios16p_ws/install/vicon_receiver/include/boost/winapi/detail/header.hpp\n'}
[25.486921] (vicon_receiver) StdoutLine: {'line': b'-- Installing: /home/ph/treasure/dockerBENCH/helios16p_ws/install/vicon_receiver/include/boost/winapi/detail/footer.hpp\n'}
[25.487426] (vicon_receiver) StdoutLine: {'line': b'-- Installing: /home/ph/treasure/dockerBENCH/helios16p_ws/install/vicon_receiver/include/boost/winapi/detail/cast_ptr.hpp\n'}
[25.487772] (vicon_receiver) StdoutLine: {'line': b'-- Installing: /home/ph/treasure/dockerBENCH/helios16p_ws/install/vicon_receiver/include/boost/winapi/system.hpp\n'}
[25.488041] (vicon_receiver) StdoutLine: {'line': b'-- Installing: /home/ph/treasure/dockerBENCH/helios16p_ws/install/vicon_receiver/include/boost/winapi/access_rights.hpp\n'}
[25.488362] (vicon_receiver) StdoutLine: {'line': b'-- Installing: /home/ph/treasure/dockerBENCH/helios16p_ws/install/vicon_receiver/include/boost/winapi/config.hpp\n'}
[25.488706] (vicon_receiver) StdoutLine: {'line': b'-- Installing: /home/ph/treasure/dockerBENCH/helios16p_ws/install/vicon_receiver/include/boost/winapi/get_proc_address.hpp\n'}
[25.488929] (vicon_receiver) StdoutLine: {'line': b'-- Installing: /home/ph/treasure/dockerBENCH/helios16p_ws/install/vicon_receiver/include/boost/winapi/condition_variable.hpp\n'}
[25.489135] (vicon_receiver) StdoutLine: {'line': b'-- Installing: /home/ph/treasure/dockerBENCH/helios16p_ws/install/vicon_receiver/include/boost/winapi/get_current_thread_id.hpp\n'}
[25.489859] (vicon_receiver) StdoutLine: {'line': b'-- Installing: /home/ph/treasure/dockerBENCH/helios16p_ws/install/vicon_receiver/include/boost/winapi/error_codes.hpp\n'}
[25.490146] (vicon_receiver) StdoutLine: {'line': b'-- Installing: /home/ph/treasure/dockerBENCH/helios16p_ws/install/vicon_receiver/include/boost/winapi/local_memory.hpp\n'}
[25.490412] (vicon_receiver) StdoutLine: {'line': b'-- Installing: /home/ph/treasure/dockerBENCH/helios16p_ws/install/vicon_receiver/include/boost/winapi/get_last_error.hpp\n'}
[25.490652] (vicon_receiver) StdoutLine: {'line': b'-- Installing: /home/ph/treasure/dockerBENCH/helios16p_ws/install/vicon_receiver/include/boost/winapi/character_code_conversion.hpp\n'}
[25.490870] (vicon_receiver) StdoutLine: {'line': b'-- Installing: /home/ph/treasure/dockerBENCH/helios16p_ws/install/vicon_receiver/include/boost/winapi/wait_constants.hpp\n'}
[25.491082] (vicon_receiver) StdoutLine: {'line': b'-- Installing: /home/ph/treasure/dockerBENCH/helios16p_ws/install/vicon_receiver/include/boost/winapi/basic_types.hpp\n'}
[25.492089] (vicon_receiver) StdoutLine: {'line': b'-- Installing: /home/ph/treasure/dockerBENCH/helios16p_ws/install/vicon_receiver/include/boost/winapi/thread_pool.hpp\n'}
[25.492445] (vicon_receiver) StdoutLine: {'line': b'-- Installing: /home/ph/treasure/dockerBENCH/helios16p_ws/install/vicon_receiver/include/boost/winapi/get_current_process.hpp\n'}
[25.492818] (vicon_receiver) StdoutLine: {'line': b'-- Installing: /home/ph/treasure/dockerBENCH/helios16p_ws/install/vicon_receiver/include/boost/winapi/wait.hpp\n'}
[25.493030] (vicon_receiver) StdoutLine: {'line': b'-- Installing: /home/ph/treasure/dockerBENCH/helios16p_ws/install/vicon_receiver/include/boost/winapi/dll.hpp\n'}
[25.493248] (vicon_receiver) StdoutLine: {'line': b'-- Installing: /home/ph/treasure/dockerBENCH/helios16p_ws/install/vicon_receiver/include/boost/winapi/time.hpp\n'}
[25.493502] (vicon_receiver) StdoutLine: {'line': b'-- Installing: /home/ph/treasure/dockerBENCH/helios16p_ws/install/vicon_receiver/include/boost/winapi/semaphore.hpp\n'}
[25.493759] (vicon_receiver) StdoutLine: {'line': b'-- Installing: /home/ph/treasure/dockerBENCH/helios16p_ws/install/vicon_receiver/include/boost/winapi/get_current_process_id.hpp\n'}
[25.493993] (vicon_receiver) StdoutLine: {'line': b'-- Installing: /home/ph/treasure/dockerBENCH/helios16p_ws/install/vicon_receiver/include/boost/winapi/heap_memory.hpp\n'}
[25.494214] (vicon_receiver) StdoutLine: {'line': b'-- Installing: /home/ph/treasure/dockerBENCH/helios16p_ws/install/vicon_receiver/include/boost/winapi/srw_lock.hpp\n'}
[25.494489] (vicon_receiver) StdoutLine: {'line': b'-- Installing: /home/ph/treasure/dockerBENCH/helios16p_ws/install/vicon_receiver/include/boost/winapi/get_thread_times.hpp\n'}
[25.494935] (vicon_receiver) StdoutLine: {'line': b'-- Installing: /home/ph/treasure/dockerBENCH/helios16p_ws/install/vicon_receiver/include/boost/winapi/event.hpp\n'}
[25.495139] (vicon_receiver) StdoutLine: {'line': b'-- Installing: /home/ph/treasure/dockerBENCH/helios16p_ws/install/vicon_receiver/include/boost/winapi/get_process_times.hpp\n'}
[25.495643] (vicon_receiver) StdoutLine: {'line': b'-- Installing: /home/ph/treasure/dockerBENCH/helios16p_ws/install/vicon_receiver/include/boost/winapi/handles.hpp\n'}
[25.495891] (vicon_receiver) StdoutLine: {'line': b'-- Installing: /home/ph/treasure/dockerBENCH/helios16p_ws/install/vicon_receiver/include/boost/winapi/critical_section.hpp\n'}
[25.496323] (vicon_receiver) StdoutLine: {'line': b'-- Installing: /home/ph/treasure/dockerBENCH/helios16p_ws/install/vicon_receiver/include/boost/thread\n'}
[25.496551] (vicon_receiver) StdoutLine: {'line': b'-- Installing: /home/ph/treasure/dockerBENCH/helios16p_ws/install/vicon_receiver/include/boost/thread/poly_lockable.hpp\n'}
[25.496793] (vicon_receiver) StdoutLine: {'line': b'-- Installing: /home/ph/treasure/dockerBENCH/helios16p_ws/install/vicon_receiver/include/boost/thread/thread.hpp\n'}
[25.497016] (vicon_receiver) StdoutLine: {'line': b'-- Installing: /home/ph/treasure/dockerBENCH/helios16p_ws/install/vicon_receiver/include/boost/thread/futures\n'}
[25.497231] (vicon_receiver) StdoutLine: {'line': b'-- Installing: /home/ph/treasure/dockerBENCH/helios16p_ws/install/vicon_receiver/include/boost/thread/futures/is_future_type.hpp\n'}
[25.497485] (vicon_receiver) StdoutLine: {'line': b'-- Installing: /home/ph/treasure/dockerBENCH/helios16p_ws/install/vicon_receiver/include/boost/thread/futures/future_status.hpp\n'}
[25.497882] (vicon_receiver) StdoutLine: {'line': b'-- Installing: /home/ph/treasure/dockerBENCH/helios16p_ws/install/vicon_receiver/include/boost/thread/futures/wait_for_any.hpp\n'}
[25.498140] (vicon_receiver) StdoutLine: {'line': b'-- Installing: /home/ph/treasure/dockerBENCH/helios16p_ws/install/vicon_receiver/include/boost/thread/futures/wait_for_all.hpp\n'}
[25.498356] (vicon_receiver) StdoutLine: {'line': b'-- Installing: /home/ph/treasure/dockerBENCH/helios16p_ws/install/vicon_receiver/include/boost/thread/futures/launch.hpp\n'}
[25.498567] (vicon_receiver) StdoutLine: {'line': b'-- Installing: /home/ph/treasure/dockerBENCH/helios16p_ws/install/vicon_receiver/include/boost/thread/futures/future_error_code.hpp\n'}
[25.498810] (vicon_receiver) StdoutLine: {'line': b'-- Installing: /home/ph/treasure/dockerBENCH/helios16p_ws/install/vicon_receiver/include/boost/thread/futures/future_error.hpp\n'}
[25.498998] (vicon_receiver) StdoutLine: {'line': b'-- Installing: /home/ph/treasure/dockerBENCH/helios16p_ws/install/vicon_receiver/include/boost/thread/lock_factories.hpp\n'}
[25.499178] (vicon_receiver) StdoutLine: {'line': b'-- Installing: /home/ph/treasure/dockerBENCH/helios16p_ws/install/vicon_receiver/include/boost/thread/lock_algorithms.hpp\n'}
[25.499425] (vicon_receiver) StdoutLine: {'line': b'-- Installing: /home/ph/treasure/dockerBENCH/helios16p_ws/install/vicon_receiver/include/boost/thread/mutex.hpp\n'}
[25.499632] (vicon_receiver) StdoutLine: {'line': b'-- Installing: /home/ph/treasure/dockerBENCH/helios16p_ws/install/vicon_receiver/include/boost/thread/lock_guard.hpp\n'}
[25.499815] (vicon_receiver) StdoutLine: {'line': b'-- Installing: /home/ph/treasure/dockerBENCH/helios16p_ws/install/vicon_receiver/include/boost/thread/recursive_mutex.hpp\n'}
[25.500044] (vicon_receiver) StdoutLine: {'line': b'-- Installing: /home/ph/treasure/dockerBENCH/helios16p_ws/install/vicon_receiver/include/boost/thread/poly_lockable_adapter.hpp\n'}
[25.500240] (vicon_receiver) StdoutLine: {'line': b'-- Installing: /home/ph/treasure/dockerBENCH/helios16p_ws/install/vicon_receiver/include/boost/thread/lock_options.hpp\n'}
[25.500570] (vicon_receiver) StdoutLine: {'line': b'-- Installing: /home/ph/treasure/dockerBENCH/helios16p_ws/install/vicon_receiver/include/boost/thread/poly_shared_lockable.hpp\n'}
[25.500771] (vicon_receiver) StdoutLine: {'line': b'-- Installing: /home/ph/treasure/dockerBENCH/helios16p_ws/install/vicon_receiver/include/boost/thread/experimental\n'}
[25.500940] (vicon_receiver) StdoutLine: {'line': b'-- Installing: /home/ph/treasure/dockerBENCH/helios16p_ws/install/vicon_receiver/include/boost/thread/experimental/config\n'}
[25.501156] (vicon_receiver) StdoutLine: {'line': b'-- Installing: /home/ph/treasure/dockerBENCH/helios16p_ws/install/vicon_receiver/include/boost/thread/experimental/config/inline_namespace.hpp\n'}
[25.501372] (vicon_receiver) StdoutLine: {'line': b'-- Installing: /home/ph/treasure/dockerBENCH/helios16p_ws/install/vicon_receiver/include/boost/thread/experimental/exception_list.hpp\n'}
[25.501772] (vicon_receiver) StdoutLine: {'line': b'-- Installing: /home/ph/treasure/dockerBENCH/helios16p_ws/install/vicon_receiver/include/boost/thread/experimental/parallel\n'}
[25.502191] (vicon_receiver) StdoutLine: {'line': b'-- Installing: /home/ph/treasure/dockerBENCH/helios16p_ws/install/vicon_receiver/include/boost/thread/experimental/parallel/v1\n'}
[25.502692] (vicon_receiver) StdoutLine: {'line': b'-- Installing: /home/ph/treasure/dockerBENCH/helios16p_ws/install/vicon_receiver/include/boost/thread/experimental/parallel/v1/inline_namespace.hpp\n'}
[25.503411] (vicon_receiver) StdoutLine: {'line': b'-- Installing: /home/ph/treasure/dockerBENCH/helios16p_ws/install/vicon_receiver/include/boost/thread/experimental/parallel/v1/exception_list.hpp\n'}
[25.504083] (vicon_receiver) StdoutLine: {'line': b'-- Installing: /home/ph/treasure/dockerBENCH/helios16p_ws/install/vicon_receiver/include/boost/thread/experimental/parallel/v2\n'}
[25.504551] (vicon_receiver) StdoutLine: {'line': b'-- Installing: /home/ph/treasure/dockerBENCH/helios16p_ws/install/vicon_receiver/include/boost/thread/experimental/parallel/v2/inline_namespace.hpp\n'}
[25.505433] (vicon_receiver) StdoutLine: {'line': b'-- Installing: /home/ph/treasure/dockerBENCH/helios16p_ws/install/vicon_receiver/include/boost/thread/experimental/parallel/v2/task_region.hpp\n'}
[25.506140] (vicon_receiver) StdoutLine: {'line': b'-- Installing: /home/ph/treasure/dockerBENCH/helios16p_ws/install/vicon_receiver/include/boost/thread/is_locked_by_this_thread.hpp\n'}
[25.506822] (vicon_receiver) StdoutLine: {'line': b'-- Installing: /home/ph/treasure/dockerBENCH/helios16p_ws/install/vicon_receiver/include/boost/thread/detail\n'}
[25.507250] (vicon_receiver) StdoutLine: {'line': b'-- Installing: /home/ph/treasure/dockerBENCH/helios16p_ws/install/vicon_receiver/include/boost/thread/detail/thread.hpp\n'}
[25.508041] (vicon_receiver) StdoutLine: {'line': b'-- Installing: /home/ph/treasure/dockerBENCH/helios16p_ws/install/vicon_receiver/include/boost/thread/detail/counter.hpp\n'}
[25.508761] (vicon_receiver) StdoutLine: {'line': b'-- Installing: /home/ph/treasure/dockerBENCH/helios16p_ws/install/vicon_receiver/include/boost/thread/detail/invoke.hpp\n'}
[25.509674] (vicon_receiver) StdoutLine: {'line': b'-- Installing: /home/ph/treasure/dockerBENCH/helios16p_ws/install/vicon_receiver/include/boost/thread/detail/thread_group.hpp\n'}
[25.510322] (vicon_receiver) StdoutLine: {'line': b'-- Installing: /home/ph/treasure/dockerBENCH/helios16p_ws/install/vicon_receiver/include/boost/thread/detail/thread_safety.hpp\n'}
[25.510633] (-) TimerEvent: {}
[25.511062] (vicon_receiver) StdoutLine: {'line': b'-- Installing: /home/ph/treasure/dockerBENCH/helios16p_ws/install/vicon_receiver/include/boost/thread/detail/variadic_header.hpp\n'}
[25.512004] (vicon_receiver) StdoutLine: {'line': b'-- Installing: /home/ph/treasure/dockerBENCH/helios16p_ws/install/vicon_receiver/include/boost/thread/detail/invoker.hpp\n'}
[25.513386] (vicon_receiver) StdoutLine: {'line': b'-- Installing: /home/ph/treasure/dockerBENCH/helios16p_ws/install/vicon_receiver/include/boost/thread/detail/is_convertible.hpp\n'}
[25.514044] (vicon_receiver) StdoutLine: {'line': b'-- Installing: /home/ph/treasure/dockerBENCH/helios16p_ws/install/vicon_receiver/include/boost/thread/detail/lockable_wrapper.hpp\n'}
[25.514653] (vicon_receiver) StdoutLine: {'line': b'-- Installing: /home/ph/treasure/dockerBENCH/helios16p_ws/install/vicon_receiver/include/boost/thread/detail/atomic_undef_macros.hpp\n'}
[25.515264] (vicon_receiver) StdoutLine: {'line': b'-- Installing: /home/ph/treasure/dockerBENCH/helios16p_ws/install/vicon_receiver/include/boost/thread/detail/config.hpp\n'}
[25.516014] (vicon_receiver) StdoutLine: {'line': b'-- Installing: /home/ph/treasure/dockerBENCH/helios16p_ws/install/vicon_receiver/include/boost/thread/detail/tss_hooks.hpp\n'}
[25.516741] (vicon_receiver) StdoutLine: {'line': b'-- Installing: /home/ph/treasure/dockerBENCH/helios16p_ws/install/vicon_receiver/include/boost/thread/detail/thread_interruption.hpp\n'}
[25.517398] (vicon_receiver) StdoutLine: {'line': b'-- Installing: /home/ph/treasure/dockerBENCH/helios16p_ws/install/vicon_receiver/include/boost/thread/detail/memory.hpp\n'}
[25.518044] (vicon_receiver) StdoutLine: {'line': b'-- Installing: /home/ph/treasure/dockerBENCH/helios16p_ws/install/vicon_receiver/include/boost/thread/detail/atomic_redef_macros.hpp\n'}
[25.519256] (vicon_receiver) StdoutLine: {'line': b'-- Installing: /home/ph/treasure/dockerBENCH/helios16p_ws/install/vicon_receiver/include/boost/thread/detail/nullary_function.hpp\n'}
[25.519931] (vicon_receiver) StdoutLine: {'line': b'-- Installing: /home/ph/treasure/dockerBENCH/helios16p_ws/install/vicon_receiver/include/boost/thread/detail/platform_time.hpp\n'}
[25.520642] (vicon_receiver) StdoutLine: {'line': b'-- Installing: /home/ph/treasure/dockerBENCH/helios16p_ws/install/vicon_receiver/include/boost/thread/detail/platform.hpp\n'}
[25.521275] (vicon_receiver) StdoutLine: {'line': b'-- Installing: /home/ph/treasure/dockerBENCH/helios16p_ws/install/vicon_receiver/include/boost/thread/detail/make_tuple_indices.hpp\n'}
[25.521954] (vicon_receiver) StdoutLine: {'line': b'-- Installing: /home/ph/treasure/dockerBENCH/helios16p_ws/install/vicon_receiver/include/boost/thread/detail/move.hpp\n'}
[25.522670] (vicon_receiver) StdoutLine: {'line': b'-- Installing: /home/ph/treasure/dockerBENCH/helios16p_ws/install/vicon_receiver/include/boost/thread/detail/variadic_footer.hpp\n'}
[25.523565] (vicon_receiver) StdoutLine: {'line': b'-- Installing: /home/ph/treasure/dockerBENCH/helios16p_ws/install/vicon_receiver/include/boost/thread/detail/thread_heap_alloc.hpp\n'}
[25.524235] (vicon_receiver) StdoutLine: {'line': b'-- Installing: /home/ph/treasure/dockerBENCH/helios16p_ws/install/vicon_receiver/include/boost/thread/detail/delete.hpp\n'}
[25.524885] (vicon_receiver) StdoutLine: {'line': b'-- Installing: /home/ph/treasure/dockerBENCH/helios16p_ws/install/vicon_receiver/include/boost/thread/thread_time.hpp\n'}
[25.525537] (vicon_receiver) StdoutLine: {'line': b'-- Installing: /home/ph/treasure/dockerBENCH/helios16p_ws/install/vicon_receiver/include/boost/thread/csbl\n'}
[25.525921] (vicon_receiver) StdoutLine: {'line': b'-- Installing: /home/ph/treasure/dockerBENCH/helios16p_ws/install/vicon_receiver/include/boost/thread/csbl/devector.hpp\n'}
[25.526659] (vicon_receiver) StdoutLine: {'line': b'-- Installing: /home/ph/treasure/dockerBENCH/helios16p_ws/install/vicon_receiver/include/boost/thread/csbl/vector.hpp\n'}
[25.527338] (vicon_receiver) StdoutLine: {'line': b'-- Installing: /home/ph/treasure/dockerBENCH/helios16p_ws/install/vicon_receiver/include/boost/thread/csbl/tuple.hpp\n'}
[25.528401] (vicon_receiver) StdoutLine: {'line': b'-- Installing: /home/ph/treasure/dockerBENCH/helios16p_ws/install/vicon_receiver/include/boost/thread/csbl/memory\n'}
[25.528825] (vicon_receiver) StdoutLine: {'line': b'-- Installing: /home/ph/treasure/dockerBENCH/helios16p_ws/install/vicon_receiver/include/boost/thread/csbl/memory/shared_ptr.hpp\n'}
[25.529928] (vicon_receiver) StdoutLine: {'line': b'-- Installing: /home/ph/treasure/dockerBENCH/helios16p_ws/install/vicon_receiver/include/boost/thread/csbl/memory/config.hpp\n'}
[25.530650] (vicon_receiver) StdoutLine: {'line': b'-- Installing: /home/ph/treasure/dockerBENCH/helios16p_ws/install/vicon_receiver/include/boost/thread/csbl/memory/scoped_allocator.hpp\n'}
[25.531279] (vicon_receiver) StdoutLine: {'line': b'-- Installing: /home/ph/treasure/dockerBENCH/helios16p_ws/install/vicon_receiver/include/boost/thread/csbl/memory/allocator_arg.hpp\n'}
[25.532436] (vicon_receiver) StdoutLine: {'line': b'-- Installing: /home/ph/treasure/dockerBENCH/helios16p_ws/install/vicon_receiver/include/boost/thread/csbl/memory/default_delete.hpp\n'}
[25.533057] (vicon_receiver) StdoutLine: {'line': b'-- Installing: /home/ph/treasure/dockerBENCH/helios16p_ws/install/vicon_receiver/include/boost/thread/csbl/memory/unique_ptr.hpp\n'}
[25.533701] (vicon_receiver) StdoutLine: {'line': b'-- Installing: /home/ph/treasure/dockerBENCH/helios16p_ws/install/vicon_receiver/include/boost/thread/csbl/memory/pointer_traits.hpp\n'}
[25.534780] (vicon_receiver) StdoutLine: {'line': b'-- Installing: /home/ph/treasure/dockerBENCH/helios16p_ws/install/vicon_receiver/include/boost/thread/csbl/memory/allocator_traits.hpp\n'}
[25.535864] (vicon_receiver) StdoutLine: {'line': b'-- Installing: /home/ph/treasure/dockerBENCH/helios16p_ws/install/vicon_receiver/include/boost/thread/csbl/functional.hpp\n'}
[25.536559] (vicon_receiver) StdoutLine: {'line': b'-- Installing: /home/ph/treasure/dockerBENCH/helios16p_ws/install/vicon_receiver/include/boost/thread/future.hpp\n'}
[25.538307] (vicon_receiver) StdoutLine: {'line': b'-- Installing: /home/ph/treasure/dockerBENCH/helios16p_ws/install/vicon_receiver/include/boost/thread/externally_locked.hpp\n'}
[25.539055] (vicon_receiver) StdoutLine: {'line': b'-- Installing: /home/ph/treasure/dockerBENCH/helios16p_ws/install/vicon_receiver/include/boost/thread/thread_only.hpp\n'}
[25.539755] (vicon_receiver) StdoutLine: {'line': b'-- Installing: /home/ph/treasure/dockerBENCH/helios16p_ws/install/vicon_receiver/include/boost/thread/executor.hpp\n'}
[25.540443] (vicon_receiver) StdoutLine: {'line': b'-- Installing: /home/ph/treasure/dockerBENCH/helios16p_ws/install/vicon_receiver/include/boost/thread/tss.hpp\n'}
[25.541116] (vicon_receiver) StdoutLine: {'line': b'-- Installing: /home/ph/treasure/dockerBENCH/helios16p_ws/install/vicon_receiver/include/boost/thread/lock_traits.hpp\n'}
[25.541829] (vicon_receiver) StdoutLine: {'line': b'-- Installing: /home/ph/treasure/dockerBENCH/helios16p_ws/install/vicon_receiver/include/boost/thread/scoped_thread.hpp\n'}
[25.542636] (vicon_receiver) StdoutLine: {'line': b'-- Installing: /home/ph/treasure/dockerBENCH/helios16p_ws/install/vicon_receiver/include/boost/thread/cv_status.hpp\n'}
[25.543310] (vicon_receiver) StdoutLine: {'line': b'-- Installing: /home/ph/treasure/dockerBENCH/helios16p_ws/install/vicon_receiver/include/boost/thread/concurrent_queues\n'}
[25.543840] (vicon_receiver) StdoutLine: {'line': b'-- Installing: /home/ph/treasure/dockerBENCH/helios16p_ws/install/vicon_receiver/include/boost/thread/concurrent_queues/sync_queue.hpp\n'}
[25.544631] (vicon_receiver) StdoutLine: {'line': b'-- Installing: /home/ph/treasure/dockerBENCH/helios16p_ws/install/vicon_receiver/include/boost/thread/concurrent_queues/sync_priority_queue.hpp\n'}
[25.545419] (vicon_receiver) StdoutLine: {'line': b'-- Installing: /home/ph/treasure/dockerBENCH/helios16p_ws/install/vicon_receiver/include/boost/thread/concurrent_queues/sync_bounded_queue.hpp\n'}
[25.546251] (vicon_receiver) StdoutLine: {'line': b'-- Installing: /home/ph/treasure/dockerBENCH/helios16p_ws/install/vicon_receiver/include/boost/thread/concurrent_queues/detail\n'}
[25.546740] (vicon_receiver) StdoutLine: {'line': b'-- Installing: /home/ph/treasure/dockerBENCH/helios16p_ws/install/vicon_receiver/include/boost/thread/concurrent_queues/detail/sync_queue_base.hpp\n'}
[25.547566] (vicon_receiver) StdoutLine: {'line': b'-- Installing: /home/ph/treasure/dockerBENCH/helios16p_ws/install/vicon_receiver/include/boost/thread/concurrent_queues/deque_base.hpp\n'}
[25.548334] (vicon_receiver) StdoutLine: {'line': b'-- Installing: /home/ph/treasure/dockerBENCH/helios16p_ws/install/vicon_receiver/include/boost/thread/concurrent_queues/sync_timed_queue.hpp\n'}
[25.549180] (vicon_receiver) StdoutLine: {'line': b'-- Installing: /home/ph/treasure/dockerBENCH/helios16p_ws/install/vicon_receiver/include/boost/thread/concurrent_queues/queue_base.hpp\n'}
[25.550005] (vicon_receiver) StdoutLine: {'line': b'-- Installing: /home/ph/treasure/dockerBENCH/helios16p_ws/install/vicon_receiver/include/boost/thread/concurrent_queues/queue_op_status.hpp\n'}
[25.551110] (vicon_receiver) StdoutLine: {'line': b'-- Installing: /home/ph/treasure/dockerBENCH/helios16p_ws/install/vicon_receiver/include/boost/thread/win32\n'}
[25.551894] (vicon_receiver) StdoutLine: {'line': b'-- Installing: /home/ph/treasure/dockerBENCH/helios16p_ws/install/vicon_receiver/include/boost/thread/win32/mutex.hpp\n'}
[25.553024] (vicon_receiver) StdoutLine: {'line': b'-- Installing: /home/ph/treasure/dockerBENCH/helios16p_ws/install/vicon_receiver/include/boost/thread/win32/recursive_mutex.hpp\n'}
[25.553760] (vicon_receiver) StdoutLine: {'line': b'-- Installing: /home/ph/treasure/dockerBENCH/helios16p_ws/install/vicon_receiver/include/boost/thread/win32/basic_timed_mutex.hpp\n'}
[25.554608] (vicon_receiver) StdoutLine: {'line': b'-- Installing: /home/ph/treasure/dockerBENCH/helios16p_ws/install/vicon_receiver/include/boost/thread/win32/condition_variable.hpp\n'}
[25.555514] (vicon_receiver) StdoutLine: {'line': b'-- Installing: /home/ph/treasure/dockerBENCH/helios16p_ws/install/vicon_receiver/include/boost/thread/win32/once.hpp\n'}
[25.556474] (vicon_receiver) StdoutLine: {'line': b'-- Installing: /home/ph/treasure/dockerBENCH/helios16p_ws/install/vicon_receiver/include/boost/thread/win32/thread_data.hpp\n'}
[25.557323] (vicon_receiver) StdoutLine: {'line': b'-- Installing: /home/ph/treasure/dockerBENCH/helios16p_ws/install/vicon_receiver/include/boost/thread/win32/interlocked_read.hpp\n'}
[25.558134] (vicon_receiver) StdoutLine: {'line': b'-- Installing: /home/ph/treasure/dockerBENCH/helios16p_ws/install/vicon_receiver/include/boost/thread/win32/basic_recursive_mutex.hpp\n'}
[25.559016] (vicon_receiver) StdoutLine: {'line': b'-- Installing: /home/ph/treasure/dockerBENCH/helios16p_ws/install/vicon_receiver/include/boost/thread/win32/shared_mutex.hpp\n'}
[25.559977] (vicon_receiver) StdoutLine: {'line': b'-- Installing: /home/ph/treasure/dockerBENCH/helios16p_ws/install/vicon_receiver/include/boost/thread/win32/thread_primitives.hpp\n'}
[25.560870] (vicon_receiver) StdoutLine: {'line': b'-- Installing: /home/ph/treasure/dockerBENCH/helios16p_ws/install/vicon_receiver/include/boost/thread/win32/thread_heap_alloc.hpp\n'}
[25.561813] (vicon_receiver) StdoutLine: {'line': b'-- Installing: /home/ph/treasure/dockerBENCH/helios16p_ws/install/vicon_receiver/include/boost/thread/lock_concepts.hpp\n'}
[25.562637] (vicon_receiver) StdoutLine: {'line': b'-- Installing: /home/ph/treasure/dockerBENCH/helios16p_ws/install/vicon_receiver/include/boost/thread/condition_variable.hpp\n'}
[25.563411] (vicon_receiver) StdoutLine: {'line': b'-- Installing: /home/ph/treasure/dockerBENCH/helios16p_ws/install/vicon_receiver/include/boost/thread/lockable_concepts.hpp\n'}
[25.564589] (vicon_receiver) StdoutLine: {'line': b'-- Installing: /home/ph/treasure/dockerBENCH/helios16p_ws/install/vicon_receiver/include/boost/thread/once.hpp\n'}
[25.565716] (vicon_receiver) StdoutLine: {'line': b'-- Installing: /home/ph/treasure/dockerBENCH/helios16p_ws/install/vicon_receiver/include/boost/thread/pthread\n'}
[25.566463] (vicon_receiver) StdoutLine: {'line': b'-- Installing: /home/ph/treasure/dockerBENCH/helios16p_ws/install/vicon_receiver/include/boost/thread/pthread/mutex.hpp\n'}
[25.567655] (vicon_receiver) StdoutLine: {'line': b'-- Installing: /home/ph/treasure/dockerBENCH/helios16p_ws/install/vicon_receiver/include/boost/thread/pthread/recursive_mutex.hpp\n'}
[25.568845] (vicon_receiver) StdoutLine: {'line': b'-- Installing: /home/ph/treasure/dockerBENCH/helios16p_ws/install/vicon_receiver/include/boost/thread/pthread/condition_variable.hpp\n'}
[25.570132] (vicon_receiver) StdoutLine: {'line': b'-- Installing: /home/ph/treasure/dockerBENCH/helios16p_ws/install/vicon_receiver/include/boost/thread/pthread/pthread_helpers.hpp\n'}
[25.571256] (vicon_receiver) StdoutLine: {'line': b'-- Installing: /home/ph/treasure/dockerBENCH/helios16p_ws/install/vicon_receiver/include/boost/thread/pthread/once.hpp\n'}
[25.572514] (vicon_receiver) StdoutLine: {'line': b'-- Installing: /home/ph/treasure/dockerBENCH/helios16p_ws/install/vicon_receiver/include/boost/thread/pthread/thread_data.hpp\n'}
[25.573708] (vicon_receiver) StdoutLine: {'line': b'-- Installing: /home/ph/treasure/dockerBENCH/helios16p_ws/install/vicon_receiver/include/boost/thread/pthread/pthread_mutex_scoped_lock.hpp\n'}
[25.574809] (vicon_receiver) StdoutLine: {'line': b'-- Installing: /home/ph/treasure/dockerBENCH/helios16p_ws/install/vicon_receiver/include/boost/thread/pthread/condition_variable_fwd.hpp\n'}
[25.576099] (vicon_receiver) StdoutLine: {'line': b'-- Installing: /home/ph/treasure/dockerBENCH/helios16p_ws/install/vicon_receiver/include/boost/thread/pthread/once_atomic.hpp\n'}
[25.577268] (vicon_receiver) StdoutLine: {'line': b'-- Installing: /home/ph/treasure/dockerBENCH/helios16p_ws/install/vicon_receiver/include/boost/thread/pthread/shared_mutex.hpp\n'}
[25.578665] (vicon_receiver) StdoutLine: {'line': b'-- Installing: /home/ph/treasure/dockerBENCH/helios16p_ws/install/vicon_receiver/include/boost/thread/pthread/thread_heap_alloc.hpp\n'}
[25.579852] (vicon_receiver) StdoutLine: {'line': b'-- Installing: /home/ph/treasure/dockerBENCH/helios16p_ws/install/vicon_receiver/include/boost/thread/thread_functors.hpp\n'}
[25.581033] (vicon_receiver) StdoutLine: {'line': b'-- Installing: /home/ph/treasure/dockerBENCH/helios16p_ws/install/vicon_receiver/include/boost/thread/exceptions.hpp\n'}
[25.582127] (vicon_receiver) StdoutLine: {'line': b'-- Installing: /home/ph/treasure/dockerBENCH/helios16p_ws/install/vicon_receiver/include/boost/thread/v2\n'}
[25.582828] (vicon_receiver) StdoutLine: {'line': b'-- Installing: /home/ph/treasure/dockerBENCH/helios16p_ws/install/vicon_receiver/include/boost/thread/v2/shared_mutex.hpp\n'}
[25.584325] (vicon_receiver) StdoutLine: {'line': b'-- Installing: /home/ph/treasure/dockerBENCH/helios16p_ws/install/vicon_receiver/include/boost/thread/lockable_traits.hpp\n'}
[25.585496] (vicon_receiver) StdoutLine: {'line': b'-- Installing: /home/ph/treasure/dockerBENCH/helios16p_ws/install/vicon_receiver/include/boost/thread/exceptional_ptr.hpp\n'}
[25.586872] (vicon_receiver) StdoutLine: {'line': b'-- Installing: /home/ph/treasure/dockerBENCH/helios16p_ws/install/vicon_receiver/include/boost/thread/executors\n'}
[25.587601] (vicon_receiver) StdoutLine: {'line': b'-- Installing: /home/ph/treasure/dockerBENCH/helios16p_ws/install/vicon_receiver/include/boost/thread/executors/generic_executor_ref.hpp\n'}
[25.588788] (vicon_receiver) StdoutLine: {'line': b'-- Installing: /home/ph/treasure/dockerBENCH/helios16p_ws/install/vicon_receiver/include/boost/thread/executors/detail\n'}
[25.589360] (vicon_receiver) StdoutLine: {'line': b'-- Installing: /home/ph/treasure/dockerBENCH/helios16p_ws/install/vicon_receiver/include/boost/thread/executors/detail/priority_executor_base.hpp\n'}
[25.590435] (vicon_receiver) StdoutLine: {'line': b'-- Installing: /home/ph/treasure/dockerBENCH/helios16p_ws/install/vicon_receiver/include/boost/thread/executors/detail/scheduled_executor_base.hpp\n'}
[25.591617] (vicon_receiver) StdoutLine: {'line': b'-- Installing: /home/ph/treasure/dockerBENCH/helios16p_ws/install/vicon_receiver/include/boost/thread/executors/executor.hpp\n'}
[25.593791] (vicon_receiver) StdoutLine: {'line': b'-- Installing: /home/ph/treasure/dockerBENCH/helios16p_ws/install/vicon_receiver/include/boost/thread/executors/work.hpp\n'}
[25.595778] (vicon_receiver) StdoutLine: {'line': b'-- Installing: /home/ph/treasure/dockerBENCH/helios16p_ws/install/vicon_receiver/include/boost/thread/executors/executor_adaptor.hpp\n'}
[25.598279] (vicon_receiver) StdoutLine: {'line': b'-- Installing: /home/ph/treasure/dockerBENCH/helios16p_ws/install/vicon_receiver/include/boost/thread/executors/basic_thread_pool.hpp\n'}
[25.600725] (vicon_receiver) StdoutLine: {'line': b'-- Installing: /home/ph/treasure/dockerBENCH/helios16p_ws/install/vicon_receiver/include/boost/thread/lock_types.hpp\n'}
[25.602179] (vicon_receiver) StdoutLine: {'line': b'-- Installing: /home/ph/treasure/dockerBENCH/helios16p_ws/install/vicon_receiver/include/boost/thread/strict_lock.hpp\n'}
[25.603094] (vicon_receiver) StdoutLine: {'line': b'-- Installing: /home/ph/treasure/dockerBENCH/helios16p_ws/install/vicon_receiver/include/boost/thread/shared_mutex.hpp\n'}
[25.603988] (vicon_receiver) StdoutLine: {'line': b'-- Installing: /home/ph/treasure/dockerBENCH/helios16p_ws/install/vicon_receiver/include/boost/thread/shared_lock_guard.hpp\n'}
[25.604993] (vicon_receiver) StdoutLine: {'line': b'-- Installing: /home/ph/treasure/dockerBENCH/helios16p_ws/install/vicon_receiver/include/boost/thread/barrier.hpp\n'}
[25.605856] (vicon_receiver) StdoutLine: {'line': b'-- Installing: /home/ph/treasure/dockerBENCH/helios16p_ws/install/vicon_receiver/include/boost/thread/locks.hpp\n'}
[25.606756] (vicon_receiver) StdoutLine: {'line': b'-- Installing: /home/ph/treasure/dockerBENCH/helios16p_ws/install/vicon_receiver/include/boost/thread/condition.hpp\n'}
[25.607651] (vicon_receiver) StdoutLine: {'line': b'-- Installing: /home/ph/treasure/dockerBENCH/helios16p_ws/install/vicon_receiver/include/boost/thread/interruption.hpp\n'}
[25.608927] (vicon_receiver) StdoutLine: {'line': b'-- Installing: /home/ph/treasure/dockerBENCH/helios16p_ws/install/vicon_receiver/include/boost/thread/xtime.hpp\n'}
[25.609744] (vicon_receiver) StdoutLine: {'line': b'-- Installing: /home/ph/treasure/dockerBENCH/helios16p_ws/install/vicon_receiver/include/boost/smart_ptr\n'}
[25.610372] (vicon_receiver) StdoutLine: {'line': b'-- Installing: /home/ph/treasure/dockerBENCH/helios16p_ws/install/vicon_receiver/include/boost/smart_ptr/shared_ptr.hpp\n'}
[25.610651] (-) TimerEvent: {}
[25.611559] (vicon_receiver) StdoutLine: {'line': b'-- Installing: /home/ph/treasure/dockerBENCH/helios16p_ws/install/vicon_receiver/include/boost/smart_ptr/bad_weak_ptr.hpp\n'}
[25.612428] (vicon_receiver) StdoutLine: {'line': b'-- Installing: /home/ph/treasure/dockerBENCH/helios16p_ws/install/vicon_receiver/include/boost/smart_ptr/detail\n'}
[25.613235] (vicon_receiver) StdoutLine: {'line': b'-- Installing: /home/ph/treasure/dockerBENCH/helios16p_ws/install/vicon_receiver/include/boost/smart_ptr/detail/sp_thread_sleep.hpp\n'}
[25.614231] (vicon_receiver) StdoutLine: {'line': b'-- Installing: /home/ph/treasure/dockerBENCH/helios16p_ws/install/vicon_receiver/include/boost/smart_ptr/detail/atomic_count_gcc_x86.hpp\n'}
[25.615166] (vicon_receiver) StdoutLine: {'line': b'-- Installing: /home/ph/treasure/dockerBENCH/helios16p_ws/install/vicon_receiver/include/boost/smart_ptr/detail/lwm_win32_cs.hpp\n'}
[25.616099] (vicon_receiver) StdoutLine: {'line': b'-- Installing: /home/ph/treasure/dockerBENCH/helios16p_ws/install/vicon_receiver/include/boost/smart_ptr/detail/yield_k.hpp\n'}
[25.617047] (vicon_receiver) StdoutLine: {'line': b'-- Installing: /home/ph/treasure/dockerBENCH/helios16p_ws/install/vicon_receiver/include/boost/smart_ptr/detail/sp_disable_deprecated.hpp\n'}
[25.617979] (vicon_receiver) StdoutLine: {'line': b'-- Installing: /home/ph/treasure/dockerBENCH/helios16p_ws/install/vicon_receiver/include/boost/smart_ptr/detail/sp_win32_sleep.hpp\n'}
[25.618914] (vicon_receiver) StdoutLine: {'line': b'-- Installing: /home/ph/treasure/dockerBENCH/helios16p_ws/install/vicon_receiver/include/boost/smart_ptr/detail/spinlock_pool.hpp\n'}
[25.619894] (vicon_receiver) StdoutLine: {'line': b'-- Installing: /home/ph/treasure/dockerBENCH/helios16p_ws/install/vicon_receiver/include/boost/smart_ptr/detail/sp_counted_impl.hpp\n'}
[25.620849] (vicon_receiver) StdoutLine: {'line': b'-- Installing: /home/ph/treasure/dockerBENCH/helios16p_ws/install/vicon_receiver/include/boost/smart_ptr/detail/atomic_count_nt.hpp\n'}
[25.621778] (vicon_receiver) StdoutLine: {'line': b'-- Installing: /home/ph/treasure/dockerBENCH/helios16p_ws/install/vicon_receiver/include/boost/smart_ptr/detail/operator_bool.hpp\n'}
[25.622674] (vicon_receiver) StdoutLine: {'line': b'-- Installing: /home/ph/treasure/dockerBENCH/helios16p_ws/install/vicon_receiver/include/boost/smart_ptr/detail/sp_counted_base_gcc_mips.hpp\n'}
[25.623619] (vicon_receiver) StdoutLine: {'line': b'-- Installing: /home/ph/treasure/dockerBENCH/helios16p_ws/install/vicon_receiver/include/boost/smart_ptr/detail/sp_counted_base.hpp\n'}
[25.624602] (vicon_receiver) StdoutLine: {'line': b'-- Installing: /home/ph/treasure/dockerBENCH/helios16p_ws/install/vicon_receiver/include/boost/smart_ptr/detail/sp_forward.hpp\n'}
[25.625913] (vicon_receiver) StdoutLine: {'line': b'-- Installing: /home/ph/treasure/dockerBENCH/helios16p_ws/install/vicon_receiver/include/boost/smart_ptr/detail/sp_counted_base_gcc_ia64.hpp\n'}
[25.626736] (vicon_receiver) StdoutLine: {'line': b'-- Installing: /home/ph/treasure/dockerBENCH/helios16p_ws/install/vicon_receiver/include/boost/smart_ptr/detail/sp_counted_base_gcc_sparc.hpp\n'}
[25.627685] (vicon_receiver) StdoutLine: {'line': b'-- Installing: /home/ph/treasure/dockerBENCH/helios16p_ws/install/vicon_receiver/include/boost/smart_ptr/detail/sp_convertible.hpp\n'}
[25.628574] (vicon_receiver) StdoutLine: {'line': b'-- Installing: /home/ph/treasure/dockerBENCH/helios16p_ws/install/vicon_receiver/include/boost/smart_ptr/detail/sp_counted_base_gcc_ppc.hpp\n'}
[25.629533] (vicon_receiver) StdoutLine: {'line': b'-- Installing: /home/ph/treasure/dockerBENCH/helios16p_ws/install/vicon_receiver/include/boost/smart_ptr/detail/atomic_count_gcc_atomic.hpp\n'}
[25.630460] (vicon_receiver) StdoutLine: {'line': b'-- Installing: /home/ph/treasure/dockerBENCH/helios16p_ws/install/vicon_receiver/include/boost/smart_ptr/detail/spinlock_sync.hpp\n'}
[25.631367] (vicon_receiver) StdoutLine: {'line': b'-- Installing: /home/ph/treasure/dockerBENCH/helios16p_ws/install/vicon_receiver/include/boost/smart_ptr/detail/sp_counted_base_acc_ia64.hpp\n'}
[25.632301] (vicon_receiver) StdoutLine: {'line': b'-- Installing: /home/ph/treasure/dockerBENCH/helios16p_ws/install/vicon_receiver/include/boost/smart_ptr/detail/local_sp_deleter.hpp\n'}
[25.633188] (vicon_receiver) StdoutLine: {'line': b'-- Installing: /home/ph/treasure/dockerBENCH/helios16p_ws/install/vicon_receiver/include/boost/smart_ptr/detail/spinlock_pt.hpp\n'}
[25.634073] (vicon_receiver) StdoutLine: {'line': b'-- Installing: /home/ph/treasure/dockerBENCH/helios16p_ws/install/vicon_receiver/include/boost/smart_ptr/detail/atomic_count.hpp\n'}
[25.634989] (vicon_receiver) StdoutLine: {'line': b'-- Installing: /home/ph/treasure/dockerBENCH/helios16p_ws/install/vicon_receiver/include/boost/smart_ptr/detail/atomic_count_pt.hpp\n'}
[25.635948] (vicon_receiver) StdoutLine: {'line': b'-- Installing: /home/ph/treasure/dockerBENCH/helios16p_ws/install/vicon_receiver/include/boost/smart_ptr/detail/sp_thread_pause.hpp\n'}
[25.636812] (vicon_receiver) StdoutLine: {'line': b'-- Installing: /home/ph/treasure/dockerBENCH/helios16p_ws/install/vicon_receiver/include/boost/smart_ptr/detail/shared_count.hpp\n'}
[25.637796] (vicon_receiver) StdoutLine: {'line': b'-- Installing: /home/ph/treasure/dockerBENCH/helios16p_ws/install/vicon_receiver/include/boost/smart_ptr/detail/sp_counted_base_snc_ps3.hpp\n'}
[25.638683] (vicon_receiver) StdoutLine: {'line': b'-- Installing: /home/ph/treasure/dockerBENCH/helios16p_ws/install/vicon_receiver/include/boost/smart_ptr/detail/lwm_std_mutex.hpp\n'}
[25.639551] (vicon_receiver) StdoutLine: {'line': b'-- Installing: /home/ph/treasure/dockerBENCH/helios16p_ws/install/vicon_receiver/include/boost/smart_ptr/detail/atomic_count_std_atomic.hpp\n'}
[25.640393] (vicon_receiver) StdoutLine: {'line': b'-- Installing: /home/ph/treasure/dockerBENCH/helios16p_ws/install/vicon_receiver/include/boost/smart_ptr/detail/sp_noexcept.hpp\n'}
[25.641235] (vicon_receiver) StdoutLine: {'line': b'-- Installing: /home/ph/treasure/dockerBENCH/helios16p_ws/install/vicon_receiver/include/boost/smart_ptr/detail/local_counted_base.hpp\n'}
[25.642161] (vicon_receiver) StdoutLine: {'line': b'-- Installing: /home/ph/treasure/dockerBENCH/helios16p_ws/install/vicon_receiver/include/boost/smart_ptr/detail/sp_counted_base_std_atomic.hpp\n'}
[25.643068] (vicon_receiver) StdoutLine: {'line': b'-- Installing: /home/ph/treasure/dockerBENCH/helios16p_ws/install/vicon_receiver/include/boost/smart_ptr/detail/lightweight_mutex.hpp\n'}
[25.643966] (vicon_receiver) StdoutLine: {'line': b'-- Installing: /home/ph/treasure/dockerBENCH/helios16p_ws/install/vicon_receiver/include/boost/smart_ptr/detail/spinlock_std_atomic.hpp\n'}
[25.644885] (vicon_receiver) StdoutLine: {'line': b'-- Installing: /home/ph/treasure/dockerBENCH/helios16p_ws/install/vicon_receiver/include/boost/smart_ptr/detail/sp_counted_base_vacpp_ppc.hpp\n'}
[25.645666] (vicon_receiver) StdoutLine: {'line': b'-- Installing: /home/ph/treasure/dockerBENCH/helios16p_ws/install/vicon_receiver/include/boost/smart_ptr/detail/sp_counted_base_gcc_x86.hpp\n'}
[25.646377] (vicon_receiver) StdoutLine: {'line': b'-- Installing: /home/ph/treasure/dockerBENCH/helios16p_ws/install/vicon_receiver/include/boost/smart_ptr/detail/sp_counted_base_w32.hpp\n'}
[25.646960] (vicon_receiver) StdoutLine: {'line': b'-- Installing: /home/ph/treasure/dockerBENCH/helios16p_ws/install/vicon_receiver/include/boost/smart_ptr/detail/sp_has_sync_intrinsics.hpp\n'}
[25.647574] (vicon_receiver) StdoutLine: {'line': b'-- Installing: /home/ph/treasure/dockerBENCH/helios16p_ws/install/vicon_receiver/include/boost/smart_ptr/detail/sp_counted_base_sync.hpp\n'}
[25.648156] (vicon_receiver) StdoutLine: {'line': b'-- Installing: /home/ph/treasure/dockerBENCH/helios16p_ws/install/vicon_receiver/include/boost/smart_ptr/detail/atomic_count_spin.hpp\n'}
[25.648792] (vicon_receiver) StdoutLine: {'line': b'-- Installing: /home/ph/treasure/dockerBENCH/helios16p_ws/install/vicon_receiver/include/boost/smart_ptr/detail/sp_typeinfo_.hpp\n'}
[25.649386] (vicon_receiver) StdoutLine: {'line': b'-- Installing: /home/ph/treasure/dockerBENCH/helios16p_ws/install/vicon_receiver/include/boost/smart_ptr/detail/sp_counted_base_nt.hpp\n'}
[25.649965] (vicon_receiver) StdoutLine: {'line': b'-- Installing: /home/ph/treasure/dockerBENCH/helios16p_ws/install/vicon_receiver/include/boost/smart_ptr/detail/spinlock_gcc_arm.hpp\n'}
[25.650578] (vicon_receiver) StdoutLine: {'line': b'-- Installing: /home/ph/treasure/dockerBENCH/helios16p_ws/install/vicon_receiver/include/boost/smart_ptr/detail/sp_has_gcc_intrinsics.hpp\n'}
[25.651326] (vicon_receiver) StdoutLine: {'line': b'-- Installing: /home/ph/treasure/dockerBENCH/helios16p_ws/install/vicon_receiver/include/boost/smart_ptr/detail/spinlock_w32.hpp\n'}
[25.651798] (vicon_receiver) StdoutLine: {'line': b'-- Installing: /home/ph/treasure/dockerBENCH/helios16p_ws/install/vicon_receiver/include/boost/smart_ptr/detail/lwm_pthreads.hpp\n'}
[25.652457] (vicon_receiver) StdoutLine: {'line': b'-- Installing: /home/ph/treasure/dockerBENCH/helios16p_ws/install/vicon_receiver/include/boost/smart_ptr/detail/sp_counted_base_cw_ppc.hpp\n'}
[25.653038] (vicon_receiver) StdoutLine: {'line': b'-- Installing: /home/ph/treasure/dockerBENCH/helios16p_ws/install/vicon_receiver/include/boost/smart_ptr/detail/atomic_count_win32.hpp\n'}
[25.653674] (vicon_receiver) StdoutLine: {'line': b'-- Installing: /home/ph/treasure/dockerBENCH/helios16p_ws/install/vicon_receiver/include/boost/smart_ptr/detail/sp_counted_base_pt.hpp\n'}
[25.654308] (vicon_receiver) StdoutLine: {'line': b'-- Installing: /home/ph/treasure/dockerBENCH/helios16p_ws/install/vicon_receiver/include/boost/smart_ptr/detail/sp_interlocked.hpp\n'}
[25.654946] (vicon_receiver) StdoutLine: {'line': b'-- Installing: /home/ph/treasure/dockerBENCH/helios16p_ws/install/vicon_receiver/include/boost/smart_ptr/detail/sp_counted_base_gcc_atomic.hpp\n'}
[25.655574] (vicon_receiver) StdoutLine: {'line': b'-- Installing: /home/ph/treasure/dockerBENCH/helios16p_ws/install/vicon_receiver/include/boost/smart_ptr/detail/sp_nullptr_t.hpp\n'}
[25.656184] (vicon_receiver) StdoutLine: {'line': b'-- Installing: /home/ph/treasure/dockerBENCH/helios16p_ws/install/vicon_receiver/include/boost/smart_ptr/detail/sp_thread_yield.hpp\n'}
[25.656842] (vicon_receiver) StdoutLine: {'line': b'-- Installing: /home/ph/treasure/dockerBENCH/helios16p_ws/install/vicon_receiver/include/boost/smart_ptr/detail/atomic_count_sync.hpp\n'}
[25.657495] (vicon_receiver) StdoutLine: {'line': b'-- Installing: /home/ph/treasure/dockerBENCH/helios16p_ws/install/vicon_receiver/include/boost/smart_ptr/detail/quick_allocator.hpp\n'}
[25.658119] (vicon_receiver) StdoutLine: {'line': b'-- Installing: /home/ph/treasure/dockerBENCH/helios16p_ws/install/vicon_receiver/include/boost/smart_ptr/detail/sp_obsolete.hpp\n'}
[25.658733] (vicon_receiver) StdoutLine: {'line': b'-- Installing: /home/ph/treasure/dockerBENCH/helios16p_ws/install/vicon_receiver/include/boost/smart_ptr/detail/sp_counted_base_aix.hpp\n'}
[25.659406] (vicon_receiver) StdoutLine: {'line': b'-- Installing: /home/ph/treasure/dockerBENCH/helios16p_ws/install/vicon_receiver/include/boost/smart_ptr/detail/spinlock_gcc_atomic.hpp\n'}
[25.660053] (vicon_receiver) StdoutLine: {'line': b'-- Installing: /home/ph/treasure/dockerBENCH/helios16p_ws/install/vicon_receiver/include/boost/smart_ptr/detail/spinlock_nt.hpp\n'}
[25.660681] (vicon_receiver) StdoutLine: {'line': b'-- Installing: /home/ph/treasure/dockerBENCH/helios16p_ws/install/vicon_receiver/include/boost/smart_ptr/detail/spinlock.hpp\n'}
[25.661303] (vicon_receiver) StdoutLine: {'line': b'-- Installing: /home/ph/treasure/dockerBENCH/helios16p_ws/install/vicon_receiver/include/boost/smart_ptr/detail/sp_counted_base_spin.hpp\n'}
[25.661908] (vicon_receiver) StdoutLine: {'line': b'-- Installing: /home/ph/treasure/dockerBENCH/helios16p_ws/install/vicon_receiver/include/boost/smart_ptr/detail/atomic_count_gcc.hpp\n'}
[25.662549] (vicon_receiver) StdoutLine: {'line': b'-- Installing: /home/ph/treasure/dockerBENCH/helios16p_ws/install/vicon_receiver/include/boost/smart_ptr/intrusive_ref_counter.hpp\n'}
[25.663172] (vicon_receiver) StdoutLine: {'line': b'-- Installing: /home/ph/treasure/dockerBENCH/helios16p_ws/install/vicon_receiver/include/boost/smart_ptr/make_shared_object.hpp\n'}
[25.664633] (vicon_receiver) StdoutLine: {'line': b'-- Installing: /home/ph/treasure/dockerBENCH/helios16p_ws/install/vicon_receiver/include/boost/smart_ptr/make_shared.hpp\n'}
[25.665520] (vicon_receiver) StdoutLine: {'line': b'-- Installing: /home/ph/treasure/dockerBENCH/helios16p_ws/install/vicon_receiver/include/boost/smart_ptr/weak_ptr.hpp\n'}
[25.666135] (vicon_receiver) StdoutLine: {'line': b'-- Installing: /home/ph/treasure/dockerBENCH/helios16p_ws/install/vicon_receiver/include/boost/smart_ptr/allocate_shared_array.hpp\n'}
[25.667086] (vicon_receiver) StdoutLine: {'line': b'-- Installing: /home/ph/treasure/dockerBENCH/helios16p_ws/install/vicon_receiver/include/boost/smart_ptr/enable_shared_from_this.hpp\n'}
[25.667682] (vicon_receiver) StdoutLine: {'line': b'-- Installing: /home/ph/treasure/dockerBENCH/helios16p_ws/install/vicon_receiver/include/boost/smart_ptr/intrusive_ptr.hpp\n'}
[25.668377] (vicon_receiver) StdoutLine: {'line': b'-- Installing: /home/ph/treasure/dockerBENCH/helios16p_ws/install/vicon_receiver/include/boost/smart_ptr/make_shared_array.hpp\n'}
[25.669270] (vicon_receiver) StdoutLine: {'line': b'-- Installing: /home/ph/treasure/dockerBENCH/helios16p_ws/install/vicon_receiver/include/boost/smart_ptr/scoped_array.hpp\n'}
[25.669874] (vicon_receiver) StdoutLine: {'line': b'-- Installing: /home/ph/treasure/dockerBENCH/helios16p_ws/install/vicon_receiver/include/boost/smart_ptr/scoped_ptr.hpp\n'}
[25.670463] (vicon_receiver) StdoutLine: {'line': b'-- Installing: /home/ph/treasure/dockerBENCH/helios16p_ws/install/vicon_receiver/include/boost/optional\n'}
[25.670882] (vicon_receiver) StdoutLine: {'line': b'-- Installing: /home/ph/treasure/dockerBENCH/helios16p_ws/install/vicon_receiver/include/boost/optional/bad_optional_access.hpp\n'}
[25.671490] (vicon_receiver) StdoutLine: {'line': b'-- Installing: /home/ph/treasure/dockerBENCH/helios16p_ws/install/vicon_receiver/include/boost/optional/detail\n'}
[25.671918] (vicon_receiver) StdoutLine: {'line': b'-- Installing: /home/ph/treasure/dockerBENCH/helios16p_ws/install/vicon_receiver/include/boost/optional/detail/optional_trivially_copyable_base.hpp\n'}
[25.672881] (vicon_receiver) StdoutLine: {'line': b'-- Installing: /home/ph/treasure/dockerBENCH/helios16p_ws/install/vicon_receiver/include/boost/optional/detail/optional_reference_spec.hpp\n'}
[25.673390] (vicon_receiver) StdoutLine: {'line': b'-- Installing: /home/ph/treasure/dockerBENCH/helios16p_ws/install/vicon_receiver/include/boost/optional/detail/optional_aligned_storage.hpp\n'}
[25.674002] (vicon_receiver) StdoutLine: {'line': b'-- Installing: /home/ph/treasure/dockerBENCH/helios16p_ws/install/vicon_receiver/include/boost/optional/detail/optional_config.hpp\n'}
[25.674644] (vicon_receiver) StdoutLine: {'line': b'-- Installing: /home/ph/treasure/dockerBENCH/helios16p_ws/install/vicon_receiver/include/boost/optional/detail/optional_swap.hpp\n'}
[25.675367] (vicon_receiver) StdoutLine: {'line': b'-- Installing: /home/ph/treasure/dockerBENCH/helios16p_ws/install/vicon_receiver/include/boost/optional/detail/optional_relops.hpp\n'}
[25.675897] (vicon_receiver) StdoutLine: {'line': b'-- Installing: /home/ph/treasure/dockerBENCH/helios16p_ws/install/vicon_receiver/include/boost/optional/detail/old_optional_implementation.hpp\n'}
[25.676594] (vicon_receiver) StdoutLine: {'line': b'-- Installing: /home/ph/treasure/dockerBENCH/helios16p_ws/install/vicon_receiver/include/boost/optional/detail/optional_factory_support.hpp\n'}
[25.677217] (vicon_receiver) StdoutLine: {'line': b'-- Installing: /home/ph/treasure/dockerBENCH/helios16p_ws/install/vicon_receiver/include/boost/optional/optional.hpp\n'}
[25.678040] (vicon_receiver) StdoutLine: {'line': b'-- Installing: /home/ph/treasure/dockerBENCH/helios16p_ws/install/vicon_receiver/include/boost/optional/optional_fwd.hpp\n'}
[25.678628] (vicon_receiver) StdoutLine: {'line': b'-- Installing: /home/ph/treasure/dockerBENCH/helios16p_ws/install/vicon_receiver/include/boost/version.hpp\n'}
[25.679232] (vicon_receiver) StdoutLine: {'line': b'-- Installing: /home/ph/treasure/dockerBENCH/helios16p_ws/install/vicon_receiver/include/boost/static_assert.hpp\n'}
[25.679863] (vicon_receiver) StdoutLine: {'line': b'-- Installing: /home/ph/treasure/dockerBENCH/helios16p_ws/install/vicon_receiver/include/boost/move\n'}
[25.680257] (vicon_receiver) StdoutLine: {'line': b'-- Installing: /home/ph/treasure/dockerBENCH/helios16p_ws/install/vicon_receiver/include/boost/move/algo\n'}
[25.680760] (vicon_receiver) StdoutLine: {'line': b'-- Installing: /home/ph/treasure/dockerBENCH/helios16p_ws/install/vicon_receiver/include/boost/move/algo/detail\n'}
[25.681146] (vicon_receiver) StdoutLine: {'line': b'-- Installing: /home/ph/treasure/dockerBENCH/helios16p_ws/install/vicon_receiver/include/boost/move/algo/detail/merge.hpp\n'}
[25.681893] (vicon_receiver) StdoutLine: {'line': b'-- Installing: /home/ph/treasure/dockerBENCH/helios16p_ws/install/vicon_receiver/include/boost/move/algo/detail/set_difference.hpp\n'}
[25.682539] (vicon_receiver) StdoutLine: {'line': b'-- Installing: /home/ph/treasure/dockerBENCH/helios16p_ws/install/vicon_receiver/include/boost/move/algo/detail/insertion_sort.hpp\n'}
[25.683175] (vicon_receiver) StdoutLine: {'line': b'-- Installing: /home/ph/treasure/dockerBENCH/helios16p_ws/install/vicon_receiver/include/boost/move/algo/detail/is_sorted.hpp\n'}
[25.683825] (vicon_receiver) StdoutLine: {'line': b'-- Installing: /home/ph/treasure/dockerBENCH/helios16p_ws/install/vicon_receiver/include/boost/move/algo/detail/heap_sort.hpp\n'}
[25.684465] (vicon_receiver) StdoutLine: {'line': b'-- Installing: /home/ph/treasure/dockerBENCH/helios16p_ws/install/vicon_receiver/include/boost/move/algo/detail/basic_op.hpp\n'}
[25.685122] (vicon_receiver) StdoutLine: {'line': b'-- Installing: /home/ph/treasure/dockerBENCH/helios16p_ws/install/vicon_receiver/include/boost/move/algo/detail/merge_sort.hpp\n'}
[25.685783] (vicon_receiver) StdoutLine: {'line': b'-- Installing: /home/ph/treasure/dockerBENCH/helios16p_ws/install/vicon_receiver/include/boost/move/algo/detail/adaptive_sort_merge.hpp\n'}
[25.686818] (vicon_receiver) StdoutLine: {'line': b'-- Installing: /home/ph/treasure/dockerBENCH/helios16p_ws/install/vicon_receiver/include/boost/move/algo/unique.hpp\n'}
[25.687300] (vicon_receiver) StdoutLine: {'line': b'-- Installing: /home/ph/treasure/dockerBENCH/helios16p_ws/install/vicon_receiver/include/boost/move/algo/adaptive_merge.hpp\n'}
[25.687958] (vicon_receiver) StdoutLine: {'line': b'-- Installing: /home/ph/treasure/dockerBENCH/helios16p_ws/install/vicon_receiver/include/boost/move/algo/move.hpp\n'}
[25.688590] (vicon_receiver) StdoutLine: {'line': b'-- Installing: /home/ph/treasure/dockerBENCH/helios16p_ws/install/vicon_receiver/include/boost/move/algo/predicate.hpp\n'}
[25.689215] (vicon_receiver) StdoutLine: {'line': b'-- Installing: /home/ph/treasure/dockerBENCH/helios16p_ws/install/vicon_receiver/include/boost/move/core.hpp\n'}
[25.689928] (vicon_receiver) StdoutLine: {'line': b'-- Installing: /home/ph/treasure/dockerBENCH/helios16p_ws/install/vicon_receiver/include/boost/move/adl_move_swap.hpp\n'}
[25.690546] (vicon_receiver) StdoutLine: {'line': b'-- Installing: /home/ph/treasure/dockerBENCH/helios16p_ws/install/vicon_receiver/include/boost/move/detail\n'}
[25.691041] (vicon_receiver) StdoutLine: {'line': b'-- Installing: /home/ph/treasure/dockerBENCH/helios16p_ws/install/vicon_receiver/include/boost/move/detail/reverse_iterator.hpp\n'}
[25.691701] (vicon_receiver) StdoutLine: {'line': b'-- Installing: /home/ph/treasure/dockerBENCH/helios16p_ws/install/vicon_receiver/include/boost/move/detail/iterator_to_raw_pointer.hpp\n'}
[25.692349] (vicon_receiver) StdoutLine: {'line': b'-- Installing: /home/ph/treasure/dockerBENCH/helios16p_ws/install/vicon_receiver/include/boost/move/detail/to_raw_pointer.hpp\n'}
[25.693020] (vicon_receiver) StdoutLine: {'line': b'-- Installing: /home/ph/treasure/dockerBENCH/helios16p_ws/install/vicon_receiver/include/boost/move/detail/meta_utils_core.hpp\n'}
[25.693659] (vicon_receiver) StdoutLine: {'line': b'-- Installing: /home/ph/treasure/dockerBENCH/helios16p_ws/install/vicon_receiver/include/boost/move/detail/iterator_traits.hpp\n'}
[25.694307] (vicon_receiver) StdoutLine: {'line': b'-- Installing: /home/ph/treasure/dockerBENCH/helios16p_ws/install/vicon_receiver/include/boost/move/detail/type_traits.hpp\n'}
[25.695175] (vicon_receiver) StdoutLine: {'line': b'-- Installing: /home/ph/treasure/dockerBENCH/helios16p_ws/install/vicon_receiver/include/boost/move/detail/move_helpers.hpp\n'}
[25.695907] (vicon_receiver) StdoutLine: {'line': b'-- Installing: /home/ph/treasure/dockerBENCH/helios16p_ws/install/vicon_receiver/include/boost/move/detail/config_end.hpp\n'}
[25.696590] (vicon_receiver) StdoutLine: {'line': b'-- Installing: /home/ph/treasure/dockerBENCH/helios16p_ws/install/vicon_receiver/include/boost/move/detail/destruct_n.hpp\n'}
[25.697217] (vicon_receiver) StdoutLine: {'line': b'-- Installing: /home/ph/treasure/dockerBENCH/helios16p_ws/install/vicon_receiver/include/boost/move/detail/unique_ptr_meta_utils.hpp\n'}
[25.697868] (vicon_receiver) StdoutLine: {'line': b'-- Installing: /home/ph/treasure/dockerBENCH/helios16p_ws/install/vicon_receiver/include/boost/move/detail/std_ns_begin.hpp\n'}
[25.698565] (vicon_receiver) StdoutLine: {'line': b'-- Installing: /home/ph/treasure/dockerBENCH/helios16p_ws/install/vicon_receiver/include/boost/move/detail/meta_utils.hpp\n'}
[25.699192] (vicon_receiver) StdoutLine: {'line': b'-- Installing: /home/ph/treasure/dockerBENCH/helios16p_ws/install/vicon_receiver/include/boost/move/detail/pointer_element.hpp\n'}
[25.699858] (vicon_receiver) StdoutLine: {'line': b'-- Installing: /home/ph/treasure/dockerBENCH/helios16p_ws/install/vicon_receiver/include/boost/move/detail/config_begin.hpp\n'}
[25.700504] (vicon_receiver) StdoutLine: {'line': b'-- Installing: /home/ph/treasure/dockerBENCH/helios16p_ws/install/vicon_receiver/include/boost/move/detail/std_ns_end.hpp\n'}
[25.701113] (vicon_receiver) StdoutLine: {'line': b'-- Installing: /home/ph/treasure/dockerBENCH/helios16p_ws/install/vicon_receiver/include/boost/move/detail/workaround.hpp\n'}
[25.701749] (vicon_receiver) StdoutLine: {'line': b'-- Installing: /home/ph/treasure/dockerBENCH/helios16p_ws/install/vicon_receiver/include/boost/move/detail/fwd_macros.hpp\n'}
[25.702625] (vicon_receiver) StdoutLine: {'line': b'-- Installing: /home/ph/treasure/dockerBENCH/helios16p_ws/install/vicon_receiver/include/boost/move/detail/placement_new.hpp\n'}
[25.703197] (vicon_receiver) StdoutLine: {'line': b'-- Installing: /home/ph/treasure/dockerBENCH/helios16p_ws/install/vicon_receiver/include/boost/move/traits.hpp\n'}
[25.703846] (vicon_receiver) StdoutLine: {'line': b'-- Installing: /home/ph/treasure/dockerBENCH/helios16p_ws/install/vicon_receiver/include/boost/move/utility.hpp\n'}
[25.704515] (vicon_receiver) StdoutLine: {'line': b'-- Installing: /home/ph/treasure/dockerBENCH/helios16p_ws/install/vicon_receiver/include/boost/move/default_delete.hpp\n'}
[25.705226] (vicon_receiver) StdoutLine: {'line': b'-- Installing: /home/ph/treasure/dockerBENCH/helios16p_ws/install/vicon_receiver/include/boost/move/unique_ptr.hpp\n'}
[25.706038] (vicon_receiver) StdoutLine: {'line': b'-- Installing: /home/ph/treasure/dockerBENCH/helios16p_ws/install/vicon_receiver/include/boost/move/utility_core.hpp\n'}
[25.706741] (vicon_receiver) StdoutLine: {'line': b'-- Installing: /home/ph/treasure/dockerBENCH/helios16p_ws/install/vicon_receiver/include/boost/move/make_unique.hpp\n'}
[25.707490] (vicon_receiver) StdoutLine: {'line': b'-- Installing: /home/ph/treasure/dockerBENCH/helios16p_ws/install/vicon_receiver/include/boost/move/iterator.hpp\n'}
[25.708118] (vicon_receiver) StdoutLine: {'line': b'-- Installing: /home/ph/treasure/dockerBENCH/helios16p_ws/install/vicon_receiver/include/boost/function\n'}
[25.708776] (vicon_receiver) StdoutLine: {'line': b'-- Installing: /home/ph/treasure/dockerBENCH/helios16p_ws/install/vicon_receiver/include/boost/function/function10.hpp\n'}
[25.709270] (vicon_receiver) StdoutLine: {'line': b'-- Installing: /home/ph/treasure/dockerBENCH/helios16p_ws/install/vicon_receiver/include/boost/function/detail\n'}
[25.709749] (vicon_receiver) StdoutLine: {'line': b'-- Installing: /home/ph/treasure/dockerBENCH/helios16p_ws/install/vicon_receiver/include/boost/function/detail/prologue.hpp\n'}
[25.710405] (vicon_receiver) StdoutLine: {'line': b'-- Installing: /home/ph/treasure/dockerBENCH/helios16p_ws/install/vicon_receiver/include/boost/function/detail/gen_maybe_include.pl\n'}
[25.710778] (-) TimerEvent: {}
[25.711209] (vicon_receiver) StdoutLine: {'line': b'-- Installing: /home/ph/treasure/dockerBENCH/helios16p_ws/install/vicon_receiver/include/boost/function/detail/function_iterate.hpp\n'}
[25.711798] (vicon_receiver) StdoutLine: {'line': b'-- Installing: /home/ph/treasure/dockerBENCH/helios16p_ws/install/vicon_receiver/include/boost/function/detail/maybe_include.hpp\n'}
[25.712525] (vicon_receiver) StdoutLine: {'line': b'-- Installing: /home/ph/treasure/dockerBENCH/helios16p_ws/install/vicon_receiver/include/boost/function/function3.hpp\n'}
[25.713151] (vicon_receiver) StdoutLine: {'line': b'-- Installing: /home/ph/treasure/dockerBENCH/helios16p_ws/install/vicon_receiver/include/boost/function/function2.hpp\n'}
[25.713783] (vicon_receiver) StdoutLine: {'line': b'-- Installing: /home/ph/treasure/dockerBENCH/helios16p_ws/install/vicon_receiver/include/boost/function/function7.hpp\n'}
[25.714452] (vicon_receiver) StdoutLine: {'line': b'-- Installing: /home/ph/treasure/dockerBENCH/helios16p_ws/install/vicon_receiver/include/boost/function/function9.hpp\n'}
[25.715098] (vicon_receiver) StdoutLine: {'line': b'-- Installing: /home/ph/treasure/dockerBENCH/helios16p_ws/install/vicon_receiver/include/boost/function/function1.hpp\n'}
[25.715788] (vicon_receiver) StdoutLine: {'line': b'-- Installing: /home/ph/treasure/dockerBENCH/helios16p_ws/install/vicon_receiver/include/boost/function/function6.hpp\n'}
[25.716447] (vicon_receiver) StdoutLine: {'line': b'-- Installing: /home/ph/treasure/dockerBENCH/helios16p_ws/install/vicon_receiver/include/boost/function/function0.hpp\n'}
[25.717101] (vicon_receiver) StdoutLine: {'line': b'-- Installing: /home/ph/treasure/dockerBENCH/helios16p_ws/install/vicon_receiver/include/boost/function/function_template.hpp\n'}
[25.717977] (vicon_receiver) StdoutLine: {'line': b'-- Installing: /home/ph/treasure/dockerBENCH/helios16p_ws/install/vicon_receiver/include/boost/function/function_fwd.hpp\n'}
[25.718628] (vicon_receiver) StdoutLine: {'line': b'-- Installing: /home/ph/treasure/dockerBENCH/helios16p_ws/install/vicon_receiver/include/boost/function/function4.hpp\n'}
[25.719312] (vicon_receiver) StdoutLine: {'line': b'-- Installing: /home/ph/treasure/dockerBENCH/helios16p_ws/install/vicon_receiver/include/boost/function/function8.hpp\n'}
[25.719954] (vicon_receiver) StdoutLine: {'line': b'-- Installing: /home/ph/treasure/dockerBENCH/helios16p_ws/install/vicon_receiver/include/boost/function/function_base.hpp\n'}
[25.720759] (vicon_receiver) StdoutLine: {'line': b'-- Installing: /home/ph/treasure/dockerBENCH/helios16p_ws/install/vicon_receiver/include/boost/function/function5.hpp\n'}
[25.721476] (vicon_receiver) StdoutLine: {'line': b'-- Installing: /home/ph/treasure/dockerBENCH/helios16p_ws/install/vicon_receiver/include/boost/current_function.hpp\n'}
[25.722137] (vicon_receiver) StdoutLine: {'line': b'-- Installing: /home/ph/treasure/dockerBENCH/helios16p_ws/install/vicon_receiver/include/boost/exception_ptr.hpp\n'}
[25.723346] (vicon_receiver) StdoutLine: {'line': b'-- Installing: /home/ph/treasure/dockerBENCH/helios16p_ws/install/vicon_receiver/include/boost/format.hpp\n'}
[25.724035] (vicon_receiver) StdoutLine: {'line': b'-- Installing: /home/ph/treasure/dockerBENCH/helios16p_ws/install/vicon_receiver/include/boost/io_fwd.hpp\n'}
[25.724544] (vicon_receiver) StdoutLine: {'line': b'-- Installing: /home/ph/treasure/dockerBENCH/helios16p_ws/install/vicon_receiver/include/boost/make_shared.hpp\n'}
[25.725416] (vicon_receiver) StdoutLine: {'line': b'-- Installing: /home/ph/treasure/dockerBENCH/helios16p_ws/install/vicon_receiver/include/boost/utility.hpp\n'}
[25.726084] (vicon_receiver) StdoutLine: {'line': b'-- Installing: /home/ph/treasure/dockerBENCH/helios16p_ws/install/vicon_receiver/include/boost/cerrno.hpp\n'}
[25.726693] (vicon_receiver) StdoutLine: {'line': b'-- Installing: /home/ph/treasure/dockerBENCH/helios16p_ws/install/vicon_receiver/include/boost/lexical_cast.hpp\n'}
[25.727238] (vicon_receiver) StdoutLine: {'line': b'-- Installing: /home/ph/treasure/dockerBENCH/helios16p_ws/install/vicon_receiver/include/boost/tuple\n'}
[25.727666] (vicon_receiver) StdoutLine: {'line': b'-- Installing: /home/ph/treasure/dockerBENCH/helios16p_ws/install/vicon_receiver/include/boost/tuple/detail\n'}
[25.728027] (vicon_receiver) StdoutLine: {'line': b'-- Installing: /home/ph/treasure/dockerBENCH/helios16p_ws/install/vicon_receiver/include/boost/tuple/detail/tuple_basic.hpp\n'}
[25.729669] (vicon_receiver) StdoutLine: {'line': b'-- Installing: /home/ph/treasure/dockerBENCH/helios16p_ws/install/vicon_receiver/include/boost/tuple/tuple.hpp\n'}
[25.730341] (vicon_receiver) StdoutLine: {'line': b'-- Installing: /home/ph/treasure/dockerBENCH/helios16p_ws/install/vicon_receiver/include/boost/container_hash\n'}
[25.730754] (vicon_receiver) StdoutLine: {'line': b'-- Installing: /home/ph/treasure/dockerBENCH/helios16p_ws/install/vicon_receiver/include/boost/container_hash/hash.hpp\n'}
[25.731449] (vicon_receiver) StdoutLine: {'line': b'-- Installing: /home/ph/treasure/dockerBENCH/helios16p_ws/install/vicon_receiver/include/boost/container_hash/detail\n'}
[25.732151] (vicon_receiver) StdoutLine: {'line': b'-- Installing: /home/ph/treasure/dockerBENCH/helios16p_ws/install/vicon_receiver/include/boost/container_hash/detail/hash_float.hpp\n'}
[25.732640] (vicon_receiver) StdoutLine: {'line': b'-- Installing: /home/ph/treasure/dockerBENCH/helios16p_ws/install/vicon_receiver/include/boost/container_hash/detail/float_functions.hpp\n'}
[25.733102] (vicon_receiver) StdoutLine: {'line': b'-- Installing: /home/ph/treasure/dockerBENCH/helios16p_ws/install/vicon_receiver/include/boost/container_hash/detail/limits.hpp\n'}
[25.733670] (vicon_receiver) StdoutLine: {'line': b'-- Installing: /home/ph/treasure/dockerBENCH/helios16p_ws/install/vicon_receiver/include/boost/container_hash/extensions.hpp\n'}
[25.734265] (vicon_receiver) StdoutLine: {'line': b'-- Installing: /home/ph/treasure/dockerBENCH/helios16p_ws/install/vicon_receiver/include/boost/container_hash/hash_fwd.hpp\n'}
[25.734872] (vicon_receiver) StdoutLine: {'line': b'-- Installing: /home/ph/treasure/dockerBENCH/helios16p_ws/install/vicon_receiver/include/boost/functional\n'}
[25.735233] (vicon_receiver) StdoutLine: {'line': b'-- Installing: /home/ph/treasure/dockerBENCH/helios16p_ws/install/vicon_receiver/include/boost/functional/hash.hpp\n'}
[25.735814] (vicon_receiver) StdoutLine: {'line': b'-- Installing: /home/ph/treasure/dockerBENCH/helios16p_ws/install/vicon_receiver/include/boost/functional/hash_fwd.hpp\n'}
[25.736391] (vicon_receiver) StdoutLine: {'line': b'-- Installing: /home/ph/treasure/dockerBENCH/helios16p_ws/install/vicon_receiver/include/boost/weak_ptr.hpp\n'}
[25.736984] (vicon_receiver) StdoutLine: {'line': b'-- Installing: /home/ph/treasure/dockerBENCH/helios16p_ws/install/vicon_receiver/include/boost/throw_exception.hpp\n'}
[25.737609] (vicon_receiver) StdoutLine: {'line': b'-- Installing: /home/ph/treasure/dockerBENCH/helios16p_ws/install/vicon_receiver/include/boost/token_iterator.hpp\n'}
[25.738209] (vicon_receiver) StdoutLine: {'line': b'-- Installing: /home/ph/treasure/dockerBENCH/helios16p_ws/install/vicon_receiver/include/boost/checked_delete.hpp\n'}
[25.738798] (vicon_receiver) StdoutLine: {'line': b'-- Installing: /home/ph/treasure/dockerBENCH/helios16p_ws/install/vicon_receiver/include/boost/integer\n'}
[25.739170] (vicon_receiver) StdoutLine: {'line': b'-- Installing: /home/ph/treasure/dockerBENCH/helios16p_ws/install/vicon_receiver/include/boost/integer/static_log2.hpp\n'}
[25.739787] (vicon_receiver) StdoutLine: {'line': b'-- Installing: /home/ph/treasure/dockerBENCH/helios16p_ws/install/vicon_receiver/include/boost/integer/common_factor_rt.hpp\n'}
[25.740439] (vicon_receiver) StdoutLine: {'line': b'-- Installing: /home/ph/treasure/dockerBENCH/helios16p_ws/install/vicon_receiver/include/boost/array.hpp\n'}
[25.741072] (vicon_receiver) StdoutLine: {'line': b'-- Installing: /home/ph/treasure/dockerBENCH/helios16p_ws/install/vicon_receiver/include/boost/format\n'}
[25.741511] (vicon_receiver) StdoutLine: {'line': b'-- Installing: /home/ph/treasure/dockerBENCH/helios16p_ws/install/vicon_receiver/include/boost/format/format_implementation.hpp\n'}
[25.742210] (vicon_receiver) StdoutLine: {'line': b'-- Installing: /home/ph/treasure/dockerBENCH/helios16p_ws/install/vicon_receiver/include/boost/format/detail\n'}
[25.742601] (vicon_receiver) StdoutLine: {'line': b'-- Installing: /home/ph/treasure/dockerBENCH/helios16p_ws/install/vicon_receiver/include/boost/format/detail/compat_workarounds.hpp\n'}
[25.743203] (vicon_receiver) StdoutLine: {'line': b'-- Installing: /home/ph/treasure/dockerBENCH/helios16p_ws/install/vicon_receiver/include/boost/format/detail/workarounds_stlport.hpp\n'}
[25.743802] (vicon_receiver) StdoutLine: {'line': b'-- Installing: /home/ph/treasure/dockerBENCH/helios16p_ws/install/vicon_receiver/include/boost/format/detail/unset_macros.hpp\n'}
[25.744370] (vicon_receiver) StdoutLine: {'line': b'-- Installing: /home/ph/treasure/dockerBENCH/helios16p_ws/install/vicon_receiver/include/boost/format/detail/config_macros.hpp\n'}
[25.744922] (vicon_receiver) StdoutLine: {'line': b'-- Installing: /home/ph/treasure/dockerBENCH/helios16p_ws/install/vicon_receiver/include/boost/format/detail/msvc_disambiguater.hpp\n'}
[25.745512] (vicon_receiver) StdoutLine: {'line': b'-- Installing: /home/ph/treasure/dockerBENCH/helios16p_ws/install/vicon_receiver/include/boost/format/detail/workarounds_gcc-2_95.hpp\n'}
[25.746117] (vicon_receiver) StdoutLine: {'line': b'-- Installing: /home/ph/treasure/dockerBENCH/helios16p_ws/install/vicon_receiver/include/boost/format/parsing.hpp\n'}
[25.746824] (vicon_receiver) StdoutLine: {'line': b'-- Installing: /home/ph/treasure/dockerBENCH/helios16p_ws/install/vicon_receiver/include/boost/format/alt_sstream_impl.hpp\n'}
[25.747465] (vicon_receiver) StdoutLine: {'line': b'-- Installing: /home/ph/treasure/dockerBENCH/helios16p_ws/install/vicon_receiver/include/boost/format/internals.hpp\n'}
[25.748181] (vicon_receiver) StdoutLine: {'line': b'-- Installing: /home/ph/treasure/dockerBENCH/helios16p_ws/install/vicon_receiver/include/boost/format/format_fwd.hpp\n'}
[25.748619] (vicon_receiver) StdoutLine: {'line': b'-- Installing: /home/ph/treasure/dockerBENCH/helios16p_ws/install/vicon_receiver/include/boost/format/alt_sstream.hpp\n'}
[25.749219] (vicon_receiver) StdoutLine: {'line': b'-- Installing: /home/ph/treasure/dockerBENCH/helios16p_ws/install/vicon_receiver/include/boost/format/group.hpp\n'}
[25.749875] (vicon_receiver) StdoutLine: {'line': b'-- Installing: /home/ph/treasure/dockerBENCH/helios16p_ws/install/vicon_receiver/include/boost/format/exceptions.hpp\n'}
[25.750477] (vicon_receiver) StdoutLine: {'line': b'-- Installing: /home/ph/treasure/dockerBENCH/helios16p_ws/install/vicon_receiver/include/boost/format/format_class.hpp\n'}
[25.751068] (vicon_receiver) StdoutLine: {'line': b'-- Installing: /home/ph/treasure/dockerBENCH/helios16p_ws/install/vicon_receiver/include/boost/format/feed_args.hpp\n'}
[25.751716] (vicon_receiver) StdoutLine: {'line': b'-- Installing: /home/ph/treasure/dockerBENCH/helios16p_ws/install/vicon_receiver/include/boost/format/free_funcs.hpp\n'}
[25.752279] (vicon_receiver) StdoutLine: {'line': b'-- Installing: /home/ph/treasure/dockerBENCH/helios16p_ws/install/vicon_receiver/include/boost/format/internals_fwd.hpp\n'}
[25.752894] (vicon_receiver) StdoutLine: {'line': b'-- Installing: /home/ph/treasure/dockerBENCH/helios16p_ws/install/vicon_receiver/include/boost/regex.hpp\n'}
[25.753509] (vicon_receiver) StdoutLine: {'line': b'-- Installing: /home/ph/treasure/dockerBENCH/helios16p_ws/install/vicon_receiver/include/boost/visit_each.hpp\n'}
[25.754127] (vicon_receiver) StdoutLine: {'line': b'-- Installing: /home/ph/treasure/dockerBENCH/helios16p_ws/install/vicon_receiver/include/boost/integer_fwd.hpp\n'}
[25.754820] (vicon_receiver) StdoutLine: {'line': b'-- Installing: /home/ph/treasure/dockerBENCH/helios16p_ws/install/vicon_receiver/include/boost/next_prior.hpp\n'}
[25.755822] (vicon_receiver) StdoutLine: {'line': b'-- Installing: /home/ph/treasure/dockerBENCH/helios16p_ws/install/vicon_receiver/include/boost/enable_shared_from_this.hpp\n'}
[25.756393] (vicon_receiver) StdoutLine: {'line': b'-- Installing: /home/ph/treasure/dockerBENCH/helios16p_ws/install/vicon_receiver/include/boost/bind\n'}
[25.756794] (vicon_receiver) StdoutLine: {'line': b'-- Installing: /home/ph/treasure/dockerBENCH/helios16p_ws/install/vicon_receiver/include/boost/bind/mem_fn_cc.hpp\n'}
[25.757581] (vicon_receiver) StdoutLine: {'line': b'-- Installing: /home/ph/treasure/dockerBENCH/helios16p_ws/install/vicon_receiver/include/boost/bind/mem_fn.hpp\n'}
[25.758062] (vicon_receiver) StdoutLine: {'line': b'-- Installing: /home/ph/treasure/dockerBENCH/helios16p_ws/install/vicon_receiver/include/boost/bind/detail\n'}
[25.758424] (vicon_receiver) StdoutLine: {'line': b'-- Installing: /home/ph/treasure/dockerBENCH/helios16p_ws/install/vicon_receiver/include/boost/bind/detail/result_traits.hpp\n'}
[25.759150] (vicon_receiver) StdoutLine: {'line': b'-- Installing: /home/ph/treasure/dockerBENCH/helios16p_ws/install/vicon_receiver/include/boost/bind/bind_cc.hpp\n'}
[25.759777] (vicon_receiver) StdoutLine: {'line': b'-- Installing: /home/ph/treasure/dockerBENCH/helios16p_ws/install/vicon_receiver/include/boost/bind/bind.hpp\n'}
[25.760752] (vicon_receiver) StdoutLine: {'line': b'-- Installing: /home/ph/treasure/dockerBENCH/helios16p_ws/install/vicon_receiver/include/boost/bind/bind_template.hpp\n'}
[25.761367] (vicon_receiver) StdoutLine: {'line': b'-- Installing: /home/ph/treasure/dockerBENCH/helios16p_ws/install/vicon_receiver/include/boost/bind/mem_fn_template.hpp\n'}
[25.762039] (vicon_receiver) StdoutLine: {'line': b'-- Installing: /home/ph/treasure/dockerBENCH/helios16p_ws/install/vicon_receiver/include/boost/bind/placeholders.hpp\n'}
[25.762641] (vicon_receiver) StdoutLine: {'line': b'-- Installing: /home/ph/treasure/dockerBENCH/helios16p_ws/install/vicon_receiver/include/boost/bind/bind_mf2_cc.hpp\n'}
[25.763253] (vicon_receiver) StdoutLine: {'line': b'-- Installing: /home/ph/treasure/dockerBENCH/helios16p_ws/install/vicon_receiver/include/boost/bind/arg.hpp\n'}
[25.763849] (vicon_receiver) StdoutLine: {'line': b'-- Installing: /home/ph/treasure/dockerBENCH/helios16p_ws/install/vicon_receiver/include/boost/bind/bind_mf_cc.hpp\n'}
[25.764529] (vicon_receiver) StdoutLine: {'line': b'-- Installing: /home/ph/treasure/dockerBENCH/helios16p_ws/install/vicon_receiver/include/boost/bind/storage.hpp\n'}
[25.765232] (vicon_receiver) StdoutLine: {'line': b'-- Installing: /home/ph/treasure/dockerBENCH/helios16p_ws/install/vicon_receiver/include/boost/bind/mem_fn_vw.hpp\n'}
[25.765776] (vicon_receiver) StdoutLine: {'line': b'-- Installing: /home/ph/treasure/dockerBENCH/helios16p_ws/install/vicon_receiver/include/boost/range\n'}
[25.766252] (vicon_receiver) StdoutLine: {'line': b'-- Installing: /home/ph/treasure/dockerBENCH/helios16p_ws/install/vicon_receiver/include/boost/range/empty.hpp\n'}
[25.766805] (vicon_receiver) StdoutLine: {'line': b'-- Installing: /home/ph/treasure/dockerBENCH/helios16p_ws/install/vicon_receiver/include/boost/range/reverse_iterator.hpp\n'}
[25.767365] (vicon_receiver) StdoutLine: {'line': b'-- Installing: /home/ph/treasure/dockerBENCH/helios16p_ws/install/vicon_receiver/include/boost/range/algorithm\n'}
[25.768095] (vicon_receiver) StdoutLine: {'line': b'-- Installing: /home/ph/treasure/dockerBENCH/helios16p_ws/install/vicon_receiver/include/boost/range/algorithm/equal.hpp\n'}
[25.768481] (vicon_receiver) StdoutLine: {'line': b'-- Installing: /home/ph/treasure/dockerBENCH/helios16p_ws/install/vicon_receiver/include/boost/range/iterator_range_io.hpp\n'}
[25.769001] (vicon_receiver) StdoutLine: {'line': b'-- Installing: /home/ph/treasure/dockerBENCH/helios16p_ws/install/vicon_receiver/include/boost/range/distance.hpp\n'}
[25.769569] (vicon_receiver) StdoutLine: {'line': b'-- Installing: /home/ph/treasure/dockerBENCH/helios16p_ws/install/vicon_receiver/include/boost/range/detail\n'}
[25.769978] (vicon_receiver) StdoutLine: {'line': b'-- Installing: /home/ph/treasure/dockerBENCH/helios16p_ws/install/vicon_receiver/include/boost/range/detail/common.hpp\n'}
[25.770668] (vicon_receiver) StdoutLine: {'line': b'-- Installing: /home/ph/treasure/dockerBENCH/helios16p_ws/install/vicon_receiver/include/boost/range/detail/safe_bool.hpp\n'}
[25.771228] (vicon_receiver) StdoutLine: {'line': b'-- Installing: /home/ph/treasure/dockerBENCH/helios16p_ws/install/vicon_receiver/include/boost/range/detail/misc_concept.hpp\n'}
[25.771859] (vicon_receiver) StdoutLine: {'line': b'-- Installing: /home/ph/treasure/dockerBENCH/helios16p_ws/install/vicon_receiver/include/boost/range/detail/combine_cxx03.hpp\n'}
[25.772467] (vicon_receiver) StdoutLine: {'line': b'-- Installing: /home/ph/treasure/dockerBENCH/helios16p_ws/install/vicon_receiver/include/boost/range/detail/has_member_size.hpp\n'}
[25.773046] (vicon_receiver) StdoutLine: {'line': b'-- Installing: /home/ph/treasure/dockerBENCH/helios16p_ws/install/vicon_receiver/include/boost/range/detail/combine_cxx11.hpp\n'}
[25.773657] (vicon_receiver) StdoutLine: {'line': b'-- Installing: /home/ph/treasure/dockerBENCH/helios16p_ws/install/vicon_receiver/include/boost/range/detail/msvc_has_iterator_workaround.hpp\n'}
[25.774251] (vicon_receiver) StdoutLine: {'line': b'-- Installing: /home/ph/treasure/dockerBENCH/helios16p_ws/install/vicon_receiver/include/boost/range/detail/extract_optional_type.hpp\n'}
[25.774894] (vicon_receiver) StdoutLine: {'line': b'-- Installing: /home/ph/treasure/dockerBENCH/helios16p_ws/install/vicon_receiver/include/boost/range/detail/combine_no_rvalue.hpp\n'}
[25.775544] (vicon_receiver) StdoutLine: {'line': b'-- Installing: /home/ph/treasure/dockerBENCH/helios16p_ws/install/vicon_receiver/include/boost/range/detail/implementation_help.hpp\n'}
[25.776205] (vicon_receiver) StdoutLine: {'line': b'-- Installing: /home/ph/treasure/dockerBENCH/helios16p_ws/install/vicon_receiver/include/boost/range/detail/combine_rvalue.hpp\n'}
[25.776916] (vicon_receiver) StdoutLine: {'line': b'-- Installing: /home/ph/treasure/dockerBENCH/helios16p_ws/install/vicon_receiver/include/boost/range/detail/sfinae.hpp\n'}
[25.777422] (vicon_receiver) StdoutLine: {'line': b'-- Installing: /home/ph/treasure/dockerBENCH/helios16p_ws/install/vicon_receiver/include/boost/range/detail/str_types.hpp\n'}
[25.777980] (vicon_receiver) StdoutLine: {'line': b'-- Installing: /home/ph/treasure/dockerBENCH/helios16p_ws/install/vicon_receiver/include/boost/range/functions.hpp\n'}
[25.778602] (vicon_receiver) StdoutLine: {'line': b'-- Installing: /home/ph/treasure/dockerBENCH/helios16p_ws/install/vicon_receiver/include/boost/range/as_literal.hpp\n'}
[25.779166] (vicon_receiver) StdoutLine: {'line': b'-- Installing: /home/ph/treasure/dockerBENCH/helios16p_ws/install/vicon_receiver/include/boost/range/size_type.hpp\n'}
[25.779931] (vicon_receiver) StdoutLine: {'line': b'-- Installing: /home/ph/treasure/dockerBENCH/helios16p_ws/install/vicon_receiver/include/boost/range/begin.hpp\n'}
[25.780466] (vicon_receiver) StdoutLine: {'line': b'-- Installing: /home/ph/treasure/dockerBENCH/helios16p_ws/install/vicon_receiver/include/boost/range/rbegin.hpp\n'}
[25.780952] (vicon_receiver) StdoutLine: {'line': b'-- Installing: /home/ph/treasure/dockerBENCH/helios16p_ws/install/vicon_receiver/include/boost/range/config.hpp\n'}
[25.781583] (vicon_receiver) StdoutLine: {'line': b'-- Installing: /home/ph/treasure/dockerBENCH/helios16p_ws/install/vicon_receiver/include/boost/range/range_fwd.hpp\n'}
[25.782171] (vicon_receiver) StdoutLine: {'line': b'-- Installing: /home/ph/treasure/dockerBENCH/helios16p_ws/install/vicon_receiver/include/boost/range/has_range_iterator.hpp\n'}
[25.782769] (vicon_receiver) StdoutLine: {'line': b'-- Installing: /home/ph/treasure/dockerBENCH/helios16p_ws/install/vicon_receiver/include/boost/range/difference_type.hpp\n'}
[25.783363] (vicon_receiver) StdoutLine: {'line': b'-- Installing: /home/ph/treasure/dockerBENCH/helios16p_ws/install/vicon_receiver/include/boost/range/concepts.hpp\n'}
[25.783997] (vicon_receiver) StdoutLine: {'line': b'-- Installing: /home/ph/treasure/dockerBENCH/helios16p_ws/install/vicon_receiver/include/boost/range/end.hpp\n'}
[25.784592] (vicon_receiver) StdoutLine: {'line': b'-- Installing: /home/ph/treasure/dockerBENCH/helios16p_ws/install/vicon_receiver/include/boost/range/combine.hpp\n'}
[25.785166] (vicon_receiver) StdoutLine: {'line': b'-- Installing: /home/ph/treasure/dockerBENCH/helios16p_ws/install/vicon_receiver/include/boost/range/const_iterator.hpp\n'}
[25.785764] (vicon_receiver) StdoutLine: {'line': b'-- Installing: /home/ph/treasure/dockerBENCH/helios16p_ws/install/vicon_receiver/include/boost/range/iterator_range_core.hpp\n'}
[25.786523] (vicon_receiver) StdoutLine: {'line': b'-- Installing: /home/ph/treasure/dockerBENCH/helios16p_ws/install/vicon_receiver/include/boost/range/mutable_iterator.hpp\n'}
[25.787102] (vicon_receiver) StdoutLine: {'line': b'-- Installing: /home/ph/treasure/dockerBENCH/helios16p_ws/install/vicon_receiver/include/boost/range/value_type.hpp\n'}
[25.787742] (vicon_receiver) StdoutLine: {'line': b'-- Installing: /home/ph/treasure/dockerBENCH/helios16p_ws/install/vicon_receiver/include/boost/range/rend.hpp\n'}
[25.788351] (vicon_receiver) StdoutLine: {'line': b'-- Installing: /home/ph/treasure/dockerBENCH/helios16p_ws/install/vicon_receiver/include/boost/range/iterator_range.hpp\n'}
[25.788923] (vicon_receiver) StdoutLine: {'line': b'-- Installing: /home/ph/treasure/dockerBENCH/helios16p_ws/install/vicon_receiver/include/boost/range/size.hpp\n'}
[25.789536] (vicon_receiver) StdoutLine: {'line': b'-- Installing: /home/ph/treasure/dockerBENCH/helios16p_ws/install/vicon_receiver/include/boost/range/iterator.hpp\n'}
[25.790092] (vicon_receiver) StdoutLine: {'line': b'-- Installing: /home/ph/treasure/dockerBENCH/helios16p_ws/install/vicon_receiver/include/boost/math\n'}
[25.790648] (vicon_receiver) StdoutLine: {'line': b'-- Installing: /home/ph/treasure/dockerBENCH/helios16p_ws/install/vicon_receiver/include/boost/math/special_functions\n'}
[25.790978] (vicon_receiver) StdoutLine: {'line': b'-- Installing: /home/ph/treasure/dockerBENCH/helios16p_ws/install/vicon_receiver/include/boost/math/special_functions/math_fwd.hpp\n'}
[25.792062] (vicon_receiver) StdoutLine: {'line': b'-- Installing: /home/ph/treasure/dockerBENCH/helios16p_ws/install/vicon_receiver/include/boost/math/special_functions/detail\n'}
[25.792483] (vicon_receiver) StdoutLine: {'line': b'-- Installing: /home/ph/treasure/dockerBENCH/helios16p_ws/install/vicon_receiver/include/boost/math/special_functions/detail/round_fwd.hpp\n'}
[25.793061] (vicon_receiver) StdoutLine: {'line': b'-- Installing: /home/ph/treasure/dockerBENCH/helios16p_ws/install/vicon_receiver/include/boost/math/special_functions/detail/fp_traits.hpp\n'}
[25.793823] (vicon_receiver) StdoutLine: {'line': b'-- Installing: /home/ph/treasure/dockerBENCH/helios16p_ws/install/vicon_receiver/include/boost/math/special_functions/fpclassify.hpp\n'}
[25.794516] (vicon_receiver) StdoutLine: {'line': b'-- Installing: /home/ph/treasure/dockerBENCH/helios16p_ws/install/vicon_receiver/include/boost/math/special_functions/sign.hpp\n'}
[25.795119] (vicon_receiver) StdoutLine: {'line': b'-- Installing: /home/ph/treasure/dockerBENCH/helios16p_ws/install/vicon_receiver/include/boost/math/constants\n'}
[25.795532] (vicon_receiver) StdoutLine: {'line': b'-- Installing: /home/ph/treasure/dockerBENCH/helios16p_ws/install/vicon_receiver/include/boost/math/constants/calculate_constants.hpp\n'}
[25.796350] (vicon_receiver) StdoutLine: {'line': b'-- Installing: /home/ph/treasure/dockerBENCH/helios16p_ws/install/vicon_receiver/include/boost/math/constants/constants.hpp\n'}
[25.797037] (vicon_receiver) StdoutLine: {'line': b'-- Installing: /home/ph/treasure/dockerBENCH/helios16p_ws/install/vicon_receiver/include/boost/math/policies\n'}
[25.797457] (vicon_receiver) StdoutLine: {'line': b'-- Installing: /home/ph/treasure/dockerBENCH/helios16p_ws/install/vicon_receiver/include/boost/math/policies/policy.hpp\n'}
[25.798236] (vicon_receiver) StdoutLine: {'line': b'-- Installing: /home/ph/treasure/dockerBENCH/helios16p_ws/install/vicon_receiver/include/boost/math/tools\n'}
[25.798638] (vicon_receiver) StdoutLine: {'line': b'-- Installing: /home/ph/treasure/dockerBENCH/helios16p_ws/install/vicon_receiver/include/boost/math/tools/convert_from_string.hpp\n'}
[25.799259] (vicon_receiver) StdoutLine: {'line': b'-- Installing: /home/ph/treasure/dockerBENCH/helios16p_ws/install/vicon_receiver/include/boost/math/tools/real_cast.hpp\n'}
[25.799875] (vicon_receiver) StdoutLine: {'line': b'-- Installing: /home/ph/treasure/dockerBENCH/helios16p_ws/install/vicon_receiver/include/boost/math/tools/user.hpp\n'}
[25.800498] (vicon_receiver) StdoutLine: {'line': b'-- Installing: /home/ph/treasure/dockerBENCH/helios16p_ws/install/vicon_receiver/include/boost/math/tools/config.hpp\n'}
[25.801140] (vicon_receiver) StdoutLine: {'line': b'-- Installing: /home/ph/treasure/dockerBENCH/helios16p_ws/install/vicon_receiver/include/boost/math/tools/promotion.hpp\n'}
[25.801817] (vicon_receiver) StdoutLine: {'line': b'-- Installing: /home/ph/treasure/dockerBENCH/helios16p_ws/install/vicon_receiver/include/boost/math/tools/cxx03_warn.hpp\n'}
[25.802456] (vicon_receiver) StdoutLine: {'line': b'-- Installing: /home/ph/treasure/dockerBENCH/helios16p_ws/install/vicon_receiver/include/boost/math/tools/precision.hpp\n'}
[25.803150] (vicon_receiver) StdoutLine: {'line': b'-- Installing: /home/ph/treasure/dockerBENCH/helios16p_ws/install/vicon_receiver/include/boost/type_index.hpp\n'}
[25.803846] (vicon_receiver) StdoutLine: {'line': b'-- Installing: /home/ph/treasure/dockerBENCH/helios16p_ws/install/vicon_receiver/include/boost/intrusive_ptr.hpp\n'}
[25.804504] (vicon_receiver) StdoutLine: {'line': b'-- Installing: /home/ph/treasure/dockerBENCH/helios16p_ws/install/vicon_receiver/include/boost/none.hpp\n'}
[25.805095] (vicon_receiver) StdoutLine: {'line': b'-- Installing: /home/ph/treasure/dockerBENCH/helios16p_ws/install/vicon_receiver/include/boost/type_traits\n'}
[25.805725] (vicon_receiver) StdoutLine: {'line': b'-- Installing: /home/ph/treasure/dockerBENCH/helios16p_ws/install/vicon_receiver/include/boost/type_traits/has_trivial_move_constructor.hpp\n'}
[25.806411] (vicon_receiver) StdoutLine: {'line': b'-- Installing: /home/ph/treasure/dockerBENCH/helios16p_ws/install/vicon_receiver/include/boost/type_traits/remove_pointer.hpp\n'}
[25.806974] (vicon_receiver) StdoutLine: {'line': b'-- Installing: /home/ph/treasure/dockerBENCH/helios16p_ws/install/vicon_receiver/include/boost/type_traits/copy_cv.hpp\n'}
[25.807582] (vicon_receiver) StdoutLine: {'line': b'-- Installing: /home/ph/treasure/dockerBENCH/helios16p_ws/install/vicon_receiver/include/boost/type_traits/is_const.hpp\n'}
[25.808165] (vicon_receiver) StdoutLine: {'line': b'-- Installing: /home/ph/treasure/dockerBENCH/helios16p_ws/install/vicon_receiver/include/boost/type_traits/has_nothrow_destructor.hpp\n'}
[25.808791] (vicon_receiver) StdoutLine: {'line': b'-- Installing: /home/ph/treasure/dockerBENCH/helios16p_ws/install/vicon_receiver/include/boost/type_traits/add_rvalue_reference.hpp\n'}
[25.809547] (vicon_receiver) StdoutLine: {'line': b'-- Installing: /home/ph/treasure/dockerBENCH/helios16p_ws/install/vicon_receiver/include/boost/type_traits/composite_traits.hpp\n'}
[25.810165] (vicon_receiver) StdoutLine: {'line': b'-- Installing: /home/ph/treasure/dockerBENCH/helios16p_ws/install/vicon_receiver/include/boost/type_traits/detail\n'}
[25.810558] (vicon_receiver) StdoutLine: {'line': b'-- Installing: /home/ph/treasure/dockerBENCH/helios16p_ws/install/vicon_receiver/include/boost/type_traits/detail/is_mem_fun_pointer_tester.hpp\n'}
[25.811014] (-) TimerEvent: {}
[25.812118] (vicon_receiver) StdoutLine: {'line': b'-- Installing: /home/ph/treasure/dockerBENCH/helios16p_ws/install/vicon_receiver/include/boost/type_traits/detail/composite_member_pointer_type.hpp\n'}
[25.812772] (vicon_receiver) StdoutLine: {'line': b'-- Installing: /home/ph/treasure/dockerBENCH/helios16p_ws/install/vicon_receiver/include/boost/type_traits/detail/is_member_function_pointer_cxx_11.hpp\n'}
[25.813560] (vicon_receiver) StdoutLine: {'line': b'-- Installing: /home/ph/treasure/dockerBENCH/helios16p_ws/install/vicon_receiver/include/boost/type_traits/detail/yes_no_type.hpp\n'}
[25.814232] (vicon_receiver) StdoutLine: {'line': b'-- Installing: /home/ph/treasure/dockerBENCH/helios16p_ws/install/vicon_receiver/include/boost/type_traits/detail/common_type_impl.hpp\n'}
[25.814748] (vicon_receiver) StdoutLine: {'line': b'-- Installing: /home/ph/treasure/dockerBENCH/helios16p_ws/install/vicon_receiver/include/boost/type_traits/detail/is_likely_lambda.hpp\n'}
[25.815353] (vicon_receiver) StdoutLine: {'line': b'-- Installing: /home/ph/treasure/dockerBENCH/helios16p_ws/install/vicon_receiver/include/boost/type_traits/detail/is_function_cxx_11.hpp\n'}
[25.816106] (vicon_receiver) StdoutLine: {'line': b'-- Installing: /home/ph/treasure/dockerBENCH/helios16p_ws/install/vicon_receiver/include/boost/type_traits/detail/config.hpp\n'}
[25.816763] (vicon_receiver) StdoutLine: {'line': b'-- Installing: /home/ph/treasure/dockerBENCH/helios16p_ws/install/vicon_receiver/include/boost/type_traits/detail/is_member_function_pointer_cxx_03.hpp\n'}
[25.817381] (vicon_receiver) StdoutLine: {'line': b'-- Installing: /home/ph/treasure/dockerBENCH/helios16p_ws/install/vicon_receiver/include/boost/type_traits/detail/is_function_cxx_03.hpp\n'}
[25.817952] (vicon_receiver) StdoutLine: {'line': b'-- Installing: /home/ph/treasure/dockerBENCH/helios16p_ws/install/vicon_receiver/include/boost/type_traits/detail/is_mem_fun_pointer_impl.hpp\n'}
[25.819218] (vicon_receiver) StdoutLine: {'line': b'-- Installing: /home/ph/treasure/dockerBENCH/helios16p_ws/install/vicon_receiver/include/boost/type_traits/detail/is_function_msvc10_fix.hpp\n'}
[25.819813] (vicon_receiver) StdoutLine: {'line': b'-- Installing: /home/ph/treasure/dockerBENCH/helios16p_ws/install/vicon_receiver/include/boost/type_traits/detail/common_arithmetic_type.hpp\n'}
[25.820472] (vicon_receiver) StdoutLine: {'line': b'-- Installing: /home/ph/treasure/dockerBENCH/helios16p_ws/install/vicon_receiver/include/boost/type_traits/detail/is_function_ptr_tester.hpp\n'}
[25.821309] (vicon_receiver) StdoutLine: {'line': b'-- Installing: /home/ph/treasure/dockerBENCH/helios16p_ws/install/vicon_receiver/include/boost/type_traits/detail/composite_pointer_type.hpp\n'}
[25.821916] (vicon_receiver) StdoutLine: {'line': b'-- Installing: /home/ph/treasure/dockerBENCH/helios16p_ws/install/vicon_receiver/include/boost/type_traits/detail/is_function_ptr_helper.hpp\n'}
[25.822740] (vicon_receiver) StdoutLine: {'line': b'-- Installing: /home/ph/treasure/dockerBENCH/helios16p_ws/install/vicon_receiver/include/boost/type_traits/detail/is_rvalue_reference_msvc10_fix.hpp\n'}
[25.823363] (vicon_receiver) StdoutLine: {'line': b'-- Installing: /home/ph/treasure/dockerBENCH/helios16p_ws/install/vicon_receiver/include/boost/type_traits/detail/mp_defer.hpp\n'}
[25.823955] (vicon_receiver) StdoutLine: {'line': b'-- Installing: /home/ph/treasure/dockerBENCH/helios16p_ws/install/vicon_receiver/include/boost/type_traits/detail/has_binary_operator.hpp\n'}
[25.824953] (vicon_receiver) StdoutLine: {'line': b'-- Installing: /home/ph/treasure/dockerBENCH/helios16p_ws/install/vicon_receiver/include/boost/type_traits/is_float.hpp\n'}
[25.825578] (vicon_receiver) StdoutLine: {'line': b'-- Installing: /home/ph/treasure/dockerBENCH/helios16p_ws/install/vicon_receiver/include/boost/type_traits/is_noncopyable.hpp\n'}
[25.826199] (vicon_receiver) StdoutLine: {'line': b'-- Installing: /home/ph/treasure/dockerBENCH/helios16p_ws/install/vicon_receiver/include/boost/type_traits/is_union.hpp\n'}
[25.826762] (vicon_receiver) StdoutLine: {'line': b'-- Installing: /home/ph/treasure/dockerBENCH/helios16p_ws/install/vicon_receiver/include/boost/type_traits/same_traits.hpp\n'}
[25.827326] (vicon_receiver) StdoutLine: {'line': b'-- Installing: /home/ph/treasure/dockerBENCH/helios16p_ws/install/vicon_receiver/include/boost/type_traits/has_right_shift.hpp\n'}
[25.827911] (vicon_receiver) StdoutLine: {'line': b'-- Installing: /home/ph/treasure/dockerBENCH/helios16p_ws/install/vicon_receiver/include/boost/type_traits/remove_extent.hpp\n'}
[25.828459] (vicon_receiver) StdoutLine: {'line': b'-- Installing: /home/ph/treasure/dockerBENCH/helios16p_ws/install/vicon_receiver/include/boost/type_traits/is_object.hpp\n'}
[25.829040] (vicon_receiver) StdoutLine: {'line': b'-- Installing: /home/ph/treasure/dockerBENCH/helios16p_ws/install/vicon_receiver/include/boost/type_traits/is_pod.hpp\n'}
[25.829948] (vicon_receiver) StdoutLine: {'line': b'-- Installing: /home/ph/treasure/dockerBENCH/helios16p_ws/install/vicon_receiver/include/boost/type_traits/remove_bounds.hpp\n'}
[25.830512] (vicon_receiver) StdoutLine: {'line': b'-- Installing: /home/ph/treasure/dockerBENCH/helios16p_ws/install/vicon_receiver/include/boost/type_traits/add_reference.hpp\n'}
[25.831077] (vicon_receiver) StdoutLine: {'line': b'-- Installing: /home/ph/treasure/dockerBENCH/helios16p_ws/install/vicon_receiver/include/boost/type_traits/is_unbounded_array.hpp\n'}
[25.832008] (vicon_receiver) StdoutLine: {'line': b'-- Installing: /home/ph/treasure/dockerBENCH/helios16p_ws/install/vicon_receiver/include/boost/type_traits/is_pointer.hpp\n'}
[25.832556] (vicon_receiver) StdoutLine: {'line': b'-- Installing: /home/ph/treasure/dockerBENCH/helios16p_ws/install/vicon_receiver/include/boost/type_traits/is_convertible.hpp\n'}
[25.833215] (vicon_receiver) StdoutLine: {'line': b'-- Installing: /home/ph/treasure/dockerBENCH/helios16p_ws/install/vicon_receiver/include/boost/type_traits/is_abstract.hpp\n'}
[25.833832] (vicon_receiver) StdoutLine: {'line': b'-- Installing: /home/ph/treasure/dockerBENCH/helios16p_ws/install/vicon_receiver/include/boost/type_traits/is_member_pointer.hpp\n'}
[25.834767] (vicon_receiver) StdoutLine: {'line': b'-- Installing: /home/ph/treasure/dockerBENCH/helios16p_ws/install/vicon_receiver/include/boost/type_traits/remove_all_extents.hpp\n'}
[25.835302] (vicon_receiver) StdoutLine: {'line': b'-- Installing: /home/ph/treasure/dockerBENCH/helios16p_ws/install/vicon_receiver/include/boost/type_traits/add_const.hpp\n'}
[25.835896] (vicon_receiver) StdoutLine: {'line': b'-- Installing: /home/ph/treasure/dockerBENCH/helios16p_ws/install/vicon_receiver/include/boost/type_traits/is_assignable.hpp\n'}
[25.836471] (vicon_receiver) StdoutLine: {'line': b'-- Installing: /home/ph/treasure/dockerBENCH/helios16p_ws/install/vicon_receiver/include/boost/type_traits/add_volatile.hpp\n'}
[25.837060] (vicon_receiver) StdoutLine: {'line': b'-- Installing: /home/ph/treasure/dockerBENCH/helios16p_ws/install/vicon_receiver/include/boost/type_traits/is_destructible.hpp\n'}
[25.837634] (vicon_receiver) StdoutLine: {'line': b'-- Installing: /home/ph/treasure/dockerBENCH/helios16p_ws/install/vicon_receiver/include/boost/type_traits/is_reference.hpp\n'}
[25.838200] (vicon_receiver) StdoutLine: {'line': b'-- Installing: /home/ph/treasure/dockerBENCH/helios16p_ws/install/vicon_receiver/include/boost/type_traits/is_class.hpp\n'}
[25.838762] (vicon_receiver) StdoutLine: {'line': b'-- Installing: /home/ph/treasure/dockerBENCH/helios16p_ws/install/vicon_receiver/include/boost/type_traits/is_empty.hpp\n'}
[25.839357] (vicon_receiver) StdoutLine: {'line': b'-- Installing: /home/ph/treasure/dockerBENCH/helios16p_ws/install/vicon_receiver/include/boost/type_traits/is_constructible.hpp\n'}
[25.840010] (vicon_receiver) StdoutLine: {'line': b'-- Installing: /home/ph/treasure/dockerBENCH/helios16p_ws/install/vicon_receiver/include/boost/type_traits/is_integral.hpp\n'}
[25.840641] (vicon_receiver) StdoutLine: {'line': b'-- Installing: /home/ph/treasure/dockerBENCH/helios16p_ws/install/vicon_receiver/include/boost/type_traits/has_left_shift.hpp\n'}
[25.841207] (vicon_receiver) StdoutLine: {'line': b'-- Installing: /home/ph/treasure/dockerBENCH/helios16p_ws/install/vicon_receiver/include/boost/type_traits/is_enum.hpp\n'}
[25.841724] (vicon_receiver) StdoutLine: {'line': b'-- Installing: /home/ph/treasure/dockerBENCH/helios16p_ws/install/vicon_receiver/include/boost/type_traits/declval.hpp\n'}
[25.842655] (vicon_receiver) StdoutLine: {'line': b'-- Installing: /home/ph/treasure/dockerBENCH/helios16p_ws/install/vicon_receiver/include/boost/type_traits/add_pointer.hpp\n'}
[25.843097] (vicon_receiver) StdoutLine: {'line': b'-- Installing: /home/ph/treasure/dockerBENCH/helios16p_ws/install/vicon_receiver/include/boost/type_traits/make_void.hpp\n'}
[25.843990] (vicon_receiver) StdoutLine: {'line': b'-- Installing: /home/ph/treasure/dockerBENCH/helios16p_ws/install/vicon_receiver/include/boost/type_traits/is_scalar.hpp\n'}
[25.844898] (vicon_receiver) StdoutLine: {'line': b'-- Installing: /home/ph/treasure/dockerBENCH/helios16p_ws/install/vicon_receiver/include/boost/type_traits/type_with_alignment.hpp\n'}
[25.845921] (vicon_receiver) StdoutLine: {'line': b'-- Installing: /home/ph/treasure/dockerBENCH/helios16p_ws/install/vicon_receiver/include/boost/type_traits/is_unsigned.hpp\n'}
[25.846524] (vicon_receiver) StdoutLine: {'line': b'-- Installing: /home/ph/treasure/dockerBENCH/helios16p_ws/install/vicon_receiver/include/boost/type_traits/add_lvalue_reference.hpp\n'}
[25.847098] (vicon_receiver) StdoutLine: {'line': b'-- Installing: /home/ph/treasure/dockerBENCH/helios16p_ws/install/vicon_receiver/include/boost/type_traits/has_nothrow_assign.hpp\n'}
[25.847702] (vicon_receiver) StdoutLine: {'line': b'-- Installing: /home/ph/treasure/dockerBENCH/helios16p_ws/install/vicon_receiver/include/boost/type_traits/aligned_storage.hpp\n'}
[25.848319] (vicon_receiver) StdoutLine: {'line': b'-- Installing: /home/ph/treasure/dockerBENCH/helios16p_ws/install/vicon_receiver/include/boost/type_traits/is_member_function_pointer.hpp\n'}
[25.848898] (vicon_receiver) StdoutLine: {'line': b'-- Installing: /home/ph/treasure/dockerBENCH/helios16p_ws/install/vicon_receiver/include/boost/type_traits/has_nothrow_copy.hpp\n'}
[25.849476] (vicon_receiver) StdoutLine: {'line': b'-- Installing: /home/ph/treasure/dockerBENCH/helios16p_ws/install/vicon_receiver/include/boost/type_traits/is_rvalue_reference.hpp\n'}
[25.850042] (vicon_receiver) StdoutLine: {'line': b'-- Installing: /home/ph/treasure/dockerBENCH/helios16p_ws/install/vicon_receiver/include/boost/type_traits/is_signed.hpp\n'}
[25.850674] (vicon_receiver) StdoutLine: {'line': b'-- Installing: /home/ph/treasure/dockerBENCH/helios16p_ws/install/vicon_receiver/include/boost/type_traits/remove_cv.hpp\n'}
[25.851229] (vicon_receiver) StdoutLine: {'line': b'-- Installing: /home/ph/treasure/dockerBENCH/helios16p_ws/install/vicon_receiver/include/boost/type_traits/remove_volatile.hpp\n'}
[25.852182] (vicon_receiver) StdoutLine: {'line': b'-- Installing: /home/ph/treasure/dockerBENCH/helios16p_ws/install/vicon_receiver/include/boost/type_traits/conversion_traits.hpp\n'}
[25.852792] (vicon_receiver) StdoutLine: {'line': b'-- Installing: /home/ph/treasure/dockerBENCH/helios16p_ws/install/vicon_receiver/include/boost/type_traits/is_volatile.hpp\n'}
[25.853398] (vicon_receiver) StdoutLine: {'line': b'-- Installing: /home/ph/treasure/dockerBENCH/helios16p_ws/install/vicon_receiver/include/boost/type_traits/has_trivial_move_assign.hpp\n'}
[25.853979] (vicon_receiver) StdoutLine: {'line': b'-- Installing: /home/ph/treasure/dockerBENCH/helios16p_ws/install/vicon_receiver/include/boost/type_traits/type_identity.hpp\n'}
[25.854601] (vicon_receiver) StdoutLine: {'line': b'-- Installing: /home/ph/treasure/dockerBENCH/helios16p_ws/install/vicon_receiver/include/boost/type_traits/has_nothrow_constructor.hpp\n'}
[25.855207] (vicon_receiver) StdoutLine: {'line': b'-- Installing: /home/ph/treasure/dockerBENCH/helios16p_ws/install/vicon_receiver/include/boost/type_traits/has_minus_assign.hpp\n'}
[25.855850] (vicon_receiver) StdoutLine: {'line': b'-- Installing: /home/ph/treasure/dockerBENCH/helios16p_ws/install/vicon_receiver/include/boost/type_traits/has_trivial_constructor.hpp\n'}
[25.856511] (vicon_receiver) StdoutLine: {'line': b'-- Installing: /home/ph/treasure/dockerBENCH/helios16p_ws/install/vicon_receiver/include/boost/type_traits/enable_if.hpp\n'}
[25.857391] (vicon_receiver) StdoutLine: {'line': b'-- Installing: /home/ph/treasure/dockerBENCH/helios16p_ws/install/vicon_receiver/include/boost/type_traits/integral_constant.hpp\n'}
[25.858011] (vicon_receiver) StdoutLine: {'line': b'-- Installing: /home/ph/treasure/dockerBENCH/helios16p_ws/install/vicon_receiver/include/boost/type_traits/has_trivial_assign.hpp\n'}
[25.858706] (vicon_receiver) StdoutLine: {'line': b'-- Installing: /home/ph/treasure/dockerBENCH/helios16p_ws/install/vicon_receiver/include/boost/type_traits/is_polymorphic.hpp\n'}
[25.859336] (vicon_receiver) StdoutLine: {'line': b'-- Installing: /home/ph/treasure/dockerBENCH/helios16p_ws/install/vicon_receiver/include/boost/type_traits/is_arithmetic.hpp\n'}
[25.859945] (vicon_receiver) StdoutLine: {'line': b'-- Installing: /home/ph/treasure/dockerBENCH/helios16p_ws/install/vicon_receiver/include/boost/type_traits/remove_reference.hpp\n'}
[25.860591] (vicon_receiver) StdoutLine: {'line': b'-- Installing: /home/ph/treasure/dockerBENCH/helios16p_ws/install/vicon_receiver/include/boost/type_traits/is_same.hpp\n'}
[25.861318] (vicon_receiver) StdoutLine: {'line': b'-- Installing: /home/ph/treasure/dockerBENCH/helios16p_ws/install/vicon_receiver/include/boost/type_traits/intrinsics.hpp\n'}
[25.861884] (vicon_receiver) StdoutLine: {'line': b'-- Installing: /home/ph/treasure/dockerBENCH/helios16p_ws/install/vicon_receiver/include/boost/type_traits/is_nothrow_move_constructible.hpp\n'}
[25.862875] (vicon_receiver) StdoutLine: {'line': b'-- Installing: /home/ph/treasure/dockerBENCH/helios16p_ws/install/vicon_receiver/include/boost/type_traits/is_base_and_derived.hpp\n'}
[25.863502] (vicon_receiver) StdoutLine: {'line': b'-- Installing: /home/ph/treasure/dockerBENCH/helios16p_ws/install/vicon_receiver/include/boost/type_traits/make_unsigned.hpp\n'}
[25.864170] (vicon_receiver) StdoutLine: {'line': b'-- Installing: /home/ph/treasure/dockerBENCH/helios16p_ws/install/vicon_receiver/include/boost/type_traits/is_array.hpp\n'}
[25.864841] (vicon_receiver) StdoutLine: {'line': b'-- Installing: /home/ph/treasure/dockerBENCH/helios16p_ws/install/vicon_receiver/include/boost/type_traits/is_function.hpp\n'}
[25.865510] (vicon_receiver) StdoutLine: {'line': b'-- Installing: /home/ph/treasure/dockerBENCH/helios16p_ws/install/vicon_receiver/include/boost/type_traits/extent.hpp\n'}
[25.866450] (vicon_receiver) StdoutLine: {'line': b'-- Installing: /home/ph/treasure/dockerBENCH/helios16p_ws/install/vicon_receiver/include/boost/type_traits/is_bounded_array.hpp\n'}
[25.867384] (vicon_receiver) StdoutLine: {'line': b'-- Installing: /home/ph/treasure/dockerBENCH/helios16p_ws/install/vicon_receiver/include/boost/type_traits/is_complete.hpp\n'}
[25.868042] (vicon_receiver) StdoutLine: {'line': b'-- Installing: /home/ph/treasure/dockerBENCH/helios16p_ws/install/vicon_receiver/include/boost/type_traits/has_plus_assign.hpp\n'}
[25.868980] (vicon_receiver) StdoutLine: {'line': b'-- Installing: /home/ph/treasure/dockerBENCH/helios16p_ws/install/vicon_receiver/include/boost/type_traits/remove_cv_ref.hpp\n'}
[25.869734] (vicon_receiver) StdoutLine: {'line': b'-- Installing: /home/ph/treasure/dockerBENCH/helios16p_ws/install/vicon_receiver/include/boost/type_traits/has_minus.hpp\n'}
[25.870260] (vicon_receiver) StdoutLine: {'line': b'-- Installing: /home/ph/treasure/dockerBENCH/helios16p_ws/install/vicon_receiver/include/boost/type_traits/cv_traits.hpp\n'}
[25.871178] (vicon_receiver) StdoutLine: {'line': b'-- Installing: /home/ph/treasure/dockerBENCH/helios16p_ws/install/vicon_receiver/include/boost/type_traits/conditional.hpp\n'}
[25.871864] (vicon_receiver) StdoutLine: {'line': b'-- Installing: /home/ph/treasure/dockerBENCH/helios16p_ws/install/vicon_receiver/include/boost/type_traits/has_plus.hpp\n'}
[25.872730] (vicon_receiver) StdoutLine: {'line': b'-- Installing: /home/ph/treasure/dockerBENCH/helios16p_ws/install/vicon_receiver/include/boost/type_traits/is_lvalue_reference.hpp\n'}
[25.873376] (vicon_receiver) StdoutLine: {'line': b'-- Installing: /home/ph/treasure/dockerBENCH/helios16p_ws/install/vicon_receiver/include/boost/type_traits/remove_const.hpp\n'}
[25.874386] (vicon_receiver) StdoutLine: {'line': b'-- Installing: /home/ph/treasure/dockerBENCH/helios16p_ws/install/vicon_receiver/include/boost/type_traits/is_nothrow_move_assignable.hpp\n'}
[25.875068] (vicon_receiver) StdoutLine: {'line': b'-- Installing: /home/ph/treasure/dockerBENCH/helios16p_ws/install/vicon_receiver/include/boost/type_traits/function_traits.hpp\n'}
[25.876190] (vicon_receiver) StdoutLine: {'line': b'-- Installing: /home/ph/treasure/dockerBENCH/helios16p_ws/install/vicon_receiver/include/boost/type_traits/add_cv.hpp\n'}
[25.877548] (vicon_receiver) StdoutLine: {'line': b'-- Installing: /home/ph/treasure/dockerBENCH/helios16p_ws/install/vicon_receiver/include/boost/type_traits/is_fundamental.hpp\n'}
[25.878670] (vicon_receiver) StdoutLine: {'line': b'-- Installing: /home/ph/treasure/dockerBENCH/helios16p_ws/install/vicon_receiver/include/boost/type_traits/is_copy_constructible.hpp\n'}
[25.879311] (vicon_receiver) StdoutLine: {'line': b'-- Installing: /home/ph/treasure/dockerBENCH/helios16p_ws/install/vicon_receiver/include/boost/type_traits/is_floating_point.hpp\n'}
[25.879998] (vicon_receiver) StdoutLine: {'line': b'-- Installing: /home/ph/treasure/dockerBENCH/helios16p_ws/install/vicon_receiver/include/boost/type_traits/has_trivial_destructor.hpp\n'}
[25.880805] (vicon_receiver) StdoutLine: {'line': b'-- Installing: /home/ph/treasure/dockerBENCH/helios16p_ws/install/vicon_receiver/include/boost/type_traits/is_base_of.hpp\n'}
[25.881321] (vicon_receiver) StdoutLine: {'line': b'-- Installing: /home/ph/treasure/dockerBENCH/helios16p_ws/install/vicon_receiver/include/boost/type_traits/common_type.hpp\n'}
[25.882051] (vicon_receiver) StdoutLine: {'line': b'-- Installing: /home/ph/treasure/dockerBENCH/helios16p_ws/install/vicon_receiver/include/boost/type_traits/make_signed.hpp\n'}
[25.882708] (vicon_receiver) StdoutLine: {'line': b'-- Installing: /home/ph/treasure/dockerBENCH/helios16p_ws/install/vicon_receiver/include/boost/type_traits/alignment_of.hpp\n'}
[25.883653] (vicon_receiver) StdoutLine: {'line': b'-- Installing: /home/ph/treasure/dockerBENCH/helios16p_ws/install/vicon_receiver/include/boost/type_traits/is_default_constructible.hpp\n'}
[25.884327] (vicon_receiver) StdoutLine: {'line': b'-- Installing: /home/ph/treasure/dockerBENCH/helios16p_ws/install/vicon_receiver/include/boost/type_traits/is_void.hpp\n'}
[25.884997] (vicon_receiver) StdoutLine: {'line': b'-- Installing: /home/ph/treasure/dockerBENCH/helios16p_ws/install/vicon_receiver/include/boost/type_traits/has_trivial_copy.hpp\n'}
[25.885694] (vicon_receiver) StdoutLine: {'line': b'-- Installing: /home/ph/treasure/dockerBENCH/helios16p_ws/install/vicon_receiver/include/boost/type_traits/decay.hpp\n'}
[25.886365] (vicon_receiver) StdoutLine: {'line': b'-- Installing: /home/ph/treasure/dockerBENCH/helios16p_ws/install/vicon_receiver/include/boost/system\n'}
[25.886799] (vicon_receiver) StdoutLine: {'line': b'-- Installing: /home/ph/treasure/dockerBENCH/helios16p_ws/install/vicon_receiver/include/boost/system/error_code.hpp\n'}
[25.887404] (vicon_receiver) StdoutLine: {'line': b'-- Installing: /home/ph/treasure/dockerBENCH/helios16p_ws/install/vicon_receiver/include/boost/system/detail\n'}
[25.887812] (vicon_receiver) StdoutLine: {'line': b'-- Installing: /home/ph/treasure/dockerBENCH/helios16p_ws/install/vicon_receiver/include/boost/system/detail/error_code.hpp\n'}
[25.888493] (vicon_receiver) StdoutLine: {'line': b'-- Installing: /home/ph/treasure/dockerBENCH/helios16p_ws/install/vicon_receiver/include/boost/system/detail/error_category_impl.hpp\n'}
[25.889080] (vicon_receiver) StdoutLine: {'line': b'-- Installing: /home/ph/treasure/dockerBENCH/helios16p_ws/install/vicon_receiver/include/boost/system/detail/generic_category_message.hpp\n'}
[25.889719] (vicon_receiver) StdoutLine: {'line': b'-- Installing: /home/ph/treasure/dockerBENCH/helios16p_ws/install/vicon_receiver/include/boost/system/detail/system_category_condition_win32.hpp\n'}
[25.890357] (vicon_receiver) StdoutLine: {'line': b'-- Installing: /home/ph/treasure/dockerBENCH/helios16p_ws/install/vicon_receiver/include/boost/system/detail/error_condition.hpp\n'}
[25.890976] (vicon_receiver) StdoutLine: {'line': b'-- Installing: /home/ph/treasure/dockerBENCH/helios16p_ws/install/vicon_receiver/include/boost/system/detail/config.hpp\n'}
[25.891659] (vicon_receiver) StdoutLine: {'line': b'-- Installing: /home/ph/treasure/dockerBENCH/helios16p_ws/install/vicon_receiver/include/boost/system/detail/errc.hpp\n'}
[25.892306] (vicon_receiver) StdoutLine: {'line': b'-- Installing: /home/ph/treasure/dockerBENCH/helios16p_ws/install/vicon_receiver/include/boost/system/detail/error_category.hpp\n'}
[25.892957] (vicon_receiver) StdoutLine: {'line': b'-- Installing: /home/ph/treasure/dockerBENCH/helios16p_ws/install/vicon_receiver/include/boost/system/detail/cerrno.hpp\n'}
[25.893748] (vicon_receiver) StdoutLine: {'line': b'-- Installing: /home/ph/treasure/dockerBENCH/helios16p_ws/install/vicon_receiver/include/boost/system/detail/system_category_message_win32.hpp\n'}
[25.894241] (vicon_receiver) StdoutLine: {'line': b'-- Installing: /home/ph/treasure/dockerBENCH/helios16p_ws/install/vicon_receiver/include/boost/system/detail/enable_if.hpp\n'}
[25.894893] (vicon_receiver) StdoutLine: {'line': b'-- Installing: /home/ph/treasure/dockerBENCH/helios16p_ws/install/vicon_receiver/include/boost/system/detail/is_generic_value.hpp\n'}
[25.895556] (vicon_receiver) StdoutLine: {'line': b'-- Installing: /home/ph/treasure/dockerBENCH/helios16p_ws/install/vicon_receiver/include/boost/system/detail/generic_category.hpp\n'}
[25.896139] (vicon_receiver) StdoutLine: {'line': b'-- Installing: /home/ph/treasure/dockerBENCH/helios16p_ws/install/vicon_receiver/include/boost/system/detail/throws.hpp\n'}
[25.896793] (vicon_receiver) StdoutLine: {'line': b'-- Installing: /home/ph/treasure/dockerBENCH/helios16p_ws/install/vicon_receiver/include/boost/system/detail/to_std_category.hpp\n'}
[25.897428] (vicon_receiver) StdoutLine: {'line': b'-- Installing: /home/ph/treasure/dockerBENCH/helios16p_ws/install/vicon_receiver/include/boost/system/detail/system_category_impl.hpp\n'}
[25.898036] (vicon_receiver) StdoutLine: {'line': b'-- Installing: /home/ph/treasure/dockerBENCH/helios16p_ws/install/vicon_receiver/include/boost/system/detail/system_category.hpp\n'}
[25.898662] (vicon_receiver) StdoutLine: {'line': b'-- Installing: /home/ph/treasure/dockerBENCH/helios16p_ws/install/vicon_receiver/include/boost/system/system_error.hpp\n'}
[25.899243] (vicon_receiver) StdoutLine: {'line': b'-- Installing: /home/ph/treasure/dockerBENCH/helios16p_ws/install/vicon_receiver/include/boost/system/error_condition.hpp\n'}
[25.899845] (vicon_receiver) StdoutLine: {'line': b'-- Installing: /home/ph/treasure/dockerBENCH/helios16p_ws/install/vicon_receiver/include/boost/system/config.hpp\n'}
[25.900462] (vicon_receiver) StdoutLine: {'line': b'-- Installing: /home/ph/treasure/dockerBENCH/helios16p_ws/install/vicon_receiver/include/boost/system/errc.hpp\n'}
[25.901039] (vicon_receiver) StdoutLine: {'line': b'-- Installing: /home/ph/treasure/dockerBENCH/helios16p_ws/install/vicon_receiver/include/boost/system/is_error_code_enum.hpp\n'}
[25.901812] (vicon_receiver) StdoutLine: {'line': b'-- Installing: /home/ph/treasure/dockerBENCH/helios16p_ws/install/vicon_receiver/include/boost/system/error_category.hpp\n'}
[25.902259] (vicon_receiver) StdoutLine: {'line': b'-- Installing: /home/ph/treasure/dockerBENCH/helios16p_ws/install/vicon_receiver/include/boost/system/generic_category.hpp\n'}
[25.902893] (vicon_receiver) StdoutLine: {'line': b'-- Installing: /home/ph/treasure/dockerBENCH/helios16p_ws/install/vicon_receiver/include/boost/system/api_config.hpp\n'}
[25.903487] (vicon_receiver) StdoutLine: {'line': b'-- Installing: /home/ph/treasure/dockerBENCH/helios16p_ws/install/vicon_receiver/include/boost/system/system_category.hpp\n'}
[25.904086] (vicon_receiver) StdoutLine: {'line': b'-- Installing: /home/ph/treasure/dockerBENCH/helios16p_ws/install/vicon_receiver/include/boost/system/is_error_condition_enum.hpp\n'}
[25.904717] (vicon_receiver) StdoutLine: {'line': b'-- Installing: /home/ph/treasure/dockerBENCH/helios16p_ws/install/vicon_receiver/include/boost/intrusive\n'}
[25.905200] (vicon_receiver) StdoutLine: {'line': b'-- Installing: /home/ph/treasure/dockerBENCH/helios16p_ws/install/vicon_receiver/include/boost/intrusive/slist_hook.hpp\n'}
[25.905840] (vicon_receiver) StdoutLine: {'line': b'-- Installing: /home/ph/treasure/dockerBENCH/helios16p_ws/install/vicon_receiver/include/boost/intrusive/detail\n'}
[25.906312] (vicon_receiver) StdoutLine: {'line': b'-- Installing: /home/ph/treasure/dockerBENCH/helios16p_ws/install/vicon_receiver/include/boost/intrusive/detail/reverse_iterator.hpp\n'}
[25.906979] (vicon_receiver) StdoutLine: {'line': b'-- Installing: /home/ph/treasure/dockerBENCH/helios16p_ws/install/vicon_receiver/include/boost/intrusive/detail/algorithm.hpp\n'}
[25.907581] (vicon_receiver) StdoutLine: {'line': b'-- Installing: /home/ph/treasure/dockerBENCH/helios16p_ws/install/vicon_receiver/include/boost/intrusive/detail/size_holder.hpp\n'}
[25.908207] (vicon_receiver) StdoutLine: {'line': b'-- Installing: /home/ph/treasure/dockerBENCH/helios16p_ws/install/vicon_receiver/include/boost/intrusive/detail/generic_hook.hpp\n'}
[25.908825] (vicon_receiver) StdoutLine: {'line': b'-- Installing: /home/ph/treasure/dockerBENCH/helios16p_ws/install/vicon_receiver/include/boost/intrusive/detail/exception_disposer.hpp\n'}
[25.909566] (vicon_receiver) StdoutLine: {'line': b'-- Installing: /home/ph/treasure/dockerBENCH/helios16p_ws/install/vicon_receiver/include/boost/intrusive/detail/algo_type.hpp\n'}
[25.910160] (vicon_receiver) StdoutLine: {'line': b'-- Installing: /home/ph/treasure/dockerBENCH/helios16p_ws/install/vicon_receiver/include/boost/intrusive/detail/slist_node.hpp\n'}
[25.910813] (vicon_receiver) StdoutLine: {'line': b'-- Installing: /home/ph/treasure/dockerBENCH/helios16p_ws/install/vicon_receiver/include/boost/intrusive/detail/array_initializer.hpp\n'}
[25.911094] (-) TimerEvent: {}
[25.911476] (vicon_receiver) StdoutLine: {'line': b'-- Installing: /home/ph/treasure/dockerBENCH/helios16p_ws/install/vicon_receiver/include/boost/intrusive/detail/get_value_traits.hpp\n'}
[25.912096] (vicon_receiver) StdoutLine: {'line': b'-- Installing: /home/ph/treasure/dockerBENCH/helios16p_ws/install/vicon_receiver/include/boost/intrusive/detail/uncast.hpp\n'}
[25.912801] (vicon_receiver) StdoutLine: {'line': b'-- Installing: /home/ph/treasure/dockerBENCH/helios16p_ws/install/vicon_receiver/include/boost/intrusive/detail/has_member_function_callable_with.hpp\n'}
[25.913478] (vicon_receiver) StdoutLine: {'line': b'-- Installing: /home/ph/treasure/dockerBENCH/helios16p_ws/install/vicon_receiver/include/boost/intrusive/detail/config_end.hpp\n'}
[25.914055] (vicon_receiver) StdoutLine: {'line': b'-- Installing: /home/ph/treasure/dockerBENCH/helios16p_ws/install/vicon_receiver/include/boost/intrusive/detail/slist_iterator.hpp\n'}
[25.914831] (vicon_receiver) StdoutLine: {'line': b'-- Installing: /home/ph/treasure/dockerBENCH/helios16p_ws/install/vicon_receiver/include/boost/intrusive/detail/list_node.hpp\n'}
[25.915341] (vicon_receiver) StdoutLine: {'line': b'-- Installing: /home/ph/treasure/dockerBENCH/helios16p_ws/install/vicon_receiver/include/boost/intrusive/detail/list_iterator.hpp\n'}
[25.915971] (vicon_receiver) StdoutLine: {'line': b'-- Installing: /home/ph/treasure/dockerBENCH/helios16p_ws/install/vicon_receiver/include/boost/intrusive/detail/assert.hpp\n'}
[25.916600] (vicon_receiver) StdoutLine: {'line': b'-- Installing: /home/ph/treasure/dockerBENCH/helios16p_ws/install/vicon_receiver/include/boost/intrusive/detail/is_stateful_value_traits.hpp\n'}
[25.917193] (vicon_receiver) StdoutLine: {'line': b'-- Installing: /home/ph/treasure/dockerBENCH/helios16p_ws/install/vicon_receiver/include/boost/intrusive/detail/std_fwd.hpp\n'}
[25.917946] (vicon_receiver) StdoutLine: {'line': b'-- Installing: /home/ph/treasure/dockerBENCH/helios16p_ws/install/vicon_receiver/include/boost/intrusive/detail/ebo_functor_holder.hpp\n'}
[25.918470] (vicon_receiver) StdoutLine: {'line': b'-- Installing: /home/ph/treasure/dockerBENCH/helios16p_ws/install/vicon_receiver/include/boost/intrusive/detail/function_detector.hpp\n'}
[25.919064] (vicon_receiver) StdoutLine: {'line': b'-- Installing: /home/ph/treasure/dockerBENCH/helios16p_ws/install/vicon_receiver/include/boost/intrusive/detail/node_holder.hpp\n'}
[25.919689] (vicon_receiver) StdoutLine: {'line': b'-- Installing: /home/ph/treasure/dockerBENCH/helios16p_ws/install/vicon_receiver/include/boost/intrusive/detail/equal_to_value.hpp\n'}
[25.920302] (vicon_receiver) StdoutLine: {'line': b'-- Installing: /home/ph/treasure/dockerBENCH/helios16p_ws/install/vicon_receiver/include/boost/intrusive/detail/minimal_less_equal_header.hpp\n'}
[25.920947] (vicon_receiver) StdoutLine: {'line': b'-- Installing: /home/ph/treasure/dockerBENCH/helios16p_ws/install/vicon_receiver/include/boost/intrusive/detail/parent_from_member.hpp\n'}
[25.921638] (vicon_receiver) StdoutLine: {'line': b'-- Installing: /home/ph/treasure/dockerBENCH/helios16p_ws/install/vicon_receiver/include/boost/intrusive/detail/simple_disposers.hpp\n'}
[25.922235] (vicon_receiver) StdoutLine: {'line': b'-- Installing: /home/ph/treasure/dockerBENCH/helios16p_ws/install/vicon_receiver/include/boost/intrusive/detail/config_begin.hpp\n'}
[25.922902] (vicon_receiver) StdoutLine: {'line': b'-- Installing: /home/ph/treasure/dockerBENCH/helios16p_ws/install/vicon_receiver/include/boost/intrusive/detail/mpl.hpp\n'}
[25.923605] (vicon_receiver) StdoutLine: {'line': b'-- Installing: /home/ph/treasure/dockerBENCH/helios16p_ws/install/vicon_receiver/include/boost/intrusive/detail/tree_value_compare.hpp\n'}
[25.924256] (vicon_receiver) StdoutLine: {'line': b'-- Installing: /home/ph/treasure/dockerBENCH/helios16p_ws/install/vicon_receiver/include/boost/intrusive/detail/default_header_holder.hpp\n'}
[25.924997] (vicon_receiver) StdoutLine: {'line': b'-- Installing: /home/ph/treasure/dockerBENCH/helios16p_ws/install/vicon_receiver/include/boost/intrusive/detail/iiterator.hpp\n'}
[25.925635] (vicon_receiver) StdoutLine: {'line': b'-- Installing: /home/ph/treasure/dockerBENCH/helios16p_ws/install/vicon_receiver/include/boost/intrusive/detail/key_nodeptr_comp.hpp\n'}
[25.926278] (vicon_receiver) StdoutLine: {'line': b'-- Installing: /home/ph/treasure/dockerBENCH/helios16p_ws/install/vicon_receiver/include/boost/intrusive/detail/minimal_pair_header.hpp\n'}
[25.926912] (vicon_receiver) StdoutLine: {'line': b'-- Installing: /home/ph/treasure/dockerBENCH/helios16p_ws/install/vicon_receiver/include/boost/intrusive/detail/workaround.hpp\n'}
[25.927665] (vicon_receiver) StdoutLine: {'line': b'-- Installing: /home/ph/treasure/dockerBENCH/helios16p_ws/install/vicon_receiver/include/boost/intrusive/detail/common_slist_algorithms.hpp\n'}
[25.928192] (vicon_receiver) StdoutLine: {'line': b'-- Installing: /home/ph/treasure/dockerBENCH/helios16p_ws/install/vicon_receiver/include/boost/intrusive/detail/iterator.hpp\n'}
[25.928860] (vicon_receiver) StdoutLine: {'line': b'-- Installing: /home/ph/treasure/dockerBENCH/helios16p_ws/install/vicon_receiver/include/boost/intrusive/detail/hook_traits.hpp\n'}
[25.929538] (vicon_receiver) StdoutLine: {'line': b'-- Installing: /home/ph/treasure/dockerBENCH/helios16p_ws/install/vicon_receiver/include/boost/intrusive/pointer_rebind.hpp\n'}
[25.930176] (vicon_receiver) StdoutLine: {'line': b'-- Installing: /home/ph/treasure/dockerBENCH/helios16p_ws/install/vicon_receiver/include/boost/intrusive/slist.hpp\n'}
[25.931185] (vicon_receiver) StdoutLine: {'line': b'-- Installing: /home/ph/treasure/dockerBENCH/helios16p_ws/install/vicon_receiver/include/boost/intrusive/list_hook.hpp\n'}
[25.931835] (vicon_receiver) StdoutLine: {'line': b'-- Installing: /home/ph/treasure/dockerBENCH/helios16p_ws/install/vicon_receiver/include/boost/intrusive/intrusive_fwd.hpp\n'}
[25.932515] (vicon_receiver) StdoutLine: {'line': b'-- Installing: /home/ph/treasure/dockerBENCH/helios16p_ws/install/vicon_receiver/include/boost/intrusive/list.hpp\n'}
[25.933545] (vicon_receiver) StdoutLine: {'line': b'-- Installing: /home/ph/treasure/dockerBENCH/helios16p_ws/install/vicon_receiver/include/boost/intrusive/circular_slist_algorithms.hpp\n'}
[25.934226] (vicon_receiver) StdoutLine: {'line': b'-- Installing: /home/ph/treasure/dockerBENCH/helios16p_ws/install/vicon_receiver/include/boost/intrusive/circular_list_algorithms.hpp\n'}
[25.934884] (vicon_receiver) StdoutLine: {'line': b'-- Installing: /home/ph/treasure/dockerBENCH/helios16p_ws/install/vicon_receiver/include/boost/intrusive/linear_slist_algorithms.hpp\n'}
[25.935601] (vicon_receiver) StdoutLine: {'line': b'-- Installing: /home/ph/treasure/dockerBENCH/helios16p_ws/install/vicon_receiver/include/boost/intrusive/pack_options.hpp\n'}
[25.936193] (vicon_receiver) StdoutLine: {'line': b'-- Installing: /home/ph/treasure/dockerBENCH/helios16p_ws/install/vicon_receiver/include/boost/intrusive/options.hpp\n'}
[25.936836] (vicon_receiver) StdoutLine: {'line': b'-- Installing: /home/ph/treasure/dockerBENCH/helios16p_ws/install/vicon_receiver/include/boost/intrusive/link_mode.hpp\n'}
[25.937449] (vicon_receiver) StdoutLine: {'line': b'-- Installing: /home/ph/treasure/dockerBENCH/helios16p_ws/install/vicon_receiver/include/boost/intrusive/pointer_traits.hpp\n'}
[25.938158] (vicon_receiver) StdoutLine: {'line': b'-- Installing: /home/ph/treasure/dockerBENCH/helios16p_ws/install/vicon_receiver/include/boost/scoped_array.hpp\n'}
[25.938800] (vicon_receiver) StdoutLine: {'line': b'-- Installing: /home/ph/treasure/dockerBENCH/helios16p_ws/install/vicon_receiver/include/boost/scoped_ptr.hpp\n'}
[25.939464] (vicon_receiver) StdoutLine: {'line': b'-- Installing: /home/ph/treasure/dockerBENCH/helios16p_ws/install/vicon_receiver/include/boost/token_functions.hpp\n'}
[25.940158] (vicon_receiver) StdoutLine: {'line': b'-- Installing: /home/ph/treasure/dockerBENCH/helios16p_ws/install/vicon_receiver/include/boost/assert\n'}
[25.940567] (vicon_receiver) StdoutLine: {'line': b'-- Installing: /home/ph/treasure/dockerBENCH/helios16p_ws/install/vicon_receiver/include/boost/assert/source_location.hpp\n'}
[25.941162] (vicon_receiver) StdoutLine: {'line': b'-- Installing: /home/ph/treasure/dockerBENCH/helios16p_ws/install/vicon_receiver/include/boost/concept\n'}
[25.941614] (vicon_receiver) StdoutLine: {'line': b'-- Installing: /home/ph/treasure/dockerBENCH/helios16p_ws/install/vicon_receiver/include/boost/concept/detail\n'}
[25.941962] (vicon_receiver) StdoutLine: {'line': b'-- Installing: /home/ph/treasure/dockerBENCH/helios16p_ws/install/vicon_receiver/include/boost/concept/detail/concept_def.hpp\n'}
[25.942706] (vicon_receiver) StdoutLine: {'line': b'-- Installing: /home/ph/treasure/dockerBENCH/helios16p_ws/install/vicon_receiver/include/boost/concept/detail/borland.hpp\n'}
[25.943307] (vicon_receiver) StdoutLine: {'line': b'-- Installing: /home/ph/treasure/dockerBENCH/helios16p_ws/install/vicon_receiver/include/boost/concept/detail/msvc.hpp\n'}
[25.943944] (vicon_receiver) StdoutLine: {'line': b'-- Installing: /home/ph/treasure/dockerBENCH/helios16p_ws/install/vicon_receiver/include/boost/concept/detail/has_constraints.hpp\n'}
[25.944541] (vicon_receiver) StdoutLine: {'line': b'-- Installing: /home/ph/treasure/dockerBENCH/helios16p_ws/install/vicon_receiver/include/boost/concept/detail/backward_compatibility.hpp\n'}
[25.945126] (vicon_receiver) StdoutLine: {'line': b'-- Installing: /home/ph/treasure/dockerBENCH/helios16p_ws/install/vicon_receiver/include/boost/concept/detail/concept_undef.hpp\n'}
[25.945746] (vicon_receiver) StdoutLine: {'line': b'-- Installing: /home/ph/treasure/dockerBENCH/helios16p_ws/install/vicon_receiver/include/boost/concept/detail/general.hpp\n'}
[25.946379] (vicon_receiver) StdoutLine: {'line': b'-- Installing: /home/ph/treasure/dockerBENCH/helios16p_ws/install/vicon_receiver/include/boost/concept/usage.hpp\n'}
[25.946980] (vicon_receiver) StdoutLine: {'line': b'-- Installing: /home/ph/treasure/dockerBENCH/helios16p_ws/install/vicon_receiver/include/boost/concept/assert.hpp\n'}
[25.947622] (vicon_receiver) StdoutLine: {'line': b'-- Installing: /home/ph/treasure/dockerBENCH/helios16p_ws/install/vicon_receiver/include/boost/integer.hpp\n'}
[25.948310] (vicon_receiver) StdoutLine: {'line': b'-- Installing: /home/ph/treasure/dockerBENCH/helios16p_ws/install/vicon_receiver/include/boost/limits.hpp\n'}
[25.948976] (vicon_receiver) StdoutLine: {'line': b'-- Installing: /home/ph/treasure/dockerBENCH/helios16p_ws/install/vicon_receiver/include/boost/memory_order.hpp\n'}
[25.949626] (vicon_receiver) StdoutLine: {'line': b'-- Installing: /home/ph/treasure/dockerBENCH/helios16p_ws/install/vicon_receiver/include/boost/numeric\n'}
[25.949989] (vicon_receiver) StdoutLine: {'line': b'-- Installing: /home/ph/treasure/dockerBENCH/helios16p_ws/install/vicon_receiver/include/boost/numeric/conversion\n'}
[25.950405] (vicon_receiver) StdoutLine: {'line': b'-- Installing: /home/ph/treasure/dockerBENCH/helios16p_ws/install/vicon_receiver/include/boost/numeric/conversion/numeric_cast_traits.hpp\n'}
[25.951024] (vicon_receiver) StdoutLine: {'line': b'-- Installing: /home/ph/treasure/dockerBENCH/helios16p_ws/install/vicon_receiver/include/boost/numeric/conversion/detail\n'}
[25.951467] (vicon_receiver) StdoutLine: {'line': b'-- Installing: /home/ph/treasure/dockerBENCH/helios16p_ws/install/vicon_receiver/include/boost/numeric/conversion/detail/numeric_cast_traits.hpp\n'}
[25.952125] (vicon_receiver) StdoutLine: {'line': b'-- Installing: /home/ph/treasure/dockerBENCH/helios16p_ws/install/vicon_receiver/include/boost/numeric/conversion/detail/sign_mixture.hpp\n'}
[25.952767] (vicon_receiver) StdoutLine: {'line': b'-- Installing: /home/ph/treasure/dockerBENCH/helios16p_ws/install/vicon_receiver/include/boost/numeric/conversion/detail/int_float_mixture.hpp\n'}
[25.953400] (vicon_receiver) StdoutLine: {'line': b'-- Installing: /home/ph/treasure/dockerBENCH/helios16p_ws/install/vicon_receiver/include/boost/numeric/conversion/detail/old_numeric_cast.hpp\n'}
[25.954059] (vicon_receiver) StdoutLine: {'line': b'-- Installing: /home/ph/treasure/dockerBENCH/helios16p_ws/install/vicon_receiver/include/boost/numeric/conversion/detail/bounds.hpp\n'}
[25.954711] (vicon_receiver) StdoutLine: {'line': b'-- Installing: /home/ph/treasure/dockerBENCH/helios16p_ws/install/vicon_receiver/include/boost/numeric/conversion/detail/converter.hpp\n'}
[25.955447] (vicon_receiver) StdoutLine: {'line': b'-- Installing: /home/ph/treasure/dockerBENCH/helios16p_ws/install/vicon_receiver/include/boost/numeric/conversion/detail/meta.hpp\n'}
[25.956035] (vicon_receiver) StdoutLine: {'line': b'-- Installing: /home/ph/treasure/dockerBENCH/helios16p_ws/install/vicon_receiver/include/boost/numeric/conversion/detail/preprocessed\n'}
[25.956478] (vicon_receiver) StdoutLine: {'line': b'-- Installing: /home/ph/treasure/dockerBENCH/helios16p_ws/install/vicon_receiver/include/boost/numeric/conversion/detail/preprocessed/numeric_cast_traits_long_long.hpp\n'}
[25.957187] (vicon_receiver) StdoutLine: {'line': b'-- Installing: /home/ph/treasure/dockerBENCH/helios16p_ws/install/vicon_receiver/include/boost/numeric/conversion/detail/preprocessed/numeric_cast_traits_common.hpp\n'}
[25.958021] (vicon_receiver) StdoutLine: {'line': b'-- Installing: /home/ph/treasure/dockerBENCH/helios16p_ws/install/vicon_receiver/include/boost/numeric/conversion/detail/conversion_traits.hpp\n'}
[25.958736] (vicon_receiver) StdoutLine: {'line': b'-- Installing: /home/ph/treasure/dockerBENCH/helios16p_ws/install/vicon_receiver/include/boost/numeric/conversion/detail/is_subranged.hpp\n'}
[25.959381] (vicon_receiver) StdoutLine: {'line': b'-- Installing: /home/ph/treasure/dockerBENCH/helios16p_ws/install/vicon_receiver/include/boost/numeric/conversion/detail/udt_builtin_mixture.hpp\n'}
[25.960096] (vicon_receiver) StdoutLine: {'line': b'-- Installing: /home/ph/treasure/dockerBENCH/helios16p_ws/install/vicon_receiver/include/boost/numeric/conversion/bounds.hpp\n'}
[25.960710] (vicon_receiver) StdoutLine: {'line': b'-- Installing: /home/ph/treasure/dockerBENCH/helios16p_ws/install/vicon_receiver/include/boost/numeric/conversion/converter.hpp\n'}
[25.961320] (vicon_receiver) StdoutLine: {'line': b'-- Installing: /home/ph/treasure/dockerBENCH/helios16p_ws/install/vicon_receiver/include/boost/numeric/conversion/udt_builtin_mixture_enum.hpp\n'}
[25.961946] (vicon_receiver) StdoutLine: {'line': b'-- Installing: /home/ph/treasure/dockerBENCH/helios16p_ws/install/vicon_receiver/include/boost/numeric/conversion/int_float_mixture_enum.hpp\n'}
[25.962560] (vicon_receiver) StdoutLine: {'line': b'-- Installing: /home/ph/treasure/dockerBENCH/helios16p_ws/install/vicon_receiver/include/boost/numeric/conversion/conversion_traits.hpp\n'}
[25.963217] (vicon_receiver) StdoutLine: {'line': b'-- Installing: /home/ph/treasure/dockerBENCH/helios16p_ws/install/vicon_receiver/include/boost/numeric/conversion/sign_mixture_enum.hpp\n'}
[25.963852] (vicon_receiver) StdoutLine: {'line': b'-- Installing: /home/ph/treasure/dockerBENCH/helios16p_ws/install/vicon_receiver/include/boost/numeric/conversion/cast.hpp\n'}
[25.964473] (vicon_receiver) StdoutLine: {'line': b'-- Installing: /home/ph/treasure/dockerBENCH/helios16p_ws/install/vicon_receiver/include/boost/numeric/conversion/converter_policies.hpp\n'}
[25.965082] (vicon_receiver) StdoutLine: {'line': b'-- Installing: /home/ph/treasure/dockerBENCH/helios16p_ws/install/vicon_receiver/include/boost/predef\n'}
[25.965564] (vicon_receiver) StdoutLine: {'line': b'-- Installing: /home/ph/treasure/dockerBENCH/helios16p_ws/install/vicon_receiver/include/boost/predef/hardware.h\n'}
[25.966177] (vicon_receiver) StdoutLine: {'line': b'-- Installing: /home/ph/treasure/dockerBENCH/helios16p_ws/install/vicon_receiver/include/boost/predef/hardware\n'}
[25.967092] (vicon_receiver) StdoutLine: {'line': b'-- Installing: /home/ph/treasure/dockerBENCH/helios16p_ws/install/vicon_receiver/include/boost/predef/hardware/simd\n'}
[25.967796] (vicon_receiver) StdoutLine: {'line': b'-- Installing: /home/ph/treasure/dockerBENCH/helios16p_ws/install/vicon_receiver/include/boost/predef/hardware/simd/ppc.h\n'}
[25.968119] (vicon_receiver) StdoutLine: {'line': b'-- Installing: /home/ph/treasure/dockerBENCH/helios16p_ws/install/vicon_receiver/include/boost/predef/hardware/simd/x86_amd\n'}
[25.968431] (vicon_receiver) StdoutLine: {'line': b'-- Installing: /home/ph/treasure/dockerBENCH/helios16p_ws/install/vicon_receiver/include/boost/predef/hardware/simd/x86_amd/versions.h\n'}
[25.968729] (vicon_receiver) StdoutLine: {'line': b'-- Installing: /home/ph/treasure/dockerBENCH/helios16p_ws/install/vicon_receiver/include/boost/predef/hardware/simd/arm.h\n'}
[25.969401] (vicon_receiver) StdoutLine: {'line': b'-- Installing: /home/ph/treasure/dockerBENCH/helios16p_ws/install/vicon_receiver/include/boost/predef/hardware/simd/x86\n'}
[25.969845] (vicon_receiver) StdoutLine: {'line': b'-- Installing: /home/ph/treasure/dockerBENCH/helios16p_ws/install/vicon_receiver/include/boost/predef/hardware/simd/x86/versions.h\n'}
[25.970520] (vicon_receiver) StdoutLine: {'line': b'-- Installing: /home/ph/treasure/dockerBENCH/helios16p_ws/install/vicon_receiver/include/boost/predef/hardware/simd/x86.h\n'}
[25.971145] (vicon_receiver) StdoutLine: {'line': b'-- Installing: /home/ph/treasure/dockerBENCH/helios16p_ws/install/vicon_receiver/include/boost/predef/hardware/simd/x86_amd.h\n'}
[25.971751] (vicon_receiver) StdoutLine: {'line': b'-- Installing: /home/ph/treasure/dockerBENCH/helios16p_ws/install/vicon_receiver/include/boost/predef/hardware/simd/ppc\n'}
[25.972309] (vicon_receiver) StdoutLine: {'line': b'-- Installing: /home/ph/treasure/dockerBENCH/helios16p_ws/install/vicon_receiver/include/boost/predef/hardware/simd/ppc/versions.h\n'}
[25.972814] (vicon_receiver) StdoutLine: {'line': b'-- Installing: /home/ph/treasure/dockerBENCH/helios16p_ws/install/vicon_receiver/include/boost/predef/hardware/simd/arm\n'}
[25.973318] (vicon_receiver) StdoutLine: {'line': b'-- Installing: /home/ph/treasure/dockerBENCH/helios16p_ws/install/vicon_receiver/include/boost/predef/hardware/simd/arm/versions.h\n'}
[25.974950] (vicon_receiver) StdoutLine: {'line': b'-- Installing: /home/ph/treasure/dockerBENCH/helios16p_ws/install/vicon_receiver/include/boost/predef/hardware/simd.h\n'}
[25.975495] (vicon_receiver) StdoutLine: {'line': b'-- Installing: /home/ph/treasure/dockerBENCH/helios16p_ws/install/vicon_receiver/include/boost/predef/architecture\n'}
[25.975787] (vicon_receiver) StdoutLine: {'line': b'-- Installing: /home/ph/treasure/dockerBENCH/helios16p_ws/install/vicon_receiver/include/boost/predef/architecture/parisc.h\n'}
[25.978402] (vicon_receiver) StdoutLine: {'line': b'-- Installing: /home/ph/treasure/dockerBENCH/helios16p_ws/install/vicon_receiver/include/boost/predef/architecture/superh.h\n'}
[25.978868] (vicon_receiver) StdoutLine: {'line': b'-- Installing: /home/ph/treasure/dockerBENCH/helios16p_ws/install/vicon_receiver/include/boost/predef/architecture/sys370.h\n'}
[25.979198] (vicon_receiver) StdoutLine: {'line': b'-- Installing: /home/ph/treasure/dockerBENCH/helios16p_ws/install/vicon_receiver/include/boost/predef/architecture/sparc.h\n'}
[25.979567] (vicon_receiver) StdoutLine: {'line': b'-- Installing: /home/ph/treasure/dockerBENCH/helios16p_ws/install/vicon_receiver/include/boost/predef/architecture/ppc.h\n'}
[25.979984] (vicon_receiver) StdoutLine: {'line': b'-- Installing: /home/ph/treasure/dockerBENCH/helios16p_ws/install/vicon_receiver/include/boost/predef/architecture/ptx.h\n'}
[25.980338] (vicon_receiver) StdoutLine: {'line': b'-- Installing: /home/ph/treasure/dockerBENCH/helios16p_ws/install/vicon_receiver/include/boost/predef/architecture/ia64.h\n'}
[25.980752] (vicon_receiver) StdoutLine: {'line': b'-- Installing: /home/ph/treasure/dockerBENCH/helios16p_ws/install/vicon_receiver/include/boost/predef/architecture/blackfin.h\n'}
[25.983152] (vicon_receiver) StdoutLine: {'line': b'-- Installing: /home/ph/treasure/dockerBENCH/helios16p_ws/install/vicon_receiver/include/boost/predef/architecture/pyramid.h\n'}
[25.983805] (vicon_receiver) StdoutLine: {'line': b'-- Installing: /home/ph/treasure/dockerBENCH/helios16p_ws/install/vicon_receiver/include/boost/predef/architecture/arm.h\n'}
[25.984323] (vicon_receiver) StdoutLine: {'line': b'-- Installing: /home/ph/treasure/dockerBENCH/helios16p_ws/install/vicon_receiver/include/boost/predef/architecture/sys390.h\n'}
[25.984676] (vicon_receiver) StdoutLine: {'line': b'-- Installing: /home/ph/treasure/dockerBENCH/helios16p_ws/install/vicon_receiver/include/boost/predef/architecture/rs6k.h\n'}
[25.985136] (vicon_receiver) StdoutLine: {'line': b'-- Installing: /home/ph/treasure/dockerBENCH/helios16p_ws/install/vicon_receiver/include/boost/predef/architecture/convex.h\n'}
[25.985497] (vicon_receiver) StdoutLine: {'line': b'-- Installing: /home/ph/treasure/dockerBENCH/helios16p_ws/install/vicon_receiver/include/boost/predef/architecture/mips.h\n'}
[25.985993] (vicon_receiver) StdoutLine: {'line': b'-- Installing: /home/ph/treasure/dockerBENCH/helios16p_ws/install/vicon_receiver/include/boost/predef/architecture/m68k.h\n'}
[25.986503] (vicon_receiver) StdoutLine: {'line': b'-- Installing: /home/ph/treasure/dockerBENCH/helios16p_ws/install/vicon_receiver/include/boost/predef/architecture/x86\n'}
[25.987071] (vicon_receiver) StdoutLine: {'line': b'-- Installing: /home/ph/treasure/dockerBENCH/helios16p_ws/install/vicon_receiver/include/boost/predef/architecture/x86/32.h\n'}
[25.988019] (vicon_receiver) StdoutLine: {'line': b'-- Installing: /home/ph/treasure/dockerBENCH/helios16p_ws/install/vicon_receiver/include/boost/predef/architecture/x86/64.h\n'}
[25.988681] (vicon_receiver) StdoutLine: {'line': b'-- Installing: /home/ph/treasure/dockerBENCH/helios16p_ws/install/vicon_receiver/include/boost/predef/architecture/x86.h\n'}
[25.989458] (vicon_receiver) StdoutLine: {'line': b'-- Installing: /home/ph/treasure/dockerBENCH/helios16p_ws/install/vicon_receiver/include/boost/predef/architecture/alpha.h\n'}
[25.990554] (vicon_receiver) StdoutLine: {'line': b'-- Installing: /home/ph/treasure/dockerBENCH/helios16p_ws/install/vicon_receiver/include/boost/predef/architecture/riscv.h\n'}
[25.991712] (vicon_receiver) StdoutLine: {'line': b'-- Installing: /home/ph/treasure/dockerBENCH/helios16p_ws/install/vicon_receiver/include/boost/predef/architecture/z.h\n'}
[25.992962] (vicon_receiver) StdoutLine: {'line': b'-- Installing: /home/ph/treasure/dockerBENCH/helios16p_ws/install/vicon_receiver/include/boost/predef/compiler\n'}
[25.993621] (vicon_receiver) StdoutLine: {'line': b'-- Installing: /home/ph/treasure/dockerBENCH/helios16p_ws/install/vicon_receiver/include/boost/predef/compiler/sunpro.h\n'}
[25.994675] (vicon_receiver) StdoutLine: {'line': b'-- Installing: /home/ph/treasure/dockerBENCH/helios16p_ws/install/vicon_receiver/include/boost/predef/compiler/metaware.h\n'}
[25.996258] (vicon_receiver) StdoutLine: {'line': b'-- Installing: /home/ph/treasure/dockerBENCH/helios16p_ws/install/vicon_receiver/include/boost/predef/compiler/compaq.h\n'}
[25.997400] (vicon_receiver) StdoutLine: {'line': b'-- Installing: /home/ph/treasure/dockerBENCH/helios16p_ws/install/vicon_receiver/include/boost/predef/compiler/visualc.h\n'}
[25.998619] (vicon_receiver) StdoutLine: {'line': b'-- Installing: /home/ph/treasure/dockerBENCH/helios16p_ws/install/vicon_receiver/include/boost/predef/compiler/mpw.h\n'}
[25.999842] (vicon_receiver) StdoutLine: {'line': b'-- Installing: /home/ph/treasure/dockerBENCH/helios16p_ws/install/vicon_receiver/include/boost/predef/compiler/gcc.h\n'}
[26.000938] (vicon_receiver) StdoutLine: {'line': b'-- Installing: /home/ph/treasure/dockerBENCH/helios16p_ws/install/vicon_receiver/include/boost/predef/compiler/clang.h\n'}
[26.001712] (vicon_receiver) StdoutLine: {'line': b'-- Installing: /home/ph/treasure/dockerBENCH/helios16p_ws/install/vicon_receiver/include/boost/predef/compiler/borland.h\n'}
[26.003088] (vicon_receiver) StdoutLine: {'line': b'-- Installing: /home/ph/treasure/dockerBENCH/helios16p_ws/install/vicon_receiver/include/boost/predef/compiler/greenhills.h\n'}
[26.004431] (vicon_receiver) StdoutLine: {'line': b'-- Installing: /home/ph/treasure/dockerBENCH/helios16p_ws/install/vicon_receiver/include/boost/predef/compiler/ibm.h\n'}
[26.005586] (vicon_receiver) StdoutLine: {'line': b'-- Installing: /home/ph/treasure/dockerBENCH/helios16p_ws/install/vicon_receiver/include/boost/predef/compiler/gcc_xml.h\n'}
[26.006784] (vicon_receiver) StdoutLine: {'line': b'-- Installing: /home/ph/treasure/dockerBENCH/helios16p_ws/install/vicon_receiver/include/boost/predef/compiler/edg.h\n'}
[26.008010] (vicon_receiver) StdoutLine: {'line': b'-- Installing: /home/ph/treasure/dockerBENCH/helios16p_ws/install/vicon_receiver/include/boost/predef/compiler/ekopath.h\n'}
[26.009393] (vicon_receiver) StdoutLine: {'line': b'-- Installing: /home/ph/treasure/dockerBENCH/helios16p_ws/install/vicon_receiver/include/boost/predef/compiler/kai.h\n'}
[26.011111] (vicon_receiver) StdoutLine: {'line': b'-- Installing: /home/ph/treasure/dockerBENCH/helios16p_ws/install/vicon_receiver/include/boost/predef/compiler/watcom.h\n'}
[26.011641] (-) TimerEvent: {}
[26.012537] (vicon_receiver) StdoutLine: {'line': b'-- Installing: /home/ph/treasure/dockerBENCH/helios16p_ws/install/vicon_receiver/include/boost/predef/compiler/nvcc.h\n'}
[26.013469] (vicon_receiver) StdoutLine: {'line': b'-- Installing: /home/ph/treasure/dockerBENCH/helios16p_ws/install/vicon_receiver/include/boost/predef/compiler/sgi_mipspro.h\n'}
[26.014705] (vicon_receiver) StdoutLine: {'line': b'-- Installing: /home/ph/treasure/dockerBENCH/helios16p_ws/install/vicon_receiver/include/boost/predef/compiler/llvm.h\n'}
[26.015875] (vicon_receiver) StdoutLine: {'line': b'-- Installing: /home/ph/treasure/dockerBENCH/helios16p_ws/install/vicon_receiver/include/boost/predef/compiler/iar.h\n'}
[26.017059] (vicon_receiver) StdoutLine: {'line': b'-- Installing: /home/ph/treasure/dockerBENCH/helios16p_ws/install/vicon_receiver/include/boost/predef/compiler/tendra.h\n'}
[26.018270] (vicon_receiver) StdoutLine: {'line': b'-- Installing: /home/ph/treasure/dockerBENCH/helios16p_ws/install/vicon_receiver/include/boost/predef/compiler/palm.h\n'}
[26.019839] (vicon_receiver) StdoutLine: {'line': b'-- Installing: /home/ph/treasure/dockerBENCH/helios16p_ws/install/vicon_receiver/include/boost/predef/compiler/dignus.h\n'}
[26.020996] (vicon_receiver) StdoutLine: {'line': b'-- Installing: /home/ph/treasure/dockerBENCH/helios16p_ws/install/vicon_receiver/include/boost/predef/compiler/metrowerks.h\n'}
[26.022233] (vicon_receiver) StdoutLine: {'line': b'-- Installing: /home/ph/treasure/dockerBENCH/helios16p_ws/install/vicon_receiver/include/boost/predef/compiler/intel.h\n'}
[26.023022] (vicon_receiver) StdoutLine: {'line': b'-- Installing: /home/ph/treasure/dockerBENCH/helios16p_ws/install/vicon_receiver/include/boost/predef/compiler/hp_acc.h\n'}
[26.023843] (vicon_receiver) StdoutLine: {'line': b'-- Installing: /home/ph/treasure/dockerBENCH/helios16p_ws/install/vicon_receiver/include/boost/predef/compiler/microtec.h\n'}
[26.024680] (vicon_receiver) StdoutLine: {'line': b'-- Installing: /home/ph/treasure/dockerBENCH/helios16p_ws/install/vicon_receiver/include/boost/predef/compiler/pgi.h\n'}
[26.025549] (vicon_receiver) StdoutLine: {'line': b'-- Installing: /home/ph/treasure/dockerBENCH/helios16p_ws/install/vicon_receiver/include/boost/predef/compiler/digitalmars.h\n'}
[26.026975] (vicon_receiver) StdoutLine: {'line': b'-- Installing: /home/ph/treasure/dockerBENCH/helios16p_ws/install/vicon_receiver/include/boost/predef/compiler/comeau.h\n'}
[26.027727] (vicon_receiver) StdoutLine: {'line': b'-- Installing: /home/ph/treasure/dockerBENCH/helios16p_ws/install/vicon_receiver/include/boost/predef/compiler/diab.h\n'}
[26.028513] (vicon_receiver) StdoutLine: {'line': b'-- Installing: /home/ph/treasure/dockerBENCH/helios16p_ws/install/vicon_receiver/include/boost/predef/detail\n'}
[26.029127] (vicon_receiver) StdoutLine: {'line': b'-- Installing: /home/ph/treasure/dockerBENCH/helios16p_ws/install/vicon_receiver/include/boost/predef/detail/comp_detected.h\n'}
[26.029927] (vicon_receiver) StdoutLine: {'line': b'-- Installing: /home/ph/treasure/dockerBENCH/helios16p_ws/install/vicon_receiver/include/boost/predef/detail/_cassert.h\n'}
[26.030720] (vicon_receiver) StdoutLine: {'line': b'-- Installing: /home/ph/treasure/dockerBENCH/helios16p_ws/install/vicon_receiver/include/boost/predef/detail/_exception.h\n'}
[26.031523] (vicon_receiver) StdoutLine: {'line': b'-- Installing: /home/ph/treasure/dockerBENCH/helios16p_ws/install/vicon_receiver/include/boost/predef/detail/test.h\n'}
[26.032315] (vicon_receiver) StdoutLine: {'line': b'-- Installing: /home/ph/treasure/dockerBENCH/helios16p_ws/install/vicon_receiver/include/boost/predef/detail/os_detected.h\n'}
[26.033097] (vicon_receiver) StdoutLine: {'line': b'-- Installing: /home/ph/treasure/dockerBENCH/helios16p_ws/install/vicon_receiver/include/boost/predef/detail/platform_detected.h\n'}
[26.033965] (vicon_receiver) StdoutLine: {'line': b'-- Installing: /home/ph/treasure/dockerBENCH/helios16p_ws/install/vicon_receiver/include/boost/predef/make.h\n'}
[26.035228] (vicon_receiver) StdoutLine: {'line': b'-- Installing: /home/ph/treasure/dockerBENCH/helios16p_ws/install/vicon_receiver/include/boost/predef/architecture.h\n'}
[26.036119] (vicon_receiver) StdoutLine: {'line': b'-- Installing: /home/ph/treasure/dockerBENCH/helios16p_ws/install/vicon_receiver/include/boost/predef/os.h\n'}
[26.037548] (vicon_receiver) StdoutLine: {'line': b'-- Installing: /home/ph/treasure/dockerBENCH/helios16p_ws/install/vicon_receiver/include/boost/predef/platform\n'}
[26.037996] (vicon_receiver) StdoutLine: {'line': b'-- Installing: /home/ph/treasure/dockerBENCH/helios16p_ws/install/vicon_receiver/include/boost/predef/platform/mingw32.h\n'}
[26.038573] (vicon_receiver) StdoutLine: {'line': b'-- Installing: /home/ph/treasure/dockerBENCH/helios16p_ws/install/vicon_receiver/include/boost/predef/platform/mingw.h\n'}
[26.039187] (vicon_receiver) StdoutLine: {'line': b'-- Installing: /home/ph/treasure/dockerBENCH/helios16p_ws/install/vicon_receiver/include/boost/predef/platform/windows_phone.h\n'}
[26.040537] (vicon_receiver) StdoutLine: {'line': b'-- Installing: /home/ph/treasure/dockerBENCH/helios16p_ws/install/vicon_receiver/include/boost/predef/platform/mingw64.h\n'}
[26.041272] (vicon_receiver) StdoutLine: {'line': b'-- Installing: /home/ph/treasure/dockerBENCH/helios16p_ws/install/vicon_receiver/include/boost/predef/platform/windows_store.h\n'}
[26.042189] (vicon_receiver) StdoutLine: {'line': b'-- Installing: /home/ph/treasure/dockerBENCH/helios16p_ws/install/vicon_receiver/include/boost/predef/platform/windows_server.h\n'}
[26.043403] (vicon_receiver) StdoutLine: {'line': b'-- Installing: /home/ph/treasure/dockerBENCH/helios16p_ws/install/vicon_receiver/include/boost/predef/platform/windows_uwp.h\n'}
[26.044063] (vicon_receiver) StdoutLine: {'line': b'-- Installing: /home/ph/treasure/dockerBENCH/helios16p_ws/install/vicon_receiver/include/boost/predef/platform/windows_system.h\n'}
[26.044673] (vicon_receiver) StdoutLine: {'line': b'-- Installing: /home/ph/treasure/dockerBENCH/helios16p_ws/install/vicon_receiver/include/boost/predef/platform/windows_desktop.h\n'}
[26.045419] (vicon_receiver) StdoutLine: {'line': b'-- Installing: /home/ph/treasure/dockerBENCH/helios16p_ws/install/vicon_receiver/include/boost/predef/platform/android.h\n'}
[26.046211] (vicon_receiver) StdoutLine: {'line': b'-- Installing: /home/ph/treasure/dockerBENCH/helios16p_ws/install/vicon_receiver/include/boost/predef/platform/ios.h\n'}
[26.047055] (vicon_receiver) StdoutLine: {'line': b'-- Installing: /home/ph/treasure/dockerBENCH/helios16p_ws/install/vicon_receiver/include/boost/predef/platform/cloudabi.h\n'}
[26.047933] (vicon_receiver) StdoutLine: {'line': b'-- Installing: /home/ph/treasure/dockerBENCH/helios16p_ws/install/vicon_receiver/include/boost/predef/platform/windows_runtime.h\n'}
[26.048852] (vicon_receiver) StdoutLine: {'line': b'-- Installing: /home/ph/treasure/dockerBENCH/helios16p_ws/install/vicon_receiver/include/boost/predef/compiler.h\n'}
[26.050144] (vicon_receiver) StdoutLine: {'line': b'-- Installing: /home/ph/treasure/dockerBENCH/helios16p_ws/install/vicon_receiver/include/boost/predef/library.h\n'}
[26.050846] (vicon_receiver) StdoutLine: {'line': b'-- Installing: /home/ph/treasure/dockerBENCH/helios16p_ws/install/vicon_receiver/include/boost/predef/os\n'}
[26.051462] (vicon_receiver) StdoutLine: {'line': b'-- Installing: /home/ph/treasure/dockerBENCH/helios16p_ws/install/vicon_receiver/include/boost/predef/os/linux.h\n'}
[26.052315] (vicon_receiver) StdoutLine: {'line': b'-- Installing: /home/ph/treasure/dockerBENCH/helios16p_ws/install/vicon_receiver/include/boost/predef/os/windows.h\n'}
[26.053133] (vicon_receiver) StdoutLine: {'line': b'-- Installing: /home/ph/treasure/dockerBENCH/helios16p_ws/install/vicon_receiver/include/boost/predef/os/unix.h\n'}
[26.054032] (vicon_receiver) StdoutLine: {'line': b'-- Installing: /home/ph/treasure/dockerBENCH/helios16p_ws/install/vicon_receiver/include/boost/predef/os/qnxnto.h\n'}
[26.054788] (vicon_receiver) StdoutLine: {'line': b'-- Installing: /home/ph/treasure/dockerBENCH/helios16p_ws/install/vicon_receiver/include/boost/predef/os/hpux.h\n'}
[26.055608] (vicon_receiver) StdoutLine: {'line': b'-- Installing: /home/ph/treasure/dockerBENCH/helios16p_ws/install/vicon_receiver/include/boost/predef/os/bsd\n'}
[26.056348] (vicon_receiver) StdoutLine: {'line': b'-- Installing: /home/ph/treasure/dockerBENCH/helios16p_ws/install/vicon_receiver/include/boost/predef/os/bsd/open.h\n'}
[26.057652] (vicon_receiver) StdoutLine: {'line': b'-- Installing: /home/ph/treasure/dockerBENCH/helios16p_ws/install/vicon_receiver/include/boost/predef/os/bsd/free.h\n'}
[26.058447] (vicon_receiver) StdoutLine: {'line': b'-- Installing: /home/ph/treasure/dockerBENCH/helios16p_ws/install/vicon_receiver/include/boost/predef/os/bsd/bsdi.h\n'}
[26.059733] (vicon_receiver) StdoutLine: {'line': b'-- Installing: /home/ph/treasure/dockerBENCH/helios16p_ws/install/vicon_receiver/include/boost/predef/os/bsd/net.h\n'}
[26.060431] (vicon_receiver) StdoutLine: {'line': b'-- Installing: /home/ph/treasure/dockerBENCH/helios16p_ws/install/vicon_receiver/include/boost/predef/os/bsd/dragonfly.h\n'}
[26.063627] (vicon_receiver) StdoutLine: {'line': b'-- Installing: /home/ph/treasure/dockerBENCH/helios16p_ws/install/vicon_receiver/include/boost/predef/os/cygwin.h\n'}
[26.064151] (vicon_receiver) StdoutLine: {'line': b'-- Installing: /home/ph/treasure/dockerBENCH/helios16p_ws/install/vicon_receiver/include/boost/predef/os/amigaos.h\n'}
[26.064555] (vicon_receiver) StdoutLine: {'line': b'-- Installing: /home/ph/treasure/dockerBENCH/helios16p_ws/install/vicon_receiver/include/boost/predef/os/solaris.h\n'}
[26.065454] (vicon_receiver) StdoutLine: {'line': b'-- Installing: /home/ph/treasure/dockerBENCH/helios16p_ws/install/vicon_receiver/include/boost/predef/os/beos.h\n'}
[26.065850] (vicon_receiver) StdoutLine: {'line': b'-- Installing: /home/ph/treasure/dockerBENCH/helios16p_ws/install/vicon_receiver/include/boost/predef/os/bsd.h\n'}
[26.066198] (vicon_receiver) StdoutLine: {'line': b'-- Installing: /home/ph/treasure/dockerBENCH/helios16p_ws/install/vicon_receiver/include/boost/predef/os/os400.h\n'}
[26.066762] (vicon_receiver) StdoutLine: {'line': b'-- Installing: /home/ph/treasure/dockerBENCH/helios16p_ws/install/vicon_receiver/include/boost/predef/os/aix.h\n'}
[26.067161] (vicon_receiver) StdoutLine: {'line': b'-- Installing: /home/ph/treasure/dockerBENCH/helios16p_ws/install/vicon_receiver/include/boost/predef/os/macos.h\n'}
[26.067763] (vicon_receiver) StdoutLine: {'line': b'-- Installing: /home/ph/treasure/dockerBENCH/helios16p_ws/install/vicon_receiver/include/boost/predef/os/vms.h\n'}
[26.068447] (vicon_receiver) StdoutLine: {'line': b'-- Installing: /home/ph/treasure/dockerBENCH/helios16p_ws/install/vicon_receiver/include/boost/predef/os/irix.h\n'}
[26.069269] (vicon_receiver) StdoutLine: {'line': b'-- Installing: /home/ph/treasure/dockerBENCH/helios16p_ws/install/vicon_receiver/include/boost/predef/os/ios.h\n'}
[26.070096] (vicon_receiver) StdoutLine: {'line': b'-- Installing: /home/ph/treasure/dockerBENCH/helios16p_ws/install/vicon_receiver/include/boost/predef/os/haiku.h\n'}
[26.070937] (vicon_receiver) StdoutLine: {'line': b'-- Installing: /home/ph/treasure/dockerBENCH/helios16p_ws/install/vicon_receiver/include/boost/predef/platform.h\n'}
[26.071890] (vicon_receiver) StdoutLine: {'line': b'-- Installing: /home/ph/treasure/dockerBENCH/helios16p_ws/install/vicon_receiver/include/boost/predef/version_number.h\n'}
[26.073104] (vicon_receiver) StdoutLine: {'line': b'-- Installing: /home/ph/treasure/dockerBENCH/helios16p_ws/install/vicon_receiver/include/boost/predef/language.h\n'}
[26.073872] (vicon_receiver) StdoutLine: {'line': b'-- Installing: /home/ph/treasure/dockerBENCH/helios16p_ws/install/vicon_receiver/include/boost/predef/language\n'}
[26.074494] (vicon_receiver) StdoutLine: {'line': b'-- Installing: /home/ph/treasure/dockerBENCH/helios16p_ws/install/vicon_receiver/include/boost/predef/language/stdc.h\n'}
[26.075784] (vicon_receiver) StdoutLine: {'line': b'-- Installing: /home/ph/treasure/dockerBENCH/helios16p_ws/install/vicon_receiver/include/boost/predef/language/stdcpp.h\n'}
[26.076461] (vicon_receiver) StdoutLine: {'line': b'-- Installing: /home/ph/treasure/dockerBENCH/helios16p_ws/install/vicon_receiver/include/boost/predef/language/objc.h\n'}
[26.077131] (vicon_receiver) StdoutLine: {'line': b'-- Installing: /home/ph/treasure/dockerBENCH/helios16p_ws/install/vicon_receiver/include/boost/predef/language/cuda.h\n'}
[26.077997] (vicon_receiver) StdoutLine: {'line': b'-- Installing: /home/ph/treasure/dockerBENCH/helios16p_ws/install/vicon_receiver/include/boost/predef/other.h\n'}
[26.078820] (vicon_receiver) StdoutLine: {'line': b'-- Installing: /home/ph/treasure/dockerBENCH/helios16p_ws/install/vicon_receiver/include/boost/predef/other\n'}
[26.079542] (vicon_receiver) StdoutLine: {'line': b'-- Installing: /home/ph/treasure/dockerBENCH/helios16p_ws/install/vicon_receiver/include/boost/predef/other/endian.h\n'}
[26.080801] (vicon_receiver) StdoutLine: {'line': b'-- Installing: /home/ph/treasure/dockerBENCH/helios16p_ws/install/vicon_receiver/include/boost/predef/version.h\n'}
[26.081595] (vicon_receiver) StdoutLine: {'line': b'-- Installing: /home/ph/treasure/dockerBENCH/helios16p_ws/install/vicon_receiver/include/boost/predef/library\n'}
[26.082204] (vicon_receiver) StdoutLine: {'line': b'-- Installing: /home/ph/treasure/dockerBENCH/helios16p_ws/install/vicon_receiver/include/boost/predef/library/std\n'}
[26.082825] (vicon_receiver) StdoutLine: {'line': b'-- Installing: /home/ph/treasure/dockerBENCH/helios16p_ws/install/vicon_receiver/include/boost/predef/library/std/_prefix.h\n'}
[26.083653] (vicon_receiver) StdoutLine: {'line': b'-- Installing: /home/ph/treasure/dockerBENCH/helios16p_ws/install/vicon_receiver/include/boost/predef/library/std/modena.h\n'}
[26.084498] (vicon_receiver) StdoutLine: {'line': b'-- Installing: /home/ph/treasure/dockerBENCH/helios16p_ws/install/vicon_receiver/include/boost/predef/library/std/cxx.h\n'}
[26.085348] (vicon_receiver) StdoutLine: {'line': b'-- Installing: /home/ph/treasure/dockerBENCH/helios16p_ws/install/vicon_receiver/include/boost/predef/library/std/stlport.h\n'}
[26.086200] (vicon_receiver) StdoutLine: {'line': b'-- Installing: /home/ph/treasure/dockerBENCH/helios16p_ws/install/vicon_receiver/include/boost/predef/library/std/dinkumware.h\n'}
[26.087057] (vicon_receiver) StdoutLine: {'line': b'-- Installing: /home/ph/treasure/dockerBENCH/helios16p_ws/install/vicon_receiver/include/boost/predef/library/std/libcomo.h\n'}
[26.088082] (vicon_receiver) StdoutLine: {'line': b'-- Installing: /home/ph/treasure/dockerBENCH/helios16p_ws/install/vicon_receiver/include/boost/predef/library/std/roguewave.h\n'}
[26.091477] (vicon_receiver) StdoutLine: {'line': b'-- Installing: /home/ph/treasure/dockerBENCH/helios16p_ws/install/vicon_receiver/include/boost/predef/library/std/msl.h\n'}
[26.091963] (vicon_receiver) StdoutLine: {'line': b'-- Installing: /home/ph/treasure/dockerBENCH/helios16p_ws/install/vicon_receiver/include/boost/predef/library/std/vacpp.h\n'}
[26.092602] (vicon_receiver) StdoutLine: {'line': b'-- Installing: /home/ph/treasure/dockerBENCH/helios16p_ws/install/vicon_receiver/include/boost/predef/library/std/sgi.h\n'}
[26.093350] (vicon_receiver) StdoutLine: {'line': b'-- Installing: /home/ph/treasure/dockerBENCH/helios16p_ws/install/vicon_receiver/include/boost/predef/library/std/stdcpp3.h\n'}
[26.093942] (vicon_receiver) StdoutLine: {'line': b'-- Installing: /home/ph/treasure/dockerBENCH/helios16p_ws/install/vicon_receiver/include/boost/predef/library/c\n'}
[26.094357] (vicon_receiver) StdoutLine: {'line': b'-- Installing: /home/ph/treasure/dockerBENCH/helios16p_ws/install/vicon_receiver/include/boost/predef/library/c/gnu.h\n'}
[26.094866] (vicon_receiver) StdoutLine: {'line': b'-- Installing: /home/ph/treasure/dockerBENCH/helios16p_ws/install/vicon_receiver/include/boost/predef/library/c/_prefix.h\n'}
[26.095903] (vicon_receiver) StdoutLine: {'line': b'-- Installing: /home/ph/treasure/dockerBENCH/helios16p_ws/install/vicon_receiver/include/boost/predef/library/c/zos.h\n'}
[26.098319] (vicon_receiver) StdoutLine: {'line': b'-- Installing: /home/ph/treasure/dockerBENCH/helios16p_ws/install/vicon_receiver/include/boost/predef/library/c/uc.h\n'}
[26.099010] (vicon_receiver) StdoutLine: {'line': b'-- Installing: /home/ph/treasure/dockerBENCH/helios16p_ws/install/vicon_receiver/include/boost/predef/library/c/vms.h\n'}
[26.099606] (vicon_receiver) StdoutLine: {'line': b'-- Installing: /home/ph/treasure/dockerBENCH/helios16p_ws/install/vicon_receiver/include/boost/predef/library/c/cloudabi.h\n'}
[26.100110] (vicon_receiver) StdoutLine: {'line': b'-- Installing: /home/ph/treasure/dockerBENCH/helios16p_ws/install/vicon_receiver/include/boost/predef/library/c.h\n'}
[26.101035] (vicon_receiver) StdoutLine: {'line': b'-- Installing: /home/ph/treasure/dockerBENCH/helios16p_ws/install/vicon_receiver/include/boost/predef/library/std.h\n'}
[26.105874] (vicon_receiver) StdoutLine: {'line': b'-- Installing: /home/ph/treasure/dockerBENCH/helios16p_ws/install/vicon_receiver/lib/libboost_system.so.1.75.0\n'}
[26.107489] (vicon_receiver) StdoutLine: {'line': b'-- Installing: /home/ph/treasure/dockerBENCH/helios16p_ws/install/vicon_receiver/lib/libboost_thread.so.1.75.0\n'}
[26.111256] (vicon_receiver) StdoutLine: {'line': b'-- Installing: /home/ph/treasure/dockerBENCH/helios16p_ws/install/vicon_receiver/lib/libboost_chrono.so.1.75.0\n'}
[26.112451] (-) TimerEvent: {}
[26.114129] (vicon_receiver) StdoutLine: {'line': b'-- Installing: /home/ph/treasure/dockerBENCH/helios16p_ws/install/vicon_receiver/lib/libboost_timer.so.1.75.0\n'}
[26.118901] (vicon_receiver) StdoutLine: {'line': b'-- Installing: /home/ph/treasure/dockerBENCH/helios16p_ws/install/vicon_receiver/lib/libViconDataStreamSDK_CPP.so\n'}
[26.135597] (vicon_receiver) StdoutLine: {'line': b'-- Up-to-date: /home/ph/treasure/dockerBENCH/helios16p_ws/install/vicon_receiver/include\n'}
[26.136025] (vicon_receiver) StdoutLine: {'line': b'-- Installing: /home/ph/treasure/dockerBENCH/helios16p_ws/install/vicon_receiver/include/vicon-datastream-sdk\n'}
[26.136313] (vicon_receiver) StdoutLine: {'line': b'-- Installing: /home/ph/treasure/dockerBENCH/helios16p_ws/install/vicon_receiver/include/vicon-datastream-sdk/IDataStreamClientBase.h\n'}
[26.137779] (vicon_receiver) StdoutLine: {'line': b'-- Installing: /home/ph/treasure/dockerBENCH/helios16p_ws/install/vicon_receiver/include/vicon-datastream-sdk/DataStreamClient.h\n'}
[26.141137] (vicon_receiver) StdoutLine: {'line': b'-- Up-to-date: /home/ph/treasure/dockerBENCH/helios16p_ws/install/vicon_receiver/include\n'}
[26.141703] (vicon_receiver) StdoutLine: {'line': b'-- Installing: /home/ph/treasure/dockerBENCH/helios16p_ws/install/vicon_receiver/include/vicon_receiver\n'}
[26.143091] (vicon_receiver) StdoutLine: {'line': b'-- Installing: /home/ph/treasure/dockerBENCH/helios16p_ws/install/vicon_receiver/include/vicon_receiver/communicator.hpp\n'}
[26.143655] (vicon_receiver) StdoutLine: {'line': b'-- Installing: /home/ph/treasure/dockerBENCH/helios16p_ws/install/vicon_receiver/include/vicon_receiver/publisher.hpp\n'}
[26.144060] (vicon_receiver) StdoutLine: {'line': b'-- Installing: /home/ph/treasure/dockerBENCH/helios16p_ws/install/vicon_receiver/lib/vicon_receiver/vicon_client\n'}
[26.149141] (vicon_receiver) StdoutLine: {'line': b'-- Set non-toolchain portion of runtime path of "/home/ph/treasure/dockerBENCH/helios16p_ws/install/vicon_receiver/lib/vicon_receiver/vicon_client" to "$ORIGIN/../lib"\n'}
[26.149459] (vicon_receiver) StdoutLine: {'line': b'-- Installing: /home/ph/treasure/dockerBENCH/helios16p_ws/install/vicon_receiver/share/vicon_receiver/launch\n'}
[26.149622] (vicon_receiver) StdoutLine: {'line': b'-- Installing: /home/ph/treasure/dockerBENCH/helios16p_ws/install/vicon_receiver/share/vicon_receiver/launch/client.launch.py\n'}
[26.149993] (vicon_receiver) StdoutLine: {'line': b'-- Installing: /home/ph/treasure/dockerBENCH/helios16p_ws/install/vicon_receiver/share/ament_index/resource_index/package_run_dependencies/vicon_receiver\n'}
[26.151478] (vicon_receiver) StdoutLine: {'line': b'-- Installing: /home/ph/treasure/dockerBENCH/helios16p_ws/install/vicon_receiver/share/ament_index/resource_index/parent_prefix_path/vicon_receiver\n'}
[26.151958] (vicon_receiver) StdoutLine: {'line': b'-- Installing: /home/ph/treasure/dockerBENCH/helios16p_ws/install/vicon_receiver/share/vicon_receiver/environment/ament_prefix_path.sh\n'}
[26.154689] (vicon_receiver) StdoutLine: {'line': b'-- Installing: /home/ph/treasure/dockerBENCH/helios16p_ws/install/vicon_receiver/share/vicon_receiver/environment/ament_prefix_path.dsv\n'}
[26.158598] (vicon_receiver) StdoutLine: {'line': b'-- Installing: /home/ph/treasure/dockerBENCH/helios16p_ws/install/vicon_receiver/share/vicon_receiver/environment/path.sh\n'}
[26.158951] (vicon_receiver) StdoutLine: {'line': b'-- Installing: /home/ph/treasure/dockerBENCH/helios16p_ws/install/vicon_receiver/share/vicon_receiver/environment/path.dsv\n'}
[26.159443] (vicon_receiver) StdoutLine: {'line': b'-- Installing: /home/ph/treasure/dockerBENCH/helios16p_ws/install/vicon_receiver/share/vicon_receiver/local_setup.bash\n'}
[26.159736] (vicon_receiver) StdoutLine: {'line': b'-- Installing: /home/ph/treasure/dockerBENCH/helios16p_ws/install/vicon_receiver/share/vicon_receiver/local_setup.sh\n'}
[26.159950] (vicon_receiver) StdoutLine: {'line': b'-- Installing: /home/ph/treasure/dockerBENCH/helios16p_ws/install/vicon_receiver/share/vicon_receiver/local_setup.zsh\n'}
[26.160585] (vicon_receiver) StdoutLine: {'line': b'-- Installing: /home/ph/treasure/dockerBENCH/helios16p_ws/install/vicon_receiver/share/vicon_receiver/local_setup.dsv\n'}
[26.160950] (vicon_receiver) StdoutLine: {'line': b'-- Installing: /home/ph/treasure/dockerBENCH/helios16p_ws/install/vicon_receiver/share/vicon_receiver/package.dsv\n'}
[26.161595] (vicon_receiver) StdoutLine: {'line': b'-- Installing: /home/ph/treasure/dockerBENCH/helios16p_ws/install/vicon_receiver/share/ament_index/resource_index/packages/vicon_receiver\n'}
[26.161854] (vicon_receiver) StdoutLine: {'line': b'-- Installing: /home/ph/treasure/dockerBENCH/helios16p_ws/install/vicon_receiver/share/vicon_receiver/cmake/vicon_receiverConfig.cmake\n'}
[26.163044] (vicon_receiver) StdoutLine: {'line': b'-- Installing: /home/ph/treasure/dockerBENCH/helios16p_ws/install/vicon_receiver/share/vicon_receiver/cmake/vicon_receiverConfig-version.cmake\n'}
[26.163588] (vicon_receiver) StdoutLine: {'line': b'-- Installing: /home/ph/treasure/dockerBENCH/helios16p_ws/install/vicon_receiver/share/vicon_receiver/package.xml\n'}
[26.167941] (vicon_receiver) CommandEnded: {'returncode': 0}
[26.212865] (-) TimerEvent: {}
[26.224275] (vicon_receiver) JobEnded: {'identifier': 'vicon_receiver', 'rc': 0}
[26.313047] (-) TimerEvent: {}
[26.320213] (kiss_icp) StdoutLine: {'line': b'[ 64%] \x1b[1m\x1b[32mLinking CXX static library libkiss_icp_core.a\x1b[0m\n'}
[26.359918] (kiss_icp) StdoutLine: {'line': b'[ 64%] Built target kiss_icp_core\n'}
[26.378819] (kiss_icp) StdoutLine: {'line': b'[ 71%] \x1b[32mBuilding CXX object kiss_icp/pipeline/CMakeFiles/kiss_icp_pipeline.dir/KissICP.cpp.o\x1b[0m\n'}
[26.413168] (-) TimerEvent: {}
[26.513599] (-) TimerEvent: {}
[26.613997] (-) TimerEvent: {}
[26.718627] (-) TimerEvent: {}
[26.819180] (-) TimerEvent: {}
[26.919683] (-) TimerEvent: {}
[27.020142] (-) TimerEvent: {}
[27.120706] (-) TimerEvent: {}
[27.221239] (-) TimerEvent: {}
[27.321721] (-) TimerEvent: {}
[27.422237] (-) TimerEvent: {}
[27.522714] (-) TimerEvent: {}
[27.623160] (-) TimerEvent: {}
[27.723656] (-) TimerEvent: {}
[27.824126] (-) TimerEvent: {}
[27.924658] (-) TimerEvent: {}
[28.025312] (-) TimerEvent: {}
[28.127473] (-) TimerEvent: {}
[28.228048] (-) TimerEvent: {}
[28.328727] (-) TimerEvent: {}
[28.429354] (-) TimerEvent: {}
[28.529933] (-) TimerEvent: {}
[28.630383] (-) TimerEvent: {}
[28.730810] (-) TimerEvent: {}
[28.831221] (-) TimerEvent: {}
[28.931663] (-) TimerEvent: {}
[29.032079] (-) TimerEvent: {}
[29.132538] (-) TimerEvent: {}
[29.232942] (-) TimerEvent: {}
[29.333381] (-) TimerEvent: {}
[29.433860] (-) TimerEvent: {}
[29.534321] (-) TimerEvent: {}
[29.634792] (-) TimerEvent: {}
[29.735206] (-) TimerEvent: {}
[29.835672] (-) TimerEvent: {}
[29.936182] (-) TimerEvent: {}
[30.036653] (-) TimerEvent: {}
[30.084920] (kiss_icp) StdoutLine: {'line': b'[ 78%] \x1b[1m\x1b[32mLinking CXX static library libkiss_icp_pipeline.a\x1b[0m\n'}
[30.132781] (kiss_icp) StdoutLine: {'line': b'[ 78%] Built target kiss_icp_pipeline\n'}
[30.136772] (-) TimerEvent: {}
[30.157256] (kiss_icp) StdoutLine: {'line': b'[ 85%] \x1b[32mBuilding CXX object CMakeFiles/odometry_component.dir/src/OdometryServer.cpp.o\x1b[0m\n'}
[30.236902] (-) TimerEvent: {}
[30.337335] (-) TimerEvent: {}
[30.437816] (-) TimerEvent: {}
[30.538367] (-) TimerEvent: {}
[30.638785] (-) TimerEvent: {}
[30.739214] (-) TimerEvent: {}
[30.839658] (-) TimerEvent: {}
[30.940122] (-) TimerEvent: {}
[31.040600] (-) TimerEvent: {}
[31.141037] (-) TimerEvent: {}
[31.241506] (-) TimerEvent: {}
[31.342012] (-) TimerEvent: {}
[31.442535] (-) TimerEvent: {}
[31.543140] (-) TimerEvent: {}
[31.643621] (-) TimerEvent: {}
[31.744242] (-) TimerEvent: {}
[31.844853] (-) TimerEvent: {}
[31.945474] (-) TimerEvent: {}
[32.046013] (-) TimerEvent: {}
[32.146518] (-) TimerEvent: {}
[32.247027] (-) TimerEvent: {}
[32.347515] (-) TimerEvent: {}
[32.448004] (-) TimerEvent: {}
[32.548568] (-) TimerEvent: {}
[32.649060] (-) TimerEvent: {}
[32.749607] (-) TimerEvent: {}
[32.850134] (-) TimerEvent: {}
[32.950666] (-) TimerEvent: {}
[33.051135] (-) TimerEvent: {}
[33.151587] (-) TimerEvent: {}
[33.252080] (-) TimerEvent: {}
[33.352614] (-) TimerEvent: {}
[33.453083] (-) TimerEvent: {}
[33.553530] (-) TimerEvent: {}
[33.653999] (-) TimerEvent: {}
[33.754517] (-) TimerEvent: {}
[33.855003] (-) TimerEvent: {}
[33.955656] (-) TimerEvent: {}
[34.056226] (-) TimerEvent: {}
[34.156711] (-) TimerEvent: {}
[34.257203] (-) TimerEvent: {}
[34.357856] (-) TimerEvent: {}
[34.458589] (-) TimerEvent: {}
[34.559180] (-) TimerEvent: {}
[34.659709] (-) TimerEvent: {}
[34.760530] (-) TimerEvent: {}
[34.861073] (-) TimerEvent: {}
[34.961630] (-) TimerEvent: {}
[35.063069] (-) TimerEvent: {}
[35.163620] (-) TimerEvent: {}
[35.264126] (-) TimerEvent: {}
[35.364670] (-) TimerEvent: {}
[35.465175] (-) TimerEvent: {}
[35.565679] (-) TimerEvent: {}
[35.666152] (-) TimerEvent: {}
[35.766704] (-) TimerEvent: {}
[35.867187] (-) TimerEvent: {}
[35.967726] (-) TimerEvent: {}
[36.068189] (-) TimerEvent: {}
[36.168713] (-) TimerEvent: {}
[36.269186] (-) TimerEvent: {}
[36.369651] (-) TimerEvent: {}
[36.470018] (-) TimerEvent: {}
[36.509371] (kiss_icp) StdoutLine: {'line': b'[ 92%] \x1b[1m\x1b[32mLinking CXX static library libkiss_icp_metrics.a\x1b[0m\n'}
[36.544054] (kiss_icp) StdoutLine: {'line': b'[ 92%] Built target kiss_icp_metrics\n'}
[36.570135] (-) TimerEvent: {}
[36.670539] (-) TimerEvent: {}
[36.771033] (-) TimerEvent: {}
[36.871557] (-) TimerEvent: {}
[36.972143] (-) TimerEvent: {}
[37.072680] (-) TimerEvent: {}
[37.173146] (-) TimerEvent: {}
[37.273681] (-) TimerEvent: {}
[37.374186] (-) TimerEvent: {}
[37.474582] (-) TimerEvent: {}
[37.575041] (-) TimerEvent: {}
[37.675593] (-) TimerEvent: {}
[37.776111] (-) TimerEvent: {}
[37.876577] (-) TimerEvent: {}
[37.977071] (-) TimerEvent: {}
[38.077550] (-) TimerEvent: {}
[38.178005] (-) TimerEvent: {}
[38.278512] (-) TimerEvent: {}
[38.378985] (-) TimerEvent: {}
[38.479470] (-) TimerEvent: {}
[38.579925] (-) TimerEvent: {}
[38.680393] (-) TimerEvent: {}
[38.780849] (-) TimerEvent: {}
[38.881333] (-) TimerEvent: {}
[38.981806] (-) TimerEvent: {}
[39.082256] (-) TimerEvent: {}
[39.182647] (-) TimerEvent: {}
[39.283080] (-) TimerEvent: {}
[39.383526] (-) TimerEvent: {}
[39.483943] (-) TimerEvent: {}
[39.584492] (-) TimerEvent: {}
[39.684988] (-) TimerEvent: {}
[39.785440] (-) TimerEvent: {}
[39.885868] (-) TimerEvent: {}
[39.986552] (-) TimerEvent: {}
[40.087002] (-) TimerEvent: {}
[40.187452] (-) TimerEvent: {}
[40.287908] (-) TimerEvent: {}
[40.388390] (-) TimerEvent: {}
[40.488853] (-) TimerEvent: {}
[40.589393] (-) TimerEvent: {}
[40.689919] (-) TimerEvent: {}
[40.790595] (-) TimerEvent: {}
[40.891153] (-) TimerEvent: {}
[40.991649] (-) TimerEvent: {}
[41.092002] (-) TimerEvent: {}
[41.192358] (-) TimerEvent: {}
[41.292697] (-) TimerEvent: {}
[41.393063] (-) TimerEvent: {}
[41.493487] (-) TimerEvent: {}
[41.594045] (-) TimerEvent: {}
[41.694541] (-) TimerEvent: {}
[41.795036] (-) TimerEvent: {}
[41.895517] (-) TimerEvent: {}
[41.995936] (-) TimerEvent: {}
[42.096394] (-) TimerEvent: {}
[42.196860] (-) TimerEvent: {}
[42.297209] (-) TimerEvent: {}
[42.397586] (-) TimerEvent: {}
[42.497956] (-) TimerEvent: {}
[42.598382] (-) TimerEvent: {}
[42.698717] (-) TimerEvent: {}
[42.799084] (-) TimerEvent: {}
[42.899548] (-) TimerEvent: {}
[42.999880] (-) TimerEvent: {}
[43.100217] (-) TimerEvent: {}
[43.200578] (-) TimerEvent: {}
[43.300938] (-) TimerEvent: {}
[43.401339] (-) TimerEvent: {}
[43.501730] (-) TimerEvent: {}
[43.602256] (-) TimerEvent: {}
[43.702909] (-) TimerEvent: {}
[43.803586] (-) TimerEvent: {}
[43.904413] (-) TimerEvent: {}
[44.004961] (-) TimerEvent: {}
[44.105484] (-) TimerEvent: {}
[44.205941] (-) TimerEvent: {}
[44.306390] (-) TimerEvent: {}
[44.406837] (-) TimerEvent: {}
[44.507277] (-) TimerEvent: {}
[44.608253] (-) TimerEvent: {}
[44.708608] (-) TimerEvent: {}
[44.809024] (-) TimerEvent: {}
[44.909798] (-) TimerEvent: {}
[45.010162] (-) TimerEvent: {}
[45.110643] (-) TimerEvent: {}
[45.211035] (-) TimerEvent: {}
[45.311512] (-) TimerEvent: {}
[45.411996] (-) TimerEvent: {}
[45.512520] (-) TimerEvent: {}
[45.612934] (-) TimerEvent: {}
[45.713378] (-) TimerEvent: {}
[45.813813] (-) TimerEvent: {}
[45.914235] (-) TimerEvent: {}
[46.014683] (-) TimerEvent: {}
[46.115123] (-) TimerEvent: {}
[46.215612] (-) TimerEvent: {}
[46.316107] (-) TimerEvent: {}
[46.416636] (-) TimerEvent: {}
[46.517199] (-) TimerEvent: {}
[46.617811] (-) TimerEvent: {}
[46.718387] (-) TimerEvent: {}
[46.818910] (-) TimerEvent: {}
[46.919526] (-) TimerEvent: {}
[47.020060] (-) TimerEvent: {}
[47.120651] (-) TimerEvent: {}
[47.221224] (-) TimerEvent: {}
[47.321740] (-) TimerEvent: {}
[47.422209] (-) TimerEvent: {}
[47.522696] (-) TimerEvent: {}
[47.623086] (-) TimerEvent: {}
[47.723489] (-) TimerEvent: {}
[47.823862] (-) TimerEvent: {}
[47.924244] (-) TimerEvent: {}
[48.024707] (-) TimerEvent: {}
[48.125133] (-) TimerEvent: {}
[48.225721] (-) TimerEvent: {}
[48.326163] (-) TimerEvent: {}
[48.426672] (-) TimerEvent: {}
[48.527154] (-) TimerEvent: {}
[48.627746] (-) TimerEvent: {}
[48.728177] (-) TimerEvent: {}
[48.828658] (-) TimerEvent: {}
[48.929077] (-) TimerEvent: {}
[49.029566] (-) TimerEvent: {}
[49.130031] (-) TimerEvent: {}
[49.230529] (-) TimerEvent: {}
[49.330997] (-) TimerEvent: {}
[49.431464] (-) TimerEvent: {}
[49.531897] (-) TimerEvent: {}
[49.632400] (-) TimerEvent: {}
[49.732861] (-) TimerEvent: {}
[49.833351] (-) TimerEvent: {}
[49.933798] (-) TimerEvent: {}
[50.034300] (-) TimerEvent: {}
[50.134757] (-) TimerEvent: {}
[50.235196] (-) TimerEvent: {}
[50.335651] (-) TimerEvent: {}
[50.436087] (-) TimerEvent: {}
[50.536555] (-) TimerEvent: {}
[50.636983] (-) TimerEvent: {}
[50.737458] (-) TimerEvent: {}
[50.837901] (-) TimerEvent: {}
[50.938368] (-) TimerEvent: {}
[51.038875] (-) TimerEvent: {}
[51.139500] (-) TimerEvent: {}
[51.239946] (-) TimerEvent: {}
[51.340500] (-) TimerEvent: {}
[51.440931] (-) TimerEvent: {}
[51.541305] (-) TimerEvent: {}
[51.641650] (-) TimerEvent: {}
[51.742003] (-) TimerEvent: {}
[51.842368] (-) TimerEvent: {}
[51.942747] (-) TimerEvent: {}
[52.043137] (-) TimerEvent: {}
[52.143545] (-) TimerEvent: {}
[52.243943] (-) TimerEvent: {}
[52.344368] (-) TimerEvent: {}
[52.444778] (-) TimerEvent: {}
[52.545211] (-) TimerEvent: {}
[52.645646] (-) TimerEvent: {}
[52.746066] (-) TimerEvent: {}
[52.846494] (-) TimerEvent: {}
[52.947030] (-) TimerEvent: {}
[53.047471] (-) TimerEvent: {}
[53.147888] (-) TimerEvent: {}
[53.248378] (-) TimerEvent: {}
[53.348902] (-) TimerEvent: {}
[53.449402] (-) TimerEvent: {}
[53.549864] (-) TimerEvent: {}
[53.650483] (-) TimerEvent: {}
[53.751010] (-) TimerEvent: {}
[53.851497] (-) TimerEvent: {}
[53.951954] (-) TimerEvent: {}
[54.052406] (-) TimerEvent: {}
[54.152839] (-) TimerEvent: {}
[54.253316] (-) TimerEvent: {}
[54.353746] (-) TimerEvent: {}
[54.454209] (-) TimerEvent: {}
[54.554686] (-) TimerEvent: {}
[54.655138] (-) TimerEvent: {}
[54.755627] (-) TimerEvent: {}
[54.856077] (-) TimerEvent: {}
[54.956545] (-) TimerEvent: {}
[55.057137] (-) TimerEvent: {}
[55.157727] (-) TimerEvent: {}
[55.258171] (-) TimerEvent: {}
[55.358527] (-) TimerEvent: {}
[55.458891] (-) TimerEvent: {}
[55.464785] (rslidar_sdk) StdoutLine: {'line': b'[100%] \x1b[1m\x1b[32mLinking CXX executable rslidar_sdk_node\x1b[0m\n'}
[55.559024] (-) TimerEvent: {}
[55.659503] (-) TimerEvent: {}
[55.759960] (-) TimerEvent: {}
[55.860480] (-) TimerEvent: {}
[55.885807] (rslidar_sdk) StdoutLine: {'line': b'[100%] Built target rslidar_sdk_node\n'}
[55.896881] (rslidar_sdk) CommandEnded: {'returncode': 0}
[55.898376] (rslidar_sdk) JobProgress: {'identifier': 'rslidar_sdk', 'progress': 'install'}
[55.898668] (rslidar_sdk) Command: {'cmd': ['/home/ph/.local/bin/cmake', '--install', '/home/ph/treasure/dockerBENCH/helios16p_ws/build/rslidar_sdk'], 'cwd': '/home/ph/treasure/dockerBENCH/helios16p_ws/build/rslidar_sdk', 'env': OrderedDict([('LESSOPEN', '| /usr/bin/lesspipe %s'), ('USER', 'ph'), ('LC_TIME', 'it_IT.UTF-8'), ('XDG_SEAT', 'seat0'), ('XDG_SESSION_TYPE', 'x11'), ('SHLVL', '1'), ('LD_LIBRARY_PATH', '/home/ph/treasure/dockerBENCH/helios16p_ws/install/rslidar_msg/lib:/opt/ros/humble/opt/rviz_ogre_vendor/lib:/opt/ros/humble/lib/x86_64-linux-gnu:/opt/ros/humble/lib'), ('HOME', '/home/ph'), ('OLDPWD', '/home/ph/treasure'), ('DESKTOP_SESSION', 'i3'), ('ROS_PYTHON_VERSION', '3'), ('GTK_MODULES', 'gail:atk-bridge'), ('PS1', '(pvenv) \\[\\e]0;\\u@\\h: \\w\\a\\]${debian_chroot:+($debian_chroot)}\\u@\\h:\\w\\$'), ('LC_MONETARY', 'it_IT.UTF-8'), ('SYSTEMD_EXEC_PID', '2203'), ('DBUS_SESSION_BUS_ADDRESS', 'unix:path=/run/user/1000/bus'), ('_colcon_cd_root', '/opt/ros/humble/'), ('ROS_DISTRO', 'humble'), ('GTK_IM_MODULE', 'ibus'), ('LOGNAME', 'ph'), ('WINDOWID', '35651596'), ('_', '/usr/bin/colcon'), ('ROS_VERSION', '2'), ('XTERM_SHELL', '/bin/bash'), ('XDG_SESSION_CLASS', 'user'), ('USERNAME', 'ph'), ('TERM', 'xterm'), ('XDG_SESSION_ID', '3'), ('ROS_LOCALHOST_ONLY', '0'), ('WINDOWPATH', '2'), ('PATH', '/home/ph/myvenv/pvenv/bin:/home/ph/.local/bin:/home/ph/.local/bin:/home/ph/.local/bin:/opt/ros/humble/bin:/usr/local/sbin:/usr/local/bin:/usr/sbin:/usr/bin:/sbin:/bin:/usr/games:/usr/local/games:/snap/bin:/snap/bin'), ('LC_ADDRESS', 'it_IT.UTF-8'), ('XDG_RUNTIME_DIR', '/run/user/1000'), ('DISPLAY', ':0'), ('LANG', 'en_US.UTF-8'), ('XDG_CURRENT_DESKTOP', 'i3'), ('LC_TELEPHONE', 'it_IT.UTF-8'), ('VIRTUAL_ENV_PROMPT', '(pvenv)'), ('XMODIFIERS', '@im=ibus'), ('XDG_SESSION_DESKTOP', 'i3'), ('XAUTHORITY', '/run/user/1000/gdm/Xauthority'), ('LS_COLORS', 'rs=0:di=01;34:ln=01;36:mh=00:pi=40;33:so=01;35:do=01;35:bd=40;33;01:cd=40;33;01:or=40;31;01:mi=00:su=37;41:sg=30;43:ca=30;41:tw=30;42:ow=34;42:st=37;44:ex=01;32:*.tar=01;31:*.tgz=01;31:*.arc=01;31:*.arj=01;31:*.taz=01;31:*.lha=01;31:*.lz4=01;31:*.lzh=01;31:*.lzma=01;31:*.tlz=01;31:*.txz=01;31:*.tzo=01;31:*.t7z=01;31:*.zip=01;31:*.z=01;31:*.dz=01;31:*.gz=01;31:*.lrz=01;31:*.lz=01;31:*.lzo=01;31:*.xz=01;31:*.zst=01;31:*.tzst=01;31:*.bz2=01;31:*.bz=01;31:*.tbz=01;31:*.tbz2=01;31:*.tz=01;31:*.deb=01;31:*.rpm=01;31:*.jar=01;31:*.war=01;31:*.ear=01;31:*.sar=01;31:*.rar=01;31:*.alz=01;31:*.ace=01;31:*.zoo=01;31:*.cpio=01;31:*.7z=01;31:*.rz=01;31:*.cab=01;31:*.wim=01;31:*.swm=01;31:*.dwm=01;31:*.esd=01;31:*.jpg=01;35:*.jpeg=01;35:*.mjpg=01;35:*.mjpeg=01;35:*.gif=01;35:*.bmp=01;35:*.pbm=01;35:*.pgm=01;35:*.ppm=01;35:*.tga=01;35:*.xbm=01;35:*.xpm=01;35:*.tif=01;35:*.tiff=01;35:*.png=01;35:*.svg=01;35:*.svgz=01;35:*.mng=01;35:*.pcx=01;35:*.mov=01;35:*.mpg=01;35:*.mpeg=01;35:*.m2v=01;35:*.mkv=01;35:*.webm=01;35:*.webp=01;35:*.ogm=01;35:*.mp4=01;35:*.m4v=01;35:*.mp4v=01;35:*.vob=01;35:*.qt=01;35:*.nuv=01;35:*.wmv=01;35:*.asf=01;35:*.rm=01;35:*.rmvb=01;35:*.flc=01;35:*.avi=01;35:*.fli=01;35:*.flv=01;35:*.gl=01;35:*.dl=01;35:*.xcf=01;35:*.xwd=01;35:*.yuv=01;35:*.cgm=01;35:*.emf=01;35:*.ogv=01;35:*.ogx=01;35:*.aac=00;36:*.au=00;36:*.flac=00;36:*.m4a=00;36:*.mid=00;36:*.midi=00;36:*.mka=00;36:*.mp3=00;36:*.mpc=00;36:*.ogg=00;36:*.ra=00;36:*.wav=00;36:*.oga=00;36:*.opus=00;36:*.spx=00;36:*.xspf=00;36:'), ('ROS_DOMAIN_ID', '7'), ('AMENT_PREFIX_PATH', '/home/ph/treasure/dockerBENCH/helios16p_ws/install/rslidar_msg:/opt/ros/humble'), ('SHELL', '/bin/bash'), ('CMAKE_POLICY_VERSION_MINIMUM', '3.5'), ('LC_NAME', 'it_IT.UTF-8'), ('QT_ACCESSIBILITY', '1'), ('GDMSESSION', 'i3'), ('LESSCLOSE', '/usr/bin/lesspipe %s %s'), ('LC_MEASUREMENT', 'it_IT.UTF-8'), ('GPG_AGENT_INFO', '/run/user/1000/gnupg/S.gpg-agent:0:1'), ('LC_IDENTIFICATION', 'it_IT.UTF-8'), ('VIRTUAL_ENV', '/home/ph/myvenv/pvenv'), ('QT_IM_MODULE', 'ibus'), ('XDG_VTNR', '2'), ('GPG_TTY', '/dev/pts/0'), ('PWD', '/home/ph/treasure/dockerBENCH/helios16p_ws/build/rslidar_sdk'), ('LC_ALL', 'en_US.UTF-8'), ('XDG_CONFIG_DIRS', '/etc/xdg/xdg-i3:/etc/xdg'), ('XTERM_LOCALE', 'en_US.UTF-8'), ('CLUTTER_IM_MODULE', 'ibus'), ('XDG_DATA_DIRS', '/usr/share/i3:/usr/share/gnome:/usr/local/share/:/usr/share/:/var/lib/snapd/desktop'), ('XTERM_VERSION', 'XTerm(372)'), ('PYTHONPATH', '/home/ph/treasure/dockerBENCH/helios16p_ws/install/rslidar_msg/local/lib/python3.10/dist-packages:/opt/ros/humble/lib/python3.10/site-packages:/opt/ros/humble/local/lib/python3.10/dist-packages'), ('LC_NUMERIC', 'it_IT.UTF-8'), ('I3SOCK', '/run/user/1000/i3/ipc-socket.2364'), ('LC_PAPER', 'it_IT.UTF-8'), ('COLCON', '1'), ('CMAKE_PREFIX_PATH', '/home/ph/treasure/dockerBENCH/helios16p_ws/install/rslidar_msg:/opt/ros/humble')]), 'shell': False}
[55.960609] (-) TimerEvent: {}
[56.034724] (rslidar_sdk) StdoutLine: {'line': b'-- Install configuration: "Release"\n'}
[56.035060] (rslidar_sdk) StdoutLine: {'line': b'-- Installing: /home/ph/treasure/dockerBENCH/helios16p_ws/install/rslidar_sdk/lib/rslidar_sdk/rslidar_sdk_node\n'}
[56.038580] (rslidar_sdk) StdoutLine: {'line': b'-- Set non-toolchain portion of runtime path of "/home/ph/treasure/dockerBENCH/helios16p_ws/install/rslidar_sdk/lib/rslidar_sdk/rslidar_sdk_node" to ""\n'}
[56.038851] (rslidar_sdk) StdoutLine: {'line': b'-- Installing: /home/ph/treasure/dockerBENCH/helios16p_ws/install/rslidar_sdk/share/rslidar_sdk/launch\n'}
[56.039021] (rslidar_sdk) StdoutLine: {'line': b'-- Installing: /home/ph/treasure/dockerBENCH/helios16p_ws/install/rslidar_sdk/share/rslidar_sdk/launch/start.py\n'}
[56.039153] (rslidar_sdk) StdoutLine: {'line': b'-- Installing: /home/ph/treasure/dockerBENCH/helios16p_ws/install/rslidar_sdk/share/rslidar_sdk/launch/humble_start.py\n'}
[56.039372] (rslidar_sdk) StdoutLine: {'line': b'-- Installing: /home/ph/treasure/dockerBENCH/helios16p_ws/install/rslidar_sdk/share/rslidar_sdk/launch/elequent_start.py\n'}
[56.039621] (rslidar_sdk) StdoutLine: {'line': b'-- Installing: /home/ph/treasure/dockerBENCH/helios16p_ws/install/rslidar_sdk/share/rslidar_sdk/launch/start.launch\n'}
[56.040272] (rslidar_sdk) StdoutLine: {'line': b'-- Installing: /home/ph/treasure/dockerBENCH/helios16p_ws/install/rslidar_sdk/share/rslidar_sdk/rviz\n'}
[56.040426] (rslidar_sdk) StdoutLine: {'line': b'-- Installing: /home/ph/treasure/dockerBENCH/helios16p_ws/install/rslidar_sdk/share/rslidar_sdk/rviz/rviz.rviz\n'}
[56.041063] (rslidar_sdk) StdoutLine: {'line': b'-- Installing: /home/ph/treasure/dockerBENCH/helios16p_ws/install/rslidar_sdk/share/rslidar_sdk/rviz/rviz2.rviz\n'}
[56.041970] (rslidar_sdk) StdoutLine: {'line': b'-- Installing: /home/ph/treasure/dockerBENCH/helios16p_ws/install/rslidar_sdk/share/ament_index/resource_index/package_run_dependencies/rslidar_sdk\n'}
[56.042377] (rslidar_sdk) StdoutLine: {'line': b'-- Installing: /home/ph/treasure/dockerBENCH/helios16p_ws/install/rslidar_sdk/share/ament_index/resource_index/parent_prefix_path/rslidar_sdk\n'}
[56.042781] (rslidar_sdk) StdoutLine: {'line': b'-- Installing: /home/ph/treasure/dockerBENCH/helios16p_ws/install/rslidar_sdk/share/rslidar_sdk/environment/ament_prefix_path.sh\n'}
[56.043158] (rslidar_sdk) StdoutLine: {'line': b'-- Installing: /home/ph/treasure/dockerBENCH/helios16p_ws/install/rslidar_sdk/share/rslidar_sdk/environment/ament_prefix_path.dsv\n'}
[56.043493] (rslidar_sdk) StdoutLine: {'line': b'-- Installing: /home/ph/treasure/dockerBENCH/helios16p_ws/install/rslidar_sdk/share/rslidar_sdk/environment/path.sh\n'}
[56.043843] (rslidar_sdk) StdoutLine: {'line': b'-- Installing: /home/ph/treasure/dockerBENCH/helios16p_ws/install/rslidar_sdk/share/rslidar_sdk/environment/path.dsv\n'}
[56.044201] (rslidar_sdk) StdoutLine: {'line': b'-- Installing: /home/ph/treasure/dockerBENCH/helios16p_ws/install/rslidar_sdk/share/rslidar_sdk/local_setup.bash\n'}
[56.044464] (rslidar_sdk) StdoutLine: {'line': b'-- Installing: /home/ph/treasure/dockerBENCH/helios16p_ws/install/rslidar_sdk/share/rslidar_sdk/local_setup.sh\n'}
[56.044781] (rslidar_sdk) StdoutLine: {'line': b'-- Installing: /home/ph/treasure/dockerBENCH/helios16p_ws/install/rslidar_sdk/share/rslidar_sdk/local_setup.zsh\n'}
[56.045118] (rslidar_sdk) StdoutLine: {'line': b'-- Installing: /home/ph/treasure/dockerBENCH/helios16p_ws/install/rslidar_sdk/share/rslidar_sdk/local_setup.dsv\n'}
[56.045385] (rslidar_sdk) StdoutLine: {'line': b'-- Installing: /home/ph/treasure/dockerBENCH/helios16p_ws/install/rslidar_sdk/share/rslidar_sdk/package.dsv\n'}
[56.045702] (rslidar_sdk) StdoutLine: {'line': b'-- Installing: /home/ph/treasure/dockerBENCH/helios16p_ws/install/rslidar_sdk/share/ament_index/resource_index/packages/rslidar_sdk\n'}
[56.046007] (rslidar_sdk) StdoutLine: {'line': b'-- Installing: /home/ph/treasure/dockerBENCH/helios16p_ws/install/rslidar_sdk/share/rslidar_sdk/cmake/rslidar_sdkConfig.cmake\n'}
[56.046321] (rslidar_sdk) StdoutLine: {'line': b'-- Installing: /home/ph/treasure/dockerBENCH/helios16p_ws/install/rslidar_sdk/share/rslidar_sdk/cmake/rslidar_sdkConfig-version.cmake\n'}
[56.046622] (rslidar_sdk) StdoutLine: {'line': b'-- Installing: /home/ph/treasure/dockerBENCH/helios16p_ws/install/rslidar_sdk/share/rslidar_sdk/package.xml\n'}
[56.049627] (rslidar_sdk) CommandEnded: {'returncode': 0}
[56.061639] (-) TimerEvent: {}
[56.079437] (rslidar_sdk) JobEnded: {'identifier': 'rslidar_sdk', 'rc': 0}
[56.161778] (-) TimerEvent: {}
[56.262163] (-) TimerEvent: {}
[56.362545] (-) TimerEvent: {}
[56.462953] (-) TimerEvent: {}
[56.563555] (-) TimerEvent: {}
[56.663995] (-) TimerEvent: {}
[56.764384] (-) TimerEvent: {}
[56.864810] (-) TimerEvent: {}
[56.965265] (-) TimerEvent: {}
[57.065721] (-) TimerEvent: {}
[57.166149] (-) TimerEvent: {}
[57.266644] (-) TimerEvent: {}
[57.367095] (-) TimerEvent: {}
[57.467490] (-) TimerEvent: {}
[57.567877] (-) TimerEvent: {}
[57.668255] (-) TimerEvent: {}
[57.768646] (-) TimerEvent: {}
[57.869019] (-) TimerEvent: {}
[57.969362] (-) TimerEvent: {}
[58.069851] (-) TimerEvent: {}
[58.170308] (-) TimerEvent: {}
[58.270677] (-) TimerEvent: {}
[58.371041] (-) TimerEvent: {}
[58.471374] (-) TimerEvent: {}
[58.571733] (-) TimerEvent: {}
[58.672084] (-) TimerEvent: {}
[58.772464] (-) TimerEvent: {}
[58.872816] (-) TimerEvent: {}
[58.973184] (-) TimerEvent: {}
[59.073551] (-) TimerEvent: {}
[59.173904] (-) TimerEvent: {}
[59.274266] (-) TimerEvent: {}
[59.374637] (-) TimerEvent: {}
[59.475004] (-) TimerEvent: {}
[59.575370] (-) TimerEvent: {}
[59.675745] (-) TimerEvent: {}
[59.776110] (-) TimerEvent: {}
[59.876482] (-) TimerEvent: {}
[59.976841] (-) TimerEvent: {}
[60.077201] (-) TimerEvent: {}
[60.177587] (-) TimerEvent: {}
[60.277954] (-) TimerEvent: {}
[60.378352] (-) TimerEvent: {}
[60.478727] (-) TimerEvent: {}
[60.579110] (-) TimerEvent: {}
[60.679498] (-) TimerEvent: {}
[60.779851] (-) TimerEvent: {}
[60.880214] (-) TimerEvent: {}
[60.980596] (-) TimerEvent: {}
[61.080951] (-) TimerEvent: {}
[61.181327] (-) TimerEvent: {}
[61.281689] (-) TimerEvent: {}
[61.382042] (-) TimerEvent: {}
[61.482400] (-) TimerEvent: {}
[61.582735] (-) TimerEvent: {}
[61.683107] (-) TimerEvent: {}
[61.783493] (-) TimerEvent: {}
[61.883848] (-) TimerEvent: {}
[61.984211] (-) TimerEvent: {}
[62.084592] (-) TimerEvent: {}
[62.184965] (-) TimerEvent: {}
[62.285344] (-) TimerEvent: {}
[62.385712] (-) TimerEvent: {}
[62.486078] (-) TimerEvent: {}
[62.586461] (-) TimerEvent: {}
[62.686869] (-) TimerEvent: {}
[62.787358] (-) TimerEvent: {}
[62.887819] (-) TimerEvent: {}
[62.988279] (-) TimerEvent: {}
[63.088752] (-) TimerEvent: {}
[63.189196] (-) TimerEvent: {}
[63.289698] (-) TimerEvent: {}
[63.390382] (-) TimerEvent: {}
[63.490844] (-) TimerEvent: {}
[63.591404] (-) TimerEvent: {}
[63.691888] (-) TimerEvent: {}
[63.792319] (-) TimerEvent: {}
[63.892689] (-) TimerEvent: {}
[63.993119] (-) TimerEvent: {}
[64.093597] (-) TimerEvent: {}
[64.194077] (-) TimerEvent: {}
[64.294526] (-) TimerEvent: {}
[64.394941] (-) TimerEvent: {}
[64.495386] (-) TimerEvent: {}
[64.595814] (-) TimerEvent: {}
[64.637424] (kiss_icp) StdoutLine: {'line': b'[100%] \x1b[1m\x1b[32mLinking CXX shared library libodometry_component.so\x1b[0m\n'}
[64.695961] (-) TimerEvent: {}
[64.796418] (-) TimerEvent: {}
[64.896850] (-) TimerEvent: {}
[64.956678] (kiss_icp) StdoutLine: {'line': b'[100%] Built target odometry_component\n'}
[64.969199] (kiss_icp) CommandEnded: {'returncode': 0}
[64.972074] (kiss_icp) JobProgress: {'identifier': 'kiss_icp', 'progress': 'install'}
[64.972710] (kiss_icp) Command: {'cmd': ['/home/ph/.local/bin/cmake', '--install', '/home/ph/treasure/dockerBENCH/helios16p_ws/build/kiss_icp'], 'cwd': '/home/ph/treasure/dockerBENCH/helios16p_ws/build/kiss_icp', 'env': OrderedDict([('LESSOPEN', '| /usr/bin/lesspipe %s'), ('USER', 'ph'), ('LC_TIME', 'it_IT.UTF-8'), ('XDG_SEAT', 'seat0'), ('XDG_SESSION_TYPE', 'x11'), ('SHLVL', '1'), ('LD_LIBRARY_PATH', '/opt/ros/humble/opt/rviz_ogre_vendor/lib:/opt/ros/humble/lib/x86_64-linux-gnu:/opt/ros/humble/lib'), ('HOME', '/home/ph'), ('OLDPWD', '/home/ph/treasure'), ('DESKTOP_SESSION', 'i3'), ('ROS_PYTHON_VERSION', '3'), ('GTK_MODULES', 'gail:atk-bridge'), ('PS1', '(pvenv) \\[\\e]0;\\u@\\h: \\w\\a\\]${debian_chroot:+($debian_chroot)}\\u@\\h:\\w\\$'), ('LC_MONETARY', 'it_IT.UTF-8'), ('SYSTEMD_EXEC_PID', '2203'), ('DBUS_SESSION_BUS_ADDRESS', 'unix:path=/run/user/1000/bus'), ('_colcon_cd_root', '/opt/ros/humble/'), ('ROS_DISTRO', 'humble'), ('GTK_IM_MODULE', 'ibus'), ('LOGNAME', 'ph'), ('WINDOWID', '35651596'), ('_', '/usr/bin/colcon'), ('ROS_VERSION', '2'), ('XTERM_SHELL', '/bin/bash'), ('XDG_SESSION_CLASS', 'user'), ('USERNAME', 'ph'), ('TERM', 'xterm'), ('XDG_SESSION_ID', '3'), ('ROS_LOCALHOST_ONLY', '0'), ('WINDOWPATH', '2'), ('PATH', '/home/ph/myvenv/pvenv/bin:/home/ph/.local/bin:/home/ph/.local/bin:/home/ph/.local/bin:/opt/ros/humble/bin:/usr/local/sbin:/usr/local/bin:/usr/sbin:/usr/bin:/sbin:/bin:/usr/games:/usr/local/games:/snap/bin:/snap/bin'), ('LC_ADDRESS', 'it_IT.UTF-8'), ('XDG_RUNTIME_DIR', '/run/user/1000'), ('DISPLAY', ':0'), ('LANG', 'en_US.UTF-8'), ('XDG_CURRENT_DESKTOP', 'i3'), ('LC_TELEPHONE', 'it_IT.UTF-8'), ('VIRTUAL_ENV_PROMPT', '(pvenv)'), ('XMODIFIERS', '@im=ibus'), ('XDG_SESSION_DESKTOP', 'i3'), ('XAUTHORITY', '/run/user/1000/gdm/Xauthority'), ('LS_COLORS', 'rs=0:di=01;34:ln=01;36:mh=00:pi=40;33:so=01;35:do=01;35:bd=40;33;01:cd=40;33;01:or=40;31;01:mi=00:su=37;41:sg=30;43:ca=30;41:tw=30;42:ow=34;42:st=37;44:ex=01;32:*.tar=01;31:*.tgz=01;31:*.arc=01;31:*.arj=01;31:*.taz=01;31:*.lha=01;31:*.lz4=01;31:*.lzh=01;31:*.lzma=01;31:*.tlz=01;31:*.txz=01;31:*.tzo=01;31:*.t7z=01;31:*.zip=01;31:*.z=01;31:*.dz=01;31:*.gz=01;31:*.lrz=01;31:*.lz=01;31:*.lzo=01;31:*.xz=01;31:*.zst=01;31:*.tzst=01;31:*.bz2=01;31:*.bz=01;31:*.tbz=01;31:*.tbz2=01;31:*.tz=01;31:*.deb=01;31:*.rpm=01;31:*.jar=01;31:*.war=01;31:*.ear=01;31:*.sar=01;31:*.rar=01;31:*.alz=01;31:*.ace=01;31:*.zoo=01;31:*.cpio=01;31:*.7z=01;31:*.rz=01;31:*.cab=01;31:*.wim=01;31:*.swm=01;31:*.dwm=01;31:*.esd=01;31:*.jpg=01;35:*.jpeg=01;35:*.mjpg=01;35:*.mjpeg=01;35:*.gif=01;35:*.bmp=01;35:*.pbm=01;35:*.pgm=01;35:*.ppm=01;35:*.tga=01;35:*.xbm=01;35:*.xpm=01;35:*.tif=01;35:*.tiff=01;35:*.png=01;35:*.svg=01;35:*.svgz=01;35:*.mng=01;35:*.pcx=01;35:*.mov=01;35:*.mpg=01;35:*.mpeg=01;35:*.m2v=01;35:*.mkv=01;35:*.webm=01;35:*.webp=01;35:*.ogm=01;35:*.mp4=01;35:*.m4v=01;35:*.mp4v=01;35:*.vob=01;35:*.qt=01;35:*.nuv=01;35:*.wmv=01;35:*.asf=01;35:*.rm=01;35:*.rmvb=01;35:*.flc=01;35:*.avi=01;35:*.fli=01;35:*.flv=01;35:*.gl=01;35:*.dl=01;35:*.xcf=01;35:*.xwd=01;35:*.yuv=01;35:*.cgm=01;35:*.emf=01;35:*.ogv=01;35:*.ogx=01;35:*.aac=00;36:*.au=00;36:*.flac=00;36:*.m4a=00;36:*.mid=00;36:*.midi=00;36:*.mka=00;36:*.mp3=00;36:*.mpc=00;36:*.ogg=00;36:*.ra=00;36:*.wav=00;36:*.oga=00;36:*.opus=00;36:*.spx=00;36:*.xspf=00;36:'), ('ROS_DOMAIN_ID', '7'), ('AMENT_PREFIX_PATH', '/opt/ros/humble'), ('SHELL', '/bin/bash'), ('CMAKE_POLICY_VERSION_MINIMUM', '3.5'), ('LC_NAME', 'it_IT.UTF-8'), ('QT_ACCESSIBILITY', '1'), ('GDMSESSION', 'i3'), ('LESSCLOSE', '/usr/bin/lesspipe %s %s'), ('LC_MEASUREMENT', 'it_IT.UTF-8'), ('GPG_AGENT_INFO', '/run/user/1000/gnupg/S.gpg-agent:0:1'), ('LC_IDENTIFICATION', 'it_IT.UTF-8'), ('VIRTUAL_ENV', '/home/ph/myvenv/pvenv'), ('QT_IM_MODULE', 'ibus'), ('XDG_VTNR', '2'), ('GPG_TTY', '/dev/pts/0'), ('PWD', '/home/ph/treasure/dockerBENCH/helios16p_ws/build/kiss_icp'), ('LC_ALL', 'en_US.UTF-8'), ('XDG_CONFIG_DIRS', '/etc/xdg/xdg-i3:/etc/xdg'), ('XTERM_LOCALE', 'en_US.UTF-8'), ('CLUTTER_IM_MODULE', 'ibus'), ('XDG_DATA_DIRS', '/usr/share/i3:/usr/share/gnome:/usr/local/share/:/usr/share/:/var/lib/snapd/desktop'), ('XTERM_VERSION', 'XTerm(372)'), ('PYTHONPATH', '/opt/ros/humble/lib/python3.10/site-packages:/opt/ros/humble/local/lib/python3.10/dist-packages'), ('LC_NUMERIC', 'it_IT.UTF-8'), ('I3SOCK', '/run/user/1000/i3/ipc-socket.2364'), ('LC_PAPER', 'it_IT.UTF-8'), ('COLCON', '1'), ('CMAKE_PREFIX_PATH', '/opt/ros/humble')]), 'shell': False}
[64.996944] (-) TimerEvent: {}
[65.072511] (kiss_icp) StdoutLine: {'line': b'-- Install configuration: "Release"\n'}
[65.073644] (kiss_icp) StdoutLine: {'line': b'-- Installing: /home/ph/treasure/dockerBENCH/helios16p_ws/install/kiss_icp/lib/kiss_icp/kiss_icp_node\n'}
[65.074324] (kiss_icp) StdoutLine: {'line': b'-- Set non-toolchain portion of runtime path of "/home/ph/treasure/dockerBENCH/helios16p_ws/install/kiss_icp/lib/kiss_icp/kiss_icp_node" to ""\n'}
[65.074595] (kiss_icp) StdoutLine: {'line': b'-- Installing: /home/ph/treasure/dockerBENCH/helios16p_ws/install/kiss_icp/lib/libodometry_component.so\n'}
[65.077871] (kiss_icp) StdoutLine: {'line': b'-- Set non-toolchain portion of runtime path of "/home/ph/treasure/dockerBENCH/helios16p_ws/install/kiss_icp/lib/libodometry_component.so" to ""\n'}
[65.078215] (kiss_icp) StdoutLine: {'line': b'-- Installing: /home/ph/treasure/dockerBENCH/helios16p_ws/install/kiss_icp/share/kiss_icp//launch\n'}
[65.078477] (kiss_icp) StdoutLine: {'line': b'-- Installing: /home/ph/treasure/dockerBENCH/helios16p_ws/install/kiss_icp/share/kiss_icp//launch/odometry.launch.py\n'}
[65.078712] (kiss_icp) StdoutLine: {'line': b'-- Installing: /home/ph/treasure/dockerBENCH/helios16p_ws/install/kiss_icp/share/kiss_icp//rviz\n'}
[65.078947] (kiss_icp) StdoutLine: {'line': b'-- Installing: /home/ph/treasure/dockerBENCH/helios16p_ws/install/kiss_icp/share/kiss_icp//rviz/kiss_icp.rviz\n'}
[65.079175] (kiss_icp) StdoutLine: {'line': b'-- Installing: /home/ph/treasure/dockerBENCH/helios16p_ws/install/kiss_icp/share/kiss_icp//config\n'}
[65.079447] (kiss_icp) StdoutLine: {'line': b'-- Installing: /home/ph/treasure/dockerBENCH/helios16p_ws/install/kiss_icp/share/kiss_icp//config/config.yaml\n'}
[65.079749] (kiss_icp) StdoutLine: {'line': b'-- Installing: /home/ph/treasure/dockerBENCH/helios16p_ws/install/kiss_icp/share/ament_index/resource_index/package_run_dependencies/kiss_icp\n'}
[65.080029] (kiss_icp) StdoutLine: {'line': b'-- Installing: /home/ph/treasure/dockerBENCH/helios16p_ws/install/kiss_icp/share/ament_index/resource_index/parent_prefix_path/kiss_icp\n'}
[65.080319] (kiss_icp) StdoutLine: {'line': b'-- Installing: /home/ph/treasure/dockerBENCH/helios16p_ws/install/kiss_icp/share/kiss_icp/environment/ament_prefix_path.sh\n'}
[65.080557] (kiss_icp) StdoutLine: {'line': b'-- Installing: /home/ph/treasure/dockerBENCH/helios16p_ws/install/kiss_icp/share/kiss_icp/environment/ament_prefix_path.dsv\n'}
[65.080786] (kiss_icp) StdoutLine: {'line': b'-- Installing: /home/ph/treasure/dockerBENCH/helios16p_ws/install/kiss_icp/share/kiss_icp/environment/path.sh\n'}
[65.081021] (kiss_icp) StdoutLine: {'line': b'-- Installing: /home/ph/treasure/dockerBENCH/helios16p_ws/install/kiss_icp/share/kiss_icp/environment/path.dsv\n'}
[65.081245] (kiss_icp) StdoutLine: {'line': b'-- Installing: /home/ph/treasure/dockerBENCH/helios16p_ws/install/kiss_icp/share/kiss_icp/local_setup.bash\n'}
[65.081515] (kiss_icp) StdoutLine: {'line': b'-- Installing: /home/ph/treasure/dockerBENCH/helios16p_ws/install/kiss_icp/share/kiss_icp/local_setup.sh\n'}
[65.081743] (kiss_icp) StdoutLine: {'line': b'-- Installing: /home/ph/treasure/dockerBENCH/helios16p_ws/install/kiss_icp/share/kiss_icp/local_setup.zsh\n'}
[65.081965] (kiss_icp) StdoutLine: {'line': b'-- Installing: /home/ph/treasure/dockerBENCH/helios16p_ws/install/kiss_icp/share/kiss_icp/local_setup.dsv\n'}
[65.082181] (kiss_icp) StdoutLine: {'line': b'-- Installing: /home/ph/treasure/dockerBENCH/helios16p_ws/install/kiss_icp/share/kiss_icp/package.dsv\n'}
[65.082415] (kiss_icp) StdoutLine: {'line': b'-- Installing: /home/ph/treasure/dockerBENCH/helios16p_ws/install/kiss_icp/share/ament_index/resource_index/packages/kiss_icp\n'}
[65.082627] (kiss_icp) StdoutLine: {'line': b'-- Installing: /home/ph/treasure/dockerBENCH/helios16p_ws/install/kiss_icp/share/ament_index/resource_index/rclcpp_components/kiss_icp\n'}
[65.082878] (kiss_icp) StdoutLine: {'line': b'-- Installing: /home/ph/treasure/dockerBENCH/helios16p_ws/install/kiss_icp/share/kiss_icp/cmake/kiss_icpConfig.cmake\n'}
[65.083085] (kiss_icp) StdoutLine: {'line': b'-- Installing: /home/ph/treasure/dockerBENCH/helios16p_ws/install/kiss_icp/share/kiss_icp/cmake/kiss_icpConfig-version.cmake\n'}
[65.083325] (kiss_icp) StdoutLine: {'line': b'-- Installing: /home/ph/treasure/dockerBENCH/helios16p_ws/install/kiss_icp/share/kiss_icp/package.xml\n'}
[65.086176] (kiss_icp) CommandEnded: {'returncode': 0}
[65.097212] (-) TimerEvent: {}
[65.135154] (kiss_icp) JobEnded: {'identifier': 'kiss_icp', 'rc': 0}
[65.136542] (-) EventReactorShutdown: {}
