[0.000000] (-) TimerEvent: {}
[0.030948] (-) JobUnselected: {'identifier': 'go1_description'}
[0.031696] (-) JobUnselected: {'identifier': 'helios16p_cane_robot'}
[0.031871] (-) JobUnselected: {'identifier': 'kiss_icp'}
[0.031951] (-) JobUnselected: {'identifier': 'pointcloud_to_laserscan'}
[0.032020] (-) JobUnselected: {'identifier': 'rslidar_sdk'}
[0.032089] (-) JobUnselected: {'identifier': 'unitree_legged_real'}
[0.032155] (-) JobUnselected: {'identifier': 'unitree_nav'}
[0.032226] (-) JobUnselected: {'identifier': 'vicon_receiver'}
[0.032322] (ros2_unitree_legged_msgs) JobQueued: {'identifier': 'ros2_unitree_legged_msgs', 'dependencies': OrderedDict()}
[0.032503] (rslidar_msg) JobQueued: {'identifier': 'rslidar_msg', 'dependencies': OrderedDict()}
[0.032586] (unitree_nav_interfaces) JobQueued: {'identifier': 'unitree_nav_interfaces', 'dependencies': OrderedDict()}
[0.032666] (ros2_unitree_legged_msgs) JobStarted: {'identifier': 'ros2_unitree_legged_msgs'}
[0.082385] (rslidar_msg) JobStarted: {'identifier': 'rslidar_msg'}
[0.097582] (unitree_nav_interfaces) JobStarted: {'identifier': 'unitree_nav_interfaces'}
[0.099318] (-) TimerEvent: {}
[0.116131] (ros2_unitree_legged_msgs) JobProgress: {'identifier': 'ros2_unitree_legged_msgs', 'progress': 'cmake'}
[0.117760] (ros2_unitree_legged_msgs) Command: {'cmd': ['/usr/local/bin/cmake', '/home/admin/bench/lab/STAGING_helios16p_kiss_legged_bench_cyclone_container_files/helios16p_ws/src/ros2_unitree_legged_msgs', '-DCMAKE_INSTALL_PREFIX=/home/admin/bench/lab/STAGING_helios16p_kiss_legged_bench_cyclone_container_files/helios16p_ws/install/ros2_unitree_legged_msgs'], 'cwd': '/home/admin/bench/lab/STAGING_helios16p_kiss_legged_bench_cyclone_container_files/helios16p_ws/build/ros2_unitree_legged_msgs', 'env': OrderedDict([('HOSTNAME', 'phs'), ('SHLVL', '1'), ('LD_LIBRARY_PATH', '/home/admin/bench/lab/go1_control/install/unitree_nav_interfaces/lib:/home/admin/bench/lab/go1_control/install/ros2_unitree_legged_msgs/lib:/home/admin/bench/lab/helios16p_ws/install/vicon_receiver/lib:/home/admin/bench/lab/helios16p_ws/install/rslidar_msg/lib:/home/admin/bench/lab/helios16p_ws/install/kiss_icp/lib:/opt/ros/humble/opt/rviz_ogre_vendor/lib:/opt/ros/humble/lib/x86_64-linux-gnu:/opt/ros/humble/lib'), ('HOME', '/home/admin'), ('CYCLONEDDS_URI', '/cyclonedds_config.xml'), ('OLDPWD', '/home/admin/bench/lab/STAGING_helios16p_kiss_legged_bench_cyclone_container_files'), ('ROS_PYTHON_VERSION', '3'), ('COLCON_PREFIX_PATH', '/home/admin/bench/lab/go1_control/install:/home/admin/bench/lab/helios16p_ws/install'), ('ROS_DISTRO', 'humble'), ('_', '/usr/bin/colcon'), ('ROS_VERSION', '2'), ('TERM', 'xterm'), ('ROS_LOCALHOST_ONLY', '0'), ('PATH', '/opt/ros/humble/bin:/usr/local/sbin:/usr/local/bin:/usr/sbin:/usr/bin:/sbin:/bin'), ('DISPLAY', ':0'), ('LANG', 'C.UTF-8'), ('RMW_IMPLEMENTATION', 'rmw_cyclonedds_cpp'), ('LS_COLORS', 'rs=0:di=01;34:ln=01;36:mh=00:pi=40;33:so=01;35:do=01;35:bd=40;33;01:cd=40;33;01:or=40;31;01:mi=00:su=37;41:sg=30;43:ca=30;41:tw=30;42:ow=34;42:st=37;44:ex=01;32:*.tar=01;31:*.tgz=01;31:*.arc=01;31:*.arj=01;31:*.taz=01;31:*.lha=01;31:*.lz4=01;31:*.lzh=01;31:*.lzma=01;31:*.tlz=01;31:*.txz=01;31:*.tzo=01;31:*.t7z=01;31:*.zip=01;31:*.z=01;31:*.dz=01;31:*.gz=01;31:*.lrz=01;31:*.lz=01;31:*.lzo=01;31:*.xz=01;31:*.zst=01;31:*.tzst=01;31:*.bz2=01;31:*.bz=01;31:*.tbz=01;31:*.tbz2=01;31:*.tz=01;31:*.deb=01;31:*.rpm=01;31:*.jar=01;31:*.war=01;31:*.ear=01;31:*.sar=01;31:*.rar=01;31:*.alz=01;31:*.ace=01;31:*.zoo=01;31:*.cpio=01;31:*.7z=01;31:*.rz=01;31:*.cab=01;31:*.wim=01;31:*.swm=01;31:*.dwm=01;31:*.esd=01;31:*.jpg=01;35:*.jpeg=01;35:*.mjpg=01;35:*.mjpeg=01;35:*.gif=01;35:*.bmp=01;35:*.pbm=01;35:*.pgm=01;35:*.ppm=01;35:*.tga=01;35:*.xbm=01;35:*.xpm=01;35:*.tif=01;35:*.tiff=01;35:*.png=01;35:*.svg=01;35:*.svgz=01;35:*.mng=01;35:*.pcx=01;35:*.mov=01;35:*.mpg=01;35:*.mpeg=01;35:*.m2v=01;35:*.mkv=01;35:*.webm=01;35:*.webp=01;35:*.ogm=01;35:*.mp4=01;35:*.m4v=01;35:*.mp4v=01;35:*.vob=01;35:*.qt=01;35:*.nuv=01;35:*.wmv=01;35:*.asf=01;35:*.rm=01;35:*.rmvb=01;35:*.flc=01;35:*.avi=01;35:*.fli=01;35:*.flv=01;35:*.gl=01;35:*.dl=01;35:*.xcf=01;35:*.xwd=01;35:*.yuv=01;35:*.cgm=01;35:*.emf=01;35:*.ogv=01;35:*.ogx=01;35:*.aac=00;36:*.au=00;36:*.flac=00;36:*.m4a=00;36:*.mid=00;36:*.midi=00;36:*.mka=00;36:*.mp3=00;36:*.mpc=00;36:*.ogg=00;36:*.ra=00;36:*.wav=00;36:*.oga=00;36:*.opus=00;36:*.spx=00;36:*.xspf=00;36:'), ('ROS_DOMAIN_ID', '7'), ('AMENT_PREFIX_PATH', '/home/admin/bench/lab/go1_control/install/unitree_nav:/home/admin/bench/lab/go1_control/install/unitree_nav_interfaces:/home/admin/bench/lab/go1_control/install/ros2_unitree_legged_msgs:/home/admin/bench/lab/helios16p_ws/install/vicon_receiver:/home/admin/bench/lab/helios16p_ws/install/rslidar_sdk:/home/admin/bench/lab/helios16p_ws/install/rslidar_msg:/home/admin/bench/lab/helios16p_ws/install/kiss_icp:/home/admin/bench/lab/helios16p_ws/install/helios16p_cane_robot:/home/admin/bench/lab/helios16p_ws/install/go1_description:/opt/ros/humble'), ('DEBIAN_FRONTEND', 'noninteractive'), ('CMAKE_POLICY_VERSION_MINIMUM', '3.5'), ('PWD', '/home/admin/bench/lab/STAGING_helios16p_kiss_legged_bench_cyclone_container_files/helios16p_ws/build/ros2_unitree_legged_msgs'), ('LC_ALL', 'C.UTF-8'), ('PYTHONPATH', '/home/admin/bench/lab/go1_control/install/unitree_nav_interfaces/local/lib/python3.10/dist-packages:/home/admin/bench/lab/go1_control/install/ros2_unitree_legged_msgs/local/lib/python3.10/dist-packages:/home/admin/bench/lab/helios16p_ws/install/rslidar_msg/local/lib/python3.10/dist-packages:/home/admin/bench/lab/helios16p_ws/install/helios16p_cane_robot/lib/python3.10/site-packages:/opt/ros/humble/lib/python3.10/site-packages:/opt/ros/humble/local/lib/python3.10/dist-packages'), ('COLCON', '1'), ('CMAKE_PREFIX_PATH', '/home/admin/bench/lab/go1_control/install/unitree_nav:/home/admin/bench/lab/go1_control/install/unitree_nav_interfaces:/home/admin/bench/lab/go1_control/install/ros2_unitree_legged_msgs:/home/admin/bench/lab/helios16p_ws/install/vicon_receiver:/home/admin/bench/lab/helios16p_ws/install/rslidar_sdk:/home/admin/bench/lab/helios16p_ws/install/rslidar_msg:/home/admin/bench/lab/helios16p_ws/install/kiss_icp:/home/admin/bench/lab/helios16p_ws/install/go1_description:/home/admin/bench/lab/helios16p_ws/install/helios16p_cane_robot:/opt/ros/humble')]), 'shell': False}
[0.126418] (rslidar_msg) JobProgress: {'identifier': 'rslidar_msg', 'progress': 'cmake'}
[0.127984] (rslidar_msg) Command: {'cmd': ['/usr/local/bin/cmake', '/home/admin/bench/lab/STAGING_helios16p_kiss_legged_bench_cyclone_container_files/helios16p_ws/src/rslidar_msg', '-DCMAKE_INSTALL_PREFIX=/home/admin/bench/lab/STAGING_helios16p_kiss_legged_bench_cyclone_container_files/helios16p_ws/install/rslidar_msg'], 'cwd': '/home/admin/bench/lab/STAGING_helios16p_kiss_legged_bench_cyclone_container_files/helios16p_ws/build/rslidar_msg', 'env': OrderedDict([('HOSTNAME', 'phs'), ('SHLVL', '1'), ('LD_LIBRARY_PATH', '/home/admin/bench/lab/go1_control/install/unitree_nav_interfaces/lib:/home/admin/bench/lab/go1_control/install/ros2_unitree_legged_msgs/lib:/home/admin/bench/lab/helios16p_ws/install/vicon_receiver/lib:/home/admin/bench/lab/helios16p_ws/install/rslidar_msg/lib:/home/admin/bench/lab/helios16p_ws/install/kiss_icp/lib:/opt/ros/humble/opt/rviz_ogre_vendor/lib:/opt/ros/humble/lib/x86_64-linux-gnu:/opt/ros/humble/lib'), ('HOME', '/home/admin'), ('CYCLONEDDS_URI', '/cyclonedds_config.xml'), ('OLDPWD', '/home/admin/bench/lab/STAGING_helios16p_kiss_legged_bench_cyclone_container_files'), ('ROS_PYTHON_VERSION', '3'), ('COLCON_PREFIX_PATH', '/home/admin/bench/lab/go1_control/install:/home/admin/bench/lab/helios16p_ws/install'), ('ROS_DISTRO', 'humble'), ('_', '/usr/bin/colcon'), ('ROS_VERSION', '2'), ('TERM', 'xterm'), ('ROS_LOCALHOST_ONLY', '0'), ('PATH', '/opt/ros/humble/bin:/usr/local/sbin:/usr/local/bin:/usr/sbin:/usr/bin:/sbin:/bin'), ('DISPLAY', ':0'), ('LANG', 'C.UTF-8'), ('RMW_IMPLEMENTATION', 'rmw_cyclonedds_cpp'), ('LS_COLORS', 'rs=0:di=01;34:ln=01;36:mh=00:pi=40;33:so=01;35:do=01;35:bd=40;33;01:cd=40;33;01:or=40;31;01:mi=00:su=37;41:sg=30;43:ca=30;41:tw=30;42:ow=34;42:st=37;44:ex=01;32:*.tar=01;31:*.tgz=01;31:*.arc=01;31:*.arj=01;31:*.taz=01;31:*.lha=01;31:*.lz4=01;31:*.lzh=01;31:*.lzma=01;31:*.tlz=01;31:*.txz=01;31:*.tzo=01;31:*.t7z=01;31:*.zip=01;31:*.z=01;31:*.dz=01;31:*.gz=01;31:*.lrz=01;31:*.lz=01;31:*.lzo=01;31:*.xz=01;31:*.zst=01;31:*.tzst=01;31:*.bz2=01;31:*.bz=01;31:*.tbz=01;31:*.tbz2=01;31:*.tz=01;31:*.deb=01;31:*.rpm=01;31:*.jar=01;31:*.war=01;31:*.ear=01;31:*.sar=01;31:*.rar=01;31:*.alz=01;31:*.ace=01;31:*.zoo=01;31:*.cpio=01;31:*.7z=01;31:*.rz=01;31:*.cab=01;31:*.wim=01;31:*.swm=01;31:*.dwm=01;31:*.esd=01;31:*.jpg=01;35:*.jpeg=01;35:*.mjpg=01;35:*.mjpeg=01;35:*.gif=01;35:*.bmp=01;35:*.pbm=01;35:*.pgm=01;35:*.ppm=01;35:*.tga=01;35:*.xbm=01;35:*.xpm=01;35:*.tif=01;35:*.tiff=01;35:*.png=01;35:*.svg=01;35:*.svgz=01;35:*.mng=01;35:*.pcx=01;35:*.mov=01;35:*.mpg=01;35:*.mpeg=01;35:*.m2v=01;35:*.mkv=01;35:*.webm=01;35:*.webp=01;35:*.ogm=01;35:*.mp4=01;35:*.m4v=01;35:*.mp4v=01;35:*.vob=01;35:*.qt=01;35:*.nuv=01;35:*.wmv=01;35:*.asf=01;35:*.rm=01;35:*.rmvb=01;35:*.flc=01;35:*.avi=01;35:*.fli=01;35:*.flv=01;35:*.gl=01;35:*.dl=01;35:*.xcf=01;35:*.xwd=01;35:*.yuv=01;35:*.cgm=01;35:*.emf=01;35:*.ogv=01;35:*.ogx=01;35:*.aac=00;36:*.au=00;36:*.flac=00;36:*.m4a=00;36:*.mid=00;36:*.midi=00;36:*.mka=00;36:*.mp3=00;36:*.mpc=00;36:*.ogg=00;36:*.ra=00;36:*.wav=00;36:*.oga=00;36:*.opus=00;36:*.spx=00;36:*.xspf=00;36:'), ('ROS_DOMAIN_ID', '7'), ('AMENT_PREFIX_PATH', '/home/admin/bench/lab/go1_control/install/unitree_nav:/home/admin/bench/lab/go1_control/install/unitree_nav_interfaces:/home/admin/bench/lab/go1_control/install/ros2_unitree_legged_msgs:/home/admin/bench/lab/helios16p_ws/install/vicon_receiver:/home/admin/bench/lab/helios16p_ws/install/rslidar_sdk:/home/admin/bench/lab/helios16p_ws/install/rslidar_msg:/home/admin/bench/lab/helios16p_ws/install/kiss_icp:/home/admin/bench/lab/helios16p_ws/install/helios16p_cane_robot:/home/admin/bench/lab/helios16p_ws/install/go1_description:/opt/ros/humble'), ('DEBIAN_FRONTEND', 'noninteractive'), ('CMAKE_POLICY_VERSION_MINIMUM', '3.5'), ('PWD', '/home/admin/bench/lab/STAGING_helios16p_kiss_legged_bench_cyclone_container_files/helios16p_ws/build/rslidar_msg'), ('LC_ALL', 'C.UTF-8'), ('PYTHONPATH', '/home/admin/bench/lab/go1_control/install/unitree_nav_interfaces/local/lib/python3.10/dist-packages:/home/admin/bench/lab/go1_control/install/ros2_unitree_legged_msgs/local/lib/python3.10/dist-packages:/home/admin/bench/lab/helios16p_ws/install/rslidar_msg/local/lib/python3.10/dist-packages:/home/admin/bench/lab/helios16p_ws/install/helios16p_cane_robot/lib/python3.10/site-packages:/opt/ros/humble/lib/python3.10/site-packages:/opt/ros/humble/local/lib/python3.10/dist-packages'), ('COLCON', '1'), ('CMAKE_PREFIX_PATH', '/home/admin/bench/lab/go1_control/install/unitree_nav:/home/admin/bench/lab/go1_control/install/unitree_nav_interfaces:/home/admin/bench/lab/go1_control/install/ros2_unitree_legged_msgs:/home/admin/bench/lab/helios16p_ws/install/vicon_receiver:/home/admin/bench/lab/helios16p_ws/install/rslidar_sdk:/home/admin/bench/lab/helios16p_ws/install/rslidar_msg:/home/admin/bench/lab/helios16p_ws/install/kiss_icp:/home/admin/bench/lab/helios16p_ws/install/go1_description:/home/admin/bench/lab/helios16p_ws/install/helios16p_cane_robot:/opt/ros/humble')]), 'shell': False}
[0.136339] (unitree_nav_interfaces) JobProgress: {'identifier': 'unitree_nav_interfaces', 'progress': 'cmake'}
[0.137935] (unitree_nav_interfaces) Command: {'cmd': ['/usr/local/bin/cmake', '/home/admin/bench/lab/STAGING_helios16p_kiss_legged_bench_cyclone_container_files/helios16p_ws/src/unitree_nav_interfaces', '-DCMAKE_INSTALL_PREFIX=/home/admin/bench/lab/STAGING_helios16p_kiss_legged_bench_cyclone_container_files/helios16p_ws/install/unitree_nav_interfaces'], 'cwd': '/home/admin/bench/lab/STAGING_helios16p_kiss_legged_bench_cyclone_container_files/helios16p_ws/build/unitree_nav_interfaces', 'env': OrderedDict([('HOSTNAME', 'phs'), ('SHLVL', '1'), ('LD_LIBRARY_PATH', '/home/admin/bench/lab/go1_control/install/unitree_nav_interfaces/lib:/home/admin/bench/lab/go1_control/install/ros2_unitree_legged_msgs/lib:/home/admin/bench/lab/helios16p_ws/install/vicon_receiver/lib:/home/admin/bench/lab/helios16p_ws/install/rslidar_msg/lib:/home/admin/bench/lab/helios16p_ws/install/kiss_icp/lib:/opt/ros/humble/opt/rviz_ogre_vendor/lib:/opt/ros/humble/lib/x86_64-linux-gnu:/opt/ros/humble/lib'), ('HOME', '/home/admin'), ('CYCLONEDDS_URI', '/cyclonedds_config.xml'), ('OLDPWD', '/home/admin/bench/lab/STAGING_helios16p_kiss_legged_bench_cyclone_container_files'), ('ROS_PYTHON_VERSION', '3'), ('COLCON_PREFIX_PATH', '/home/admin/bench/lab/go1_control/install:/home/admin/bench/lab/helios16p_ws/install'), ('ROS_DISTRO', 'humble'), ('_', '/usr/bin/colcon'), ('ROS_VERSION', '2'), ('TERM', 'xterm'), ('ROS_LOCALHOST_ONLY', '0'), ('PATH', '/opt/ros/humble/bin:/usr/local/sbin:/usr/local/bin:/usr/sbin:/usr/bin:/sbin:/bin'), ('DISPLAY', ':0'), ('LANG', 'C.UTF-8'), ('RMW_IMPLEMENTATION', 'rmw_cyclonedds_cpp'), ('LS_COLORS', 'rs=0:di=01;34:ln=01;36:mh=00:pi=40;33:so=01;35:do=01;35:bd=40;33;01:cd=40;33;01:or=40;31;01:mi=00:su=37;41:sg=30;43:ca=30;41:tw=30;42:ow=34;42:st=37;44:ex=01;32:*.tar=01;31:*.tgz=01;31:*.arc=01;31:*.arj=01;31:*.taz=01;31:*.lha=01;31:*.lz4=01;31:*.lzh=01;31:*.lzma=01;31:*.tlz=01;31:*.txz=01;31:*.tzo=01;31:*.t7z=01;31:*.zip=01;31:*.z=01;31:*.dz=01;31:*.gz=01;31:*.lrz=01;31:*.lz=01;31:*.lzo=01;31:*.xz=01;31:*.zst=01;31:*.tzst=01;31:*.bz2=01;31:*.bz=01;31:*.tbz=01;31:*.tbz2=01;31:*.tz=01;31:*.deb=01;31:*.rpm=01;31:*.jar=01;31:*.war=01;31:*.ear=01;31:*.sar=01;31:*.rar=01;31:*.alz=01;31:*.ace=01;31:*.zoo=01;31:*.cpio=01;31:*.7z=01;31:*.rz=01;31:*.cab=01;31:*.wim=01;31:*.swm=01;31:*.dwm=01;31:*.esd=01;31:*.jpg=01;35:*.jpeg=01;35:*.mjpg=01;35:*.mjpeg=01;35:*.gif=01;35:*.bmp=01;35:*.pbm=01;35:*.pgm=01;35:*.ppm=01;35:*.tga=01;35:*.xbm=01;35:*.xpm=01;35:*.tif=01;35:*.tiff=01;35:*.png=01;35:*.svg=01;35:*.svgz=01;35:*.mng=01;35:*.pcx=01;35:*.mov=01;35:*.mpg=01;35:*.mpeg=01;35:*.m2v=01;35:*.mkv=01;35:*.webm=01;35:*.webp=01;35:*.ogm=01;35:*.mp4=01;35:*.m4v=01;35:*.mp4v=01;35:*.vob=01;35:*.qt=01;35:*.nuv=01;35:*.wmv=01;35:*.asf=01;35:*.rm=01;35:*.rmvb=01;35:*.flc=01;35:*.avi=01;35:*.fli=01;35:*.flv=01;35:*.gl=01;35:*.dl=01;35:*.xcf=01;35:*.xwd=01;35:*.yuv=01;35:*.cgm=01;35:*.emf=01;35:*.ogv=01;35:*.ogx=01;35:*.aac=00;36:*.au=00;36:*.flac=00;36:*.m4a=00;36:*.mid=00;36:*.midi=00;36:*.mka=00;36:*.mp3=00;36:*.mpc=00;36:*.ogg=00;36:*.ra=00;36:*.wav=00;36:*.oga=00;36:*.opus=00;36:*.spx=00;36:*.xspf=00;36:'), ('ROS_DOMAIN_ID', '7'), ('AMENT_PREFIX_PATH', '/home/admin/bench/lab/go1_control/install/unitree_nav:/home/admin/bench/lab/go1_control/install/unitree_nav_interfaces:/home/admin/bench/lab/go1_control/install/ros2_unitree_legged_msgs:/home/admin/bench/lab/helios16p_ws/install/vicon_receiver:/home/admin/bench/lab/helios16p_ws/install/rslidar_sdk:/home/admin/bench/lab/helios16p_ws/install/rslidar_msg:/home/admin/bench/lab/helios16p_ws/install/kiss_icp:/home/admin/bench/lab/helios16p_ws/install/helios16p_cane_robot:/home/admin/bench/lab/helios16p_ws/install/go1_description:/opt/ros/humble'), ('DEBIAN_FRONTEND', 'noninteractive'), ('CMAKE_POLICY_VERSION_MINIMUM', '3.5'), ('PWD', '/home/admin/bench/lab/STAGING_helios16p_kiss_legged_bench_cyclone_container_files/helios16p_ws/build/unitree_nav_interfaces'), ('LC_ALL', 'C.UTF-8'), ('PYTHONPATH', '/home/admin/bench/lab/go1_control/install/unitree_nav_interfaces/local/lib/python3.10/dist-packages:/home/admin/bench/lab/go1_control/install/ros2_unitree_legged_msgs/local/lib/python3.10/dist-packages:/home/admin/bench/lab/helios16p_ws/install/rslidar_msg/local/lib/python3.10/dist-packages:/home/admin/bench/lab/helios16p_ws/install/helios16p_cane_robot/lib/python3.10/site-packages:/opt/ros/humble/lib/python3.10/site-packages:/opt/ros/humble/local/lib/python3.10/dist-packages'), ('COLCON', '1'), ('CMAKE_PREFIX_PATH', '/home/admin/bench/lab/go1_control/install/unitree_nav:/home/admin/bench/lab/go1_control/install/unitree_nav_interfaces:/home/admin/bench/lab/go1_control/install/ros2_unitree_legged_msgs:/home/admin/bench/lab/helios16p_ws/install/vicon_receiver:/home/admin/bench/lab/helios16p_ws/install/rslidar_sdk:/home/admin/bench/lab/helios16p_ws/install/rslidar_msg:/home/admin/bench/lab/helios16p_ws/install/kiss_icp:/home/admin/bench/lab/helios16p_ws/install/go1_description:/home/admin/bench/lab/helios16p_ws/install/helios16p_cane_robot:/opt/ros/humble')]), 'shell': False}
[0.199474] (-) TimerEvent: {}
[0.300072] (-) TimerEvent: {}
[0.400653] (-) TimerEvent: {}
[0.501152] (-) TimerEvent: {}
[0.506251] (unitree_nav_interfaces) StderrLine: {'line': b'\x1b[0mCMake Deprecation Warning at CMakeLists.txt:1 (cmake_minimum_required):\n'}
[0.506998] (unitree_nav_interfaces) StderrLine: {'line': b'  Compatibility with CMake < 3.10 will be removed from a future version of\n'}
[0.507209] (unitree_nav_interfaces) StderrLine: {'line': b'  CMake.\n'}
[0.507433] (unitree_nav_interfaces) StderrLine: {'line': b'\n'}
[0.507627] (unitree_nav_interfaces) StderrLine: {'line': b'  Update the VERSION argument <min> value.  Or, use the <min>...<max> syntax\n'}
[0.507811] (unitree_nav_interfaces) StderrLine: {'line': b'  to tell CMake that the project requires at least <min> but has been updated\n'}
[0.507994] (unitree_nav_interfaces) StderrLine: {'line': b'  to work with policies introduced by <max> or earlier.\n'}
[0.508173] (unitree_nav_interfaces) StderrLine: {'line': b'\n'}
[0.508446] (unitree_nav_interfaces) StderrLine: {'line': b'\x1b[0m\n'}
[0.508631] (ros2_unitree_legged_msgs) StderrLine: {'line': b'\x1b[0mCMake Deprecation Warning at CMakeLists.txt:3 (cmake_minimum_required):\n'}
[0.508875] (ros2_unitree_legged_msgs) StderrLine: {'line': b'  Compatibility with CMake < 3.10 will be removed from a future version of\n'}
[0.509141] (ros2_unitree_legged_msgs) StderrLine: {'line': b'  CMake.\n'}
[0.509413] (ros2_unitree_legged_msgs) StderrLine: {'line': b'\n'}
[0.509662] (ros2_unitree_legged_msgs) StderrLine: {'line': b'  Update the VERSION argument <min> value.  Or, use the <min>...<max> syntax\n'}
[0.509894] (ros2_unitree_legged_msgs) StderrLine: {'line': b'  to tell CMake that the project requires at least <min> but has been updated\n'}
[0.510122] (ros2_unitree_legged_msgs) StderrLine: {'line': b'  to work with policies introduced by <max> or earlier.\n'}
[0.510373] (ros2_unitree_legged_msgs) StderrLine: {'line': b'\n'}
[0.510613] (ros2_unitree_legged_msgs) StderrLine: {'line': b'\x1b[0m\n'}
[0.510834] (rslidar_msg) StderrLine: {'line': b'\x1b[0mCMake Deprecation Warning at CMakeLists.txt:1 (cmake_minimum_required):\n'}
[0.511140] (rslidar_msg) StderrLine: {'line': b'  Compatibility with CMake < 3.10 will be removed from a future version of\n'}
[0.511415] (rslidar_msg) StderrLine: {'line': b'  CMake.\n'}
[0.511654] (rslidar_msg) StderrLine: {'line': b'\n'}
[0.511870] (rslidar_msg) StderrLine: {'line': b'  Update the VERSION argument <min> value.  Or, use the <min>...<max> syntax\n'}
[0.512090] (rslidar_msg) StderrLine: {'line': b'  to tell CMake that the project requires at least <min> but has been updated\n'}
[0.512332] (rslidar_msg) StderrLine: {'line': b'  to work with policies introduced by <max> or earlier.\n'}
[0.512589] (rslidar_msg) StderrLine: {'line': b'\n'}
[0.512852] (rslidar_msg) StderrLine: {'line': b'\x1b[0m\n'}
[0.601328] (-) TimerEvent: {}
[0.701885] (-) TimerEvent: {}
[0.802494] (-) TimerEvent: {}
[0.903026] (-) TimerEvent: {}
[1.003671] (-) TimerEvent: {}
[1.057941] (rslidar_msg) StdoutLine: {'line': b'-- The C compiler identification is GNU 11.4.0\n'}
[1.064635] (ros2_unitree_legged_msgs) StdoutLine: {'line': b'-- The C compiler identification is GNU 11.4.0\n'}
[1.065689] (unitree_nav_interfaces) StdoutLine: {'line': b'-- The C compiler identification is GNU 11.4.0\n'}
[1.103803] (-) TimerEvent: {}
[1.204341] (-) TimerEvent: {}
[1.327377] (-) TimerEvent: {}
[1.427903] (-) TimerEvent: {}
[1.528506] (-) TimerEvent: {}
[1.629048] (-) TimerEvent: {}
[1.729635] (-) TimerEvent: {}
[1.735161] (ros2_unitree_legged_msgs) StdoutLine: {'line': b'-- The CXX compiler identification is GNU 11.4.0\n'}
[1.735735] (unitree_nav_interfaces) StdoutLine: {'line': b'-- The CXX compiler identification is GNU 11.4.0\n'}
[1.736019] (rslidar_msg) StdoutLine: {'line': b'-- The CXX compiler identification is GNU 11.4.0\n'}
[1.774669] (ros2_unitree_legged_msgs) StdoutLine: {'line': b'-- Detecting C compiler ABI info\n'}
[1.775315] (unitree_nav_interfaces) StdoutLine: {'line': b'-- Detecting C compiler ABI info\n'}
[1.775729] (rslidar_msg) StdoutLine: {'line': b'-- Detecting C compiler ABI info\n'}
[1.829783] (-) TimerEvent: {}
[1.930531] (-) TimerEvent: {}
[2.031176] (-) TimerEvent: {}
[2.032509] (unitree_nav_interfaces) StdoutLine: {'line': b'-- Detecting C compiler ABI info - done\n'}
[2.032913] (rslidar_msg) StdoutLine: {'line': b'-- Detecting C compiler ABI info - done\n'}
[2.035841] (ros2_unitree_legged_msgs) StdoutLine: {'line': b'-- Detecting C compiler ABI info - done\n'}
[2.087050] (rslidar_msg) StdoutLine: {'line': b'-- Check for working C compiler: /usr/bin/cc - skipped\n'}
[2.087505] (unitree_nav_interfaces) StdoutLine: {'line': b'-- Check for working C compiler: /usr/bin/cc - skipped\n'}
[2.088642] (rslidar_msg) StdoutLine: {'line': b'-- Detecting C compile features\n'}
[2.089030] (unitree_nav_interfaces) StdoutLine: {'line': b'-- Detecting C compile features\n'}
[2.090578] (rslidar_msg) StdoutLine: {'line': b'-- Detecting C compile features - done\n'}
[2.090940] (unitree_nav_interfaces) StdoutLine: {'line': b'-- Detecting C compile features - done\n'}
[2.096306] (ros2_unitree_legged_msgs) StdoutLine: {'line': b'-- Check for working C compiler: /usr/bin/cc - skipped\n'}
[2.097294] (ros2_unitree_legged_msgs) StdoutLine: {'line': b'-- Detecting C compile features\n'}
[2.098636] (ros2_unitree_legged_msgs) StdoutLine: {'line': b'-- Detecting C compile features - done\n'}
[2.131322] (-) TimerEvent: {}
[2.231810] (-) TimerEvent: {}
[2.332332] (-) TimerEvent: {}
[2.405035] (ros2_unitree_legged_msgs) StdoutLine: {'line': b'-- Detecting CXX compiler ABI info\n'}
[2.405595] (unitree_nav_interfaces) StdoutLine: {'line': b'-- Detecting CXX compiler ABI info\n'}
[2.405901] (rslidar_msg) StdoutLine: {'line': b'-- Detecting CXX compiler ABI info\n'}
[2.432491] (-) TimerEvent: {}
[2.533049] (-) TimerEvent: {}
[2.633649] (-) TimerEvent: {}
[2.701836] (unitree_nav_interfaces) StdoutLine: {'line': b'-- Detecting CXX compiler ABI info - done\n'}
[2.702335] (rslidar_msg) StdoutLine: {'line': b'-- Detecting CXX compiler ABI info - done\n'}
[2.703361] (ros2_unitree_legged_msgs) StdoutLine: {'line': b'-- Detecting CXX compiler ABI info - done\n'}
[2.733778] (-) TimerEvent: {}
[2.759254] (ros2_unitree_legged_msgs) StdoutLine: {'line': b'-- Check for working CXX compiler: /usr/bin/c++ - skipped\n'}
[2.760405] (ros2_unitree_legged_msgs) StdoutLine: {'line': b'-- Detecting CXX compile features\n'}
[2.760836] (unitree_nav_interfaces) StdoutLine: {'line': b'-- Check for working CXX compiler: /usr/bin/c++ - skipped\n'}
[2.761892] (unitree_nav_interfaces) StdoutLine: {'line': b'-- Detecting CXX compile features\n'}
[2.762834] (ros2_unitree_legged_msgs) StdoutLine: {'line': b'-- Detecting CXX compile features - done\n'}
[2.764010] (unitree_nav_interfaces) StdoutLine: {'line': b'-- Detecting CXX compile features - done\n'}
[2.781095] (rslidar_msg) StdoutLine: {'line': b'-- Check for working CXX compiler: /usr/bin/c++ - skipped\n'}
[2.782593] (rslidar_msg) StdoutLine: {'line': b'-- Detecting CXX compile features\n'}
[2.785355] (rslidar_msg) StdoutLine: {'line': b'-- Detecting CXX compile features - done\n'}
[2.833919] (-) TimerEvent: {}
[2.934377] (-) TimerEvent: {}
[2.977650] (unitree_nav_interfaces) StdoutLine: {'line': b'-- Found ament_cmake: 1.3.13 (/opt/ros/humble/share/ament_cmake/cmake)\n'}
[2.978028] (rslidar_msg) StdoutLine: {'line': b'-- Found ament_cmake: 1.3.13 (/opt/ros/humble/share/ament_cmake/cmake)\n'}
[2.978253] (ros2_unitree_legged_msgs) StdoutLine: {'line': b'-- Found ament_cmake: 1.3.13 (/opt/ros/humble/share/ament_cmake/cmake)\n'}
[3.034527] (-) TimerEvent: {}
[3.135070] (-) TimerEvent: {}
[3.235664] (-) TimerEvent: {}
[3.336152] (-) TimerEvent: {}
[3.362633] (unitree_nav_interfaces) StdoutLine: {'line': b'-- Found Python3: /usr/bin/python3 (found version "3.10.12") found components: Interpreter\n'}
[3.375704] (ros2_unitree_legged_msgs) StdoutLine: {'line': b'-- Found Python3: /usr/bin/python3 (found version "3.10.12") found components: Interpreter\n'}
[3.376307] (rslidar_msg) StdoutLine: {'line': b'-- Found Python3: /usr/bin/python3 (found version "3.10.12") found components: Interpreter\n'}
[3.436316] (-) TimerEvent: {}
[3.536893] (-) TimerEvent: {}
[3.637483] (-) TimerEvent: {}
[3.738056] (-) TimerEvent: {}
[3.838664] (-) TimerEvent: {}
[3.873467] (ros2_unitree_legged_msgs) StdoutLine: {'line': b'-- Found rosidl_default_generators: 1.2.0 (/opt/ros/humble/share/rosidl_default_generators/cmake)\n'}
[3.873921] (unitree_nav_interfaces) StdoutLine: {'line': b'-- Found geometry_msgs: 4.9.0 (/opt/ros/humble/share/geometry_msgs/cmake)\n'}
[3.876612] (rslidar_msg) StdoutLine: {'line': b'-- Found std_msgs: 4.9.0 (/opt/ros/humble/share/std_msgs/cmake)\n'}
[3.914702] (ros2_unitree_legged_msgs) StdoutLine: {'line': b'-- Using all available rosidl_typesupport_c: rosidl_typesupport_fastrtps_c;rosidl_typesupport_introspection_c\n'}
[3.938821] (-) TimerEvent: {}
[3.990130] (ros2_unitree_legged_msgs) StdoutLine: {'line': b'-- Found rosidl_adapter: 3.1.7 (/opt/ros/humble/share/rosidl_adapter/cmake)\n'}
[4.038977] (-) TimerEvent: {}
[4.139592] (-) TimerEvent: {}
[4.240138] (-) TimerEvent: {}
[4.257022] (rslidar_msg) StdoutLine: {'line': b'-- Found rosidl_generator_c: 3.1.7 (/opt/ros/humble/share/rosidl_generator_c/cmake)\n'}
[4.261942] (unitree_nav_interfaces) StdoutLine: {'line': b'-- Found rosidl_generator_c: 3.1.7 (/opt/ros/humble/share/rosidl_generator_c/cmake)\n'}
[4.301483] (rslidar_msg) StdoutLine: {'line': b'-- Found rosidl_adapter: 3.1.7 (/opt/ros/humble/share/rosidl_adapter/cmake)\n'}
[4.312016] (unitree_nav_interfaces) StdoutLine: {'line': b'-- Found rosidl_adapter: 3.1.7 (/opt/ros/humble/share/rosidl_adapter/cmake)\n'}
[4.340314] (-) TimerEvent: {}
[4.397656] (unitree_nav_interfaces) StdoutLine: {'line': b'-- Found rosidl_generator_cpp: 3.1.7 (/opt/ros/humble/share/rosidl_generator_cpp/cmake)\n'}
[4.398103] (rslidar_msg) StdoutLine: {'line': b'-- Found rosidl_generator_cpp: 3.1.7 (/opt/ros/humble/share/rosidl_generator_cpp/cmake)\n'}
[4.440423] (-) TimerEvent: {}
[4.475615] (ros2_unitree_legged_msgs) StdoutLine: {'line': b'-- Using all available rosidl_typesupport_cpp: rosidl_typesupport_fastrtps_cpp;rosidl_typesupport_introspection_cpp\n'}
[4.498489] (unitree_nav_interfaces) StdoutLine: {'line': b'-- Using all available rosidl_typesupport_c: rosidl_typesupport_fastrtps_c;rosidl_typesupport_introspection_c\n'}
[4.504750] (rslidar_msg) StdoutLine: {'line': b'-- Using all available rosidl_typesupport_c: rosidl_typesupport_fastrtps_c;rosidl_typesupport_introspection_c\n'}
[4.540590] (-) TimerEvent: {}
[4.597811] (unitree_nav_interfaces) StdoutLine: {'line': b'-- Using all available rosidl_typesupport_cpp: rosidl_typesupport_fastrtps_cpp;rosidl_typesupport_introspection_cpp\n'}
[4.614761] (rslidar_msg) StdoutLine: {'line': b'-- Using all available rosidl_typesupport_cpp: rosidl_typesupport_fastrtps_cpp;rosidl_typesupport_introspection_cpp\n'}
[4.640745] (-) TimerEvent: {}
[4.741378] (-) TimerEvent: {}
[4.781875] (rslidar_msg) StdoutLine: {'line': b'-- Found rclcpp: 16.0.15 (/opt/ros/humble/share/rclcpp/cmake)\n'}
[4.841516] (-) TimerEvent: {}
[4.875982] (unitree_nav_interfaces) StdoutLine: {'line': b'-- Found rosidl_default_generators: 1.2.0 (/opt/ros/humble/share/rosidl_default_generators/cmake)\n'}
[4.941662] (-) TimerEvent: {}
[5.042226] (-) TimerEvent: {}
[5.142804] (-) TimerEvent: {}
[5.153674] (rslidar_msg) StdoutLine: {'line': b'-- Found rmw_implementation_cmake: 6.1.2 (/opt/ros/humble/share/rmw_implementation_cmake/cmake)\n'}
[5.180047] (rslidar_msg) StdoutLine: {'line': b'-- Found rmw_cyclonedds_cpp: 1.3.4 (/opt/ros/humble/share/rmw_cyclonedds_cpp/cmake)\n'}
[5.242940] (-) TimerEvent: {}
[5.343510] (-) TimerEvent: {}
[5.377942] (rslidar_msg) StdoutLine: {'line': b"-- Using RMW implementation 'rmw_cyclonedds_cpp' as default\n"}
[5.443644] (-) TimerEvent: {}
[5.487987] (rslidar_msg) StdoutLine: {'line': b'-- Performing Test CMAKE_HAVE_LIBC_PTHREAD\n'}
[5.543788] (-) TimerEvent: {}
[5.644374] (-) TimerEvent: {}
[5.745369] (-) TimerEvent: {}
[5.799351] (rslidar_msg) StdoutLine: {'line': b'-- Performing Test CMAKE_HAVE_LIBC_PTHREAD - Success\n'}
[5.803908] (rslidar_msg) StdoutLine: {'line': b'-- Found Threads: TRUE\n'}
[5.845499] (-) TimerEvent: {}
[5.946051] (-) TimerEvent: {}
[6.046556] (-) TimerEvent: {}
[6.147142] (-) TimerEvent: {}
[6.247649] (-) TimerEvent: {}
[6.348215] (-) TimerEvent: {}
[6.448728] (-) TimerEvent: {}
[6.488529] (ros2_unitree_legged_msgs) StdoutLine: {'line': b'-- Found ament_cmake_ros: 0.10.0 (/opt/ros/humble/share/ament_cmake_ros/cmake)\n'}
[6.548923] (-) TimerEvent: {}
[6.587293] (unitree_nav_interfaces) StdoutLine: {'line': b'-- Found ament_cmake_ros: 0.10.0 (/opt/ros/humble/share/ament_cmake_ros/cmake)\n'}
[6.649094] (-) TimerEvent: {}
[6.678449] (rslidar_msg) StdoutLine: {'line': b'-- Found rosidl_default_generators: 1.2.0 (/opt/ros/humble/share/rosidl_default_generators/cmake)\n'}
[6.749261] (-) TimerEvent: {}
[6.852092] (-) TimerEvent: {}
[6.952673] (-) TimerEvent: {}
[7.053205] (-) TimerEvent: {}
[7.153862] (-) TimerEvent: {}
[7.254386] (-) TimerEvent: {}
[7.354967] (-) TimerEvent: {}
[7.455553] (-) TimerEvent: {}
[7.556084] (-) TimerEvent: {}
[7.656603] (-) TimerEvent: {}
[7.696363] (ros2_unitree_legged_msgs) StdoutLine: {'line': b'-- Using all available rosidl_typesupport_c: rosidl_typesupport_fastrtps_c;rosidl_typesupport_introspection_c\n'}
[7.756757] (-) TimerEvent: {}
[7.857345] (-) TimerEvent: {}
[7.957852] (-) TimerEvent: {}
[8.014117] (rslidar_msg) StdoutLine: {'line': b'-- Found ament_cmake_ros: 0.10.0 (/opt/ros/humble/share/ament_cmake_ros/cmake)\n'}
[8.058006] (-) TimerEvent: {}
[8.158586] (-) TimerEvent: {}
[8.259187] (-) TimerEvent: {}
[8.359752] (-) TimerEvent: {}
[8.460305] (-) TimerEvent: {}
[8.560895] (-) TimerEvent: {}
[8.661466] (-) TimerEvent: {}
[8.761989] (-) TimerEvent: {}
[8.862623] (-) TimerEvent: {}
[8.963236] (-) TimerEvent: {}
[9.020606] (unitree_nav_interfaces) StdoutLine: {'line': b'-- Using all available rosidl_typesupport_c: rosidl_typesupport_fastrtps_c;rosidl_typesupport_introspection_c\n'}
[9.063379] (-) TimerEvent: {}
[9.093647] (ros2_unitree_legged_msgs) StdoutLine: {'line': b'-- Using all available rosidl_typesupport_cpp: rosidl_typesupport_fastrtps_cpp;rosidl_typesupport_introspection_cpp\n'}
[9.101066] (ros2_unitree_legged_msgs) StderrLine: {'line': b'\x1b[33mCMake Warning (dev) at /opt/ros/humble/share/rosidl_generator_py/cmake/rosidl_generator_py_generate_interfaces.cmake:20 (find_package):\n'}
[9.101425] (ros2_unitree_legged_msgs) StderrLine: {'line': b'  Policy CMP0148 is not set: The FindPythonInterp and FindPythonLibs modules\n'}
[9.101614] (ros2_unitree_legged_msgs) StderrLine: {'line': b'  are removed.  Run "cmake --help-policy CMP0148" for policy details.  Use\n'}
[9.101778] (ros2_unitree_legged_msgs) StderrLine: {'line': b'  the cmake_policy command to set the policy and suppress this warning.\n'}
[9.101935] (ros2_unitree_legged_msgs) StderrLine: {'line': b'\n'}
[9.102092] (ros2_unitree_legged_msgs) StderrLine: {'line': b'Call Stack (most recent call first):\n'}
[9.102246] (ros2_unitree_legged_msgs) StderrLine: {'line': b'  /opt/ros/humble/share/ament_cmake_core/cmake/core/ament_execute_extensions.cmake:48 (include)\n'}
[9.102447] (ros2_unitree_legged_msgs) StderrLine: {'line': b'  /opt/ros/humble/share/rosidl_cmake/cmake/rosidl_generate_interfaces.cmake:286 (ament_execute_extensions)\n'}
[9.102611] (ros2_unitree_legged_msgs) StderrLine: {'line': b'  CMakeLists.txt:21 (rosidl_generate_interfaces)\n'}
[9.102763] (ros2_unitree_legged_msgs) StderrLine: {'line': b'This warning is for project developers.  Use -Wno-dev to suppress it.\n'}
[9.102916] (ros2_unitree_legged_msgs) StderrLine: {'line': b'\x1b[0m\n'}
[9.151882] (ros2_unitree_legged_msgs) StdoutLine: {'line': b'-- Found PythonInterp: /usr/bin/python3 (found suitable version "3.10.12", minimum required is "3.6")\n'}
[9.163518] (-) TimerEvent: {}
[9.170729] (ros2_unitree_legged_msgs) StdoutLine: {'line': b'-- Found python_cmake_module: 0.10.0 (/opt/ros/humble/share/python_cmake_module/cmake)\n'}
[9.175343] (ros2_unitree_legged_msgs) StderrLine: {'line': b'\x1b[33mCMake Warning (dev) at /opt/ros/humble/share/python_cmake_module/cmake/Modules/FindPythonExtra.cmake:52 (find_package):\n'}
[9.175790] (ros2_unitree_legged_msgs) StderrLine: {'line': b'  Policy CMP0148 is not set: The FindPythonInterp and FindPythonLibs modules\n'}
[9.176062] (ros2_unitree_legged_msgs) StderrLine: {'line': b'  are removed.  Run "cmake --help-policy CMP0148" for policy details.  Use\n'}
[9.176372] (ros2_unitree_legged_msgs) StderrLine: {'line': b'  the cmake_policy command to set the policy and suppress this warning.\n'}
[9.176645] (ros2_unitree_legged_msgs) StderrLine: {'line': b'\n'}
[9.176893] (ros2_unitree_legged_msgs) StderrLine: {'line': b'Call Stack (most recent call first):\n'}
[9.177135] (ros2_unitree_legged_msgs) StderrLine: {'line': b'  /opt/ros/humble/share/rosidl_generator_py/cmake/rosidl_generator_py_generate_interfaces.cmake:23 (find_package)\n'}
[9.177465] (ros2_unitree_legged_msgs) StderrLine: {'line': b'  /opt/ros/humble/share/ament_cmake_core/cmake/core/ament_execute_extensions.cmake:48 (include)\n'}
[9.177744] (ros2_unitree_legged_msgs) StderrLine: {'line': b'  /opt/ros/humble/share/rosidl_cmake/cmake/rosidl_generate_interfaces.cmake:286 (ament_execute_extensions)\n'}
[9.177993] (ros2_unitree_legged_msgs) StderrLine: {'line': b'  CMakeLists.txt:21 (rosidl_generate_interfaces)\n'}
[9.178241] (ros2_unitree_legged_msgs) StderrLine: {'line': b'This warning is for project developers.  Use -Wno-dev to suppress it.\n'}
[9.178529] (ros2_unitree_legged_msgs) StderrLine: {'line': b'\x1b[0m\n'}
[9.221552] (ros2_unitree_legged_msgs) StderrLine: {'line': b'\x1b[33mCMake Warning (dev) at /opt/ros/humble/share/python_cmake_module/cmake/Modules/FindPythonExtra.cmake:140 (find_package):\n'}
[9.222064] (ros2_unitree_legged_msgs) StderrLine: {'line': b'  Policy CMP0148 is not set: The FindPythonInterp and FindPythonLibs modules\n'}
[9.222386] (ros2_unitree_legged_msgs) StderrLine: {'line': b'  are removed.  Run "cmake --help-policy CMP0148" for policy details.  Use\n'}
[9.222669] (ros2_unitree_legged_msgs) StderrLine: {'line': b'  the cmake_policy command to set the policy and suppress this warning.\n'}
[9.222914] (ros2_unitree_legged_msgs) StderrLine: {'line': b'\n'}
[9.223159] (ros2_unitree_legged_msgs) StderrLine: {'line': b'Call Stack (most recent call first):\n'}
[9.223446] (ros2_unitree_legged_msgs) StderrLine: {'line': b'  /opt/ros/humble/share/rosidl_generator_py/cmake/rosidl_generator_py_generate_interfaces.cmake:23 (find_package)\n'}
[9.223707] (ros2_unitree_legged_msgs) StderrLine: {'line': b'  /opt/ros/humble/share/ament_cmake_core/cmake/core/ament_execute_extensions.cmake:48 (include)\n'}
[9.223961] (ros2_unitree_legged_msgs) StderrLine: {'line': b'  /opt/ros/humble/share/rosidl_cmake/cmake/rosidl_generate_interfaces.cmake:286 (ament_execute_extensions)\n'}
[9.224251] (ros2_unitree_legged_msgs) StderrLine: {'line': b'  CMakeLists.txt:21 (rosidl_generate_interfaces)\n'}
[9.224565] (ros2_unitree_legged_msgs) StderrLine: {'line': b'This warning is for project developers.  Use -Wno-dev to suppress it.\n'}
[9.224814] (ros2_unitree_legged_msgs) StderrLine: {'line': b'\x1b[0m\n'}
[9.263665] (-) TimerEvent: {}
[9.264457] (ros2_unitree_legged_msgs) StdoutLine: {'line': b'-- Found PythonLibs: /usr/lib/x86_64-linux-gnu/libpython3.10.so (found suitable version "3.10.12", minimum required is "3.5")\n'}
[9.265067] (ros2_unitree_legged_msgs) StdoutLine: {'line': b'-- Using PYTHON_EXECUTABLE: /usr/bin/python3\n'}
[9.265538] (ros2_unitree_legged_msgs) StdoutLine: {'line': b'-- Using PYTHON_INCLUDE_DIRS: /usr/include/python3.10\n'}
[9.265786] (ros2_unitree_legged_msgs) StdoutLine: {'line': b'-- Using PYTHON_LIBRARIES: /usr/lib/x86_64-linux-gnu/libpython3.10.so\n'}
[9.317333] (ros2_unitree_legged_msgs) StdoutLine: {'line': b'-- Found PythonExtra: .so\n'}
[9.363810] (-) TimerEvent: {}
[9.464398] (-) TimerEvent: {}
[9.477555] (ros2_unitree_legged_msgs) StdoutLine: {'line': b'-- Configuring done (9.0s)\n'}
[9.564541] (-) TimerEvent: {}
[9.665126] (-) TimerEvent: {}
[9.765787] (-) TimerEvent: {}
[9.779021] (ros2_unitree_legged_msgs) StdoutLine: {'line': b'-- Generating done (0.3s)\n'}
[9.843092] (ros2_unitree_legged_msgs) StdoutLine: {'line': b'-- Build files have been written to: /home/admin/bench/lab/STAGING_helios16p_kiss_legged_bench_cyclone_container_files/helios16p_ws/build/ros2_unitree_legged_msgs\n'}
[9.866025] (-) TimerEvent: {}
[9.866892] (ros2_unitree_legged_msgs) CommandEnded: {'returncode': 0}
[9.868710] (ros2_unitree_legged_msgs) JobProgress: {'identifier': 'ros2_unitree_legged_msgs', 'progress': 'build'}
[9.871490] (ros2_unitree_legged_msgs) Command: {'cmd': ['/usr/local/bin/cmake', '--build', '/home/admin/bench/lab/STAGING_helios16p_kiss_legged_bench_cyclone_container_files/helios16p_ws/build/ros2_unitree_legged_msgs', '--', '-j8', '-l8'], 'cwd': '/home/admin/bench/lab/STAGING_helios16p_kiss_legged_bench_cyclone_container_files/helios16p_ws/build/ros2_unitree_legged_msgs', 'env': OrderedDict([('HOSTNAME', 'phs'), ('SHLVL', '1'), ('LD_LIBRARY_PATH', '/home/admin/bench/lab/go1_control/install/unitree_nav_interfaces/lib:/home/admin/bench/lab/go1_control/install/ros2_unitree_legged_msgs/lib:/home/admin/bench/lab/helios16p_ws/install/vicon_receiver/lib:/home/admin/bench/lab/helios16p_ws/install/rslidar_msg/lib:/home/admin/bench/lab/helios16p_ws/install/kiss_icp/lib:/opt/ros/humble/opt/rviz_ogre_vendor/lib:/opt/ros/humble/lib/x86_64-linux-gnu:/opt/ros/humble/lib'), ('HOME', '/home/admin'), ('CYCLONEDDS_URI', '/cyclonedds_config.xml'), ('OLDPWD', '/home/admin/bench/lab/STAGING_helios16p_kiss_legged_bench_cyclone_container_files'), ('ROS_PYTHON_VERSION', '3'), ('COLCON_PREFIX_PATH', '/home/admin/bench/lab/go1_control/install:/home/admin/bench/lab/helios16p_ws/install'), ('ROS_DISTRO', 'humble'), ('_', '/usr/bin/colcon'), ('ROS_VERSION', '2'), ('TERM', 'xterm'), ('ROS_LOCALHOST_ONLY', '0'), ('PATH', '/opt/ros/humble/bin:/usr/local/sbin:/usr/local/bin:/usr/sbin:/usr/bin:/sbin:/bin'), ('DISPLAY', ':0'), ('LANG', 'C.UTF-8'), ('RMW_IMPLEMENTATION', 'rmw_cyclonedds_cpp'), ('LS_COLORS', 'rs=0:di=01;34:ln=01;36:mh=00:pi=40;33:so=01;35:do=01;35:bd=40;33;01:cd=40;33;01:or=40;31;01:mi=00:su=37;41:sg=30;43:ca=30;41:tw=30;42:ow=34;42:st=37;44:ex=01;32:*.tar=01;31:*.tgz=01;31:*.arc=01;31:*.arj=01;31:*.taz=01;31:*.lha=01;31:*.lz4=01;31:*.lzh=01;31:*.lzma=01;31:*.tlz=01;31:*.txz=01;31:*.tzo=01;31:*.t7z=01;31:*.zip=01;31:*.z=01;31:*.dz=01;31:*.gz=01;31:*.lrz=01;31:*.lz=01;31:*.lzo=01;31:*.xz=01;31:*.zst=01;31:*.tzst=01;31:*.bz2=01;31:*.bz=01;31:*.tbz=01;31:*.tbz2=01;31:*.tz=01;31:*.deb=01;31:*.rpm=01;31:*.jar=01;31:*.war=01;31:*.ear=01;31:*.sar=01;31:*.rar=01;31:*.alz=01;31:*.ace=01;31:*.zoo=01;31:*.cpio=01;31:*.7z=01;31:*.rz=01;31:*.cab=01;31:*.wim=01;31:*.swm=01;31:*.dwm=01;31:*.esd=01;31:*.jpg=01;35:*.jpeg=01;35:*.mjpg=01;35:*.mjpeg=01;35:*.gif=01;35:*.bmp=01;35:*.pbm=01;35:*.pgm=01;35:*.ppm=01;35:*.tga=01;35:*.xbm=01;35:*.xpm=01;35:*.tif=01;35:*.tiff=01;35:*.png=01;35:*.svg=01;35:*.svgz=01;35:*.mng=01;35:*.pcx=01;35:*.mov=01;35:*.mpg=01;35:*.mpeg=01;35:*.m2v=01;35:*.mkv=01;35:*.webm=01;35:*.webp=01;35:*.ogm=01;35:*.mp4=01;35:*.m4v=01;35:*.mp4v=01;35:*.vob=01;35:*.qt=01;35:*.nuv=01;35:*.wmv=01;35:*.asf=01;35:*.rm=01;35:*.rmvb=01;35:*.flc=01;35:*.avi=01;35:*.fli=01;35:*.flv=01;35:*.gl=01;35:*.dl=01;35:*.xcf=01;35:*.xwd=01;35:*.yuv=01;35:*.cgm=01;35:*.emf=01;35:*.ogv=01;35:*.ogx=01;35:*.aac=00;36:*.au=00;36:*.flac=00;36:*.m4a=00;36:*.mid=00;36:*.midi=00;36:*.mka=00;36:*.mp3=00;36:*.mpc=00;36:*.ogg=00;36:*.ra=00;36:*.wav=00;36:*.oga=00;36:*.opus=00;36:*.spx=00;36:*.xspf=00;36:'), ('ROS_DOMAIN_ID', '7'), ('AMENT_PREFIX_PATH', '/home/admin/bench/lab/go1_control/install/unitree_nav:/home/admin/bench/lab/go1_control/install/unitree_nav_interfaces:/home/admin/bench/lab/go1_control/install/ros2_unitree_legged_msgs:/home/admin/bench/lab/helios16p_ws/install/vicon_receiver:/home/admin/bench/lab/helios16p_ws/install/rslidar_sdk:/home/admin/bench/lab/helios16p_ws/install/rslidar_msg:/home/admin/bench/lab/helios16p_ws/install/kiss_icp:/home/admin/bench/lab/helios16p_ws/install/helios16p_cane_robot:/home/admin/bench/lab/helios16p_ws/install/go1_description:/opt/ros/humble'), ('DEBIAN_FRONTEND', 'noninteractive'), ('CMAKE_POLICY_VERSION_MINIMUM', '3.5'), ('PWD', '/home/admin/bench/lab/STAGING_helios16p_kiss_legged_bench_cyclone_container_files/helios16p_ws/build/ros2_unitree_legged_msgs'), ('LC_ALL', 'C.UTF-8'), ('PYTHONPATH', '/home/admin/bench/lab/go1_control/install/unitree_nav_interfaces/local/lib/python3.10/dist-packages:/home/admin/bench/lab/go1_control/install/ros2_unitree_legged_msgs/local/lib/python3.10/dist-packages:/home/admin/bench/lab/helios16p_ws/install/rslidar_msg/local/lib/python3.10/dist-packages:/home/admin/bench/lab/helios16p_ws/install/helios16p_cane_robot/lib/python3.10/site-packages:/opt/ros/humble/lib/python3.10/site-packages:/opt/ros/humble/local/lib/python3.10/dist-packages'), ('COLCON', '1'), ('CMAKE_PREFIX_PATH', '/home/admin/bench/lab/go1_control/install/unitree_nav:/home/admin/bench/lab/go1_control/install/unitree_nav_interfaces:/home/admin/bench/lab/go1_control/install/ros2_unitree_legged_msgs:/home/admin/bench/lab/helios16p_ws/install/vicon_receiver:/home/admin/bench/lab/helios16p_ws/install/rslidar_sdk:/home/admin/bench/lab/helios16p_ws/install/rslidar_msg:/home/admin/bench/lab/helios16p_ws/install/kiss_icp:/home/admin/bench/lab/helios16p_ws/install/go1_description:/home/admin/bench/lab/helios16p_ws/install/helios16p_cane_robot:/opt/ros/humble')]), 'shell': False}
[9.966212] (-) TimerEvent: {}
[9.975389] (unitree_nav_interfaces) StdoutLine: {'line': b'-- Using all available rosidl_typesupport_cpp: rosidl_typesupport_fastrtps_cpp;rosidl_typesupport_introspection_cpp\n'}
[9.989700] (unitree_nav_interfaces) StderrLine: {'line': b'\x1b[33mCMake Warning (dev) at /opt/ros/humble/share/rosidl_generator_py/cmake/rosidl_generator_py_generate_interfaces.cmake:20 (find_package):\n'}
[9.990189] (unitree_nav_interfaces) StderrLine: {'line': b'  Policy CMP0148 is not set: The FindPythonInterp and FindPythonLibs modules\n'}
[9.990556] (unitree_nav_interfaces) StderrLine: {'line': b'  are removed.  Run "cmake --help-policy CMP0148" for policy details.  Use\n'}
[9.990863] (unitree_nav_interfaces) StderrLine: {'line': b'  the cmake_policy command to set the policy and suppress this warning.\n'}
[9.991146] (unitree_nav_interfaces) StderrLine: {'line': b'\n'}
[9.991682] (unitree_nav_interfaces) StderrLine: {'line': b'Call Stack (most recent call first):\n'}
[9.992005] (unitree_nav_interfaces) StderrLine: {'line': b'  /opt/ros/humble/share/ament_cmake_core/cmake/core/ament_execute_extensions.cmake:48 (include)\n'}
[9.992290] (unitree_nav_interfaces) StderrLine: {'line': b'  /opt/ros/humble/share/rosidl_cmake/cmake/rosidl_generate_interfaces.cmake:286 (ament_execute_extensions)\n'}
[9.992667] (unitree_nav_interfaces) StderrLine: {'line': b'  CMakeLists.txt:14 (rosidl_generate_interfaces)\n'}
[9.992926] (unitree_nav_interfaces) StderrLine: {'line': b'This warning is for project developers.  Use -Wno-dev to suppress it.\n'}
[9.993172] (unitree_nav_interfaces) StderrLine: {'line': b'\x1b[0m\n'}
[10.067485] (unitree_nav_interfaces) StdoutLine: {'line': b'-- Found PythonInterp: /usr/bin/python3 (found suitable version "3.10.12", minimum required is "3.6")\n'}
[10.067964] (-) TimerEvent: {}
[10.088785] (unitree_nav_interfaces) StdoutLine: {'line': b'-- Found python_cmake_module: 0.10.0 (/opt/ros/humble/share/python_cmake_module/cmake)\n'}
[10.095916] (unitree_nav_interfaces) StderrLine: {'line': b'\x1b[33mCMake Warning (dev) at /opt/ros/humble/share/python_cmake_module/cmake/Modules/FindPythonExtra.cmake:52 (find_package):\n'}
[10.096580] (unitree_nav_interfaces) StderrLine: {'line': b'  Policy CMP0148 is not set: The FindPythonInterp and FindPythonLibs modules\n'}
[10.097297] (unitree_nav_interfaces) StderrLine: {'line': b'  are removed.  Run "cmake --help-policy CMP0148" for policy details.  Use\n'}
[10.097652] (unitree_nav_interfaces) StderrLine: {'line': b'  the cmake_policy command to set the policy and suppress this warning.\n'}
[10.097927] (unitree_nav_interfaces) StderrLine: {'line': b'\n'}
[10.098170] (unitree_nav_interfaces) StderrLine: {'line': b'Call Stack (most recent call first):\n'}
[10.098612] (unitree_nav_interfaces) StderrLine: {'line': b'  /opt/ros/humble/share/rosidl_generator_py/cmake/rosidl_generator_py_generate_interfaces.cmake:23 (find_package)\n'}
[10.098876] (unitree_nav_interfaces) StderrLine: {'line': b'  /opt/ros/humble/share/ament_cmake_core/cmake/core/ament_execute_extensions.cmake:48 (include)\n'}
[10.099116] (unitree_nav_interfaces) StderrLine: {'line': b'  /opt/ros/humble/share/rosidl_cmake/cmake/rosidl_generate_interfaces.cmake:286 (ament_execute_extensions)\n'}
[10.099369] (unitree_nav_interfaces) StderrLine: {'line': b'  CMakeLists.txt:14 (rosidl_generate_interfaces)\n'}
[10.099588] (unitree_nav_interfaces) StderrLine: {'line': b'This warning is for project developers.  Use -Wno-dev to suppress it.\n'}
[10.099785] (unitree_nav_interfaces) StderrLine: {'line': b'\x1b[0m\n'}
[10.155518] (unitree_nav_interfaces) StderrLine: {'line': b'\x1b[33mCMake Warning (dev) at /opt/ros/humble/share/python_cmake_module/cmake/Modules/FindPythonExtra.cmake:140 (find_package):\n'}
[10.155984] (unitree_nav_interfaces) StderrLine: {'line': b'  Policy CMP0148 is not set: The FindPythonInterp and FindPythonLibs modules\n'}
[10.156258] (unitree_nav_interfaces) StderrLine: {'line': b'  are removed.  Run "cmake --help-policy CMP0148" for policy details.  Use\n'}
[10.156556] (unitree_nav_interfaces) StderrLine: {'line': b'  the cmake_policy command to set the policy and suppress this warning.\n'}
[10.156806] (unitree_nav_interfaces) StderrLine: {'line': b'\n'}
[10.157043] (unitree_nav_interfaces) StderrLine: {'line': b'Call Stack (most recent call first):\n'}
[10.157364] (unitree_nav_interfaces) StderrLine: {'line': b'  /opt/ros/humble/share/rosidl_generator_py/cmake/rosidl_generator_py_generate_interfaces.cmake:23 (find_package)\n'}
[10.157649] (unitree_nav_interfaces) StderrLine: {'line': b'  /opt/ros/humble/share/ament_cmake_core/cmake/core/ament_execute_extensions.cmake:48 (include)\n'}
[10.157902] (unitree_nav_interfaces) StderrLine: {'line': b'  /opt/ros/humble/share/rosidl_cmake/cmake/rosidl_generate_interfaces.cmake:286 (ament_execute_extensions)\n'}
[10.158153] (unitree_nav_interfaces) StderrLine: {'line': b'  CMakeLists.txt:14 (rosidl_generate_interfaces)\n'}
[10.158544] (unitree_nav_interfaces) StderrLine: {'line': b'This warning is for project developers.  Use -Wno-dev to suppress it.\n'}
[10.158796] (unitree_nav_interfaces) StderrLine: {'line': b'\x1b[0m\n'}
[10.168117] (-) TimerEvent: {}
[10.181929] (rslidar_msg) StdoutLine: {'line': b'-- Using all available rosidl_typesupport_c: rosidl_typesupport_fastrtps_c;rosidl_typesupport_introspection_c\n'}
[10.188811] (unitree_nav_interfaces) StdoutLine: {'line': b'-- Found PythonLibs: /usr/lib/x86_64-linux-gnu/libpython3.10.so (found suitable version "3.10.12", minimum required is "3.5")\n'}
[10.189435] (unitree_nav_interfaces) StdoutLine: {'line': b'-- Using PYTHON_EXECUTABLE: /usr/bin/python3\n'}
[10.189761] (unitree_nav_interfaces) StdoutLine: {'line': b'-- Using PYTHON_INCLUDE_DIRS: /usr/include/python3.10\n'}
[10.190029] (unitree_nav_interfaces) StdoutLine: {'line': b'-- Using PYTHON_LIBRARIES: /usr/lib/x86_64-linux-gnu/libpython3.10.so\n'}
[10.238080] (unitree_nav_interfaces) StdoutLine: {'line': b'-- Found PythonExtra: .so\n'}
[10.268300] (-) TimerEvent: {}
[10.286079] (ros2_unitree_legged_msgs) StdoutLine: {'line': b'[  1%] \x1b[1m\x1b[34mGenerating C code for ROS interfaces\x1b[0m\n'}
[10.312122] (ros2_unitree_legged_msgs) StdoutLine: {'line': b'[  1%] \x1b[1m\x1b[34mGenerating C++ code for ROS interfaces\x1b[0m\n'}
[10.323753] (ros2_unitree_legged_msgs) StdoutLine: {'line': b'[  1%] Built target ament_cmake_python_copy_ros2_unitree_legged_msgs\n'}
[10.368395] (-) TimerEvent: {}
[10.468992] (-) TimerEvent: {}
[10.564916] (unitree_nav_interfaces) StdoutLine: {'line': b'-- Found ament_lint_auto: 0.12.14 (/opt/ros/humble/share/ament_lint_auto/cmake)\n'}
[10.569153] (-) TimerEvent: {}
[10.669741] (-) TimerEvent: {}
[10.770338] (-) TimerEvent: {}
[10.794080] (unitree_nav_interfaces) StdoutLine: {'line': b"-- Added test 'lint_cmake' to check CMake code style\n"}
[10.804540] (unitree_nav_interfaces) StdoutLine: {'line': b"-- Added test 'xmllint' to check XML markup files\n"}
[10.828532] (unitree_nav_interfaces) StdoutLine: {'line': b'-- Configuring done (10.3s)\n'}
[10.870485] (-) TimerEvent: {}
[10.974563] (-) TimerEvent: {}
[11.076340] (-) TimerEvent: {}
[11.093597] (ros2_unitree_legged_msgs) StdoutLine: {'line': b'running egg_info\n'}
[11.096001] (ros2_unitree_legged_msgs) StdoutLine: {'line': b'creating ros2_unitree_legged_msgs.egg-info\n'}
[11.097517] (ros2_unitree_legged_msgs) StdoutLine: {'line': b'writing ros2_unitree_legged_msgs.egg-info/PKG-INFO\n'}
[11.099042] (ros2_unitree_legged_msgs) StdoutLine: {'line': b'writing dependency_links to ros2_unitree_legged_msgs.egg-info/dependency_links.txt\n'}
[11.100592] (ros2_unitree_legged_msgs) StdoutLine: {'line': b'writing top-level names to ros2_unitree_legged_msgs.egg-info/top_level.txt\n'}
[11.102421] (ros2_unitree_legged_msgs) StdoutLine: {'line': b"writing manifest file 'ros2_unitree_legged_msgs.egg-info/SOURCES.txt'\n"}
[11.111762] (ros2_unitree_legged_msgs) StdoutLine: {'line': b"reading manifest file 'ros2_unitree_legged_msgs.egg-info/SOURCES.txt'\n"}
[11.121372] (ros2_unitree_legged_msgs) StdoutLine: {'line': b"writing manifest file 'ros2_unitree_legged_msgs.egg-info/SOURCES.txt'\n"}
[11.121832] (rslidar_msg) StdoutLine: {'line': b'-- Using all available rosidl_typesupport_cpp: rosidl_typesupport_fastrtps_cpp;rosidl_typesupport_introspection_cpp\n'}
[11.133587] (rslidar_msg) StderrLine: {'line': b'\x1b[33mCMake Warning (dev) at /opt/ros/humble/share/rosidl_generator_py/cmake/rosidl_generator_py_generate_interfaces.cmake:20 (find_package):\n'}
[11.133931] (rslidar_msg) StderrLine: {'line': b'  Policy CMP0148 is not set: The FindPythonInterp and FindPythonLibs modules\n'}
[11.134109] (rslidar_msg) StderrLine: {'line': b'  are removed.  Run "cmake --help-policy CMP0148" for policy details.  Use\n'}
[11.134299] (rslidar_msg) StderrLine: {'line': b'  the cmake_policy command to set the policy and suppress this warning.\n'}
[11.134487] (rslidar_msg) StderrLine: {'line': b'\n'}
[11.134647] (rslidar_msg) StderrLine: {'line': b'Call Stack (most recent call first):\n'}
[11.134804] (rslidar_msg) StderrLine: {'line': b'  /opt/ros/humble/share/ament_cmake_core/cmake/core/ament_execute_extensions.cmake:48 (include)\n'}
[11.134964] (rslidar_msg) StderrLine: {'line': b'  /opt/ros/humble/share/rosidl_cmake/cmake/rosidl_generate_interfaces.cmake:286 (ament_execute_extensions)\n'}
[11.135122] (rslidar_msg) StderrLine: {'line': b'  CMakeLists.txt:25 (rosidl_generate_interfaces)\n'}
[11.135310] (rslidar_msg) StderrLine: {'line': b'This warning is for project developers.  Use -Wno-dev to suppress it.\n'}
[11.135536] (rslidar_msg) StderrLine: {'line': b'\x1b[0m\n'}
[11.171718] (unitree_nav_interfaces) StdoutLine: {'line': b'-- Generating done (0.3s)\n'}
[11.176488] (-) TimerEvent: {}
[11.208574] (rslidar_msg) StdoutLine: {'line': b'-- Found PythonInterp: /usr/bin/python3 (found suitable version "3.10.12", minimum required is "3.6")\n'}
[11.275624] (ros2_unitree_legged_msgs) StdoutLine: {'line': b'[  1%] Built target ament_cmake_python_build_ros2_unitree_legged_msgs_egg\n'}
[11.275886] (rslidar_msg) StdoutLine: {'line': b'-- Found python_cmake_module: 0.10.0 (/opt/ros/humble/share/python_cmake_module/cmake)\n'}
[11.276565] (-) TimerEvent: {}
[11.279294] (rslidar_msg) StderrLine: {'line': b'\x1b[33mCMake Warning (dev) at /opt/ros/humble/share/python_cmake_module/cmake/Modules/FindPythonExtra.cmake:52 (find_package):\n'}
[11.279656] (rslidar_msg) StderrLine: {'line': b'  Policy CMP0148 is not set: The FindPythonInterp and FindPythonLibs modules\n'}
[11.279879] (rslidar_msg) StderrLine: {'line': b'  are removed.  Run "cmake --help-policy CMP0148" for policy details.  Use\n'}
[11.280073] (rslidar_msg) StderrLine: {'line': b'  the cmake_policy command to set the policy and suppress this warning.\n'}
[11.280361] (rslidar_msg) StderrLine: {'line': b'\n'}
[11.280559] (rslidar_msg) StderrLine: {'line': b'Call Stack (most recent call first):\n'}
[11.280732] (rslidar_msg) StderrLine: {'line': b'  /opt/ros/humble/share/rosidl_generator_py/cmake/rosidl_generator_py_generate_interfaces.cmake:23 (find_package)\n'}
[11.280903] (rslidar_msg) StderrLine: {'line': b'  /opt/ros/humble/share/ament_cmake_core/cmake/core/ament_execute_extensions.cmake:48 (include)\n'}
[11.281075] (rslidar_msg) StderrLine: {'line': b'  /opt/ros/humble/share/rosidl_cmake/cmake/rosidl_generate_interfaces.cmake:286 (ament_execute_extensions)\n'}
[11.281245] (rslidar_msg) StderrLine: {'line': b'  CMakeLists.txt:25 (rosidl_generate_interfaces)\n'}
[11.281471] (rslidar_msg) StderrLine: {'line': b'This warning is for project developers.  Use -Wno-dev to suppress it.\n'}
[11.281679] (rslidar_msg) StderrLine: {'line': b'\x1b[0m\n'}
[11.339879] (rslidar_msg) StderrLine: {'line': b'\x1b[33mCMake Warning (dev) at /opt/ros/humble/share/python_cmake_module/cmake/Modules/FindPythonExtra.cmake:140 (find_package):\n'}
[11.340321] (rslidar_msg) StderrLine: {'line': b'  Policy CMP0148 is not set: The FindPythonInterp and FindPythonLibs modules\n'}
[11.340601] (rslidar_msg) StderrLine: {'line': b'  are removed.  Run "cmake --help-policy CMP0148" for policy details.  Use\n'}
[11.340831] (rslidar_msg) StderrLine: {'line': b'  the cmake_policy command to set the policy and suppress this warning.\n'}
[11.341024] (rslidar_msg) StderrLine: {'line': b'\n'}
[11.341233] (rslidar_msg) StderrLine: {'line': b'Call Stack (most recent call first):\n'}
[11.341502] (rslidar_msg) StderrLine: {'line': b'  /opt/ros/humble/share/rosidl_generator_py/cmake/rosidl_generator_py_generate_interfaces.cmake:23 (find_package)\n'}
[11.341710] (rslidar_msg) StderrLine: {'line': b'  /opt/ros/humble/share/ament_cmake_core/cmake/core/ament_execute_extensions.cmake:48 (include)\n'}
[11.341907] (rslidar_msg) StderrLine: {'line': b'  /opt/ros/humble/share/rosidl_cmake/cmake/rosidl_generate_interfaces.cmake:286 (ament_execute_extensions)\n'}
[11.342099] (rslidar_msg) StderrLine: {'line': b'  CMakeLists.txt:25 (rosidl_generate_interfaces)\n'}
[11.342313] (rslidar_msg) StderrLine: {'line': b'This warning is for project developers.  Use -Wno-dev to suppress it.\n'}
[11.342542] (rslidar_msg) StderrLine: {'line': b'\x1b[0m\n'}
[11.347690] (unitree_nav_interfaces) StdoutLine: {'line': b'-- Build files have been written to: /home/admin/bench/lab/STAGING_helios16p_kiss_legged_bench_cyclone_container_files/helios16p_ws/build/unitree_nav_interfaces\n'}
[11.376728] (-) TimerEvent: {}
[11.380226] (rslidar_msg) StdoutLine: {'line': b'-- Found PythonLibs: /usr/lib/x86_64-linux-gnu/libpython3.10.so (found suitable version "3.10.12", minimum required is "3.5")\n'}
[11.381204] (rslidar_msg) StdoutLine: {'line': b'-- Using PYTHON_EXECUTABLE: /usr/bin/python3\n'}
[11.382203] (rslidar_msg) StdoutLine: {'line': b'-- Using PYTHON_INCLUDE_DIRS: /usr/include/python3.10\n'}
[11.382539] (rslidar_msg) StdoutLine: {'line': b'-- Using PYTHON_LIBRARIES: /usr/lib/x86_64-linux-gnu/libpython3.10.so\n'}
[11.383045] (unitree_nav_interfaces) CommandEnded: {'returncode': 0}
[11.383824] (unitree_nav_interfaces) JobProgress: {'identifier': 'unitree_nav_interfaces', 'progress': 'build'}
[11.384733] (unitree_nav_interfaces) Command: {'cmd': ['/usr/local/bin/cmake', '--build', '/home/admin/bench/lab/STAGING_helios16p_kiss_legged_bench_cyclone_container_files/helios16p_ws/build/unitree_nav_interfaces', '--', '-j8', '-l8'], 'cwd': '/home/admin/bench/lab/STAGING_helios16p_kiss_legged_bench_cyclone_container_files/helios16p_ws/build/unitree_nav_interfaces', 'env': OrderedDict([('HOSTNAME', 'phs'), ('SHLVL', '1'), ('LD_LIBRARY_PATH', '/home/admin/bench/lab/go1_control/install/unitree_nav_interfaces/lib:/home/admin/bench/lab/go1_control/install/ros2_unitree_legged_msgs/lib:/home/admin/bench/lab/helios16p_ws/install/vicon_receiver/lib:/home/admin/bench/lab/helios16p_ws/install/rslidar_msg/lib:/home/admin/bench/lab/helios16p_ws/install/kiss_icp/lib:/opt/ros/humble/opt/rviz_ogre_vendor/lib:/opt/ros/humble/lib/x86_64-linux-gnu:/opt/ros/humble/lib'), ('HOME', '/home/admin'), ('CYCLONEDDS_URI', '/cyclonedds_config.xml'), ('OLDPWD', '/home/admin/bench/lab/STAGING_helios16p_kiss_legged_bench_cyclone_container_files'), ('ROS_PYTHON_VERSION', '3'), ('COLCON_PREFIX_PATH', '/home/admin/bench/lab/go1_control/install:/home/admin/bench/lab/helios16p_ws/install'), ('ROS_DISTRO', 'humble'), ('_', '/usr/bin/colcon'), ('ROS_VERSION', '2'), ('TERM', 'xterm'), ('ROS_LOCALHOST_ONLY', '0'), ('PATH', '/opt/ros/humble/bin:/usr/local/sbin:/usr/local/bin:/usr/sbin:/usr/bin:/sbin:/bin'), ('DISPLAY', ':0'), ('LANG', 'C.UTF-8'), ('RMW_IMPLEMENTATION', 'rmw_cyclonedds_cpp'), ('LS_COLORS', 'rs=0:di=01;34:ln=01;36:mh=00:pi=40;33:so=01;35:do=01;35:bd=40;33;01:cd=40;33;01:or=40;31;01:mi=00:su=37;41:sg=30;43:ca=30;41:tw=30;42:ow=34;42:st=37;44:ex=01;32:*.tar=01;31:*.tgz=01;31:*.arc=01;31:*.arj=01;31:*.taz=01;31:*.lha=01;31:*.lz4=01;31:*.lzh=01;31:*.lzma=01;31:*.tlz=01;31:*.txz=01;31:*.tzo=01;31:*.t7z=01;31:*.zip=01;31:*.z=01;31:*.dz=01;31:*.gz=01;31:*.lrz=01;31:*.lz=01;31:*.lzo=01;31:*.xz=01;31:*.zst=01;31:*.tzst=01;31:*.bz2=01;31:*.bz=01;31:*.tbz=01;31:*.tbz2=01;31:*.tz=01;31:*.deb=01;31:*.rpm=01;31:*.jar=01;31:*.war=01;31:*.ear=01;31:*.sar=01;31:*.rar=01;31:*.alz=01;31:*.ace=01;31:*.zoo=01;31:*.cpio=01;31:*.7z=01;31:*.rz=01;31:*.cab=01;31:*.wim=01;31:*.swm=01;31:*.dwm=01;31:*.esd=01;31:*.jpg=01;35:*.jpeg=01;35:*.mjpg=01;35:*.mjpeg=01;35:*.gif=01;35:*.bmp=01;35:*.pbm=01;35:*.pgm=01;35:*.ppm=01;35:*.tga=01;35:*.xbm=01;35:*.xpm=01;35:*.tif=01;35:*.tiff=01;35:*.png=01;35:*.svg=01;35:*.svgz=01;35:*.mng=01;35:*.pcx=01;35:*.mov=01;35:*.mpg=01;35:*.mpeg=01;35:*.m2v=01;35:*.mkv=01;35:*.webm=01;35:*.webp=01;35:*.ogm=01;35:*.mp4=01;35:*.m4v=01;35:*.mp4v=01;35:*.vob=01;35:*.qt=01;35:*.nuv=01;35:*.wmv=01;35:*.asf=01;35:*.rm=01;35:*.rmvb=01;35:*.flc=01;35:*.avi=01;35:*.fli=01;35:*.flv=01;35:*.gl=01;35:*.dl=01;35:*.xcf=01;35:*.xwd=01;35:*.yuv=01;35:*.cgm=01;35:*.emf=01;35:*.ogv=01;35:*.ogx=01;35:*.aac=00;36:*.au=00;36:*.flac=00;36:*.m4a=00;36:*.mid=00;36:*.midi=00;36:*.mka=00;36:*.mp3=00;36:*.mpc=00;36:*.ogg=00;36:*.ra=00;36:*.wav=00;36:*.oga=00;36:*.opus=00;36:*.spx=00;36:*.xspf=00;36:'), ('ROS_DOMAIN_ID', '7'), ('AMENT_PREFIX_PATH', '/home/admin/bench/lab/go1_control/install/unitree_nav:/home/admin/bench/lab/go1_control/install/unitree_nav_interfaces:/home/admin/bench/lab/go1_control/install/ros2_unitree_legged_msgs:/home/admin/bench/lab/helios16p_ws/install/vicon_receiver:/home/admin/bench/lab/helios16p_ws/install/rslidar_sdk:/home/admin/bench/lab/helios16p_ws/install/rslidar_msg:/home/admin/bench/lab/helios16p_ws/install/kiss_icp:/home/admin/bench/lab/helios16p_ws/install/helios16p_cane_robot:/home/admin/bench/lab/helios16p_ws/install/go1_description:/opt/ros/humble'), ('DEBIAN_FRONTEND', 'noninteractive'), ('CMAKE_POLICY_VERSION_MINIMUM', '3.5'), ('PWD', '/home/admin/bench/lab/STAGING_helios16p_kiss_legged_bench_cyclone_container_files/helios16p_ws/build/unitree_nav_interfaces'), ('LC_ALL', 'C.UTF-8'), ('PYTHONPATH', '/home/admin/bench/lab/go1_control/install/unitree_nav_interfaces/local/lib/python3.10/dist-packages:/home/admin/bench/lab/go1_control/install/ros2_unitree_legged_msgs/local/lib/python3.10/dist-packages:/home/admin/bench/lab/helios16p_ws/install/rslidar_msg/local/lib/python3.10/dist-packages:/home/admin/bench/lab/helios16p_ws/install/helios16p_cane_robot/lib/python3.10/site-packages:/opt/ros/humble/lib/python3.10/site-packages:/opt/ros/humble/local/lib/python3.10/dist-packages'), ('COLCON', '1'), ('CMAKE_PREFIX_PATH', '/home/admin/bench/lab/go1_control/install/unitree_nav:/home/admin/bench/lab/go1_control/install/unitree_nav_interfaces:/home/admin/bench/lab/go1_control/install/ros2_unitree_legged_msgs:/home/admin/bench/lab/helios16p_ws/install/vicon_receiver:/home/admin/bench/lab/helios16p_ws/install/rslidar_sdk:/home/admin/bench/lab/helios16p_ws/install/rslidar_msg:/home/admin/bench/lab/helios16p_ws/install/kiss_icp:/home/admin/bench/lab/helios16p_ws/install/go1_description:/home/admin/bench/lab/helios16p_ws/install/helios16p_cane_robot:/opt/ros/humble')]), 'shell': False}
[11.433505] (rslidar_msg) StdoutLine: {'line': b'-- Found PythonExtra: .so\n'}
[11.476870] (-) TimerEvent: {}
[11.577394] (-) TimerEvent: {}
[11.659617] (rslidar_msg) StdoutLine: {'line': b'-- Found ament_lint_auto: 0.12.14 (/opt/ros/humble/share/ament_lint_auto/cmake)\n'}
[11.677528] (-) TimerEvent: {}
[11.752549] (unitree_nav_interfaces) StdoutLine: {'line': b'[  2%] \x1b[1m\x1b[34mGenerating C code for ROS interfaces\x1b[0m\n'}
[11.771008] (unitree_nav_interfaces) StdoutLine: {'line': b'[  4%] \x1b[1m\x1b[34mGenerating C++ code for ROS interfaces\x1b[0m\n'}
[11.777667] (-) TimerEvent: {}
[11.792570] (unitree_nav_interfaces) StdoutLine: {'line': b'[  4%] Built target ament_cmake_python_copy_unitree_nav_interfaces\n'}
[11.877825] (-) TimerEvent: {}
[11.912927] (rslidar_msg) StdoutLine: {'line': b"-- Added test 'copyright' to check source files copyright and LICENSE\n"}
[11.931952] (rslidar_msg) StdoutLine: {'line': b"-- Added test 'lint_cmake' to check CMake code style\n"}
[11.943176] (rslidar_msg) StdoutLine: {'line': b"-- Added test 'xmllint' to check XML markup files\n"}
[11.964172] (rslidar_msg) StdoutLine: {'line': b'-- Configuring done (11.5s)\n'}
[11.977975] (-) TimerEvent: {}
[12.081383] (-) TimerEvent: {}
[12.181987] (-) TimerEvent: {}
[12.280646] (rslidar_msg) StdoutLine: {'line': b'-- Generating done (0.3s)\n'}
[12.282095] (-) TimerEvent: {}
[12.386730] (-) TimerEvent: {}
[12.461380] (rslidar_msg) StdoutLine: {'line': b'-- Build files have been written to: /home/admin/bench/lab/STAGING_helios16p_kiss_legged_bench_cyclone_container_files/helios16p_ws/build/rslidar_msg\n'}
[12.490452] (-) TimerEvent: {}
[12.494240] (rslidar_msg) CommandEnded: {'returncode': 0}
[12.498675] (rslidar_msg) JobProgress: {'identifier': 'rslidar_msg', 'progress': 'build'}
[12.501900] (rslidar_msg) Command: {'cmd': ['/usr/local/bin/cmake', '--build', '/home/admin/bench/lab/STAGING_helios16p_kiss_legged_bench_cyclone_container_files/helios16p_ws/build/rslidar_msg', '--', '-j8', '-l8'], 'cwd': '/home/admin/bench/lab/STAGING_helios16p_kiss_legged_bench_cyclone_container_files/helios16p_ws/build/rslidar_msg', 'env': OrderedDict([('HOSTNAME', 'phs'), ('SHLVL', '1'), ('LD_LIBRARY_PATH', '/home/admin/bench/lab/go1_control/install/unitree_nav_interfaces/lib:/home/admin/bench/lab/go1_control/install/ros2_unitree_legged_msgs/lib:/home/admin/bench/lab/helios16p_ws/install/vicon_receiver/lib:/home/admin/bench/lab/helios16p_ws/install/rslidar_msg/lib:/home/admin/bench/lab/helios16p_ws/install/kiss_icp/lib:/opt/ros/humble/opt/rviz_ogre_vendor/lib:/opt/ros/humble/lib/x86_64-linux-gnu:/opt/ros/humble/lib'), ('HOME', '/home/admin'), ('CYCLONEDDS_URI', '/cyclonedds_config.xml'), ('OLDPWD', '/home/admin/bench/lab/STAGING_helios16p_kiss_legged_bench_cyclone_container_files'), ('ROS_PYTHON_VERSION', '3'), ('COLCON_PREFIX_PATH', '/home/admin/bench/lab/go1_control/install:/home/admin/bench/lab/helios16p_ws/install'), ('ROS_DISTRO', 'humble'), ('_', '/usr/bin/colcon'), ('ROS_VERSION', '2'), ('TERM', 'xterm'), ('ROS_LOCALHOST_ONLY', '0'), ('PATH', '/opt/ros/humble/bin:/usr/local/sbin:/usr/local/bin:/usr/sbin:/usr/bin:/sbin:/bin'), ('DISPLAY', ':0'), ('LANG', 'C.UTF-8'), ('RMW_IMPLEMENTATION', 'rmw_cyclonedds_cpp'), ('LS_COLORS', 'rs=0:di=01;34:ln=01;36:mh=00:pi=40;33:so=01;35:do=01;35:bd=40;33;01:cd=40;33;01:or=40;31;01:mi=00:su=37;41:sg=30;43:ca=30;41:tw=30;42:ow=34;42:st=37;44:ex=01;32:*.tar=01;31:*.tgz=01;31:*.arc=01;31:*.arj=01;31:*.taz=01;31:*.lha=01;31:*.lz4=01;31:*.lzh=01;31:*.lzma=01;31:*.tlz=01;31:*.txz=01;31:*.tzo=01;31:*.t7z=01;31:*.zip=01;31:*.z=01;31:*.dz=01;31:*.gz=01;31:*.lrz=01;31:*.lz=01;31:*.lzo=01;31:*.xz=01;31:*.zst=01;31:*.tzst=01;31:*.bz2=01;31:*.bz=01;31:*.tbz=01;31:*.tbz2=01;31:*.tz=01;31:*.deb=01;31:*.rpm=01;31:*.jar=01;31:*.war=01;31:*.ear=01;31:*.sar=01;31:*.rar=01;31:*.alz=01;31:*.ace=01;31:*.zoo=01;31:*.cpio=01;31:*.7z=01;31:*.rz=01;31:*.cab=01;31:*.wim=01;31:*.swm=01;31:*.dwm=01;31:*.esd=01;31:*.jpg=01;35:*.jpeg=01;35:*.mjpg=01;35:*.mjpeg=01;35:*.gif=01;35:*.bmp=01;35:*.pbm=01;35:*.pgm=01;35:*.ppm=01;35:*.tga=01;35:*.xbm=01;35:*.xpm=01;35:*.tif=01;35:*.tiff=01;35:*.png=01;35:*.svg=01;35:*.svgz=01;35:*.mng=01;35:*.pcx=01;35:*.mov=01;35:*.mpg=01;35:*.mpeg=01;35:*.m2v=01;35:*.mkv=01;35:*.webm=01;35:*.webp=01;35:*.ogm=01;35:*.mp4=01;35:*.m4v=01;35:*.mp4v=01;35:*.vob=01;35:*.qt=01;35:*.nuv=01;35:*.wmv=01;35:*.asf=01;35:*.rm=01;35:*.rmvb=01;35:*.flc=01;35:*.avi=01;35:*.fli=01;35:*.flv=01;35:*.gl=01;35:*.dl=01;35:*.xcf=01;35:*.xwd=01;35:*.yuv=01;35:*.cgm=01;35:*.emf=01;35:*.ogv=01;35:*.ogx=01;35:*.aac=00;36:*.au=00;36:*.flac=00;36:*.m4a=00;36:*.mid=00;36:*.midi=00;36:*.mka=00;36:*.mp3=00;36:*.mpc=00;36:*.ogg=00;36:*.ra=00;36:*.wav=00;36:*.oga=00;36:*.opus=00;36:*.spx=00;36:*.xspf=00;36:'), ('ROS_DOMAIN_ID', '7'), ('AMENT_PREFIX_PATH', '/home/admin/bench/lab/go1_control/install/unitree_nav:/home/admin/bench/lab/go1_control/install/unitree_nav_interfaces:/home/admin/bench/lab/go1_control/install/ros2_unitree_legged_msgs:/home/admin/bench/lab/helios16p_ws/install/vicon_receiver:/home/admin/bench/lab/helios16p_ws/install/rslidar_sdk:/home/admin/bench/lab/helios16p_ws/install/rslidar_msg:/home/admin/bench/lab/helios16p_ws/install/kiss_icp:/home/admin/bench/lab/helios16p_ws/install/helios16p_cane_robot:/home/admin/bench/lab/helios16p_ws/install/go1_description:/opt/ros/humble'), ('DEBIAN_FRONTEND', 'noninteractive'), ('CMAKE_POLICY_VERSION_MINIMUM', '3.5'), ('PWD', '/home/admin/bench/lab/STAGING_helios16p_kiss_legged_bench_cyclone_container_files/helios16p_ws/build/rslidar_msg'), ('LC_ALL', 'C.UTF-8'), ('PYTHONPATH', '/home/admin/bench/lab/go1_control/install/unitree_nav_interfaces/local/lib/python3.10/dist-packages:/home/admin/bench/lab/go1_control/install/ros2_unitree_legged_msgs/local/lib/python3.10/dist-packages:/home/admin/bench/lab/helios16p_ws/install/rslidar_msg/local/lib/python3.10/dist-packages:/home/admin/bench/lab/helios16p_ws/install/helios16p_cane_robot/lib/python3.10/site-packages:/opt/ros/humble/lib/python3.10/site-packages:/opt/ros/humble/local/lib/python3.10/dist-packages'), ('COLCON', '1'), ('CMAKE_PREFIX_PATH', '/home/admin/bench/lab/go1_control/install/unitree_nav:/home/admin/bench/lab/go1_control/install/unitree_nav_interfaces:/home/admin/bench/lab/go1_control/install/ros2_unitree_legged_msgs:/home/admin/bench/lab/helios16p_ws/install/vicon_receiver:/home/admin/bench/lab/helios16p_ws/install/rslidar_sdk:/home/admin/bench/lab/helios16p_ws/install/rslidar_msg:/home/admin/bench/lab/helios16p_ws/install/kiss_icp:/home/admin/bench/lab/helios16p_ws/install/go1_description:/home/admin/bench/lab/helios16p_ws/install/helios16p_cane_robot:/opt/ros/humble')]), 'shell': False}
[12.590595] (-) TimerEvent: {}
[12.693210] (-) TimerEvent: {}
[12.795378] (-) TimerEvent: {}
[12.824392] (unitree_nav_interfaces) StdoutLine: {'line': b'running egg_info\n'}
[12.825000] (unitree_nav_interfaces) StdoutLine: {'line': b'creating unitree_nav_interfaces.egg-info\n'}
[12.825353] (unitree_nav_interfaces) StdoutLine: {'line': b'writing unitree_nav_interfaces.egg-info/PKG-INFO\n'}
[12.825841] (unitree_nav_interfaces) StdoutLine: {'line': b'writing dependency_links to unitree_nav_interfaces.egg-info/dependency_links.txt\n'}
[12.826109] (unitree_nav_interfaces) StdoutLine: {'line': b'writing top-level names to unitree_nav_interfaces.egg-info/top_level.txt\n'}
[12.826575] (unitree_nav_interfaces) StdoutLine: {'line': b"writing manifest file 'unitree_nav_interfaces.egg-info/SOURCES.txt'\n"}
[12.836388] (unitree_nav_interfaces) StdoutLine: {'line': b"reading manifest file 'unitree_nav_interfaces.egg-info/SOURCES.txt'\n"}
[12.837387] (unitree_nav_interfaces) StdoutLine: {'line': b"writing manifest file 'unitree_nav_interfaces.egg-info/SOURCES.txt'\n"}
[12.895536] (-) TimerEvent: {}
[12.985029] (unitree_nav_interfaces) StdoutLine: {'line': b'[  4%] Built target ament_cmake_python_build_unitree_nav_interfaces_egg\n'}
[12.997411] (-) TimerEvent: {}
[13.063172] (rslidar_msg) StdoutLine: {'line': b'[  3%] \x1b[1m\x1b[34mGenerating C code for ROS interfaces\x1b[0m\n'}
[13.097590] (-) TimerEvent: {}
[13.106378] (rslidar_msg) StdoutLine: {'line': b'[  6%] \x1b[1m\x1b[34mGenerating C++ code for ROS interfaces\x1b[0m\n'}
[13.113401] (rslidar_msg) StdoutLine: {'line': b'[  6%] Built target ament_cmake_python_copy_rslidar_msg\n'}
[13.200378] (-) TimerEvent: {}
[13.300979] (-) TimerEvent: {}
[13.401606] (-) TimerEvent: {}
[13.502698] (-) TimerEvent: {}
[13.603294] (-) TimerEvent: {}
[13.707551] (-) TimerEvent: {}
[13.808178] (-) TimerEvent: {}
[13.908796] (-) TimerEvent: {}
[14.009386] (-) TimerEvent: {}
[14.108496] (rslidar_msg) StdoutLine: {'line': b'running egg_info\n'}
[14.109172] (rslidar_msg) StdoutLine: {'line': b'creating rslidar_msg.egg-info\n'}
[14.109587] (-) TimerEvent: {}
[14.111213] (rslidar_msg) StdoutLine: {'line': b'writing rslidar_msg.egg-info/PKG-INFO\n'}
[14.113965] (rslidar_msg) StdoutLine: {'line': b'writing dependency_links to rslidar_msg.egg-info/dependency_links.txt\n'}
[14.116651] (rslidar_msg) StdoutLine: {'line': b'writing top-level names to rslidar_msg.egg-info/top_level.txt\n'}
[14.119862] (rslidar_msg) StdoutLine: {'line': b"writing manifest file 'rslidar_msg.egg-info/SOURCES.txt'\n"}
[14.129386] (rslidar_msg) StdoutLine: {'line': b"reading manifest file 'rslidar_msg.egg-info/SOURCES.txt'\n"}
[14.132066] (rslidar_msg) StdoutLine: {'line': b"writing manifest file 'rslidar_msg.egg-info/SOURCES.txt'\n"}
[14.211401] (-) TimerEvent: {}
[14.249615] (unitree_nav_interfaces) StdoutLine: {'line': b'[  6%] \x1b[32mBuilding C object CMakeFiles/unitree_nav_interfaces_srv__rosidl_generator_c.dir/rosidl_generator_c/unitree_nav_interfaces/srv/detail/set_gait__functions.c.o\x1b[0m\n'}
[14.250323] (unitree_nav_interfaces) StdoutLine: {'line': b'[  8%] \x1b[32mBuilding C object CMakeFiles/unitree_nav_interfaces_srv__rosidl_generator_c.dir/rosidl_generator_c/unitree_nav_interfaces/srv/detail/set_body_rpy__functions.c.o\x1b[0m\n'}
[14.256486] (unitree_nav_interfaces) StdoutLine: {'line': b'[ 10%] \x1b[32mBuilding C object CMakeFiles/unitree_nav_interfaces_srv__rosidl_generator_c.dir/rosidl_generator_c/unitree_nav_interfaces/srv/detail/nav_to_pose__functions.c.o\x1b[0m\n'}
[14.284383] (rslidar_msg) StdoutLine: {'line': b'[  6%] Built target ament_cmake_python_build_rslidar_msg_egg\n'}
[14.311550] (-) TimerEvent: {}
[14.412515] (-) TimerEvent: {}
[14.515705] (-) TimerEvent: {}
[14.520361] (unitree_nav_interfaces) StdoutLine: {'line': b'[ 10%] Built target unitree_nav_interfaces_srv__cpp\n'}
[14.532431] (rslidar_msg) StdoutLine: {'line': b'[  6%] Built target rslidar_msg__cpp\n'}
[14.550943] (unitree_nav_interfaces) StdoutLine: {'line': b'[ 12%] \x1b[1m\x1b[34mGenerating C++ introspection for ROS interfaces\x1b[0m\n'}
[14.554407] (unitree_nav_interfaces) StdoutLine: {'line': b'[ 14%] \x1b[1m\x1b[34mGenerating C++ type support dispatch for ROS interfaces\x1b[0m\n'}
[14.558617] (unitree_nav_interfaces) StdoutLine: {'line': b'[ 17%] \x1b[1m\x1b[34mGenerating C++ type support for eProsima Fast-RTPS\x1b[0m\n'}
[14.575843] (rslidar_msg) StdoutLine: {'line': b'[  9%] \x1b[1m\x1b[34mGenerating C++ introspection for ROS interfaces\x1b[0m\n'}
[14.584420] (rslidar_msg) StdoutLine: {'line': b'[ 12%] \x1b[1m\x1b[34mGenerating C++ type support for eProsima Fast-RTPS\x1b[0m\n'}
[14.592639] (rslidar_msg) StdoutLine: {'line': b'[ 16%] \x1b[1m\x1b[34mGenerating C++ type support dispatch for ROS interfaces\x1b[0m\n'}
[14.616395] (-) TimerEvent: {}
[14.715956] (rslidar_msg) StdoutLine: {'line': b'[ 19%] \x1b[32mBuilding C object CMakeFiles/rslidar_msg__rosidl_generator_c.dir/rosidl_generator_c/rslidar_msg/msg/detail/rslidar_packet__functions.c.o\x1b[0m\n'}
[14.716461] (-) TimerEvent: {}
[14.822385] (-) TimerEvent: {}
[14.877539] (unitree_nav_interfaces) StdoutLine: {'line': b'[ 19%] \x1b[1m\x1b[32mLinking C shared library libunitree_nav_interfaces__rosidl_generator_c.so\x1b[0m\n'}
[14.925679] (-) TimerEvent: {}
[15.036390] (-) TimerEvent: {}
[15.140393] (-) TimerEvent: {}
[15.151397] (unitree_nav_interfaces) StdoutLine: {'line': b'[ 19%] Built target unitree_nav_interfaces_srv__rosidl_generator_c\n'}
[15.212399] (unitree_nav_interfaces) StdoutLine: {'line': b'[ 21%] \x1b[1m\x1b[34mGenerating C type support for eProsima Fast-RTPS\x1b[0m\n'}
[15.212900] (unitree_nav_interfaces) StdoutLine: {'line': b'[ 23%] \x1b[1m\x1b[34mGenerating C introspection for ROS interfaces\x1b[0m\n'}
[15.219363] (rslidar_msg) StdoutLine: {'line': b'[ 22%] \x1b[1m\x1b[32mLinking C shared library librslidar_msg__rosidl_generator_c.so\x1b[0m\n'}
[15.225503] (unitree_nav_interfaces) StdoutLine: {'line': b'[ 25%] \x1b[1m\x1b[34mGenerating C type support dispatch for ROS interfaces\x1b[0m\n'}
[15.240540] (-) TimerEvent: {}
[15.343381] (-) TimerEvent: {}
[15.443982] (-) TimerEvent: {}
[15.512431] (rslidar_msg) StdoutLine: {'line': b'[ 22%] Built target rslidar_msg__rosidl_generator_c\n'}
[15.544134] (-) TimerEvent: {}
[15.583717] (rslidar_msg) StdoutLine: {'line': b'[ 25%] \x1b[1m\x1b[34mGenerating C type support for eProsima Fast-RTPS\x1b[0m\n'}
[15.584426] (rslidar_msg) StdoutLine: {'line': b'[ 29%] \x1b[1m\x1b[34mGenerating C type support dispatch for ROS interfaces\x1b[0m\n'}
[15.586530] (rslidar_msg) StdoutLine: {'line': b'[ 32%] \x1b[1m\x1b[34mGenerating C introspection for ROS interfaces\x1b[0m\n'}
[15.644332] (-) TimerEvent: {}
[15.749407] (-) TimerEvent: {}
[15.850081] (-) TimerEvent: {}
[15.953664] (-) TimerEvent: {}
[16.055740] (-) TimerEvent: {}
[16.162077] (-) TimerEvent: {}
[16.262875] (-) TimerEvent: {}
[16.387373] (rslidar_msg) StdoutLine: {'line': b'[ 35%] \x1b[32mBuilding CXX object CMakeFiles/rslidar_msg__rosidl_typesupport_cpp.dir/rosidl_typesupport_cpp/rslidar_msg/msg/rslidar_packet__type_support.cpp.o\x1b[0m\n'}
[16.387856] (-) TimerEvent: {}
[16.498389] (-) TimerEvent: {}
[16.600304] (-) TimerEvent: {}
[16.704577] (-) TimerEvent: {}
[16.805508] (-) TimerEvent: {}
[16.909398] (-) TimerEvent: {}
[17.010015] (-) TimerEvent: {}
[17.113199] (-) TimerEvent: {}
[17.205383] (rslidar_msg) StdoutLine: {'line': b'[ 38%] \x1b[32mBuilding CXX object CMakeFiles/rslidar_msg__rosidl_typesupport_introspection_cpp.dir/rosidl_typesupport_introspection_cpp/rslidar_msg/msg/detail/rslidar_packet__type_support.cpp.o\x1b[0m\n'}
[17.213379] (-) TimerEvent: {}
[17.269385] (rslidar_msg) StdoutLine: {'line': b'[ 41%] \x1b[32mBuilding CXX object CMakeFiles/rslidar_msg__rosidl_typesupport_fastrtps_cpp.dir/rosidl_typesupport_fastrtps_cpp/rslidar_msg/msg/detail/dds_fastrtps/rslidar_packet__type_support.cpp.o\x1b[0m\n'}
[17.315379] (-) TimerEvent: {}
[17.419406] (-) TimerEvent: {}
[17.525383] (-) TimerEvent: {}
[17.628814] (-) TimerEvent: {}
[17.733385] (-) TimerEvent: {}
[17.835401] (-) TimerEvent: {}
[17.936440] (-) TimerEvent: {}
[18.038126] (-) TimerEvent: {}
[18.054344] (rslidar_msg) StdoutLine: {'line': b'[ 45%] \x1b[32mBuilding CXX object CMakeFiles/rslidar_msg__rosidl_typesupport_c.dir/rosidl_typesupport_c/rslidar_msg/msg/rslidar_packet__type_support.cpp.o\x1b[0m\n'}
[18.094423] (rslidar_msg) StdoutLine: {'line': b'[ 48%] \x1b[32mBuilding CXX object CMakeFiles/rslidar_msg__rosidl_typesupport_fastrtps_c.dir/rosidl_typesupport_fastrtps_c/rslidar_msg/msg/detail/rslidar_packet__type_support_c.cpp.o\x1b[0m\n'}
[18.142392] (-) TimerEvent: {}
[18.232543] (rslidar_msg) StdoutLine: {'line': b'[ 51%] \x1b[32mBuilding C object CMakeFiles/rslidar_msg__rosidl_typesupport_introspection_c.dir/rosidl_typesupport_introspection_c/rslidar_msg/msg/detail/rslidar_packet__type_support.c.o\x1b[0m\n'}
[18.244408] (-) TimerEvent: {}
[18.349399] (-) TimerEvent: {}
[18.450175] (-) TimerEvent: {}
[18.559400] (-) TimerEvent: {}
[18.633867] (rslidar_msg) StdoutLine: {'line': b'[ 54%] \x1b[1m\x1b[32mLinking CXX shared library librslidar_msg__rosidl_typesupport_c.so\x1b[0m\n'}
[18.661281] (-) TimerEvent: {}
[18.763342] (-) TimerEvent: {}
[18.866399] (-) TimerEvent: {}
[18.952117] (rslidar_msg) StdoutLine: {'line': b'[ 58%] \x1b[1m\x1b[32mLinking C shared library librslidar_msg__rosidl_typesupport_introspection_c.so\x1b[0m\n'}
[18.971398] (-) TimerEvent: {}
[19.034354] (ros2_unitree_legged_msgs) StdoutLine: {'line': b'[  2%] \x1b[32mBuilding C object CMakeFiles/ros2_unitree_legged_msgs__rosidl_generator_c.dir/rosidl_generator_c/ros2_unitree_legged_msgs/msg/detail/motor_cmd__functions.c.o\x1b[0m\n'}
[19.071550] (-) TimerEvent: {}
[19.086924] (ros2_unitree_legged_msgs) StdoutLine: {'line': b'[  3%] \x1b[32mBuilding C object CMakeFiles/ros2_unitree_legged_msgs__rosidl_generator_c.dir/rosidl_generator_c/ros2_unitree_legged_msgs/msg/detail/motor_state__functions.c.o\x1b[0m\n'}
[19.147850] (ros2_unitree_legged_msgs) StdoutLine: {'line': b'[  5%] \x1b[32mBuilding C object CMakeFiles/ros2_unitree_legged_msgs__rosidl_generator_c.dir/rosidl_generator_c/ros2_unitree_legged_msgs/msg/detail/bms_state__functions.c.o\x1b[0m\n'}
[19.148357] (ros2_unitree_legged_msgs) StdoutLine: {'line': b'[  5%] \x1b[32mBuilding C object CMakeFiles/ros2_unitree_legged_msgs__rosidl_generator_c.dir/rosidl_generator_c/ros2_unitree_legged_msgs/msg/detail/bms_cmd__functions.c.o\x1b[0m\n'}
[19.173205] (-) TimerEvent: {}
[19.217524] (ros2_unitree_legged_msgs) StdoutLine: {'line': b'[  6%] \x1b[32mBuilding C object CMakeFiles/ros2_unitree_legged_msgs__rosidl_generator_c.dir/rosidl_generator_c/ros2_unitree_legged_msgs/msg/detail/imu__functions.c.o\x1b[0m\n'}
[19.224498] (ros2_unitree_legged_msgs) StdoutLine: {'line': b'[  7%] \x1b[32mBuilding C object CMakeFiles/ros2_unitree_legged_msgs__rosidl_generator_c.dir/rosidl_generator_c/ros2_unitree_legged_msgs/msg/detail/cartesian__functions.c.o\x1b[0m\n'}
[19.239053] (ros2_unitree_legged_msgs) StdoutLine: {'line': b'[  8%] \x1b[32mBuilding C object CMakeFiles/ros2_unitree_legged_msgs__rosidl_generator_c.dir/rosidl_generator_c/ros2_unitree_legged_msgs/msg/detail/led__functions.c.o\x1b[0m\n'}
[19.270900] (rslidar_msg) StdoutLine: {'line': b'[ 58%] Built target rslidar_msg__rosidl_typesupport_c\n'}
[19.280382] (-) TimerEvent: {}
[19.381221] (-) TimerEvent: {}
[19.420287] (ros2_unitree_legged_msgs) StdoutLine: {'line': b'[  8%] Built target ros2_unitree_legged_msgs__cpp\n'}
[19.436396] (rslidar_msg) StdoutLine: {'line': b'[ 58%] Built target rslidar_msg__rosidl_typesupport_introspection_c\n'}
[19.489399] (-) TimerEvent: {}
[19.534995] (ros2_unitree_legged_msgs) StdoutLine: {'line': b'[  8%] \x1b[1m\x1b[34mGenerating C++ type support for eProsima Fast-RTPS\x1b[0m\n'}
[19.589569] (-) TimerEvent: {}
[19.613410] (ros2_unitree_legged_msgs) StdoutLine: {'line': b'[  9%] \x1b[32mBuilding C object CMakeFiles/ros2_unitree_legged_msgs__rosidl_generator_c.dir/rosidl_generator_c/ros2_unitree_legged_msgs/msg/detail/low_state__functions.c.o\x1b[0m\n'}
[19.613889] (ros2_unitree_legged_msgs) StdoutLine: {'line': b'[  9%] \x1b[32mBuilding C object CMakeFiles/ros2_unitree_legged_msgs__rosidl_generator_c.dir/rosidl_generator_c/ros2_unitree_legged_msgs/msg/detail/low_cmd__functions.c.o\x1b[0m\n'}
[19.676327] (ros2_unitree_legged_msgs) StdoutLine: {'line': b'[ 10%] \x1b[32mBuilding C object CMakeFiles/ros2_unitree_legged_msgs__rosidl_generator_c.dir/rosidl_generator_c/ros2_unitree_legged_msgs/msg/detail/high_cmd__functions.c.o\x1b[0m\n'}
[19.707772] (-) TimerEvent: {}
[19.711834] (ros2_unitree_legged_msgs) StdoutLine: {'line': b'[ 11%] \x1b[32mBuilding C object CMakeFiles/ros2_unitree_legged_msgs__rosidl_generator_c.dir/rosidl_generator_c/ros2_unitree_legged_msgs/msg/detail/high_state__functions.c.o\x1b[0m\n'}
[19.814770] (-) TimerEvent: {}
[19.817453] (ros2_unitree_legged_msgs) StdoutLine: {'line': b'[ 12%] \x1b[1m\x1b[34mGenerating C++ introspection for ROS interfaces\x1b[0m\n'}
[19.914978] (-) TimerEvent: {}
[19.939396] (unitree_nav_interfaces) StdoutLine: {'line': b'[ 29%] \x1b[32mBuilding CXX object CMakeFiles/unitree_nav_interfaces_srv__rosidl_typesupport_cpp.dir/rosidl_typesupport_cpp/unitree_nav_interfaces/srv/set_gait__type_support.cpp.o\x1b[0m\n'}
[19.939947] (unitree_nav_interfaces) StdoutLine: {'line': b'[ 29%] \x1b[32mBuilding CXX object CMakeFiles/unitree_nav_interfaces_srv__rosidl_typesupport_cpp.dir/rosidl_typesupport_cpp/unitree_nav_interfaces/srv/set_body_rpy__type_support.cpp.o\x1b[0m\n'}
[19.951900] (unitree_nav_interfaces) StdoutLine: {'line': b'[ 34%] \x1b[32mBuilding CXX object CMakeFiles/unitree_nav_interfaces_srv__rosidl_typesupport_cpp.dir/rosidl_typesupport_cpp/unitree_nav_interfaces/srv/nav_to_pose__type_support.cpp.o\x1b[0m\n'}
[19.961392] (unitree_nav_interfaces) StdoutLine: {'line': b'[ 34%] \x1b[32mBuilding CXX object CMakeFiles/unitree_nav_interfaces_srv__rosidl_typesupport_introspection_cpp.dir/rosidl_typesupport_introspection_cpp/unitree_nav_interfaces/srv/detail/set_body_rpy__type_support.cpp.o\x1b[0m\n'}
[20.015139] (-) TimerEvent: {}
[20.061399] (ros2_unitree_legged_msgs) StdoutLine: {'line': b'[ 13%] \x1b[1m\x1b[34mGenerating C++ type support dispatch for ROS interfaces\x1b[0m\n'}
[20.120408] (-) TimerEvent: {}
[20.220985] (-) TimerEvent: {}
[20.323384] (-) TimerEvent: {}
[20.407393] (rslidar_msg) StdoutLine: {'line': b'[ 61%] \x1b[1m\x1b[32mLinking CXX shared library librslidar_msg__rosidl_typesupport_cpp.so\x1b[0m\n'}
[20.426383] (-) TimerEvent: {}
[20.451548] (unitree_nav_interfaces) StdoutLine: {'line': b'[ 36%] \x1b[32mBuilding CXX object CMakeFiles/unitree_nav_interfaces_srv__rosidl_typesupport_fastrtps_cpp.dir/rosidl_typesupport_fastrtps_cpp/unitree_nav_interfaces/srv/detail/dds_fastrtps/set_body_rpy__type_support.cpp.o\x1b[0m\n'}
[20.498954] (ros2_unitree_legged_msgs) StdoutLine: {'line': b'[ 14%] \x1b[1m\x1b[32mLinking C shared library libros2_unitree_legged_msgs__rosidl_generator_c.so\x1b[0m\n'}
[20.526536] (-) TimerEvent: {}
[20.627694] (-) TimerEvent: {}
[20.730394] (-) TimerEvent: {}
[20.762545] (ros2_unitree_legged_msgs) StdoutLine: {'line': b'[ 14%] Built target ros2_unitree_legged_msgs__rosidl_generator_c\n'}
[20.825020] (ros2_unitree_legged_msgs) StdoutLine: {'line': b'[ 15%] \x1b[1m\x1b[34mGenerating C type support for eProsima Fast-RTPS\x1b[0m\n'}
[20.831998] (ros2_unitree_legged_msgs) StdoutLine: {'line': b'[ 16%] \x1b[1m\x1b[34mGenerating C introspection for ROS interfaces\x1b[0m\n'}
[20.832490] (-) TimerEvent: {}
[20.859408] (rslidar_msg) StdoutLine: {'line': b'[ 61%] Built target rslidar_msg__rosidl_typesupport_cpp\n'}
[20.896527] (ros2_unitree_legged_msgs) StdoutLine: {'line': b'[ 17%] \x1b[1m\x1b[34mGenerating C type support dispatch for ROS interfaces\x1b[0m\n'}
[20.934409] (-) TimerEvent: {}
[21.038416] (-) TimerEvent: {}
[21.050384] (unitree_nav_interfaces) StdoutLine: {'line': b'[ 38%] \x1b[32mBuilding C object CMakeFiles/unitree_nav_interfaces_srv__rosidl_typesupport_introspection_c.dir/rosidl_typesupport_introspection_c/unitree_nav_interfaces/srv/detail/set_body_rpy__type_support.c.o\x1b[0m\n'}
[21.127972] (unitree_nav_interfaces) StdoutLine: {'line': b'[ 40%] \x1b[32mBuilding CXX object CMakeFiles/unitree_nav_interfaces_srv__rosidl_typesupport_c.dir/rosidl_typesupport_c/unitree_nav_interfaces/srv/set_body_rpy__type_support.cpp.o\x1b[0m\n'}
[21.138564] (-) TimerEvent: {}
[21.240574] (-) TimerEvent: {}
[21.342547] (-) TimerEvent: {}
[21.449384] (unitree_nav_interfaces) StdoutLine: {'line': b'[ 42%] \x1b[32mBuilding C object CMakeFiles/unitree_nav_interfaces_srv__rosidl_typesupport_introspection_c.dir/rosidl_typesupport_introspection_c/unitree_nav_interfaces/srv/detail/nav_to_pose__type_support.c.o\x1b[0m\n'}
[21.449905] (-) TimerEvent: {}
[21.559885] (-) TimerEvent: {}
[21.562981] (unitree_nav_interfaces) StdoutLine: {'line': b'[ 44%] \x1b[32mBuilding CXX object CMakeFiles/unitree_nav_interfaces_srv__rosidl_typesupport_c.dir/rosidl_typesupport_c/unitree_nav_interfaces/srv/nav_to_pose__type_support.cpp.o\x1b[0m\n'}
[21.663391] (-) TimerEvent: {}
[21.764022] (-) TimerEvent: {}
[21.778389] (unitree_nav_interfaces) StdoutLine: {'line': b'[ 46%] \x1b[32mBuilding CXX object CMakeFiles/unitree_nav_interfaces_srv__rosidl_typesupport_c.dir/rosidl_typesupport_c/unitree_nav_interfaces/srv/set_gait__type_support.cpp.o\x1b[0m\n'}
[21.866391] (-) TimerEvent: {}
[21.911390] (unitree_nav_interfaces) StdoutLine: {'line': b'[ 48%] \x1b[32mBuilding C object CMakeFiles/unitree_nav_interfaces_srv__rosidl_typesupport_introspection_c.dir/rosidl_typesupport_introspection_c/unitree_nav_interfaces/srv/detail/set_gait__type_support.c.o\x1b[0m\n'}
[21.968381] (-) TimerEvent: {}
[22.074398] (-) TimerEvent: {}
[22.111539] (unitree_nav_interfaces) StdoutLine: {'line': b'[ 51%] \x1b[1m\x1b[32mLinking CXX shared library libunitree_nav_interfaces__rosidl_typesupport_c.so\x1b[0m\n'}
[22.174545] (-) TimerEvent: {}
[22.236393] (unitree_nav_interfaces) StdoutLine: {'line': b'[ 53%] \x1b[1m\x1b[32mLinking C shared library libunitree_nav_interfaces__rosidl_typesupport_introspection_c.so\x1b[0m\n'}
[22.273895] (unitree_nav_interfaces) StdoutLine: {'line': b'[ 55%] \x1b[32mBuilding CXX object CMakeFiles/unitree_nav_interfaces_srv__rosidl_typesupport_fastrtps_c.dir/rosidl_typesupport_fastrtps_c/unitree_nav_interfaces/srv/detail/set_body_rpy__type_support_c.cpp.o\x1b[0m\n'}
[22.275559] (-) TimerEvent: {}
[22.359523] (unitree_nav_interfaces) StdoutLine: {'line': b'[ 57%] \x1b[32mBuilding CXX object CMakeFiles/unitree_nav_interfaces_srv__rosidl_typesupport_fastrtps_cpp.dir/rosidl_typesupport_fastrtps_cpp/unitree_nav_interfaces/srv/detail/dds_fastrtps/nav_to_pose__type_support.cpp.o\x1b[0m\n'}
[22.379420] (-) TimerEvent: {}
[22.480217] (-) TimerEvent: {}
[22.564391] (unitree_nav_interfaces) StdoutLine: {'line': b'[ 57%] Built target unitree_nav_interfaces_srv__rosidl_typesupport_introspection_c\n'}
[22.580387] (-) TimerEvent: {}
[22.608252] (unitree_nav_interfaces) StdoutLine: {'line': b'[ 59%] \x1b[32mBuilding CXX object CMakeFiles/unitree_nav_interfaces_srv__rosidl_typesupport_introspection_cpp.dir/rosidl_typesupport_introspection_cpp/unitree_nav_interfaces/srv/detail/nav_to_pose__type_support.cpp.o\x1b[0m\n'}
[22.613692] (unitree_nav_interfaces) StdoutLine: {'line': b'[ 59%] Built target unitree_nav_interfaces_srv__rosidl_typesupport_c\n'}
[22.682608] (-) TimerEvent: {}
[22.693502] (unitree_nav_interfaces) StdoutLine: {'line': b'[ 61%] \x1b[32mBuilding CXX object CMakeFiles/unitree_nav_interfaces_srv__rosidl_typesupport_introspection_cpp.dir/rosidl_typesupport_introspection_cpp/unitree_nav_interfaces/srv/detail/set_gait__type_support.cpp.o\x1b[0m\n'}
[22.783411] (-) TimerEvent: {}
[22.848076] (rslidar_msg) StdoutLine: {'line': b'[ 64%] \x1b[1m\x1b[32mLinking CXX shared library librslidar_msg__rosidl_typesupport_introspection_cpp.so\x1b[0m\n'}
[22.887401] (-) TimerEvent: {}
[22.988057] (-) TimerEvent: {}
[23.034341] (unitree_nav_interfaces) StdoutLine: {'line': b'[ 63%] \x1b[32mBuilding CXX object CMakeFiles/unitree_nav_interfaces_srv__rosidl_typesupport_fastrtps_c.dir/rosidl_typesupport_fastrtps_c/unitree_nav_interfaces/srv/detail/nav_to_pose__type_support_c.cpp.o\x1b[0m\n'}
[23.088403] (rslidar_msg) StdoutLine: {'line': b'[ 67%] \x1b[1m\x1b[32mLinking CXX shared library librslidar_msg__rosidl_typesupport_fastrtps_c.so\x1b[0m\n'}
[23.088921] (-) TimerEvent: {}
[23.189485] (-) TimerEvent: {}
[23.257328] (unitree_nav_interfaces) StdoutLine: {'line': b'[ 65%] \x1b[1m\x1b[32mLinking CXX shared library libunitree_nav_interfaces__rosidl_typesupport_cpp.so\x1b[0m\n'}
[23.290735] (-) TimerEvent: {}
[23.363377] (rslidar_msg) StdoutLine: {'line': b'[ 67%] Built target rslidar_msg__rosidl_typesupport_introspection_cpp\n'}
[23.390882] (-) TimerEvent: {}
[23.429513] (rslidar_msg) StdoutLine: {'line': b'[ 70%] \x1b[1m\x1b[32mLinking CXX shared library librslidar_msg__rosidl_typesupport_fastrtps_cpp.so\x1b[0m\n'}
[23.492391] (-) TimerEvent: {}
[23.593022] (-) TimerEvent: {}
[23.604730] (unitree_nav_interfaces) StdoutLine: {'line': b'[ 65%] Built target unitree_nav_interfaces_srv__rosidl_typesupport_cpp\n'}
[23.650431] (unitree_nav_interfaces) StdoutLine: {'line': b'[ 68%] \x1b[32mBuilding CXX object CMakeFiles/unitree_nav_interfaces_srv__rosidl_typesupport_fastrtps_cpp.dir/rosidl_typesupport_fastrtps_cpp/unitree_nav_interfaces/srv/detail/dds_fastrtps/set_gait__type_support.cpp.o\x1b[0m\n'}
[23.696398] (-) TimerEvent: {}
[23.785100] (rslidar_msg) StdoutLine: {'line': b'[ 70%] Built target rslidar_msg__rosidl_typesupport_fastrtps_c\n'}
[23.796557] (-) TimerEvent: {}
[23.899326] (-) TimerEvent: {}
[24.004613] (-) TimerEvent: {}
[24.107403] (-) TimerEvent: {}
[24.208032] (-) TimerEvent: {}
[24.308638] (-) TimerEvent: {}
[24.363191] (rslidar_msg) StdoutLine: {'line': b'[ 70%] Built target rslidar_msg__rosidl_typesupport_fastrtps_cpp\n'}
[24.375820] (unitree_nav_interfaces) StdoutLine: {'line': b'[ 70%] \x1b[32mBuilding CXX object CMakeFiles/unitree_nav_interfaces_srv__rosidl_typesupport_fastrtps_c.dir/rosidl_typesupport_fastrtps_c/unitree_nav_interfaces/srv/detail/set_gait__type_support_c.cpp.o\x1b[0m\n'}
[24.408790] (-) TimerEvent: {}
[24.503388] (rslidar_msg) StdoutLine: {'line': b'[ 70%] Built target rslidar_msg\n'}
[24.510386] (-) TimerEvent: {}
[24.611299] (-) TimerEvent: {}
[24.624401] (rslidar_msg) StdoutLine: {'line': b'[ 74%] \x1b[1m\x1b[34mGenerating Python code for ROS interfaces\x1b[0m\n'}
[24.711396] (-) TimerEvent: {}
[24.812243] (-) TimerEvent: {}
[24.913482] (-) TimerEvent: {}
[25.016255] (-) TimerEvent: {}
[25.119374] (-) TimerEvent: {}
[25.226438] (-) TimerEvent: {}
[25.331382] (-) TimerEvent: {}
[25.432252] (-) TimerEvent: {}
[25.535718] (-) TimerEvent: {}
[25.641386] (-) TimerEvent: {}
[25.742179] (-) TimerEvent: {}
[25.843059] (-) TimerEvent: {}
[25.943856] (-) TimerEvent: {}
[26.044522] (-) TimerEvent: {}
[26.145286] (-) TimerEvent: {}
[26.247464] (-) TimerEvent: {}
[26.352382] (-) TimerEvent: {}
[26.452991] (-) TimerEvent: {}
[26.555798] (-) TimerEvent: {}
[26.658311] (-) TimerEvent: {}
[26.668444] (unitree_nav_interfaces) StdoutLine: {'line': b'[ 72%] \x1b[1m\x1b[32mLinking CXX shared library libunitree_nav_interfaces__rosidl_typesupport_introspection_cpp.so\x1b[0m\n'}
[26.758438] (-) TimerEvent: {}
[26.859107] (-) TimerEvent: {}
[26.960377] (-) TimerEvent: {}
[27.059727] (unitree_nav_interfaces) StdoutLine: {'line': b'[ 72%] Built target unitree_nav_interfaces_srv__rosidl_typesupport_introspection_cpp\n'}
[27.060479] (-) TimerEvent: {}
[27.161146] (-) TimerEvent: {}
[27.265689] (-) TimerEvent: {}
[27.277388] (unitree_nav_interfaces) StdoutLine: {'line': b'[ 74%] \x1b[1m\x1b[32mLinking CXX shared library libunitree_nav_interfaces__rosidl_typesupport_fastrtps_c.so\x1b[0m\n'}
[27.306433] (unitree_nav_interfaces) StdoutLine: {'line': b'[ 76%] \x1b[1m\x1b[32mLinking CXX shared library libunitree_nav_interfaces__rosidl_typesupport_fastrtps_cpp.so\x1b[0m\n'}
[27.365845] (-) TimerEvent: {}
[27.411405] (rslidar_msg) StdoutLine: {'line': b'[ 74%] Built target rslidar_msg__py\n'}
[27.466001] (-) TimerEvent: {}
[27.475293] (rslidar_msg) StdoutLine: {'line': b'[ 77%] \x1b[32mBuilding C object CMakeFiles/rslidar_msg__rosidl_generator_py.dir/rosidl_generator_py/rslidar_msg/msg/_rslidar_packet_s.c.o\x1b[0m\n'}
[27.566162] (-) TimerEvent: {}
[27.669130] (-) TimerEvent: {}
[27.776388] (-) TimerEvent: {}
[27.859421] (ros2_unitree_legged_msgs) StdoutLine: {'line': b'[ 18%] \x1b[32mBuilding CXX object CMakeFiles/ros2_unitree_legged_msgs__rosidl_typesupport_cpp.dir/rosidl_typesupport_cpp/ros2_unitree_legged_msgs/msg/motor_cmd__type_support.cpp.o\x1b[0m\n'}
[27.875800] (ros2_unitree_legged_msgs) StdoutLine: {'line': b'[ 19%] \x1b[32mBuilding CXX object CMakeFiles/ros2_unitree_legged_msgs__rosidl_typesupport_cpp.dir/rosidl_typesupport_cpp/ros2_unitree_legged_msgs/msg/motor_state__type_support.cpp.o\x1b[0m\n'}
[27.876492] (-) TimerEvent: {}
[27.890004] (ros2_unitree_legged_msgs) StdoutLine: {'line': b'[ 20%] \x1b[32mBuilding CXX object CMakeFiles/ros2_unitree_legged_msgs__rosidl_typesupport_cpp.dir/rosidl_typesupport_cpp/ros2_unitree_legged_msgs/msg/bms_cmd__type_support.cpp.o\x1b[0m\n'}
[27.986382] (-) TimerEvent: {}
[28.096376] (-) TimerEvent: {}
[28.164912] (unitree_nav_interfaces) StdoutLine: {'line': b'[ 76%] Built target unitree_nav_interfaces_srv__rosidl_typesupport_fastrtps_c\n'}
[28.196532] (-) TimerEvent: {}
[28.213089] (unitree_nav_interfaces) StdoutLine: {'line': b'[ 76%] Built target unitree_nav_interfaces_srv__rosidl_typesupport_fastrtps_cpp\n'}
[28.299449] (-) TimerEvent: {}
[28.346305] (unitree_nav_interfaces) StdoutLine: {'line': b'[ 76%] Built target unitree_nav_interfaces_srv\n'}
[28.350145] (ros2_unitree_legged_msgs) StdoutLine: {'line': b'[ 21%] \x1b[32mBuilding CXX object CMakeFiles/ros2_unitree_legged_msgs__rosidl_typesupport_c.dir/rosidl_typesupport_c/ros2_unitree_legged_msgs/msg/motor_cmd__type_support.cpp.o\x1b[0m\n'}
[28.401649] (-) TimerEvent: {}
[28.440465] (unitree_nav_interfaces) StdoutLine: {'line': b'[ 78%] \x1b[1m\x1b[34mGenerating Python code for ROS interfaces\x1b[0m\n'}
[28.502388] (-) TimerEvent: {}
[28.603016] (-) TimerEvent: {}
[28.607760] (ros2_unitree_legged_msgs) StdoutLine: {'line': b'[ 22%] \x1b[32mBuilding CXX object CMakeFiles/ros2_unitree_legged_msgs__rosidl_typesupport_c.dir/rosidl_typesupport_c/ros2_unitree_legged_msgs/msg/motor_state__type_support.cpp.o\x1b[0m\n'}
[28.703222] (-) TimerEvent: {}
[28.794527] (ros2_unitree_legged_msgs) StdoutLine: {'line': b'[ 23%] \x1b[32mBuilding CXX object CMakeFiles/ros2_unitree_legged_msgs__rosidl_typesupport_introspection_cpp.dir/rosidl_typesupport_introspection_cpp/ros2_unitree_legged_msgs/msg/detail/motor_cmd__type_support.cpp.o\x1b[0m\n'}
[28.803385] (-) TimerEvent: {}
[28.808683] (ros2_unitree_legged_msgs) StdoutLine: {'line': b'[ 23%] \x1b[32mBuilding CXX object CMakeFiles/ros2_unitree_legged_msgs__rosidl_typesupport_c.dir/rosidl_typesupport_c/ros2_unitree_legged_msgs/msg/bms_cmd__type_support.cpp.o\x1b[0m\n'}
[28.904142] (-) TimerEvent: {}
[28.997540] (ros2_unitree_legged_msgs) StdoutLine: {'line': b'[ 24%] \x1b[32mBuilding CXX object CMakeFiles/ros2_unitree_legged_msgs__rosidl_typesupport_c.dir/rosidl_typesupport_c/ros2_unitree_legged_msgs/msg/bms_state__type_support.cpp.o\x1b[0m\n'}
[29.004306] (-) TimerEvent: {}
[29.106631] (-) TimerEvent: {}
[29.115495] (rslidar_msg) StdoutLine: {'line': b'[ 80%] \x1b[1m\x1b[32mLinking C shared library rosidl_generator_py/rslidar_msg/librslidar_msg__rosidl_generator_py.so\x1b[0m\n'}
[29.200517] (ros2_unitree_legged_msgs) StdoutLine: {'line': b'[ 25%] \x1b[32mBuilding CXX object CMakeFiles/ros2_unitree_legged_msgs__rosidl_typesupport_c.dir/rosidl_typesupport_c/ros2_unitree_legged_msgs/msg/cartesian__type_support.cpp.o\x1b[0m\n'}
[29.206790] (-) TimerEvent: {}
[29.299385] (ros2_unitree_legged_msgs) StdoutLine: {'line': b'[ 26%] \x1b[32mBuilding CXX object CMakeFiles/ros2_unitree_legged_msgs__rosidl_typesupport_cpp.dir/rosidl_typesupport_cpp/ros2_unitree_legged_msgs/msg/bms_state__type_support.cpp.o\x1b[0m\n'}
[29.309398] (-) TimerEvent: {}
[29.379656] (ros2_unitree_legged_msgs) StdoutLine: {'line': b'[ 27%] \x1b[32mBuilding CXX object CMakeFiles/ros2_unitree_legged_msgs__rosidl_typesupport_c.dir/rosidl_typesupport_c/ros2_unitree_legged_msgs/msg/imu__type_support.cpp.o\x1b[0m\n'}
[29.409554] (-) TimerEvent: {}
[29.477334] (rslidar_msg) StdoutLine: {'line': b'[ 80%] Built target rslidar_msg__rosidl_generator_py\n'}
[29.509709] (-) TimerEvent: {}
[29.541349] (ros2_unitree_legged_msgs) StdoutLine: {'line': b'[ 28%] \x1b[32mBuilding CXX object CMakeFiles/ros2_unitree_legged_msgs__rosidl_typesupport_c.dir/rosidl_typesupport_c/ros2_unitree_legged_msgs/msg/led__type_support.cpp.o\x1b[0m\n'}
[29.600370] (rslidar_msg) StdoutLine: {'line': b'[ 83%] \x1b[32mBuilding C object CMakeFiles/rslidar_msg__rosidl_typesupport_c__pyext.dir/rosidl_generator_py/rslidar_msg/_rslidar_msg_s.ep.rosidl_typesupport_c.c.o\x1b[0m\n'}
[29.600899] (rslidar_msg) StdoutLine: {'line': b'[ 87%] \x1b[32mBuilding C object CMakeFiles/rslidar_msg__rosidl_typesupport_introspection_c__pyext.dir/rosidl_generator_py/rslidar_msg/_rslidar_msg_s.ep.rosidl_typesupport_introspection_c.c.o\x1b[0m\n'}
[29.601239] (rslidar_msg) StdoutLine: {'line': b'[ 90%] \x1b[32mBuilding C object CMakeFiles/rslidar_msg__rosidl_typesupport_fastrtps_c__pyext.dir/rosidl_generator_py/rslidar_msg/_rslidar_msg_s.ep.rosidl_typesupport_fastrtps_c.c.o\x1b[0m\n'}
[29.612397] (-) TimerEvent: {}
[29.623690] (ros2_unitree_legged_msgs) StdoutLine: {'line': b'[ 29%] \x1b[32mBuilding CXX object CMakeFiles/ros2_unitree_legged_msgs__rosidl_typesupport_c.dir/rosidl_typesupport_c/ros2_unitree_legged_msgs/msg/low_cmd__type_support.cpp.o\x1b[0m\n'}
[29.652714] (ros2_unitree_legged_msgs) StdoutLine: {'line': b'[ 29%] \x1b[32mBuilding CXX object CMakeFiles/ros2_unitree_legged_msgs__rosidl_typesupport_introspection_cpp.dir/rosidl_typesupport_introspection_cpp/ros2_unitree_legged_msgs/msg/detail/motor_state__type_support.cpp.o\x1b[0m\n'}
[29.680396] (ros2_unitree_legged_msgs) StdoutLine: {'line': b'[ 30%] \x1b[32mBuilding C object CMakeFiles/ros2_unitree_legged_msgs__rosidl_typesupport_introspection_c.dir/rosidl_typesupport_introspection_c/ros2_unitree_legged_msgs/msg/detail/motor_cmd__type_support.c.o\x1b[0m\n'}
[29.716383] (-) TimerEvent: {}
[29.797463] (ros2_unitree_legged_msgs) StdoutLine: {'line': b'[ 31%] \x1b[32mBuilding CXX object CMakeFiles/ros2_unitree_legged_msgs__rosidl_typesupport_c.dir/rosidl_typesupport_c/ros2_unitree_legged_msgs/msg/low_state__type_support.cpp.o\x1b[0m\n'}
[29.816534] (-) TimerEvent: {}
[29.853087] (ros2_unitree_legged_msgs) StdoutLine: {'line': b'[ 32%] \x1b[32mBuilding CXX object CMakeFiles/ros2_unitree_legged_msgs__rosidl_typesupport_introspection_cpp.dir/rosidl_typesupport_introspection_cpp/ros2_unitree_legged_msgs/msg/detail/bms_cmd__type_support.cpp.o\x1b[0m\n'}
[29.920388] (-) TimerEvent: {}
[29.943429] (ros2_unitree_legged_msgs) StdoutLine: {'line': b'[ 33%] \x1b[32mBuilding C object CMakeFiles/ros2_unitree_legged_msgs__rosidl_typesupport_introspection_c.dir/rosidl_typesupport_introspection_c/ros2_unitree_legged_msgs/msg/detail/motor_state__type_support.c.o\x1b[0m\n'}
[30.020544] (-) TimerEvent: {}
[30.043005] (ros2_unitree_legged_msgs) StdoutLine: {'line': b'[ 34%] \x1b[32mBuilding CXX object CMakeFiles/ros2_unitree_legged_msgs__rosidl_typesupport_c.dir/rosidl_typesupport_c/ros2_unitree_legged_msgs/msg/high_cmd__type_support.cpp.o\x1b[0m\n'}
[30.119756] (ros2_unitree_legged_msgs) StdoutLine: {'line': b'[ 35%] \x1b[32mBuilding C object CMakeFiles/ros2_unitree_legged_msgs__rosidl_typesupport_introspection_c.dir/rosidl_typesupport_introspection_c/ros2_unitree_legged_msgs/msg/detail/bms_cmd__type_support.c.o\x1b[0m\n'}
[30.120658] (-) TimerEvent: {}
[30.204871] (ros2_unitree_legged_msgs) StdoutLine: {'line': b'[ 36%] \x1b[32mBuilding CXX object CMakeFiles/ros2_unitree_legged_msgs__rosidl_typesupport_c.dir/rosidl_typesupport_c/ros2_unitree_legged_msgs/msg/high_state__type_support.cpp.o\x1b[0m\n'}
[30.221844] (-) TimerEvent: {}
[30.325431] (-) TimerEvent: {}
[30.336613] (ros2_unitree_legged_msgs) StdoutLine: {'line': b'[ 37%] \x1b[32mBuilding C object CMakeFiles/ros2_unitree_legged_msgs__rosidl_typesupport_introspection_c.dir/rosidl_typesupport_introspection_c/ros2_unitree_legged_msgs/msg/detail/bms_state__type_support.c.o\x1b[0m\n'}
[30.415115] (ros2_unitree_legged_msgs) StdoutLine: {'line': b'[ 38%] \x1b[1m\x1b[32mLinking CXX shared library libros2_unitree_legged_msgs__rosidl_typesupport_c.so\x1b[0m\n'}
[30.428485] (-) TimerEvent: {}
[30.496843] (rslidar_msg) StdoutLine: {'line': b'[ 93%] \x1b[1m\x1b[32mLinking C shared library rosidl_generator_py/rslidar_msg/rslidar_msg_s__rosidl_typesupport_fastrtps_c.cpython-310-x86_64-linux-gnu.so\x1b[0m\n'}
[30.528609] (-) TimerEvent: {}
[30.562501] (rslidar_msg) StdoutLine: {'line': b'[ 96%] \x1b[1m\x1b[32mLinking C shared library rosidl_generator_py/rslidar_msg/rslidar_msg_s__rosidl_typesupport_c.cpython-310-x86_64-linux-gnu.so\x1b[0m\n'}
[30.577119] (ros2_unitree_legged_msgs) StdoutLine: {'line': b'[ 39%] \x1b[32mBuilding C object CMakeFiles/ros2_unitree_legged_msgs__rosidl_typesupport_introspection_c.dir/rosidl_typesupport_introspection_c/ros2_unitree_legged_msgs/msg/detail/cartesian__type_support.c.o\x1b[0m\n'}
[30.591877] (rslidar_msg) StdoutLine: {'line': b'[100%] \x1b[1m\x1b[32mLinking C shared library rosidl_generator_py/rslidar_msg/rslidar_msg_s__rosidl_typesupport_introspection_c.cpython-310-x86_64-linux-gnu.so\x1b[0m\n'}
[30.628765] (-) TimerEvent: {}
[30.670124] (ros2_unitree_legged_msgs) StdoutLine: {'line': b'[ 39%] Built target ros2_unitree_legged_msgs__rosidl_typesupport_c\n'}
[30.716576] (ros2_unitree_legged_msgs) StdoutLine: {'line': b'[ 40%] \x1b[32mBuilding CXX object CMakeFiles/ros2_unitree_legged_msgs__rosidl_typesupport_cpp.dir/rosidl_typesupport_cpp/ros2_unitree_legged_msgs/msg/cartesian__type_support.cpp.o\x1b[0m\n'}
[30.729640] (-) TimerEvent: {}
[30.764051] (rslidar_msg) StdoutLine: {'line': b'[100%] Built target rslidar_msg__rosidl_typesupport_fastrtps_c__pyext\n'}
[30.786140] (ros2_unitree_legged_msgs) StdoutLine: {'line': b'[ 41%] \x1b[32mBuilding C object CMakeFiles/ros2_unitree_legged_msgs__rosidl_typesupport_introspection_c.dir/rosidl_typesupport_introspection_c/ros2_unitree_legged_msgs/msg/detail/imu__type_support.c.o\x1b[0m\n'}
[30.799875] (ros2_unitree_legged_msgs) StdoutLine: {'line': b'[ 42%] \x1b[32mBuilding CXX object CMakeFiles/ros2_unitree_legged_msgs__rosidl_typesupport_introspection_cpp.dir/rosidl_typesupport_introspection_cpp/ros2_unitree_legged_msgs/msg/detail/bms_state__type_support.cpp.o\x1b[0m\n'}
[30.802846] (ros2_unitree_legged_msgs) StdoutLine: {'line': b'[ 43%] \x1b[32mBuilding CXX object CMakeFiles/ros2_unitree_legged_msgs__rosidl_typesupport_fastrtps_cpp.dir/rosidl_typesupport_fastrtps_cpp/ros2_unitree_legged_msgs/msg/detail/dds_fastrtps/motor_cmd__type_support.cpp.o\x1b[0m\n'}
[30.830897] (-) TimerEvent: {}
[30.841720] (rslidar_msg) StdoutLine: {'line': b'[100%] Built target rslidar_msg__rosidl_typesupport_c__pyext\n'}
[30.907581] (rslidar_msg) StdoutLine: {'line': b'[100%] Built target rslidar_msg__rosidl_typesupport_introspection_c__pyext\n'}
[30.931056] (-) TimerEvent: {}
[30.980560] (rslidar_msg) CommandEnded: {'returncode': 0}
[30.981620] (rslidar_msg) JobProgress: {'identifier': 'rslidar_msg', 'progress': 'install'}
[30.995688] (ros2_unitree_legged_msgs) StdoutLine: {'line': b'[ 43%] \x1b[32mBuilding C object CMakeFiles/ros2_unitree_legged_msgs__rosidl_typesupport_introspection_c.dir/rosidl_typesupport_introspection_c/ros2_unitree_legged_msgs/msg/detail/led__type_support.c.o\x1b[0m\n'}
[31.031217] (-) TimerEvent: {}
[31.131857] (-) TimerEvent: {}
[31.201390] (ros2_unitree_legged_msgs) StdoutLine: {'line': b'[ 44%] \x1b[32mBuilding CXX object CMakeFiles/ros2_unitree_legged_msgs__rosidl_typesupport_fastrtps_c.dir/rosidl_typesupport_fastrtps_c/ros2_unitree_legged_msgs/msg/detail/motor_cmd__type_support_c.cpp.o\x1b[0m\n'}
[31.232018] (-) TimerEvent: {}
[31.252404] (ros2_unitree_legged_msgs) StdoutLine: {'line': b'[ 45%] \x1b[32mBuilding CXX object CMakeFiles/ros2_unitree_legged_msgs__rosidl_typesupport_fastrtps_c.dir/rosidl_typesupport_fastrtps_c/ros2_unitree_legged_msgs/msg/detail/motor_state__type_support_c.cpp.o\x1b[0m\n'}
[31.309012] (ros2_unitree_legged_msgs) StdoutLine: {'line': b'[ 46%] \x1b[32mBuilding C object CMakeFiles/ros2_unitree_legged_msgs__rosidl_typesupport_introspection_c.dir/rosidl_typesupport_introspection_c/ros2_unitree_legged_msgs/msg/detail/low_cmd__type_support.c.o\x1b[0m\n'}
[31.334396] (-) TimerEvent: {}
[31.435936] (-) TimerEvent: {}
[31.519943] (rslidar_msg) Command: {'cmd': ['/usr/local/bin/cmake', '--install', '/home/admin/bench/lab/STAGING_helios16p_kiss_legged_bench_cyclone_container_files/helios16p_ws/build/rslidar_msg'], 'cwd': '/home/admin/bench/lab/STAGING_helios16p_kiss_legged_bench_cyclone_container_files/helios16p_ws/build/rslidar_msg', 'env': OrderedDict([('HOSTNAME', 'phs'), ('SHLVL', '1'), ('LD_LIBRARY_PATH', '/home/admin/bench/lab/go1_control/install/unitree_nav_interfaces/lib:/home/admin/bench/lab/go1_control/install/ros2_unitree_legged_msgs/lib:/home/admin/bench/lab/helios16p_ws/install/vicon_receiver/lib:/home/admin/bench/lab/helios16p_ws/install/rslidar_msg/lib:/home/admin/bench/lab/helios16p_ws/install/kiss_icp/lib:/opt/ros/humble/opt/rviz_ogre_vendor/lib:/opt/ros/humble/lib/x86_64-linux-gnu:/opt/ros/humble/lib'), ('HOME', '/home/admin'), ('CYCLONEDDS_URI', '/cyclonedds_config.xml'), ('OLDPWD', '/home/admin/bench/lab/STAGING_helios16p_kiss_legged_bench_cyclone_container_files'), ('ROS_PYTHON_VERSION', '3'), ('COLCON_PREFIX_PATH', '/home/admin/bench/lab/go1_control/install:/home/admin/bench/lab/helios16p_ws/install'), ('ROS_DISTRO', 'humble'), ('_', '/usr/bin/colcon'), ('ROS_VERSION', '2'), ('TERM', 'xterm'), ('ROS_LOCALHOST_ONLY', '0'), ('PATH', '/opt/ros/humble/bin:/usr/local/sbin:/usr/local/bin:/usr/sbin:/usr/bin:/sbin:/bin'), ('DISPLAY', ':0'), ('LANG', 'C.UTF-8'), ('RMW_IMPLEMENTATION', 'rmw_cyclonedds_cpp'), ('LS_COLORS', 'rs=0:di=01;34:ln=01;36:mh=00:pi=40;33:so=01;35:do=01;35:bd=40;33;01:cd=40;33;01:or=40;31;01:mi=00:su=37;41:sg=30;43:ca=30;41:tw=30;42:ow=34;42:st=37;44:ex=01;32:*.tar=01;31:*.tgz=01;31:*.arc=01;31:*.arj=01;31:*.taz=01;31:*.lha=01;31:*.lz4=01;31:*.lzh=01;31:*.lzma=01;31:*.tlz=01;31:*.txz=01;31:*.tzo=01;31:*.t7z=01;31:*.zip=01;31:*.z=01;31:*.dz=01;31:*.gz=01;31:*.lrz=01;31:*.lz=01;31:*.lzo=01;31:*.xz=01;31:*.zst=01;31:*.tzst=01;31:*.bz2=01;31:*.bz=01;31:*.tbz=01;31:*.tbz2=01;31:*.tz=01;31:*.deb=01;31:*.rpm=01;31:*.jar=01;31:*.war=01;31:*.ear=01;31:*.sar=01;31:*.rar=01;31:*.alz=01;31:*.ace=01;31:*.zoo=01;31:*.cpio=01;31:*.7z=01;31:*.rz=01;31:*.cab=01;31:*.wim=01;31:*.swm=01;31:*.dwm=01;31:*.esd=01;31:*.jpg=01;35:*.jpeg=01;35:*.mjpg=01;35:*.mjpeg=01;35:*.gif=01;35:*.bmp=01;35:*.pbm=01;35:*.pgm=01;35:*.ppm=01;35:*.tga=01;35:*.xbm=01;35:*.xpm=01;35:*.tif=01;35:*.tiff=01;35:*.png=01;35:*.svg=01;35:*.svgz=01;35:*.mng=01;35:*.pcx=01;35:*.mov=01;35:*.mpg=01;35:*.mpeg=01;35:*.m2v=01;35:*.mkv=01;35:*.webm=01;35:*.webp=01;35:*.ogm=01;35:*.mp4=01;35:*.m4v=01;35:*.mp4v=01;35:*.vob=01;35:*.qt=01;35:*.nuv=01;35:*.wmv=01;35:*.asf=01;35:*.rm=01;35:*.rmvb=01;35:*.flc=01;35:*.avi=01;35:*.fli=01;35:*.flv=01;35:*.gl=01;35:*.dl=01;35:*.xcf=01;35:*.xwd=01;35:*.yuv=01;35:*.cgm=01;35:*.emf=01;35:*.ogv=01;35:*.ogx=01;35:*.aac=00;36:*.au=00;36:*.flac=00;36:*.m4a=00;36:*.mid=00;36:*.midi=00;36:*.mka=00;36:*.mp3=00;36:*.mpc=00;36:*.ogg=00;36:*.ra=00;36:*.wav=00;36:*.oga=00;36:*.opus=00;36:*.spx=00;36:*.xspf=00;36:'), ('ROS_DOMAIN_ID', '7'), ('AMENT_PREFIX_PATH', '/home/admin/bench/lab/go1_control/install/unitree_nav:/home/admin/bench/lab/go1_control/install/unitree_nav_interfaces:/home/admin/bench/lab/go1_control/install/ros2_unitree_legged_msgs:/home/admin/bench/lab/helios16p_ws/install/vicon_receiver:/home/admin/bench/lab/helios16p_ws/install/rslidar_sdk:/home/admin/bench/lab/helios16p_ws/install/rslidar_msg:/home/admin/bench/lab/helios16p_ws/install/kiss_icp:/home/admin/bench/lab/helios16p_ws/install/helios16p_cane_robot:/home/admin/bench/lab/helios16p_ws/install/go1_description:/opt/ros/humble'), ('DEBIAN_FRONTEND', 'noninteractive'), ('CMAKE_POLICY_VERSION_MINIMUM', '3.5'), ('PWD', '/home/admin/bench/lab/STAGING_helios16p_kiss_legged_bench_cyclone_container_files/helios16p_ws/build/rslidar_msg'), ('LC_ALL', 'C.UTF-8'), ('PYTHONPATH', '/home/admin/bench/lab/go1_control/install/unitree_nav_interfaces/local/lib/python3.10/dist-packages:/home/admin/bench/lab/go1_control/install/ros2_unitree_legged_msgs/local/lib/python3.10/dist-packages:/home/admin/bench/lab/helios16p_ws/install/rslidar_msg/local/lib/python3.10/dist-packages:/home/admin/bench/lab/helios16p_ws/install/helios16p_cane_robot/lib/python3.10/site-packages:/opt/ros/humble/lib/python3.10/site-packages:/opt/ros/humble/local/lib/python3.10/dist-packages'), ('COLCON', '1'), ('CMAKE_PREFIX_PATH', '/home/admin/bench/lab/go1_control/install/unitree_nav:/home/admin/bench/lab/go1_control/install/unitree_nav_interfaces:/home/admin/bench/lab/go1_control/install/ros2_unitree_legged_msgs:/home/admin/bench/lab/helios16p_ws/install/vicon_receiver:/home/admin/bench/lab/helios16p_ws/install/rslidar_sdk:/home/admin/bench/lab/helios16p_ws/install/rslidar_msg:/home/admin/bench/lab/helios16p_ws/install/kiss_icp:/home/admin/bench/lab/helios16p_ws/install/go1_description:/home/admin/bench/lab/helios16p_ws/install/helios16p_cane_robot:/opt/ros/humble')]), 'shell': False}
[31.538389] (-) TimerEvent: {}
[31.615509] (ros2_unitree_legged_msgs) StdoutLine: {'line': b'[ 47%] \x1b[32mBuilding C object CMakeFiles/ros2_unitree_legged_msgs__rosidl_typesupport_introspection_c.dir/rosidl_typesupport_introspection_c/ros2_unitree_legged_msgs/msg/detail/low_state__type_support.c.o\x1b[0m\n'}
[31.638550] (-) TimerEvent: {}
[31.742396] (-) TimerEvent: {}
[31.846392] (-) TimerEvent: {}
[31.925003] (ros2_unitree_legged_msgs) StdoutLine: {'line': b'[ 48%] \x1b[32mBuilding C object CMakeFiles/ros2_unitree_legged_msgs__rosidl_typesupport_introspection_c.dir/rosidl_typesupport_introspection_c/ros2_unitree_legged_msgs/msg/detail/high_cmd__type_support.c.o\x1b[0m\n'}
[31.946545] (-) TimerEvent: {}
[32.047355] (-) TimerEvent: {}
[32.056031] (rslidar_msg) StdoutLine: {'line': b'-- Install configuration: ""\n'}
[32.065070] (rslidar_msg) StdoutLine: {'line': b'-- Installing: /home/admin/bench/lab/STAGING_helios16p_kiss_legged_bench_cyclone_container_files/helios16p_ws/install/rslidar_msg/share/ament_index/resource_index/rosidl_interfaces/rslidar_msg\n'}
[32.066740] (rslidar_msg) StdoutLine: {'line': b'-- Installing: /home/admin/bench/lab/STAGING_helios16p_kiss_legged_bench_cyclone_container_files/helios16p_ws/install/rslidar_msg/include/rslidar_msg/rslidar_msg\n'}
[32.071901] (rslidar_msg) StdoutLine: {'line': b'-- Installing: /home/admin/bench/lab/STAGING_helios16p_kiss_legged_bench_cyclone_container_files/helios16p_ws/install/rslidar_msg/include/rslidar_msg/rslidar_msg/msg\n'}
[32.076223] (rslidar_msg) StdoutLine: {'line': b'-- Installing: /home/admin/bench/lab/STAGING_helios16p_kiss_legged_bench_cyclone_container_files/helios16p_ws/install/rslidar_msg/include/rslidar_msg/rslidar_msg/msg/detail\n'}
[32.081757] (rslidar_msg) StdoutLine: {'line': b'-- Installing: /home/admin/bench/lab/STAGING_helios16p_kiss_legged_bench_cyclone_container_files/helios16p_ws/install/rslidar_msg/include/rslidar_msg/rslidar_msg/msg/detail/rslidar_packet__struct.h\n'}
[32.089314] (rslidar_msg) StdoutLine: {'line': b'-- Installing: /home/admin/bench/lab/STAGING_helios16p_kiss_legged_bench_cyclone_container_files/helios16p_ws/install/rslidar_msg/include/rslidar_msg/rslidar_msg/msg/detail/rslidar_packet__functions.h\n'}
[32.090002] (rslidar_msg) StdoutLine: {'line': b'-- Installing: /home/admin/bench/lab/STAGING_helios16p_kiss_legged_bench_cyclone_container_files/helios16p_ws/install/rslidar_msg/include/rslidar_msg/rslidar_msg/msg/detail/rslidar_packet__functions.c\n'}
[32.090320] (rslidar_msg) StdoutLine: {'line': b'-- Installing: /home/admin/bench/lab/STAGING_helios16p_kiss_legged_bench_cyclone_container_files/helios16p_ws/install/rslidar_msg/include/rslidar_msg/rslidar_msg/msg/detail/rslidar_packet__type_support.h\n'}
[32.101479] (rslidar_msg) StdoutLine: {'line': b'-- Installing: /home/admin/bench/lab/STAGING_helios16p_kiss_legged_bench_cyclone_container_files/helios16p_ws/install/rslidar_msg/include/rslidar_msg/rslidar_msg/msg/rslidar_packet.h\n'}
[32.101963] (rslidar_msg) StdoutLine: {'line': b'-- Installing: /home/admin/bench/lab/STAGING_helios16p_kiss_legged_bench_cyclone_container_files/helios16p_ws/install/rslidar_msg/include/rslidar_msg/rslidar_msg/msg/rosidl_generator_c__visibility_control.h\n'}
[32.109435] (rslidar_msg) StdoutLine: {'line': b'-- Installing: /home/admin/bench/lab/STAGING_helios16p_kiss_legged_bench_cyclone_container_files/helios16p_ws/install/rslidar_msg/share/rslidar_msg/environment/library_path.sh\n'}
[32.109997] (rslidar_msg) StdoutLine: {'line': b'-- Installing: /home/admin/bench/lab/STAGING_helios16p_kiss_legged_bench_cyclone_container_files/helios16p_ws/install/rslidar_msg/share/rslidar_msg/environment/library_path.dsv\n'}
[32.118634] (rslidar_msg) StdoutLine: {'line': b'-- Installing: /home/admin/bench/lab/STAGING_helios16p_kiss_legged_bench_cyclone_container_files/helios16p_ws/install/rslidar_msg/lib/librslidar_msg__rosidl_generator_c.so\n'}
[32.127671] (rslidar_msg) StdoutLine: {'line': b'-- Set non-toolchain portion of runtime path of "/home/admin/bench/lab/STAGING_helios16p_kiss_legged_bench_cyclone_container_files/helios16p_ws/install/rslidar_msg/lib/librslidar_msg__rosidl_generator_c.so" to ""\n'}
[32.128044] (rslidar_msg) StdoutLine: {'line': b'-- Up-to-date: /home/admin/bench/lab/STAGING_helios16p_kiss_legged_bench_cyclone_container_files/helios16p_ws/install/rslidar_msg/include/rslidar_msg/rslidar_msg\n'}
[32.128393] (rslidar_msg) StdoutLine: {'line': b'-- Up-to-date: /home/admin/bench/lab/STAGING_helios16p_kiss_legged_bench_cyclone_container_files/helios16p_ws/install/rslidar_msg/include/rslidar_msg/rslidar_msg/msg\n'}
[32.128745] (rslidar_msg) StdoutLine: {'line': b'-- Up-to-date: /home/admin/bench/lab/STAGING_helios16p_kiss_legged_bench_cyclone_container_files/helios16p_ws/install/rslidar_msg/include/rslidar_msg/rslidar_msg/msg/detail\n'}
[32.129129] (rslidar_msg) StdoutLine: {'line': b'-- Installing: /home/admin/bench/lab/STAGING_helios16p_kiss_legged_bench_cyclone_container_files/helios16p_ws/install/rslidar_msg/include/rslidar_msg/rslidar_msg/msg/detail/rslidar_packet__rosidl_typesupport_fastrtps_c.h\n'}
[32.129504] (ros2_unitree_legged_msgs) StdoutLine: {'line': b'[ 49%] \x1b[32mBuilding C object CMakeFiles/ros2_unitree_legged_msgs__rosidl_typesupport_introspection_c.dir/rosidl_typesupport_introspection_c/ros2_unitree_legged_msgs/msg/detail/high_state__type_support.c.o\x1b[0m\n'}
[32.129890] (rslidar_msg) StdoutLine: {'line': b'-- Installing: /home/admin/bench/lab/STAGING_helios16p_kiss_legged_bench_cyclone_container_files/helios16p_ws/install/rslidar_msg/include/rslidar_msg/rslidar_msg/msg/rosidl_typesupport_fastrtps_c__visibility_control.h\n'}
[32.130203] (rslidar_msg) StdoutLine: {'line': b'-- Installing: /home/admin/bench/lab/STAGING_helios16p_kiss_legged_bench_cyclone_container_files/helios16p_ws/install/rslidar_msg/lib/librslidar_msg__rosidl_typesupport_fastrtps_c.so\n'}
[32.150807] (-) TimerEvent: {}
[32.151240] (rslidar_msg) StdoutLine: {'line': b'-- Set non-toolchain portion of runtime path of "/home/admin/bench/lab/STAGING_helios16p_kiss_legged_bench_cyclone_container_files/helios16p_ws/install/rslidar_msg/lib/librslidar_msg__rosidl_typesupport_fastrtps_c.so" to ""\n'}
[32.151796] (rslidar_msg) StdoutLine: {'line': b'-- Up-to-date: /home/admin/bench/lab/STAGING_helios16p_kiss_legged_bench_cyclone_container_files/helios16p_ws/install/rslidar_msg/include/rslidar_msg/rslidar_msg\n'}
[32.152074] (rslidar_msg) StdoutLine: {'line': b'-- Up-to-date: /home/admin/bench/lab/STAGING_helios16p_kiss_legged_bench_cyclone_container_files/helios16p_ws/install/rslidar_msg/include/rslidar_msg/rslidar_msg/msg\n'}
[32.152392] (rslidar_msg) StdoutLine: {'line': b'-- Up-to-date: /home/admin/bench/lab/STAGING_helios16p_kiss_legged_bench_cyclone_container_files/helios16p_ws/install/rslidar_msg/include/rslidar_msg/rslidar_msg/msg/detail\n'}
[32.152652] (rslidar_msg) StdoutLine: {'line': b'-- Installing: /home/admin/bench/lab/STAGING_helios16p_kiss_legged_bench_cyclone_container_files/helios16p_ws/install/rslidar_msg/include/rslidar_msg/rslidar_msg/msg/detail/rslidar_packet__struct.hpp\n'}
[32.152888] (rslidar_msg) StdoutLine: {'line': b'-- Installing: /home/admin/bench/lab/STAGING_helios16p_kiss_legged_bench_cyclone_container_files/helios16p_ws/install/rslidar_msg/include/rslidar_msg/rslidar_msg/msg/detail/rslidar_packet__type_support.hpp\n'}
[32.153124] (rslidar_msg) StdoutLine: {'line': b'-- Installing: /home/admin/bench/lab/STAGING_helios16p_kiss_legged_bench_cyclone_container_files/helios16p_ws/install/rslidar_msg/include/rslidar_msg/rslidar_msg/msg/detail/rslidar_packet__traits.hpp\n'}
[32.153396] (rslidar_msg) StdoutLine: {'line': b'-- Installing: /home/admin/bench/lab/STAGING_helios16p_kiss_legged_bench_cyclone_container_files/helios16p_ws/install/rslidar_msg/include/rslidar_msg/rslidar_msg/msg/detail/rslidar_packet__builder.hpp\n'}
[32.153646] (rslidar_msg) StdoutLine: {'line': b'-- Installing: /home/admin/bench/lab/STAGING_helios16p_kiss_legged_bench_cyclone_container_files/helios16p_ws/install/rslidar_msg/include/rslidar_msg/rslidar_msg/msg/rosidl_generator_cpp__visibility_control.hpp\n'}
[32.153875] (rslidar_msg) StdoutLine: {'line': b'-- Installing: /home/admin/bench/lab/STAGING_helios16p_kiss_legged_bench_cyclone_container_files/helios16p_ws/install/rslidar_msg/include/rslidar_msg/rslidar_msg/msg/rslidar_packet.hpp\n'}
[32.154156] (rslidar_msg) StdoutLine: {'line': b'-- Up-to-date: /home/admin/bench/lab/STAGING_helios16p_kiss_legged_bench_cyclone_container_files/helios16p_ws/install/rslidar_msg/include/rslidar_msg/rslidar_msg\n'}
[32.161659] (rslidar_msg) StdoutLine: {'line': b'-- Up-to-date: /home/admin/bench/lab/STAGING_helios16p_kiss_legged_bench_cyclone_container_files/helios16p_ws/install/rslidar_msg/include/rslidar_msg/rslidar_msg/msg\n'}
[32.161995] (rslidar_msg) StdoutLine: {'line': b'-- Up-to-date: /home/admin/bench/lab/STAGING_helios16p_kiss_legged_bench_cyclone_container_files/helios16p_ws/install/rslidar_msg/include/rslidar_msg/rslidar_msg/msg/detail\n'}
[32.162232] (rslidar_msg) StdoutLine: {'line': b'-- Installing: /home/admin/bench/lab/STAGING_helios16p_kiss_legged_bench_cyclone_container_files/helios16p_ws/install/rslidar_msg/include/rslidar_msg/rslidar_msg/msg/detail/rslidar_packet__rosidl_typesupport_fastrtps_cpp.hpp\n'}
[32.162516] (rslidar_msg) StdoutLine: {'line': b'-- Installing: /home/admin/bench/lab/STAGING_helios16p_kiss_legged_bench_cyclone_container_files/helios16p_ws/install/rslidar_msg/include/rslidar_msg/rslidar_msg/msg/detail/dds_fastrtps\n'}
[32.162758] (rslidar_msg) StdoutLine: {'line': b'-- Installing: /home/admin/bench/lab/STAGING_helios16p_kiss_legged_bench_cyclone_container_files/helios16p_ws/install/rslidar_msg/include/rslidar_msg/rslidar_msg/msg/rosidl_typesupport_fastrtps_cpp__visibility_control.h\n'}
[32.162989] (rslidar_msg) StdoutLine: {'line': b'-- Installing: /home/admin/bench/lab/STAGING_helios16p_kiss_legged_bench_cyclone_container_files/helios16p_ws/install/rslidar_msg/lib/librslidar_msg__rosidl_typesupport_fastrtps_cpp.so\n'}
[32.163218] (rslidar_msg) StdoutLine: {'line': b'-- Set non-toolchain portion of runtime path of "/home/admin/bench/lab/STAGING_helios16p_kiss_legged_bench_cyclone_container_files/helios16p_ws/install/rslidar_msg/lib/librslidar_msg__rosidl_typesupport_fastrtps_cpp.so" to ""\n'}
[32.163492] (rslidar_msg) StdoutLine: {'line': b'-- Up-to-date: /home/admin/bench/lab/STAGING_helios16p_kiss_legged_bench_cyclone_container_files/helios16p_ws/install/rslidar_msg/include/rslidar_msg/rslidar_msg\n'}
[32.163733] (rslidar_msg) StdoutLine: {'line': b'-- Up-to-date: /home/admin/bench/lab/STAGING_helios16p_kiss_legged_bench_cyclone_container_files/helios16p_ws/install/rslidar_msg/include/rslidar_msg/rslidar_msg/msg\n'}
[32.163963] (rslidar_msg) StdoutLine: {'line': b'-- Up-to-date: /home/admin/bench/lab/STAGING_helios16p_kiss_legged_bench_cyclone_container_files/helios16p_ws/install/rslidar_msg/include/rslidar_msg/rslidar_msg/msg/detail\n'}
[32.164189] (rslidar_msg) StdoutLine: {'line': b'-- Installing: /home/admin/bench/lab/STAGING_helios16p_kiss_legged_bench_cyclone_container_files/helios16p_ws/install/rslidar_msg/include/rslidar_msg/rslidar_msg/msg/detail/rslidar_packet__rosidl_typesupport_introspection_c.h\n'}
[32.170938] (rslidar_msg) StdoutLine: {'line': b'-- Installing: /home/admin/bench/lab/STAGING_helios16p_kiss_legged_bench_cyclone_container_files/helios16p_ws/install/rslidar_msg/include/rslidar_msg/rslidar_msg/msg/detail/rslidar_packet__type_support.c\n'}
[32.171457] (rslidar_msg) StdoutLine: {'line': b'-- Installing: /home/admin/bench/lab/STAGING_helios16p_kiss_legged_bench_cyclone_container_files/helios16p_ws/install/rslidar_msg/include/rslidar_msg/rslidar_msg/msg/rosidl_typesupport_introspection_c__visibility_control.h\n'}
[32.171899] (rslidar_msg) StdoutLine: {'line': b'-- Installing: /home/admin/bench/lab/STAGING_helios16p_kiss_legged_bench_cyclone_container_files/helios16p_ws/install/rslidar_msg/lib/librslidar_msg__rosidl_typesupport_introspection_c.so\n'}
[32.172199] (rslidar_msg) StdoutLine: {'line': b'-- Set non-toolchain portion of runtime path of "/home/admin/bench/lab/STAGING_helios16p_kiss_legged_bench_cyclone_container_files/helios16p_ws/install/rslidar_msg/lib/librslidar_msg__rosidl_typesupport_introspection_c.so" to ""\n'}
[32.175619] (rslidar_msg) StdoutLine: {'line': b'-- Installing: /home/admin/bench/lab/STAGING_helios16p_kiss_legged_bench_cyclone_container_files/helios16p_ws/install/rslidar_msg/lib/librslidar_msg__rosidl_typesupport_c.so\n'}
[32.175927] (rslidar_msg) StdoutLine: {'line': b'-- Set non-toolchain portion of runtime path of "/home/admin/bench/lab/STAGING_helios16p_kiss_legged_bench_cyclone_container_files/helios16p_ws/install/rslidar_msg/lib/librslidar_msg__rosidl_typesupport_c.so" to ""\n'}
[32.176171] (rslidar_msg) StdoutLine: {'line': b'-- Up-to-date: /home/admin/bench/lab/STAGING_helios16p_kiss_legged_bench_cyclone_container_files/helios16p_ws/install/rslidar_msg/include/rslidar_msg/rslidar_msg\n'}
[32.176478] (rslidar_msg) StdoutLine: {'line': b'-- Up-to-date: /home/admin/bench/lab/STAGING_helios16p_kiss_legged_bench_cyclone_container_files/helios16p_ws/install/rslidar_msg/include/rslidar_msg/rslidar_msg/msg\n'}
[32.176894] (rslidar_msg) StdoutLine: {'line': b'-- Up-to-date: /home/admin/bench/lab/STAGING_helios16p_kiss_legged_bench_cyclone_container_files/helios16p_ws/install/rslidar_msg/include/rslidar_msg/rslidar_msg/msg/detail\n'}
[32.177182] (rslidar_msg) StdoutLine: {'line': b'-- Installing: /home/admin/bench/lab/STAGING_helios16p_kiss_legged_bench_cyclone_container_files/helios16p_ws/install/rslidar_msg/include/rslidar_msg/rslidar_msg/msg/detail/rslidar_packet__type_support.cpp\n'}
[32.181621] (rslidar_msg) StdoutLine: {'line': b'-- Installing: /home/admin/bench/lab/STAGING_helios16p_kiss_legged_bench_cyclone_container_files/helios16p_ws/install/rslidar_msg/include/rslidar_msg/rslidar_msg/msg/detail/rslidar_packet__rosidl_typesupport_introspection_cpp.hpp\n'}
[32.181916] (rslidar_msg) StdoutLine: {'line': b'-- Installing: /home/admin/bench/lab/STAGING_helios16p_kiss_legged_bench_cyclone_container_files/helios16p_ws/install/rslidar_msg/lib/librslidar_msg__rosidl_typesupport_introspection_cpp.so\n'}
[32.182185] (rslidar_msg) StdoutLine: {'line': b'-- Set non-toolchain portion of runtime path of "/home/admin/bench/lab/STAGING_helios16p_kiss_legged_bench_cyclone_container_files/helios16p_ws/install/rslidar_msg/lib/librslidar_msg__rosidl_typesupport_introspection_cpp.so" to ""\n'}
[32.182627] (rslidar_msg) StdoutLine: {'line': b'-- Installing: /home/admin/bench/lab/STAGING_helios16p_kiss_legged_bench_cyclone_container_files/helios16p_ws/install/rslidar_msg/lib/librslidar_msg__rosidl_typesupport_cpp.so\n'}
[32.182871] (rslidar_msg) StdoutLine: {'line': b'-- Set non-toolchain portion of runtime path of "/home/admin/bench/lab/STAGING_helios16p_kiss_legged_bench_cyclone_container_files/helios16p_ws/install/rslidar_msg/lib/librslidar_msg__rosidl_typesupport_cpp.so" to ""\n'}
[32.183097] (rslidar_msg) StdoutLine: {'line': b'-- Installing: /home/admin/bench/lab/STAGING_helios16p_kiss_legged_bench_cyclone_container_files/helios16p_ws/install/rslidar_msg/share/rslidar_msg/environment/pythonpath.sh\n'}
[32.183341] (rslidar_msg) StdoutLine: {'line': b'-- Installing: /home/admin/bench/lab/STAGING_helios16p_kiss_legged_bench_cyclone_container_files/helios16p_ws/install/rslidar_msg/share/rslidar_msg/environment/pythonpath.dsv\n'}
[32.183600] (rslidar_msg) StdoutLine: {'line': b'-- Installing: /home/admin/bench/lab/STAGING_helios16p_kiss_legged_bench_cyclone_container_files/helios16p_ws/install/rslidar_msg/local/lib/python3.10/dist-packages/rslidar_msg-0.0.0-py3.10.egg-info\n'}
[32.189379] (rslidar_msg) StdoutLine: {'line': b'-- Installing: /home/admin/bench/lab/STAGING_helios16p_kiss_legged_bench_cyclone_container_files/helios16p_ws/install/rslidar_msg/local/lib/python3.10/dist-packages/rslidar_msg-0.0.0-py3.10.egg-info/top_level.txt\n'}
[32.189981] (rslidar_msg) StdoutLine: {'line': b'-- Installing: /home/admin/bench/lab/STAGING_helios16p_kiss_legged_bench_cyclone_container_files/helios16p_ws/install/rslidar_msg/local/lib/python3.10/dist-packages/rslidar_msg-0.0.0-py3.10.egg-info/PKG-INFO\n'}
[32.190355] (rslidar_msg) StdoutLine: {'line': b'-- Installing: /home/admin/bench/lab/STAGING_helios16p_kiss_legged_bench_cyclone_container_files/helios16p_ws/install/rslidar_msg/local/lib/python3.10/dist-packages/rslidar_msg-0.0.0-py3.10.egg-info/SOURCES.txt\n'}
[32.196815] (rslidar_msg) StdoutLine: {'line': b'-- Installing: /home/admin/bench/lab/STAGING_helios16p_kiss_legged_bench_cyclone_container_files/helios16p_ws/install/rslidar_msg/local/lib/python3.10/dist-packages/rslidar_msg-0.0.0-py3.10.egg-info/dependency_links.txt\n'}
[32.197198] (rslidar_msg) StdoutLine: {'line': b'-- Installing: /home/admin/bench/lab/STAGING_helios16p_kiss_legged_bench_cyclone_container_files/helios16p_ws/install/rslidar_msg/local/lib/python3.10/dist-packages/rslidar_msg\n'}
[32.197942] (rslidar_msg) StdoutLine: {'line': b'-- Installing: /home/admin/bench/lab/STAGING_helios16p_kiss_legged_bench_cyclone_container_files/helios16p_ws/install/rslidar_msg/local/lib/python3.10/dist-packages/rslidar_msg/_rslidar_msg_s.ep.rosidl_typesupport_introspection_c.c\n'}
[32.198618] (rslidar_msg) StdoutLine: {'line': b'-- Installing: /home/admin/bench/lab/STAGING_helios16p_kiss_legged_bench_cyclone_container_files/helios16p_ws/install/rslidar_msg/local/lib/python3.10/dist-packages/rslidar_msg/_rslidar_msg_s.ep.rosidl_typesupport_c.c\n'}
[32.199039] (rslidar_msg) StdoutLine: {'line': b'-- Installing: /home/admin/bench/lab/STAGING_helios16p_kiss_legged_bench_cyclone_container_files/helios16p_ws/install/rslidar_msg/local/lib/python3.10/dist-packages/rslidar_msg/librslidar_msg__rosidl_generator_py.so\n'}
[32.201548] (rslidar_msg) StdoutLine: {'line': b'-- Installing: /home/admin/bench/lab/STAGING_helios16p_kiss_legged_bench_cyclone_container_files/helios16p_ws/install/rslidar_msg/local/lib/python3.10/dist-packages/rslidar_msg/_rslidar_msg_s.ep.rosidl_typesupport_fastrtps_c.c\n'}
[32.202069] (rslidar_msg) StdoutLine: {'line': b'-- Installing: /home/admin/bench/lab/STAGING_helios16p_kiss_legged_bench_cyclone_container_files/helios16p_ws/install/rslidar_msg/local/lib/python3.10/dist-packages/rslidar_msg/__init__.py\n'}
[32.202443] (rslidar_msg) StdoutLine: {'line': b'-- Installing: /home/admin/bench/lab/STAGING_helios16p_kiss_legged_bench_cyclone_container_files/helios16p_ws/install/rslidar_msg/local/lib/python3.10/dist-packages/rslidar_msg/rslidar_msg_s__rosidl_typesupport_c.cpython-310-x86_64-linux-gnu.so\n'}
[32.202814] (rslidar_msg) StdoutLine: {'line': b'-- Installing: /home/admin/bench/lab/STAGING_helios16p_kiss_legged_bench_cyclone_container_files/helios16p_ws/install/rslidar_msg/local/lib/python3.10/dist-packages/rslidar_msg/msg\n'}
[32.203111] (rslidar_msg) StdoutLine: {'line': b'-- Installing: /home/admin/bench/lab/STAGING_helios16p_kiss_legged_bench_cyclone_container_files/helios16p_ws/install/rslidar_msg/local/lib/python3.10/dist-packages/rslidar_msg/msg/_rslidar_packet.py\n'}
[32.203461] (rslidar_msg) StdoutLine: {'line': b'-- Installing: /home/admin/bench/lab/STAGING_helios16p_kiss_legged_bench_cyclone_container_files/helios16p_ws/install/rslidar_msg/local/lib/python3.10/dist-packages/rslidar_msg/msg/__init__.py\n'}
[32.203776] (rslidar_msg) StdoutLine: {'line': b'-- Installing: /home/admin/bench/lab/STAGING_helios16p_kiss_legged_bench_cyclone_container_files/helios16p_ws/install/rslidar_msg/local/lib/python3.10/dist-packages/rslidar_msg/msg/_rslidar_packet_s.c\n'}
[32.204052] (rslidar_msg) StdoutLine: {'line': b'-- Installing: /home/admin/bench/lab/STAGING_helios16p_kiss_legged_bench_cyclone_container_files/helios16p_ws/install/rslidar_msg/local/lib/python3.10/dist-packages/rslidar_msg/rslidar_msg_s__rosidl_typesupport_fastrtps_c.cpython-310-x86_64-linux-gnu.so\n'}
[32.208709] (rslidar_msg) StdoutLine: {'line': b'-- Installing: /home/admin/bench/lab/STAGING_helios16p_kiss_legged_bench_cyclone_container_files/helios16p_ws/install/rslidar_msg/local/lib/python3.10/dist-packages/rslidar_msg/rslidar_msg_s__rosidl_typesupport_introspection_c.cpython-310-x86_64-linux-gnu.so\n'}
[32.254400] (ros2_unitree_legged_msgs) StdoutLine: {'line': b'[ 50%] \x1b[32mBuilding CXX object CMakeFiles/ros2_unitree_legged_msgs__rosidl_typesupport_fastrtps_cpp.dir/rosidl_typesupport_fastrtps_cpp/ros2_unitree_legged_msgs/msg/detail/dds_fastrtps/motor_state__type_support.cpp.o\x1b[0m\n'}
[32.254965] (-) TimerEvent: {}
[32.307716] (ros2_unitree_legged_msgs) StdoutLine: {'line': b'[ 51%] \x1b[32mBuilding CXX object CMakeFiles/ros2_unitree_legged_msgs__rosidl_typesupport_cpp.dir/rosidl_typesupport_cpp/ros2_unitree_legged_msgs/msg/imu__type_support.cpp.o\x1b[0m\n'}
[32.335107] (ros2_unitree_legged_msgs) StdoutLine: {'line': b'[ 52%] \x1b[32mBuilding CXX object CMakeFiles/ros2_unitree_legged_msgs__rosidl_typesupport_cpp.dir/rosidl_typesupport_cpp/ros2_unitree_legged_msgs/msg/led__type_support.cpp.o\x1b[0m\n'}
[32.356411] (-) TimerEvent: {}
[32.424071] (ros2_unitree_legged_msgs) StdoutLine: {'line': b'[ 53%] \x1b[1m\x1b[32mLinking C shared library libros2_unitree_legged_msgs__rosidl_typesupport_introspection_c.so\x1b[0m\n'}
[32.456574] (-) TimerEvent: {}
[32.556202] (rslidar_msg) StdoutLine: {'line': b"Listing '/home/admin/bench/lab/STAGING_helios16p_kiss_legged_bench_cyclone_container_files/helios16p_ws/install/rslidar_msg/local/lib/python3.10/dist-packages/rslidar_msg'...\n"}
[32.556650] (-) TimerEvent: {}
[32.558877] (rslidar_msg) StdoutLine: {'line': b"Compiling '/home/admin/bench/lab/STAGING_helios16p_kiss_legged_bench_cyclone_container_files/helios16p_ws/install/rslidar_msg/local/lib/python3.10/dist-packages/rslidar_msg/__init__.py'...\n"}
[32.562087] (rslidar_msg) StdoutLine: {'line': b"Listing '/home/admin/bench/lab/STAGING_helios16p_kiss_legged_bench_cyclone_container_files/helios16p_ws/install/rslidar_msg/local/lib/python3.10/dist-packages/rslidar_msg/msg'...\n"}
[32.562769] (rslidar_msg) StdoutLine: {'line': b"Compiling '/home/admin/bench/lab/STAGING_helios16p_kiss_legged_bench_cyclone_container_files/helios16p_ws/install/rslidar_msg/local/lib/python3.10/dist-packages/rslidar_msg/msg/__init__.py'...\n"}
[32.563137] (rslidar_msg) StdoutLine: {'line': b"Compiling '/home/admin/bench/lab/STAGING_helios16p_kiss_legged_bench_cyclone_container_files/helios16p_ws/install/rslidar_msg/local/lib/python3.10/dist-packages/rslidar_msg/msg/_rslidar_packet.py'...\n"}
[32.610564] (rslidar_msg) StdoutLine: {'line': b'-- Installing: /home/admin/bench/lab/STAGING_helios16p_kiss_legged_bench_cyclone_container_files/helios16p_ws/install/rslidar_msg/local/lib/python3.10/dist-packages/rslidar_msg/rslidar_msg_s__rosidl_typesupport_fastrtps_c.cpython-310-x86_64-linux-gnu.so\n'}
[32.612905] (rslidar_msg) StdoutLine: {'line': b'-- Set non-toolchain portion of runtime path of "/home/admin/bench/lab/STAGING_helios16p_kiss_legged_bench_cyclone_container_files/helios16p_ws/install/rslidar_msg/local/lib/python3.10/dist-packages/rslidar_msg/rslidar_msg_s__rosidl_typesupport_fastrtps_c.cpython-310-x86_64-linux-gnu.so" to ""\n'}
[32.618479] (rslidar_msg) StdoutLine: {'line': b'-- Installing: /home/admin/bench/lab/STAGING_helios16p_kiss_legged_bench_cyclone_container_files/helios16p_ws/install/rslidar_msg/local/lib/python3.10/dist-packages/rslidar_msg/rslidar_msg_s__rosidl_typesupport_introspection_c.cpython-310-x86_64-linux-gnu.so\n'}
[32.625757] (rslidar_msg) StdoutLine: {'line': b'-- Set non-toolchain portion of runtime path of "/home/admin/bench/lab/STAGING_helios16p_kiss_legged_bench_cyclone_container_files/helios16p_ws/install/rslidar_msg/local/lib/python3.10/dist-packages/rslidar_msg/rslidar_msg_s__rosidl_typesupport_introspection_c.cpython-310-x86_64-linux-gnu.so" to ""\n'}
[32.626232] (rslidar_msg) StdoutLine: {'line': b'-- Installing: /home/admin/bench/lab/STAGING_helios16p_kiss_legged_bench_cyclone_container_files/helios16p_ws/install/rslidar_msg/local/lib/python3.10/dist-packages/rslidar_msg/rslidar_msg_s__rosidl_typesupport_c.cpython-310-x86_64-linux-gnu.so\n'}
[32.626838] (rslidar_msg) StdoutLine: {'line': b'-- Set non-toolchain portion of runtime path of "/home/admin/bench/lab/STAGING_helios16p_kiss_legged_bench_cyclone_container_files/helios16p_ws/install/rslidar_msg/local/lib/python3.10/dist-packages/rslidar_msg/rslidar_msg_s__rosidl_typesupport_c.cpython-310-x86_64-linux-gnu.so" to ""\n'}
[32.633865] (rslidar_msg) StdoutLine: {'line': b'-- Installing: /home/admin/bench/lab/STAGING_helios16p_kiss_legged_bench_cyclone_container_files/helios16p_ws/install/rslidar_msg/lib/librslidar_msg__rosidl_generator_py.so\n'}
[32.634587] (rslidar_msg) StdoutLine: {'line': b'-- Set non-toolchain portion of runtime path of "/home/admin/bench/lab/STAGING_helios16p_kiss_legged_bench_cyclone_container_files/helios16p_ws/install/rslidar_msg/lib/librslidar_msg__rosidl_generator_py.so" to ""\n'}
[32.635138] (ros2_unitree_legged_msgs) StdoutLine: {'line': b'[ 53%] Built target ros2_unitree_legged_msgs__rosidl_typesupport_introspection_c\n'}
[32.636845] (rslidar_msg) StdoutLine: {'line': b'-- Installing: /home/admin/bench/lab/STAGING_helios16p_kiss_legged_bench_cyclone_container_files/helios16p_ws/install/rslidar_msg/share/rslidar_msg/msg/RslidarPacket.idl\n'}
[32.643512] (rslidar_msg) StdoutLine: {'line': b'-- Installing: /home/admin/bench/lab/STAGING_helios16p_kiss_legged_bench_cyclone_container_files/helios16p_ws/install/rslidar_msg/share/rslidar_msg/msg/RslidarPacket.msg\n'}
[32.645988] (rslidar_msg) StdoutLine: {'line': b'-- Installing: /home/admin/bench/lab/STAGING_helios16p_kiss_legged_bench_cyclone_container_files/helios16p_ws/install/rslidar_msg/share/ament_index/resource_index/package_run_dependencies/rslidar_msg\n'}
[32.650700] (rslidar_msg) StdoutLine: {'line': b'-- Installing: /home/admin/bench/lab/STAGING_helios16p_kiss_legged_bench_cyclone_container_files/helios16p_ws/install/rslidar_msg/share/ament_index/resource_index/parent_prefix_path/rslidar_msg\n'}
[32.651395] (rslidar_msg) StdoutLine: {'line': b'-- Installing: /home/admin/bench/lab/STAGING_helios16p_kiss_legged_bench_cyclone_container_files/helios16p_ws/install/rslidar_msg/share/rslidar_msg/environment/ament_prefix_path.sh\n'}
[32.654185] (rslidar_msg) StdoutLine: {'line': b'-- Installing: /home/admin/bench/lab/STAGING_helios16p_kiss_legged_bench_cyclone_container_files/helios16p_ws/install/rslidar_msg/share/rslidar_msg/environment/ament_prefix_path.dsv\n'}
[32.659394] (ros2_unitree_legged_msgs) StdoutLine: {'line': b'[ 54%] \x1b[32mBuilding CXX object CMakeFiles/ros2_unitree_legged_msgs__rosidl_typesupport_introspection_cpp.dir/rosidl_typesupport_introspection_cpp/ros2_unitree_legged_msgs/msg/detail/cartesian__type_support.cpp.o\x1b[0m\n'}
[32.659882] (-) TimerEvent: {}
[32.660463] (rslidar_msg) StdoutLine: {'line': b'-- Installing: /home/admin/bench/lab/STAGING_helios16p_kiss_legged_bench_cyclone_container_files/helios16p_ws/install/rslidar_msg/share/rslidar_msg/environment/path.sh\n'}
[32.662070] (rslidar_msg) StdoutLine: {'line': b'-- Installing: /home/admin/bench/lab/STAGING_helios16p_kiss_legged_bench_cyclone_container_files/helios16p_ws/install/rslidar_msg/share/rslidar_msg/environment/path.dsv\n'}
[32.663231] (rslidar_msg) StdoutLine: {'line': b'-- Installing: /home/admin/bench/lab/STAGING_helios16p_kiss_legged_bench_cyclone_container_files/helios16p_ws/install/rslidar_msg/share/rslidar_msg/local_setup.bash\n'}
[32.667547] (rslidar_msg) StdoutLine: {'line': b'-- Installing: /home/admin/bench/lab/STAGING_helios16p_kiss_legged_bench_cyclone_container_files/helios16p_ws/install/rslidar_msg/share/rslidar_msg/local_setup.sh\n'}
[32.669030] (rslidar_msg) StdoutLine: {'line': b'-- Installing: /home/admin/bench/lab/STAGING_helios16p_kiss_legged_bench_cyclone_container_files/helios16p_ws/install/rslidar_msg/share/rslidar_msg/local_setup.zsh\n'}
[32.670001] (rslidar_msg) StdoutLine: {'line': b'-- Installing: /home/admin/bench/lab/STAGING_helios16p_kiss_legged_bench_cyclone_container_files/helios16p_ws/install/rslidar_msg/share/rslidar_msg/local_setup.dsv\n'}
[32.676525] (rslidar_msg) StdoutLine: {'line': b'-- Installing: /home/admin/bench/lab/STAGING_helios16p_kiss_legged_bench_cyclone_container_files/helios16p_ws/install/rslidar_msg/share/rslidar_msg/package.dsv\n'}
[32.679099] (rslidar_msg) StdoutLine: {'line': b'-- Installing: /home/admin/bench/lab/STAGING_helios16p_kiss_legged_bench_cyclone_container_files/helios16p_ws/install/rslidar_msg/share/ament_index/resource_index/packages/rslidar_msg\n'}
[32.686110] (rslidar_msg) StdoutLine: {'line': b'-- Installing: /home/admin/bench/lab/STAGING_helios16p_kiss_legged_bench_cyclone_container_files/helios16p_ws/install/rslidar_msg/share/rslidar_msg/cmake/export_rslidar_msg__rosidl_generator_cExport.cmake\n'}
[32.686947] (rslidar_msg) StdoutLine: {'line': b'-- Installing: /home/admin/bench/lab/STAGING_helios16p_kiss_legged_bench_cyclone_container_files/helios16p_ws/install/rslidar_msg/share/rslidar_msg/cmake/export_rslidar_msg__rosidl_generator_cExport-noconfig.cmake\n'}
[32.689416] (rslidar_msg) StdoutLine: {'line': b'-- Installing: /home/admin/bench/lab/STAGING_helios16p_kiss_legged_bench_cyclone_container_files/helios16p_ws/install/rslidar_msg/share/rslidar_msg/cmake/export_rslidar_msg__rosidl_typesupport_fastrtps_cExport.cmake\n'}
[32.696347] (rslidar_msg) StdoutLine: {'line': b'-- Installing: /home/admin/bench/lab/STAGING_helios16p_kiss_legged_bench_cyclone_container_files/helios16p_ws/install/rslidar_msg/share/rslidar_msg/cmake/export_rslidar_msg__rosidl_typesupport_fastrtps_cExport-noconfig.cmake\n'}
[32.696869] (rslidar_msg) StdoutLine: {'line': b'-- Installing: /home/admin/bench/lab/STAGING_helios16p_kiss_legged_bench_cyclone_container_files/helios16p_ws/install/rslidar_msg/share/rslidar_msg/cmake/export_rslidar_msg__rosidl_generator_cppExport.cmake\n'}
[32.701521] (rslidar_msg) StdoutLine: {'line': b'-- Installing: /home/admin/bench/lab/STAGING_helios16p_kiss_legged_bench_cyclone_container_files/helios16p_ws/install/rslidar_msg/share/rslidar_msg/cmake/export_rslidar_msg__rosidl_typesupport_fastrtps_cppExport.cmake\n'}
[32.703710] (rslidar_msg) StdoutLine: {'line': b'-- Installing: /home/admin/bench/lab/STAGING_helios16p_kiss_legged_bench_cyclone_container_files/helios16p_ws/install/rslidar_msg/share/rslidar_msg/cmake/export_rslidar_msg__rosidl_typesupport_fastrtps_cppExport-noconfig.cmake\n'}
[32.704657] (rslidar_msg) StdoutLine: {'line': b'-- Installing: /home/admin/bench/lab/STAGING_helios16p_kiss_legged_bench_cyclone_container_files/helios16p_ws/install/rslidar_msg/share/rslidar_msg/cmake/rslidar_msg__rosidl_typesupport_introspection_cExport.cmake\n'}
[32.710512] (rslidar_msg) StdoutLine: {'line': b'-- Installing: /home/admin/bench/lab/STAGING_helios16p_kiss_legged_bench_cyclone_container_files/helios16p_ws/install/rslidar_msg/share/rslidar_msg/cmake/rslidar_msg__rosidl_typesupport_introspection_cExport-noconfig.cmake\n'}
[32.712895] (rslidar_msg) StdoutLine: {'line': b'-- Installing: /home/admin/bench/lab/STAGING_helios16p_kiss_legged_bench_cyclone_container_files/helios16p_ws/install/rslidar_msg/share/rslidar_msg/cmake/rslidar_msg__rosidl_typesupport_cExport.cmake\n'}
[32.713619] (rslidar_msg) StdoutLine: {'line': b'-- Installing: /home/admin/bench/lab/STAGING_helios16p_kiss_legged_bench_cyclone_container_files/helios16p_ws/install/rslidar_msg/share/rslidar_msg/cmake/rslidar_msg__rosidl_typesupport_cExport-noconfig.cmake\n'}
[32.719527] (rslidar_msg) StdoutLine: {'line': b'-- Installing: /home/admin/bench/lab/STAGING_helios16p_kiss_legged_bench_cyclone_container_files/helios16p_ws/install/rslidar_msg/share/rslidar_msg/cmake/rslidar_msg__rosidl_typesupport_introspection_cppExport.cmake\n'}
[32.721776] (rslidar_msg) StdoutLine: {'line': b'-- Installing: /home/admin/bench/lab/STAGING_helios16p_kiss_legged_bench_cyclone_container_files/helios16p_ws/install/rslidar_msg/share/rslidar_msg/cmake/rslidar_msg__rosidl_typesupport_introspection_cppExport-noconfig.cmake\n'}
[32.727536] (rslidar_msg) StdoutLine: {'line': b'-- Installing: /home/admin/bench/lab/STAGING_helios16p_kiss_legged_bench_cyclone_container_files/helios16p_ws/install/rslidar_msg/share/rslidar_msg/cmake/rslidar_msg__rosidl_typesupport_cppExport.cmake\n'}
[32.728024] (rslidar_msg) StdoutLine: {'line': b'-- Installing: /home/admin/bench/lab/STAGING_helios16p_kiss_legged_bench_cyclone_container_files/helios16p_ws/install/rslidar_msg/share/rslidar_msg/cmake/rslidar_msg__rosidl_typesupport_cppExport-noconfig.cmake\n'}
[32.730065] (rslidar_msg) StdoutLine: {'line': b'-- Installing: /home/admin/bench/lab/STAGING_helios16p_kiss_legged_bench_cyclone_container_files/helios16p_ws/install/rslidar_msg/share/rslidar_msg/cmake/export_rslidar_msg__rosidl_generator_pyExport.cmake\n'}
[32.736534] (rslidar_msg) StdoutLine: {'line': b'-- Installing: /home/admin/bench/lab/STAGING_helios16p_kiss_legged_bench_cyclone_container_files/helios16p_ws/install/rslidar_msg/share/rslidar_msg/cmake/export_rslidar_msg__rosidl_generator_pyExport-noconfig.cmake\n'}
[32.737031] (rslidar_msg) StdoutLine: {'line': b'-- Installing: /home/admin/bench/lab/STAGING_helios16p_kiss_legged_bench_cyclone_container_files/helios16p_ws/install/rslidar_msg/share/rslidar_msg/cmake/rosidl_cmake-extras.cmake\n'}
[32.739467] (rslidar_msg) StdoutLine: {'line': b'-- Installing: /home/admin/bench/lab/STAGING_helios16p_kiss_legged_bench_cyclone_container_files/helios16p_ws/install/rslidar_msg/share/rslidar_msg/cmake/ament_cmake_export_dependencies-extras.cmake\n'}
[32.740143] (rslidar_msg) StdoutLine: {'line': b'-- Installing: /home/admin/bench/lab/STAGING_helios16p_kiss_legged_bench_cyclone_container_files/helios16p_ws/install/rslidar_msg/share/rslidar_msg/cmake/ament_cmake_export_include_directories-extras.cmake\n'}
[32.746532] (rslidar_msg) StdoutLine: {'line': b'-- Installing: /home/admin/bench/lab/STAGING_helios16p_kiss_legged_bench_cyclone_container_files/helios16p_ws/install/rslidar_msg/share/rslidar_msg/cmake/ament_cmake_export_libraries-extras.cmake\n'}
[32.749624] (rslidar_msg) StdoutLine: {'line': b'-- Installing: /home/admin/bench/lab/STAGING_helios16p_kiss_legged_bench_cyclone_container_files/helios16p_ws/install/rslidar_msg/share/rslidar_msg/cmake/ament_cmake_export_targets-extras.cmake\n'}
[32.754765] (rslidar_msg) StdoutLine: {'line': b'-- Installing: /home/admin/bench/lab/STAGING_helios16p_kiss_legged_bench_cyclone_container_files/helios16p_ws/install/rslidar_msg/share/rslidar_msg/cmake/rosidl_cmake_export_typesupport_targets-extras.cmake\n'}
[32.755649] (rslidar_msg) StdoutLine: {'line': b'-- Installing: /home/admin/bench/lab/STAGING_helios16p_kiss_legged_bench_cyclone_container_files/helios16p_ws/install/rslidar_msg/share/rslidar_msg/cmake/rosidl_cmake_export_typesupport_libraries-extras.cmake\n'}
[32.757646] (rslidar_msg) StdoutLine: {'line': b'-- Installing: /home/admin/bench/lab/STAGING_helios16p_kiss_legged_bench_cyclone_container_files/helios16p_ws/install/rslidar_msg/share/rslidar_msg/cmake/rslidar_msgConfig.cmake\n'}
[32.759321] (rslidar_msg) StdoutLine: {'line': b'-- Installing: /home/admin/bench/lab/STAGING_helios16p_kiss_legged_bench_cyclone_container_files/helios16p_ws/install/rslidar_msg/share/rslidar_msg/cmake/rslidar_msgConfig-version.cmake\n'}
[32.760015] (-) TimerEvent: {}
[32.763141] (rslidar_msg) StdoutLine: {'line': b'-- Installing: /home/admin/bench/lab/STAGING_helios16p_kiss_legged_bench_cyclone_container_files/helios16p_ws/install/rslidar_msg/share/rslidar_msg/package.xml\n'}
[32.773359] (rslidar_msg) CommandEnded: {'returncode': 0}
[32.866646] (-) TimerEvent: {}
[32.990603] (-) TimerEvent: {}
[33.091324] (-) TimerEvent: {}
[33.115678] (rslidar_msg) JobEnded: {'identifier': 'rslidar_msg', 'rc': 0}
[33.191463] (-) TimerEvent: {}
[33.296395] (-) TimerEvent: {}
[33.397002] (-) TimerEvent: {}
[33.500758] (-) TimerEvent: {}
[33.513666] (ros2_unitree_legged_msgs) StdoutLine: {'line': b'[ 55%] \x1b[32mBuilding CXX object CMakeFiles/ros2_unitree_legged_msgs__rosidl_typesupport_fastrtps_cpp.dir/rosidl_typesupport_fastrtps_cpp/ros2_unitree_legged_msgs/msg/detail/dds_fastrtps/bms_cmd__type_support.cpp.o\x1b[0m\n'}
[33.589018] (ros2_unitree_legged_msgs) StdoutLine: {'line': b'[ 56%] \x1b[32mBuilding CXX object CMakeFiles/ros2_unitree_legged_msgs__rosidl_typesupport_introspection_cpp.dir/rosidl_typesupport_introspection_cpp/ros2_unitree_legged_msgs/msg/detail/imu__type_support.cpp.o\x1b[0m\n'}
[33.602394] (-) TimerEvent: {}
[33.609475] (ros2_unitree_legged_msgs) StdoutLine: {'line': b'[ 57%] \x1b[32mBuilding CXX object CMakeFiles/ros2_unitree_legged_msgs__rosidl_typesupport_introspection_cpp.dir/rosidl_typesupport_introspection_cpp/ros2_unitree_legged_msgs/msg/detail/led__type_support.cpp.o\x1b[0m\n'}
[33.702559] (-) TimerEvent: {}
[33.805303] (ros2_unitree_legged_msgs) StdoutLine: {'line': b'[ 58%] \x1b[32mBuilding CXX object CMakeFiles/ros2_unitree_legged_msgs__rosidl_typesupport_fastrtps_c.dir/rosidl_typesupport_fastrtps_c/ros2_unitree_legged_msgs/msg/detail/bms_cmd__type_support_c.cpp.o\x1b[0m\n'}
[33.805745] (-) TimerEvent: {}
[33.861130] (ros2_unitree_legged_msgs) StdoutLine: {'line': b'[ 59%] \x1b[32mBuilding CXX object CMakeFiles/ros2_unitree_legged_msgs__rosidl_typesupport_fastrtps_c.dir/rosidl_typesupport_fastrtps_c/ros2_unitree_legged_msgs/msg/detail/bms_state__type_support_c.cpp.o\x1b[0m\n'}
[33.906383] (-) TimerEvent: {}
[34.010390] (-) TimerEvent: {}
[34.113423] (-) TimerEvent: {}
[34.215484] (ros2_unitree_legged_msgs) StdoutLine: {'line': b'[ 59%] \x1b[32mBuilding CXX object CMakeFiles/ros2_unitree_legged_msgs__rosidl_typesupport_cpp.dir/rosidl_typesupport_cpp/ros2_unitree_legged_msgs/msg/low_cmd__type_support.cpp.o\x1b[0m\n'}
[34.215971] (-) TimerEvent: {}
[34.240318] (unitree_nav_interfaces) StdoutLine: {'line': b'[ 78%] Built target unitree_nav_interfaces_srv__py\n'}
[34.316159] (-) TimerEvent: {}
[34.362426] (unitree_nav_interfaces) StdoutLine: {'line': b'[ 82%] \x1b[32mBuilding C object CMakeFiles/unitree_nav_interfaces_srv__rosidl_generator_py.dir/rosidl_generator_py/unitree_nav_interfaces/srv/_set_body_rpy_s.c.o\x1b[0m\n'}
[34.363024] (unitree_nav_interfaces) StdoutLine: {'line': b'[ 82%] \x1b[32mBuilding C object CMakeFiles/unitree_nav_interfaces_srv__rosidl_generator_py.dir/rosidl_generator_py/unitree_nav_interfaces/srv/_nav_to_pose_s.c.o\x1b[0m\n'}
[34.366533] (unitree_nav_interfaces) StdoutLine: {'line': b'[ 85%] \x1b[32mBuilding C object CMakeFiles/unitree_nav_interfaces_srv__rosidl_generator_py.dir/rosidl_generator_py/unitree_nav_interfaces/srv/_set_gait_s.c.o\x1b[0m\n'}
[34.420426] (-) TimerEvent: {}
[34.525407] (-) TimerEvent: {}
[34.627397] (-) TimerEvent: {}
[34.728026] (-) TimerEvent: {}
[34.832418] (-) TimerEvent: {}
[34.936408] (-) TimerEvent: {}
[35.037651] (-) TimerEvent: {}
[35.118360] (ros2_unitree_legged_msgs) StdoutLine: {'line': b'[ 60%] \x1b[32mBuilding CXX object CMakeFiles/ros2_unitree_legged_msgs__rosidl_typesupport_introspection_cpp.dir/rosidl_typesupport_introspection_cpp/ros2_unitree_legged_msgs/msg/detail/low_cmd__type_support.cpp.o\x1b[0m\n'}
[35.137810] (-) TimerEvent: {}
[35.239905] (-) TimerEvent: {}
[35.337404] (ros2_unitree_legged_msgs) StdoutLine: {'line': b'[ 60%] \x1b[32mBuilding CXX object CMakeFiles/ros2_unitree_legged_msgs__rosidl_typesupport_fastrtps_c.dir/rosidl_typesupport_fastrtps_c/ros2_unitree_legged_msgs/msg/detail/cartesian__type_support_c.cpp.o\x1b[0m\n'}
[35.340084] (-) TimerEvent: {}
[35.441659] (-) TimerEvent: {}
[35.464812] (unitree_nav_interfaces) StdoutLine: {'line': b'[ 87%] \x1b[1m\x1b[32mLinking C shared library rosidl_generator_py/unitree_nav_interfaces/libunitree_nav_interfaces_srv__rosidl_generator_py.so\x1b[0m\n'}
[35.543355] (-) TimerEvent: {}
[35.563527] (ros2_unitree_legged_msgs) StdoutLine: {'line': b'[ 61%] \x1b[32mBuilding CXX object CMakeFiles/ros2_unitree_legged_msgs__rosidl_typesupport_fastrtps_cpp.dir/rosidl_typesupport_fastrtps_cpp/ros2_unitree_legged_msgs/msg/detail/dds_fastrtps/bms_state__type_support.cpp.o\x1b[0m\n'}
[35.597179] (ros2_unitree_legged_msgs) StdoutLine: {'line': b'[ 62%] \x1b[32mBuilding CXX object CMakeFiles/ros2_unitree_legged_msgs__rosidl_typesupport_cpp.dir/rosidl_typesupport_cpp/ros2_unitree_legged_msgs/msg/low_state__type_support.cpp.o\x1b[0m\n'}
[35.643515] (-) TimerEvent: {}
[35.746401] (-) TimerEvent: {}
[35.769729] (ros2_unitree_legged_msgs) StdoutLine: {'line': b'[ 63%] \x1b[32mBuilding CXX object CMakeFiles/ros2_unitree_legged_msgs__rosidl_typesupport_fastrtps_c.dir/rosidl_typesupport_fastrtps_c/ros2_unitree_legged_msgs/msg/detail/imu__type_support_c.cpp.o\x1b[0m\n'}
[35.796518] (unitree_nav_interfaces) StdoutLine: {'line': b'[ 87%] Built target unitree_nav_interfaces_srv__rosidl_generator_py\n'}
[35.846568] (-) TimerEvent: {}
[35.912351] (unitree_nav_interfaces) StdoutLine: {'line': b'[ 89%] \x1b[32mBuilding C object CMakeFiles/unitree_nav_interfaces__rosidl_typesupport_fastrtps_c__pyext.dir/rosidl_generator_py/unitree_nav_interfaces/_unitree_nav_interfaces_s.ep.rosidl_typesupport_fastrtps_c.c.o\x1b[0m\n'}
[35.914842] (unitree_nav_interfaces) StdoutLine: {'line': b'[ 91%] \x1b[32mBuilding C object CMakeFiles/unitree_nav_interfaces__rosidl_typesupport_introspection_c__pyext.dir/rosidl_generator_py/unitree_nav_interfaces/_unitree_nav_interfaces_s.ep.rosidl_typesupport_introspection_c.c.o\x1b[0m\n'}
[35.917516] (unitree_nav_interfaces) StdoutLine: {'line': b'[ 93%] \x1b[32mBuilding C object CMakeFiles/unitree_nav_interfaces__rosidl_typesupport_c__pyext.dir/rosidl_generator_py/unitree_nav_interfaces/_unitree_nav_interfaces_s.ep.rosidl_typesupport_c.c.o\x1b[0m\n'}
[35.947062] (-) TimerEvent: {}
[36.028803] (ros2_unitree_legged_msgs) StdoutLine: {'line': b'[ 64%] \x1b[32mBuilding CXX object CMakeFiles/ros2_unitree_legged_msgs__rosidl_typesupport_cpp.dir/rosidl_typesupport_cpp/ros2_unitree_legged_msgs/msg/high_cmd__type_support.cpp.o\x1b[0m\n'}
[36.047181] (-) TimerEvent: {}
[36.052531] (ros2_unitree_legged_msgs) StdoutLine: {'line': b'[ 65%] \x1b[32mBuilding CXX object CMakeFiles/ros2_unitree_legged_msgs__rosidl_typesupport_fastrtps_cpp.dir/rosidl_typesupport_fastrtps_cpp/ros2_unitree_legged_msgs/msg/detail/dds_fastrtps/cartesian__type_support.cpp.o\x1b[0m\n'}
[36.057498] (ros2_unitree_legged_msgs) StdoutLine: {'line': b'[ 66%] \x1b[32mBuilding CXX object CMakeFiles/ros2_unitree_legged_msgs__rosidl_typesupport_cpp.dir/rosidl_typesupport_cpp/ros2_unitree_legged_msgs/msg/high_state__type_support.cpp.o\x1b[0m\n'}
[36.148402] (-) TimerEvent: {}
[36.252396] (-) TimerEvent: {}
[36.353014] (-) TimerEvent: {}
[36.453677] (-) TimerEvent: {}
[36.557986] (-) TimerEvent: {}
[36.578237] (unitree_nav_interfaces) StdoutLine: {'line': b'[ 95%] \x1b[1m\x1b[32mLinking C shared library rosidl_generator_py/unitree_nav_interfaces/unitree_nav_interfaces_s__rosidl_typesupport_c.cpython-310-x86_64-linux-gnu.so\x1b[0m\n'}
[36.658161] (-) TimerEvent: {}
[36.710360] (unitree_nav_interfaces) StdoutLine: {'line': b'[ 97%] \x1b[1m\x1b[32mLinking C shared library rosidl_generator_py/unitree_nav_interfaces/unitree_nav_interfaces_s__rosidl_typesupport_introspection_c.cpython-310-x86_64-linux-gnu.so\x1b[0m\n'}
[36.761419] (-) TimerEvent: {}
[36.830416] (unitree_nav_interfaces) StdoutLine: {'line': b'[ 97%] Built target unitree_nav_interfaces__rosidl_typesupport_c__pyext\n'}
[36.861621] (-) TimerEvent: {}
[36.911193] (unitree_nav_interfaces) StdoutLine: {'line': b'[100%] \x1b[1m\x1b[32mLinking C shared library rosidl_generator_py/unitree_nav_interfaces/unitree_nav_interfaces_s__rosidl_typesupport_fastrtps_c.cpython-310-x86_64-linux-gnu.so\x1b[0m\n'}
[36.967495] (-) TimerEvent: {}
[36.985764] (unitree_nav_interfaces) StdoutLine: {'line': b'[100%] Built target unitree_nav_interfaces__rosidl_typesupport_introspection_c__pyext\n'}
[37.067676] (-) TimerEvent: {}
[37.159606] (ros2_unitree_legged_msgs) StdoutLine: {'line': b'[ 67%] \x1b[32mBuilding CXX object CMakeFiles/ros2_unitree_legged_msgs__rosidl_typesupport_fastrtps_cpp.dir/rosidl_typesupport_fastrtps_cpp/ros2_unitree_legged_msgs/msg/detail/dds_fastrtps/imu__type_support.cpp.o\x1b[0m\n'}
[37.170400] (-) TimerEvent: {}
[37.191523] (unitree_nav_interfaces) StdoutLine: {'line': b'[100%] Built target unitree_nav_interfaces__rosidl_typesupport_fastrtps_c__pyext\n'}
[37.234986] (ros2_unitree_legged_msgs) StdoutLine: {'line': b'[ 68%] \x1b[32mBuilding CXX object CMakeFiles/ros2_unitree_legged_msgs__rosidl_typesupport_introspection_cpp.dir/rosidl_typesupport_introspection_cpp/ros2_unitree_legged_msgs/msg/detail/low_state__type_support.cpp.o\x1b[0m\n'}
[37.252471] (unitree_nav_interfaces) CommandEnded: {'returncode': 0}
[37.261169] (unitree_nav_interfaces) JobProgress: {'identifier': 'unitree_nav_interfaces', 'progress': 'install'}
[37.261380] (unitree_nav_interfaces) Command: {'cmd': ['/usr/local/bin/cmake', '--install', '/home/admin/bench/lab/STAGING_helios16p_kiss_legged_bench_cyclone_container_files/helios16p_ws/build/unitree_nav_interfaces'], 'cwd': '/home/admin/bench/lab/STAGING_helios16p_kiss_legged_bench_cyclone_container_files/helios16p_ws/build/unitree_nav_interfaces', 'env': OrderedDict([('HOSTNAME', 'phs'), ('SHLVL', '1'), ('LD_LIBRARY_PATH', '/home/admin/bench/lab/go1_control/install/unitree_nav_interfaces/lib:/home/admin/bench/lab/go1_control/install/ros2_unitree_legged_msgs/lib:/home/admin/bench/lab/helios16p_ws/install/vicon_receiver/lib:/home/admin/bench/lab/helios16p_ws/install/rslidar_msg/lib:/home/admin/bench/lab/helios16p_ws/install/kiss_icp/lib:/opt/ros/humble/opt/rviz_ogre_vendor/lib:/opt/ros/humble/lib/x86_64-linux-gnu:/opt/ros/humble/lib'), ('HOME', '/home/admin'), ('CYCLONEDDS_URI', '/cyclonedds_config.xml'), ('OLDPWD', '/home/admin/bench/lab/STAGING_helios16p_kiss_legged_bench_cyclone_container_files'), ('ROS_PYTHON_VERSION', '3'), ('COLCON_PREFIX_PATH', '/home/admin/bench/lab/go1_control/install:/home/admin/bench/lab/helios16p_ws/install'), ('ROS_DISTRO', 'humble'), ('_', '/usr/bin/colcon'), ('ROS_VERSION', '2'), ('TERM', 'xterm'), ('ROS_LOCALHOST_ONLY', '0'), ('PATH', '/opt/ros/humble/bin:/usr/local/sbin:/usr/local/bin:/usr/sbin:/usr/bin:/sbin:/bin'), ('DISPLAY', ':0'), ('LANG', 'C.UTF-8'), ('RMW_IMPLEMENTATION', 'rmw_cyclonedds_cpp'), ('LS_COLORS', 'rs=0:di=01;34:ln=01;36:mh=00:pi=40;33:so=01;35:do=01;35:bd=40;33;01:cd=40;33;01:or=40;31;01:mi=00:su=37;41:sg=30;43:ca=30;41:tw=30;42:ow=34;42:st=37;44:ex=01;32:*.tar=01;31:*.tgz=01;31:*.arc=01;31:*.arj=01;31:*.taz=01;31:*.lha=01;31:*.lz4=01;31:*.lzh=01;31:*.lzma=01;31:*.tlz=01;31:*.txz=01;31:*.tzo=01;31:*.t7z=01;31:*.zip=01;31:*.z=01;31:*.dz=01;31:*.gz=01;31:*.lrz=01;31:*.lz=01;31:*.lzo=01;31:*.xz=01;31:*.zst=01;31:*.tzst=01;31:*.bz2=01;31:*.bz=01;31:*.tbz=01;31:*.tbz2=01;31:*.tz=01;31:*.deb=01;31:*.rpm=01;31:*.jar=01;31:*.war=01;31:*.ear=01;31:*.sar=01;31:*.rar=01;31:*.alz=01;31:*.ace=01;31:*.zoo=01;31:*.cpio=01;31:*.7z=01;31:*.rz=01;31:*.cab=01;31:*.wim=01;31:*.swm=01;31:*.dwm=01;31:*.esd=01;31:*.jpg=01;35:*.jpeg=01;35:*.mjpg=01;35:*.mjpeg=01;35:*.gif=01;35:*.bmp=01;35:*.pbm=01;35:*.pgm=01;35:*.ppm=01;35:*.tga=01;35:*.xbm=01;35:*.xpm=01;35:*.tif=01;35:*.tiff=01;35:*.png=01;35:*.svg=01;35:*.svgz=01;35:*.mng=01;35:*.pcx=01;35:*.mov=01;35:*.mpg=01;35:*.mpeg=01;35:*.m2v=01;35:*.mkv=01;35:*.webm=01;35:*.webp=01;35:*.ogm=01;35:*.mp4=01;35:*.m4v=01;35:*.mp4v=01;35:*.vob=01;35:*.qt=01;35:*.nuv=01;35:*.wmv=01;35:*.asf=01;35:*.rm=01;35:*.rmvb=01;35:*.flc=01;35:*.avi=01;35:*.fli=01;35:*.flv=01;35:*.gl=01;35:*.dl=01;35:*.xcf=01;35:*.xwd=01;35:*.yuv=01;35:*.cgm=01;35:*.emf=01;35:*.ogv=01;35:*.ogx=01;35:*.aac=00;36:*.au=00;36:*.flac=00;36:*.m4a=00;36:*.mid=00;36:*.midi=00;36:*.mka=00;36:*.mp3=00;36:*.mpc=00;36:*.ogg=00;36:*.ra=00;36:*.wav=00;36:*.oga=00;36:*.opus=00;36:*.spx=00;36:*.xspf=00;36:'), ('ROS_DOMAIN_ID', '7'), ('AMENT_PREFIX_PATH', '/home/admin/bench/lab/go1_control/install/unitree_nav:/home/admin/bench/lab/go1_control/install/unitree_nav_interfaces:/home/admin/bench/lab/go1_control/install/ros2_unitree_legged_msgs:/home/admin/bench/lab/helios16p_ws/install/vicon_receiver:/home/admin/bench/lab/helios16p_ws/install/rslidar_sdk:/home/admin/bench/lab/helios16p_ws/install/rslidar_msg:/home/admin/bench/lab/helios16p_ws/install/kiss_icp:/home/admin/bench/lab/helios16p_ws/install/helios16p_cane_robot:/home/admin/bench/lab/helios16p_ws/install/go1_description:/opt/ros/humble'), ('DEBIAN_FRONTEND', 'noninteractive'), ('CMAKE_POLICY_VERSION_MINIMUM', '3.5'), ('PWD', '/home/admin/bench/lab/STAGING_helios16p_kiss_legged_bench_cyclone_container_files/helios16p_ws/build/unitree_nav_interfaces'), ('LC_ALL', 'C.UTF-8'), ('PYTHONPATH', '/home/admin/bench/lab/go1_control/install/unitree_nav_interfaces/local/lib/python3.10/dist-packages:/home/admin/bench/lab/go1_control/install/ros2_unitree_legged_msgs/local/lib/python3.10/dist-packages:/home/admin/bench/lab/helios16p_ws/install/rslidar_msg/local/lib/python3.10/dist-packages:/home/admin/bench/lab/helios16p_ws/install/helios16p_cane_robot/lib/python3.10/site-packages:/opt/ros/humble/lib/python3.10/site-packages:/opt/ros/humble/local/lib/python3.10/dist-packages'), ('COLCON', '1'), ('CMAKE_PREFIX_PATH', '/home/admin/bench/lab/go1_control/install/unitree_nav:/home/admin/bench/lab/go1_control/install/unitree_nav_interfaces:/home/admin/bench/lab/go1_control/install/ros2_unitree_legged_msgs:/home/admin/bench/lab/helios16p_ws/install/vicon_receiver:/home/admin/bench/lab/helios16p_ws/install/rslidar_sdk:/home/admin/bench/lab/helios16p_ws/install/rslidar_msg:/home/admin/bench/lab/helios16p_ws/install/kiss_icp:/home/admin/bench/lab/helios16p_ws/install/go1_description:/home/admin/bench/lab/helios16p_ws/install/helios16p_cane_robot:/opt/ros/humble')]), 'shell': False}
[37.270556] (-) TimerEvent: {}
[37.300395] (ros2_unitree_legged_msgs) StdoutLine: {'line': b'[ 69%] \x1b[32mBuilding CXX object CMakeFiles/ros2_unitree_legged_msgs__rosidl_typesupport_fastrtps_cpp.dir/rosidl_typesupport_fastrtps_cpp/ros2_unitree_legged_msgs/msg/detail/dds_fastrtps/led__type_support.cpp.o\x1b[0m\n'}
[37.375403] (-) TimerEvent: {}
[37.436318] (ros2_unitree_legged_msgs) StdoutLine: {'line': b'[ 70%] \x1b[32mBuilding CXX object CMakeFiles/ros2_unitree_legged_msgs__rosidl_typesupport_introspection_cpp.dir/rosidl_typesupport_introspection_cpp/ros2_unitree_legged_msgs/msg/detail/high_cmd__type_support.cpp.o\x1b[0m\n'}
[37.475557] (-) TimerEvent: {}
[37.562451] (ros2_unitree_legged_msgs) StdoutLine: {'line': b'[ 71%] \x1b[32mBuilding CXX object CMakeFiles/ros2_unitree_legged_msgs__rosidl_typesupport_fastrtps_c.dir/rosidl_typesupport_fastrtps_c/ros2_unitree_legged_msgs/msg/detail/led__type_support_c.cpp.o\x1b[0m\n'}
[37.575717] (-) TimerEvent: {}
[37.668329] (unitree_nav_interfaces) StdoutLine: {'line': b'-- Install configuration: ""\n'}
[37.670260] (unitree_nav_interfaces) StdoutLine: {'line': b'-- Installing: /home/admin/bench/lab/STAGING_helios16p_kiss_legged_bench_cyclone_container_files/helios16p_ws/install/unitree_nav_interfaces/share/ament_index/resource_index/rosidl_interfaces/unitree_nav_interfaces\n'}
[37.674399] (unitree_nav_interfaces) StdoutLine: {'line': b'-- Installing: /home/admin/bench/lab/STAGING_helios16p_kiss_legged_bench_cyclone_container_files/helios16p_ws/install/unitree_nav_interfaces/include/unitree_nav_interfaces/unitree_nav_interfaces\n'}
[37.674841] (unitree_nav_interfaces) StdoutLine: {'line': b'-- Installing: /home/admin/bench/lab/STAGING_helios16p_kiss_legged_bench_cyclone_container_files/helios16p_ws/install/unitree_nav_interfaces/include/unitree_nav_interfaces/unitree_nav_interfaces/srv\n'}
[37.675342] (unitree_nav_interfaces) StdoutLine: {'line': b'-- Installing: /home/admin/bench/lab/STAGING_helios16p_kiss_legged_bench_cyclone_container_files/helios16p_ws/install/unitree_nav_interfaces/include/unitree_nav_interfaces/unitree_nav_interfaces/srv/nav_to_pose.h\n'}
[37.675677] (unitree_nav_interfaces) StdoutLine: {'line': b'-- Installing: /home/admin/bench/lab/STAGING_helios16p_kiss_legged_bench_cyclone_container_files/helios16p_ws/install/unitree_nav_interfaces/include/unitree_nav_interfaces/unitree_nav_interfaces/srv/detail\n'}
[37.675970] (-) TimerEvent: {}
[37.676361] (unitree_nav_interfaces) StdoutLine: {'line': b'-- Installing: /home/admin/bench/lab/STAGING_helios16p_kiss_legged_bench_cyclone_container_files/helios16p_ws/install/unitree_nav_interfaces/include/unitree_nav_interfaces/unitree_nav_interfaces/srv/detail/set_gait__functions.h\n'}
[37.676671] (unitree_nav_interfaces) StdoutLine: {'line': b'-- Installing: /home/admin/bench/lab/STAGING_helios16p_kiss_legged_bench_cyclone_container_files/helios16p_ws/install/unitree_nav_interfaces/include/unitree_nav_interfaces/unitree_nav_interfaces/srv/detail/set_gait__struct.h\n'}
[37.677114] (unitree_nav_interfaces) StdoutLine: {'line': b'-- Installing: /home/admin/bench/lab/STAGING_helios16p_kiss_legged_bench_cyclone_container_files/helios16p_ws/install/unitree_nav_interfaces/include/unitree_nav_interfaces/unitree_nav_interfaces/srv/detail/nav_to_pose__functions.c\n'}
[37.677390] (unitree_nav_interfaces) StdoutLine: {'line': b'-- Installing: /home/admin/bench/lab/STAGING_helios16p_kiss_legged_bench_cyclone_container_files/helios16p_ws/install/unitree_nav_interfaces/include/unitree_nav_interfaces/unitree_nav_interfaces/srv/detail/nav_to_pose__struct.h\n'}
[37.677808] (unitree_nav_interfaces) StdoutLine: {'line': b'-- Installing: /home/admin/bench/lab/STAGING_helios16p_kiss_legged_bench_cyclone_container_files/helios16p_ws/install/unitree_nav_interfaces/include/unitree_nav_interfaces/unitree_nav_interfaces/srv/detail/nav_to_pose__functions.h\n'}
[37.678079] (unitree_nav_interfaces) StdoutLine: {'line': b'-- Installing: /home/admin/bench/lab/STAGING_helios16p_kiss_legged_bench_cyclone_container_files/helios16p_ws/install/unitree_nav_interfaces/include/unitree_nav_interfaces/unitree_nav_interfaces/srv/detail/set_body_rpy__struct.h\n'}
[37.679442] (unitree_nav_interfaces) StdoutLine: {'line': b'-- Installing: /home/admin/bench/lab/STAGING_helios16p_kiss_legged_bench_cyclone_container_files/helios16p_ws/install/unitree_nav_interfaces/include/unitree_nav_interfaces/unitree_nav_interfaces/srv/detail/set_gait__functions.c\n'}
[37.679765] (unitree_nav_interfaces) StdoutLine: {'line': b'-- Installing: /home/admin/bench/lab/STAGING_helios16p_kiss_legged_bench_cyclone_container_files/helios16p_ws/install/unitree_nav_interfaces/include/unitree_nav_interfaces/unitree_nav_interfaces/srv/detail/set_body_rpy__functions.h\n'}
[37.682038] (unitree_nav_interfaces) StdoutLine: {'line': b'-- Installing: /home/admin/bench/lab/STAGING_helios16p_kiss_legged_bench_cyclone_container_files/helios16p_ws/install/unitree_nav_interfaces/include/unitree_nav_interfaces/unitree_nav_interfaces/srv/detail/set_body_rpy__type_support.h\n'}
[37.682332] (unitree_nav_interfaces) StdoutLine: {'line': b'-- Installing: /home/admin/bench/lab/STAGING_helios16p_kiss_legged_bench_cyclone_container_files/helios16p_ws/install/unitree_nav_interfaces/include/unitree_nav_interfaces/unitree_nav_interfaces/srv/detail/nav_to_pose__type_support.h\n'}
[37.683861] (unitree_nav_interfaces) StdoutLine: {'line': b'-- Installing: /home/admin/bench/lab/STAGING_helios16p_kiss_legged_bench_cyclone_container_files/helios16p_ws/install/unitree_nav_interfaces/include/unitree_nav_interfaces/unitree_nav_interfaces/srv/detail/set_gait__type_support.h\n'}
[37.684123] (unitree_nav_interfaces) StdoutLine: {'line': b'-- Installing: /home/admin/bench/lab/STAGING_helios16p_kiss_legged_bench_cyclone_container_files/helios16p_ws/install/unitree_nav_interfaces/include/unitree_nav_interfaces/unitree_nav_interfaces/srv/detail/set_body_rpy__functions.c\n'}
[37.685539] (unitree_nav_interfaces) StdoutLine: {'line': b'-- Installing: /home/admin/bench/lab/STAGING_helios16p_kiss_legged_bench_cyclone_container_files/helios16p_ws/install/unitree_nav_interfaces/include/unitree_nav_interfaces/unitree_nav_interfaces/srv/set_body_rpy.h\n'}
[37.686145] (unitree_nav_interfaces) StdoutLine: {'line': b'-- Installing: /home/admin/bench/lab/STAGING_helios16p_kiss_legged_bench_cyclone_container_files/helios16p_ws/install/unitree_nav_interfaces/include/unitree_nav_interfaces/unitree_nav_interfaces/srv/set_gait.h\n'}
[37.686832] (unitree_nav_interfaces) StdoutLine: {'line': b'-- Installing: /home/admin/bench/lab/STAGING_helios16p_kiss_legged_bench_cyclone_container_files/helios16p_ws/install/unitree_nav_interfaces/include/unitree_nav_interfaces/unitree_nav_interfaces/msg\n'}
[37.687356] (unitree_nav_interfaces) StdoutLine: {'line': b'-- Installing: /home/admin/bench/lab/STAGING_helios16p_kiss_legged_bench_cyclone_container_files/helios16p_ws/install/unitree_nav_interfaces/include/unitree_nav_interfaces/unitree_nav_interfaces/msg/rosidl_generator_c__visibility_control.h\n'}
[37.689855] (unitree_nav_interfaces) StdoutLine: {'line': b'-- Installing: /home/admin/bench/lab/STAGING_helios16p_kiss_legged_bench_cyclone_container_files/helios16p_ws/install/unitree_nav_interfaces/share/unitree_nav_interfaces/environment/library_path.sh\n'}
[37.690813] (unitree_nav_interfaces) StdoutLine: {'line': b'-- Installing: /home/admin/bench/lab/STAGING_helios16p_kiss_legged_bench_cyclone_container_files/helios16p_ws/install/unitree_nav_interfaces/share/unitree_nav_interfaces/environment/library_path.dsv\n'}
[37.695390] (unitree_nav_interfaces) StdoutLine: {'line': b'-- Installing: /home/admin/bench/lab/STAGING_helios16p_kiss_legged_bench_cyclone_container_files/helios16p_ws/install/unitree_nav_interfaces/lib/libunitree_nav_interfaces__rosidl_generator_c.so\n'}
[37.695993] (unitree_nav_interfaces) StdoutLine: {'line': b'-- Set non-toolchain portion of runtime path of "/home/admin/bench/lab/STAGING_helios16p_kiss_legged_bench_cyclone_container_files/helios16p_ws/install/unitree_nav_interfaces/lib/libunitree_nav_interfaces__rosidl_generator_c.so" to ""\n'}
[37.696311] (unitree_nav_interfaces) StdoutLine: {'line': b'-- Up-to-date: /home/admin/bench/lab/STAGING_helios16p_kiss_legged_bench_cyclone_container_files/helios16p_ws/install/unitree_nav_interfaces/include/unitree_nav_interfaces/unitree_nav_interfaces\n'}
[37.696578] (unitree_nav_interfaces) StdoutLine: {'line': b'-- Up-to-date: /home/admin/bench/lab/STAGING_helios16p_kiss_legged_bench_cyclone_container_files/helios16p_ws/install/unitree_nav_interfaces/include/unitree_nav_interfaces/unitree_nav_interfaces/srv\n'}
[37.696820] (unitree_nav_interfaces) StdoutLine: {'line': b'-- Up-to-date: /home/admin/bench/lab/STAGING_helios16p_kiss_legged_bench_cyclone_container_files/helios16p_ws/install/unitree_nav_interfaces/include/unitree_nav_interfaces/unitree_nav_interfaces/srv/detail\n'}
[37.697050] (unitree_nav_interfaces) StdoutLine: {'line': b'-- Installing: /home/admin/bench/lab/STAGING_helios16p_kiss_legged_bench_cyclone_container_files/helios16p_ws/install/unitree_nav_interfaces/include/unitree_nav_interfaces/unitree_nav_interfaces/srv/detail/set_gait__rosidl_typesupport_fastrtps_c.h\n'}
[37.697478] (unitree_nav_interfaces) StdoutLine: {'line': b'-- Installing: /home/admin/bench/lab/STAGING_helios16p_kiss_legged_bench_cyclone_container_files/helios16p_ws/install/unitree_nav_interfaces/include/unitree_nav_interfaces/unitree_nav_interfaces/srv/detail/nav_to_pose__rosidl_typesupport_fastrtps_c.h\n'}
[37.697765] (unitree_nav_interfaces) StdoutLine: {'line': b'-- Installing: /home/admin/bench/lab/STAGING_helios16p_kiss_legged_bench_cyclone_container_files/helios16p_ws/install/unitree_nav_interfaces/include/unitree_nav_interfaces/unitree_nav_interfaces/srv/detail/set_body_rpy__rosidl_typesupport_fastrtps_c.h\n'}
[37.698119] (unitree_nav_interfaces) StdoutLine: {'line': b'-- Up-to-date: /home/admin/bench/lab/STAGING_helios16p_kiss_legged_bench_cyclone_container_files/helios16p_ws/install/unitree_nav_interfaces/include/unitree_nav_interfaces/unitree_nav_interfaces/msg\n'}
[37.698549] (unitree_nav_interfaces) StdoutLine: {'line': b'-- Installing: /home/admin/bench/lab/STAGING_helios16p_kiss_legged_bench_cyclone_container_files/helios16p_ws/install/unitree_nav_interfaces/include/unitree_nav_interfaces/unitree_nav_interfaces/msg/rosidl_typesupport_fastrtps_c__visibility_control.h\n'}
[37.699263] (unitree_nav_interfaces) StdoutLine: {'line': b'-- Installing: /home/admin/bench/lab/STAGING_helios16p_kiss_legged_bench_cyclone_container_files/helios16p_ws/install/unitree_nav_interfaces/lib/libunitree_nav_interfaces__rosidl_typesupport_fastrtps_c.so\n'}
[37.701966] (unitree_nav_interfaces) StdoutLine: {'line': b'-- Set non-toolchain portion of runtime path of "/home/admin/bench/lab/STAGING_helios16p_kiss_legged_bench_cyclone_container_files/helios16p_ws/install/unitree_nav_interfaces/lib/libunitree_nav_interfaces__rosidl_typesupport_fastrtps_c.so" to ""\n'}
[37.702489] (unitree_nav_interfaces) StdoutLine: {'line': b'-- Up-to-date: /home/admin/bench/lab/STAGING_helios16p_kiss_legged_bench_cyclone_container_files/helios16p_ws/install/unitree_nav_interfaces/include/unitree_nav_interfaces/unitree_nav_interfaces\n'}
[37.703617] (unitree_nav_interfaces) StdoutLine: {'line': b'-- Up-to-date: /home/admin/bench/lab/STAGING_helios16p_kiss_legged_bench_cyclone_container_files/helios16p_ws/install/unitree_nav_interfaces/include/unitree_nav_interfaces/unitree_nav_interfaces/srv\n'}
[37.704855] (unitree_nav_interfaces) StdoutLine: {'line': b'-- Up-to-date: /home/admin/bench/lab/STAGING_helios16p_kiss_legged_bench_cyclone_container_files/helios16p_ws/install/unitree_nav_interfaces/include/unitree_nav_interfaces/unitree_nav_interfaces/srv/detail\n'}
[37.705215] (unitree_nav_interfaces) StdoutLine: {'line': b'-- Installing: /home/admin/bench/lab/STAGING_helios16p_kiss_legged_bench_cyclone_container_files/helios16p_ws/install/unitree_nav_interfaces/include/unitree_nav_interfaces/unitree_nav_interfaces/srv/detail/set_body_rpy__struct.hpp\n'}
[37.705512] (unitree_nav_interfaces) StdoutLine: {'line': b'-- Installing: /home/admin/bench/lab/STAGING_helios16p_kiss_legged_bench_cyclone_container_files/helios16p_ws/install/unitree_nav_interfaces/include/unitree_nav_interfaces/unitree_nav_interfaces/srv/detail/set_gait__builder.hpp\n'}
[37.708769] (unitree_nav_interfaces) StdoutLine: {'line': b'-- Installing: /home/admin/bench/lab/STAGING_helios16p_kiss_legged_bench_cyclone_container_files/helios16p_ws/install/unitree_nav_interfaces/include/unitree_nav_interfaces/unitree_nav_interfaces/srv/detail/nav_to_pose__struct.hpp\n'}
[37.709238] (unitree_nav_interfaces) StdoutLine: {'line': b'-- Installing: /home/admin/bench/lab/STAGING_helios16p_kiss_legged_bench_cyclone_container_files/helios16p_ws/install/unitree_nav_interfaces/include/unitree_nav_interfaces/unitree_nav_interfaces/srv/detail/set_gait__type_support.hpp\n'}
[37.709527] (unitree_nav_interfaces) StdoutLine: {'line': b'-- Installing: /home/admin/bench/lab/STAGING_helios16p_kiss_legged_bench_cyclone_container_files/helios16p_ws/install/unitree_nav_interfaces/include/unitree_nav_interfaces/unitree_nav_interfaces/srv/detail/set_body_rpy__builder.hpp\n'}
[37.709769] (unitree_nav_interfaces) StdoutLine: {'line': b'-- Installing: /home/admin/bench/lab/STAGING_helios16p_kiss_legged_bench_cyclone_container_files/helios16p_ws/install/unitree_nav_interfaces/include/unitree_nav_interfaces/unitree_nav_interfaces/srv/detail/set_gait__struct.hpp\n'}
[37.710005] (unitree_nav_interfaces) StdoutLine: {'line': b'-- Installing: /home/admin/bench/lab/STAGING_helios16p_kiss_legged_bench_cyclone_container_files/helios16p_ws/install/unitree_nav_interfaces/include/unitree_nav_interfaces/unitree_nav_interfaces/srv/detail/set_body_rpy__type_support.hpp\n'}
[37.710233] (unitree_nav_interfaces) StdoutLine: {'line': b'-- Installing: /home/admin/bench/lab/STAGING_helios16p_kiss_legged_bench_cyclone_container_files/helios16p_ws/install/unitree_nav_interfaces/include/unitree_nav_interfaces/unitree_nav_interfaces/srv/detail/nav_to_pose__builder.hpp\n'}
[37.710672] (unitree_nav_interfaces) StdoutLine: {'line': b'-- Installing: /home/admin/bench/lab/STAGING_helios16p_kiss_legged_bench_cyclone_container_files/helios16p_ws/install/unitree_nav_interfaces/include/unitree_nav_interfaces/unitree_nav_interfaces/srv/detail/nav_to_pose__type_support.hpp\n'}
[37.710963] (unitree_nav_interfaces) StdoutLine: {'line': b'-- Installing: /home/admin/bench/lab/STAGING_helios16p_kiss_legged_bench_cyclone_container_files/helios16p_ws/install/unitree_nav_interfaces/include/unitree_nav_interfaces/unitree_nav_interfaces/srv/detail/nav_to_pose__traits.hpp\n'}
[37.711385] (unitree_nav_interfaces) StdoutLine: {'line': b'-- Installing: /home/admin/bench/lab/STAGING_helios16p_kiss_legged_bench_cyclone_container_files/helios16p_ws/install/unitree_nav_interfaces/include/unitree_nav_interfaces/unitree_nav_interfaces/srv/detail/set_body_rpy__traits.hpp\n'}
[37.712040] (unitree_nav_interfaces) StdoutLine: {'line': b'-- Installing: /home/admin/bench/lab/STAGING_helios16p_kiss_legged_bench_cyclone_container_files/helios16p_ws/install/unitree_nav_interfaces/include/unitree_nav_interfaces/unitree_nav_interfaces/srv/detail/set_gait__traits.hpp\n'}
[37.712885] (unitree_nav_interfaces) StdoutLine: {'line': b'-- Installing: /home/admin/bench/lab/STAGING_helios16p_kiss_legged_bench_cyclone_container_files/helios16p_ws/install/unitree_nav_interfaces/include/unitree_nav_interfaces/unitree_nav_interfaces/srv/nav_to_pose.hpp\n'}
[37.713667] (unitree_nav_interfaces) StdoutLine: {'line': b'-- Installing: /home/admin/bench/lab/STAGING_helios16p_kiss_legged_bench_cyclone_container_files/helios16p_ws/install/unitree_nav_interfaces/include/unitree_nav_interfaces/unitree_nav_interfaces/srv/set_body_rpy.hpp\n'}
[37.714434] (unitree_nav_interfaces) StdoutLine: {'line': b'-- Installing: /home/admin/bench/lab/STAGING_helios16p_kiss_legged_bench_cyclone_container_files/helios16p_ws/install/unitree_nav_interfaces/include/unitree_nav_interfaces/unitree_nav_interfaces/srv/set_gait.hpp\n'}
[37.715133] (unitree_nav_interfaces) StdoutLine: {'line': b'-- Up-to-date: /home/admin/bench/lab/STAGING_helios16p_kiss_legged_bench_cyclone_container_files/helios16p_ws/install/unitree_nav_interfaces/include/unitree_nav_interfaces/unitree_nav_interfaces/msg\n'}
[37.715571] (unitree_nav_interfaces) StdoutLine: {'line': b'-- Installing: /home/admin/bench/lab/STAGING_helios16p_kiss_legged_bench_cyclone_container_files/helios16p_ws/install/unitree_nav_interfaces/include/unitree_nav_interfaces/unitree_nav_interfaces/msg/rosidl_generator_cpp__visibility_control.hpp\n'}
[37.716448] (unitree_nav_interfaces) StdoutLine: {'line': b'-- Up-to-date: /home/admin/bench/lab/STAGING_helios16p_kiss_legged_bench_cyclone_container_files/helios16p_ws/install/unitree_nav_interfaces/include/unitree_nav_interfaces/unitree_nav_interfaces\n'}
[37.718381] (unitree_nav_interfaces) StdoutLine: {'line': b'-- Up-to-date: /home/admin/bench/lab/STAGING_helios16p_kiss_legged_bench_cyclone_container_files/helios16p_ws/install/unitree_nav_interfaces/include/unitree_nav_interfaces/unitree_nav_interfaces/srv\n'}
[37.718773] (unitree_nav_interfaces) StdoutLine: {'line': b'-- Up-to-date: /home/admin/bench/lab/STAGING_helios16p_kiss_legged_bench_cyclone_container_files/helios16p_ws/install/unitree_nav_interfaces/include/unitree_nav_interfaces/unitree_nav_interfaces/srv/detail\n'}
[37.719022] (unitree_nav_interfaces) StdoutLine: {'line': b'-- Installing: /home/admin/bench/lab/STAGING_helios16p_kiss_legged_bench_cyclone_container_files/helios16p_ws/install/unitree_nav_interfaces/include/unitree_nav_interfaces/unitree_nav_interfaces/srv/detail/dds_fastrtps\n'}
[37.719429] (unitree_nav_interfaces) StdoutLine: {'line': b'-- Installing: /home/admin/bench/lab/STAGING_helios16p_kiss_legged_bench_cyclone_container_files/helios16p_ws/install/unitree_nav_interfaces/include/unitree_nav_interfaces/unitree_nav_interfaces/srv/detail/set_body_rpy__rosidl_typesupport_fastrtps_cpp.hpp\n'}
[37.720917] (unitree_nav_interfaces) StdoutLine: {'line': b'-- Installing: /home/admin/bench/lab/STAGING_helios16p_kiss_legged_bench_cyclone_container_files/helios16p_ws/install/unitree_nav_interfaces/include/unitree_nav_interfaces/unitree_nav_interfaces/srv/detail/set_gait__rosidl_typesupport_fastrtps_cpp.hpp\n'}
[37.721205] (unitree_nav_interfaces) StdoutLine: {'line': b'-- Installing: /home/admin/bench/lab/STAGING_helios16p_kiss_legged_bench_cyclone_container_files/helios16p_ws/install/unitree_nav_interfaces/include/unitree_nav_interfaces/unitree_nav_interfaces/srv/detail/nav_to_pose__rosidl_typesupport_fastrtps_cpp.hpp\n'}
[37.721521] (unitree_nav_interfaces) StdoutLine: {'line': b'-- Up-to-date: /home/admin/bench/lab/STAGING_helios16p_kiss_legged_bench_cyclone_container_files/helios16p_ws/install/unitree_nav_interfaces/include/unitree_nav_interfaces/unitree_nav_interfaces/msg\n'}
[37.724452] (unitree_nav_interfaces) StdoutLine: {'line': b'-- Installing: /home/admin/bench/lab/STAGING_helios16p_kiss_legged_bench_cyclone_container_files/helios16p_ws/install/unitree_nav_interfaces/include/unitree_nav_interfaces/unitree_nav_interfaces/msg/rosidl_typesupport_fastrtps_cpp__visibility_control.h\n'}
[37.725074] (unitree_nav_interfaces) StdoutLine: {'line': b'-- Installing: /home/admin/bench/lab/STAGING_helios16p_kiss_legged_bench_cyclone_container_files/helios16p_ws/install/unitree_nav_interfaces/lib/libunitree_nav_interfaces__rosidl_typesupport_fastrtps_cpp.so\n'}
[37.725500] (unitree_nav_interfaces) StdoutLine: {'line': b'-- Set non-toolchain portion of runtime path of "/home/admin/bench/lab/STAGING_helios16p_kiss_legged_bench_cyclone_container_files/helios16p_ws/install/unitree_nav_interfaces/lib/libunitree_nav_interfaces__rosidl_typesupport_fastrtps_cpp.so" to ""\n'}
[37.725804] (unitree_nav_interfaces) StdoutLine: {'line': b'-- Up-to-date: /home/admin/bench/lab/STAGING_helios16p_kiss_legged_bench_cyclone_container_files/helios16p_ws/install/unitree_nav_interfaces/include/unitree_nav_interfaces/unitree_nav_interfaces\n'}
[37.726036] (unitree_nav_interfaces) StdoutLine: {'line': b'-- Up-to-date: /home/admin/bench/lab/STAGING_helios16p_kiss_legged_bench_cyclone_container_files/helios16p_ws/install/unitree_nav_interfaces/include/unitree_nav_interfaces/unitree_nav_interfaces/srv\n'}
[37.726295] (unitree_nav_interfaces) StdoutLine: {'line': b'-- Up-to-date: /home/admin/bench/lab/STAGING_helios16p_kiss_legged_bench_cyclone_container_files/helios16p_ws/install/unitree_nav_interfaces/include/unitree_nav_interfaces/unitree_nav_interfaces/srv/detail\n'}
[37.726563] (unitree_nav_interfaces) StdoutLine: {'line': b'-- Installing: /home/admin/bench/lab/STAGING_helios16p_kiss_legged_bench_cyclone_container_files/helios16p_ws/install/unitree_nav_interfaces/include/unitree_nav_interfaces/unitree_nav_interfaces/srv/detail/set_body_rpy__rosidl_typesupport_introspection_c.h\n'}
[37.730409] (unitree_nav_interfaces) StdoutLine: {'line': b'-- Installing: /home/admin/bench/lab/STAGING_helios16p_kiss_legged_bench_cyclone_container_files/helios16p_ws/install/unitree_nav_interfaces/include/unitree_nav_interfaces/unitree_nav_interfaces/srv/detail/set_body_rpy__type_support.c\n'}
[37.731035] (unitree_nav_interfaces) StdoutLine: {'line': b'-- Installing: /home/admin/bench/lab/STAGING_helios16p_kiss_legged_bench_cyclone_container_files/helios16p_ws/install/unitree_nav_interfaces/include/unitree_nav_interfaces/unitree_nav_interfaces/srv/detail/nav_to_pose__rosidl_typesupport_introspection_c.h\n'}
[37.731384] (unitree_nav_interfaces) StdoutLine: {'line': b'-- Installing: /home/admin/bench/lab/STAGING_helios16p_kiss_legged_bench_cyclone_container_files/helios16p_ws/install/unitree_nav_interfaces/include/unitree_nav_interfaces/unitree_nav_interfaces/srv/detail/set_gait__rosidl_typesupport_introspection_c.h\n'}
[37.731852] (unitree_nav_interfaces) StdoutLine: {'line': b'-- Installing: /home/admin/bench/lab/STAGING_helios16p_kiss_legged_bench_cyclone_container_files/helios16p_ws/install/unitree_nav_interfaces/include/unitree_nav_interfaces/unitree_nav_interfaces/srv/detail/nav_to_pose__type_support.c\n'}
[37.732196] (unitree_nav_interfaces) StdoutLine: {'line': b'-- Installing: /home/admin/bench/lab/STAGING_helios16p_kiss_legged_bench_cyclone_container_files/helios16p_ws/install/unitree_nav_interfaces/include/unitree_nav_interfaces/unitree_nav_interfaces/srv/detail/set_gait__type_support.c\n'}
[37.732537] (unitree_nav_interfaces) StdoutLine: {'line': b'-- Up-to-date: /home/admin/bench/lab/STAGING_helios16p_kiss_legged_bench_cyclone_container_files/helios16p_ws/install/unitree_nav_interfaces/include/unitree_nav_interfaces/unitree_nav_interfaces/msg\n'}
[37.732832] (unitree_nav_interfaces) StdoutLine: {'line': b'-- Installing: /home/admin/bench/lab/STAGING_helios16p_kiss_legged_bench_cyclone_container_files/helios16p_ws/install/unitree_nav_interfaces/include/unitree_nav_interfaces/unitree_nav_interfaces/msg/rosidl_typesupport_introspection_c__visibility_control.h\n'}
[37.733153] (unitree_nav_interfaces) StdoutLine: {'line': b'-- Installing: /home/admin/bench/lab/STAGING_helios16p_kiss_legged_bench_cyclone_container_files/helios16p_ws/install/unitree_nav_interfaces/lib/libunitree_nav_interfaces__rosidl_typesupport_introspection_c.so\n'}
[37.736372] (unitree_nav_interfaces) StdoutLine: {'line': b'-- Set non-toolchain portion of runtime path of "/home/admin/bench/lab/STAGING_helios16p_kiss_legged_bench_cyclone_container_files/helios16p_ws/install/unitree_nav_interfaces/lib/libunitree_nav_interfaces__rosidl_typesupport_introspection_c.so" to ""\n'}
[37.736863] (unitree_nav_interfaces) StdoutLine: {'line': b'-- Installing: /home/admin/bench/lab/STAGING_helios16p_kiss_legged_bench_cyclone_container_files/helios16p_ws/install/unitree_nav_interfaces/lib/libunitree_nav_interfaces__rosidl_typesupport_c.so\n'}
[37.737164] (unitree_nav_interfaces) StdoutLine: {'line': b'-- Set non-toolchain portion of runtime path of "/home/admin/bench/lab/STAGING_helios16p_kiss_legged_bench_cyclone_container_files/helios16p_ws/install/unitree_nav_interfaces/lib/libunitree_nav_interfaces__rosidl_typesupport_c.so" to ""\n'}
[37.740394] (unitree_nav_interfaces) StdoutLine: {'line': b'-- Up-to-date: /home/admin/bench/lab/STAGING_helios16p_kiss_legged_bench_cyclone_container_files/helios16p_ws/install/unitree_nav_interfaces/include/unitree_nav_interfaces/unitree_nav_interfaces\n'}
[37.740922] (unitree_nav_interfaces) StdoutLine: {'line': b'-- Up-to-date: /home/admin/bench/lab/STAGING_helios16p_kiss_legged_bench_cyclone_container_files/helios16p_ws/install/unitree_nav_interfaces/include/unitree_nav_interfaces/unitree_nav_interfaces/srv\n'}
[37.741427] (unitree_nav_interfaces) StdoutLine: {'line': b'-- Up-to-date: /home/admin/bench/lab/STAGING_helios16p_kiss_legged_bench_cyclone_container_files/helios16p_ws/install/unitree_nav_interfaces/include/unitree_nav_interfaces/unitree_nav_interfaces/srv/detail\n'}
[37.741952] (unitree_nav_interfaces) StdoutLine: {'line': b'-- Installing: /home/admin/bench/lab/STAGING_helios16p_kiss_legged_bench_cyclone_container_files/helios16p_ws/install/unitree_nav_interfaces/include/unitree_nav_interfaces/unitree_nav_interfaces/srv/detail/set_gait__type_support.cpp\n'}
[37.742334] (unitree_nav_interfaces) StdoutLine: {'line': b'-- Installing: /home/admin/bench/lab/STAGING_helios16p_kiss_legged_bench_cyclone_container_files/helios16p_ws/install/unitree_nav_interfaces/include/unitree_nav_interfaces/unitree_nav_interfaces/srv/detail/set_body_rpy__type_support.cpp\n'}
[37.742702] (unitree_nav_interfaces) StdoutLine: {'line': b'-- Installing: /home/admin/bench/lab/STAGING_helios16p_kiss_legged_bench_cyclone_container_files/helios16p_ws/install/unitree_nav_interfaces/include/unitree_nav_interfaces/unitree_nav_interfaces/srv/detail/nav_to_pose__type_support.cpp\n'}
[37.743079] (unitree_nav_interfaces) StdoutLine: {'line': b'-- Installing: /home/admin/bench/lab/STAGING_helios16p_kiss_legged_bench_cyclone_container_files/helios16p_ws/install/unitree_nav_interfaces/include/unitree_nav_interfaces/unitree_nav_interfaces/srv/detail/set_body_rpy__rosidl_typesupport_introspection_cpp.hpp\n'}
[37.745719] (unitree_nav_interfaces) StdoutLine: {'line': b'-- Installing: /home/admin/bench/lab/STAGING_helios16p_kiss_legged_bench_cyclone_container_files/helios16p_ws/install/unitree_nav_interfaces/include/unitree_nav_interfaces/unitree_nav_interfaces/srv/detail/nav_to_pose__rosidl_typesupport_introspection_cpp.hpp\n'}
[37.746103] (unitree_nav_interfaces) StdoutLine: {'line': b'-- Installing: /home/admin/bench/lab/STAGING_helios16p_kiss_legged_bench_cyclone_container_files/helios16p_ws/install/unitree_nav_interfaces/include/unitree_nav_interfaces/unitree_nav_interfaces/srv/detail/set_gait__rosidl_typesupport_introspection_cpp.hpp\n'}
[37.746447] (unitree_nav_interfaces) StdoutLine: {'line': b'-- Installing: /home/admin/bench/lab/STAGING_helios16p_kiss_legged_bench_cyclone_container_files/helios16p_ws/install/unitree_nav_interfaces/lib/libunitree_nav_interfaces__rosidl_typesupport_introspection_cpp.so\n'}
[37.746716] (unitree_nav_interfaces) StdoutLine: {'line': b'-- Set non-toolchain portion of runtime path of "/home/admin/bench/lab/STAGING_helios16p_kiss_legged_bench_cyclone_container_files/helios16p_ws/install/unitree_nav_interfaces/lib/libunitree_nav_interfaces__rosidl_typesupport_introspection_cpp.so" to ""\n'}
[37.746947] (unitree_nav_interfaces) StdoutLine: {'line': b'-- Installing: /home/admin/bench/lab/STAGING_helios16p_kiss_legged_bench_cyclone_container_files/helios16p_ws/install/unitree_nav_interfaces/lib/libunitree_nav_interfaces__rosidl_typesupport_cpp.so\n'}
[37.749388] (unitree_nav_interfaces) StdoutLine: {'line': b'-- Set non-toolchain portion of runtime path of "/home/admin/bench/lab/STAGING_helios16p_kiss_legged_bench_cyclone_container_files/helios16p_ws/install/unitree_nav_interfaces/lib/libunitree_nav_interfaces__rosidl_typesupport_cpp.so" to ""\n'}
[37.750012] (unitree_nav_interfaces) StdoutLine: {'line': b'-- Installing: /home/admin/bench/lab/STAGING_helios16p_kiss_legged_bench_cyclone_container_files/helios16p_ws/install/unitree_nav_interfaces/share/unitree_nav_interfaces/environment/pythonpath.sh\n'}
[37.750351] (unitree_nav_interfaces) StdoutLine: {'line': b'-- Installing: /home/admin/bench/lab/STAGING_helios16p_kiss_legged_bench_cyclone_container_files/helios16p_ws/install/unitree_nav_interfaces/share/unitree_nav_interfaces/environment/pythonpath.dsv\n'}
[37.750718] (unitree_nav_interfaces) StdoutLine: {'line': b'-- Installing: /home/admin/bench/lab/STAGING_helios16p_kiss_legged_bench_cyclone_container_files/helios16p_ws/install/unitree_nav_interfaces/local/lib/python3.10/dist-packages/unitree_nav_interfaces-0.0.0-py3.10.egg-info\n'}
[37.755400] (unitree_nav_interfaces) StdoutLine: {'line': b'-- Installing: /home/admin/bench/lab/STAGING_helios16p_kiss_legged_bench_cyclone_container_files/helios16p_ws/install/unitree_nav_interfaces/local/lib/python3.10/dist-packages/unitree_nav_interfaces-0.0.0-py3.10.egg-info/top_level.txt\n'}
[37.756043] (unitree_nav_interfaces) StdoutLine: {'line': b'-- Installing: /home/admin/bench/lab/STAGING_helios16p_kiss_legged_bench_cyclone_container_files/helios16p_ws/install/unitree_nav_interfaces/local/lib/python3.10/dist-packages/unitree_nav_interfaces-0.0.0-py3.10.egg-info/PKG-INFO\n'}
[37.756402] (unitree_nav_interfaces) StdoutLine: {'line': b'-- Installing: /home/admin/bench/lab/STAGING_helios16p_kiss_legged_bench_cyclone_container_files/helios16p_ws/install/unitree_nav_interfaces/local/lib/python3.10/dist-packages/unitree_nav_interfaces-0.0.0-py3.10.egg-info/SOURCES.txt\n'}
[37.756880] (unitree_nav_interfaces) StdoutLine: {'line': b'-- Installing: /home/admin/bench/lab/STAGING_helios16p_kiss_legged_bench_cyclone_container_files/helios16p_ws/install/unitree_nav_interfaces/local/lib/python3.10/dist-packages/unitree_nav_interfaces-0.0.0-py3.10.egg-info/dependency_links.txt\n'}
[37.757148] (unitree_nav_interfaces) StdoutLine: {'line': b'-- Installing: /home/admin/bench/lab/STAGING_helios16p_kiss_legged_bench_cyclone_container_files/helios16p_ws/install/unitree_nav_interfaces/local/lib/python3.10/dist-packages/unitree_nav_interfaces\n'}
[37.757463] (unitree_nav_interfaces) StdoutLine: {'line': b'-- Installing: /home/admin/bench/lab/STAGING_helios16p_kiss_legged_bench_cyclone_container_files/helios16p_ws/install/unitree_nav_interfaces/local/lib/python3.10/dist-packages/unitree_nav_interfaces/unitree_nav_interfaces_s__rosidl_typesupport_c.cpython-310-x86_64-linux-gnu.so\n'}
[37.758722] (unitree_nav_interfaces) StdoutLine: {'line': b'-- Installing: /home/admin/bench/lab/STAGING_helios16p_kiss_legged_bench_cyclone_container_files/helios16p_ws/install/unitree_nav_interfaces/local/lib/python3.10/dist-packages/unitree_nav_interfaces/_unitree_nav_interfaces_s.ep.rosidl_typesupport_introspection_c.c\n'}
[37.761729] (unitree_nav_interfaces) StdoutLine: {'line': b'-- Installing: /home/admin/bench/lab/STAGING_helios16p_kiss_legged_bench_cyclone_container_files/helios16p_ws/install/unitree_nav_interfaces/local/lib/python3.10/dist-packages/unitree_nav_interfaces/_unitree_nav_interfaces_s.ep.rosidl_typesupport_c.c\n'}
[37.762123] (unitree_nav_interfaces) StdoutLine: {'line': b'-- Installing: /home/admin/bench/lab/STAGING_helios16p_kiss_legged_bench_cyclone_container_files/helios16p_ws/install/unitree_nav_interfaces/local/lib/python3.10/dist-packages/unitree_nav_interfaces/unitree_nav_interfaces_s__rosidl_typesupport_fastrtps_c.cpython-310-x86_64-linux-gnu.so\n'}
[37.762666] (unitree_nav_interfaces) StdoutLine: {'line': b'-- Installing: /home/admin/bench/lab/STAGING_helios16p_kiss_legged_bench_cyclone_container_files/helios16p_ws/install/unitree_nav_interfaces/local/lib/python3.10/dist-packages/unitree_nav_interfaces/_unitree_nav_interfaces_s.ep.rosidl_typesupport_fastrtps_c.c\n'}
[37.762977] (unitree_nav_interfaces) StdoutLine: {'line': b'-- Installing: /home/admin/bench/lab/STAGING_helios16p_kiss_legged_bench_cyclone_container_files/helios16p_ws/install/unitree_nav_interfaces/local/lib/python3.10/dist-packages/unitree_nav_interfaces/__init__.py\n'}
[37.763483] (unitree_nav_interfaces) StdoutLine: {'line': b'-- Installing: /home/admin/bench/lab/STAGING_helios16p_kiss_legged_bench_cyclone_container_files/helios16p_ws/install/unitree_nav_interfaces/local/lib/python3.10/dist-packages/unitree_nav_interfaces/libunitree_nav_interfaces_srv__rosidl_generator_py.so\n'}
[37.763872] (unitree_nav_interfaces) StdoutLine: {'line': b'-- Installing: /home/admin/bench/lab/STAGING_helios16p_kiss_legged_bench_cyclone_container_files/helios16p_ws/install/unitree_nav_interfaces/local/lib/python3.10/dist-packages/unitree_nav_interfaces/srv\n'}
[37.765620] (unitree_nav_interfaces) StdoutLine: {'line': b'-- Installing: /home/admin/bench/lab/STAGING_helios16p_kiss_legged_bench_cyclone_container_files/helios16p_ws/install/unitree_nav_interfaces/local/lib/python3.10/dist-packages/unitree_nav_interfaces/srv/_nav_to_pose.py\n'}
[37.766104] (unitree_nav_interfaces) StdoutLine: {'line': b'-- Installing: /home/admin/bench/lab/STAGING_helios16p_kiss_legged_bench_cyclone_container_files/helios16p_ws/install/unitree_nav_interfaces/local/lib/python3.10/dist-packages/unitree_nav_interfaces/srv/_set_body_rpy.py\n'}
[37.766445] (unitree_nav_interfaces) StdoutLine: {'line': b'-- Installing: /home/admin/bench/lab/STAGING_helios16p_kiss_legged_bench_cyclone_container_files/helios16p_ws/install/unitree_nav_interfaces/local/lib/python3.10/dist-packages/unitree_nav_interfaces/srv/_set_gait_s.c\n'}
[37.767931] (unitree_nav_interfaces) StdoutLine: {'line': b'-- Installing: /home/admin/bench/lab/STAGING_helios16p_kiss_legged_bench_cyclone_container_files/helios16p_ws/install/unitree_nav_interfaces/local/lib/python3.10/dist-packages/unitree_nav_interfaces/srv/_set_gait.py\n'}
[37.768300] (unitree_nav_interfaces) StdoutLine: {'line': b'-- Installing: /home/admin/bench/lab/STAGING_helios16p_kiss_legged_bench_cyclone_container_files/helios16p_ws/install/unitree_nav_interfaces/local/lib/python3.10/dist-packages/unitree_nav_interfaces/srv/_nav_to_pose_s.c\n'}
[37.768709] (unitree_nav_interfaces) StdoutLine: {'line': b'-- Installing: /home/admin/bench/lab/STAGING_helios16p_kiss_legged_bench_cyclone_container_files/helios16p_ws/install/unitree_nav_interfaces/local/lib/python3.10/dist-packages/unitree_nav_interfaces/srv/__init__.py\n'}
[37.768981] (unitree_nav_interfaces) StdoutLine: {'line': b'-- Installing: /home/admin/bench/lab/STAGING_helios16p_kiss_legged_bench_cyclone_container_files/helios16p_ws/install/unitree_nav_interfaces/local/lib/python3.10/dist-packages/unitree_nav_interfaces/srv/_set_body_rpy_s.c\n'}
[37.769246] (unitree_nav_interfaces) StdoutLine: {'line': b'-- Installing: /home/admin/bench/lab/STAGING_helios16p_kiss_legged_bench_cyclone_container_files/helios16p_ws/install/unitree_nav_interfaces/local/lib/python3.10/dist-packages/unitree_nav_interfaces/unitree_nav_interfaces_s__rosidl_typesupport_introspection_c.cpython-310-x86_64-linux-gnu.so\n'}
[37.778399] (-) TimerEvent: {}
[37.781537] (ros2_unitree_legged_msgs) StdoutLine: {'line': b'[ 72%] \x1b[1m\x1b[32mLinking CXX shared library libros2_unitree_legged_msgs__rosidl_typesupport_cpp.so\x1b[0m\n'}
[37.791568] (ros2_unitree_legged_msgs) StdoutLine: {'line': b'[ 73%] \x1b[32mBuilding CXX object CMakeFiles/ros2_unitree_legged_msgs__rosidl_typesupport_fastrtps_c.dir/rosidl_typesupport_fastrtps_c/ros2_unitree_legged_msgs/msg/detail/low_cmd__type_support_c.cpp.o\x1b[0m\n'}
[37.881417] (-) TimerEvent: {}
[37.953388] (unitree_nav_interfaces) StdoutLine: {'line': b"Listing '/home/admin/bench/lab/STAGING_helios16p_kiss_legged_bench_cyclone_container_files/helios16p_ws/install/unitree_nav_interfaces/local/lib/python3.10/dist-packages/unitree_nav_interfaces'...\n"}
[37.953955] (unitree_nav_interfaces) StdoutLine: {'line': b"Compiling '/home/admin/bench/lab/STAGING_helios16p_kiss_legged_bench_cyclone_container_files/helios16p_ws/install/unitree_nav_interfaces/local/lib/python3.10/dist-packages/unitree_nav_interfaces/__init__.py'...\n"}
[37.954319] (unitree_nav_interfaces) StdoutLine: {'line': b"Listing '/home/admin/bench/lab/STAGING_helios16p_kiss_legged_bench_cyclone_container_files/helios16p_ws/install/unitree_nav_interfaces/local/lib/python3.10/dist-packages/unitree_nav_interfaces/srv'...\n"}
[37.954673] (unitree_nav_interfaces) StdoutLine: {'line': b"Compiling '/home/admin/bench/lab/STAGING_helios16p_kiss_legged_bench_cyclone_container_files/helios16p_ws/install/unitree_nav_interfaces/local/lib/python3.10/dist-packages/unitree_nav_interfaces/srv/__init__.py'...\n"}
[37.954997] (unitree_nav_interfaces) StdoutLine: {'line': b"Compiling '/home/admin/bench/lab/STAGING_helios16p_kiss_legged_bench_cyclone_container_files/helios16p_ws/install/unitree_nav_interfaces/local/lib/python3.10/dist-packages/unitree_nav_interfaces/srv/_nav_to_pose.py'...\n"}
[37.955297] (unitree_nav_interfaces) StdoutLine: {'line': b"Compiling '/home/admin/bench/lab/STAGING_helios16p_kiss_legged_bench_cyclone_container_files/helios16p_ws/install/unitree_nav_interfaces/local/lib/python3.10/dist-packages/unitree_nav_interfaces/srv/_set_body_rpy.py'...\n"}
[37.955616] (unitree_nav_interfaces) StdoutLine: {'line': b"Compiling '/home/admin/bench/lab/STAGING_helios16p_kiss_legged_bench_cyclone_container_files/helios16p_ws/install/unitree_nav_interfaces/local/lib/python3.10/dist-packages/unitree_nav_interfaces/srv/_set_gait.py'...\n"}
[37.984502] (-) TimerEvent: {}
[38.001534] (unitree_nav_interfaces) StdoutLine: {'line': b'-- Installing: /home/admin/bench/lab/STAGING_helios16p_kiss_legged_bench_cyclone_container_files/helios16p_ws/install/unitree_nav_interfaces/local/lib/python3.10/dist-packages/unitree_nav_interfaces/unitree_nav_interfaces_s__rosidl_typesupport_fastrtps_c.cpython-310-x86_64-linux-gnu.so\n'}
[38.011237] (unitree_nav_interfaces) StdoutLine: {'line': b'-- Set non-toolchain portion of runtime path of "/home/admin/bench/lab/STAGING_helios16p_kiss_legged_bench_cyclone_container_files/helios16p_ws/install/unitree_nav_interfaces/local/lib/python3.10/dist-packages/unitree_nav_interfaces/unitree_nav_interfaces_s__rosidl_typesupport_fastrtps_c.cpython-310-x86_64-linux-gnu.so" to ""\n'}
[38.011769] (unitree_nav_interfaces) StdoutLine: {'line': b'-- Installing: /home/admin/bench/lab/STAGING_helios16p_kiss_legged_bench_cyclone_container_files/helios16p_ws/install/unitree_nav_interfaces/local/lib/python3.10/dist-packages/unitree_nav_interfaces/unitree_nav_interfaces_s__rosidl_typesupport_introspection_c.cpython-310-x86_64-linux-gnu.so\n'}
[38.015525] (unitree_nav_interfaces) StdoutLine: {'line': b'-- Set non-toolchain portion of runtime path of "/home/admin/bench/lab/STAGING_helios16p_kiss_legged_bench_cyclone_container_files/helios16p_ws/install/unitree_nav_interfaces/local/lib/python3.10/dist-packages/unitree_nav_interfaces/unitree_nav_interfaces_s__rosidl_typesupport_introspection_c.cpython-310-x86_64-linux-gnu.so" to ""\n'}
[38.016190] (unitree_nav_interfaces) StdoutLine: {'line': b'-- Installing: /home/admin/bench/lab/STAGING_helios16p_kiss_legged_bench_cyclone_container_files/helios16p_ws/install/unitree_nav_interfaces/local/lib/python3.10/dist-packages/unitree_nav_interfaces/unitree_nav_interfaces_s__rosidl_typesupport_c.cpython-310-x86_64-linux-gnu.so\n'}
[38.026102] (unitree_nav_interfaces) StdoutLine: {'line': b'-- Set non-toolchain portion of runtime path of "/home/admin/bench/lab/STAGING_helios16p_kiss_legged_bench_cyclone_container_files/helios16p_ws/install/unitree_nav_interfaces/local/lib/python3.10/dist-packages/unitree_nav_interfaces/unitree_nav_interfaces_s__rosidl_typesupport_c.cpython-310-x86_64-linux-gnu.so" to ""\n'}
[38.026707] (unitree_nav_interfaces) StdoutLine: {'line': b'-- Installing: /home/admin/bench/lab/STAGING_helios16p_kiss_legged_bench_cyclone_container_files/helios16p_ws/install/unitree_nav_interfaces/lib/libunitree_nav_interfaces_srv__rosidl_generator_py.so\n'}
[38.077543] (unitree_nav_interfaces) StdoutLine: {'line': b'-- Set non-toolchain portion of runtime path of "/home/admin/bench/lab/STAGING_helios16p_kiss_legged_bench_cyclone_container_files/helios16p_ws/install/unitree_nav_interfaces/lib/libunitree_nav_interfaces_srv__rosidl_generator_py.so" to ""\n'}
[38.078017] (unitree_nav_interfaces) StdoutLine: {'line': b'-- Installing: /home/admin/bench/lab/STAGING_helios16p_kiss_legged_bench_cyclone_container_files/helios16p_ws/install/unitree_nav_interfaces/share/unitree_nav_interfaces/srv/SetBodyRPY.idl\n'}
[38.080435] (unitree_nav_interfaces) StdoutLine: {'line': b'-- Installing: /home/admin/bench/lab/STAGING_helios16p_kiss_legged_bench_cyclone_container_files/helios16p_ws/install/unitree_nav_interfaces/share/unitree_nav_interfaces/srv/NavToPose.idl\n'}
[38.085999] (unitree_nav_interfaces) StdoutLine: {'line': b'-- Installing: /home/admin/bench/lab/STAGING_helios16p_kiss_legged_bench_cyclone_container_files/helios16p_ws/install/unitree_nav_interfaces/share/unitree_nav_interfaces/srv/SetGait.idl\n'}
[38.086557] (-) TimerEvent: {}
[38.087859] (unitree_nav_interfaces) StdoutLine: {'line': b'-- Installing: /home/admin/bench/lab/STAGING_helios16p_kiss_legged_bench_cyclone_container_files/helios16p_ws/install/unitree_nav_interfaces/share/unitree_nav_interfaces/srv/SetBodyRPY.srv\n'}
[38.090097] (unitree_nav_interfaces) StdoutLine: {'line': b'-- Installing: /home/admin/bench/lab/STAGING_helios16p_kiss_legged_bench_cyclone_container_files/helios16p_ws/install/unitree_nav_interfaces/share/unitree_nav_interfaces/srv/SetBodyRPY_Request.msg\n'}
[38.091595] (unitree_nav_interfaces) StdoutLine: {'line': b'-- Installing: /home/admin/bench/lab/STAGING_helios16p_kiss_legged_bench_cyclone_container_files/helios16p_ws/install/unitree_nav_interfaces/share/unitree_nav_interfaces/srv/SetBodyRPY_Response.msg\n'}
[38.093620] (unitree_nav_interfaces) StdoutLine: {'line': b'-- Installing: /home/admin/bench/lab/STAGING_helios16p_kiss_legged_bench_cyclone_container_files/helios16p_ws/install/unitree_nav_interfaces/share/unitree_nav_interfaces/srv/NavToPose.srv\n'}
[38.095330] (unitree_nav_interfaces) StdoutLine: {'line': b'-- Installing: /home/admin/bench/lab/STAGING_helios16p_kiss_legged_bench_cyclone_container_files/helios16p_ws/install/unitree_nav_interfaces/share/unitree_nav_interfaces/srv/NavToPose_Request.msg\n'}
[38.097138] (ros2_unitree_legged_msgs) StdoutLine: {'line': b'[ 74%] \x1b[32mBuilding CXX object CMakeFiles/ros2_unitree_legged_msgs__rosidl_typesupport_introspection_cpp.dir/rosidl_typesupport_introspection_cpp/ros2_unitree_legged_msgs/msg/detail/high_state__type_support.cpp.o\x1b[0m\n'}
[38.098188] (unitree_nav_interfaces) StdoutLine: {'line': b'-- Installing: /home/admin/bench/lab/STAGING_helios16p_kiss_legged_bench_cyclone_container_files/helios16p_ws/install/unitree_nav_interfaces/share/unitree_nav_interfaces/srv/NavToPose_Response.msg\n'}
[38.100185] (unitree_nav_interfaces) StdoutLine: {'line': b'-- Installing: /home/admin/bench/lab/STAGING_helios16p_kiss_legged_bench_cyclone_container_files/helios16p_ws/install/unitree_nav_interfaces/share/unitree_nav_interfaces/srv/SetGait.srv\n'}
[38.102504] (unitree_nav_interfaces) StdoutLine: {'line': b'-- Installing: /home/admin/bench/lab/STAGING_helios16p_kiss_legged_bench_cyclone_container_files/helios16p_ws/install/unitree_nav_interfaces/share/unitree_nav_interfaces/srv/SetGait_Request.msg\n'}
[38.104428] (unitree_nav_interfaces) StdoutLine: {'line': b'-- Installing: /home/admin/bench/lab/STAGING_helios16p_kiss_legged_bench_cyclone_container_files/helios16p_ws/install/unitree_nav_interfaces/share/unitree_nav_interfaces/srv/SetGait_Response.msg\n'}
[38.105012] (unitree_nav_interfaces) StdoutLine: {'line': b'-- Installing: /home/admin/bench/lab/STAGING_helios16p_kiss_legged_bench_cyclone_container_files/helios16p_ws/install/unitree_nav_interfaces/share/ament_index/resource_index/package_run_dependencies/unitree_nav_interfaces\n'}
[38.105406] (unitree_nav_interfaces) StdoutLine: {'line': b'-- Installing: /home/admin/bench/lab/STAGING_helios16p_kiss_legged_bench_cyclone_container_files/helios16p_ws/install/unitree_nav_interfaces/share/ament_index/resource_index/parent_prefix_path/unitree_nav_interfaces\n'}
[38.107037] (unitree_nav_interfaces) StdoutLine: {'line': b'-- Installing: /home/admin/bench/lab/STAGING_helios16p_kiss_legged_bench_cyclone_container_files/helios16p_ws/install/unitree_nav_interfaces/share/unitree_nav_interfaces/environment/ament_prefix_path.sh\n'}
[38.107526] (unitree_nav_interfaces) StdoutLine: {'line': b'-- Installing: /home/admin/bench/lab/STAGING_helios16p_kiss_legged_bench_cyclone_container_files/helios16p_ws/install/unitree_nav_interfaces/share/unitree_nav_interfaces/environment/ament_prefix_path.dsv\n'}
[38.110451] (unitree_nav_interfaces) StdoutLine: {'line': b'-- Installing: /home/admin/bench/lab/STAGING_helios16p_kiss_legged_bench_cyclone_container_files/helios16p_ws/install/unitree_nav_interfaces/share/unitree_nav_interfaces/environment/path.sh\n'}
[38.111037] (unitree_nav_interfaces) StdoutLine: {'line': b'-- Installing: /home/admin/bench/lab/STAGING_helios16p_kiss_legged_bench_cyclone_container_files/helios16p_ws/install/unitree_nav_interfaces/share/unitree_nav_interfaces/environment/path.dsv\n'}
[38.111598] (unitree_nav_interfaces) StdoutLine: {'line': b'-- Installing: /home/admin/bench/lab/STAGING_helios16p_kiss_legged_bench_cyclone_container_files/helios16p_ws/install/unitree_nav_interfaces/share/unitree_nav_interfaces/local_setup.bash\n'}
[38.114713] (unitree_nav_interfaces) StdoutLine: {'line': b'-- Installing: /home/admin/bench/lab/STAGING_helios16p_kiss_legged_bench_cyclone_container_files/helios16p_ws/install/unitree_nav_interfaces/share/unitree_nav_interfaces/local_setup.sh\n'}
[38.115294] (unitree_nav_interfaces) StdoutLine: {'line': b'-- Installing: /home/admin/bench/lab/STAGING_helios16p_kiss_legged_bench_cyclone_container_files/helios16p_ws/install/unitree_nav_interfaces/share/unitree_nav_interfaces/local_setup.zsh\n'}
[38.115679] (unitree_nav_interfaces) StdoutLine: {'line': b'-- Installing: /home/admin/bench/lab/STAGING_helios16p_kiss_legged_bench_cyclone_container_files/helios16p_ws/install/unitree_nav_interfaces/share/unitree_nav_interfaces/local_setup.dsv\n'}
[38.115995] (unitree_nav_interfaces) StdoutLine: {'line': b'-- Installing: /home/admin/bench/lab/STAGING_helios16p_kiss_legged_bench_cyclone_container_files/helios16p_ws/install/unitree_nav_interfaces/share/unitree_nav_interfaces/package.dsv\n'}
[38.116291] (unitree_nav_interfaces) StdoutLine: {'line': b'-- Installing: /home/admin/bench/lab/STAGING_helios16p_kiss_legged_bench_cyclone_container_files/helios16p_ws/install/unitree_nav_interfaces/share/ament_index/resource_index/packages/unitree_nav_interfaces\n'}
[38.117605] (unitree_nav_interfaces) StdoutLine: {'line': b'-- Installing: /home/admin/bench/lab/STAGING_helios16p_kiss_legged_bench_cyclone_container_files/helios16p_ws/install/unitree_nav_interfaces/share/unitree_nav_interfaces/cmake/export_unitree_nav_interfaces_srv__rosidl_generator_cExport.cmake\n'}
[38.118215] (unitree_nav_interfaces) StdoutLine: {'line': b'-- Installing: /home/admin/bench/lab/STAGING_helios16p_kiss_legged_bench_cyclone_container_files/helios16p_ws/install/unitree_nav_interfaces/share/unitree_nav_interfaces/cmake/export_unitree_nav_interfaces_srv__rosidl_generator_cExport-noconfig.cmake\n'}
[38.120039] (unitree_nav_interfaces) StdoutLine: {'line': b'-- Installing: /home/admin/bench/lab/STAGING_helios16p_kiss_legged_bench_cyclone_container_files/helios16p_ws/install/unitree_nav_interfaces/share/unitree_nav_interfaces/cmake/export_unitree_nav_interfaces_srv__rosidl_typesupport_fastrtps_cExport.cmake\n'}
[38.121407] (unitree_nav_interfaces) StdoutLine: {'line': b'-- Installing: /home/admin/bench/lab/STAGING_helios16p_kiss_legged_bench_cyclone_container_files/helios16p_ws/install/unitree_nav_interfaces/share/unitree_nav_interfaces/cmake/export_unitree_nav_interfaces_srv__rosidl_typesupport_fastrtps_cExport-noconfig.cmake\n'}
[38.123167] (unitree_nav_interfaces) StdoutLine: {'line': b'-- Installing: /home/admin/bench/lab/STAGING_helios16p_kiss_legged_bench_cyclone_container_files/helios16p_ws/install/unitree_nav_interfaces/share/unitree_nav_interfaces/cmake/export_unitree_nav_interfaces_srv__rosidl_generator_cppExport.cmake\n'}
[38.123639] (unitree_nav_interfaces) StdoutLine: {'line': b'-- Installing: /home/admin/bench/lab/STAGING_helios16p_kiss_legged_bench_cyclone_container_files/helios16p_ws/install/unitree_nav_interfaces/share/unitree_nav_interfaces/cmake/export_unitree_nav_interfaces_srv__rosidl_typesupport_fastrtps_cppExport.cmake\n'}
[38.127182] (unitree_nav_interfaces) StdoutLine: {'line': b'-- Installing: /home/admin/bench/lab/STAGING_helios16p_kiss_legged_bench_cyclone_container_files/helios16p_ws/install/unitree_nav_interfaces/share/unitree_nav_interfaces/cmake/export_unitree_nav_interfaces_srv__rosidl_typesupport_fastrtps_cppExport-noconfig.cmake\n'}
[38.128148] (unitree_nav_interfaces) StdoutLine: {'line': b'-- Installing: /home/admin/bench/lab/STAGING_helios16p_kiss_legged_bench_cyclone_container_files/helios16p_ws/install/unitree_nav_interfaces/share/unitree_nav_interfaces/cmake/unitree_nav_interfaces_srv__rosidl_typesupport_introspection_cExport.cmake\n'}
[38.128704] (unitree_nav_interfaces) StdoutLine: {'line': b'-- Installing: /home/admin/bench/lab/STAGING_helios16p_kiss_legged_bench_cyclone_container_files/helios16p_ws/install/unitree_nav_interfaces/share/unitree_nav_interfaces/cmake/unitree_nav_interfaces_srv__rosidl_typesupport_introspection_cExport-noconfig.cmake\n'}
[38.129219] (unitree_nav_interfaces) StdoutLine: {'line': b'-- Installing: /home/admin/bench/lab/STAGING_helios16p_kiss_legged_bench_cyclone_container_files/helios16p_ws/install/unitree_nav_interfaces/share/unitree_nav_interfaces/cmake/unitree_nav_interfaces_srv__rosidl_typesupport_cExport.cmake\n'}
[38.132699] (unitree_nav_interfaces) StdoutLine: {'line': b'-- Installing: /home/admin/bench/lab/STAGING_helios16p_kiss_legged_bench_cyclone_container_files/helios16p_ws/install/unitree_nav_interfaces/share/unitree_nav_interfaces/cmake/unitree_nav_interfaces_srv__rosidl_typesupport_cExport-noconfig.cmake\n'}
[38.133912] (unitree_nav_interfaces) StdoutLine: {'line': b'-- Installing: /home/admin/bench/lab/STAGING_helios16p_kiss_legged_bench_cyclone_container_files/helios16p_ws/install/unitree_nav_interfaces/share/unitree_nav_interfaces/cmake/unitree_nav_interfaces_srv__rosidl_typesupport_introspection_cppExport.cmake\n'}
[38.135903] (unitree_nav_interfaces) StdoutLine: {'line': b'-- Installing: /home/admin/bench/lab/STAGING_helios16p_kiss_legged_bench_cyclone_container_files/helios16p_ws/install/unitree_nav_interfaces/share/unitree_nav_interfaces/cmake/unitree_nav_interfaces_srv__rosidl_typesupport_introspection_cppExport-noconfig.cmake\n'}
[38.137774] (unitree_nav_interfaces) StdoutLine: {'line': b'-- Installing: /home/admin/bench/lab/STAGING_helios16p_kiss_legged_bench_cyclone_container_files/helios16p_ws/install/unitree_nav_interfaces/share/unitree_nav_interfaces/cmake/unitree_nav_interfaces_srv__rosidl_typesupport_cppExport.cmake\n'}
[38.138089] (unitree_nav_interfaces) StdoutLine: {'line': b'-- Installing: /home/admin/bench/lab/STAGING_helios16p_kiss_legged_bench_cyclone_container_files/helios16p_ws/install/unitree_nav_interfaces/share/unitree_nav_interfaces/cmake/unitree_nav_interfaces_srv__rosidl_typesupport_cppExport-noconfig.cmake\n'}
[38.139562] (unitree_nav_interfaces) StdoutLine: {'line': b'-- Installing: /home/admin/bench/lab/STAGING_helios16p_kiss_legged_bench_cyclone_container_files/helios16p_ws/install/unitree_nav_interfaces/share/unitree_nav_interfaces/cmake/export_unitree_nav_interfaces_srv__rosidl_generator_pyExport.cmake\n'}
[38.145469] (ros2_unitree_legged_msgs) StdoutLine: {'line': b'[ 74%] Built target ros2_unitree_legged_msgs__rosidl_typesupport_cpp\n'}
[38.145946] (unitree_nav_interfaces) StdoutLine: {'line': b'-- Installing: /home/admin/bench/lab/STAGING_helios16p_kiss_legged_bench_cyclone_container_files/helios16p_ws/install/unitree_nav_interfaces/share/unitree_nav_interfaces/cmake/export_unitree_nav_interfaces_srv__rosidl_generator_pyExport-noconfig.cmake\n'}
[38.146304] (unitree_nav_interfaces) StdoutLine: {'line': b'-- Installing: /home/admin/bench/lab/STAGING_helios16p_kiss_legged_bench_cyclone_container_files/helios16p_ws/install/unitree_nav_interfaces/share/unitree_nav_interfaces/cmake/ament_cmake_export_dependencies-extras.cmake\n'}
[38.146843] (unitree_nav_interfaces) StdoutLine: {'line': b'-- Installing: /home/admin/bench/lab/STAGING_helios16p_kiss_legged_bench_cyclone_container_files/helios16p_ws/install/unitree_nav_interfaces/share/unitree_nav_interfaces/cmake/rosidl_cmake-extras.cmake\n'}
[38.147211] (unitree_nav_interfaces) StdoutLine: {'line': b'-- Installing: /home/admin/bench/lab/STAGING_helios16p_kiss_legged_bench_cyclone_container_files/helios16p_ws/install/unitree_nav_interfaces/share/unitree_nav_interfaces/cmake/ament_cmake_export_include_directories-extras.cmake\n'}
[38.150083] (unitree_nav_interfaces) StdoutLine: {'line': b'-- Installing: /home/admin/bench/lab/STAGING_helios16p_kiss_legged_bench_cyclone_container_files/helios16p_ws/install/unitree_nav_interfaces/share/unitree_nav_interfaces/cmake/ament_cmake_export_libraries-extras.cmake\n'}
[38.150680] (unitree_nav_interfaces) StdoutLine: {'line': b'-- Installing: /home/admin/bench/lab/STAGING_helios16p_kiss_legged_bench_cyclone_container_files/helios16p_ws/install/unitree_nav_interfaces/share/unitree_nav_interfaces/cmake/ament_cmake_export_targets-extras.cmake\n'}
[38.151024] (unitree_nav_interfaces) StdoutLine: {'line': b'-- Installing: /home/admin/bench/lab/STAGING_helios16p_kiss_legged_bench_cyclone_container_files/helios16p_ws/install/unitree_nav_interfaces/share/unitree_nav_interfaces/cmake/rosidl_cmake_export_typesupport_targets-extras.cmake\n'}
[38.151556] (unitree_nav_interfaces) StdoutLine: {'line': b'-- Installing: /home/admin/bench/lab/STAGING_helios16p_kiss_legged_bench_cyclone_container_files/helios16p_ws/install/unitree_nav_interfaces/share/unitree_nav_interfaces/cmake/rosidl_cmake_export_typesupport_libraries-extras.cmake\n'}
[38.151862] (unitree_nav_interfaces) StdoutLine: {'line': b'-- Installing: /home/admin/bench/lab/STAGING_helios16p_kiss_legged_bench_cyclone_container_files/helios16p_ws/install/unitree_nav_interfaces/share/unitree_nav_interfaces/cmake/unitree_nav_interfacesConfig.cmake\n'}
[38.155678] (unitree_nav_interfaces) StdoutLine: {'line': b'-- Installing: /home/admin/bench/lab/STAGING_helios16p_kiss_legged_bench_cyclone_container_files/helios16p_ws/install/unitree_nav_interfaces/share/unitree_nav_interfaces/cmake/unitree_nav_interfacesConfig-version.cmake\n'}
[38.156235] (unitree_nav_interfaces) StdoutLine: {'line': b'-- Installing: /home/admin/bench/lab/STAGING_helios16p_kiss_legged_bench_cyclone_container_files/helios16p_ws/install/unitree_nav_interfaces/share/unitree_nav_interfaces/package.xml\n'}
[38.161684] (unitree_nav_interfaces) CommandEnded: {'returncode': 0}
[38.167034] (ros2_unitree_legged_msgs) StdoutLine: {'line': b'[ 75%] \x1b[32mBuilding CXX object CMakeFiles/ros2_unitree_legged_msgs__rosidl_typesupport_fastrtps_cpp.dir/rosidl_typesupport_fastrtps_cpp/ros2_unitree_legged_msgs/msg/detail/dds_fastrtps/low_cmd__type_support.cpp.o\x1b[0m\n'}
[38.186859] (-) TimerEvent: {}
[38.299540] (-) TimerEvent: {}
[38.339833] (unitree_nav_interfaces) JobEnded: {'identifier': 'unitree_nav_interfaces', 'rc': 0}
[38.399711] (-) TimerEvent: {}
[38.500262] (-) TimerEvent: {}
[38.603557] (-) TimerEvent: {}
[38.705888] (-) TimerEvent: {}
[38.808409] (-) TimerEvent: {}
[38.910436] (-) TimerEvent: {}
[39.026419] (-) TimerEvent: {}
[39.133406] (-) TimerEvent: {}
[39.137976] (ros2_unitree_legged_msgs) StdoutLine: {'line': b'[ 76%] \x1b[32mBuilding CXX object CMakeFiles/ros2_unitree_legged_msgs__rosidl_typesupport_fastrtps_c.dir/rosidl_typesupport_fastrtps_c/ros2_unitree_legged_msgs/msg/detail/low_state__type_support_c.cpp.o\x1b[0m\n'}
[39.233570] (-) TimerEvent: {}
[39.334165] (-) TimerEvent: {}
[39.433121] (ros2_unitree_legged_msgs) StdoutLine: {'line': b'[ 77%] \x1b[32mBuilding CXX object CMakeFiles/ros2_unitree_legged_msgs__rosidl_typesupport_fastrtps_c.dir/rosidl_typesupport_fastrtps_c/ros2_unitree_legged_msgs/msg/detail/high_cmd__type_support_c.cpp.o\x1b[0m\n'}
[39.436739] (-) TimerEvent: {}
[39.463468] (ros2_unitree_legged_msgs) StdoutLine: {'line': b'[ 78%] \x1b[32mBuilding CXX object CMakeFiles/ros2_unitree_legged_msgs__rosidl_typesupport_fastrtps_cpp.dir/rosidl_typesupport_fastrtps_cpp/ros2_unitree_legged_msgs/msg/detail/dds_fastrtps/low_state__type_support.cpp.o\x1b[0m\n'}
[39.495792] (ros2_unitree_legged_msgs) StdoutLine: {'line': b'[ 78%] \x1b[32mBuilding CXX object CMakeFiles/ros2_unitree_legged_msgs__rosidl_typesupport_fastrtps_cpp.dir/rosidl_typesupport_fastrtps_cpp/ros2_unitree_legged_msgs/msg/detail/dds_fastrtps/high_cmd__type_support.cpp.o\x1b[0m\n'}
[39.536945] (-) TimerEvent: {}
[39.551536] (ros2_unitree_legged_msgs) StdoutLine: {'line': b'[ 79%] \x1b[32mBuilding CXX object CMakeFiles/ros2_unitree_legged_msgs__rosidl_typesupport_fastrtps_cpp.dir/rosidl_typesupport_fastrtps_cpp/ros2_unitree_legged_msgs/msg/detail/dds_fastrtps/high_state__type_support.cpp.o\x1b[0m\n'}
[39.649413] (-) TimerEvent: {}
[39.686456] (ros2_unitree_legged_msgs) StdoutLine: {'line': b'[ 80%] \x1b[32mBuilding CXX object CMakeFiles/ros2_unitree_legged_msgs__rosidl_typesupport_fastrtps_c.dir/rosidl_typesupport_fastrtps_c/ros2_unitree_legged_msgs/msg/detail/high_state__type_support_c.cpp.o\x1b[0m\n'}
[39.749568] (-) TimerEvent: {}
[39.850512] (-) TimerEvent: {}
[39.951402] (-) TimerEvent: {}
[40.053411] (-) TimerEvent: {}
[40.153994] (-) TimerEvent: {}
[40.245597] (ros2_unitree_legged_msgs) StdoutLine: {'line': b'[ 81%] \x1b[1m\x1b[32mLinking CXX shared library libros2_unitree_legged_msgs__rosidl_typesupport_introspection_cpp.so\x1b[0m\n'}
[40.254462] (-) TimerEvent: {}
[40.355058] (-) TimerEvent: {}
[40.455650] (-) TimerEvent: {}
[40.517585] (ros2_unitree_legged_msgs) StdoutLine: {'line': b'[ 81%] Built target ros2_unitree_legged_msgs__rosidl_typesupport_introspection_cpp\n'}
[40.557447] (-) TimerEvent: {}
[40.661405] (-) TimerEvent: {}
[40.761967] (-) TimerEvent: {}
[40.862580] (-) TimerEvent: {}
[40.965860] (-) TimerEvent: {}
[41.066392] (-) TimerEvent: {}
[41.115366] (ros2_unitree_legged_msgs) StdoutLine: {'line': b'[ 82%] \x1b[1m\x1b[32mLinking CXX shared library libros2_unitree_legged_msgs__rosidl_typesupport_fastrtps_c.so\x1b[0m\n'}
[41.166545] (-) TimerEvent: {}
[41.231089] (ros2_unitree_legged_msgs) StdoutLine: {'line': b'[ 83%] \x1b[1m\x1b[32mLinking CXX shared library libros2_unitree_legged_msgs__rosidl_typesupport_fastrtps_cpp.so\x1b[0m\n'}
[41.266711] (-) TimerEvent: {}
[41.367258] (-) TimerEvent: {}
[41.374930] (ros2_unitree_legged_msgs) StdoutLine: {'line': b'[ 83%] Built target ros2_unitree_legged_msgs__rosidl_typesupport_fastrtps_c\n'}
[41.467380] (-) TimerEvent: {}
[41.471312] (ros2_unitree_legged_msgs) StdoutLine: {'line': b'[ 83%] Built target ros2_unitree_legged_msgs__rosidl_typesupport_fastrtps_cpp\n'}
[41.511978] (ros2_unitree_legged_msgs) StdoutLine: {'line': b'[ 83%] Built target ros2_unitree_legged_msgs\n'}
[41.552905] (ros2_unitree_legged_msgs) StdoutLine: {'line': b'[ 84%] \x1b[1m\x1b[34mGenerating Python code for ROS interfaces\x1b[0m\n'}
[41.567499] (-) TimerEvent: {}
[41.667909] (-) TimerEvent: {}
[41.768334] (-) TimerEvent: {}
[41.868724] (-) TimerEvent: {}
[41.969124] (-) TimerEvent: {}
[42.069553] (-) TimerEvent: {}
[42.169972] (-) TimerEvent: {}
[42.270469] (-) TimerEvent: {}
[42.370926] (-) TimerEvent: {}
[42.471394] (-) TimerEvent: {}
[42.571866] (-) TimerEvent: {}
[42.672366] (-) TimerEvent: {}
[42.772836] (-) TimerEvent: {}
[42.873335] (-) TimerEvent: {}
[42.973753] (-) TimerEvent: {}
[43.074161] (-) TimerEvent: {}
[43.174590] (-) TimerEvent: {}
[43.275025] (-) TimerEvent: {}
[43.375501] (-) TimerEvent: {}
[43.475950] (-) TimerEvent: {}
[43.576461] (-) TimerEvent: {}
[43.676950] (-) TimerEvent: {}
[43.777485] (-) TimerEvent: {}
[43.878042] (-) TimerEvent: {}
[43.978577] (-) TimerEvent: {}
[44.079038] (-) TimerEvent: {}
[44.179504] (-) TimerEvent: {}
[44.279931] (-) TimerEvent: {}
[44.380390] (-) TimerEvent: {}
[44.480885] (-) TimerEvent: {}
[44.581621] (-) TimerEvent: {}
[44.682111] (-) TimerEvent: {}
[44.782902] (-) TimerEvent: {}
[44.883387] (-) TimerEvent: {}
[44.983861] (-) TimerEvent: {}
[45.084360] (-) TimerEvent: {}
[45.184832] (-) TimerEvent: {}
[45.285355] (-) TimerEvent: {}
[45.385881] (-) TimerEvent: {}
[45.486373] (-) TimerEvent: {}
[45.586794] (-) TimerEvent: {}
[45.687205] (-) TimerEvent: {}
[45.787667] (-) TimerEvent: {}
[45.888149] (-) TimerEvent: {}
[45.988653] (-) TimerEvent: {}
[46.089101] (-) TimerEvent: {}
[46.189550] (-) TimerEvent: {}
[46.290019] (-) TimerEvent: {}
[46.390600] (-) TimerEvent: {}
[46.491091] (-) TimerEvent: {}
[46.591567] (-) TimerEvent: {}
[46.692001] (-) TimerEvent: {}
[46.792419] (-) TimerEvent: {}
[46.892831] (-) TimerEvent: {}
[46.993311] (-) TimerEvent: {}
[47.093792] (-) TimerEvent: {}
[47.194219] (-) TimerEvent: {}
[47.294664] (-) TimerEvent: {}
[47.395073] (-) TimerEvent: {}
[47.495487] (-) TimerEvent: {}
[47.595873] (-) TimerEvent: {}
[47.696335] (-) TimerEvent: {}
[47.784367] (ros2_unitree_legged_msgs) StdoutLine: {'line': b'[ 84%] Built target ros2_unitree_legged_msgs__py\n'}
[47.796435] (-) TimerEvent: {}
[47.825545] (ros2_unitree_legged_msgs) StdoutLine: {'line': b'[ 85%] \x1b[32mBuilding C object CMakeFiles/ros2_unitree_legged_msgs__rosidl_generator_py.dir/rosidl_generator_py/ros2_unitree_legged_msgs/msg/_motor_cmd_s.c.o\x1b[0m\n'}
[47.826180] (ros2_unitree_legged_msgs) StdoutLine: {'line': b'[ 86%] \x1b[32mBuilding C object CMakeFiles/ros2_unitree_legged_msgs__rosidl_generator_py.dir/rosidl_generator_py/ros2_unitree_legged_msgs/msg/_bms_cmd_s.c.o\x1b[0m\n'}
[47.826614] (ros2_unitree_legged_msgs) StdoutLine: {'line': b'[ 88%] \x1b[32mBuilding C object CMakeFiles/ros2_unitree_legged_msgs__rosidl_generator_py.dir/rosidl_generator_py/ros2_unitree_legged_msgs/msg/_bms_state_s.c.o\x1b[0m\n'}
[47.826882] (ros2_unitree_legged_msgs) StdoutLine: {'line': b'[ 88%] \x1b[32mBuilding C object CMakeFiles/ros2_unitree_legged_msgs__rosidl_generator_py.dir/rosidl_generator_py/ros2_unitree_legged_msgs/msg/_motor_state_s.c.o\x1b[0m\n'}
[47.829233] (ros2_unitree_legged_msgs) StdoutLine: {'line': b'[ 89%] \x1b[32mBuilding C object CMakeFiles/ros2_unitree_legged_msgs__rosidl_generator_py.dir/rosidl_generator_py/ros2_unitree_legged_msgs/msg/_cartesian_s.c.o\x1b[0m\n'}
[47.896617] (-) TimerEvent: {}
[47.997166] (-) TimerEvent: {}
[48.097754] (-) TimerEvent: {}
[48.132724] (ros2_unitree_legged_msgs) StdoutLine: {'line': b'[ 91%] \x1b[32mBuilding C object CMakeFiles/ros2_unitree_legged_msgs__rosidl_generator_py.dir/rosidl_generator_py/ros2_unitree_legged_msgs/msg/_imu_s.c.o\x1b[0m\n'}
[48.134673] (ros2_unitree_legged_msgs) StdoutLine: {'line': b'[ 91%] \x1b[32mBuilding C object CMakeFiles/ros2_unitree_legged_msgs__rosidl_generator_py.dir/rosidl_generator_py/ros2_unitree_legged_msgs/msg/_led_s.c.o\x1b[0m\n'}
[48.135021] (ros2_unitree_legged_msgs) StdoutLine: {'line': b'[ 91%] \x1b[32mBuilding C object CMakeFiles/ros2_unitree_legged_msgs__rosidl_generator_py.dir/rosidl_generator_py/ros2_unitree_legged_msgs/msg/_low_cmd_s.c.o\x1b[0m\n'}
[48.135310] (ros2_unitree_legged_msgs) StdoutLine: {'line': b'[ 92%] \x1b[32mBuilding C object CMakeFiles/ros2_unitree_legged_msgs__rosidl_generator_py.dir/rosidl_generator_py/ros2_unitree_legged_msgs/msg/_low_state_s.c.o\x1b[0m\n'}
[48.138353] (ros2_unitree_legged_msgs) StdoutLine: {'line': b'[ 93%] \x1b[32mBuilding C object CMakeFiles/ros2_unitree_legged_msgs__rosidl_generator_py.dir/rosidl_generator_py/ros2_unitree_legged_msgs/msg/_high_cmd_s.c.o\x1b[0m\n'}
[48.197886] (-) TimerEvent: {}
[48.319671] (ros2_unitree_legged_msgs) StdoutLine: {'line': b'[ 94%] \x1b[32mBuilding C object CMakeFiles/ros2_unitree_legged_msgs__rosidl_generator_py.dir/rosidl_generator_py/ros2_unitree_legged_msgs/msg/_high_state_s.c.o\x1b[0m\n'}
[48.320112] (-) TimerEvent: {}
[48.420632] (-) TimerEvent: {}
[48.521172] (-) TimerEvent: {}
[48.621771] (-) TimerEvent: {}
[48.727607] (-) TimerEvent: {}
[48.774821] (ros2_unitree_legged_msgs) StdoutLine: {'line': b'[ 95%] \x1b[1m\x1b[32mLinking C shared library rosidl_generator_py/ros2_unitree_legged_msgs/libros2_unitree_legged_msgs__rosidl_generator_py.so\x1b[0m\n'}
[48.827763] (-) TimerEvent: {}
[48.881151] (ros2_unitree_legged_msgs) StdoutLine: {'line': b'[ 95%] Built target ros2_unitree_legged_msgs__rosidl_generator_py\n'}
[48.924391] (ros2_unitree_legged_msgs) StdoutLine: {'line': b'[ 96%] \x1b[32mBuilding C object CMakeFiles/ros2_unitree_legged_msgs__rosidl_typesupport_fastrtps_c__pyext.dir/rosidl_generator_py/ros2_unitree_legged_msgs/_ros2_unitree_legged_msgs_s.ep.rosidl_typesupport_fastrtps_c.c.o\x1b[0m\n'}
[48.924989] (ros2_unitree_legged_msgs) StdoutLine: {'line': b'[ 97%] \x1b[32mBuilding C object CMakeFiles/ros2_unitree_legged_msgs__rosidl_typesupport_introspection_c__pyext.dir/rosidl_generator_py/ros2_unitree_legged_msgs/_ros2_unitree_legged_msgs_s.ep.rosidl_typesupport_introspection_c.c.o\x1b[0m\n'}
[48.925248] (ros2_unitree_legged_msgs) StdoutLine: {'line': b'[ 97%] \x1b[32mBuilding C object CMakeFiles/ros2_unitree_legged_msgs__rosidl_typesupport_c__pyext.dir/rosidl_generator_py/ros2_unitree_legged_msgs/_ros2_unitree_legged_msgs_s.ep.rosidl_typesupport_c.c.o\x1b[0m\n'}
[48.927882] (-) TimerEvent: {}
[49.028393] (-) TimerEvent: {}
[49.128912] (-) TimerEvent: {}
[49.229466] (-) TimerEvent: {}
[49.303769] (ros2_unitree_legged_msgs) StdoutLine: {'line': b'[ 98%] \x1b[1m\x1b[32mLinking C shared library rosidl_generator_py/ros2_unitree_legged_msgs/ros2_unitree_legged_msgs_s__rosidl_typesupport_introspection_c.cpython-310-x86_64-linux-gnu.so\x1b[0m\n'}
[49.306826] (ros2_unitree_legged_msgs) StdoutLine: {'line': b'[ 99%] \x1b[1m\x1b[32mLinking C shared library rosidl_generator_py/ros2_unitree_legged_msgs/ros2_unitree_legged_msgs_s__rosidl_typesupport_c.cpython-310-x86_64-linux-gnu.so\x1b[0m\n'}
[49.329658] (-) TimerEvent: {}
[49.341490] (ros2_unitree_legged_msgs) StdoutLine: {'line': b'[100%] \x1b[1m\x1b[32mLinking C shared library rosidl_generator_py/ros2_unitree_legged_msgs/ros2_unitree_legged_msgs_s__rosidl_typesupport_fastrtps_c.cpython-310-x86_64-linux-gnu.so\x1b[0m\n'}
[49.394749] (ros2_unitree_legged_msgs) StdoutLine: {'line': b'[100%] Built target ros2_unitree_legged_msgs__rosidl_typesupport_c__pyext\n'}
[49.399033] (ros2_unitree_legged_msgs) StdoutLine: {'line': b'[100%] Built target ros2_unitree_legged_msgs__rosidl_typesupport_introspection_c__pyext\n'}
[49.429802] (-) TimerEvent: {}
[49.434705] (ros2_unitree_legged_msgs) StdoutLine: {'line': b'[100%] Built target ros2_unitree_legged_msgs__rosidl_typesupport_fastrtps_c__pyext\n'}
[49.529922] (-) TimerEvent: {}
[49.578710] (ros2_unitree_legged_msgs) CommandEnded: {'returncode': 0}
[49.580731] (ros2_unitree_legged_msgs) JobProgress: {'identifier': 'ros2_unitree_legged_msgs', 'progress': 'install'}
[49.582717] (ros2_unitree_legged_msgs) Command: {'cmd': ['/usr/local/bin/cmake', '--install', '/home/admin/bench/lab/STAGING_helios16p_kiss_legged_bench_cyclone_container_files/helios16p_ws/build/ros2_unitree_legged_msgs'], 'cwd': '/home/admin/bench/lab/STAGING_helios16p_kiss_legged_bench_cyclone_container_files/helios16p_ws/build/ros2_unitree_legged_msgs', 'env': OrderedDict([('HOSTNAME', 'phs'), ('SHLVL', '1'), ('LD_LIBRARY_PATH', '/home/admin/bench/lab/go1_control/install/unitree_nav_interfaces/lib:/home/admin/bench/lab/go1_control/install/ros2_unitree_legged_msgs/lib:/home/admin/bench/lab/helios16p_ws/install/vicon_receiver/lib:/home/admin/bench/lab/helios16p_ws/install/rslidar_msg/lib:/home/admin/bench/lab/helios16p_ws/install/kiss_icp/lib:/opt/ros/humble/opt/rviz_ogre_vendor/lib:/opt/ros/humble/lib/x86_64-linux-gnu:/opt/ros/humble/lib'), ('HOME', '/home/admin'), ('CYCLONEDDS_URI', '/cyclonedds_config.xml'), ('OLDPWD', '/home/admin/bench/lab/STAGING_helios16p_kiss_legged_bench_cyclone_container_files'), ('ROS_PYTHON_VERSION', '3'), ('COLCON_PREFIX_PATH', '/home/admin/bench/lab/go1_control/install:/home/admin/bench/lab/helios16p_ws/install'), ('ROS_DISTRO', 'humble'), ('_', '/usr/bin/colcon'), ('ROS_VERSION', '2'), ('TERM', 'xterm'), ('ROS_LOCALHOST_ONLY', '0'), ('PATH', '/opt/ros/humble/bin:/usr/local/sbin:/usr/local/bin:/usr/sbin:/usr/bin:/sbin:/bin'), ('DISPLAY', ':0'), ('LANG', 'C.UTF-8'), ('RMW_IMPLEMENTATION', 'rmw_cyclonedds_cpp'), ('LS_COLORS', 'rs=0:di=01;34:ln=01;36:mh=00:pi=40;33:so=01;35:do=01;35:bd=40;33;01:cd=40;33;01:or=40;31;01:mi=00:su=37;41:sg=30;43:ca=30;41:tw=30;42:ow=34;42:st=37;44:ex=01;32:*.tar=01;31:*.tgz=01;31:*.arc=01;31:*.arj=01;31:*.taz=01;31:*.lha=01;31:*.lz4=01;31:*.lzh=01;31:*.lzma=01;31:*.tlz=01;31:*.txz=01;31:*.tzo=01;31:*.t7z=01;31:*.zip=01;31:*.z=01;31:*.dz=01;31:*.gz=01;31:*.lrz=01;31:*.lz=01;31:*.lzo=01;31:*.xz=01;31:*.zst=01;31:*.tzst=01;31:*.bz2=01;31:*.bz=01;31:*.tbz=01;31:*.tbz2=01;31:*.tz=01;31:*.deb=01;31:*.rpm=01;31:*.jar=01;31:*.war=01;31:*.ear=01;31:*.sar=01;31:*.rar=01;31:*.alz=01;31:*.ace=01;31:*.zoo=01;31:*.cpio=01;31:*.7z=01;31:*.rz=01;31:*.cab=01;31:*.wim=01;31:*.swm=01;31:*.dwm=01;31:*.esd=01;31:*.jpg=01;35:*.jpeg=01;35:*.mjpg=01;35:*.mjpeg=01;35:*.gif=01;35:*.bmp=01;35:*.pbm=01;35:*.pgm=01;35:*.ppm=01;35:*.tga=01;35:*.xbm=01;35:*.xpm=01;35:*.tif=01;35:*.tiff=01;35:*.png=01;35:*.svg=01;35:*.svgz=01;35:*.mng=01;35:*.pcx=01;35:*.mov=01;35:*.mpg=01;35:*.mpeg=01;35:*.m2v=01;35:*.mkv=01;35:*.webm=01;35:*.webp=01;35:*.ogm=01;35:*.mp4=01;35:*.m4v=01;35:*.mp4v=01;35:*.vob=01;35:*.qt=01;35:*.nuv=01;35:*.wmv=01;35:*.asf=01;35:*.rm=01;35:*.rmvb=01;35:*.flc=01;35:*.avi=01;35:*.fli=01;35:*.flv=01;35:*.gl=01;35:*.dl=01;35:*.xcf=01;35:*.xwd=01;35:*.yuv=01;35:*.cgm=01;35:*.emf=01;35:*.ogv=01;35:*.ogx=01;35:*.aac=00;36:*.au=00;36:*.flac=00;36:*.m4a=00;36:*.mid=00;36:*.midi=00;36:*.mka=00;36:*.mp3=00;36:*.mpc=00;36:*.ogg=00;36:*.ra=00;36:*.wav=00;36:*.oga=00;36:*.opus=00;36:*.spx=00;36:*.xspf=00;36:'), ('ROS_DOMAIN_ID', '7'), ('AMENT_PREFIX_PATH', '/home/admin/bench/lab/go1_control/install/unitree_nav:/home/admin/bench/lab/go1_control/install/unitree_nav_interfaces:/home/admin/bench/lab/go1_control/install/ros2_unitree_legged_msgs:/home/admin/bench/lab/helios16p_ws/install/vicon_receiver:/home/admin/bench/lab/helios16p_ws/install/rslidar_sdk:/home/admin/bench/lab/helios16p_ws/install/rslidar_msg:/home/admin/bench/lab/helios16p_ws/install/kiss_icp:/home/admin/bench/lab/helios16p_ws/install/helios16p_cane_robot:/home/admin/bench/lab/helios16p_ws/install/go1_description:/opt/ros/humble'), ('DEBIAN_FRONTEND', 'noninteractive'), ('CMAKE_POLICY_VERSION_MINIMUM', '3.5'), ('PWD', '/home/admin/bench/lab/STAGING_helios16p_kiss_legged_bench_cyclone_container_files/helios16p_ws/build/ros2_unitree_legged_msgs'), ('LC_ALL', 'C.UTF-8'), ('PYTHONPATH', '/home/admin/bench/lab/go1_control/install/unitree_nav_interfaces/local/lib/python3.10/dist-packages:/home/admin/bench/lab/go1_control/install/ros2_unitree_legged_msgs/local/lib/python3.10/dist-packages:/home/admin/bench/lab/helios16p_ws/install/rslidar_msg/local/lib/python3.10/dist-packages:/home/admin/bench/lab/helios16p_ws/install/helios16p_cane_robot/lib/python3.10/site-packages:/opt/ros/humble/lib/python3.10/site-packages:/opt/ros/humble/local/lib/python3.10/dist-packages'), ('COLCON', '1'), ('CMAKE_PREFIX_PATH', '/home/admin/bench/lab/go1_control/install/unitree_nav:/home/admin/bench/lab/go1_control/install/unitree_nav_interfaces:/home/admin/bench/lab/go1_control/install/ros2_unitree_legged_msgs:/home/admin/bench/lab/helios16p_ws/install/vicon_receiver:/home/admin/bench/lab/helios16p_ws/install/rslidar_sdk:/home/admin/bench/lab/helios16p_ws/install/rslidar_msg:/home/admin/bench/lab/helios16p_ws/install/kiss_icp:/home/admin/bench/lab/helios16p_ws/install/go1_description:/home/admin/bench/lab/helios16p_ws/install/helios16p_cane_robot:/opt/ros/humble')]), 'shell': False}
[49.630069] (-) TimerEvent: {}
[49.730598] (-) TimerEvent: {}
[49.817584] (ros2_unitree_legged_msgs) StdoutLine: {'line': b'-- Install configuration: ""\n'}
[49.818253] (ros2_unitree_legged_msgs) StdoutLine: {'line': b'-- Installing: /home/admin/bench/lab/STAGING_helios16p_kiss_legged_bench_cyclone_container_files/helios16p_ws/install/ros2_unitree_legged_msgs/share/ament_index/resource_index/rosidl_interfaces/ros2_unitree_legged_msgs\n'}
[49.818901] (ros2_unitree_legged_msgs) StdoutLine: {'line': b'-- Installing: /home/admin/bench/lab/STAGING_helios16p_kiss_legged_bench_cyclone_container_files/helios16p_ws/install/ros2_unitree_legged_msgs/include/ros2_unitree_legged_msgs/ros2_unitree_legged_msgs\n'}
[49.819399] (ros2_unitree_legged_msgs) StdoutLine: {'line': b'-- Installing: /home/admin/bench/lab/STAGING_helios16p_kiss_legged_bench_cyclone_container_files/helios16p_ws/install/ros2_unitree_legged_msgs/include/ros2_unitree_legged_msgs/ros2_unitree_legged_msgs/msg\n'}
[49.819756] (ros2_unitree_legged_msgs) StdoutLine: {'line': b'-- Installing: /home/admin/bench/lab/STAGING_helios16p_kiss_legged_bench_cyclone_container_files/helios16p_ws/install/ros2_unitree_legged_msgs/include/ros2_unitree_legged_msgs/ros2_unitree_legged_msgs/msg/high_state.h\n'}
[49.820224] (ros2_unitree_legged_msgs) StdoutLine: {'line': b'-- Installing: /home/admin/bench/lab/STAGING_helios16p_kiss_legged_bench_cyclone_container_files/helios16p_ws/install/ros2_unitree_legged_msgs/include/ros2_unitree_legged_msgs/ros2_unitree_legged_msgs/msg/led.h\n'}
[49.820699] (ros2_unitree_legged_msgs) StdoutLine: {'line': b'-- Installing: /home/admin/bench/lab/STAGING_helios16p_kiss_legged_bench_cyclone_container_files/helios16p_ws/install/ros2_unitree_legged_msgs/include/ros2_unitree_legged_msgs/ros2_unitree_legged_msgs/msg/detail\n'}
[49.821102] (ros2_unitree_legged_msgs) StdoutLine: {'line': b'-- Installing: /home/admin/bench/lab/STAGING_helios16p_kiss_legged_bench_cyclone_container_files/helios16p_ws/install/ros2_unitree_legged_msgs/include/ros2_unitree_legged_msgs/ros2_unitree_legged_msgs/msg/detail/low_cmd__functions.h\n'}
[49.821643] (ros2_unitree_legged_msgs) StdoutLine: {'line': b'-- Installing: /home/admin/bench/lab/STAGING_helios16p_kiss_legged_bench_cyclone_container_files/helios16p_ws/install/ros2_unitree_legged_msgs/include/ros2_unitree_legged_msgs/ros2_unitree_legged_msgs/msg/detail/motor_cmd__functions.c\n'}
[49.822124] (ros2_unitree_legged_msgs) StdoutLine: {'line': b'-- Installing: /home/admin/bench/lab/STAGING_helios16p_kiss_legged_bench_cyclone_container_files/helios16p_ws/install/ros2_unitree_legged_msgs/include/ros2_unitree_legged_msgs/ros2_unitree_legged_msgs/msg/detail/high_cmd__functions.h\n'}
[49.822740] (ros2_unitree_legged_msgs) StdoutLine: {'line': b'-- Installing: /home/admin/bench/lab/STAGING_helios16p_kiss_legged_bench_cyclone_container_files/helios16p_ws/install/ros2_unitree_legged_msgs/include/ros2_unitree_legged_msgs/ros2_unitree_legged_msgs/msg/detail/low_cmd__functions.c\n'}
[49.823240] (ros2_unitree_legged_msgs) StdoutLine: {'line': b'-- Installing: /home/admin/bench/lab/STAGING_helios16p_kiss_legged_bench_cyclone_container_files/helios16p_ws/install/ros2_unitree_legged_msgs/include/ros2_unitree_legged_msgs/ros2_unitree_legged_msgs/msg/detail/bms_cmd__functions.c\n'}
[49.823784] (ros2_unitree_legged_msgs) StdoutLine: {'line': b'-- Installing: /home/admin/bench/lab/STAGING_helios16p_kiss_legged_bench_cyclone_container_files/helios16p_ws/install/ros2_unitree_legged_msgs/include/ros2_unitree_legged_msgs/ros2_unitree_legged_msgs/msg/detail/high_cmd__functions.c\n'}
[49.824290] (ros2_unitree_legged_msgs) StdoutLine: {'line': b'-- Installing: /home/admin/bench/lab/STAGING_helios16p_kiss_legged_bench_cyclone_container_files/helios16p_ws/install/ros2_unitree_legged_msgs/include/ros2_unitree_legged_msgs/ros2_unitree_legged_msgs/msg/detail/bms_cmd__functions.h\n'}
[49.824791] (ros2_unitree_legged_msgs) StdoutLine: {'line': b'-- Installing: /home/admin/bench/lab/STAGING_helios16p_kiss_legged_bench_cyclone_container_files/helios16p_ws/install/ros2_unitree_legged_msgs/include/ros2_unitree_legged_msgs/ros2_unitree_legged_msgs/msg/detail/motor_cmd__struct.h\n'}
[49.825257] (ros2_unitree_legged_msgs) StdoutLine: {'line': b'-- Installing: /home/admin/bench/lab/STAGING_helios16p_kiss_legged_bench_cyclone_container_files/helios16p_ws/install/ros2_unitree_legged_msgs/include/ros2_unitree_legged_msgs/ros2_unitree_legged_msgs/msg/detail/motor_state__functions.c\n'}
[49.825818] (ros2_unitree_legged_msgs) StdoutLine: {'line': b'-- Installing: /home/admin/bench/lab/STAGING_helios16p_kiss_legged_bench_cyclone_container_files/helios16p_ws/install/ros2_unitree_legged_msgs/include/ros2_unitree_legged_msgs/ros2_unitree_legged_msgs/msg/detail/high_state__type_support.h\n'}
[49.826324] (ros2_unitree_legged_msgs) StdoutLine: {'line': b'-- Installing: /home/admin/bench/lab/STAGING_helios16p_kiss_legged_bench_cyclone_container_files/helios16p_ws/install/ros2_unitree_legged_msgs/include/ros2_unitree_legged_msgs/ros2_unitree_legged_msgs/msg/detail/cartesian__functions.c\n'}
[49.826812] (ros2_unitree_legged_msgs) StdoutLine: {'line': b'-- Installing: /home/admin/bench/lab/STAGING_helios16p_kiss_legged_bench_cyclone_container_files/helios16p_ws/install/ros2_unitree_legged_msgs/include/ros2_unitree_legged_msgs/ros2_unitree_legged_msgs/msg/detail/low_cmd__type_support.h\n'}
[49.827403] (ros2_unitree_legged_msgs) StdoutLine: {'line': b'-- Installing: /home/admin/bench/lab/STAGING_helios16p_kiss_legged_bench_cyclone_container_files/helios16p_ws/install/ros2_unitree_legged_msgs/include/ros2_unitree_legged_msgs/ros2_unitree_legged_msgs/msg/detail/low_state__type_support.h\n'}
[49.827883] (ros2_unitree_legged_msgs) StdoutLine: {'line': b'-- Installing: /home/admin/bench/lab/STAGING_helios16p_kiss_legged_bench_cyclone_container_files/helios16p_ws/install/ros2_unitree_legged_msgs/include/ros2_unitree_legged_msgs/ros2_unitree_legged_msgs/msg/detail/motor_state__functions.h\n'}
[49.828418] (ros2_unitree_legged_msgs) StdoutLine: {'line': b'-- Installing: /home/admin/bench/lab/STAGING_helios16p_kiss_legged_bench_cyclone_container_files/helios16p_ws/install/ros2_unitree_legged_msgs/include/ros2_unitree_legged_msgs/ros2_unitree_legged_msgs/msg/detail/led__functions.h\n'}
[49.828979] (ros2_unitree_legged_msgs) StdoutLine: {'line': b'-- Installing: /home/admin/bench/lab/STAGING_helios16p_kiss_legged_bench_cyclone_container_files/helios16p_ws/install/ros2_unitree_legged_msgs/include/ros2_unitree_legged_msgs/ros2_unitree_legged_msgs/msg/detail/low_cmd__struct.h\n'}
[49.829540] (ros2_unitree_legged_msgs) StdoutLine: {'line': b'-- Installing: /home/admin/bench/lab/STAGING_helios16p_kiss_legged_bench_cyclone_container_files/helios16p_ws/install/ros2_unitree_legged_msgs/include/ros2_unitree_legged_msgs/ros2_unitree_legged_msgs/msg/detail/bms_state__functions.c\n'}
[49.830068] (ros2_unitree_legged_msgs) StdoutLine: {'line': b'-- Installing: /home/admin/bench/lab/STAGING_helios16p_kiss_legged_bench_cyclone_container_files/helios16p_ws/install/ros2_unitree_legged_msgs/include/ros2_unitree_legged_msgs/ros2_unitree_legged_msgs/msg/detail/bms_state__type_support.h\n'}
[49.830611] (ros2_unitree_legged_msgs) StdoutLine: {'line': b'-- Installing: /home/admin/bench/lab/STAGING_helios16p_kiss_legged_bench_cyclone_container_files/helios16p_ws/install/ros2_unitree_legged_msgs/include/ros2_unitree_legged_msgs/ros2_unitree_legged_msgs/msg/detail/bms_state__functions.h\n'}
[49.830889] (-) TimerEvent: {}
[49.831238] (ros2_unitree_legged_msgs) StdoutLine: {'line': b'-- Installing: /home/admin/bench/lab/STAGING_helios16p_kiss_legged_bench_cyclone_container_files/helios16p_ws/install/ros2_unitree_legged_msgs/include/ros2_unitree_legged_msgs/ros2_unitree_legged_msgs/msg/detail/motor_state__type_support.h\n'}
[49.831841] (ros2_unitree_legged_msgs) StdoutLine: {'line': b'-- Installing: /home/admin/bench/lab/STAGING_helios16p_kiss_legged_bench_cyclone_container_files/helios16p_ws/install/ros2_unitree_legged_msgs/include/ros2_unitree_legged_msgs/ros2_unitree_legged_msgs/msg/detail/low_state__functions.c\n'}
[49.832586] (ros2_unitree_legged_msgs) StdoutLine: {'line': b'-- Installing: /home/admin/bench/lab/STAGING_helios16p_kiss_legged_bench_cyclone_container_files/helios16p_ws/install/ros2_unitree_legged_msgs/include/ros2_unitree_legged_msgs/ros2_unitree_legged_msgs/msg/detail/low_state__functions.h\n'}
[49.833207] (ros2_unitree_legged_msgs) StdoutLine: {'line': b'-- Installing: /home/admin/bench/lab/STAGING_helios16p_kiss_legged_bench_cyclone_container_files/helios16p_ws/install/ros2_unitree_legged_msgs/include/ros2_unitree_legged_msgs/ros2_unitree_legged_msgs/msg/detail/led__functions.c\n'}
[49.833832] (ros2_unitree_legged_msgs) StdoutLine: {'line': b'-- Installing: /home/admin/bench/lab/STAGING_helios16p_kiss_legged_bench_cyclone_container_files/helios16p_ws/install/ros2_unitree_legged_msgs/include/ros2_unitree_legged_msgs/ros2_unitree_legged_msgs/msg/detail/imu__type_support.h\n'}
[49.834389] (ros2_unitree_legged_msgs) StdoutLine: {'line': b'-- Installing: /home/admin/bench/lab/STAGING_helios16p_kiss_legged_bench_cyclone_container_files/helios16p_ws/install/ros2_unitree_legged_msgs/include/ros2_unitree_legged_msgs/ros2_unitree_legged_msgs/msg/detail/high_cmd__struct.h\n'}
[49.834988] (ros2_unitree_legged_msgs) StdoutLine: {'line': b'-- Installing: /home/admin/bench/lab/STAGING_helios16p_kiss_legged_bench_cyclone_container_files/helios16p_ws/install/ros2_unitree_legged_msgs/include/ros2_unitree_legged_msgs/ros2_unitree_legged_msgs/msg/detail/bms_state__struct.h\n'}
[49.835613] (ros2_unitree_legged_msgs) StdoutLine: {'line': b'-- Installing: /home/admin/bench/lab/STAGING_helios16p_kiss_legged_bench_cyclone_container_files/helios16p_ws/install/ros2_unitree_legged_msgs/include/ros2_unitree_legged_msgs/ros2_unitree_legged_msgs/msg/detail/high_state__struct.h\n'}
[49.836197] (ros2_unitree_legged_msgs) StdoutLine: {'line': b'-- Installing: /home/admin/bench/lab/STAGING_helios16p_kiss_legged_bench_cyclone_container_files/helios16p_ws/install/ros2_unitree_legged_msgs/include/ros2_unitree_legged_msgs/ros2_unitree_legged_msgs/msg/detail/imu__functions.c\n'}
[49.836844] (ros2_unitree_legged_msgs) StdoutLine: {'line': b'-- Installing: /home/admin/bench/lab/STAGING_helios16p_kiss_legged_bench_cyclone_container_files/helios16p_ws/install/ros2_unitree_legged_msgs/include/ros2_unitree_legged_msgs/ros2_unitree_legged_msgs/msg/detail/led__struct.h\n'}
[49.837445] (ros2_unitree_legged_msgs) StdoutLine: {'line': b'-- Installing: /home/admin/bench/lab/STAGING_helios16p_kiss_legged_bench_cyclone_container_files/helios16p_ws/install/ros2_unitree_legged_msgs/include/ros2_unitree_legged_msgs/ros2_unitree_legged_msgs/msg/detail/motor_cmd__type_support.h\n'}
[49.838004] (ros2_unitree_legged_msgs) StdoutLine: {'line': b'-- Installing: /home/admin/bench/lab/STAGING_helios16p_kiss_legged_bench_cyclone_container_files/helios16p_ws/install/ros2_unitree_legged_msgs/include/ros2_unitree_legged_msgs/ros2_unitree_legged_msgs/msg/detail/imu__functions.h\n'}
[49.838593] (ros2_unitree_legged_msgs) StdoutLine: {'line': b'-- Installing: /home/admin/bench/lab/STAGING_helios16p_kiss_legged_bench_cyclone_container_files/helios16p_ws/install/ros2_unitree_legged_msgs/include/ros2_unitree_legged_msgs/ros2_unitree_legged_msgs/msg/detail/bms_cmd__struct.h\n'}
[49.839143] (ros2_unitree_legged_msgs) StdoutLine: {'line': b'-- Installing: /home/admin/bench/lab/STAGING_helios16p_kiss_legged_bench_cyclone_container_files/helios16p_ws/install/ros2_unitree_legged_msgs/include/ros2_unitree_legged_msgs/ros2_unitree_legged_msgs/msg/detail/imu__struct.h\n'}
[49.839724] (ros2_unitree_legged_msgs) StdoutLine: {'line': b'-- Installing: /home/admin/bench/lab/STAGING_helios16p_kiss_legged_bench_cyclone_container_files/helios16p_ws/install/ros2_unitree_legged_msgs/include/ros2_unitree_legged_msgs/ros2_unitree_legged_msgs/msg/detail/led__type_support.h\n'}
[49.840251] (ros2_unitree_legged_msgs) StdoutLine: {'line': b'-- Installing: /home/admin/bench/lab/STAGING_helios16p_kiss_legged_bench_cyclone_container_files/helios16p_ws/install/ros2_unitree_legged_msgs/include/ros2_unitree_legged_msgs/ros2_unitree_legged_msgs/msg/detail/cartesian__functions.h\n'}
[49.840855] (ros2_unitree_legged_msgs) StdoutLine: {'line': b'-- Installing: /home/admin/bench/lab/STAGING_helios16p_kiss_legged_bench_cyclone_container_files/helios16p_ws/install/ros2_unitree_legged_msgs/include/ros2_unitree_legged_msgs/ros2_unitree_legged_msgs/msg/detail/high_state__functions.c\n'}
[49.841457] (ros2_unitree_legged_msgs) StdoutLine: {'line': b'-- Installing: /home/admin/bench/lab/STAGING_helios16p_kiss_legged_bench_cyclone_container_files/helios16p_ws/install/ros2_unitree_legged_msgs/include/ros2_unitree_legged_msgs/ros2_unitree_legged_msgs/msg/detail/cartesian__type_support.h\n'}
[49.842006] (ros2_unitree_legged_msgs) StdoutLine: {'line': b'-- Installing: /home/admin/bench/lab/STAGING_helios16p_kiss_legged_bench_cyclone_container_files/helios16p_ws/install/ros2_unitree_legged_msgs/include/ros2_unitree_legged_msgs/ros2_unitree_legged_msgs/msg/detail/high_state__functions.h\n'}
[49.842582] (ros2_unitree_legged_msgs) StdoutLine: {'line': b'-- Installing: /home/admin/bench/lab/STAGING_helios16p_kiss_legged_bench_cyclone_container_files/helios16p_ws/install/ros2_unitree_legged_msgs/include/ros2_unitree_legged_msgs/ros2_unitree_legged_msgs/msg/detail/high_cmd__type_support.h\n'}
[49.843125] (ros2_unitree_legged_msgs) StdoutLine: {'line': b'-- Installing: /home/admin/bench/lab/STAGING_helios16p_kiss_legged_bench_cyclone_container_files/helios16p_ws/install/ros2_unitree_legged_msgs/include/ros2_unitree_legged_msgs/ros2_unitree_legged_msgs/msg/detail/bms_cmd__type_support.h\n'}
[49.843684] (ros2_unitree_legged_msgs) StdoutLine: {'line': b'-- Installing: /home/admin/bench/lab/STAGING_helios16p_kiss_legged_bench_cyclone_container_files/helios16p_ws/install/ros2_unitree_legged_msgs/include/ros2_unitree_legged_msgs/ros2_unitree_legged_msgs/msg/detail/cartesian__struct.h\n'}
[49.844219] (ros2_unitree_legged_msgs) StdoutLine: {'line': b'-- Installing: /home/admin/bench/lab/STAGING_helios16p_kiss_legged_bench_cyclone_container_files/helios16p_ws/install/ros2_unitree_legged_msgs/include/ros2_unitree_legged_msgs/ros2_unitree_legged_msgs/msg/detail/motor_state__struct.h\n'}
[49.844786] (ros2_unitree_legged_msgs) StdoutLine: {'line': b'-- Installing: /home/admin/bench/lab/STAGING_helios16p_kiss_legged_bench_cyclone_container_files/helios16p_ws/install/ros2_unitree_legged_msgs/include/ros2_unitree_legged_msgs/ros2_unitree_legged_msgs/msg/detail/motor_cmd__functions.h\n'}
[49.845361] (ros2_unitree_legged_msgs) StdoutLine: {'line': b'-- Installing: /home/admin/bench/lab/STAGING_helios16p_kiss_legged_bench_cyclone_container_files/helios16p_ws/install/ros2_unitree_legged_msgs/include/ros2_unitree_legged_msgs/ros2_unitree_legged_msgs/msg/detail/low_state__struct.h\n'}
[49.845906] (ros2_unitree_legged_msgs) StdoutLine: {'line': b'-- Installing: /home/admin/bench/lab/STAGING_helios16p_kiss_legged_bench_cyclone_container_files/helios16p_ws/install/ros2_unitree_legged_msgs/include/ros2_unitree_legged_msgs/ros2_unitree_legged_msgs/msg/imu.h\n'}
[49.846446] (ros2_unitree_legged_msgs) StdoutLine: {'line': b'-- Installing: /home/admin/bench/lab/STAGING_helios16p_kiss_legged_bench_cyclone_container_files/helios16p_ws/install/ros2_unitree_legged_msgs/include/ros2_unitree_legged_msgs/ros2_unitree_legged_msgs/msg/bms_state.h\n'}
[49.846961] (ros2_unitree_legged_msgs) StdoutLine: {'line': b'-- Installing: /home/admin/bench/lab/STAGING_helios16p_kiss_legged_bench_cyclone_container_files/helios16p_ws/install/ros2_unitree_legged_msgs/include/ros2_unitree_legged_msgs/ros2_unitree_legged_msgs/msg/low_state.h\n'}
[49.847505] (ros2_unitree_legged_msgs) StdoutLine: {'line': b'-- Installing: /home/admin/bench/lab/STAGING_helios16p_kiss_legged_bench_cyclone_container_files/helios16p_ws/install/ros2_unitree_legged_msgs/include/ros2_unitree_legged_msgs/ros2_unitree_legged_msgs/msg/bms_cmd.h\n'}
[49.848027] (ros2_unitree_legged_msgs) StdoutLine: {'line': b'-- Installing: /home/admin/bench/lab/STAGING_helios16p_kiss_legged_bench_cyclone_container_files/helios16p_ws/install/ros2_unitree_legged_msgs/include/ros2_unitree_legged_msgs/ros2_unitree_legged_msgs/msg/cartesian.h\n'}
[49.848573] (ros2_unitree_legged_msgs) StdoutLine: {'line': b'-- Installing: /home/admin/bench/lab/STAGING_helios16p_kiss_legged_bench_cyclone_container_files/helios16p_ws/install/ros2_unitree_legged_msgs/include/ros2_unitree_legged_msgs/ros2_unitree_legged_msgs/msg/low_cmd.h\n'}
[49.849090] (ros2_unitree_legged_msgs) StdoutLine: {'line': b'-- Installing: /home/admin/bench/lab/STAGING_helios16p_kiss_legged_bench_cyclone_container_files/helios16p_ws/install/ros2_unitree_legged_msgs/include/ros2_unitree_legged_msgs/ros2_unitree_legged_msgs/msg/motor_cmd.h\n'}
[49.849639] (ros2_unitree_legged_msgs) StdoutLine: {'line': b'-- Installing: /home/admin/bench/lab/STAGING_helios16p_kiss_legged_bench_cyclone_container_files/helios16p_ws/install/ros2_unitree_legged_msgs/include/ros2_unitree_legged_msgs/ros2_unitree_legged_msgs/msg/rosidl_generator_c__visibility_control.h\n'}
[49.850157] (ros2_unitree_legged_msgs) StdoutLine: {'line': b'-- Installing: /home/admin/bench/lab/STAGING_helios16p_kiss_legged_bench_cyclone_container_files/helios16p_ws/install/ros2_unitree_legged_msgs/include/ros2_unitree_legged_msgs/ros2_unitree_legged_msgs/msg/high_cmd.h\n'}
[49.850696] (ros2_unitree_legged_msgs) StdoutLine: {'line': b'-- Installing: /home/admin/bench/lab/STAGING_helios16p_kiss_legged_bench_cyclone_container_files/helios16p_ws/install/ros2_unitree_legged_msgs/include/ros2_unitree_legged_msgs/ros2_unitree_legged_msgs/msg/motor_state.h\n'}
[49.851722] (ros2_unitree_legged_msgs) StdoutLine: {'line': b'-- Installing: /home/admin/bench/lab/STAGING_helios16p_kiss_legged_bench_cyclone_container_files/helios16p_ws/install/ros2_unitree_legged_msgs/share/ros2_unitree_legged_msgs/environment/library_path.sh\n'}
[49.852376] (ros2_unitree_legged_msgs) StdoutLine: {'line': b'-- Installing: /home/admin/bench/lab/STAGING_helios16p_kiss_legged_bench_cyclone_container_files/helios16p_ws/install/ros2_unitree_legged_msgs/share/ros2_unitree_legged_msgs/environment/library_path.dsv\n'}
[49.853222] (ros2_unitree_legged_msgs) StdoutLine: {'line': b'-- Installing: /home/admin/bench/lab/STAGING_helios16p_kiss_legged_bench_cyclone_container_files/helios16p_ws/install/ros2_unitree_legged_msgs/lib/libros2_unitree_legged_msgs__rosidl_generator_c.so\n'}
[49.854997] (ros2_unitree_legged_msgs) StdoutLine: {'line': b'-- Set non-toolchain portion of runtime path of "/home/admin/bench/lab/STAGING_helios16p_kiss_legged_bench_cyclone_container_files/helios16p_ws/install/ros2_unitree_legged_msgs/lib/libros2_unitree_legged_msgs__rosidl_generator_c.so" to ""\n'}
[49.855420] (ros2_unitree_legged_msgs) StdoutLine: {'line': b'-- Up-to-date: /home/admin/bench/lab/STAGING_helios16p_kiss_legged_bench_cyclone_container_files/helios16p_ws/install/ros2_unitree_legged_msgs/include/ros2_unitree_legged_msgs/ros2_unitree_legged_msgs\n'}
[49.855811] (ros2_unitree_legged_msgs) StdoutLine: {'line': b'-- Up-to-date: /home/admin/bench/lab/STAGING_helios16p_kiss_legged_bench_cyclone_container_files/helios16p_ws/install/ros2_unitree_legged_msgs/include/ros2_unitree_legged_msgs/ros2_unitree_legged_msgs/msg\n'}
[49.856127] (ros2_unitree_legged_msgs) StdoutLine: {'line': b'-- Up-to-date: /home/admin/bench/lab/STAGING_helios16p_kiss_legged_bench_cyclone_container_files/helios16p_ws/install/ros2_unitree_legged_msgs/include/ros2_unitree_legged_msgs/ros2_unitree_legged_msgs/msg/detail\n'}
[49.856403] (ros2_unitree_legged_msgs) StdoutLine: {'line': b'-- Installing: /home/admin/bench/lab/STAGING_helios16p_kiss_legged_bench_cyclone_container_files/helios16p_ws/install/ros2_unitree_legged_msgs/include/ros2_unitree_legged_msgs/ros2_unitree_legged_msgs/msg/detail/led__rosidl_typesupport_fastrtps_c.h\n'}
[49.856722] (ros2_unitree_legged_msgs) StdoutLine: {'line': b'-- Installing: /home/admin/bench/lab/STAGING_helios16p_kiss_legged_bench_cyclone_container_files/helios16p_ws/install/ros2_unitree_legged_msgs/include/ros2_unitree_legged_msgs/ros2_unitree_legged_msgs/msg/detail/bms_cmd__rosidl_typesupport_fastrtps_c.h\n'}
[49.857066] (ros2_unitree_legged_msgs) StdoutLine: {'line': b'-- Installing: /home/admin/bench/lab/STAGING_helios16p_kiss_legged_bench_cyclone_container_files/helios16p_ws/install/ros2_unitree_legged_msgs/include/ros2_unitree_legged_msgs/ros2_unitree_legged_msgs/msg/detail/imu__rosidl_typesupport_fastrtps_c.h\n'}
[49.857673] (ros2_unitree_legged_msgs) StdoutLine: {'line': b'-- Installing: /home/admin/bench/lab/STAGING_helios16p_kiss_legged_bench_cyclone_container_files/helios16p_ws/install/ros2_unitree_legged_msgs/include/ros2_unitree_legged_msgs/ros2_unitree_legged_msgs/msg/detail/low_state__rosidl_typesupport_fastrtps_c.h\n'}
[49.858234] (ros2_unitree_legged_msgs) StdoutLine: {'line': b'-- Installing: /home/admin/bench/lab/STAGING_helios16p_kiss_legged_bench_cyclone_container_files/helios16p_ws/install/ros2_unitree_legged_msgs/include/ros2_unitree_legged_msgs/ros2_unitree_legged_msgs/msg/detail/high_state__rosidl_typesupport_fastrtps_c.h\n'}
[49.858808] (ros2_unitree_legged_msgs) StdoutLine: {'line': b'-- Installing: /home/admin/bench/lab/STAGING_helios16p_kiss_legged_bench_cyclone_container_files/helios16p_ws/install/ros2_unitree_legged_msgs/include/ros2_unitree_legged_msgs/ros2_unitree_legged_msgs/msg/detail/high_cmd__rosidl_typesupport_fastrtps_c.h\n'}
[49.859374] (ros2_unitree_legged_msgs) StdoutLine: {'line': b'-- Installing: /home/admin/bench/lab/STAGING_helios16p_kiss_legged_bench_cyclone_container_files/helios16p_ws/install/ros2_unitree_legged_msgs/include/ros2_unitree_legged_msgs/ros2_unitree_legged_msgs/msg/detail/motor_state__rosidl_typesupport_fastrtps_c.h\n'}
[49.859944] (ros2_unitree_legged_msgs) StdoutLine: {'line': b'-- Installing: /home/admin/bench/lab/STAGING_helios16p_kiss_legged_bench_cyclone_container_files/helios16p_ws/install/ros2_unitree_legged_msgs/include/ros2_unitree_legged_msgs/ros2_unitree_legged_msgs/msg/detail/bms_state__rosidl_typesupport_fastrtps_c.h\n'}
[49.860514] (ros2_unitree_legged_msgs) StdoutLine: {'line': b'-- Installing: /home/admin/bench/lab/STAGING_helios16p_kiss_legged_bench_cyclone_container_files/helios16p_ws/install/ros2_unitree_legged_msgs/include/ros2_unitree_legged_msgs/ros2_unitree_legged_msgs/msg/detail/low_cmd__rosidl_typesupport_fastrtps_c.h\n'}
[49.861061] (ros2_unitree_legged_msgs) StdoutLine: {'line': b'-- Installing: /home/admin/bench/lab/STAGING_helios16p_kiss_legged_bench_cyclone_container_files/helios16p_ws/install/ros2_unitree_legged_msgs/include/ros2_unitree_legged_msgs/ros2_unitree_legged_msgs/msg/detail/motor_cmd__rosidl_typesupport_fastrtps_c.h\n'}
[49.861670] (ros2_unitree_legged_msgs) StdoutLine: {'line': b'-- Installing: /home/admin/bench/lab/STAGING_helios16p_kiss_legged_bench_cyclone_container_files/helios16p_ws/install/ros2_unitree_legged_msgs/include/ros2_unitree_legged_msgs/ros2_unitree_legged_msgs/msg/detail/cartesian__rosidl_typesupport_fastrtps_c.h\n'}
[49.862220] (ros2_unitree_legged_msgs) StdoutLine: {'line': b'-- Installing: /home/admin/bench/lab/STAGING_helios16p_kiss_legged_bench_cyclone_container_files/helios16p_ws/install/ros2_unitree_legged_msgs/include/ros2_unitree_legged_msgs/ros2_unitree_legged_msgs/msg/rosidl_typesupport_fastrtps_c__visibility_control.h\n'}
[49.862940] (ros2_unitree_legged_msgs) StdoutLine: {'line': b'-- Installing: /home/admin/bench/lab/STAGING_helios16p_kiss_legged_bench_cyclone_container_files/helios16p_ws/install/ros2_unitree_legged_msgs/lib/libros2_unitree_legged_msgs__rosidl_typesupport_fastrtps_c.so\n'}
[49.864749] (ros2_unitree_legged_msgs) StdoutLine: {'line': b'-- Set non-toolchain portion of runtime path of "/home/admin/bench/lab/STAGING_helios16p_kiss_legged_bench_cyclone_container_files/helios16p_ws/install/ros2_unitree_legged_msgs/lib/libros2_unitree_legged_msgs__rosidl_typesupport_fastrtps_c.so" to ""\n'}
[49.865188] (ros2_unitree_legged_msgs) StdoutLine: {'line': b'-- Up-to-date: /home/admin/bench/lab/STAGING_helios16p_kiss_legged_bench_cyclone_container_files/helios16p_ws/install/ros2_unitree_legged_msgs/include/ros2_unitree_legged_msgs/ros2_unitree_legged_msgs\n'}
[49.865560] (ros2_unitree_legged_msgs) StdoutLine: {'line': b'-- Up-to-date: /home/admin/bench/lab/STAGING_helios16p_kiss_legged_bench_cyclone_container_files/helios16p_ws/install/ros2_unitree_legged_msgs/include/ros2_unitree_legged_msgs/ros2_unitree_legged_msgs/msg\n'}
[49.865890] (ros2_unitree_legged_msgs) StdoutLine: {'line': b'-- Up-to-date: /home/admin/bench/lab/STAGING_helios16p_kiss_legged_bench_cyclone_container_files/helios16p_ws/install/ros2_unitree_legged_msgs/include/ros2_unitree_legged_msgs/ros2_unitree_legged_msgs/msg/detail\n'}
[49.866128] (ros2_unitree_legged_msgs) StdoutLine: {'line': b'-- Installing: /home/admin/bench/lab/STAGING_helios16p_kiss_legged_bench_cyclone_container_files/helios16p_ws/install/ros2_unitree_legged_msgs/include/ros2_unitree_legged_msgs/ros2_unitree_legged_msgs/msg/detail/high_state__rosidl_typesupport_introspection_c.h\n'}
[49.866466] (ros2_unitree_legged_msgs) StdoutLine: {'line': b'-- Installing: /home/admin/bench/lab/STAGING_helios16p_kiss_legged_bench_cyclone_container_files/helios16p_ws/install/ros2_unitree_legged_msgs/include/ros2_unitree_legged_msgs/ros2_unitree_legged_msgs/msg/detail/high_state__type_support.c\n'}
[49.866998] (ros2_unitree_legged_msgs) StdoutLine: {'line': b'-- Installing: /home/admin/bench/lab/STAGING_helios16p_kiss_legged_bench_cyclone_container_files/helios16p_ws/install/ros2_unitree_legged_msgs/include/ros2_unitree_legged_msgs/ros2_unitree_legged_msgs/msg/detail/imu__rosidl_typesupport_introspection_c.h\n'}
[49.867574] (ros2_unitree_legged_msgs) StdoutLine: {'line': b'-- Installing: /home/admin/bench/lab/STAGING_helios16p_kiss_legged_bench_cyclone_container_files/helios16p_ws/install/ros2_unitree_legged_msgs/include/ros2_unitree_legged_msgs/ros2_unitree_legged_msgs/msg/detail/low_state__type_support.c\n'}
[49.868249] (ros2_unitree_legged_msgs) StdoutLine: {'line': b'-- Installing: /home/admin/bench/lab/STAGING_helios16p_kiss_legged_bench_cyclone_container_files/helios16p_ws/install/ros2_unitree_legged_msgs/include/ros2_unitree_legged_msgs/ros2_unitree_legged_msgs/msg/detail/cartesian__rosidl_typesupport_introspection_c.h\n'}
[49.868811] (ros2_unitree_legged_msgs) StdoutLine: {'line': b'-- Installing: /home/admin/bench/lab/STAGING_helios16p_kiss_legged_bench_cyclone_container_files/helios16p_ws/install/ros2_unitree_legged_msgs/include/ros2_unitree_legged_msgs/ros2_unitree_legged_msgs/msg/detail/low_cmd__rosidl_typesupport_introspection_c.h\n'}
[49.869386] (ros2_unitree_legged_msgs) StdoutLine: {'line': b'-- Installing: /home/admin/bench/lab/STAGING_helios16p_kiss_legged_bench_cyclone_container_files/helios16p_ws/install/ros2_unitree_legged_msgs/include/ros2_unitree_legged_msgs/ros2_unitree_legged_msgs/msg/detail/motor_state__rosidl_typesupport_introspection_c.h\n'}
[49.869938] (ros2_unitree_legged_msgs) StdoutLine: {'line': b'-- Installing: /home/admin/bench/lab/STAGING_helios16p_kiss_legged_bench_cyclone_container_files/helios16p_ws/install/ros2_unitree_legged_msgs/include/ros2_unitree_legged_msgs/ros2_unitree_legged_msgs/msg/detail/low_cmd__type_support.c\n'}
[49.870605] (ros2_unitree_legged_msgs) StdoutLine: {'line': b'-- Installing: /home/admin/bench/lab/STAGING_helios16p_kiss_legged_bench_cyclone_container_files/helios16p_ws/install/ros2_unitree_legged_msgs/include/ros2_unitree_legged_msgs/ros2_unitree_legged_msgs/msg/detail/bms_state__rosidl_typesupport_introspection_c.h\n'}
[49.871142] (ros2_unitree_legged_msgs) StdoutLine: {'line': b'-- Installing: /home/admin/bench/lab/STAGING_helios16p_kiss_legged_bench_cyclone_container_files/helios16p_ws/install/ros2_unitree_legged_msgs/include/ros2_unitree_legged_msgs/ros2_unitree_legged_msgs/msg/detail/bms_cmd__type_support.c\n'}
[49.871730] (ros2_unitree_legged_msgs) StdoutLine: {'line': b'-- Installing: /home/admin/bench/lab/STAGING_helios16p_kiss_legged_bench_cyclone_container_files/helios16p_ws/install/ros2_unitree_legged_msgs/include/ros2_unitree_legged_msgs/ros2_unitree_legged_msgs/msg/detail/motor_cmd__type_support.c\n'}
[49.872321] (ros2_unitree_legged_msgs) StdoutLine: {'line': b'-- Installing: /home/admin/bench/lab/STAGING_helios16p_kiss_legged_bench_cyclone_container_files/helios16p_ws/install/ros2_unitree_legged_msgs/include/ros2_unitree_legged_msgs/ros2_unitree_legged_msgs/msg/detail/high_cmd__rosidl_typesupport_introspection_c.h\n'}
[49.872871] (ros2_unitree_legged_msgs) StdoutLine: {'line': b'-- Installing: /home/admin/bench/lab/STAGING_helios16p_kiss_legged_bench_cyclone_container_files/helios16p_ws/install/ros2_unitree_legged_msgs/include/ros2_unitree_legged_msgs/ros2_unitree_legged_msgs/msg/detail/imu__type_support.c\n'}
[49.873489] (ros2_unitree_legged_msgs) StdoutLine: {'line': b'-- Installing: /home/admin/bench/lab/STAGING_helios16p_kiss_legged_bench_cyclone_container_files/helios16p_ws/install/ros2_unitree_legged_msgs/include/ros2_unitree_legged_msgs/ros2_unitree_legged_msgs/msg/detail/low_state__rosidl_typesupport_introspection_c.h\n'}
[49.874040] (ros2_unitree_legged_msgs) StdoutLine: {'line': b'-- Installing: /home/admin/bench/lab/STAGING_helios16p_kiss_legged_bench_cyclone_container_files/helios16p_ws/install/ros2_unitree_legged_msgs/include/ros2_unitree_legged_msgs/ros2_unitree_legged_msgs/msg/detail/led__type_support.c\n'}
[49.874642] (ros2_unitree_legged_msgs) StdoutLine: {'line': b'-- Installing: /home/admin/bench/lab/STAGING_helios16p_kiss_legged_bench_cyclone_container_files/helios16p_ws/install/ros2_unitree_legged_msgs/include/ros2_unitree_legged_msgs/ros2_unitree_legged_msgs/msg/detail/bms_state__type_support.c\n'}
[49.875260] (ros2_unitree_legged_msgs) StdoutLine: {'line': b'-- Installing: /home/admin/bench/lab/STAGING_helios16p_kiss_legged_bench_cyclone_container_files/helios16p_ws/install/ros2_unitree_legged_msgs/include/ros2_unitree_legged_msgs/ros2_unitree_legged_msgs/msg/detail/bms_cmd__rosidl_typesupport_introspection_c.h\n'}
[49.875824] (ros2_unitree_legged_msgs) StdoutLine: {'line': b'-- Installing: /home/admin/bench/lab/STAGING_helios16p_kiss_legged_bench_cyclone_container_files/helios16p_ws/install/ros2_unitree_legged_msgs/include/ros2_unitree_legged_msgs/ros2_unitree_legged_msgs/msg/detail/motor_state__type_support.c\n'}
[49.876446] (ros2_unitree_legged_msgs) StdoutLine: {'line': b'-- Installing: /home/admin/bench/lab/STAGING_helios16p_kiss_legged_bench_cyclone_container_files/helios16p_ws/install/ros2_unitree_legged_msgs/include/ros2_unitree_legged_msgs/ros2_unitree_legged_msgs/msg/detail/high_cmd__type_support.c\n'}
[49.877094] (ros2_unitree_legged_msgs) StdoutLine: {'line': b'-- Installing: /home/admin/bench/lab/STAGING_helios16p_kiss_legged_bench_cyclone_container_files/helios16p_ws/install/ros2_unitree_legged_msgs/include/ros2_unitree_legged_msgs/ros2_unitree_legged_msgs/msg/detail/cartesian__type_support.c\n'}
[49.877697] (ros2_unitree_legged_msgs) StdoutLine: {'line': b'-- Installing: /home/admin/bench/lab/STAGING_helios16p_kiss_legged_bench_cyclone_container_files/helios16p_ws/install/ros2_unitree_legged_msgs/include/ros2_unitree_legged_msgs/ros2_unitree_legged_msgs/msg/detail/motor_cmd__rosidl_typesupport_introspection_c.h\n'}
[49.878254] (ros2_unitree_legged_msgs) StdoutLine: {'line': b'-- Installing: /home/admin/bench/lab/STAGING_helios16p_kiss_legged_bench_cyclone_container_files/helios16p_ws/install/ros2_unitree_legged_msgs/include/ros2_unitree_legged_msgs/ros2_unitree_legged_msgs/msg/detail/led__rosidl_typesupport_introspection_c.h\n'}
[49.878851] (ros2_unitree_legged_msgs) StdoutLine: {'line': b'-- Installing: /home/admin/bench/lab/STAGING_helios16p_kiss_legged_bench_cyclone_container_files/helios16p_ws/install/ros2_unitree_legged_msgs/include/ros2_unitree_legged_msgs/ros2_unitree_legged_msgs/msg/rosidl_typesupport_introspection_c__visibility_control.h\n'}
[49.879572] (ros2_unitree_legged_msgs) StdoutLine: {'line': b'-- Installing: /home/admin/bench/lab/STAGING_helios16p_kiss_legged_bench_cyclone_container_files/helios16p_ws/install/ros2_unitree_legged_msgs/lib/libros2_unitree_legged_msgs__rosidl_typesupport_introspection_c.so\n'}
[49.881627] (ros2_unitree_legged_msgs) StdoutLine: {'line': b'-- Set non-toolchain portion of runtime path of "/home/admin/bench/lab/STAGING_helios16p_kiss_legged_bench_cyclone_container_files/helios16p_ws/install/ros2_unitree_legged_msgs/lib/libros2_unitree_legged_msgs__rosidl_typesupport_introspection_c.so" to ""\n'}
[49.881906] (ros2_unitree_legged_msgs) StdoutLine: {'line': b'-- Installing: /home/admin/bench/lab/STAGING_helios16p_kiss_legged_bench_cyclone_container_files/helios16p_ws/install/ros2_unitree_legged_msgs/lib/libros2_unitree_legged_msgs__rosidl_typesupport_c.so\n'}
[49.883322] (ros2_unitree_legged_msgs) StdoutLine: {'line': b'-- Set non-toolchain portion of runtime path of "/home/admin/bench/lab/STAGING_helios16p_kiss_legged_bench_cyclone_container_files/helios16p_ws/install/ros2_unitree_legged_msgs/lib/libros2_unitree_legged_msgs__rosidl_typesupport_c.so" to ""\n'}
[49.883582] (ros2_unitree_legged_msgs) StdoutLine: {'line': b'-- Up-to-date: /home/admin/bench/lab/STAGING_helios16p_kiss_legged_bench_cyclone_container_files/helios16p_ws/install/ros2_unitree_legged_msgs/include/ros2_unitree_legged_msgs/ros2_unitree_legged_msgs\n'}
[49.883838] (ros2_unitree_legged_msgs) StdoutLine: {'line': b'-- Up-to-date: /home/admin/bench/lab/STAGING_helios16p_kiss_legged_bench_cyclone_container_files/helios16p_ws/install/ros2_unitree_legged_msgs/include/ros2_unitree_legged_msgs/ros2_unitree_legged_msgs/msg\n'}
[49.884072] (ros2_unitree_legged_msgs) StdoutLine: {'line': b'-- Installing: /home/admin/bench/lab/STAGING_helios16p_kiss_legged_bench_cyclone_container_files/helios16p_ws/install/ros2_unitree_legged_msgs/include/ros2_unitree_legged_msgs/ros2_unitree_legged_msgs/msg/bms_cmd.hpp\n'}
[49.884453] (ros2_unitree_legged_msgs) StdoutLine: {'line': b'-- Installing: /home/admin/bench/lab/STAGING_helios16p_kiss_legged_bench_cyclone_container_files/helios16p_ws/install/ros2_unitree_legged_msgs/include/ros2_unitree_legged_msgs/ros2_unitree_legged_msgs/msg/led.hpp\n'}
[49.884959] (ros2_unitree_legged_msgs) StdoutLine: {'line': b'-- Up-to-date: /home/admin/bench/lab/STAGING_helios16p_kiss_legged_bench_cyclone_container_files/helios16p_ws/install/ros2_unitree_legged_msgs/include/ros2_unitree_legged_msgs/ros2_unitree_legged_msgs/msg/detail\n'}
[49.885225] (ros2_unitree_legged_msgs) StdoutLine: {'line': b'-- Installing: /home/admin/bench/lab/STAGING_helios16p_kiss_legged_bench_cyclone_container_files/helios16p_ws/install/ros2_unitree_legged_msgs/include/ros2_unitree_legged_msgs/ros2_unitree_legged_msgs/msg/detail/cartesian__traits.hpp\n'}
[49.885826] (ros2_unitree_legged_msgs) StdoutLine: {'line': b'-- Installing: /home/admin/bench/lab/STAGING_helios16p_kiss_legged_bench_cyclone_container_files/helios16p_ws/install/ros2_unitree_legged_msgs/include/ros2_unitree_legged_msgs/ros2_unitree_legged_msgs/msg/detail/high_cmd__builder.hpp\n'}
[49.886440] (ros2_unitree_legged_msgs) StdoutLine: {'line': b'-- Installing: /home/admin/bench/lab/STAGING_helios16p_kiss_legged_bench_cyclone_container_files/helios16p_ws/install/ros2_unitree_legged_msgs/include/ros2_unitree_legged_msgs/ros2_unitree_legged_msgs/msg/detail/motor_state__type_support.hpp\n'}
[49.887012] (ros2_unitree_legged_msgs) StdoutLine: {'line': b'-- Installing: /home/admin/bench/lab/STAGING_helios16p_kiss_legged_bench_cyclone_container_files/helios16p_ws/install/ros2_unitree_legged_msgs/include/ros2_unitree_legged_msgs/ros2_unitree_legged_msgs/msg/detail/motor_cmd__traits.hpp\n'}
[49.887649] (ros2_unitree_legged_msgs) StdoutLine: {'line': b'-- Installing: /home/admin/bench/lab/STAGING_helios16p_kiss_legged_bench_cyclone_container_files/helios16p_ws/install/ros2_unitree_legged_msgs/include/ros2_unitree_legged_msgs/ros2_unitree_legged_msgs/msg/detail/led__builder.hpp\n'}
[49.888209] (ros2_unitree_legged_msgs) StdoutLine: {'line': b'-- Installing: /home/admin/bench/lab/STAGING_helios16p_kiss_legged_bench_cyclone_container_files/helios16p_ws/install/ros2_unitree_legged_msgs/include/ros2_unitree_legged_msgs/ros2_unitree_legged_msgs/msg/detail/high_cmd__traits.hpp\n'}
[49.888853] (ros2_unitree_legged_msgs) StdoutLine: {'line': b'-- Installing: /home/admin/bench/lab/STAGING_helios16p_kiss_legged_bench_cyclone_container_files/helios16p_ws/install/ros2_unitree_legged_msgs/include/ros2_unitree_legged_msgs/ros2_unitree_legged_msgs/msg/detail/bms_cmd__type_support.hpp\n'}
[49.889463] (ros2_unitree_legged_msgs) StdoutLine: {'line': b'-- Installing: /home/admin/bench/lab/STAGING_helios16p_kiss_legged_bench_cyclone_container_files/helios16p_ws/install/ros2_unitree_legged_msgs/include/ros2_unitree_legged_msgs/ros2_unitree_legged_msgs/msg/detail/bms_state__builder.hpp\n'}
[49.890046] (ros2_unitree_legged_msgs) StdoutLine: {'line': b'-- Installing: /home/admin/bench/lab/STAGING_helios16p_kiss_legged_bench_cyclone_container_files/helios16p_ws/install/ros2_unitree_legged_msgs/include/ros2_unitree_legged_msgs/ros2_unitree_legged_msgs/msg/detail/bms_state__struct.hpp\n'}
[49.890654] (ros2_unitree_legged_msgs) StdoutLine: {'line': b'-- Installing: /home/admin/bench/lab/STAGING_helios16p_kiss_legged_bench_cyclone_container_files/helios16p_ws/install/ros2_unitree_legged_msgs/include/ros2_unitree_legged_msgs/ros2_unitree_legged_msgs/msg/detail/high_state__builder.hpp\n'}
[49.891290] (ros2_unitree_legged_msgs) StdoutLine: {'line': b'-- Installing: /home/admin/bench/lab/STAGING_helios16p_kiss_legged_bench_cyclone_container_files/helios16p_ws/install/ros2_unitree_legged_msgs/include/ros2_unitree_legged_msgs/ros2_unitree_legged_msgs/msg/detail/led__struct.hpp\n'}
[49.891864] (ros2_unitree_legged_msgs) StdoutLine: {'line': b'-- Installing: /home/admin/bench/lab/STAGING_helios16p_kiss_legged_bench_cyclone_container_files/helios16p_ws/install/ros2_unitree_legged_msgs/include/ros2_unitree_legged_msgs/ros2_unitree_legged_msgs/msg/detail/low_state__builder.hpp\n'}
[49.892486] (ros2_unitree_legged_msgs) StdoutLine: {'line': b'-- Installing: /home/admin/bench/lab/STAGING_helios16p_kiss_legged_bench_cyclone_container_files/helios16p_ws/install/ros2_unitree_legged_msgs/include/ros2_unitree_legged_msgs/ros2_unitree_legged_msgs/msg/detail/high_state__type_support.hpp\n'}
[49.893057] (ros2_unitree_legged_msgs) StdoutLine: {'line': b'-- Installing: /home/admin/bench/lab/STAGING_helios16p_kiss_legged_bench_cyclone_container_files/helios16p_ws/install/ros2_unitree_legged_msgs/include/ros2_unitree_legged_msgs/ros2_unitree_legged_msgs/msg/detail/imu__traits.hpp\n'}
[49.893670] (ros2_unitree_legged_msgs) StdoutLine: {'line': b'-- Installing: /home/admin/bench/lab/STAGING_helios16p_kiss_legged_bench_cyclone_container_files/helios16p_ws/install/ros2_unitree_legged_msgs/include/ros2_unitree_legged_msgs/ros2_unitree_legged_msgs/msg/detail/imu__builder.hpp\n'}
[49.894245] (ros2_unitree_legged_msgs) StdoutLine: {'line': b'-- Installing: /home/admin/bench/lab/STAGING_helios16p_kiss_legged_bench_cyclone_container_files/helios16p_ws/install/ros2_unitree_legged_msgs/include/ros2_unitree_legged_msgs/ros2_unitree_legged_msgs/msg/detail/imu__type_support.hpp\n'}
[49.894828] (ros2_unitree_legged_msgs) StdoutLine: {'line': b'-- Installing: /home/admin/bench/lab/STAGING_helios16p_kiss_legged_bench_cyclone_container_files/helios16p_ws/install/ros2_unitree_legged_msgs/include/ros2_unitree_legged_msgs/ros2_unitree_legged_msgs/msg/detail/imu__struct.hpp\n'}
[49.895444] (ros2_unitree_legged_msgs) StdoutLine: {'line': b'-- Installing: /home/admin/bench/lab/STAGING_helios16p_kiss_legged_bench_cyclone_container_files/helios16p_ws/install/ros2_unitree_legged_msgs/include/ros2_unitree_legged_msgs/ros2_unitree_legged_msgs/msg/detail/high_cmd__type_support.hpp\n'}
[49.896016] (ros2_unitree_legged_msgs) StdoutLine: {'line': b'-- Installing: /home/admin/bench/lab/STAGING_helios16p_kiss_legged_bench_cyclone_container_files/helios16p_ws/install/ros2_unitree_legged_msgs/include/ros2_unitree_legged_msgs/ros2_unitree_legged_msgs/msg/detail/motor_cmd__struct.hpp\n'}
[49.896658] (ros2_unitree_legged_msgs) StdoutLine: {'line': b'-- Installing: /home/admin/bench/lab/STAGING_helios16p_kiss_legged_bench_cyclone_container_files/helios16p_ws/install/ros2_unitree_legged_msgs/include/ros2_unitree_legged_msgs/ros2_unitree_legged_msgs/msg/detail/led__type_support.hpp\n'}
[49.897238] (ros2_unitree_legged_msgs) StdoutLine: {'line': b'-- Installing: /home/admin/bench/lab/STAGING_helios16p_kiss_legged_bench_cyclone_container_files/helios16p_ws/install/ros2_unitree_legged_msgs/include/ros2_unitree_legged_msgs/ros2_unitree_legged_msgs/msg/detail/low_state__type_support.hpp\n'}
[49.897826] (ros2_unitree_legged_msgs) StdoutLine: {'line': b'-- Installing: /home/admin/bench/lab/STAGING_helios16p_kiss_legged_bench_cyclone_container_files/helios16p_ws/install/ros2_unitree_legged_msgs/include/ros2_unitree_legged_msgs/ros2_unitree_legged_msgs/msg/detail/motor_state__struct.hpp\n'}
[49.898440] (ros2_unitree_legged_msgs) StdoutLine: {'line': b'-- Installing: /home/admin/bench/lab/STAGING_helios16p_kiss_legged_bench_cyclone_container_files/helios16p_ws/install/ros2_unitree_legged_msgs/include/ros2_unitree_legged_msgs/ros2_unitree_legged_msgs/msg/detail/motor_state__builder.hpp\n'}
[49.899060] (ros2_unitree_legged_msgs) StdoutLine: {'line': b'-- Installing: /home/admin/bench/lab/STAGING_helios16p_kiss_legged_bench_cyclone_container_files/helios16p_ws/install/ros2_unitree_legged_msgs/include/ros2_unitree_legged_msgs/ros2_unitree_legged_msgs/msg/detail/low_cmd__struct.hpp\n'}
[49.899701] (ros2_unitree_legged_msgs) StdoutLine: {'line': b'-- Installing: /home/admin/bench/lab/STAGING_helios16p_kiss_legged_bench_cyclone_container_files/helios16p_ws/install/ros2_unitree_legged_msgs/include/ros2_unitree_legged_msgs/ros2_unitree_legged_msgs/msg/detail/high_state__traits.hpp\n'}
[49.900357] (ros2_unitree_legged_msgs) StdoutLine: {'line': b'-- Installing: /home/admin/bench/lab/STAGING_helios16p_kiss_legged_bench_cyclone_container_files/helios16p_ws/install/ros2_unitree_legged_msgs/include/ros2_unitree_legged_msgs/ros2_unitree_legged_msgs/msg/detail/led__traits.hpp\n'}
[49.900932] (ros2_unitree_legged_msgs) StdoutLine: {'line': b'-- Installing: /home/admin/bench/lab/STAGING_helios16p_kiss_legged_bench_cyclone_container_files/helios16p_ws/install/ros2_unitree_legged_msgs/include/ros2_unitree_legged_msgs/ros2_unitree_legged_msgs/msg/detail/high_cmd__struct.hpp\n'}
[49.901562] (ros2_unitree_legged_msgs) StdoutLine: {'line': b'-- Installing: /home/admin/bench/lab/STAGING_helios16p_kiss_legged_bench_cyclone_container_files/helios16p_ws/install/ros2_unitree_legged_msgs/include/ros2_unitree_legged_msgs/ros2_unitree_legged_msgs/msg/detail/cartesian__type_support.hpp\n'}
[49.902137] (ros2_unitree_legged_msgs) StdoutLine: {'line': b'-- Installing: /home/admin/bench/lab/STAGING_helios16p_kiss_legged_bench_cyclone_container_files/helios16p_ws/install/ros2_unitree_legged_msgs/include/ros2_unitree_legged_msgs/ros2_unitree_legged_msgs/msg/detail/bms_cmd__traits.hpp\n'}
[49.902774] (ros2_unitree_legged_msgs) StdoutLine: {'line': b'-- Installing: /home/admin/bench/lab/STAGING_helios16p_kiss_legged_bench_cyclone_container_files/helios16p_ws/install/ros2_unitree_legged_msgs/include/ros2_unitree_legged_msgs/ros2_unitree_legged_msgs/msg/detail/low_cmd__type_support.hpp\n'}
[49.903503] (ros2_unitree_legged_msgs) StdoutLine: {'line': b'-- Installing: /home/admin/bench/lab/STAGING_helios16p_kiss_legged_bench_cyclone_container_files/helios16p_ws/install/ros2_unitree_legged_msgs/include/ros2_unitree_legged_msgs/ros2_unitree_legged_msgs/msg/detail/bms_cmd__builder.hpp\n'}
[49.904237] (ros2_unitree_legged_msgs) StdoutLine: {'line': b'-- Installing: /home/admin/bench/lab/STAGING_helios16p_kiss_legged_bench_cyclone_container_files/helios16p_ws/install/ros2_unitree_legged_msgs/include/ros2_unitree_legged_msgs/ros2_unitree_legged_msgs/msg/detail/low_cmd__builder.hpp\n'}
[49.905060] (ros2_unitree_legged_msgs) StdoutLine: {'line': b'-- Installing: /home/admin/bench/lab/STAGING_helios16p_kiss_legged_bench_cyclone_container_files/helios16p_ws/install/ros2_unitree_legged_msgs/include/ros2_unitree_legged_msgs/ros2_unitree_legged_msgs/msg/detail/bms_state__type_support.hpp\n'}
[49.905706] (ros2_unitree_legged_msgs) StdoutLine: {'line': b'-- Installing: /home/admin/bench/lab/STAGING_helios16p_kiss_legged_bench_cyclone_container_files/helios16p_ws/install/ros2_unitree_legged_msgs/include/ros2_unitree_legged_msgs/ros2_unitree_legged_msgs/msg/detail/motor_cmd__builder.hpp\n'}
[49.906256] (ros2_unitree_legged_msgs) StdoutLine: {'line': b'-- Installing: /home/admin/bench/lab/STAGING_helios16p_kiss_legged_bench_cyclone_container_files/helios16p_ws/install/ros2_unitree_legged_msgs/include/ros2_unitree_legged_msgs/ros2_unitree_legged_msgs/msg/detail/motor_state__traits.hpp\n'}
[49.906878] (ros2_unitree_legged_msgs) StdoutLine: {'line': b'-- Installing: /home/admin/bench/lab/STAGING_helios16p_kiss_legged_bench_cyclone_container_files/helios16p_ws/install/ros2_unitree_legged_msgs/include/ros2_unitree_legged_msgs/ros2_unitree_legged_msgs/msg/detail/cartesian__builder.hpp\n'}
[49.907591] (ros2_unitree_legged_msgs) StdoutLine: {'line': b'-- Installing: /home/admin/bench/lab/STAGING_helios16p_kiss_legged_bench_cyclone_container_files/helios16p_ws/install/ros2_unitree_legged_msgs/include/ros2_unitree_legged_msgs/ros2_unitree_legged_msgs/msg/detail/low_cmd__traits.hpp\n'}
[49.908184] (ros2_unitree_legged_msgs) StdoutLine: {'line': b'-- Installing: /home/admin/bench/lab/STAGING_helios16p_kiss_legged_bench_cyclone_container_files/helios16p_ws/install/ros2_unitree_legged_msgs/include/ros2_unitree_legged_msgs/ros2_unitree_legged_msgs/msg/detail/low_state__struct.hpp\n'}
[49.908805] (ros2_unitree_legged_msgs) StdoutLine: {'line': b'-- Installing: /home/admin/bench/lab/STAGING_helios16p_kiss_legged_bench_cyclone_container_files/helios16p_ws/install/ros2_unitree_legged_msgs/include/ros2_unitree_legged_msgs/ros2_unitree_legged_msgs/msg/detail/bms_state__traits.hpp\n'}
[49.909593] (ros2_unitree_legged_msgs) StdoutLine: {'line': b'-- Installing: /home/admin/bench/lab/STAGING_helios16p_kiss_legged_bench_cyclone_container_files/helios16p_ws/install/ros2_unitree_legged_msgs/include/ros2_unitree_legged_msgs/ros2_unitree_legged_msgs/msg/detail/cartesian__struct.hpp\n'}
[49.910143] (ros2_unitree_legged_msgs) StdoutLine: {'line': b'-- Installing: /home/admin/bench/lab/STAGING_helios16p_kiss_legged_bench_cyclone_container_files/helios16p_ws/install/ros2_unitree_legged_msgs/include/ros2_unitree_legged_msgs/ros2_unitree_legged_msgs/msg/detail/motor_cmd__type_support.hpp\n'}
[49.910705] (ros2_unitree_legged_msgs) StdoutLine: {'line': b'-- Installing: /home/admin/bench/lab/STAGING_helios16p_kiss_legged_bench_cyclone_container_files/helios16p_ws/install/ros2_unitree_legged_msgs/include/ros2_unitree_legged_msgs/ros2_unitree_legged_msgs/msg/detail/high_state__struct.hpp\n'}
[49.911290] (ros2_unitree_legged_msgs) StdoutLine: {'line': b'-- Installing: /home/admin/bench/lab/STAGING_helios16p_kiss_legged_bench_cyclone_container_files/helios16p_ws/install/ros2_unitree_legged_msgs/include/ros2_unitree_legged_msgs/ros2_unitree_legged_msgs/msg/detail/low_state__traits.hpp\n'}
[49.911892] (ros2_unitree_legged_msgs) StdoutLine: {'line': b'-- Installing: /home/admin/bench/lab/STAGING_helios16p_kiss_legged_bench_cyclone_container_files/helios16p_ws/install/ros2_unitree_legged_msgs/include/ros2_unitree_legged_msgs/ros2_unitree_legged_msgs/msg/detail/bms_cmd__struct.hpp\n'}
[49.912455] (ros2_unitree_legged_msgs) StdoutLine: {'line': b'-- Installing: /home/admin/bench/lab/STAGING_helios16p_kiss_legged_bench_cyclone_container_files/helios16p_ws/install/ros2_unitree_legged_msgs/include/ros2_unitree_legged_msgs/ros2_unitree_legged_msgs/msg/low_state.hpp\n'}
[49.912960] (ros2_unitree_legged_msgs) StdoutLine: {'line': b'-- Installing: /home/admin/bench/lab/STAGING_helios16p_kiss_legged_bench_cyclone_container_files/helios16p_ws/install/ros2_unitree_legged_msgs/include/ros2_unitree_legged_msgs/ros2_unitree_legged_msgs/msg/rosidl_generator_cpp__visibility_control.hpp\n'}
[49.913473] (ros2_unitree_legged_msgs) StdoutLine: {'line': b'-- Installing: /home/admin/bench/lab/STAGING_helios16p_kiss_legged_bench_cyclone_container_files/helios16p_ws/install/ros2_unitree_legged_msgs/include/ros2_unitree_legged_msgs/ros2_unitree_legged_msgs/msg/motor_cmd.hpp\n'}
[49.913997] (ros2_unitree_legged_msgs) StdoutLine: {'line': b'-- Installing: /home/admin/bench/lab/STAGING_helios16p_kiss_legged_bench_cyclone_container_files/helios16p_ws/install/ros2_unitree_legged_msgs/include/ros2_unitree_legged_msgs/ros2_unitree_legged_msgs/msg/low_cmd.hpp\n'}
[49.914495] (ros2_unitree_legged_msgs) StdoutLine: {'line': b'-- Installing: /home/admin/bench/lab/STAGING_helios16p_kiss_legged_bench_cyclone_container_files/helios16p_ws/install/ros2_unitree_legged_msgs/include/ros2_unitree_legged_msgs/ros2_unitree_legged_msgs/msg/high_cmd.hpp\n'}
[49.915000] (ros2_unitree_legged_msgs) StdoutLine: {'line': b'-- Installing: /home/admin/bench/lab/STAGING_helios16p_kiss_legged_bench_cyclone_container_files/helios16p_ws/install/ros2_unitree_legged_msgs/include/ros2_unitree_legged_msgs/ros2_unitree_legged_msgs/msg/cartesian.hpp\n'}
[49.915516] (ros2_unitree_legged_msgs) StdoutLine: {'line': b'-- Installing: /home/admin/bench/lab/STAGING_helios16p_kiss_legged_bench_cyclone_container_files/helios16p_ws/install/ros2_unitree_legged_msgs/include/ros2_unitree_legged_msgs/ros2_unitree_legged_msgs/msg/high_state.hpp\n'}
[49.916017] (ros2_unitree_legged_msgs) StdoutLine: {'line': b'-- Installing: /home/admin/bench/lab/STAGING_helios16p_kiss_legged_bench_cyclone_container_files/helios16p_ws/install/ros2_unitree_legged_msgs/include/ros2_unitree_legged_msgs/ros2_unitree_legged_msgs/msg/imu.hpp\n'}
[49.916533] (ros2_unitree_legged_msgs) StdoutLine: {'line': b'-- Installing: /home/admin/bench/lab/STAGING_helios16p_kiss_legged_bench_cyclone_container_files/helios16p_ws/install/ros2_unitree_legged_msgs/include/ros2_unitree_legged_msgs/ros2_unitree_legged_msgs/msg/motor_state.hpp\n'}
[49.917038] (ros2_unitree_legged_msgs) StdoutLine: {'line': b'-- Installing: /home/admin/bench/lab/STAGING_helios16p_kiss_legged_bench_cyclone_container_files/helios16p_ws/install/ros2_unitree_legged_msgs/include/ros2_unitree_legged_msgs/ros2_unitree_legged_msgs/msg/bms_state.hpp\n'}
[49.917724] (ros2_unitree_legged_msgs) StdoutLine: {'line': b'-- Up-to-date: /home/admin/bench/lab/STAGING_helios16p_kiss_legged_bench_cyclone_container_files/helios16p_ws/install/ros2_unitree_legged_msgs/include/ros2_unitree_legged_msgs/ros2_unitree_legged_msgs\n'}
[49.918004] (ros2_unitree_legged_msgs) StdoutLine: {'line': b'-- Up-to-date: /home/admin/bench/lab/STAGING_helios16p_kiss_legged_bench_cyclone_container_files/helios16p_ws/install/ros2_unitree_legged_msgs/include/ros2_unitree_legged_msgs/ros2_unitree_legged_msgs/msg\n'}
[49.918299] (ros2_unitree_legged_msgs) StdoutLine: {'line': b'-- Up-to-date: /home/admin/bench/lab/STAGING_helios16p_kiss_legged_bench_cyclone_container_files/helios16p_ws/install/ros2_unitree_legged_msgs/include/ros2_unitree_legged_msgs/ros2_unitree_legged_msgs/msg/detail\n'}
[49.918556] (ros2_unitree_legged_msgs) StdoutLine: {'line': b'-- Installing: /home/admin/bench/lab/STAGING_helios16p_kiss_legged_bench_cyclone_container_files/helios16p_ws/install/ros2_unitree_legged_msgs/include/ros2_unitree_legged_msgs/ros2_unitree_legged_msgs/msg/detail/motor_state__rosidl_typesupport_fastrtps_cpp.hpp\n'}
[49.918843] (ros2_unitree_legged_msgs) StdoutLine: {'line': b'-- Installing: /home/admin/bench/lab/STAGING_helios16p_kiss_legged_bench_cyclone_container_files/helios16p_ws/install/ros2_unitree_legged_msgs/include/ros2_unitree_legged_msgs/ros2_unitree_legged_msgs/msg/detail/low_cmd__rosidl_typesupport_fastrtps_cpp.hpp\n'}
[49.919387] (ros2_unitree_legged_msgs) StdoutLine: {'line': b'-- Installing: /home/admin/bench/lab/STAGING_helios16p_kiss_legged_bench_cyclone_container_files/helios16p_ws/install/ros2_unitree_legged_msgs/include/ros2_unitree_legged_msgs/ros2_unitree_legged_msgs/msg/detail/bms_cmd__rosidl_typesupport_fastrtps_cpp.hpp\n'}
[49.919917] (ros2_unitree_legged_msgs) StdoutLine: {'line': b'-- Installing: /home/admin/bench/lab/STAGING_helios16p_kiss_legged_bench_cyclone_container_files/helios16p_ws/install/ros2_unitree_legged_msgs/include/ros2_unitree_legged_msgs/ros2_unitree_legged_msgs/msg/detail/high_cmd__rosidl_typesupport_fastrtps_cpp.hpp\n'}
[49.920469] (ros2_unitree_legged_msgs) StdoutLine: {'line': b'-- Installing: /home/admin/bench/lab/STAGING_helios16p_kiss_legged_bench_cyclone_container_files/helios16p_ws/install/ros2_unitree_legged_msgs/include/ros2_unitree_legged_msgs/ros2_unitree_legged_msgs/msg/detail/low_state__rosidl_typesupport_fastrtps_cpp.hpp\n'}
[49.921003] (ros2_unitree_legged_msgs) StdoutLine: {'line': b'-- Installing: /home/admin/bench/lab/STAGING_helios16p_kiss_legged_bench_cyclone_container_files/helios16p_ws/install/ros2_unitree_legged_msgs/include/ros2_unitree_legged_msgs/ros2_unitree_legged_msgs/msg/detail/high_state__rosidl_typesupport_fastrtps_cpp.hpp\n'}
[49.921572] (ros2_unitree_legged_msgs) StdoutLine: {'line': b'-- Installing: /home/admin/bench/lab/STAGING_helios16p_kiss_legged_bench_cyclone_container_files/helios16p_ws/install/ros2_unitree_legged_msgs/include/ros2_unitree_legged_msgs/ros2_unitree_legged_msgs/msg/detail/imu__rosidl_typesupport_fastrtps_cpp.hpp\n'}
[49.922100] (ros2_unitree_legged_msgs) StdoutLine: {'line': b'-- Installing: /home/admin/bench/lab/STAGING_helios16p_kiss_legged_bench_cyclone_container_files/helios16p_ws/install/ros2_unitree_legged_msgs/include/ros2_unitree_legged_msgs/ros2_unitree_legged_msgs/msg/detail/motor_cmd__rosidl_typesupport_fastrtps_cpp.hpp\n'}
[49.922619] (ros2_unitree_legged_msgs) StdoutLine: {'line': b'-- Installing: /home/admin/bench/lab/STAGING_helios16p_kiss_legged_bench_cyclone_container_files/helios16p_ws/install/ros2_unitree_legged_msgs/include/ros2_unitree_legged_msgs/ros2_unitree_legged_msgs/msg/detail/dds_fastrtps\n'}
[49.923063] (ros2_unitree_legged_msgs) StdoutLine: {'line': b'-- Installing: /home/admin/bench/lab/STAGING_helios16p_kiss_legged_bench_cyclone_container_files/helios16p_ws/install/ros2_unitree_legged_msgs/include/ros2_unitree_legged_msgs/ros2_unitree_legged_msgs/msg/detail/bms_state__rosidl_typesupport_fastrtps_cpp.hpp\n'}
[49.923601] (ros2_unitree_legged_msgs) StdoutLine: {'line': b'-- Installing: /home/admin/bench/lab/STAGING_helios16p_kiss_legged_bench_cyclone_container_files/helios16p_ws/install/ros2_unitree_legged_msgs/include/ros2_unitree_legged_msgs/ros2_unitree_legged_msgs/msg/detail/led__rosidl_typesupport_fastrtps_cpp.hpp\n'}
[49.924108] (ros2_unitree_legged_msgs) StdoutLine: {'line': b'-- Installing: /home/admin/bench/lab/STAGING_helios16p_kiss_legged_bench_cyclone_container_files/helios16p_ws/install/ros2_unitree_legged_msgs/include/ros2_unitree_legged_msgs/ros2_unitree_legged_msgs/msg/detail/cartesian__rosidl_typesupport_fastrtps_cpp.hpp\n'}
[49.924624] (ros2_unitree_legged_msgs) StdoutLine: {'line': b'-- Installing: /home/admin/bench/lab/STAGING_helios16p_kiss_legged_bench_cyclone_container_files/helios16p_ws/install/ros2_unitree_legged_msgs/include/ros2_unitree_legged_msgs/ros2_unitree_legged_msgs/msg/rosidl_typesupport_fastrtps_cpp__visibility_control.h\n'}
[49.925208] (ros2_unitree_legged_msgs) StdoutLine: {'line': b'-- Installing: /home/admin/bench/lab/STAGING_helios16p_kiss_legged_bench_cyclone_container_files/helios16p_ws/install/ros2_unitree_legged_msgs/lib/libros2_unitree_legged_msgs__rosidl_typesupport_fastrtps_cpp.so\n'}
[49.927150] (ros2_unitree_legged_msgs) StdoutLine: {'line': b'-- Set non-toolchain portion of runtime path of "/home/admin/bench/lab/STAGING_helios16p_kiss_legged_bench_cyclone_container_files/helios16p_ws/install/ros2_unitree_legged_msgs/lib/libros2_unitree_legged_msgs__rosidl_typesupport_fastrtps_cpp.so" to ""\n'}
[49.927456] (ros2_unitree_legged_msgs) StdoutLine: {'line': b'-- Up-to-date: /home/admin/bench/lab/STAGING_helios16p_kiss_legged_bench_cyclone_container_files/helios16p_ws/install/ros2_unitree_legged_msgs/include/ros2_unitree_legged_msgs/ros2_unitree_legged_msgs\n'}
[49.927761] (ros2_unitree_legged_msgs) StdoutLine: {'line': b'-- Up-to-date: /home/admin/bench/lab/STAGING_helios16p_kiss_legged_bench_cyclone_container_files/helios16p_ws/install/ros2_unitree_legged_msgs/include/ros2_unitree_legged_msgs/ros2_unitree_legged_msgs/msg\n'}
[49.927991] (ros2_unitree_legged_msgs) StdoutLine: {'line': b'-- Up-to-date: /home/admin/bench/lab/STAGING_helios16p_kiss_legged_bench_cyclone_container_files/helios16p_ws/install/ros2_unitree_legged_msgs/include/ros2_unitree_legged_msgs/ros2_unitree_legged_msgs/msg/detail\n'}
[49.928168] (ros2_unitree_legged_msgs) StdoutLine: {'line': b'-- Installing: /home/admin/bench/lab/STAGING_helios16p_kiss_legged_bench_cyclone_container_files/helios16p_ws/install/ros2_unitree_legged_msgs/include/ros2_unitree_legged_msgs/ros2_unitree_legged_msgs/msg/detail/imu__rosidl_typesupport_introspection_cpp.hpp\n'}
[49.928419] (ros2_unitree_legged_msgs) StdoutLine: {'line': b'-- Installing: /home/admin/bench/lab/STAGING_helios16p_kiss_legged_bench_cyclone_container_files/helios16p_ws/install/ros2_unitree_legged_msgs/include/ros2_unitree_legged_msgs/ros2_unitree_legged_msgs/msg/detail/low_cmd__rosidl_typesupport_introspection_cpp.hpp\n'}
[49.928902] (ros2_unitree_legged_msgs) StdoutLine: {'line': b'-- Installing: /home/admin/bench/lab/STAGING_helios16p_kiss_legged_bench_cyclone_container_files/helios16p_ws/install/ros2_unitree_legged_msgs/include/ros2_unitree_legged_msgs/ros2_unitree_legged_msgs/msg/detail/bms_state__rosidl_typesupport_introspection_cpp.hpp\n'}
[49.929477] (ros2_unitree_legged_msgs) StdoutLine: {'line': b'-- Installing: /home/admin/bench/lab/STAGING_helios16p_kiss_legged_bench_cyclone_container_files/helios16p_ws/install/ros2_unitree_legged_msgs/include/ros2_unitree_legged_msgs/ros2_unitree_legged_msgs/msg/detail/motor_cmd__rosidl_typesupport_introspection_cpp.hpp\n'}
[49.929991] (ros2_unitree_legged_msgs) StdoutLine: {'line': b'-- Installing: /home/admin/bench/lab/STAGING_helios16p_kiss_legged_bench_cyclone_container_files/helios16p_ws/install/ros2_unitree_legged_msgs/include/ros2_unitree_legged_msgs/ros2_unitree_legged_msgs/msg/detail/cartesian__rosidl_typesupport_introspection_cpp.hpp\n'}
[49.930545] (ros2_unitree_legged_msgs) StdoutLine: {'line': b'-- Installing: /home/admin/bench/lab/STAGING_helios16p_kiss_legged_bench_cyclone_container_files/helios16p_ws/install/ros2_unitree_legged_msgs/include/ros2_unitree_legged_msgs/ros2_unitree_legged_msgs/msg/detail/high_cmd__rosidl_typesupport_introspection_cpp.hpp\n'}
[49.930971] (-) TimerEvent: {}
[49.931287] (ros2_unitree_legged_msgs) StdoutLine: {'line': b'-- Installing: /home/admin/bench/lab/STAGING_helios16p_kiss_legged_bench_cyclone_container_files/helios16p_ws/install/ros2_unitree_legged_msgs/include/ros2_unitree_legged_msgs/ros2_unitree_legged_msgs/msg/detail/bms_state__type_support.cpp\n'}
[49.931709] (ros2_unitree_legged_msgs) StdoutLine: {'line': b'-- Installing: /home/admin/bench/lab/STAGING_helios16p_kiss_legged_bench_cyclone_container_files/helios16p_ws/install/ros2_unitree_legged_msgs/include/ros2_unitree_legged_msgs/ros2_unitree_legged_msgs/msg/detail/bms_cmd__type_support.cpp\n'}
[49.932302] (ros2_unitree_legged_msgs) StdoutLine: {'line': b'-- Installing: /home/admin/bench/lab/STAGING_helios16p_kiss_legged_bench_cyclone_container_files/helios16p_ws/install/ros2_unitree_legged_msgs/include/ros2_unitree_legged_msgs/ros2_unitree_legged_msgs/msg/detail/motor_cmd__type_support.cpp\n'}
[49.932901] (ros2_unitree_legged_msgs) StdoutLine: {'line': b'-- Installing: /home/admin/bench/lab/STAGING_helios16p_kiss_legged_bench_cyclone_container_files/helios16p_ws/install/ros2_unitree_legged_msgs/include/ros2_unitree_legged_msgs/ros2_unitree_legged_msgs/msg/detail/imu__type_support.cpp\n'}
[49.933524] (ros2_unitree_legged_msgs) StdoutLine: {'line': b'-- Installing: /home/admin/bench/lab/STAGING_helios16p_kiss_legged_bench_cyclone_container_files/helios16p_ws/install/ros2_unitree_legged_msgs/include/ros2_unitree_legged_msgs/ros2_unitree_legged_msgs/msg/detail/high_state__rosidl_typesupport_introspection_cpp.hpp\n'}
[49.934099] (ros2_unitree_legged_msgs) StdoutLine: {'line': b'-- Installing: /home/admin/bench/lab/STAGING_helios16p_kiss_legged_bench_cyclone_container_files/helios16p_ws/install/ros2_unitree_legged_msgs/include/ros2_unitree_legged_msgs/ros2_unitree_legged_msgs/msg/detail/low_state__rosidl_typesupport_introspection_cpp.hpp\n'}
[49.934701] (ros2_unitree_legged_msgs) StdoutLine: {'line': b'-- Installing: /home/admin/bench/lab/STAGING_helios16p_kiss_legged_bench_cyclone_container_files/helios16p_ws/install/ros2_unitree_legged_msgs/include/ros2_unitree_legged_msgs/ros2_unitree_legged_msgs/msg/detail/high_state__type_support.cpp\n'}
[49.935425] (ros2_unitree_legged_msgs) StdoutLine: {'line': b'-- Installing: /home/admin/bench/lab/STAGING_helios16p_kiss_legged_bench_cyclone_container_files/helios16p_ws/install/ros2_unitree_legged_msgs/include/ros2_unitree_legged_msgs/ros2_unitree_legged_msgs/msg/detail/led__rosidl_typesupport_introspection_cpp.hpp\n'}
[49.935990] (ros2_unitree_legged_msgs) StdoutLine: {'line': b'-- Installing: /home/admin/bench/lab/STAGING_helios16p_kiss_legged_bench_cyclone_container_files/helios16p_ws/install/ros2_unitree_legged_msgs/include/ros2_unitree_legged_msgs/ros2_unitree_legged_msgs/msg/detail/motor_state__type_support.cpp\n'}
[49.936604] (ros2_unitree_legged_msgs) StdoutLine: {'line': b'-- Installing: /home/admin/bench/lab/STAGING_helios16p_kiss_legged_bench_cyclone_container_files/helios16p_ws/install/ros2_unitree_legged_msgs/include/ros2_unitree_legged_msgs/ros2_unitree_legged_msgs/msg/detail/low_cmd__type_support.cpp\n'}
[49.937227] (ros2_unitree_legged_msgs) StdoutLine: {'line': b'-- Installing: /home/admin/bench/lab/STAGING_helios16p_kiss_legged_bench_cyclone_container_files/helios16p_ws/install/ros2_unitree_legged_msgs/include/ros2_unitree_legged_msgs/ros2_unitree_legged_msgs/msg/detail/bms_cmd__rosidl_typesupport_introspection_cpp.hpp\n'}
[49.937860] (ros2_unitree_legged_msgs) StdoutLine: {'line': b'-- Installing: /home/admin/bench/lab/STAGING_helios16p_kiss_legged_bench_cyclone_container_files/helios16p_ws/install/ros2_unitree_legged_msgs/include/ros2_unitree_legged_msgs/ros2_unitree_legged_msgs/msg/detail/motor_state__rosidl_typesupport_introspection_cpp.hpp\n'}
[49.938453] (ros2_unitree_legged_msgs) StdoutLine: {'line': b'-- Installing: /home/admin/bench/lab/STAGING_helios16p_kiss_legged_bench_cyclone_container_files/helios16p_ws/install/ros2_unitree_legged_msgs/include/ros2_unitree_legged_msgs/ros2_unitree_legged_msgs/msg/detail/cartesian__type_support.cpp\n'}
[49.939057] (ros2_unitree_legged_msgs) StdoutLine: {'line': b'-- Installing: /home/admin/bench/lab/STAGING_helios16p_kiss_legged_bench_cyclone_container_files/helios16p_ws/install/ros2_unitree_legged_msgs/include/ros2_unitree_legged_msgs/ros2_unitree_legged_msgs/msg/detail/led__type_support.cpp\n'}
[49.939664] (ros2_unitree_legged_msgs) StdoutLine: {'line': b'-- Installing: /home/admin/bench/lab/STAGING_helios16p_kiss_legged_bench_cyclone_container_files/helios16p_ws/install/ros2_unitree_legged_msgs/include/ros2_unitree_legged_msgs/ros2_unitree_legged_msgs/msg/detail/low_state__type_support.cpp\n'}
[49.940321] (ros2_unitree_legged_msgs) StdoutLine: {'line': b'-- Installing: /home/admin/bench/lab/STAGING_helios16p_kiss_legged_bench_cyclone_container_files/helios16p_ws/install/ros2_unitree_legged_msgs/include/ros2_unitree_legged_msgs/ros2_unitree_legged_msgs/msg/detail/high_cmd__type_support.cpp\n'}
[49.941202] (ros2_unitree_legged_msgs) StdoutLine: {'line': b'-- Installing: /home/admin/bench/lab/STAGING_helios16p_kiss_legged_bench_cyclone_container_files/helios16p_ws/install/ros2_unitree_legged_msgs/lib/libros2_unitree_legged_msgs__rosidl_typesupport_introspection_cpp.so\n'}
[49.943798] (ros2_unitree_legged_msgs) StdoutLine: {'line': b'-- Set non-toolchain portion of runtime path of "/home/admin/bench/lab/STAGING_helios16p_kiss_legged_bench_cyclone_container_files/helios16p_ws/install/ros2_unitree_legged_msgs/lib/libros2_unitree_legged_msgs__rosidl_typesupport_introspection_cpp.so" to ""\n'}
[49.944106] (ros2_unitree_legged_msgs) StdoutLine: {'line': b'-- Installing: /home/admin/bench/lab/STAGING_helios16p_kiss_legged_bench_cyclone_container_files/helios16p_ws/install/ros2_unitree_legged_msgs/lib/libros2_unitree_legged_msgs__rosidl_typesupport_cpp.so\n'}
[49.945491] (ros2_unitree_legged_msgs) StdoutLine: {'line': b'-- Set non-toolchain portion of runtime path of "/home/admin/bench/lab/STAGING_helios16p_kiss_legged_bench_cyclone_container_files/helios16p_ws/install/ros2_unitree_legged_msgs/lib/libros2_unitree_legged_msgs__rosidl_typesupport_cpp.so" to ""\n'}
[49.945772] (ros2_unitree_legged_msgs) StdoutLine: {'line': b'-- Installing: /home/admin/bench/lab/STAGING_helios16p_kiss_legged_bench_cyclone_container_files/helios16p_ws/install/ros2_unitree_legged_msgs/share/ros2_unitree_legged_msgs/environment/pythonpath.sh\n'}
[49.946334] (ros2_unitree_legged_msgs) StdoutLine: {'line': b'-- Installing: /home/admin/bench/lab/STAGING_helios16p_kiss_legged_bench_cyclone_container_files/helios16p_ws/install/ros2_unitree_legged_msgs/share/ros2_unitree_legged_msgs/environment/pythonpath.dsv\n'}
[49.946873] (ros2_unitree_legged_msgs) StdoutLine: {'line': b'-- Installing: /home/admin/bench/lab/STAGING_helios16p_kiss_legged_bench_cyclone_container_files/helios16p_ws/install/ros2_unitree_legged_msgs/local/lib/python3.10/dist-packages/ros2_unitree_legged_msgs-0.4.0-py3.10.egg-info\n'}
[49.947645] (ros2_unitree_legged_msgs) StdoutLine: {'line': b'-- Installing: /home/admin/bench/lab/STAGING_helios16p_kiss_legged_bench_cyclone_container_files/helios16p_ws/install/ros2_unitree_legged_msgs/local/lib/python3.10/dist-packages/ros2_unitree_legged_msgs-0.4.0-py3.10.egg-info/top_level.txt\n'}
[49.948168] (ros2_unitree_legged_msgs) StdoutLine: {'line': b'-- Installing: /home/admin/bench/lab/STAGING_helios16p_kiss_legged_bench_cyclone_container_files/helios16p_ws/install/ros2_unitree_legged_msgs/local/lib/python3.10/dist-packages/ros2_unitree_legged_msgs-0.4.0-py3.10.egg-info/PKG-INFO\n'}
[49.948711] (ros2_unitree_legged_msgs) StdoutLine: {'line': b'-- Installing: /home/admin/bench/lab/STAGING_helios16p_kiss_legged_bench_cyclone_container_files/helios16p_ws/install/ros2_unitree_legged_msgs/local/lib/python3.10/dist-packages/ros2_unitree_legged_msgs-0.4.0-py3.10.egg-info/SOURCES.txt\n'}
[49.949216] (ros2_unitree_legged_msgs) StdoutLine: {'line': b'-- Installing: /home/admin/bench/lab/STAGING_helios16p_kiss_legged_bench_cyclone_container_files/helios16p_ws/install/ros2_unitree_legged_msgs/local/lib/python3.10/dist-packages/ros2_unitree_legged_msgs-0.4.0-py3.10.egg-info/dependency_links.txt\n'}
[49.949844] (ros2_unitree_legged_msgs) StdoutLine: {'line': b'-- Installing: /home/admin/bench/lab/STAGING_helios16p_kiss_legged_bench_cyclone_container_files/helios16p_ws/install/ros2_unitree_legged_msgs/local/lib/python3.10/dist-packages/ros2_unitree_legged_msgs\n'}
[49.950243] (ros2_unitree_legged_msgs) StdoutLine: {'line': b'-- Installing: /home/admin/bench/lab/STAGING_helios16p_kiss_legged_bench_cyclone_container_files/helios16p_ws/install/ros2_unitree_legged_msgs/local/lib/python3.10/dist-packages/ros2_unitree_legged_msgs/libros2_unitree_legged_msgs__rosidl_generator_py.so\n'}
[49.951254] (ros2_unitree_legged_msgs) StdoutLine: {'line': b'-- Installing: /home/admin/bench/lab/STAGING_helios16p_kiss_legged_bench_cyclone_container_files/helios16p_ws/install/ros2_unitree_legged_msgs/local/lib/python3.10/dist-packages/ros2_unitree_legged_msgs/ros2_unitree_legged_msgs_s__rosidl_typesupport_fastrtps_c.cpython-310-x86_64-linux-gnu.so\n'}
[49.951959] (ros2_unitree_legged_msgs) StdoutLine: {'line': b'-- Installing: /home/admin/bench/lab/STAGING_helios16p_kiss_legged_bench_cyclone_container_files/helios16p_ws/install/ros2_unitree_legged_msgs/local/lib/python3.10/dist-packages/ros2_unitree_legged_msgs/_ros2_unitree_legged_msgs_s.ep.rosidl_typesupport_fastrtps_c.c\n'}
[49.952690] (ros2_unitree_legged_msgs) StdoutLine: {'line': b'-- Installing: /home/admin/bench/lab/STAGING_helios16p_kiss_legged_bench_cyclone_container_files/helios16p_ws/install/ros2_unitree_legged_msgs/local/lib/python3.10/dist-packages/ros2_unitree_legged_msgs/_ros2_unitree_legged_msgs_s.ep.rosidl_typesupport_c.c\n'}
[49.953423] (ros2_unitree_legged_msgs) StdoutLine: {'line': b'-- Installing: /home/admin/bench/lab/STAGING_helios16p_kiss_legged_bench_cyclone_container_files/helios16p_ws/install/ros2_unitree_legged_msgs/local/lib/python3.10/dist-packages/ros2_unitree_legged_msgs/__init__.py\n'}
[49.953899] (ros2_unitree_legged_msgs) StdoutLine: {'line': b'-- Installing: /home/admin/bench/lab/STAGING_helios16p_kiss_legged_bench_cyclone_container_files/helios16p_ws/install/ros2_unitree_legged_msgs/local/lib/python3.10/dist-packages/ros2_unitree_legged_msgs/_ros2_unitree_legged_msgs_s.ep.rosidl_typesupport_introspection_c.c\n'}
[49.954609] (ros2_unitree_legged_msgs) StdoutLine: {'line': b'-- Installing: /home/admin/bench/lab/STAGING_helios16p_kiss_legged_bench_cyclone_container_files/helios16p_ws/install/ros2_unitree_legged_msgs/local/lib/python3.10/dist-packages/ros2_unitree_legged_msgs/msg\n'}
[49.955040] (ros2_unitree_legged_msgs) StdoutLine: {'line': b'-- Installing: /home/admin/bench/lab/STAGING_helios16p_kiss_legged_bench_cyclone_container_files/helios16p_ws/install/ros2_unitree_legged_msgs/local/lib/python3.10/dist-packages/ros2_unitree_legged_msgs/msg/_high_state.py\n'}
[49.955725] (ros2_unitree_legged_msgs) StdoutLine: {'line': b'-- Installing: /home/admin/bench/lab/STAGING_helios16p_kiss_legged_bench_cyclone_container_files/helios16p_ws/install/ros2_unitree_legged_msgs/local/lib/python3.10/dist-packages/ros2_unitree_legged_msgs/msg/_motor_cmd_s.c\n'}
[49.956264] (ros2_unitree_legged_msgs) StdoutLine: {'line': b'-- Installing: /home/admin/bench/lab/STAGING_helios16p_kiss_legged_bench_cyclone_container_files/helios16p_ws/install/ros2_unitree_legged_msgs/local/lib/python3.10/dist-packages/ros2_unitree_legged_msgs/msg/_low_state_s.c\n'}
[49.956873] (ros2_unitree_legged_msgs) StdoutLine: {'line': b'-- Installing: /home/admin/bench/lab/STAGING_helios16p_kiss_legged_bench_cyclone_container_files/helios16p_ws/install/ros2_unitree_legged_msgs/local/lib/python3.10/dist-packages/ros2_unitree_legged_msgs/msg/_bms_state.py\n'}
[49.957466] (ros2_unitree_legged_msgs) StdoutLine: {'line': b'-- Installing: /home/admin/bench/lab/STAGING_helios16p_kiss_legged_bench_cyclone_container_files/helios16p_ws/install/ros2_unitree_legged_msgs/local/lib/python3.10/dist-packages/ros2_unitree_legged_msgs/msg/_bms_cmd_s.c\n'}
[49.958000] (ros2_unitree_legged_msgs) StdoutLine: {'line': b'-- Installing: /home/admin/bench/lab/STAGING_helios16p_kiss_legged_bench_cyclone_container_files/helios16p_ws/install/ros2_unitree_legged_msgs/local/lib/python3.10/dist-packages/ros2_unitree_legged_msgs/msg/_high_state_s.c\n'}
[49.958656] (ros2_unitree_legged_msgs) StdoutLine: {'line': b'-- Installing: /home/admin/bench/lab/STAGING_helios16p_kiss_legged_bench_cyclone_container_files/helios16p_ws/install/ros2_unitree_legged_msgs/local/lib/python3.10/dist-packages/ros2_unitree_legged_msgs/msg/_led_s.c\n'}
[49.959197] (ros2_unitree_legged_msgs) StdoutLine: {'line': b'-- Installing: /home/admin/bench/lab/STAGING_helios16p_kiss_legged_bench_cyclone_container_files/helios16p_ws/install/ros2_unitree_legged_msgs/local/lib/python3.10/dist-packages/ros2_unitree_legged_msgs/msg/_motor_state_s.c\n'}
[49.959804] (ros2_unitree_legged_msgs) StdoutLine: {'line': b'-- Installing: /home/admin/bench/lab/STAGING_helios16p_kiss_legged_bench_cyclone_container_files/helios16p_ws/install/ros2_unitree_legged_msgs/local/lib/python3.10/dist-packages/ros2_unitree_legged_msgs/msg/_cartesian_s.c\n'}
[49.960357] (ros2_unitree_legged_msgs) StdoutLine: {'line': b'-- Installing: /home/admin/bench/lab/STAGING_helios16p_kiss_legged_bench_cyclone_container_files/helios16p_ws/install/ros2_unitree_legged_msgs/local/lib/python3.10/dist-packages/ros2_unitree_legged_msgs/msg/_cartesian.py\n'}
[49.960908] (ros2_unitree_legged_msgs) StdoutLine: {'line': b'-- Installing: /home/admin/bench/lab/STAGING_helios16p_kiss_legged_bench_cyclone_container_files/helios16p_ws/install/ros2_unitree_legged_msgs/local/lib/python3.10/dist-packages/ros2_unitree_legged_msgs/msg/_led.py\n'}
[49.961481] (ros2_unitree_legged_msgs) StdoutLine: {'line': b'-- Installing: /home/admin/bench/lab/STAGING_helios16p_kiss_legged_bench_cyclone_container_files/helios16p_ws/install/ros2_unitree_legged_msgs/local/lib/python3.10/dist-packages/ros2_unitree_legged_msgs/msg/_motor_state.py\n'}
[49.962046] (ros2_unitree_legged_msgs) StdoutLine: {'line': b'-- Installing: /home/admin/bench/lab/STAGING_helios16p_kiss_legged_bench_cyclone_container_files/helios16p_ws/install/ros2_unitree_legged_msgs/local/lib/python3.10/dist-packages/ros2_unitree_legged_msgs/msg/_high_cmd_s.c\n'}
[49.962666] (ros2_unitree_legged_msgs) StdoutLine: {'line': b'-- Installing: /home/admin/bench/lab/STAGING_helios16p_kiss_legged_bench_cyclone_container_files/helios16p_ws/install/ros2_unitree_legged_msgs/local/lib/python3.10/dist-packages/ros2_unitree_legged_msgs/msg/_low_cmd_s.c\n'}
[49.963230] (ros2_unitree_legged_msgs) StdoutLine: {'line': b'-- Installing: /home/admin/bench/lab/STAGING_helios16p_kiss_legged_bench_cyclone_container_files/helios16p_ws/install/ros2_unitree_legged_msgs/local/lib/python3.10/dist-packages/ros2_unitree_legged_msgs/msg/_motor_cmd.py\n'}
[49.963829] (ros2_unitree_legged_msgs) StdoutLine: {'line': b'-- Installing: /home/admin/bench/lab/STAGING_helios16p_kiss_legged_bench_cyclone_container_files/helios16p_ws/install/ros2_unitree_legged_msgs/local/lib/python3.10/dist-packages/ros2_unitree_legged_msgs/msg/_bms_state_s.c\n'}
[49.964420] (ros2_unitree_legged_msgs) StdoutLine: {'line': b'-- Installing: /home/admin/bench/lab/STAGING_helios16p_kiss_legged_bench_cyclone_container_files/helios16p_ws/install/ros2_unitree_legged_msgs/local/lib/python3.10/dist-packages/ros2_unitree_legged_msgs/msg/__init__.py\n'}
[49.964946] (ros2_unitree_legged_msgs) StdoutLine: {'line': b'-- Installing: /home/admin/bench/lab/STAGING_helios16p_kiss_legged_bench_cyclone_container_files/helios16p_ws/install/ros2_unitree_legged_msgs/local/lib/python3.10/dist-packages/ros2_unitree_legged_msgs/msg/_imu.py\n'}
[49.965542] (ros2_unitree_legged_msgs) StdoutLine: {'line': b'-- Installing: /home/admin/bench/lab/STAGING_helios16p_kiss_legged_bench_cyclone_container_files/helios16p_ws/install/ros2_unitree_legged_msgs/local/lib/python3.10/dist-packages/ros2_unitree_legged_msgs/msg/_low_cmd.py\n'}
[49.966128] (ros2_unitree_legged_msgs) StdoutLine: {'line': b'-- Installing: /home/admin/bench/lab/STAGING_helios16p_kiss_legged_bench_cyclone_container_files/helios16p_ws/install/ros2_unitree_legged_msgs/local/lib/python3.10/dist-packages/ros2_unitree_legged_msgs/msg/_high_cmd.py\n'}
[49.966784] (ros2_unitree_legged_msgs) StdoutLine: {'line': b'-- Installing: /home/admin/bench/lab/STAGING_helios16p_kiss_legged_bench_cyclone_container_files/helios16p_ws/install/ros2_unitree_legged_msgs/local/lib/python3.10/dist-packages/ros2_unitree_legged_msgs/msg/_low_state.py\n'}
[49.967416] (ros2_unitree_legged_msgs) StdoutLine: {'line': b'-- Installing: /home/admin/bench/lab/STAGING_helios16p_kiss_legged_bench_cyclone_container_files/helios16p_ws/install/ros2_unitree_legged_msgs/local/lib/python3.10/dist-packages/ros2_unitree_legged_msgs/msg/_bms_cmd.py\n'}
[49.967963] (ros2_unitree_legged_msgs) StdoutLine: {'line': b'-- Installing: /home/admin/bench/lab/STAGING_helios16p_kiss_legged_bench_cyclone_container_files/helios16p_ws/install/ros2_unitree_legged_msgs/local/lib/python3.10/dist-packages/ros2_unitree_legged_msgs/msg/_imu_s.c\n'}
[49.968580] (ros2_unitree_legged_msgs) StdoutLine: {'line': b'-- Installing: /home/admin/bench/lab/STAGING_helios16p_kiss_legged_bench_cyclone_container_files/helios16p_ws/install/ros2_unitree_legged_msgs/local/lib/python3.10/dist-packages/ros2_unitree_legged_msgs/ros2_unitree_legged_msgs_s__rosidl_typesupport_c.cpython-310-x86_64-linux-gnu.so\n'}
[49.969254] (ros2_unitree_legged_msgs) StdoutLine: {'line': b'-- Installing: /home/admin/bench/lab/STAGING_helios16p_kiss_legged_bench_cyclone_container_files/helios16p_ws/install/ros2_unitree_legged_msgs/local/lib/python3.10/dist-packages/ros2_unitree_legged_msgs/ros2_unitree_legged_msgs_s__rosidl_typesupport_introspection_c.cpython-310-x86_64-linux-gnu.so\n'}
[50.031101] (-) TimerEvent: {}
[50.131557] (-) TimerEvent: {}
[50.137637] (ros2_unitree_legged_msgs) StdoutLine: {'line': b"Listing '/home/admin/bench/lab/STAGING_helios16p_kiss_legged_bench_cyclone_container_files/helios16p_ws/install/ros2_unitree_legged_msgs/local/lib/python3.10/dist-packages/ros2_unitree_legged_msgs'...\n"}
[50.138065] (ros2_unitree_legged_msgs) StdoutLine: {'line': b"Compiling '/home/admin/bench/lab/STAGING_helios16p_kiss_legged_bench_cyclone_container_files/helios16p_ws/install/ros2_unitree_legged_msgs/local/lib/python3.10/dist-packages/ros2_unitree_legged_msgs/__init__.py'...\n"}
[50.138251] (ros2_unitree_legged_msgs) StdoutLine: {'line': b"Listing '/home/admin/bench/lab/STAGING_helios16p_kiss_legged_bench_cyclone_container_files/helios16p_ws/install/ros2_unitree_legged_msgs/local/lib/python3.10/dist-packages/ros2_unitree_legged_msgs/msg'...\n"}
[50.138494] (ros2_unitree_legged_msgs) StdoutLine: {'line': b"Compiling '/home/admin/bench/lab/STAGING_helios16p_kiss_legged_bench_cyclone_container_files/helios16p_ws/install/ros2_unitree_legged_msgs/local/lib/python3.10/dist-packages/ros2_unitree_legged_msgs/msg/__init__.py'...\n"}
[50.138713] (ros2_unitree_legged_msgs) StdoutLine: {'line': b"Compiling '/home/admin/bench/lab/STAGING_helios16p_kiss_legged_bench_cyclone_container_files/helios16p_ws/install/ros2_unitree_legged_msgs/local/lib/python3.10/dist-packages/ros2_unitree_legged_msgs/msg/_bms_cmd.py'...\n"}
[50.138890] (ros2_unitree_legged_msgs) StdoutLine: {'line': b"Compiling '/home/admin/bench/lab/STAGING_helios16p_kiss_legged_bench_cyclone_container_files/helios16p_ws/install/ros2_unitree_legged_msgs/local/lib/python3.10/dist-packages/ros2_unitree_legged_msgs/msg/_bms_state.py'...\n"}
[50.139079] (ros2_unitree_legged_msgs) StdoutLine: {'line': b"Compiling '/home/admin/bench/lab/STAGING_helios16p_kiss_legged_bench_cyclone_container_files/helios16p_ws/install/ros2_unitree_legged_msgs/local/lib/python3.10/dist-packages/ros2_unitree_legged_msgs/msg/_cartesian.py'...\n"}
[50.139249] (ros2_unitree_legged_msgs) StdoutLine: {'line': b"Compiling '/home/admin/bench/lab/STAGING_helios16p_kiss_legged_bench_cyclone_container_files/helios16p_ws/install/ros2_unitree_legged_msgs/local/lib/python3.10/dist-packages/ros2_unitree_legged_msgs/msg/_high_cmd.py'...\n"}
[50.139482] (ros2_unitree_legged_msgs) StdoutLine: {'line': b"Compiling '/home/admin/bench/lab/STAGING_helios16p_kiss_legged_bench_cyclone_container_files/helios16p_ws/install/ros2_unitree_legged_msgs/local/lib/python3.10/dist-packages/ros2_unitree_legged_msgs/msg/_high_state.py'...\n"}
[50.139665] (ros2_unitree_legged_msgs) StdoutLine: {'line': b"Compiling '/home/admin/bench/lab/STAGING_helios16p_kiss_legged_bench_cyclone_container_files/helios16p_ws/install/ros2_unitree_legged_msgs/local/lib/python3.10/dist-packages/ros2_unitree_legged_msgs/msg/_imu.py'...\n"}
[50.139836] (ros2_unitree_legged_msgs) StdoutLine: {'line': b"Compiling '/home/admin/bench/lab/STAGING_helios16p_kiss_legged_bench_cyclone_container_files/helios16p_ws/install/ros2_unitree_legged_msgs/local/lib/python3.10/dist-packages/ros2_unitree_legged_msgs/msg/_led.py'...\n"}
[50.140006] (ros2_unitree_legged_msgs) StdoutLine: {'line': b"Compiling '/home/admin/bench/lab/STAGING_helios16p_kiss_legged_bench_cyclone_container_files/helios16p_ws/install/ros2_unitree_legged_msgs/local/lib/python3.10/dist-packages/ros2_unitree_legged_msgs/msg/_low_cmd.py'...\n"}
[50.140323] (ros2_unitree_legged_msgs) StdoutLine: {'line': b"Compiling '/home/admin/bench/lab/STAGING_helios16p_kiss_legged_bench_cyclone_container_files/helios16p_ws/install/ros2_unitree_legged_msgs/local/lib/python3.10/dist-packages/ros2_unitree_legged_msgs/msg/_low_state.py'...\n"}
[50.140595] (ros2_unitree_legged_msgs) StdoutLine: {'line': b"Compiling '/home/admin/bench/lab/STAGING_helios16p_kiss_legged_bench_cyclone_container_files/helios16p_ws/install/ros2_unitree_legged_msgs/local/lib/python3.10/dist-packages/ros2_unitree_legged_msgs/msg/_motor_cmd.py'...\n"}
[50.140775] (ros2_unitree_legged_msgs) StdoutLine: {'line': b"Compiling '/home/admin/bench/lab/STAGING_helios16p_kiss_legged_bench_cyclone_container_files/helios16p_ws/install/ros2_unitree_legged_msgs/local/lib/python3.10/dist-packages/ros2_unitree_legged_msgs/msg/_motor_state.py'...\n"}
[50.153146] (ros2_unitree_legged_msgs) StdoutLine: {'line': b'-- Installing: /home/admin/bench/lab/STAGING_helios16p_kiss_legged_bench_cyclone_container_files/helios16p_ws/install/ros2_unitree_legged_msgs/local/lib/python3.10/dist-packages/ros2_unitree_legged_msgs/ros2_unitree_legged_msgs_s__rosidl_typesupport_fastrtps_c.cpython-310-x86_64-linux-gnu.so\n'}
[50.154849] (ros2_unitree_legged_msgs) StdoutLine: {'line': b'-- Set non-toolchain portion of runtime path of "/home/admin/bench/lab/STAGING_helios16p_kiss_legged_bench_cyclone_container_files/helios16p_ws/install/ros2_unitree_legged_msgs/local/lib/python3.10/dist-packages/ros2_unitree_legged_msgs/ros2_unitree_legged_msgs_s__rosidl_typesupport_fastrtps_c.cpython-310-x86_64-linux-gnu.so" to ""\n'}
[50.155906] (ros2_unitree_legged_msgs) StdoutLine: {'line': b'-- Installing: /home/admin/bench/lab/STAGING_helios16p_kiss_legged_bench_cyclone_container_files/helios16p_ws/install/ros2_unitree_legged_msgs/local/lib/python3.10/dist-packages/ros2_unitree_legged_msgs/ros2_unitree_legged_msgs_s__rosidl_typesupport_introspection_c.cpython-310-x86_64-linux-gnu.so\n'}
[50.157787] (ros2_unitree_legged_msgs) StdoutLine: {'line': b'-- Set non-toolchain portion of runtime path of "/home/admin/bench/lab/STAGING_helios16p_kiss_legged_bench_cyclone_container_files/helios16p_ws/install/ros2_unitree_legged_msgs/local/lib/python3.10/dist-packages/ros2_unitree_legged_msgs/ros2_unitree_legged_msgs_s__rosidl_typesupport_introspection_c.cpython-310-x86_64-linux-gnu.so" to ""\n'}
[50.158715] (ros2_unitree_legged_msgs) StdoutLine: {'line': b'-- Installing: /home/admin/bench/lab/STAGING_helios16p_kiss_legged_bench_cyclone_container_files/helios16p_ws/install/ros2_unitree_legged_msgs/local/lib/python3.10/dist-packages/ros2_unitree_legged_msgs/ros2_unitree_legged_msgs_s__rosidl_typesupport_c.cpython-310-x86_64-linux-gnu.so\n'}
[50.160175] (ros2_unitree_legged_msgs) StdoutLine: {'line': b'-- Set non-toolchain portion of runtime path of "/home/admin/bench/lab/STAGING_helios16p_kiss_legged_bench_cyclone_container_files/helios16p_ws/install/ros2_unitree_legged_msgs/local/lib/python3.10/dist-packages/ros2_unitree_legged_msgs/ros2_unitree_legged_msgs_s__rosidl_typesupport_c.cpython-310-x86_64-linux-gnu.so" to ""\n'}
[50.160655] (ros2_unitree_legged_msgs) StdoutLine: {'line': b'-- Installing: /home/admin/bench/lab/STAGING_helios16p_kiss_legged_bench_cyclone_container_files/helios16p_ws/install/ros2_unitree_legged_msgs/lib/libros2_unitree_legged_msgs__rosidl_generator_py.so\n'}
[50.162976] (ros2_unitree_legged_msgs) StdoutLine: {'line': b'-- Set non-toolchain portion of runtime path of "/home/admin/bench/lab/STAGING_helios16p_kiss_legged_bench_cyclone_container_files/helios16p_ws/install/ros2_unitree_legged_msgs/lib/libros2_unitree_legged_msgs__rosidl_generator_py.so" to ""\n'}
[50.163552] (ros2_unitree_legged_msgs) StdoutLine: {'line': b'-- Installing: /home/admin/bench/lab/STAGING_helios16p_kiss_legged_bench_cyclone_container_files/helios16p_ws/install/ros2_unitree_legged_msgs/share/ros2_unitree_legged_msgs/msg/MotorCmd.idl\n'}
[50.164197] (ros2_unitree_legged_msgs) StdoutLine: {'line': b'-- Installing: /home/admin/bench/lab/STAGING_helios16p_kiss_legged_bench_cyclone_container_files/helios16p_ws/install/ros2_unitree_legged_msgs/share/ros2_unitree_legged_msgs/msg/MotorState.idl\n'}
[50.164916] (ros2_unitree_legged_msgs) StdoutLine: {'line': b'-- Installing: /home/admin/bench/lab/STAGING_helios16p_kiss_legged_bench_cyclone_container_files/helios16p_ws/install/ros2_unitree_legged_msgs/share/ros2_unitree_legged_msgs/msg/BmsCmd.idl\n'}
[50.165660] (ros2_unitree_legged_msgs) StdoutLine: {'line': b'-- Installing: /home/admin/bench/lab/STAGING_helios16p_kiss_legged_bench_cyclone_container_files/helios16p_ws/install/ros2_unitree_legged_msgs/share/ros2_unitree_legged_msgs/msg/BmsState.idl\n'}
[50.166321] (ros2_unitree_legged_msgs) StdoutLine: {'line': b'-- Installing: /home/admin/bench/lab/STAGING_helios16p_kiss_legged_bench_cyclone_container_files/helios16p_ws/install/ros2_unitree_legged_msgs/share/ros2_unitree_legged_msgs/msg/Cartesian.idl\n'}
[50.167145] (ros2_unitree_legged_msgs) StdoutLine: {'line': b'-- Installing: /home/admin/bench/lab/STAGING_helios16p_kiss_legged_bench_cyclone_container_files/helios16p_ws/install/ros2_unitree_legged_msgs/share/ros2_unitree_legged_msgs/msg/IMU.idl\n'}
[50.167891] (ros2_unitree_legged_msgs) StdoutLine: {'line': b'-- Installing: /home/admin/bench/lab/STAGING_helios16p_kiss_legged_bench_cyclone_container_files/helios16p_ws/install/ros2_unitree_legged_msgs/share/ros2_unitree_legged_msgs/msg/LED.idl\n'}
[50.168697] (ros2_unitree_legged_msgs) StdoutLine: {'line': b'-- Installing: /home/admin/bench/lab/STAGING_helios16p_kiss_legged_bench_cyclone_container_files/helios16p_ws/install/ros2_unitree_legged_msgs/share/ros2_unitree_legged_msgs/msg/LowCmd.idl\n'}
[50.169474] (ros2_unitree_legged_msgs) StdoutLine: {'line': b'-- Installing: /home/admin/bench/lab/STAGING_helios16p_kiss_legged_bench_cyclone_container_files/helios16p_ws/install/ros2_unitree_legged_msgs/share/ros2_unitree_legged_msgs/msg/LowState.idl\n'}
[50.170257] (ros2_unitree_legged_msgs) StdoutLine: {'line': b'-- Installing: /home/admin/bench/lab/STAGING_helios16p_kiss_legged_bench_cyclone_container_files/helios16p_ws/install/ros2_unitree_legged_msgs/share/ros2_unitree_legged_msgs/msg/HighCmd.idl\n'}
[50.171214] (ros2_unitree_legged_msgs) StdoutLine: {'line': b'-- Installing: /home/admin/bench/lab/STAGING_helios16p_kiss_legged_bench_cyclone_container_files/helios16p_ws/install/ros2_unitree_legged_msgs/share/ros2_unitree_legged_msgs/msg/HighState.idl\n'}
[50.172206] (ros2_unitree_legged_msgs) StdoutLine: {'line': b'-- Installing: /home/admin/bench/lab/STAGING_helios16p_kiss_legged_bench_cyclone_container_files/helios16p_ws/install/ros2_unitree_legged_msgs/share/ros2_unitree_legged_msgs/msg/MotorCmd.msg\n'}
[50.172952] (ros2_unitree_legged_msgs) StdoutLine: {'line': b'-- Installing: /home/admin/bench/lab/STAGING_helios16p_kiss_legged_bench_cyclone_container_files/helios16p_ws/install/ros2_unitree_legged_msgs/share/ros2_unitree_legged_msgs/msg/MotorState.msg\n'}
[50.173732] (ros2_unitree_legged_msgs) StdoutLine: {'line': b'-- Installing: /home/admin/bench/lab/STAGING_helios16p_kiss_legged_bench_cyclone_container_files/helios16p_ws/install/ros2_unitree_legged_msgs/share/ros2_unitree_legged_msgs/msg/BmsCmd.msg\n'}
[50.174661] (ros2_unitree_legged_msgs) StdoutLine: {'line': b'-- Installing: /home/admin/bench/lab/STAGING_helios16p_kiss_legged_bench_cyclone_container_files/helios16p_ws/install/ros2_unitree_legged_msgs/share/ros2_unitree_legged_msgs/msg/BmsState.msg\n'}
[50.175490] (ros2_unitree_legged_msgs) StdoutLine: {'line': b'-- Installing: /home/admin/bench/lab/STAGING_helios16p_kiss_legged_bench_cyclone_container_files/helios16p_ws/install/ros2_unitree_legged_msgs/share/ros2_unitree_legged_msgs/msg/Cartesian.msg\n'}
[50.176171] (ros2_unitree_legged_msgs) StdoutLine: {'line': b'-- Installing: /home/admin/bench/lab/STAGING_helios16p_kiss_legged_bench_cyclone_container_files/helios16p_ws/install/ros2_unitree_legged_msgs/share/ros2_unitree_legged_msgs/msg/IMU.msg\n'}
[50.176825] (ros2_unitree_legged_msgs) StdoutLine: {'line': b'-- Installing: /home/admin/bench/lab/STAGING_helios16p_kiss_legged_bench_cyclone_container_files/helios16p_ws/install/ros2_unitree_legged_msgs/share/ros2_unitree_legged_msgs/msg/LED.msg\n'}
[50.177461] (ros2_unitree_legged_msgs) StdoutLine: {'line': b'-- Installing: /home/admin/bench/lab/STAGING_helios16p_kiss_legged_bench_cyclone_container_files/helios16p_ws/install/ros2_unitree_legged_msgs/share/ros2_unitree_legged_msgs/msg/LowCmd.msg\n'}
[50.178131] (ros2_unitree_legged_msgs) StdoutLine: {'line': b'-- Installing: /home/admin/bench/lab/STAGING_helios16p_kiss_legged_bench_cyclone_container_files/helios16p_ws/install/ros2_unitree_legged_msgs/share/ros2_unitree_legged_msgs/msg/LowState.msg\n'}
[50.178777] (ros2_unitree_legged_msgs) StdoutLine: {'line': b'-- Installing: /home/admin/bench/lab/STAGING_helios16p_kiss_legged_bench_cyclone_container_files/helios16p_ws/install/ros2_unitree_legged_msgs/share/ros2_unitree_legged_msgs/msg/HighCmd.msg\n'}
[50.179415] (ros2_unitree_legged_msgs) StdoutLine: {'line': b'-- Installing: /home/admin/bench/lab/STAGING_helios16p_kiss_legged_bench_cyclone_container_files/helios16p_ws/install/ros2_unitree_legged_msgs/share/ros2_unitree_legged_msgs/msg/HighState.msg\n'}
[50.180317] (ros2_unitree_legged_msgs) StdoutLine: {'line': b'-- Installing: /home/admin/bench/lab/STAGING_helios16p_kiss_legged_bench_cyclone_container_files/helios16p_ws/install/ros2_unitree_legged_msgs/share/ament_index/resource_index/package_run_dependencies/ros2_unitree_legged_msgs\n'}
[50.181115] (ros2_unitree_legged_msgs) StdoutLine: {'line': b'-- Installing: /home/admin/bench/lab/STAGING_helios16p_kiss_legged_bench_cyclone_container_files/helios16p_ws/install/ros2_unitree_legged_msgs/share/ament_index/resource_index/parent_prefix_path/ros2_unitree_legged_msgs\n'}
[50.181776] (ros2_unitree_legged_msgs) StdoutLine: {'line': b'-- Installing: /home/admin/bench/lab/STAGING_helios16p_kiss_legged_bench_cyclone_container_files/helios16p_ws/install/ros2_unitree_legged_msgs/share/ros2_unitree_legged_msgs/environment/ament_prefix_path.sh\n'}
[50.182451] (ros2_unitree_legged_msgs) StdoutLine: {'line': b'-- Installing: /home/admin/bench/lab/STAGING_helios16p_kiss_legged_bench_cyclone_container_files/helios16p_ws/install/ros2_unitree_legged_msgs/share/ros2_unitree_legged_msgs/environment/ament_prefix_path.dsv\n'}
[50.183064] (ros2_unitree_legged_msgs) StdoutLine: {'line': b'-- Installing: /home/admin/bench/lab/STAGING_helios16p_kiss_legged_bench_cyclone_container_files/helios16p_ws/install/ros2_unitree_legged_msgs/share/ros2_unitree_legged_msgs/environment/path.sh\n'}
[50.183707] (ros2_unitree_legged_msgs) StdoutLine: {'line': b'-- Installing: /home/admin/bench/lab/STAGING_helios16p_kiss_legged_bench_cyclone_container_files/helios16p_ws/install/ros2_unitree_legged_msgs/share/ros2_unitree_legged_msgs/environment/path.dsv\n'}
[50.184334] (ros2_unitree_legged_msgs) StdoutLine: {'line': b'-- Installing: /home/admin/bench/lab/STAGING_helios16p_kiss_legged_bench_cyclone_container_files/helios16p_ws/install/ros2_unitree_legged_msgs/share/ros2_unitree_legged_msgs/local_setup.bash\n'}
[50.184937] (ros2_unitree_legged_msgs) StdoutLine: {'line': b'-- Installing: /home/admin/bench/lab/STAGING_helios16p_kiss_legged_bench_cyclone_container_files/helios16p_ws/install/ros2_unitree_legged_msgs/share/ros2_unitree_legged_msgs/local_setup.sh\n'}
[50.185552] (ros2_unitree_legged_msgs) StdoutLine: {'line': b'-- Installing: /home/admin/bench/lab/STAGING_helios16p_kiss_legged_bench_cyclone_container_files/helios16p_ws/install/ros2_unitree_legged_msgs/share/ros2_unitree_legged_msgs/local_setup.zsh\n'}
[50.186141] (ros2_unitree_legged_msgs) StdoutLine: {'line': b'-- Installing: /home/admin/bench/lab/STAGING_helios16p_kiss_legged_bench_cyclone_container_files/helios16p_ws/install/ros2_unitree_legged_msgs/share/ros2_unitree_legged_msgs/local_setup.dsv\n'}
[50.186752] (ros2_unitree_legged_msgs) StdoutLine: {'line': b'-- Installing: /home/admin/bench/lab/STAGING_helios16p_kiss_legged_bench_cyclone_container_files/helios16p_ws/install/ros2_unitree_legged_msgs/share/ros2_unitree_legged_msgs/package.dsv\n'}
[50.187716] (ros2_unitree_legged_msgs) StdoutLine: {'line': b'-- Installing: /home/admin/bench/lab/STAGING_helios16p_kiss_legged_bench_cyclone_container_files/helios16p_ws/install/ros2_unitree_legged_msgs/share/ament_index/resource_index/packages/ros2_unitree_legged_msgs\n'}
[50.188573] (ros2_unitree_legged_msgs) StdoutLine: {'line': b'-- Installing: /home/admin/bench/lab/STAGING_helios16p_kiss_legged_bench_cyclone_container_files/helios16p_ws/install/ros2_unitree_legged_msgs/share/ros2_unitree_legged_msgs/cmake/export_ros2_unitree_legged_msgs__rosidl_generator_cExport.cmake\n'}
[50.189191] (ros2_unitree_legged_msgs) StdoutLine: {'line': b'-- Installing: /home/admin/bench/lab/STAGING_helios16p_kiss_legged_bench_cyclone_container_files/helios16p_ws/install/ros2_unitree_legged_msgs/share/ros2_unitree_legged_msgs/cmake/export_ros2_unitree_legged_msgs__rosidl_generator_cExport-noconfig.cmake\n'}
[50.189854] (ros2_unitree_legged_msgs) StdoutLine: {'line': b'-- Installing: /home/admin/bench/lab/STAGING_helios16p_kiss_legged_bench_cyclone_container_files/helios16p_ws/install/ros2_unitree_legged_msgs/share/ros2_unitree_legged_msgs/cmake/export_ros2_unitree_legged_msgs__rosidl_typesupport_fastrtps_cExport.cmake\n'}
[50.190516] (ros2_unitree_legged_msgs) StdoutLine: {'line': b'-- Installing: /home/admin/bench/lab/STAGING_helios16p_kiss_legged_bench_cyclone_container_files/helios16p_ws/install/ros2_unitree_legged_msgs/share/ros2_unitree_legged_msgs/cmake/export_ros2_unitree_legged_msgs__rosidl_typesupport_fastrtps_cExport-noconfig.cmake\n'}
[50.191215] (ros2_unitree_legged_msgs) StdoutLine: {'line': b'-- Installing: /home/admin/bench/lab/STAGING_helios16p_kiss_legged_bench_cyclone_container_files/helios16p_ws/install/ros2_unitree_legged_msgs/share/ros2_unitree_legged_msgs/cmake/ros2_unitree_legged_msgs__rosidl_typesupport_introspection_cExport.cmake\n'}
[50.191923] (ros2_unitree_legged_msgs) StdoutLine: {'line': b'-- Installing: /home/admin/bench/lab/STAGING_helios16p_kiss_legged_bench_cyclone_container_files/helios16p_ws/install/ros2_unitree_legged_msgs/share/ros2_unitree_legged_msgs/cmake/ros2_unitree_legged_msgs__rosidl_typesupport_introspection_cExport-noconfig.cmake\n'}
[50.192613] (ros2_unitree_legged_msgs) StdoutLine: {'line': b'-- Installing: /home/admin/bench/lab/STAGING_helios16p_kiss_legged_bench_cyclone_container_files/helios16p_ws/install/ros2_unitree_legged_msgs/share/ros2_unitree_legged_msgs/cmake/ros2_unitree_legged_msgs__rosidl_typesupport_cExport.cmake\n'}
[50.193279] (ros2_unitree_legged_msgs) StdoutLine: {'line': b'-- Installing: /home/admin/bench/lab/STAGING_helios16p_kiss_legged_bench_cyclone_container_files/helios16p_ws/install/ros2_unitree_legged_msgs/share/ros2_unitree_legged_msgs/cmake/ros2_unitree_legged_msgs__rosidl_typesupport_cExport-noconfig.cmake\n'}
[50.193993] (ros2_unitree_legged_msgs) StdoutLine: {'line': b'-- Installing: /home/admin/bench/lab/STAGING_helios16p_kiss_legged_bench_cyclone_container_files/helios16p_ws/install/ros2_unitree_legged_msgs/share/ros2_unitree_legged_msgs/cmake/export_ros2_unitree_legged_msgs__rosidl_generator_cppExport.cmake\n'}
[50.194687] (ros2_unitree_legged_msgs) StdoutLine: {'line': b'-- Installing: /home/admin/bench/lab/STAGING_helios16p_kiss_legged_bench_cyclone_container_files/helios16p_ws/install/ros2_unitree_legged_msgs/share/ros2_unitree_legged_msgs/cmake/export_ros2_unitree_legged_msgs__rosidl_typesupport_fastrtps_cppExport.cmake\n'}
[50.195345] (ros2_unitree_legged_msgs) StdoutLine: {'line': b'-- Installing: /home/admin/bench/lab/STAGING_helios16p_kiss_legged_bench_cyclone_container_files/helios16p_ws/install/ros2_unitree_legged_msgs/share/ros2_unitree_legged_msgs/cmake/export_ros2_unitree_legged_msgs__rosidl_typesupport_fastrtps_cppExport-noconfig.cmake\n'}
[50.196004] (ros2_unitree_legged_msgs) StdoutLine: {'line': b'-- Installing: /home/admin/bench/lab/STAGING_helios16p_kiss_legged_bench_cyclone_container_files/helios16p_ws/install/ros2_unitree_legged_msgs/share/ros2_unitree_legged_msgs/cmake/ros2_unitree_legged_msgs__rosidl_typesupport_introspection_cppExport.cmake\n'}
[50.196646] (ros2_unitree_legged_msgs) StdoutLine: {'line': b'-- Installing: /home/admin/bench/lab/STAGING_helios16p_kiss_legged_bench_cyclone_container_files/helios16p_ws/install/ros2_unitree_legged_msgs/share/ros2_unitree_legged_msgs/cmake/ros2_unitree_legged_msgs__rosidl_typesupport_introspection_cppExport-noconfig.cmake\n'}
[50.197309] (ros2_unitree_legged_msgs) StdoutLine: {'line': b'-- Installing: /home/admin/bench/lab/STAGING_helios16p_kiss_legged_bench_cyclone_container_files/helios16p_ws/install/ros2_unitree_legged_msgs/share/ros2_unitree_legged_msgs/cmake/ros2_unitree_legged_msgs__rosidl_typesupport_cppExport.cmake\n'}
[50.197940] (ros2_unitree_legged_msgs) StdoutLine: {'line': b'-- Installing: /home/admin/bench/lab/STAGING_helios16p_kiss_legged_bench_cyclone_container_files/helios16p_ws/install/ros2_unitree_legged_msgs/share/ros2_unitree_legged_msgs/cmake/ros2_unitree_legged_msgs__rosidl_typesupport_cppExport-noconfig.cmake\n'}
[50.198611] (ros2_unitree_legged_msgs) StdoutLine: {'line': b'-- Installing: /home/admin/bench/lab/STAGING_helios16p_kiss_legged_bench_cyclone_container_files/helios16p_ws/install/ros2_unitree_legged_msgs/share/ros2_unitree_legged_msgs/cmake/export_ros2_unitree_legged_msgs__rosidl_generator_pyExport.cmake\n'}
[50.199231] (ros2_unitree_legged_msgs) StdoutLine: {'line': b'-- Installing: /home/admin/bench/lab/STAGING_helios16p_kiss_legged_bench_cyclone_container_files/helios16p_ws/install/ros2_unitree_legged_msgs/share/ros2_unitree_legged_msgs/cmake/export_ros2_unitree_legged_msgs__rosidl_generator_pyExport-noconfig.cmake\n'}
[50.200004] (ros2_unitree_legged_msgs) StdoutLine: {'line': b'-- Installing: /home/admin/bench/lab/STAGING_helios16p_kiss_legged_bench_cyclone_container_files/helios16p_ws/install/ros2_unitree_legged_msgs/share/ros2_unitree_legged_msgs/cmake/rosidl_cmake-extras.cmake\n'}
[50.200604] (ros2_unitree_legged_msgs) StdoutLine: {'line': b'-- Installing: /home/admin/bench/lab/STAGING_helios16p_kiss_legged_bench_cyclone_container_files/helios16p_ws/install/ros2_unitree_legged_msgs/share/ros2_unitree_legged_msgs/cmake/ament_cmake_export_include_directories-extras.cmake\n'}
[50.201192] (ros2_unitree_legged_msgs) StdoutLine: {'line': b'-- Installing: /home/admin/bench/lab/STAGING_helios16p_kiss_legged_bench_cyclone_container_files/helios16p_ws/install/ros2_unitree_legged_msgs/share/ros2_unitree_legged_msgs/cmake/ament_cmake_export_libraries-extras.cmake\n'}
[50.201831] (ros2_unitree_legged_msgs) StdoutLine: {'line': b'-- Installing: /home/admin/bench/lab/STAGING_helios16p_kiss_legged_bench_cyclone_container_files/helios16p_ws/install/ros2_unitree_legged_msgs/share/ros2_unitree_legged_msgs/cmake/ament_cmake_export_targets-extras.cmake\n'}
[50.202455] (ros2_unitree_legged_msgs) StdoutLine: {'line': b'-- Installing: /home/admin/bench/lab/STAGING_helios16p_kiss_legged_bench_cyclone_container_files/helios16p_ws/install/ros2_unitree_legged_msgs/share/ros2_unitree_legged_msgs/cmake/rosidl_cmake_export_typesupport_targets-extras.cmake\n'}
[50.203056] (ros2_unitree_legged_msgs) StdoutLine: {'line': b'-- Installing: /home/admin/bench/lab/STAGING_helios16p_kiss_legged_bench_cyclone_container_files/helios16p_ws/install/ros2_unitree_legged_msgs/share/ros2_unitree_legged_msgs/cmake/ament_cmake_export_dependencies-extras.cmake\n'}
[50.203697] (ros2_unitree_legged_msgs) StdoutLine: {'line': b'-- Installing: /home/admin/bench/lab/STAGING_helios16p_kiss_legged_bench_cyclone_container_files/helios16p_ws/install/ros2_unitree_legged_msgs/share/ros2_unitree_legged_msgs/cmake/rosidl_cmake_export_typesupport_libraries-extras.cmake\n'}
[50.204322] (ros2_unitree_legged_msgs) StdoutLine: {'line': b'-- Installing: /home/admin/bench/lab/STAGING_helios16p_kiss_legged_bench_cyclone_container_files/helios16p_ws/install/ros2_unitree_legged_msgs/share/ros2_unitree_legged_msgs/cmake/ros2_unitree_legged_msgsConfig.cmake\n'}
[50.204848] (ros2_unitree_legged_msgs) StdoutLine: {'line': b'-- Installing: /home/admin/bench/lab/STAGING_helios16p_kiss_legged_bench_cyclone_container_files/helios16p_ws/install/ros2_unitree_legged_msgs/share/ros2_unitree_legged_msgs/cmake/ros2_unitree_legged_msgsConfig-version.cmake\n'}
[50.205480] (ros2_unitree_legged_msgs) StdoutLine: {'line': b'-- Installing: /home/admin/bench/lab/STAGING_helios16p_kiss_legged_bench_cyclone_container_files/helios16p_ws/install/ros2_unitree_legged_msgs/share/ros2_unitree_legged_msgs/package.xml\n'}
[50.211897] (ros2_unitree_legged_msgs) CommandEnded: {'returncode': 0}
[50.231898] (-) TimerEvent: {}
[50.261213] (ros2_unitree_legged_msgs) JobEnded: {'identifier': 'ros2_unitree_legged_msgs', 'rc': 0}
[50.263859] (-) EventReactorShutdown: {}
