[0.431s] Invoking command in '/home/ph/treasure/dockerBENCH/helios16p_ws/build/vicon_receiver': CMAKE_PREFIX_PATH=/opt/ros/humble PS1=(pvenv) \[\e]0;\u@\h: \w\a\]${debian_chroot:+($debian_chroot)}\u@\h:\w\$ VIRTUAL_ENV_PROMPT=(pvenv) /home/ph/.local/bin/cmake /home/ph/treasure/dockerBENCH/helios16p_ws/src/vicon_receiver -DCMAKE_INSTALL_PREFIX=/home/ph/treasure/dockerBENCH/helios16p_ws/install/vicon_receiver
[0.578s] [0mCMake Deprecation Warning at CMakeLists.txt:1 (cmake_minimum_required):
[0.578s]   Compatibility with CMake < 3.10 will be removed from a future version of
[0.578s]   CMake.
[0.578s] 
[0.578s]   Update the VERSION argument <min> value.  Or, use the <min>...<max> syntax
[0.579s]   to tell CMake that the project requires at least <min> but has been updated
[0.579s]   to work with policies introduced by <max> or earlier.
[0.579s] 
[0.579s] [0m
[0.653s] -- The C compiler identification is GNU 11.4.0
[0.803s] -- The CXX compiler identification is GNU 11.4.0
[0.820s] -- Detecting C compiler ABI info
[0.930s] -- Detecting C compiler ABI info - done
[0.963s] -- Check for working C compiler: /usr/bin/cc - skipped
[0.964s] -- Detecting C compile features
[0.965s] -- Detecting C compile features - done
[0.990s] -- Detecting CXX compiler ABI info
[1.134s] -- Detecting CXX compiler ABI info - done
[1.165s] -- Check for working CXX compiler: /usr/bin/c++ - skipped
[1.166s] -- Detecting CXX compile features
[1.167s] -- Detecting CXX compile features - done
[1.182s] -- Found ament_cmake: 1.3.12 (/opt/ros/humble/share/ament_cmake/cmake)
[1.425s] -- Found Python3: /usr/bin/python3 (found version "3.10.12") found components: Interpreter
[1.617s] -- Found rclcpp: 16.0.17 (/opt/ros/humble/share/rclcpp/cmake)
[1.688s] -- Found rosidl_generator_c: 3.1.8 (/opt/ros/humble/share/rosidl_generator_c/cmake)
[1.696s] -- Found rosidl_adapter: 3.1.8 (/opt/ros/humble/share/rosidl_adapter/cmake)
[1.713s] -- Found rosidl_generator_cpp: 3.1.8 (/opt/ros/humble/share/rosidl_generator_cpp/cmake)
[1.737s] -- Using all available rosidl_typesupport_c: rosidl_typesupport_fastrtps_c;rosidl_typesupport_introspection_c
[1.768s] -- Using all available rosidl_typesupport_cpp: rosidl_typesupport_fastrtps_cpp;rosidl_typesupport_introspection_cpp
[1.860s] -- Found rmw_implementation_cmake: 6.1.2 (/opt/ros/humble/share/rmw_implementation_cmake/cmake)
[1.867s] -- Found rmw_fastrtps_cpp: 6.2.9 (/opt/ros/humble/share/rmw_fastrtps_cpp/cmake)
[2.031s] -- Found OpenSSL: /usr/lib/x86_64-linux-gnu/libcrypto.so (found version "3.0.2")
[2.084s] -- Found FastRTPS: /opt/ros/humble/include
[2.165s] -- Using RMW implementation 'rmw_fastrtps_cpp' as default
[2.178s] -- Performing Test CMAKE_HAVE_LIBC_PTHREAD
[2.284s] -- Performing Test CMAKE_HAVE_LIBC_PTHREAD - Success
[2.287s] -- Found Threads: TRUE
[2.415s] -- Found geometry_msgs: 4.9.0 (/opt/ros/humble/share/geometry_msgs/cmake)
[2.469s] -- Found tf2: 0.25.18 (/opt/ros/humble/share/tf2/cmake)
[2.497s] -- Found tf2_ros: 0.25.18 (/opt/ros/humble/share/tf2_ros/cmake)
[2.776s] -- Found tf2_geometry_msgs: 0.25.18 (/opt/ros/humble/share/tf2_geometry_msgs/cmake)
[2.810s] -- Found eigen3_cmake_module: 0.1.1 (/opt/ros/humble/share/eigen3_cmake_module/cmake)
[2.814s] -- Found Eigen3: TRUE (found version "3.4.0")
[2.814s] -- Ensuring Eigen3 include directory is part of orocos-kdl CMake target
[2.949s] -- Configuring done (2.4s)
[2.986s] -- Generating done (0.0s)
[3.045s] -- Build files have been written to: /home/ph/treasure/dockerBENCH/helios16p_ws/build/vicon_receiver
[3.068s] Invoked command in '/home/ph/treasure/dockerBENCH/helios16p_ws/build/vicon_receiver' returned '0': CMAKE_PREFIX_PATH=/opt/ros/humble PS1=(pvenv) \[\e]0;\u@\h: \w\a\]${debian_chroot:+($debian_chroot)}\u@\h:\w\$ VIRTUAL_ENV_PROMPT=(pvenv) /home/ph/.local/bin/cmake /home/ph/treasure/dockerBENCH/helios16p_ws/src/vicon_receiver -DCMAKE_INSTALL_PREFIX=/home/ph/treasure/dockerBENCH/helios16p_ws/install/vicon_receiver
[3.071s] Invoking command in '/home/ph/treasure/dockerBENCH/helios16p_ws/build/vicon_receiver': CMAKE_PREFIX_PATH=/opt/ros/humble PS1=(pvenv) \[\e]0;\u@\h: \w\a\]${debian_chroot:+($debian_chroot)}\u@\h:\w\$ VIRTUAL_ENV_PROMPT=(pvenv) /home/ph/.local/bin/cmake --build /home/ph/treasure/dockerBENCH/helios16p_ws/build/vicon_receiver -- -j8 -l8
[3.252s] [ 66%] [32mBuilding CXX object CMakeFiles/vicon_client.dir/src/publisher.cpp.o[0m
[3.252s] [ 66%] [32mBuilding CXX object CMakeFiles/vicon_client.dir/src/communicator.cpp.o[0m
[15.340s] [01m[K/home/ph/treasure/dockerBENCH/helios16p_ws/src/vicon_receiver/src/communicator.cpp:[m[K In member function ‘[01m[Kvoid Communicator::get_frame()[m[K’:
[15.340s] [01m[K/home/ph/treasure/dockerBENCH/helios16p_ws/src/vicon_receiver/src/communicator.cpp:153:27:[m[K [01;35m[Kwarning: [m[Kvariable ‘[01m[Kframe_number[m[K’ set but not used [[01;35m[K-Wunused-but-set-variable[m[K]
[15.340s]   153 | ut_GetFrameNumber [01;35m[Kframe_number[m[K = vicon_client.GetFrameNumber();
[15.341s]       |                   [01;35m[K^~~~~~~~~~~~[m[K
[15.341s] 
[20.784s] [100%] [1m[32mLinking CXX executable vicon_client[0m
[21.941s] [100%] Built target vicon_client
[21.957s] Invoked command in '/home/ph/treasure/dockerBENCH/helios16p_ws/build/vicon_receiver' returned '0': CMAKE_PREFIX_PATH=/opt/ros/humble PS1=(pvenv) \[\e]0;\u@\h: \w\a\]${debian_chroot:+($debian_chroot)}\u@\h:\w\$ VIRTUAL_ENV_PROMPT=(pvenv) /home/ph/.local/bin/cmake --build /home/ph/treasure/dockerBENCH/helios16p_ws/build/vicon_receiver -- -j8 -l8
[21.962s] Invoking command in '/home/ph/treasure/dockerBENCH/helios16p_ws/build/vicon_receiver': CMAKE_PREFIX_PATH=/opt/ros/humble PS1=(pvenv) \[\e]0;\u@\h: \w\a\]${debian_chroot:+($debian_chroot)}\u@\h:\w\$ VIRTUAL_ENV_PROMPT=(pvenv) /home/ph/.local/bin/cmake --install /home/ph/treasure/dockerBENCH/helios16p_ws/build/vicon_receiver
[22.195s] -- Install configuration: ""
[22.195s] -- Installing: /home/ph/treasure/dockerBENCH/helios16p_ws/install/vicon_receiver/include
[22.196s] -- Installing: /home/ph/treasure/dockerBENCH/helios16p_ws/install/vicon_receiver/include/boost
[22.196s] -- Installing: /home/ph/treasure/dockerBENCH/helios16p_ws/install/vicon_receiver/include/boost/thread.hpp
[22.197s] -- Installing: /home/ph/treasure/dockerBENCH/helios16p_ws/install/vicon_receiver/include/boost/asio.hpp
[22.199s] -- Installing: /home/ph/treasure/dockerBENCH/helios16p_ws/install/vicon_receiver/include/boost/asio
[22.199s] -- Installing: /home/ph/treasure/dockerBENCH/helios16p_ws/install/vicon_receiver/include/boost/asio/executor_work_guard.hpp
[22.199s] -- Installing: /home/ph/treasure/dockerBENCH/helios16p_ws/install/vicon_receiver/include/boost/asio/basic_streambuf.hpp
[22.201s] -- Installing: /home/ph/treasure/dockerBENCH/helios16p_ws/install/vicon_receiver/include/boost/asio/handler_continuation_hook.hpp
[22.201s] -- Installing: /home/ph/treasure/dockerBENCH/helios16p_ws/install/vicon_receiver/include/boost/asio/compose.hpp
[22.202s] -- Installing: /home/ph/treasure/dockerBENCH/helios16p_ws/install/vicon_receiver/include/boost/asio/post.hpp
[22.203s] -- Installing: /home/ph/treasure/dockerBENCH/helios16p_ws/install/vicon_receiver/include/boost/asio/static_thread_pool.hpp
[22.203s] -- Installing: /home/ph/treasure/dockerBENCH/helios16p_ws/install/vicon_receiver/include/boost/asio/system_executor.hpp
[22.204s] -- Installing: /home/ph/treasure/dockerBENCH/helios16p_ws/install/vicon_receiver/include/boost/asio/streambuf.hpp
[22.205s] -- Installing: /home/ph/treasure/dockerBENCH/helios16p_ws/install/vicon_receiver/include/boost/asio/basic_socket_iostream.hpp
[22.206s] -- Installing: /home/ph/treasure/dockerBENCH/helios16p_ws/install/vicon_receiver/include/boost/asio/async_result.hpp
[22.207s] -- Installing: /home/ph/treasure/dockerBENCH/helios16p_ws/install/vicon_receiver/include/boost/asio/use_awaitable.hpp
[22.207s] -- Installing: /home/ph/treasure/dockerBENCH/helios16p_ws/install/vicon_receiver/include/boost/asio/detail
[22.209s] -- Installing: /home/ph/treasure/dockerBENCH/helios16p_ws/install/vicon_receiver/include/boost/asio/detail/object_pool.hpp
[22.209s] -- Installing: /home/ph/treasure/dockerBENCH/helios16p_ws/install/vicon_receiver/include/boost/asio/detail/thread.hpp
[22.210s] -- Installing: /home/ph/treasure/dockerBENCH/helios16p_ws/install/vicon_receiver/include/boost/asio/detail/dependent_type.hpp
[22.210s] -- Installing: /home/ph/treasure/dockerBENCH/helios16p_ws/install/vicon_receiver/include/boost/asio/detail/win_global.hpp
[22.211s] -- Installing: /home/ph/treasure/dockerBENCH/helios16p_ws/install/vicon_receiver/include/boost/asio/detail/win_mutex.hpp
[22.212s] -- Installing: /home/ph/treasure/dockerBENCH/helios16p_ws/install/vicon_receiver/include/boost/asio/detail/timer_queue_ptime.hpp
[22.212s] -- Installing: /home/ph/treasure/dockerBENCH/helios16p_ws/install/vicon_receiver/include/boost/asio/detail/win_iocp_handle_service.hpp
[22.213s] -- Installing: /home/ph/treasure/dockerBENCH/helios16p_ws/install/vicon_receiver/include/boost/asio/detail/reactor_fwd.hpp
[22.214s] -- Installing: /home/ph/treasure/dockerBENCH/helios16p_ws/install/vicon_receiver/include/boost/asio/detail/mutex.hpp
[22.214s] -- Installing: /home/ph/treasure/dockerBENCH/helios16p_ws/install/vicon_receiver/include/boost/asio/detail/win_iocp_socket_send_op.hpp
[22.215s] -- Installing: /home/ph/treasure/dockerBENCH/helios16p_ws/install/vicon_receiver/include/boost/asio/detail/scheduler.hpp
[22.215s] -- Installing: /home/ph/treasure/dockerBENCH/helios16p_ws/install/vicon_receiver/include/boost/asio/detail/chrono_time_traits.hpp
[22.216s] -- Installing: /home/ph/treasure/dockerBENCH/helios16p_ws/install/vicon_receiver/include/boost/asio/detail/static_mutex.hpp
[22.217s] -- Installing: /home/ph/treasure/dockerBENCH/helios16p_ws/install/vicon_receiver/include/boost/asio/detail/win_iocp_socket_recvfrom_op.hpp
[22.217s] -- Installing: /home/ph/treasure/dockerBENCH/helios16p_ws/install/vicon_receiver/include/boost/asio/detail/reactive_socket_service.hpp
[22.219s] -- Installing: /home/ph/treasure/dockerBENCH/helios16p_ws/install/vicon_receiver/include/boost/asio/detail/std_mutex.hpp
[22.219s] -- Installing: /home/ph/treasure/dockerBENCH/helios16p_ws/install/vicon_receiver/include/boost/asio/detail/scheduler_thread_info.hpp
[22.220s] -- Installing: /home/ph/treasure/dockerBENCH/helios16p_ws/install/vicon_receiver/include/boost/asio/detail/thread_group.hpp
[22.220s] -- Installing: /home/ph/treasure/dockerBENCH/helios16p_ws/install/vicon_receiver/include/boost/asio/detail/strand_executor_service.hpp
[22.221s] -- Installing: /home/ph/treasure/dockerBENCH/helios16p_ws/install/vicon_receiver/include/boost/asio/detail/win_event.hpp
[22.222s] -- Installing: /home/ph/treasure/dockerBENCH/helios16p_ws/install/vicon_receiver/include/boost/asio/detail/executor_op.hpp
[22.222s] -- Installing: /home/ph/treasure/dockerBENCH/helios16p_ws/install/vicon_receiver/include/boost/asio/detail/noncopyable.hpp
[22.223s] -- Installing: /home/ph/treasure/dockerBENCH/helios16p_ws/install/vicon_receiver/include/boost/asio/detail/bind_handler.hpp
[22.224s] -- Installing: /home/ph/treasure/dockerBENCH/helios16p_ws/install/vicon_receiver/include/boost/asio/detail/win_iocp_socket_service.hpp
[22.225s] -- Installing: /home/ph/treasure/dockerBENCH/helios16p_ws/install/vicon_receiver/include/boost/asio/detail/win_tss_ptr.hpp
[22.226s] -- Installing: /home/ph/treasure/dockerBENCH/helios16p_ws/install/vicon_receiver/include/boost/asio/detail/reactive_socket_recv_op.hpp
[22.226s] -- Installing: /home/ph/treasure/dockerBENCH/helios16p_ws/install/vicon_receiver/include/boost/asio/detail/win_iocp_socket_accept_op.hpp
[22.227s] -- Installing: /home/ph/treasure/dockerBENCH/helios16p_ws/install/vicon_receiver/include/boost/asio/detail/strand_service.hpp
[22.228s] -- Installing: /home/ph/treasure/dockerBENCH/helios16p_ws/install/vicon_receiver/include/boost/asio/detail/wrapped_handler.hpp
[22.228s] -- Installing: /home/ph/treasure/dockerBENCH/helios16p_ws/install/vicon_receiver/include/boost/asio/detail/null_signal_blocker.hpp
[22.229s] -- Installing: /home/ph/treasure/dockerBENCH/helios16p_ws/install/vicon_receiver/include/boost/asio/detail/reactive_null_buffers_op.hpp
[22.229s] -- Installing: /home/ph/treasure/dockerBENCH/helios16p_ws/install/vicon_receiver/include/boost/asio/detail/is_buffer_sequence.hpp
[22.230s] -- Installing: /home/ph/treasure/dockerBENCH/helios16p_ws/install/vicon_receiver/include/boost/asio/detail/posix_signal_blocker.hpp
[22.231s] -- Installing: /home/ph/treasure/dockerBENCH/helios16p_ws/install/vicon_receiver/include/boost/asio/detail/fd_set_adapter.hpp
[22.231s] -- Installing: /home/ph/treasure/dockerBENCH/helios16p_ws/install/vicon_receiver/include/boost/asio/detail/deadline_timer_service.hpp
[22.232s] -- Installing: /home/ph/treasure/dockerBENCH/helios16p_ws/install/vicon_receiver/include/boost/asio/detail/reactor_op_queue.hpp
[22.232s] -- Installing: /home/ph/treasure/dockerBENCH/helios16p_ws/install/vicon_receiver/include/boost/asio/detail/chrono.hpp
[22.233s] -- Installing: /home/ph/treasure/dockerBENCH/helios16p_ws/install/vicon_receiver/include/boost/asio/detail/wait_op.hpp
[22.234s] -- Installing: /home/ph/treasure/dockerBENCH/helios16p_ws/install/vicon_receiver/include/boost/asio/detail/dev_poll_reactor.hpp
[22.234s] -- Installing: /home/ph/treasure/dockerBENCH/helios16p_ws/install/vicon_receiver/include/boost/asio/detail/posix_tss_ptr.hpp
[22.235s] -- Installing: /home/ph/treasure/dockerBENCH/helios16p_ws/install/vicon_receiver/include/boost/asio/detail/throw_error.hpp
[22.235s] -- Installing: /home/ph/treasure/dockerBENCH/helios16p_ws/install/vicon_receiver/include/boost/asio/detail/timer_queue.hpp
[22.236s] -- Installing: /home/ph/treasure/dockerBENCH/helios16p_ws/install/vicon_receiver/include/boost/asio/detail/completion_handler.hpp
[22.237s] -- Installing: /home/ph/treasure/dockerBENCH/helios16p_ws/install/vicon_receiver/include/boost/asio/detail/reactor.hpp
[22.237s] -- Installing: /home/ph/treasure/dockerBENCH/helios16p_ws/install/vicon_receiver/include/boost/asio/detail/future.hpp
[22.238s] -- Installing: /home/ph/treasure/dockerBENCH/helios16p_ws/install/vicon_receiver/include/boost/asio/detail/socket_ops.hpp
[22.238s] -- Installing: /home/ph/treasure/dockerBENCH/helios16p_ws/install/vicon_receiver/include/boost/asio/detail/std_global.hpp
[22.239s] -- Installing: /home/ph/treasure/dockerBENCH/helios16p_ws/install/vicon_receiver/include/boost/asio/detail/blocking_executor_op.hpp
[22.239s] -- Installing: /home/ph/treasure/dockerBENCH/helios16p_ws/install/vicon_receiver/include/boost/asio/detail/timer_scheduler_fwd.hpp
[22.240s] -- Installing: /home/ph/treasure/dockerBENCH/helios16p_ws/install/vicon_receiver/include/boost/asio/detail/work_dispatcher.hpp
[22.240s] -- Installing: /home/ph/treasure/dockerBENCH/helios16p_ws/install/vicon_receiver/include/boost/asio/detail/reactive_socket_connect_op.hpp
[22.241s] -- Installing: /home/ph/treasure/dockerBENCH/helios16p_ws/install/vicon_receiver/include/boost/asio/detail/posix_thread.hpp
[22.242s] -- Installing: /home/ph/treasure/dockerBENCH/helios16p_ws/install/vicon_receiver/include/boost/asio/detail/call_stack.hpp
[22.242s] -- Installing: /home/ph/treasure/dockerBENCH/helios16p_ws/install/vicon_receiver/include/boost/asio/detail/select_interrupter.hpp
[22.243s] -- Installing: /home/ph/treasure/dockerBENCH/helios16p_ws/install/vicon_receiver/include/boost/asio/detail/null_fenced_block.hpp
[22.244s] -- Installing: /home/ph/treasure/dockerBENCH/helios16p_ws/install/vicon_receiver/include/boost/asio/detail/win_iocp_socket_recvmsg_op.hpp
[22.244s] -- Installing: /home/ph/treasure/dockerBENCH/helios16p_ws/install/vicon_receiver/include/boost/asio/detail/null_socket_service.hpp
[22.246s] -- Installing: /home/ph/treasure/dockerBENCH/helios16p_ws/install/vicon_receiver/include/boost/asio/detail/null_static_mutex.hpp
[22.247s] -- Installing: /home/ph/treasure/dockerBENCH/helios16p_ws/install/vicon_receiver/include/boost/asio/detail/config.hpp
[22.248s] -- Installing: /home/ph/treasure/dockerBENCH/helios16p_ws/install/vicon_receiver/include/boost/asio/detail/recycling_allocator.hpp
[22.248s] -- Installing: /home/ph/treasure/dockerBENCH/helios16p_ws/install/vicon_receiver/include/boost/asio/detail/winsock_init.hpp
[22.250s] -- Installing: /home/ph/treasure/dockerBENCH/helios16p_ws/install/vicon_receiver/include/boost/asio/detail/type_traits.hpp
[22.251s] -- Installing: /home/ph/treasure/dockerBENCH/helios16p_ws/install/vicon_receiver/include/boost/asio/detail/winrt_resolve_op.hpp
[22.251s] -- Installing: /home/ph/treasure/dockerBENCH/helios16p_ws/install/vicon_receiver/include/boost/asio/detail/null_tss_ptr.hpp
[22.251s] -- Installing: /home/ph/treasure/dockerBENCH/helios16p_ws/install/vicon_receiver/include/boost/asio/detail/win_iocp_overlapped_op.hpp
[22.252s] -- Installing: /home/ph/treasure/dockerBENCH/helios16p_ws/install/vicon_receiver/include/boost/asio/detail/epoll_reactor.hpp
[22.254s] -- Installing: /home/ph/treasure/dockerBENCH/helios16p_ws/install/vicon_receiver/include/boost/asio/detail/push_options.hpp
[22.254s] -- Installing: /home/ph/treasure/dockerBENCH/helios16p_ws/install/vicon_receiver/include/boost/asio/detail/signal_set_service.hpp
[22.255s] -- Installing: /home/ph/treasure/dockerBENCH/helios16p_ws/install/vicon_receiver/include/boost/asio/detail/socket_option.hpp
[22.255s] -- Installing: /home/ph/treasure/dockerBENCH/helios16p_ws/install/vicon_receiver/include/boost/asio/detail/regex_fwd.hpp
[22.256s] -- Installing: /home/ph/treasure/dockerBENCH/helios16p_ws/install/vicon_receiver/include/boost/asio/detail/atomic_count.hpp
[22.257s] -- Installing: /home/ph/treasure/dockerBENCH/helios16p_ws/install/vicon_receiver/include/boost/asio/detail/conditionally_enabled_mutex.hpp
[22.257s] -- Installing: /home/ph/treasure/dockerBENCH/helios16p_ws/install/vicon_receiver/include/boost/asio/detail/timer_queue_base.hpp
[22.258s] -- Installing: /home/ph/treasure/dockerBENCH/helios16p_ws/install/vicon_receiver/include/boost/asio/detail/handler_invoke_helpers.hpp
[22.258s] -- Installing: /home/ph/treasure/dockerBENCH/helios16p_ws/install/vicon_receiver/include/boost/asio/detail/win_iocp_handle_read_op.hpp
[22.259s] -- Installing: /home/ph/treasure/dockerBENCH/helios16p_ws/install/vicon_receiver/include/boost/asio/detail/resolve_query_op.hpp
[22.260s] -- Installing: /home/ph/treasure/dockerBENCH/helios16p_ws/install/vicon_receiver/include/boost/asio/detail/reactive_socket_accept_op.hpp
[22.261s] -- Installing: /home/ph/treasure/dockerBENCH/helios16p_ws/install/vicon_receiver/include/boost/asio/detail/win_iocp_serial_port_service.hpp
[22.261s] -- Installing: /home/ph/treasure/dockerBENCH/helios16p_ws/install/vicon_receiver/include/boost/asio/detail/string_view.hpp
[22.262s] -- Installing: /home/ph/treasure/dockerBENCH/helios16p_ws/install/vicon_receiver/include/boost/asio/detail/consuming_buffers.hpp
[22.263s] -- Installing: /home/ph/treasure/dockerBENCH/helios16p_ws/install/vicon_receiver/include/boost/asio/detail/winrt_async_manager.hpp
[22.263s] -- Installing: /home/ph/treasure/dockerBENCH/helios16p_ws/install/vicon_receiver/include/boost/asio/detail/handler_type_requirements.hpp
[22.264s] -- Installing: /home/ph/treasure/dockerBENCH/helios16p_ws/install/vicon_receiver/include/boost/asio/detail/source_location.hpp
[22.265s] -- Installing: /home/ph/treasure/dockerBENCH/helios16p_ws/install/vicon_receiver/include/boost/asio/detail/assert.hpp
[22.266s] -- Installing: /home/ph/treasure/dockerBENCH/helios16p_ws/install/vicon_receiver/include/boost/asio/detail/win_fenced_block.hpp
[22.267s] -- Installing: /home/ph/treasure/dockerBENCH/helios16p_ws/install/vicon_receiver/include/boost/asio/detail/posix_static_mutex.hpp
[22.268s] -- Installing: /home/ph/treasure/dockerBENCH/helios16p_ws/install/vicon_receiver/include/boost/asio/detail/macos_fenced_block.hpp
[22.269s] -- Installing: /home/ph/treasure/dockerBENCH/helios16p_ws/install/vicon_receiver/include/boost/asio/detail/concurrency_hint.hpp
[22.270s] -- Installing: /home/ph/treasure/dockerBENCH/helios16p_ws/install/vicon_receiver/include/boost/asio/detail/buffer_resize_guard.hpp
[22.270s] -- Installing: /home/ph/treasure/dockerBENCH/helios16p_ws/install/vicon_receiver/include/boost/asio/detail/cstdint.hpp
[22.270s] -- Installing: /home/ph/treasure/dockerBENCH/helios16p_ws/install/vicon_receiver/include/boost/asio/detail/kqueue_reactor.hpp
[22.271s] -- Installing: /home/ph/treasure/dockerBENCH/helios16p_ws/install/vicon_receiver/include/boost/asio/detail/null_event.hpp
[22.272s] -- Installing: /home/ph/treasure/dockerBENCH/helios16p_ws/install/vicon_receiver/include/boost/asio/detail/winrt_resolver_service.hpp
[22.272s] -- Installing: /home/ph/treasure/dockerBENCH/helios16p_ws/install/vicon_receiver/include/boost/asio/detail/std_thread.hpp
[22.273s] -- Installing: /home/ph/treasure/dockerBENCH/helios16p_ws/install/vicon_receiver/include/boost/asio/detail/thread_info_base.hpp
[22.274s] -- Installing: /home/ph/treasure/dockerBENCH/helios16p_ws/install/vicon_receiver/include/boost/asio/detail/posix_event.hpp
[22.275s] -- Installing: /home/ph/treasure/dockerBENCH/helios16p_ws/install/vicon_receiver/include/boost/asio/detail/null_mutex.hpp
[22.275s] -- Installing: /home/ph/treasure/dockerBENCH/helios16p_ws/install/vicon_receiver/include/boost/asio/detail/solaris_fenced_block.hpp
[22.276s] -- Installing: /home/ph/treasure/dockerBENCH/helios16p_ws/install/vicon_receiver/include/boost/asio/detail/fenced_block.hpp
[22.277s] -- Installing: /home/ph/treasure/dockerBENCH/helios16p_ws/install/vicon_receiver/include/boost/asio/detail/wait_handler.hpp
[22.278s] -- Installing: /home/ph/treasure/dockerBENCH/helios16p_ws/install/vicon_receiver/include/boost/asio/detail/variadic_templates.hpp
[22.278s] -- Installing: /home/ph/treasure/dockerBENCH/helios16p_ws/install/vicon_receiver/include/boost/asio/detail/socket_types.hpp
[22.279s] -- Installing: /home/ph/treasure/dockerBENCH/helios16p_ws/install/vicon_receiver/include/boost/asio/detail/memory.hpp
[22.279s] -- Installing: /home/ph/treasure/dockerBENCH/helios16p_ws/install/vicon_receiver/include/boost/asio/detail/win_iocp_io_context.hpp
[22.280s] -- Installing: /home/ph/treasure/dockerBENCH/helios16p_ws/install/vicon_receiver/include/boost/asio/detail/win_iocp_socket_service_base.hpp
[22.281s] -- Installing: /home/ph/treasure/dockerBENCH/helios16p_ws/install/vicon_receiver/include/boost/asio/detail/null_global.hpp
[22.282s] -- Installing: /home/ph/treasure/dockerBENCH/helios16p_ws/install/vicon_receiver/include/boost/asio/detail/bulk_executor_op.hpp
[22.283s] -- Installing: /home/ph/treasure/dockerBENCH/helios16p_ws/install/vicon_receiver/include/boost/asio/detail/posix_global.hpp
[22.284s] -- Installing: /home/ph/treasure/dockerBENCH/helios16p_ws/install/vicon_receiver/include/boost/asio/detail/operation.hpp
[22.284s] -- Installing: /home/ph/treasure/dockerBENCH/helios16p_ws/install/vicon_receiver/include/boost/asio/detail/executor_function.hpp
[22.286s] -- Installing: /home/ph/treasure/dockerBENCH/helios16p_ws/install/vicon_receiver/include/boost/asio/detail/resolve_endpoint_op.hpp
[22.286s] -- Installing: /home/ph/treasure/dockerBENCH/helios16p_ws/install/vicon_receiver/include/boost/asio/detail/posix_fd_set_adapter.hpp
[22.287s] -- Installing: /home/ph/treasure/dockerBENCH/helios16p_ws/install/vicon_receiver/include/boost/asio/detail/signal_handler.hpp
[22.287s] -- Installing: /home/ph/treasure/dockerBENCH/helios16p_ws/install/vicon_receiver/include/boost/asio/detail/std_fenced_block.hpp
[22.288s] -- Installing: /home/ph/treasure/dockerBENCH/helios16p_ws/install/vicon_receiver/include/boost/asio/detail/win_iocp_null_buffers_op.hpp
[22.289s] -- Installing: /home/ph/treasure/dockerBENCH/helios16p_ws/install/vicon_receiver/include/boost/asio/detail/resolver_service_base.hpp
[22.290s] -- Installing: /home/ph/treasure/dockerBENCH/helios16p_ws/install/vicon_receiver/include/boost/asio/detail/reactive_socket_recvfrom_op.hpp
[22.290s] -- Installing: /home/ph/treasure/dockerBENCH/helios16p_ws/install/vicon_receiver/include/boost/asio/detail/win_iocp_overlapped_ptr.hpp
[22.291s] -- Installing: /home/ph/treasure/dockerBENCH/helios16p_ws/install/vicon_receiver/include/boost/asio/detail/timer_scheduler.hpp
[22.293s] -- Installing: /home/ph/treasure/dockerBENCH/helios16p_ws/install/vicon_receiver/include/boost/asio/detail/gcc_arm_fenced_block.hpp
[22.293s] -- Installing: /home/ph/treasure/dockerBENCH/helios16p_ws/install/vicon_receiver/include/boost/asio/detail/win_iocp_wait_op.hpp
[22.295s] -- Installing: /home/ph/treasure/dockerBENCH/helios16p_ws/install/vicon_receiver/include/boost/asio/detail/signal_blocker.hpp
[22.295s] -- Installing: /home/ph/treasure/dockerBENCH/helios16p_ws/install/vicon_receiver/include/boost/asio/detail/reactive_wait_op.hpp
[22.296s] -- Installing: /home/ph/treasure/dockerBENCH/helios16p_ws/install/vicon_receiver/include/boost/asio/detail/winrt_timer_scheduler.hpp
[22.297s] -- Installing: /home/ph/treasure/dockerBENCH/helios16p_ws/install/vicon_receiver/include/boost/asio/detail/eventfd_select_interrupter.hpp
[22.298s] -- Installing: /home/ph/treasure/dockerBENCH/helios16p_ws/install/vicon_receiver/include/boost/asio/detail/pop_options.hpp
[22.298s] -- Installing: /home/ph/treasure/dockerBENCH/helios16p_ws/install/vicon_receiver/include/boost/asio/detail/functional.hpp
[22.300s] -- Installing: /home/ph/treasure/dockerBENCH/helios16p_ws/install/vicon_receiver/include/boost/asio/detail/is_executor.hpp
[22.301s] -- Installing: /home/ph/treasure/dockerBENCH/helios16p_ws/install/vicon_receiver/include/boost/asio/detail/reactive_socket_sendto_op.hpp
[22.302s] -- Installing: /home/ph/treasure/dockerBENCH/helios16p_ws/install/vicon_receiver/include/boost/asio/detail/std_event.hpp
[22.304s] -- Installing: /home/ph/treasure/dockerBENCH/helios16p_ws/install/vicon_receiver/include/boost/asio/detail/resolver_service.hpp
[22.304s] -- Installing: /home/ph/treasure/dockerBENCH/helios16p_ws/install/vicon_receiver/include/boost/asio/detail/descriptor_ops.hpp
[22.305s] -- Installing: /home/ph/treasure/dockerBENCH/helios16p_ws/install/vicon_receiver/include/boost/asio/detail/win_iocp_handle_write_op.hpp
[22.305s] -- Installing: /home/ph/treasure/dockerBENCH/helios16p_ws/install/vicon_receiver/include/boost/asio/detail/io_control.hpp
[22.306s] -- Installing: /home/ph/treasure/dockerBENCH/helios16p_ws/install/vicon_receiver/include/boost/asio/detail/signal_init.hpp
[22.307s] -- Installing: /home/ph/treasure/dockerBENCH/helios16p_ws/install/vicon_receiver/include/boost/asio/detail/pipe_select_interrupter.hpp
[22.308s] -- Installing: /home/ph/treasure/dockerBENCH/helios16p_ws/install/vicon_receiver/include/boost/asio/detail/throw_exception.hpp
[22.308s] -- Installing: /home/ph/treasure/dockerBENCH/helios16p_ws/install/vicon_receiver/include/boost/asio/detail/winapp_thread.hpp
[22.309s] -- Installing: /home/ph/treasure/dockerBENCH/helios16p_ws/install/vicon_receiver/include/boost/asio/detail/array_fwd.hpp
[22.310s] -- Installing: /home/ph/treasure/dockerBENCH/helios16p_ws/install/vicon_receiver/include/boost/asio/detail/win_fd_set_adapter.hpp
[22.311s] -- Installing: /home/ph/treasure/dockerBENCH/helios16p_ws/install/vicon_receiver/include/boost/asio/detail/keyword_tss_ptr.hpp
[22.311s] -- Installing: /home/ph/treasure/dockerBENCH/helios16p_ws/install/vicon_receiver/include/boost/asio/detail/impl
[22.312s] -- Installing: /home/ph/treasure/dockerBENCH/helios16p_ws/install/vicon_receiver/include/boost/asio/detail/impl/win_iocp_serial_port_service.ipp
[22.313s] -- Installing: /home/ph/treasure/dockerBENCH/helios16p_ws/install/vicon_receiver/include/boost/asio/detail/impl/select_reactor.ipp
[22.313s] -- Installing: /home/ph/treasure/dockerBENCH/helios16p_ws/install/vicon_receiver/include/boost/asio/detail/impl/strand_executor_service.hpp
[22.315s] -- Installing: /home/ph/treasure/dockerBENCH/helios16p_ws/install/vicon_receiver/include/boost/asio/detail/impl/winsock_init.ipp
[22.315s] -- Installing: /home/ph/treasure/dockerBENCH/helios16p_ws/install/vicon_receiver/include/boost/asio/detail/impl/win_mutex.ipp
[22.316s] -- Installing: /home/ph/treasure/dockerBENCH/helios16p_ws/install/vicon_receiver/include/boost/asio/detail/impl/strand_service.hpp
[22.318s] -- Installing: /home/ph/treasure/dockerBENCH/helios16p_ws/install/vicon_receiver/include/boost/asio/detail/impl/dev_poll_reactor.hpp
[22.319s] -- Installing: /home/ph/treasure/dockerBENCH/helios16p_ws/install/vicon_receiver/include/boost/asio/detail/impl/win_event.ipp
[22.320s] -- Installing: /home/ph/treasure/dockerBENCH/helios16p_ws/install/vicon_receiver/include/boost/asio/detail/impl/timer_queue_ptime.ipp
[22.320s] -- Installing: /home/ph/treasure/dockerBENCH/helios16p_ws/install/vicon_receiver/include/boost/asio/detail/impl/descriptor_ops.ipp
[22.320s] -- Installing: /home/ph/treasure/dockerBENCH/helios16p_ws/install/vicon_receiver/include/boost/asio/detail/impl/resolver_service_base.ipp
[22.321s] -- Installing: /home/ph/treasure/dockerBENCH/helios16p_ws/install/vicon_receiver/include/boost/asio/detail/impl/win_static_mutex.ipp
[22.322s] -- Installing: /home/ph/treasure/dockerBENCH/helios16p_ws/install/vicon_receiver/include/boost/asio/detail/impl/reactive_descriptor_service.ipp
[22.322s] -- Installing: /home/ph/treasure/dockerBENCH/helios16p_ws/install/vicon_receiver/include/boost/asio/detail/impl/kqueue_reactor.ipp
[22.324s] -- Installing: /home/ph/treasure/dockerBENCH/helios16p_ws/install/vicon_receiver/include/boost/asio/detail/impl/eventfd_select_interrupter.ipp
[22.325s] -- Installing: /home/ph/treasure/dockerBENCH/helios16p_ws/install/vicon_receiver/include/boost/asio/detail/impl/win_tss_ptr.ipp
[22.326s] -- Installing: /home/ph/treasure/dockerBENCH/helios16p_ws/install/vicon_receiver/include/boost/asio/detail/impl/socket_select_interrupter.ipp
[22.328s] -- Installing: /home/ph/treasure/dockerBENCH/helios16p_ws/install/vicon_receiver/include/boost/asio/detail/impl/posix_mutex.ipp
[22.328s] -- Installing: /home/ph/treasure/dockerBENCH/helios16p_ws/install/vicon_receiver/include/boost/asio/detail/impl/socket_ops.ipp
[22.329s] -- Installing: /home/ph/treasure/dockerBENCH/helios16p_ws/install/vicon_receiver/include/boost/asio/detail/impl/epoll_reactor.hpp
[22.331s] -- Installing: /home/ph/treasure/dockerBENCH/helios16p_ws/install/vicon_receiver/include/boost/asio/detail/impl/scheduler.ipp
[22.332s] -- Installing: /home/ph/treasure/dockerBENCH/helios16p_ws/install/vicon_receiver/include/boost/asio/detail/impl/win_iocp_socket_service_base.ipp
[22.333s] -- Installing: /home/ph/treasure/dockerBENCH/helios16p_ws/install/vicon_receiver/include/boost/asio/detail/impl/posix_thread.ipp
[22.335s] -- Installing: /home/ph/treasure/dockerBENCH/helios16p_ws/install/vicon_receiver/include/boost/asio/detail/impl/dev_poll_reactor.ipp
[22.336s] -- Installing: /home/ph/treasure/dockerBENCH/helios16p_ws/install/vicon_receiver/include/boost/asio/detail/impl/win_object_handle_service.ipp
[22.337s] -- Installing: /home/ph/treasure/dockerBENCH/helios16p_ws/install/vicon_receiver/include/boost/asio/detail/impl/kqueue_reactor.hpp
[22.340s] -- Installing: /home/ph/treasure/dockerBENCH/helios16p_ws/install/vicon_receiver/include/boost/asio/detail/impl/win_thread.ipp
[22.340s] -- Installing: /home/ph/treasure/dockerBENCH/helios16p_ws/install/vicon_receiver/include/boost/asio/detail/impl/win_iocp_io_context.hpp
[22.341s] -- Installing: /home/ph/treasure/dockerBENCH/helios16p_ws/install/vicon_receiver/include/boost/asio/detail/impl/timer_queue_set.ipp
[22.342s] -- Installing: /home/ph/treasure/dockerBENCH/helios16p_ws/install/vicon_receiver/include/boost/asio/detail/impl/posix_event.ipp
[22.343s] -- Installing: /home/ph/treasure/dockerBENCH/helios16p_ws/install/vicon_receiver/include/boost/asio/detail/impl/posix_tss_ptr.ipp
[22.343s] -- Installing: /home/ph/treasure/dockerBENCH/helios16p_ws/install/vicon_receiver/include/boost/asio/detail/impl/reactive_socket_service_base.ipp
[22.344s] -- Installing: /home/ph/treasure/dockerBENCH/helios16p_ws/install/vicon_receiver/include/boost/asio/detail/impl/winrt_timer_scheduler.hpp
[22.345s] -- Installing: /home/ph/treasure/dockerBENCH/helios16p_ws/install/vicon_receiver/include/boost/asio/detail/impl/win_iocp_io_context.ipp
[22.346s] -- Installing: /home/ph/treasure/dockerBENCH/helios16p_ws/install/vicon_receiver/include/boost/asio/detail/impl/handler_tracking.ipp
[22.347s] -- Installing: /home/ph/treasure/dockerBENCH/helios16p_ws/install/vicon_receiver/include/boost/asio/detail/impl/strand_service.ipp
[22.348s] -- Installing: /home/ph/treasure/dockerBENCH/helios16p_ws/install/vicon_receiver/include/boost/asio/detail/impl/null_event.ipp
[22.349s] -- Installing: /home/ph/treasure/dockerBENCH/helios16p_ws/install/vicon_receiver/include/boost/asio/detail/impl/service_registry.ipp
[22.350s] -- Installing: /home/ph/treasure/dockerBENCH/helios16p_ws/install/vicon_receiver/include/boost/asio/detail/impl/epoll_reactor.ipp
[22.351s] -- Installing: /home/ph/treasure/dockerBENCH/helios16p_ws/install/vicon_receiver/include/boost/asio/detail/impl/win_iocp_handle_service.ipp
[22.352s] -- Installing: /home/ph/treasure/dockerBENCH/helios16p_ws/install/vicon_receiver/include/boost/asio/detail/impl/buffer_sequence_adapter.ipp
[22.353s] -- Installing: /home/ph/treasure/dockerBENCH/helios16p_ws/install/vicon_receiver/include/boost/asio/detail/impl/service_registry.hpp
[22.354s] -- Installing: /home/ph/treasure/dockerBENCH/helios16p_ws/install/vicon_receiver/include/boost/asio/detail/impl/signal_set_service.ipp
[22.355s] -- Installing: /home/ph/treasure/dockerBENCH/helios16p_ws/install/vicon_receiver/include/boost/asio/detail/impl/reactive_serial_port_service.ipp
[22.355s] -- Installing: /home/ph/treasure/dockerBENCH/helios16p_ws/install/vicon_receiver/include/boost/asio/detail/impl/select_reactor.hpp
[22.356s] -- Installing: /home/ph/treasure/dockerBENCH/helios16p_ws/install/vicon_receiver/include/boost/asio/detail/impl/pipe_select_interrupter.ipp
[22.357s] -- Installing: /home/ph/treasure/dockerBENCH/helios16p_ws/install/vicon_receiver/include/boost/asio/detail/impl/strand_executor_service.ipp
[22.357s] -- Installing: /home/ph/treasure/dockerBENCH/helios16p_ws/install/vicon_receiver/include/boost/asio/detail/impl/throw_error.ipp
[22.358s] -- Installing: /home/ph/treasure/dockerBENCH/helios16p_ws/install/vicon_receiver/include/boost/asio/detail/impl/winrt_timer_scheduler.ipp
[22.359s] -- Installing: /home/ph/treasure/dockerBENCH/helios16p_ws/install/vicon_receiver/include/boost/asio/detail/descriptor_write_op.hpp
[22.359s] -- Installing: /home/ph/treasure/dockerBENCH/helios16p_ws/install/vicon_receiver/include/boost/asio/detail/wince_thread.hpp
[22.360s] -- Installing: /home/ph/treasure/dockerBENCH/helios16p_ws/install/vicon_receiver/include/boost/asio/detail/hash_map.hpp
[22.360s] -- Installing: /home/ph/treasure/dockerBENCH/helios16p_ws/install/vicon_receiver/include/boost/asio/detail/array.hpp
[22.361s] -- Installing: /home/ph/treasure/dockerBENCH/helios16p_ws/install/vicon_receiver/include/boost/asio/detail/socket_holder.hpp
[22.362s] -- Installing: /home/ph/treasure/dockerBENCH/helios16p_ws/install/vicon_receiver/include/boost/asio/detail/base_from_completion_cond.hpp
[22.362s] -- Installing: /home/ph/treasure/dockerBENCH/helios16p_ws/install/vicon_receiver/include/boost/asio/detail/gcc_hppa_fenced_block.hpp
[22.363s] -- Installing: /home/ph/treasure/dockerBENCH/helios16p_ws/install/vicon_receiver/include/boost/asio/detail/timer_queue_set.hpp
[22.363s] -- Installing: /home/ph/treasure/dockerBENCH/helios16p_ws/install/vicon_receiver/include/boost/asio/detail/win_iocp_operation.hpp
[22.364s] -- Installing: /home/ph/treasure/dockerBENCH/helios16p_ws/install/vicon_receiver/include/boost/asio/detail/buffered_stream_storage.hpp
[22.365s] -- Installing: /home/ph/treasure/dockerBENCH/helios16p_ws/install/vicon_receiver/include/boost/asio/detail/win_iocp_socket_connect_op.hpp
[22.365s] -- Installing: /home/ph/treasure/dockerBENCH/helios16p_ws/install/vicon_receiver/include/boost/asio/detail/non_const_lvalue.hpp
[22.366s] -- Installing: /home/ph/treasure/dockerBENCH/helios16p_ws/install/vicon_receiver/include/boost/asio/detail/old_win_sdk_compat.hpp
[22.367s] -- Installing: /home/ph/treasure/dockerBENCH/helios16p_ws/install/vicon_receiver/include/boost/asio/detail/reactive_descriptor_service.hpp
[22.368s] -- Installing: /home/ph/treasure/dockerBENCH/helios16p_ws/install/vicon_receiver/include/boost/asio/detail/service_registry.hpp
[22.368s] -- Installing: /home/ph/treasure/dockerBENCH/helios16p_ws/install/vicon_receiver/include/boost/asio/detail/std_static_mutex.hpp
[22.369s] -- Installing: /home/ph/treasure/dockerBENCH/helios16p_ws/install/vicon_receiver/include/boost/asio/detail/reactive_socket_send_op.hpp
[22.370s] -- Installing: /home/ph/treasure/dockerBENCH/helios16p_ws/install/vicon_receiver/include/boost/asio/detail/descriptor_read_op.hpp
[22.370s] -- Installing: /home/ph/treasure/dockerBENCH/helios16p_ws/install/vicon_receiver/include/boost/asio/detail/socket_select_interrupter.hpp
[22.371s] -- Installing: /home/ph/treasure/dockerBENCH/helios16p_ws/install/vicon_receiver/include/boost/asio/detail/reactive_socket_service_base.hpp
[22.372s] -- Installing: /home/ph/treasure/dockerBENCH/helios16p_ws/install/vicon_receiver/include/boost/asio/detail/signal_op.hpp
[22.372s] -- Installing: /home/ph/treasure/dockerBENCH/helios16p_ws/install/vicon_receiver/include/boost/asio/detail/null_thread.hpp
[22.373s] -- Installing: /home/ph/treasure/dockerBENCH/helios16p_ws/install/vicon_receiver/include/boost/asio/detail/posix_mutex.hpp
[22.374s] -- Installing: /home/ph/treasure/dockerBENCH/helios16p_ws/install/vicon_receiver/include/boost/asio/detail/resolve_op.hpp
[22.374s] -- Installing: /home/ph/treasure/dockerBENCH/helios16p_ws/install/vicon_receiver/include/boost/asio/detail/cstddef.hpp
[22.375s] -- Installing: /home/ph/treasure/dockerBENCH/helios16p_ws/install/vicon_receiver/include/boost/asio/detail/win_object_handle_service.hpp
[22.376s] -- Installing: /home/ph/treasure/dockerBENCH/helios16p_ws/install/vicon_receiver/include/boost/asio/detail/op_queue.hpp
[22.376s] -- Installing: /home/ph/treasure/dockerBENCH/helios16p_ws/install/vicon_receiver/include/boost/asio/detail/win_iocp_thread_info.hpp
[22.377s] -- Installing: /home/ph/treasure/dockerBENCH/helios16p_ws/install/vicon_receiver/include/boost/asio/detail/winrt_utils.hpp
[22.378s] -- Installing: /home/ph/treasure/dockerBENCH/helios16p_ws/install/vicon_receiver/include/boost/asio/detail/global.hpp
[22.378s] -- Installing: /home/ph/treasure/dockerBENCH/helios16p_ws/install/vicon_receiver/include/boost/asio/detail/handler_cont_helpers.hpp
[22.379s] -- Installing: /home/ph/treasure/dockerBENCH/helios16p_ws/install/vicon_receiver/include/boost/asio/detail/select_reactor.hpp
[22.379s] -- Installing: /home/ph/treasure/dockerBENCH/helios16p_ws/install/vicon_receiver/include/boost/asio/detail/thread_context.hpp
[22.380s] -- Installing: /home/ph/treasure/dockerBENCH/helios16p_ws/install/vicon_receiver/include/boost/asio/detail/reactive_serial_port_service.hpp
[22.381s] -- Installing: /home/ph/treasure/dockerBENCH/helios16p_ws/install/vicon_receiver/include/boost/asio/detail/tss_ptr.hpp
[22.381s] -- Installing: /home/ph/treasure/dockerBENCH/helios16p_ws/install/vicon_receiver/include/boost/asio/detail/handler_alloc_helpers.hpp
[22.382s] -- Installing: /home/ph/treasure/dockerBENCH/helios16p_ws/install/vicon_receiver/include/boost/asio/detail/reactor_op.hpp
[22.383s] -- Installing: /home/ph/treasure/dockerBENCH/helios16p_ws/install/vicon_receiver/include/boost/asio/detail/gcc_x86_fenced_block.hpp
[22.383s] -- Installing: /home/ph/treasure/dockerBENCH/helios16p_ws/install/vicon_receiver/include/boost/asio/detail/event.hpp
[22.384s] -- Installing: /home/ph/treasure/dockerBENCH/helios16p_ws/install/vicon_receiver/include/boost/asio/detail/conditionally_enabled_event.hpp
[22.384s] -- Installing: /home/ph/treasure/dockerBENCH/helios16p_ws/install/vicon_receiver/include/boost/asio/detail/scheduler_operation.hpp
[22.385s] -- Installing: /home/ph/treasure/dockerBENCH/helios16p_ws/install/vicon_receiver/include/boost/asio/detail/win_iocp_socket_recv_op.hpp
[22.386s] -- Installing: /home/ph/treasure/dockerBENCH/helios16p_ws/install/vicon_receiver/include/boost/asio/detail/winrt_async_op.hpp
[22.386s] -- Installing: /home/ph/treasure/dockerBENCH/helios16p_ws/install/vicon_receiver/include/boost/asio/detail/win_static_mutex.hpp
[22.387s] -- Installing: /home/ph/treasure/dockerBENCH/helios16p_ws/install/vicon_receiver/include/boost/asio/detail/handler_work.hpp
[22.388s] -- Installing: /home/ph/treasure/dockerBENCH/helios16p_ws/install/vicon_receiver/include/boost/asio/detail/date_time_fwd.hpp
[22.388s] -- Installing: /home/ph/treasure/dockerBENCH/helios16p_ws/install/vicon_receiver/include/boost/asio/detail/scoped_ptr.hpp
[22.389s] -- Installing: /home/ph/treasure/dockerBENCH/helios16p_ws/install/vicon_receiver/include/boost/asio/detail/handler_tracking.hpp
[22.390s] -- Installing: /home/ph/treasure/dockerBENCH/helios16p_ws/install/vicon_receiver/include/boost/asio/detail/scoped_lock.hpp
[22.390s] -- Installing: /home/ph/treasure/dockerBENCH/helios16p_ws/install/vicon_receiver/include/boost/asio/detail/null_reactor.hpp
[22.391s] -- Installing: /home/ph/treasure/dockerBENCH/helios16p_ws/install/vicon_receiver/include/boost/asio/detail/win_thread.hpp
[22.391s] -- Installing: /home/ph/treasure/dockerBENCH/helios16p_ws/install/vicon_receiver/include/boost/asio/detail/gcc_sync_fenced_block.hpp
[22.392s] -- Installing: /home/ph/treasure/dockerBENCH/helios16p_ws/install/vicon_receiver/include/boost/asio/detail/limits.hpp
[22.393s] -- Installing: /home/ph/treasure/dockerBENCH/helios16p_ws/install/vicon_receiver/include/boost/asio/detail/buffer_sequence_adapter.hpp
[22.393s] -- Installing: /home/ph/treasure/dockerBENCH/helios16p_ws/install/vicon_receiver/include/boost/asio/detail/reactive_socket_recvmsg_op.hpp
[22.394s] -- Installing: /home/ph/treasure/dockerBENCH/helios16p_ws/install/vicon_receiver/include/boost/asio/detail/io_object_impl.hpp
[22.395s] -- Installing: /home/ph/treasure/dockerBENCH/helios16p_ws/install/vicon_receiver/include/boost/asio/execution
[22.395s] -- Installing: /home/ph/treasure/dockerBENCH/helios16p_ws/install/vicon_receiver/include/boost/asio/execution/schedule.hpp
[22.396s] -- Installing: /home/ph/treasure/dockerBENCH/helios16p_ws/install/vicon_receiver/include/boost/asio/execution/allocator.hpp
[22.397s] -- Installing: /home/ph/treasure/dockerBENCH/helios16p_ws/install/vicon_receiver/include/boost/asio/execution/scheduler.hpp
[22.397s] -- Installing: /home/ph/treasure/dockerBENCH/helios16p_ws/install/vicon_receiver/include/boost/asio/execution/invocable_archetype.hpp
[22.398s] -- Installing: /home/ph/treasure/dockerBENCH/helios16p_ws/install/vicon_receiver/include/boost/asio/execution/receiver_invocation_error.hpp
[22.398s] -- Installing: /home/ph/treasure/dockerBENCH/helios16p_ws/install/vicon_receiver/include/boost/asio/execution/detail
[22.399s] -- Installing: /home/ph/treasure/dockerBENCH/helios16p_ws/install/vicon_receiver/include/boost/asio/execution/detail/as_receiver.hpp
[22.400s] -- Installing: /home/ph/treasure/dockerBENCH/helios16p_ws/install/vicon_receiver/include/boost/asio/execution/detail/submit_receiver.hpp
[22.401s] -- Installing: /home/ph/treasure/dockerBENCH/helios16p_ws/install/vicon_receiver/include/boost/asio/execution/detail/as_operation.hpp
[22.401s] -- Installing: /home/ph/treasure/dockerBENCH/helios16p_ws/install/vicon_receiver/include/boost/asio/execution/detail/void_receiver.hpp
[22.402s] -- Installing: /home/ph/treasure/dockerBENCH/helios16p_ws/install/vicon_receiver/include/boost/asio/execution/detail/as_invocable.hpp
[22.403s] -- Installing: /home/ph/treasure/dockerBENCH/helios16p_ws/install/vicon_receiver/include/boost/asio/execution/detail/bulk_sender.hpp
[22.403s] -- Installing: /home/ph/treasure/dockerBENCH/helios16p_ws/install/vicon_receiver/include/boost/asio/execution/start.hpp
[22.404s] -- Installing: /home/ph/treasure/dockerBENCH/helios16p_ws/install/vicon_receiver/include/boost/asio/execution/operation_state.hpp
[22.405s] -- Installing: /home/ph/treasure/dockerBENCH/helios16p_ws/install/vicon_receiver/include/boost/asio/execution/sender.hpp
[22.405s] -- Installing: /home/ph/treasure/dockerBENCH/helios16p_ws/install/vicon_receiver/include/boost/asio/execution/set_done.hpp
[22.406s] -- Installing: /home/ph/treasure/dockerBENCH/helios16p_ws/install/vicon_receiver/include/boost/asio/execution/executor.hpp
[22.407s] -- Installing: /home/ph/treasure/dockerBENCH/helios16p_ws/install/vicon_receiver/include/boost/asio/execution/relationship.hpp
[22.408s] -- Installing: /home/ph/treasure/dockerBENCH/helios16p_ws/install/vicon_receiver/include/boost/asio/execution/bulk_execute.hpp
[22.409s] -- Installing: /home/ph/treasure/dockerBENCH/helios16p_ws/install/vicon_receiver/include/boost/asio/execution/any_executor.hpp
[22.410s] -- Installing: /home/ph/treasure/dockerBENCH/helios16p_ws/install/vicon_receiver/include/boost/asio/execution/prefer_only.hpp
[22.411s] -- Installing: /home/ph/treasure/dockerBENCH/helios16p_ws/install/vicon_receiver/include/boost/asio/execution/outstanding_work.hpp
[22.412s] -- Installing: /home/ph/treasure/dockerBENCH/helios16p_ws/install/vicon_receiver/include/boost/asio/execution/bad_executor.hpp
[22.412s] -- Installing: /home/ph/treasure/dockerBENCH/helios16p_ws/install/vicon_receiver/include/boost/asio/execution/execute.hpp
[22.413s] -- Installing: /home/ph/treasure/dockerBENCH/helios16p_ws/install/vicon_receiver/include/boost/asio/execution/set_error.hpp
[22.414s] -- Installing: /home/ph/treasure/dockerBENCH/helios16p_ws/install/vicon_receiver/include/boost/asio/execution/context_as.hpp
[22.415s] -- Installing: /home/ph/treasure/dockerBENCH/helios16p_ws/install/vicon_receiver/include/boost/asio/execution/set_value.hpp
[22.415s] -- Installing: /home/ph/treasure/dockerBENCH/helios16p_ws/install/vicon_receiver/include/boost/asio/execution/blocking.hpp
[22.417s] -- Installing: /home/ph/treasure/dockerBENCH/helios16p_ws/install/vicon_receiver/include/boost/asio/execution/bulk_guarantee.hpp
[22.418s] -- Installing: /home/ph/treasure/dockerBENCH/helios16p_ws/install/vicon_receiver/include/boost/asio/execution/mapping.hpp
[22.419s] -- Installing: /home/ph/treasure/dockerBENCH/helios16p_ws/install/vicon_receiver/include/boost/asio/execution/impl
[22.420s] -- Installing: /home/ph/treasure/dockerBENCH/helios16p_ws/install/vicon_receiver/include/boost/asio/execution/impl/receiver_invocation_error.ipp
[22.421s] -- Installing: /home/ph/treasure/dockerBENCH/helios16p_ws/install/vicon_receiver/include/boost/asio/execution/impl/bad_executor.ipp
[22.421s] -- Installing: /home/ph/treasure/dockerBENCH/helios16p_ws/install/vicon_receiver/include/boost/asio/execution/receiver.hpp
[22.422s] -- Installing: /home/ph/treasure/dockerBENCH/helios16p_ws/install/vicon_receiver/include/boost/asio/execution/occupancy.hpp
[22.423s] -- Installing: /home/ph/treasure/dockerBENCH/helios16p_ws/install/vicon_receiver/include/boost/asio/execution/submit.hpp
[22.423s] -- Installing: /home/ph/treasure/dockerBENCH/helios16p_ws/install/vicon_receiver/include/boost/asio/execution/connect.hpp
[22.424s] -- Installing: /home/ph/treasure/dockerBENCH/helios16p_ws/install/vicon_receiver/include/boost/asio/execution/blocking_adaptation.hpp
[22.426s] -- Installing: /home/ph/treasure/dockerBENCH/helios16p_ws/install/vicon_receiver/include/boost/asio/execution/context.hpp
[22.426s] -- Installing: /home/ph/treasure/dockerBENCH/helios16p_ws/install/vicon_receiver/include/boost/asio/buffered_stream.hpp
[22.427s] -- Installing: /home/ph/treasure/dockerBENCH/helios16p_ws/install/vicon_receiver/include/boost/asio/posix
[22.428s] -- Installing: /home/ph/treasure/dockerBENCH/helios16p_ws/install/vicon_receiver/include/boost/asio/posix/stream_descriptor.hpp
[22.428s] -- Installing: /home/ph/treasure/dockerBENCH/helios16p_ws/install/vicon_receiver/include/boost/asio/posix/basic_stream_descriptor.hpp
[22.429s] -- Installing: /home/ph/treasure/dockerBENCH/helios16p_ws/install/vicon_receiver/include/boost/asio/posix/descriptor.hpp
[22.430s] -- Installing: /home/ph/treasure/dockerBENCH/helios16p_ws/install/vicon_receiver/include/boost/asio/posix/basic_descriptor.hpp
[22.430s] -- Installing: /home/ph/treasure/dockerBENCH/helios16p_ws/install/vicon_receiver/include/boost/asio/posix/descriptor_base.hpp
[22.431s] -- Installing: /home/ph/treasure/dockerBENCH/helios16p_ws/install/vicon_receiver/include/boost/asio/steady_timer.hpp
[22.431s] -- Installing: /home/ph/treasure/dockerBENCH/helios16p_ws/install/vicon_receiver/include/boost/asio/buffered_read_stream.hpp
[22.433s] -- Installing: /home/ph/treasure/dockerBENCH/helios16p_ws/install/vicon_receiver/include/boost/asio/write.hpp
[22.434s] -- Installing: /home/ph/treasure/dockerBENCH/helios16p_ws/install/vicon_receiver/include/boost/asio/require_concept.hpp
[22.435s] -- Installing: /home/ph/treasure/dockerBENCH/helios16p_ws/install/vicon_receiver/include/boost/asio/basic_signal_set.hpp
[22.436s] -- Installing: /home/ph/treasure/dockerBENCH/helios16p_ws/install/vicon_receiver/include/boost/asio/basic_streambuf_fwd.hpp
[22.437s] -- Installing: /home/ph/treasure/dockerBENCH/helios16p_ws/install/vicon_receiver/include/boost/asio/basic_io_object.hpp
[22.437s] -- Installing: /home/ph/treasure/dockerBENCH/helios16p_ws/install/vicon_receiver/include/boost/asio/io_service_strand.hpp
[22.438s] -- Installing: /home/ph/treasure/dockerBENCH/helios16p_ws/install/vicon_receiver/include/boost/asio/strand.hpp
[22.439s] -- Installing: /home/ph/treasure/dockerBENCH/helios16p_ws/install/vicon_receiver/include/boost/asio/basic_deadline_timer.hpp
[22.440s] -- Installing: /home/ph/treasure/dockerBENCH/helios16p_ws/install/vicon_receiver/include/boost/asio/executor.hpp
[22.441s] -- Installing: /home/ph/treasure/dockerBENCH/helios16p_ws/install/vicon_receiver/include/boost/asio/this_coro.hpp
[22.441s] -- Installing: /home/ph/treasure/dockerBENCH/helios16p_ws/install/vicon_receiver/include/boost/asio/serial_port_base.hpp
[22.442s] -- Installing: /home/ph/treasure/dockerBENCH/helios16p_ws/install/vicon_receiver/include/boost/asio/high_resolution_timer.hpp
[22.443s] -- Installing: /home/ph/treasure/dockerBENCH/helios16p_ws/install/vicon_receiver/include/boost/asio/time_traits.hpp
[22.443s] -- Installing: /home/ph/treasure/dockerBENCH/helios16p_ws/install/vicon_receiver/include/boost/asio/signal_set.hpp
[22.444s] -- Installing: /home/ph/treasure/dockerBENCH/helios16p_ws/install/vicon_receiver/include/boost/asio/error.hpp
[22.444s] -- Installing: /home/ph/treasure/dockerBENCH/helios16p_ws/install/vicon_receiver/include/boost/asio/buffered_read_stream_fwd.hpp
[22.445s] -- Installing: /home/ph/treasure/dockerBENCH/helios16p_ws/install/vicon_receiver/include/boost/asio/defer.hpp
[22.446s] -- Installing: /home/ph/treasure/dockerBENCH/helios16p_ws/install/vicon_receiver/include/boost/asio/dispatch.hpp
[22.447s] -- Installing: /home/ph/treasure/dockerBENCH/helios16p_ws/install/vicon_receiver/include/boost/asio/execution_context.hpp
[22.447s] -- Installing: /home/ph/treasure/dockerBENCH/helios16p_ws/install/vicon_receiver/include/boost/asio/redirect_error.hpp
[22.448s] -- Installing: /home/ph/treasure/dockerBENCH/helios16p_ws/install/vicon_receiver/include/boost/asio/system_context.hpp
[22.448s] -- Installing: /home/ph/treasure/dockerBENCH/helios16p_ws/install/vicon_receiver/include/boost/asio/use_future.hpp
[22.449s] -- Installing: /home/ph/treasure/dockerBENCH/helios16p_ws/install/vicon_receiver/include/boost/asio/io_service.hpp
[22.450s] -- Installing: /home/ph/treasure/dockerBENCH/helios16p_ws/install/vicon_receiver/include/boost/asio/version.hpp
[22.451s] -- Installing: /home/ph/treasure/dockerBENCH/helios16p_ws/install/vicon_receiver/include/boost/asio/traits
[22.451s] -- Installing: /home/ph/treasure/dockerBENCH/helios16p_ws/install/vicon_receiver/include/boost/asio/traits/start_free.hpp
[22.452s] -- Installing: /home/ph/treasure/dockerBENCH/helios16p_ws/install/vicon_receiver/include/boost/asio/traits/require_member.hpp
[22.452s] -- Installing: /home/ph/treasure/dockerBENCH/helios16p_ws/install/vicon_receiver/include/boost/asio/traits/static_require.hpp
[22.453s] -- Installing: /home/ph/treasure/dockerBENCH/helios16p_ws/install/vicon_receiver/include/boost/asio/traits/schedule_free.hpp
[22.454s] -- Installing: /home/ph/treasure/dockerBENCH/helios16p_ws/install/vicon_receiver/include/boost/asio/traits/set_error_member.hpp
[22.454s] -- Installing: /home/ph/treasure/dockerBENCH/helios16p_ws/install/vicon_receiver/include/boost/asio/traits/execute_free.hpp
[22.455s] -- Installing: /home/ph/treasure/dockerBENCH/helios16p_ws/install/vicon_receiver/include/boost/asio/traits/connect_free.hpp
[22.455s] -- Installing: /home/ph/treasure/dockerBENCH/helios16p_ws/install/vicon_receiver/include/boost/asio/traits/query_static_constexpr_member.hpp
[22.456s] -- Installing: /home/ph/treasure/dockerBENCH/helios16p_ws/install/vicon_receiver/include/boost/asio/traits/bulk_execute_member.hpp
[22.456s] -- Installing: /home/ph/treasure/dockerBENCH/helios16p_ws/install/vicon_receiver/include/boost/asio/traits/query_member.hpp
[22.457s] -- Installing: /home/ph/treasure/dockerBENCH/helios16p_ws/install/vicon_receiver/include/boost/asio/traits/set_done_member.hpp
[22.458s] -- Installing: /home/ph/treasure/dockerBENCH/helios16p_ws/install/vicon_receiver/include/boost/asio/traits/execute_member.hpp
[22.458s] -- Installing: /home/ph/treasure/dockerBENCH/helios16p_ws/install/vicon_receiver/include/boost/asio/traits/submit_free.hpp
[22.459s] -- Installing: /home/ph/treasure/dockerBENCH/helios16p_ws/install/vicon_receiver/include/boost/asio/traits/static_query.hpp
[22.459s] -- Installing: /home/ph/treasure/dockerBENCH/helios16p_ws/install/vicon_receiver/include/boost/asio/traits/static_require_concept.hpp
[22.460s] -- Installing: /home/ph/treasure/dockerBENCH/helios16p_ws/install/vicon_receiver/include/boost/asio/traits/set_value_member.hpp
[22.461s] -- Installing: /home/ph/treasure/dockerBENCH/helios16p_ws/install/vicon_receiver/include/boost/asio/traits/require_free.hpp
[22.461s] -- Installing: /home/ph/treasure/dockerBENCH/helios16p_ws/install/vicon_receiver/include/boost/asio/traits/connect_member.hpp
[22.462s] -- Installing: /home/ph/treasure/dockerBENCH/helios16p_ws/install/vicon_receiver/include/boost/asio/traits/schedule_member.hpp
[22.462s] -- Installing: /home/ph/treasure/dockerBENCH/helios16p_ws/install/vicon_receiver/include/boost/asio/traits/require_concept_member.hpp
[22.463s] -- Installing: /home/ph/treasure/dockerBENCH/helios16p_ws/install/vicon_receiver/include/boost/asio/traits/start_member.hpp
[22.463s] -- Installing: /home/ph/treasure/dockerBENCH/helios16p_ws/install/vicon_receiver/include/boost/asio/traits/set_value_free.hpp
[22.464s] -- Installing: /home/ph/treasure/dockerBENCH/helios16p_ws/install/vicon_receiver/include/boost/asio/traits/bulk_execute_free.hpp
[22.465s] -- Installing: /home/ph/treasure/dockerBENCH/helios16p_ws/install/vicon_receiver/include/boost/asio/traits/prefer_member.hpp
[22.466s] -- Installing: /home/ph/treasure/dockerBENCH/helios16p_ws/install/vicon_receiver/include/boost/asio/traits/submit_member.hpp
[22.466s] -- Installing: /home/ph/treasure/dockerBENCH/helios16p_ws/install/vicon_receiver/include/boost/asio/traits/set_error_free.hpp
[22.467s] -- Installing: /home/ph/treasure/dockerBENCH/helios16p_ws/install/vicon_receiver/include/boost/asio/traits/query_free.hpp
[22.467s] -- Installing: /home/ph/treasure/dockerBENCH/helios16p_ws/install/vicon_receiver/include/boost/asio/traits/require_concept_free.hpp
[22.468s] -- Installing: /home/ph/treasure/dockerBENCH/helios16p_ws/install/vicon_receiver/include/boost/asio/traits/set_done_free.hpp
[22.468s] -- Installing: /home/ph/treasure/dockerBENCH/helios16p_ws/install/vicon_receiver/include/boost/asio/traits/equality_comparable.hpp
[22.469s] -- Installing: /home/ph/treasure/dockerBENCH/helios16p_ws/install/vicon_receiver/include/boost/asio/traits/prefer_free.hpp
[22.469s] -- Installing: /home/ph/treasure/dockerBENCH/helios16p_ws/install/vicon_receiver/include/boost/asio/basic_socket.hpp
[22.471s] -- Installing: /home/ph/treasure/dockerBENCH/helios16p_ws/install/vicon_receiver/include/boost/asio/buffers_iterator.hpp
[22.471s] -- Installing: /home/ph/treasure/dockerBENCH/helios16p_ws/install/vicon_receiver/include/boost/asio/windows
[22.472s] -- Installing: /home/ph/treasure/dockerBENCH/helios16p_ws/install/vicon_receiver/include/boost/asio/windows/overlapped_ptr.hpp
[22.473s] -- Installing: /home/ph/treasure/dockerBENCH/helios16p_ws/install/vicon_receiver/include/boost/asio/windows/basic_object_handle.hpp
[22.474s] -- Installing: /home/ph/treasure/dockerBENCH/helios16p_ws/install/vicon_receiver/include/boost/asio/windows/basic_stream_handle.hpp
[22.475s] -- Installing: /home/ph/treasure/dockerBENCH/helios16p_ws/install/vicon_receiver/include/boost/asio/windows/basic_overlapped_handle.hpp
[22.475s] -- Installing: /home/ph/treasure/dockerBENCH/helios16p_ws/install/vicon_receiver/include/boost/asio/windows/basic_random_access_handle.hpp
[22.477s] -- Installing: /home/ph/treasure/dockerBENCH/helios16p_ws/install/vicon_receiver/include/boost/asio/windows/object_handle.hpp
[22.478s] -- Installing: /home/ph/treasure/dockerBENCH/helios16p_ws/install/vicon_receiver/include/boost/asio/windows/stream_handle.hpp
[22.478s] -- Installing: /home/ph/treasure/dockerBENCH/helios16p_ws/install/vicon_receiver/include/boost/asio/windows/overlapped_handle.hpp
[22.478s] -- Installing: /home/ph/treasure/dockerBENCH/helios16p_ws/install/vicon_receiver/include/boost/asio/windows/random_access_handle.hpp
[22.478s] -- Installing: /home/ph/treasure/dockerBENCH/helios16p_ws/install/vicon_receiver/include/boost/asio/buffered_stream_fwd.hpp
[22.479s] -- Installing: /home/ph/treasure/dockerBENCH/helios16p_ws/install/vicon_receiver/include/boost/asio/bind_executor.hpp
[22.480s] -- Installing: /home/ph/treasure/dockerBENCH/helios16p_ws/install/vicon_receiver/include/boost/asio/read_until.hpp
[22.482s] -- Installing: /home/ph/treasure/dockerBENCH/helios16p_ws/install/vicon_receiver/include/boost/asio/placeholders.hpp
[22.483s] -- Installing: /home/ph/treasure/dockerBENCH/helios16p_ws/install/vicon_receiver/include/boost/asio/buffer.hpp
[22.484s] -- Installing: /home/ph/treasure/dockerBENCH/helios16p_ws/install/vicon_receiver/include/boost/asio/basic_serial_port.hpp
[22.485s] -- Installing: /home/ph/treasure/dockerBENCH/helios16p_ws/install/vicon_receiver/include/boost/asio/basic_socket_acceptor.hpp
[22.486s] -- Installing: /home/ph/treasure/dockerBENCH/helios16p_ws/install/vicon_receiver/include/boost/asio/local
[22.486s] -- Installing: /home/ph/treasure/dockerBENCH/helios16p_ws/install/vicon_receiver/include/boost/asio/local/detail
[22.487s] -- Installing: /home/ph/treasure/dockerBENCH/helios16p_ws/install/vicon_receiver/include/boost/asio/local/detail/impl
[22.487s] -- Installing: /home/ph/treasure/dockerBENCH/helios16p_ws/install/vicon_receiver/include/boost/asio/local/detail/impl/endpoint.ipp
[22.488s] -- Installing: /home/ph/treasure/dockerBENCH/helios16p_ws/install/vicon_receiver/include/boost/asio/local/detail/endpoint.hpp
[22.488s] -- Installing: /home/ph/treasure/dockerBENCH/helios16p_ws/install/vicon_receiver/include/boost/asio/local/stream_protocol.hpp
[22.489s] -- Installing: /home/ph/treasure/dockerBENCH/helios16p_ws/install/vicon_receiver/include/boost/asio/local/basic_endpoint.hpp
[22.489s] -- Installing: /home/ph/treasure/dockerBENCH/helios16p_ws/install/vicon_receiver/include/boost/asio/local/datagram_protocol.hpp
[22.490s] -- Installing: /home/ph/treasure/dockerBENCH/helios16p_ws/install/vicon_receiver/include/boost/asio/local/connect_pair.hpp
[22.490s] -- Installing: /home/ph/treasure/dockerBENCH/helios16p_ws/install/vicon_receiver/include/boost/asio/basic_seq_packet_socket.hpp
[22.491s] -- Installing: /home/ph/treasure/dockerBENCH/helios16p_ws/install/vicon_receiver/include/boost/asio/deadline_timer.hpp
[22.492s] -- Installing: /home/ph/treasure/dockerBENCH/helios16p_ws/install/vicon_receiver/include/boost/asio/prefer.hpp
[22.493s] -- Installing: /home/ph/treasure/dockerBENCH/helios16p_ws/install/vicon_receiver/include/boost/asio/wait_traits.hpp
[22.494s] -- Installing: /home/ph/treasure/dockerBENCH/helios16p_ws/install/vicon_receiver/include/boost/asio/basic_raw_socket.hpp
[22.495s] -- Installing: /home/ph/treasure/dockerBENCH/helios16p_ws/install/vicon_receiver/include/boost/asio/is_executor.hpp
[22.495s] -- Installing: /home/ph/treasure/dockerBENCH/helios16p_ws/install/vicon_receiver/include/boost/asio/require.hpp
[22.496s] -- Installing: /home/ph/treasure/dockerBENCH/helios16p_ws/install/vicon_receiver/include/boost/asio/buffered_write_stream_fwd.hpp
[22.497s] -- Installing: /home/ph/treasure/dockerBENCH/helios16p_ws/install/vicon_receiver/include/boost/asio/socket_base.hpp
[22.497s] -- Installing: /home/ph/treasure/dockerBENCH/helios16p_ws/install/vicon_receiver/include/boost/asio/awaitable.hpp
[22.498s] -- Installing: /home/ph/treasure/dockerBENCH/helios16p_ws/install/vicon_receiver/include/boost/asio/uses_executor.hpp
[22.499s] -- Installing: /home/ph/treasure/dockerBENCH/helios16p_ws/install/vicon_receiver/include/boost/asio/thread_pool.hpp
[22.500s] -- Installing: /home/ph/treasure/dockerBENCH/helios16p_ws/install/vicon_receiver/include/boost/asio/associated_allocator.hpp
[22.500s] -- Installing: /home/ph/treasure/dockerBENCH/helios16p_ws/install/vicon_receiver/include/boost/asio/any_io_executor.hpp
[22.501s] -- Installing: /home/ph/treasure/dockerBENCH/helios16p_ws/install/vicon_receiver/include/boost/asio/read_at.hpp
[22.502s] -- Installing: /home/ph/treasure/dockerBENCH/helios16p_ws/install/vicon_receiver/include/boost/asio/system_timer.hpp
[22.503s] -- Installing: /home/ph/treasure/dockerBENCH/helios16p_ws/install/vicon_receiver/include/boost/asio/multiple_exceptions.hpp
[22.503s] -- Installing: /home/ph/treasure/dockerBENCH/helios16p_ws/install/vicon_receiver/include/boost/asio/read.hpp
[22.505s] -- Installing: /home/ph/treasure/dockerBENCH/helios16p_ws/install/vicon_receiver/include/boost/asio/impl
[22.505s] -- Installing: /home/ph/treasure/dockerBENCH/helios16p_ws/install/vicon_receiver/include/boost/asio/impl/executor.ipp
[22.506s] -- Installing: /home/ph/treasure/dockerBENCH/helios16p_ws/install/vicon_receiver/include/boost/asio/impl/compose.hpp
[22.507s] -- Installing: /home/ph/treasure/dockerBENCH/helios16p_ws/install/vicon_receiver/include/boost/asio/impl/post.hpp
[22.508s] -- Installing: /home/ph/treasure/dockerBENCH/helios16p_ws/install/vicon_receiver/include/boost/asio/impl/system_executor.hpp
[22.509s] -- Installing: /home/ph/treasure/dockerBENCH/helios16p_ws/install/vicon_receiver/include/boost/asio/impl/use_awaitable.hpp
[22.509s] -- Installing: /home/ph/treasure/dockerBENCH/helios16p_ws/install/vicon_receiver/include/boost/asio/impl/system_context.ipp
[22.510s] -- Installing: /home/ph/treasure/dockerBENCH/helios16p_ws/install/vicon_receiver/include/boost/asio/impl/multiple_exceptions.ipp
[22.511s] -- Installing: /home/ph/treasure/dockerBENCH/helios16p_ws/install/vicon_receiver/include/boost/asio/impl/buffered_read_stream.hpp
[22.512s] -- Installing: /home/ph/treasure/dockerBENCH/helios16p_ws/install/vicon_receiver/include/boost/asio/impl/write.hpp
[22.513s] -- Installing: /home/ph/treasure/dockerBENCH/helios16p_ws/install/vicon_receiver/include/boost/asio/impl/thread_pool.ipp
[22.513s] -- Installing: /home/ph/treasure/dockerBENCH/helios16p_ws/install/vicon_receiver/include/boost/asio/impl/execution_context.ipp
[22.514s] -- Installing: /home/ph/treasure/dockerBENCH/helios16p_ws/install/vicon_receiver/include/boost/asio/impl/executor.hpp
[22.515s] -- Installing: /home/ph/treasure/dockerBENCH/helios16p_ws/install/vicon_receiver/include/boost/asio/impl/serial_port_base.ipp
[22.516s] -- Installing: /home/ph/treasure/dockerBENCH/helios16p_ws/install/vicon_receiver/include/boost/asio/impl/serial_port_base.hpp
[22.517s] -- Installing: /home/ph/treasure/dockerBENCH/helios16p_ws/install/vicon_receiver/include/boost/asio/impl/error.ipp
[22.518s] -- Installing: /home/ph/treasure/dockerBENCH/helios16p_ws/install/vicon_receiver/include/boost/asio/impl/defer.hpp
[22.518s] -- Installing: /home/ph/treasure/dockerBENCH/helios16p_ws/install/vicon_receiver/include/boost/asio/impl/dispatch.hpp
[22.519s] -- Installing: /home/ph/treasure/dockerBENCH/helios16p_ws/install/vicon_receiver/include/boost/asio/impl/execution_context.hpp
[22.523s] -- Installing: /home/ph/treasure/dockerBENCH/helios16p_ws/install/vicon_receiver/include/boost/asio/impl/redirect_error.hpp
[22.523s] -- Installing: /home/ph/treasure/dockerBENCH/helios16p_ws/install/vicon_receiver/include/boost/asio/impl/system_context.hpp
[22.523s] -- Installing: /home/ph/treasure/dockerBENCH/helios16p_ws/install/vicon_receiver/include/boost/asio/impl/use_future.hpp
[22.523s] -- Installing: /home/ph/treasure/dockerBENCH/helios16p_ws/install/vicon_receiver/include/boost/asio/impl/read_until.hpp
[22.524s] -- Installing: /home/ph/treasure/dockerBENCH/helios16p_ws/install/vicon_receiver/include/boost/asio/impl/handler_alloc_hook.ipp
[22.527s] -- Installing: /home/ph/treasure/dockerBENCH/helios16p_ws/install/vicon_receiver/include/boost/asio/impl/io_context.ipp
[22.528s] -- Installing: /home/ph/treasure/dockerBENCH/helios16p_ws/install/vicon_receiver/include/boost/asio/impl/awaitable.hpp
[22.529s] -- Installing: /home/ph/treasure/dockerBENCH/helios16p_ws/install/vicon_receiver/include/boost/asio/impl/thread_pool.hpp
[22.531s] -- Installing: /home/ph/treasure/dockerBENCH/helios16p_ws/install/vicon_receiver/include/boost/asio/impl/read_at.hpp
[22.537s] -- Installing: /home/ph/treasure/dockerBENCH/helios16p_ws/install/vicon_receiver/include/boost/asio/impl/read.hpp
[22.539s] -- Installing: /home/ph/treasure/dockerBENCH/helios16p_ws/install/vicon_receiver/include/boost/asio/impl/detached.hpp
[22.541s] -- Installing: /home/ph/treasure/dockerBENCH/helios16p_ws/install/vicon_receiver/include/boost/asio/impl/buffered_write_stream.hpp
[22.544s] -- Installing: /home/ph/treasure/dockerBENCH/helios16p_ws/install/vicon_receiver/include/boost/asio/impl/connect.hpp
[22.544s] -- Installing: /home/ph/treasure/dockerBENCH/helios16p_ws/install/vicon_receiver/include/boost/asio/impl/io_context.hpp
[22.547s] -- Installing: /home/ph/treasure/dockerBENCH/helios16p_ws/install/vicon_receiver/include/boost/asio/impl/write_at.hpp
[22.547s] -- Installing: /home/ph/treasure/dockerBENCH/helios16p_ws/install/vicon_receiver/include/boost/asio/impl/co_spawn.hpp
[22.548s] -- Installing: /home/ph/treasure/dockerBENCH/helios16p_ws/install/vicon_receiver/include/boost/asio/generic
[22.550s] -- Installing: /home/ph/treasure/dockerBENCH/helios16p_ws/install/vicon_receiver/include/boost/asio/generic/detail
[22.553s] -- Installing: /home/ph/treasure/dockerBENCH/helios16p_ws/install/vicon_receiver/include/boost/asio/generic/detail/impl
[22.554s] -- Installing: /home/ph/treasure/dockerBENCH/helios16p_ws/install/vicon_receiver/include/boost/asio/generic/detail/impl/endpoint.ipp
[22.556s] -- Installing: /home/ph/treasure/dockerBENCH/helios16p_ws/install/vicon_receiver/include/boost/asio/generic/detail/endpoint.hpp
[22.556s] -- Installing: /home/ph/treasure/dockerBENCH/helios16p_ws/install/vicon_receiver/include/boost/asio/generic/seq_packet_protocol.hpp
[22.556s] -- Installing: /home/ph/treasure/dockerBENCH/helios16p_ws/install/vicon_receiver/include/boost/asio/generic/stream_protocol.hpp
[22.560s] -- Installing: /home/ph/treasure/dockerBENCH/helios16p_ws/install/vicon_receiver/include/boost/asio/generic/basic_endpoint.hpp
[22.560s] -- Installing: /home/ph/treasure/dockerBENCH/helios16p_ws/install/vicon_receiver/include/boost/asio/generic/datagram_protocol.hpp
[22.560s] -- Installing: /home/ph/treasure/dockerBENCH/helios16p_ws/install/vicon_receiver/include/boost/asio/generic/raw_protocol.hpp
[22.562s] -- Installing: /home/ph/treasure/dockerBENCH/helios16p_ws/install/vicon_receiver/include/boost/asio/basic_socket_streambuf.hpp
[22.565s] -- Installing: /home/ph/treasure/dockerBENCH/helios16p_ws/install/vicon_receiver/include/boost/asio/packaged_task.hpp
[22.568s] -- Installing: /home/ph/treasure/dockerBENCH/helios16p_ws/install/vicon_receiver/include/boost/asio/associated_executor.hpp
[22.568s] -- Installing: /home/ph/treasure/dockerBENCH/helios16p_ws/install/vicon_receiver/include/boost/asio/is_write_buffered.hpp
[22.571s] -- Installing: /home/ph/treasure/dockerBENCH/helios16p_ws/install/vicon_receiver/include/boost/asio/detached.hpp
[22.573s] -- Installing: /home/ph/treasure/dockerBENCH/helios16p_ws/install/vicon_receiver/include/boost/asio/execution.hpp
[22.574s] -- Installing: /home/ph/treasure/dockerBENCH/helios16p_ws/install/vicon_receiver/include/boost/asio/basic_stream_socket.hpp
[22.579s] -- Installing: /home/ph/treasure/dockerBENCH/helios16p_ws/install/vicon_receiver/include/boost/asio/buffered_write_stream.hpp
[22.580s] -- Installing: /home/ph/treasure/dockerBENCH/helios16p_ws/install/vicon_receiver/include/boost/asio/is_applicable_property.hpp
[22.581s] -- Installing: /home/ph/treasure/dockerBENCH/helios16p_ws/install/vicon_receiver/include/boost/asio/coroutine.hpp
[22.584s] -- Installing: /home/ph/treasure/dockerBENCH/helios16p_ws/install/vicon_receiver/include/boost/asio/connect.hpp
[22.585s] -- Installing: /home/ph/treasure/dockerBENCH/helios16p_ws/install/vicon_receiver/include/boost/asio/query.hpp
[22.586s] -- Installing: /home/ph/treasure/dockerBENCH/helios16p_ws/install/vicon_receiver/include/boost/asio/io_context_strand.hpp
[22.587s] -- Installing: /home/ph/treasure/dockerBENCH/helios16p_ws/install/vicon_receiver/include/boost/asio/io_context.hpp
[22.589s] -- Installing: /home/ph/treasure/dockerBENCH/helios16p_ws/install/vicon_receiver/include/boost/asio/write_at.hpp
[22.590s] -- Installing: /home/ph/treasure/dockerBENCH/helios16p_ws/install/vicon_receiver/include/boost/asio/handler_invoke_hook.hpp
[22.591s] -- Installing: /home/ph/treasure/dockerBENCH/helios16p_ws/install/vicon_receiver/include/boost/asio/handler_alloc_hook.hpp
[22.593s] -- Installing: /home/ph/treasure/dockerBENCH/helios16p_ws/install/vicon_receiver/include/boost/asio/basic_datagram_socket.hpp
[22.595s] -- Installing: /home/ph/treasure/dockerBENCH/helios16p_ws/install/vicon_receiver/include/boost/asio/completion_condition.hpp
[22.596s] -- Installing: /home/ph/treasure/dockerBENCH/helios16p_ws/install/vicon_receiver/include/boost/asio/serial_port.hpp
[22.597s] -- Installing: /home/ph/treasure/dockerBENCH/helios16p_ws/install/vicon_receiver/include/boost/asio/basic_waitable_timer.hpp
[22.599s] -- Installing: /home/ph/treasure/dockerBENCH/helios16p_ws/install/vicon_receiver/include/boost/asio/is_read_buffered.hpp
[22.603s] -- Installing: /home/ph/treasure/dockerBENCH/helios16p_ws/install/vicon_receiver/include/boost/asio/ip
[22.606s] -- Installing: /home/ph/treasure/dockerBENCH/helios16p_ws/install/vicon_receiver/include/boost/asio/ip/address_v4.hpp
[22.606s] -- Installing: /home/ph/treasure/dockerBENCH/helios16p_ws/install/vicon_receiver/include/boost/asio/ip/basic_resolver_results.hpp
[22.607s] -- Installing: /home/ph/treasure/dockerBENCH/helios16p_ws/install/vicon_receiver/include/boost/asio/ip/address_v6_range.hpp
[22.608s] -- Installing: /home/ph/treasure/dockerBENCH/helios16p_ws/install/vicon_receiver/include/boost/asio/ip/multicast.hpp
[22.610s] -- Installing: /home/ph/treasure/dockerBENCH/helios16p_ws/install/vicon_receiver/include/boost/asio/ip/detail
[22.610s] -- Installing: /home/ph/treasure/dockerBENCH/helios16p_ws/install/vicon_receiver/include/boost/asio/ip/detail/socket_option.hpp
[22.611s] -- Installing: /home/ph/treasure/dockerBENCH/helios16p_ws/install/vicon_receiver/include/boost/asio/ip/detail/impl
[22.612s] -- Installing: /home/ph/treasure/dockerBENCH/helios16p_ws/install/vicon_receiver/include/boost/asio/ip/detail/impl/endpoint.ipp
[22.613s] -- Installing: /home/ph/treasure/dockerBENCH/helios16p_ws/install/vicon_receiver/include/boost/asio/ip/detail/endpoint.hpp
[22.614s] -- Installing: /home/ph/treasure/dockerBENCH/helios16p_ws/install/vicon_receiver/include/boost/asio/ip/bad_address_cast.hpp
[22.615s] -- Installing: /home/ph/treasure/dockerBENCH/helios16p_ws/install/vicon_receiver/include/boost/asio/ip/basic_resolver.hpp
[22.618s] -- Installing: /home/ph/treasure/dockerBENCH/helios16p_ws/install/vicon_receiver/include/boost/asio/ip/address_v6.hpp
[22.620s] -- Installing: /home/ph/treasure/dockerBENCH/helios16p_ws/install/vicon_receiver/include/boost/asio/ip/address_v4_iterator.hpp
[22.621s] -- Installing: /home/ph/treasure/dockerBENCH/helios16p_ws/install/vicon_receiver/include/boost/asio/ip/resolver_query_base.hpp
[22.621s] -- Installing: /home/ph/treasure/dockerBENCH/helios16p_ws/install/vicon_receiver/include/boost/asio/ip/udp.hpp
[22.622s] -- Installing: /home/ph/treasure/dockerBENCH/helios16p_ws/install/vicon_receiver/include/boost/asio/ip/basic_endpoint.hpp
[22.623s] -- Installing: /home/ph/treasure/dockerBENCH/helios16p_ws/install/vicon_receiver/include/boost/asio/ip/network_v4.hpp
[22.624s] -- Installing: /home/ph/treasure/dockerBENCH/helios16p_ws/install/vicon_receiver/include/boost/asio/ip/network_v6.hpp
[22.625s] -- Installing: /home/ph/treasure/dockerBENCH/helios16p_ws/install/vicon_receiver/include/boost/asio/ip/address_v6_iterator.hpp
[22.626s] -- Installing: /home/ph/treasure/dockerBENCH/helios16p_ws/install/vicon_receiver/include/boost/asio/ip/address_v4_range.hpp
[22.627s] -- Installing: /home/ph/treasure/dockerBENCH/helios16p_ws/install/vicon_receiver/include/boost/asio/ip/icmp.hpp
[22.628s] -- Installing: /home/ph/treasure/dockerBENCH/helios16p_ws/install/vicon_receiver/include/boost/asio/ip/host_name.hpp
[22.629s] -- Installing: /home/ph/treasure/dockerBENCH/helios16p_ws/install/vicon_receiver/include/boost/asio/ip/unicast.hpp
[22.629s] -- Installing: /home/ph/treasure/dockerBENCH/helios16p_ws/install/vicon_receiver/include/boost/asio/ip/impl
[22.630s] -- Installing: /home/ph/treasure/dockerBENCH/helios16p_ws/install/vicon_receiver/include/boost/asio/ip/impl/address_v4.hpp
[22.631s] -- Installing: /home/ph/treasure/dockerBENCH/helios16p_ws/install/vicon_receiver/include/boost/asio/ip/impl/address_v4.ipp
[22.634s] -- Installing: /home/ph/treasure/dockerBENCH/helios16p_ws/install/vicon_receiver/include/boost/asio/ip/impl/address_v6.hpp
[22.636s] -- Installing: /home/ph/treasure/dockerBENCH/helios16p_ws/install/vicon_receiver/include/boost/asio/ip/impl/network_v4.ipp
[22.636s] -- Installing: /home/ph/treasure/dockerBENCH/helios16p_ws/install/vicon_receiver/include/boost/asio/ip/impl/basic_endpoint.hpp
[22.638s] -- Installing: /home/ph/treasure/dockerBENCH/helios16p_ws/install/vicon_receiver/include/boost/asio/ip/impl/network_v4.hpp
[22.640s] -- Installing: /home/ph/treasure/dockerBENCH/helios16p_ws/install/vicon_receiver/include/boost/asio/ip/impl/network_v6.hpp
[22.640s] -- Installing: /home/ph/treasure/dockerBENCH/helios16p_ws/install/vicon_receiver/include/boost/asio/ip/impl/network_v6.ipp
[22.642s] -- Installing: /home/ph/treasure/dockerBENCH/helios16p_ws/install/vicon_receiver/include/boost/asio/ip/impl/host_name.ipp
[22.642s] -- Installing: /home/ph/treasure/dockerBENCH/helios16p_ws/install/vicon_receiver/include/boost/asio/ip/impl/address.ipp
[22.643s] -- Installing: /home/ph/treasure/dockerBENCH/helios16p_ws/install/vicon_receiver/include/boost/asio/ip/impl/address.hpp
[22.643s] -- Installing: /home/ph/treasure/dockerBENCH/helios16p_ws/install/vicon_receiver/include/boost/asio/ip/impl/address_v6.ipp
[22.644s] -- Installing: /home/ph/treasure/dockerBENCH/helios16p_ws/install/vicon_receiver/include/boost/asio/ip/basic_resolver_entry.hpp
[22.646s] -- Installing: /home/ph/treasure/dockerBENCH/helios16p_ws/install/vicon_receiver/include/boost/asio/ip/resolver_base.hpp
[22.646s] -- Installing: /home/ph/treasure/dockerBENCH/helios16p_ws/install/vicon_receiver/include/boost/asio/ip/basic_resolver_query.hpp
[22.647s] -- Installing: /home/ph/treasure/dockerBENCH/helios16p_ws/install/vicon_receiver/include/boost/asio/ip/address.hpp
[22.648s] -- Installing: /home/ph/treasure/dockerBENCH/helios16p_ws/install/vicon_receiver/include/boost/asio/ip/v6_only.hpp
[22.649s] -- Installing: /home/ph/treasure/dockerBENCH/helios16p_ws/install/vicon_receiver/include/boost/asio/ip/basic_resolver_iterator.hpp
[22.650s] -- Installing: /home/ph/treasure/dockerBENCH/helios16p_ws/install/vicon_receiver/include/boost/asio/ip/tcp.hpp
[22.652s] -- Installing: /home/ph/treasure/dockerBENCH/helios16p_ws/install/vicon_receiver/include/boost/asio/co_spawn.hpp
[22.654s] -- Installing: /home/ph/treasure/dockerBENCH/helios16p_ws/install/vicon_receiver/include/boost/algorithm
[22.654s] -- Installing: /home/ph/treasure/dockerBENCH/helios16p_ws/install/vicon_receiver/include/boost/algorithm/string.hpp
[22.655s] -- Installing: /home/ph/treasure/dockerBENCH/helios16p_ws/install/vicon_receiver/include/boost/algorithm/string
[22.656s] -- Installing: /home/ph/treasure/dockerBENCH/helios16p_ws/install/vicon_receiver/include/boost/algorithm/string/std_containers_traits.hpp
[22.657s] -- Installing: /home/ph/treasure/dockerBENCH/helios16p_ws/install/vicon_receiver/include/boost/algorithm/string/detail
[22.657s] -- Installing: /home/ph/treasure/dockerBENCH/helios16p_ws/install/vicon_receiver/include/boost/algorithm/string/detail/find_format_store.hpp
[22.658s] -- Installing: /home/ph/treasure/dockerBENCH/helios16p_ws/install/vicon_receiver/include/boost/algorithm/string/detail/replace_storage.hpp
[22.659s] -- Installing: /home/ph/treasure/dockerBENCH/helios16p_ws/install/vicon_receiver/include/boost/algorithm/string/detail/find_iterator.hpp
[22.660s] -- Installing: /home/ph/treasure/dockerBENCH/helios16p_ws/install/vicon_receiver/include/boost/algorithm/string/detail/finder.hpp
[22.661s] -- Installing: /home/ph/treasure/dockerBENCH/helios16p_ws/install/vicon_receiver/include/boost/algorithm/string/detail/util.hpp
[22.661s] -- Installing: /home/ph/treasure/dockerBENCH/helios16p_ws/install/vicon_receiver/include/boost/algorithm/string/detail/trim.hpp
[22.663s] -- Installing: /home/ph/treasure/dockerBENCH/helios16p_ws/install/vicon_receiver/include/boost/algorithm/string/detail/sequence.hpp
[22.663s] -- Installing: /home/ph/treasure/dockerBENCH/helios16p_ws/install/vicon_receiver/include/boost/algorithm/string/detail/find_format.hpp
[22.664s] -- Installing: /home/ph/treasure/dockerBENCH/helios16p_ws/install/vicon_receiver/include/boost/algorithm/string/detail/classification.hpp
[22.665s] -- Installing: /home/ph/treasure/dockerBENCH/helios16p_ws/install/vicon_receiver/include/boost/algorithm/string/detail/predicate.hpp
[22.667s] -- Installing: /home/ph/treasure/dockerBENCH/helios16p_ws/install/vicon_receiver/include/boost/algorithm/string/detail/find_format_all.hpp
[22.667s] -- Installing: /home/ph/treasure/dockerBENCH/helios16p_ws/install/vicon_receiver/include/boost/algorithm/string/detail/formatter.hpp
[22.667s] -- Installing: /home/ph/treasure/dockerBENCH/helios16p_ws/install/vicon_receiver/include/boost/algorithm/string/detail/case_conv.hpp
[22.669s] -- Installing: /home/ph/treasure/dockerBENCH/helios16p_ws/install/vicon_receiver/include/boost/algorithm/string/erase.hpp
[22.670s] -- Installing: /home/ph/treasure/dockerBENCH/helios16p_ws/install/vicon_receiver/include/boost/algorithm/string/sequence_traits.hpp
[22.671s] -- Installing: /home/ph/treasure/dockerBENCH/helios16p_ws/install/vicon_receiver/include/boost/algorithm/string/find_iterator.hpp
[22.672s] -- Installing: /home/ph/treasure/dockerBENCH/helios16p_ws/install/vicon_receiver/include/boost/algorithm/string/yes_no_type.hpp
[22.672s] -- Installing: /home/ph/treasure/dockerBENCH/helios16p_ws/install/vicon_receiver/include/boost/algorithm/string/find.hpp
[22.673s] -- Installing: /home/ph/treasure/dockerBENCH/helios16p_ws/install/vicon_receiver/include/boost/algorithm/string/std
[22.674s] -- Installing: /home/ph/treasure/dockerBENCH/helios16p_ws/install/vicon_receiver/include/boost/algorithm/string/std/slist_traits.hpp
[22.674s] -- Installing: /home/ph/treasure/dockerBENCH/helios16p_ws/install/vicon_receiver/include/boost/algorithm/string/std/string_traits.hpp
[22.675s] -- Installing: /home/ph/treasure/dockerBENCH/helios16p_ws/install/vicon_receiver/include/boost/algorithm/string/std/list_traits.hpp
[22.676s] -- Installing: /home/ph/treasure/dockerBENCH/helios16p_ws/install/vicon_receiver/include/boost/algorithm/string/finder.hpp
[22.676s] -- Installing: /home/ph/treasure/dockerBENCH/helios16p_ws/install/vicon_receiver/include/boost/algorithm/string/config.hpp
[22.677s] -- Installing: /home/ph/treasure/dockerBENCH/helios16p_ws/install/vicon_receiver/include/boost/algorithm/string/trim.hpp
[22.678s] -- Installing: /home/ph/treasure/dockerBENCH/helios16p_ws/install/vicon_receiver/include/boost/algorithm/string/join.hpp
[22.678s] -- Installing: /home/ph/treasure/dockerBENCH/helios16p_ws/install/vicon_receiver/include/boost/algorithm/string/replace.hpp
[22.679s] -- Installing: /home/ph/treasure/dockerBENCH/helios16p_ws/install/vicon_receiver/include/boost/algorithm/string/compare.hpp
[22.680s] -- Installing: /home/ph/treasure/dockerBENCH/helios16p_ws/install/vicon_receiver/include/boost/algorithm/string/split.hpp
[22.681s] -- Installing: /home/ph/treasure/dockerBENCH/helios16p_ws/install/vicon_receiver/include/boost/algorithm/string/constants.hpp
[22.681s] -- Installing: /home/ph/treasure/dockerBENCH/helios16p_ws/install/vicon_receiver/include/boost/algorithm/string/concept.hpp
[22.682s] -- Installing: /home/ph/treasure/dockerBENCH/helios16p_ws/install/vicon_receiver/include/boost/algorithm/string/iter_find.hpp
[22.683s] -- Installing: /home/ph/treasure/dockerBENCH/helios16p_ws/install/vicon_receiver/include/boost/algorithm/string/find_format.hpp
[22.684s] -- Installing: /home/ph/treasure/dockerBENCH/helios16p_ws/install/vicon_receiver/include/boost/algorithm/string/classification.hpp
[22.684s] -- Installing: /home/ph/treasure/dockerBENCH/helios16p_ws/install/vicon_receiver/include/boost/algorithm/string/predicate.hpp
[22.686s] -- Installing: /home/ph/treasure/dockerBENCH/helios16p_ws/install/vicon_receiver/include/boost/algorithm/string/formatter.hpp
[22.686s] -- Installing: /home/ph/treasure/dockerBENCH/helios16p_ws/install/vicon_receiver/include/boost/algorithm/string/predicate_facade.hpp
[22.687s] -- Installing: /home/ph/treasure/dockerBENCH/helios16p_ws/install/vicon_receiver/include/boost/algorithm/string/case_conv.hpp
[22.688s] -- Installing: /home/ph/treasure/dockerBENCH/helios16p_ws/install/vicon_receiver/include/boost/function_equal.hpp
[22.688s] -- Installing: /home/ph/treasure/dockerBENCH/helios16p_ws/install/vicon_receiver/include/boost/operators.hpp
[22.690s] -- Installing: /home/ph/treasure/dockerBENCH/helios16p_ws/install/vicon_receiver/include/boost/ref.hpp
[22.690s] -- Installing: /home/ph/treasure/dockerBENCH/helios16p_ws/install/vicon_receiver/include/boost/non_type.hpp
[22.691s] -- Installing: /home/ph/treasure/dockerBENCH/helios16p_ws/install/vicon_receiver/include/boost/swap.hpp
[22.691s] -- Installing: /home/ph/treasure/dockerBENCH/helios16p_ws/install/vicon_receiver/include/boost/exception
[22.692s] -- Installing: /home/ph/treasure/dockerBENCH/helios16p_ws/install/vicon_receiver/include/boost/exception/detail
[22.693s] -- Installing: /home/ph/treasure/dockerBENCH/helios16p_ws/install/vicon_receiver/include/boost/exception/detail/shared_ptr.hpp
[22.694s] -- Installing: /home/ph/treasure/dockerBENCH/helios16p_ws/install/vicon_receiver/include/boost/exception/detail/is_output_streamable.hpp
[22.695s] -- Installing: /home/ph/treasure/dockerBENCH/helios16p_ws/install/vicon_receiver/include/boost/exception/detail/type_info.hpp
[22.695s] -- Installing: /home/ph/treasure/dockerBENCH/helios16p_ws/install/vicon_receiver/include/boost/exception/detail/exception_ptr.hpp
[22.696s] -- Installing: /home/ph/treasure/dockerBENCH/helios16p_ws/install/vicon_receiver/include/boost/exception/detail/error_info_impl.hpp
[22.696s] -- Installing: /home/ph/treasure/dockerBENCH/helios16p_ws/install/vicon_receiver/include/boost/exception/detail/clone_current_exception.hpp
[22.697s] -- Installing: /home/ph/treasure/dockerBENCH/helios16p_ws/install/vicon_receiver/include/boost/exception/detail/object_hex_dump.hpp
[22.697s] -- Installing: /home/ph/treasure/dockerBENCH/helios16p_ws/install/vicon_receiver/include/boost/exception/exception.hpp
[22.697s] -- Installing: /home/ph/treasure/dockerBENCH/helios16p_ws/install/vicon_receiver/include/boost/exception/diagnostic_information.hpp
[22.698s] -- Installing: /home/ph/treasure/dockerBENCH/helios16p_ws/install/vicon_receiver/include/boost/exception/to_string.hpp
[22.698s] -- Installing: /home/ph/treasure/dockerBENCH/helios16p_ws/install/vicon_receiver/include/boost/exception/current_exception_cast.hpp
[22.699s] -- Installing: /home/ph/treasure/dockerBENCH/helios16p_ws/install/vicon_receiver/include/boost/exception/to_string_stub.hpp
[22.700s] -- Installing: /home/ph/treasure/dockerBENCH/helios16p_ws/install/vicon_receiver/include/boost/exception/get_error_info.hpp
[22.700s] -- Installing: /home/ph/treasure/dockerBENCH/helios16p_ws/install/vicon_receiver/include/boost/exception/info.hpp
[22.701s] -- Installing: /home/ph/treasure/dockerBENCH/helios16p_ws/install/vicon_receiver/include/boost/noncopyable.hpp
[22.701s] -- Installing: /home/ph/treasure/dockerBENCH/helios16p_ws/install/vicon_receiver/include/boost/shared_ptr.hpp
[22.702s] -- Installing: /home/ph/treasure/dockerBENCH/helios16p_ws/install/vicon_receiver/include/boost/predef.h
[22.702s] -- Installing: /home/ph/treasure/dockerBENCH/helios16p_ws/install/vicon_receiver/include/boost/mem_fn.hpp
[22.703s] -- Installing: /home/ph/treasure/dockerBENCH/helios16p_ws/install/vicon_receiver/include/boost/config
[22.703s] -- Installing: /home/ph/treasure/dockerBENCH/helios16p_ws/install/vicon_receiver/include/boost/config/compiler
[22.704s] -- Installing: /home/ph/treasure/dockerBENCH/helios16p_ws/install/vicon_receiver/include/boost/config/compiler/cray.hpp
[22.705s] -- Installing: /home/ph/treasure/dockerBENCH/helios16p_ws/install/vicon_receiver/include/boost/config/compiler/mpw.hpp
[22.705s] -- Installing: /home/ph/treasure/dockerBENCH/helios16p_ws/install/vicon_receiver/include/boost/config/compiler/gcc.hpp
[22.706s] -- Installing: /home/ph/treasure/dockerBENCH/helios16p_ws/install/vicon_receiver/include/boost/config/compiler/diab.hpp
[22.707s] -- Installing: /home/ph/treasure/dockerBENCH/helios16p_ws/install/vicon_receiver/include/boost/config/compiler/codegear.hpp
[22.708s] -- Installing: /home/ph/treasure/dockerBENCH/helios16p_ws/install/vicon_receiver/include/boost/config/compiler/pgi.hpp
[22.708s] -- Installing: /home/ph/treasure/dockerBENCH/helios16p_ws/install/vicon_receiver/include/boost/config/compiler/borland.hpp
[22.709s] -- Installing: /home/ph/treasure/dockerBENCH/helios16p_ws/install/vicon_receiver/include/boost/config/compiler/intel.hpp
[22.710s] -- Installing: /home/ph/treasure/dockerBENCH/helios16p_ws/install/vicon_receiver/include/boost/config/compiler/vacpp.hpp
[22.711s] -- Installing: /home/ph/treasure/dockerBENCH/helios16p_ws/install/vicon_receiver/include/boost/config/compiler/common_edg.hpp
[22.712s] -- Installing: /home/ph/treasure/dockerBENCH/helios16p_ws/install/vicon_receiver/include/boost/config/compiler/visualc.hpp
[22.712s] -- Installing: /home/ph/treasure/dockerBENCH/helios16p_ws/install/vicon_receiver/include/boost/config/compiler/kai.hpp
[22.713s] -- Installing: /home/ph/treasure/dockerBENCH/helios16p_ws/install/vicon_receiver/include/boost/config/compiler/digitalmars.hpp
[22.714s] -- Installing: /home/ph/treasure/dockerBENCH/helios16p_ws/install/vicon_receiver/include/boost/config/compiler/hp_acc.hpp
[22.714s] -- Installing: /home/ph/treasure/dockerBENCH/helios16p_ws/install/vicon_receiver/include/boost/config/compiler/sgi_mipspro.hpp
[22.715s] -- Installing: /home/ph/treasure/dockerBENCH/helios16p_ws/install/vicon_receiver/include/boost/config/compiler/pathscale.hpp
[22.716s] -- Installing: /home/ph/treasure/dockerBENCH/helios16p_ws/install/vicon_receiver/include/boost/config/compiler/greenhills.hpp
[22.717s] -- Installing: /home/ph/treasure/dockerBENCH/helios16p_ws/install/vicon_receiver/include/boost/config/compiler/sunpro_cc.hpp
[22.718s] -- Installing: /home/ph/treasure/dockerBENCH/helios16p_ws/install/vicon_receiver/include/boost/config/compiler/xlcpp.hpp
[22.719s] -- Installing: /home/ph/treasure/dockerBENCH/helios16p_ws/install/vicon_receiver/include/boost/config/compiler/comeau.hpp
[22.719s] -- Installing: /home/ph/treasure/dockerBENCH/helios16p_ws/install/vicon_receiver/include/boost/config/compiler/compaq_cxx.hpp
[22.720s] -- Installing: /home/ph/treasure/dockerBENCH/helios16p_ws/install/vicon_receiver/include/boost/config/compiler/nvcc.hpp
[22.720s] -- Installing: /home/ph/treasure/dockerBENCH/helios16p_ws/install/vicon_receiver/include/boost/config/compiler/metrowerks.hpp
[22.721s] -- Installing: /home/ph/treasure/dockerBENCH/helios16p_ws/install/vicon_receiver/include/boost/config/compiler/clang.hpp
[22.722s] -- Installing: /home/ph/treasure/dockerBENCH/helios16p_ws/install/vicon_receiver/include/boost/config/compiler/xlcpp_zos.hpp
[22.723s] -- Installing: /home/ph/treasure/dockerBENCH/helios16p_ws/install/vicon_receiver/include/boost/config/compiler/gcc_xml.hpp
[22.724s] -- Installing: /home/ph/treasure/dockerBENCH/helios16p_ws/install/vicon_receiver/include/boost/config/detail
[22.724s] -- Installing: /home/ph/treasure/dockerBENCH/helios16p_ws/install/vicon_receiver/include/boost/config/detail/select_stdlib_config.hpp
[22.725s] -- Installing: /home/ph/treasure/dockerBENCH/helios16p_ws/install/vicon_receiver/include/boost/config/detail/suffix.hpp
[22.726s] -- Installing: /home/ph/treasure/dockerBENCH/helios16p_ws/install/vicon_receiver/include/boost/config/detail/select_compiler_config.hpp
[22.727s] -- Installing: /home/ph/treasure/dockerBENCH/helios16p_ws/install/vicon_receiver/include/boost/config/detail/posix_features.hpp
[22.728s] -- Installing: /home/ph/treasure/dockerBENCH/helios16p_ws/install/vicon_receiver/include/boost/config/detail/select_platform_config.hpp
[22.729s] -- Installing: /home/ph/treasure/dockerBENCH/helios16p_ws/install/vicon_receiver/include/boost/config/abi
[22.730s] -- Installing: /home/ph/treasure/dockerBENCH/helios16p_ws/install/vicon_receiver/include/boost/config/abi/borland_suffix.hpp
[22.730s] -- Installing: /home/ph/treasure/dockerBENCH/helios16p_ws/install/vicon_receiver/include/boost/config/abi/borland_prefix.hpp
[22.731s] -- Installing: /home/ph/treasure/dockerBENCH/helios16p_ws/install/vicon_receiver/include/boost/config/abi/msvc_suffix.hpp
[22.731s] -- Installing: /home/ph/treasure/dockerBENCH/helios16p_ws/install/vicon_receiver/include/boost/config/abi/msvc_prefix.hpp
[22.732s] -- Installing: /home/ph/treasure/dockerBENCH/helios16p_ws/install/vicon_receiver/include/boost/config/user.hpp
[22.733s] -- Installing: /home/ph/treasure/dockerBENCH/helios16p_ws/install/vicon_receiver/include/boost/config/pragma_message.hpp
[22.734s] -- Installing: /home/ph/treasure/dockerBENCH/helios16p_ws/install/vicon_receiver/include/boost/config/abi_suffix.hpp
[22.735s] -- Installing: /home/ph/treasure/dockerBENCH/helios16p_ws/install/vicon_receiver/include/boost/config/helper_macros.hpp
[22.735s] -- Installing: /home/ph/treasure/dockerBENCH/helios16p_ws/install/vicon_receiver/include/boost/config/platform
[22.735s] -- Installing: /home/ph/treasure/dockerBENCH/helios16p_ws/install/vicon_receiver/include/boost/config/platform/cray.hpp
[22.736s] -- Installing: /home/ph/treasure/dockerBENCH/helios16p_ws/install/vicon_receiver/include/boost/config/platform/macos.hpp
[22.736s] -- Installing: /home/ph/treasure/dockerBENCH/helios16p_ws/install/vicon_receiver/include/boost/config/platform/haiku.hpp
[22.737s] -- Installing: /home/ph/treasure/dockerBENCH/helios16p_ws/install/vicon_receiver/include/boost/config/platform/hpux.hpp
[22.738s] -- Installing: /home/ph/treasure/dockerBENCH/helios16p_ws/install/vicon_receiver/include/boost/config/platform/zos.hpp
[22.738s] -- Installing: /home/ph/treasure/dockerBENCH/helios16p_ws/install/vicon_receiver/include/boost/config/platform/irix.hpp
[22.739s] -- Installing: /home/ph/treasure/dockerBENCH/helios16p_ws/install/vicon_receiver/include/boost/config/platform/win32.hpp
[22.739s] -- Installing: /home/ph/treasure/dockerBENCH/helios16p_ws/install/vicon_receiver/include/boost/config/platform/symbian.hpp
[22.740s] -- Installing: /home/ph/treasure/dockerBENCH/helios16p_ws/install/vicon_receiver/include/boost/config/platform/beos.hpp
[22.741s] -- Installing: /home/ph/treasure/dockerBENCH/helios16p_ws/install/vicon_receiver/include/boost/config/platform/amigaos.hpp
[22.741s] -- Installing: /home/ph/treasure/dockerBENCH/helios16p_ws/install/vicon_receiver/include/boost/config/platform/linux.hpp
[22.742s] -- Installing: /home/ph/treasure/dockerBENCH/helios16p_ws/install/vicon_receiver/include/boost/config/platform/aix.hpp
[22.742s] -- Installing: /home/ph/treasure/dockerBENCH/helios16p_ws/install/vicon_receiver/include/boost/config/platform/cygwin.hpp
[22.743s] -- Installing: /home/ph/treasure/dockerBENCH/helios16p_ws/install/vicon_receiver/include/boost/config/platform/solaris.hpp
[22.743s] -- Installing: /home/ph/treasure/dockerBENCH/helios16p_ws/install/vicon_receiver/include/boost/config/platform/vms.hpp
[22.744s] -- Installing: /home/ph/treasure/dockerBENCH/helios16p_ws/install/vicon_receiver/include/boost/config/platform/qnxnto.hpp
[22.744s] -- Installing: /home/ph/treasure/dockerBENCH/helios16p_ws/install/vicon_receiver/include/boost/config/platform/vxworks.hpp
[22.745s] -- Installing: /home/ph/treasure/dockerBENCH/helios16p_ws/install/vicon_receiver/include/boost/config/platform/cloudabi.hpp
[22.746s] -- Installing: /home/ph/treasure/dockerBENCH/helios16p_ws/install/vicon_receiver/include/boost/config/platform/bsd.hpp
[22.746s] -- Installing: /home/ph/treasure/dockerBENCH/helios16p_ws/install/vicon_receiver/include/boost/config/warning_disable.hpp
[22.747s] -- Installing: /home/ph/treasure/dockerBENCH/helios16p_ws/install/vicon_receiver/include/boost/config/requires_threads.hpp
[22.747s] -- Installing: /home/ph/treasure/dockerBENCH/helios16p_ws/install/vicon_receiver/include/boost/config/header_deprecated.hpp
[22.748s] -- Installing: /home/ph/treasure/dockerBENCH/helios16p_ws/install/vicon_receiver/include/boost/config/stdlib
[22.749s] -- Installing: /home/ph/treasure/dockerBENCH/helios16p_ws/install/vicon_receiver/include/boost/config/stdlib/dinkumware.hpp
[22.749s] -- Installing: /home/ph/treasure/dockerBENCH/helios16p_ws/install/vicon_receiver/include/boost/config/stdlib/sgi.hpp
[22.750s] -- Installing: /home/ph/treasure/dockerBENCH/helios16p_ws/install/vicon_receiver/include/boost/config/stdlib/msl.hpp
[22.751s] -- Installing: /home/ph/treasure/dockerBENCH/helios16p_ws/install/vicon_receiver/include/boost/config/stdlib/stlport.hpp
[22.751s] -- Installing: /home/ph/treasure/dockerBENCH/helios16p_ws/install/vicon_receiver/include/boost/config/stdlib/libcpp.hpp
[22.752s] -- Installing: /home/ph/treasure/dockerBENCH/helios16p_ws/install/vicon_receiver/include/boost/config/stdlib/vacpp.hpp
[22.752s] -- Installing: /home/ph/treasure/dockerBENCH/helios16p_ws/install/vicon_receiver/include/boost/config/stdlib/roguewave.hpp
[22.753s] -- Installing: /home/ph/treasure/dockerBENCH/helios16p_ws/install/vicon_receiver/include/boost/config/stdlib/libstdcpp3.hpp
[22.754s] -- Installing: /home/ph/treasure/dockerBENCH/helios16p_ws/install/vicon_receiver/include/boost/config/stdlib/libcomo.hpp
[22.754s] -- Installing: /home/ph/treasure/dockerBENCH/helios16p_ws/install/vicon_receiver/include/boost/config/stdlib/modena.hpp
[22.755s] -- Installing: /home/ph/treasure/dockerBENCH/helios16p_ws/install/vicon_receiver/include/boost/config/stdlib/xlcpp_zos.hpp
[22.755s] -- Installing: /home/ph/treasure/dockerBENCH/helios16p_ws/install/vicon_receiver/include/boost/config/no_tr1
[22.756s] -- Installing: /home/ph/treasure/dockerBENCH/helios16p_ws/install/vicon_receiver/include/boost/config/no_tr1/cmath.hpp
[22.757s] -- Installing: /home/ph/treasure/dockerBENCH/helios16p_ws/install/vicon_receiver/include/boost/config/no_tr1/memory.hpp
[22.757s] -- Installing: /home/ph/treasure/dockerBENCH/helios16p_ws/install/vicon_receiver/include/boost/config/no_tr1/utility.hpp
[22.758s] -- Installing: /home/ph/treasure/dockerBENCH/helios16p_ws/install/vicon_receiver/include/boost/config/no_tr1/functional.hpp
[22.759s] -- Installing: /home/ph/treasure/dockerBENCH/helios16p_ws/install/vicon_receiver/include/boost/config/no_tr1/complex.hpp
[22.760s] -- Installing: /home/ph/treasure/dockerBENCH/helios16p_ws/install/vicon_receiver/include/boost/config/workaround.hpp
[22.760s] -- Installing: /home/ph/treasure/dockerBENCH/helios16p_ws/install/vicon_receiver/include/boost/config/abi_prefix.hpp
[22.761s] -- Installing: /home/ph/treasure/dockerBENCH/helios16p_ws/install/vicon_receiver/include/boost/config/auto_link.hpp
[22.762s] -- Installing: /home/ph/treasure/dockerBENCH/helios16p_ws/install/vicon_receiver/include/boost/fusion
[22.763s] -- Installing: /home/ph/treasure/dockerBENCH/helios16p_ws/install/vicon_receiver/include/boost/fusion/algorithm
[22.763s] -- Installing: /home/ph/treasure/dockerBENCH/helios16p_ws/install/vicon_receiver/include/boost/fusion/algorithm/iteration
[22.764s] -- Installing: /home/ph/treasure/dockerBENCH/helios16p_ws/install/vicon_receiver/include/boost/fusion/algorithm/iteration/for_each.hpp
[22.765s] -- Installing: /home/ph/treasure/dockerBENCH/helios16p_ws/install/vicon_receiver/include/boost/fusion/algorithm/iteration/detail
[22.765s] -- Installing: /home/ph/treasure/dockerBENCH/helios16p_ws/install/vicon_receiver/include/boost/fusion/algorithm/iteration/detail/for_each.hpp
[22.766s] -- Installing: /home/ph/treasure/dockerBENCH/helios16p_ws/install/vicon_receiver/include/boost/fusion/algorithm/iteration/detail/segmented_fold.hpp
[22.766s] -- Installing: /home/ph/treasure/dockerBENCH/helios16p_ws/install/vicon_receiver/include/boost/fusion/algorithm/iteration/detail/segmented_for_each.hpp
[22.767s] -- Installing: /home/ph/treasure/dockerBENCH/helios16p_ws/install/vicon_receiver/include/boost/fusion/algorithm/iteration/detail/preprocessed
[22.768s] -- Installing: /home/ph/treasure/dockerBENCH/helios16p_ws/install/vicon_receiver/include/boost/fusion/algorithm/iteration/detail/preprocessed/fold.hpp
[22.769s] -- Installing: /home/ph/treasure/dockerBENCH/helios16p_ws/install/vicon_receiver/include/boost/fusion/algorithm/iteration/detail/fold.hpp
[22.769s] -- Installing: /home/ph/treasure/dockerBENCH/helios16p_ws/install/vicon_receiver/include/boost/fusion/algorithm/iteration/fold_fwd.hpp
[22.770s] -- Installing: /home/ph/treasure/dockerBENCH/helios16p_ws/install/vicon_receiver/include/boost/fusion/algorithm/iteration/fold.hpp
[22.771s] -- Installing: /home/ph/treasure/dockerBENCH/helios16p_ws/install/vicon_receiver/include/boost/fusion/algorithm/iteration/for_each_fwd.hpp
[22.771s] -- Installing: /home/ph/treasure/dockerBENCH/helios16p_ws/install/vicon_receiver/include/boost/fusion/algorithm/query
[22.772s] -- Installing: /home/ph/treasure/dockerBENCH/helios16p_ws/install/vicon_receiver/include/boost/fusion/algorithm/query/detail
[22.772s] -- Installing: /home/ph/treasure/dockerBENCH/helios16p_ws/install/vicon_receiver/include/boost/fusion/algorithm/query/detail/find_if.hpp
[22.773s] -- Installing: /home/ph/treasure/dockerBENCH/helios16p_ws/install/vicon_receiver/include/boost/fusion/algorithm/query/detail/segmented_find.hpp
[22.774s] -- Installing: /home/ph/treasure/dockerBENCH/helios16p_ws/install/vicon_receiver/include/boost/fusion/algorithm/query/find.hpp
[22.774s] -- Installing: /home/ph/treasure/dockerBENCH/helios16p_ws/install/vicon_receiver/include/boost/fusion/algorithm/query/find_if_fwd.hpp
[22.775s] -- Installing: /home/ph/treasure/dockerBENCH/helios16p_ws/install/vicon_receiver/include/boost/fusion/algorithm/query/find_fwd.hpp
[22.775s] -- Installing: /home/ph/treasure/dockerBENCH/helios16p_ws/install/vicon_receiver/include/boost/fusion/algorithm/transformation
[22.776s] -- Installing: /home/ph/treasure/dockerBENCH/helios16p_ws/install/vicon_receiver/include/boost/fusion/algorithm/transformation/push_back.hpp
[22.776s] -- Installing: /home/ph/treasure/dockerBENCH/helios16p_ws/install/vicon_receiver/include/boost/fusion/algorithm/transformation/transform.hpp
[22.777s] -- Installing: /home/ph/treasure/dockerBENCH/helios16p_ws/install/vicon_receiver/include/boost/fusion/algorithm/transformation/insert_range.hpp
[22.778s] -- Installing: /home/ph/treasure/dockerBENCH/helios16p_ws/install/vicon_receiver/include/boost/fusion/algorithm/transformation/erase.hpp
[22.778s] -- Installing: /home/ph/treasure/dockerBENCH/helios16p_ws/install/vicon_receiver/include/boost/fusion/algorithm/transformation/pop_front.hpp
[22.779s] -- Installing: /home/ph/treasure/dockerBENCH/helios16p_ws/install/vicon_receiver/include/boost/fusion/algorithm/transformation/push_front.hpp
[22.779s] -- Installing: /home/ph/treasure/dockerBENCH/helios16p_ws/install/vicon_receiver/include/boost/fusion/algorithm/transformation/erase_key.hpp
[22.780s] -- Installing: /home/ph/treasure/dockerBENCH/helios16p_ws/install/vicon_receiver/include/boost/fusion/algorithm/transformation/pop_back.hpp
[22.781s] -- Installing: /home/ph/treasure/dockerBENCH/helios16p_ws/install/vicon_receiver/include/boost/fusion/algorithm/transformation/insert.hpp
[22.781s] -- Installing: /home/ph/treasure/dockerBENCH/helios16p_ws/install/vicon_receiver/include/boost/fusion/container
[22.782s] -- Installing: /home/ph/treasure/dockerBENCH/helios16p_ws/install/vicon_receiver/include/boost/fusion/container/map
[22.782s] -- Installing: /home/ph/treasure/dockerBENCH/helios16p_ws/install/vicon_receiver/include/boost/fusion/container/map/detail
[22.783s] -- Installing: /home/ph/treasure/dockerBENCH/helios16p_ws/install/vicon_receiver/include/boost/fusion/container/map/detail/cpp03
[22.783s] -- Installing: /home/ph/treasure/dockerBENCH/helios16p_ws/install/vicon_receiver/include/boost/fusion/container/map/detail/cpp03/map_fwd.hpp
[22.784s] -- Installing: /home/ph/treasure/dockerBENCH/helios16p_ws/install/vicon_receiver/include/boost/fusion/container/map/detail/cpp03/preprocessed
[22.784s] -- Installing: /home/ph/treasure/dockerBENCH/helios16p_ws/install/vicon_receiver/include/boost/fusion/container/map/detail/cpp03/preprocessed/map50_fwd.hpp
[22.785s] -- Installing: /home/ph/treasure/dockerBENCH/helios16p_ws/install/vicon_receiver/include/boost/fusion/container/map/detail/cpp03/preprocessed/map40_fwd.hpp
[22.786s] -- Installing: /home/ph/treasure/dockerBENCH/helios16p_ws/install/vicon_receiver/include/boost/fusion/container/map/detail/cpp03/preprocessed/map_fwd.hpp
[22.786s] -- Installing: /home/ph/treasure/dockerBENCH/helios16p_ws/install/vicon_receiver/include/boost/fusion/container/map/detail/cpp03/preprocessed/map30_fwd.hpp
[22.787s] -- Installing: /home/ph/treasure/dockerBENCH/helios16p_ws/install/vicon_receiver/include/boost/fusion/container/map/detail/cpp03/preprocessed/map20_fwd.hpp
[22.788s] -- Installing: /home/ph/treasure/dockerBENCH/helios16p_ws/install/vicon_receiver/include/boost/fusion/container/map/detail/cpp03/preprocessed/map10_fwd.hpp
[22.788s] -- Installing: /home/ph/treasure/dockerBENCH/helios16p_ws/install/vicon_receiver/include/boost/fusion/container/map/detail/cpp03/limits.hpp
[22.789s] -- Installing: /home/ph/treasure/dockerBENCH/helios16p_ws/install/vicon_receiver/include/boost/fusion/container/map/map_fwd.hpp
[22.789s] -- Installing: /home/ph/treasure/dockerBENCH/helios16p_ws/install/vicon_receiver/include/boost/fusion/container/list
[22.789s] -- Installing: /home/ph/treasure/dockerBENCH/helios16p_ws/install/vicon_receiver/include/boost/fusion/container/list/nil.hpp
[22.790s] -- Installing: /home/ph/treasure/dockerBENCH/helios16p_ws/install/vicon_receiver/include/boost/fusion/container/list/detail
[22.790s] -- Installing: /home/ph/treasure/dockerBENCH/helios16p_ws/install/vicon_receiver/include/boost/fusion/container/list/detail/value_of_impl.hpp
[22.791s] -- Installing: /home/ph/treasure/dockerBENCH/helios16p_ws/install/vicon_receiver/include/boost/fusion/container/list/detail/end_impl.hpp
[22.791s] -- Installing: /home/ph/treasure/dockerBENCH/helios16p_ws/install/vicon_receiver/include/boost/fusion/container/list/detail/next_impl.hpp
[22.792s] -- Installing: /home/ph/treasure/dockerBENCH/helios16p_ws/install/vicon_receiver/include/boost/fusion/container/list/detail/reverse_cons.hpp
[22.793s] -- Installing: /home/ph/treasure/dockerBENCH/helios16p_ws/install/vicon_receiver/include/boost/fusion/container/list/detail/begin_impl.hpp
[22.793s] -- Installing: /home/ph/treasure/dockerBENCH/helios16p_ws/install/vicon_receiver/include/boost/fusion/container/list/detail/equal_to_impl.hpp
[22.794s] -- Installing: /home/ph/treasure/dockerBENCH/helios16p_ws/install/vicon_receiver/include/boost/fusion/container/list/detail/value_at_impl.hpp
[22.795s] -- Installing: /home/ph/treasure/dockerBENCH/helios16p_ws/install/vicon_receiver/include/boost/fusion/container/list/detail/cpp03
[22.795s] -- Installing: /home/ph/treasure/dockerBENCH/helios16p_ws/install/vicon_receiver/include/boost/fusion/container/list/detail/cpp03/preprocessed
[22.795s] -- Installing: /home/ph/treasure/dockerBENCH/helios16p_ws/install/vicon_receiver/include/boost/fusion/container/list/detail/cpp03/preprocessed/list30_fwd.hpp
[22.796s] -- Installing: /home/ph/treasure/dockerBENCH/helios16p_ws/install/vicon_receiver/include/boost/fusion/container/list/detail/cpp03/preprocessed/list_fwd.hpp
[22.797s] -- Installing: /home/ph/treasure/dockerBENCH/helios16p_ws/install/vicon_receiver/include/boost/fusion/container/list/detail/cpp03/preprocessed/list40_fwd.hpp
[22.797s] -- Installing: /home/ph/treasure/dockerBENCH/helios16p_ws/install/vicon_receiver/include/boost/fusion/container/list/detail/cpp03/preprocessed/list10_fwd.hpp
[22.798s] -- Installing: /home/ph/treasure/dockerBENCH/helios16p_ws/install/vicon_receiver/include/boost/fusion/container/list/detail/cpp03/preprocessed/list20_fwd.hpp
[22.799s] -- Installing: /home/ph/treasure/dockerBENCH/helios16p_ws/install/vicon_receiver/include/boost/fusion/container/list/detail/cpp03/preprocessed/list50_fwd.hpp
[22.800s] -- Installing: /home/ph/treasure/dockerBENCH/helios16p_ws/install/vicon_receiver/include/boost/fusion/container/list/detail/cpp03/list_fwd.hpp
[22.800s] -- Installing: /home/ph/treasure/dockerBENCH/helios16p_ws/install/vicon_receiver/include/boost/fusion/container/list/detail/cpp03/limits.hpp
[22.801s] -- Installing: /home/ph/treasure/dockerBENCH/helios16p_ws/install/vicon_receiver/include/boost/fusion/container/list/detail/at_impl.hpp
[22.802s] -- Installing: /home/ph/treasure/dockerBENCH/helios16p_ws/install/vicon_receiver/include/boost/fusion/container/list/detail/deref_impl.hpp
[22.802s] -- Installing: /home/ph/treasure/dockerBENCH/helios16p_ws/install/vicon_receiver/include/boost/fusion/container/list/detail/empty_impl.hpp
[22.803s] -- Installing: /home/ph/treasure/dockerBENCH/helios16p_ws/install/vicon_receiver/include/boost/fusion/container/list/cons_fwd.hpp
[22.804s] -- Installing: /home/ph/treasure/dockerBENCH/helios16p_ws/install/vicon_receiver/include/boost/fusion/container/list/list_fwd.hpp
[22.805s] -- Installing: /home/ph/treasure/dockerBENCH/helios16p_ws/install/vicon_receiver/include/boost/fusion/container/list/cons.hpp
[22.805s] -- Installing: /home/ph/treasure/dockerBENCH/helios16p_ws/install/vicon_receiver/include/boost/fusion/container/list/cons_iterator.hpp
[22.806s] -- Installing: /home/ph/treasure/dockerBENCH/helios16p_ws/install/vicon_receiver/include/boost/fusion/container/vector
[22.806s] -- Installing: /home/ph/treasure/dockerBENCH/helios16p_ws/install/vicon_receiver/include/boost/fusion/container/vector/vector10.hpp
[22.807s] -- Installing: /home/ph/treasure/dockerBENCH/helios16p_ws/install/vicon_receiver/include/boost/fusion/container/vector/detail
[22.807s] -- Installing: /home/ph/treasure/dockerBENCH/helios16p_ws/install/vicon_receiver/include/boost/fusion/container/vector/detail/value_of_impl.hpp
[22.808s] -- Installing: /home/ph/treasure/dockerBENCH/helios16p_ws/install/vicon_receiver/include/boost/fusion/container/vector/detail/end_impl.hpp
[22.808s] -- Installing: /home/ph/treasure/dockerBENCH/helios16p_ws/install/vicon_receiver/include/boost/fusion/container/vector/detail/advance_impl.hpp
[22.809s] -- Installing: /home/ph/treasure/dockerBENCH/helios16p_ws/install/vicon_receiver/include/boost/fusion/container/vector/detail/config.hpp
[22.809s] -- Installing: /home/ph/treasure/dockerBENCH/helios16p_ws/install/vicon_receiver/include/boost/fusion/container/vector/detail/next_impl.hpp
[22.810s] -- Installing: /home/ph/treasure/dockerBENCH/helios16p_ws/install/vicon_receiver/include/boost/fusion/container/vector/detail/prior_impl.hpp
[22.811s] -- Installing: /home/ph/treasure/dockerBENCH/helios16p_ws/install/vicon_receiver/include/boost/fusion/container/vector/detail/begin_impl.hpp
[22.811s] -- Installing: /home/ph/treasure/dockerBENCH/helios16p_ws/install/vicon_receiver/include/boost/fusion/container/vector/detail/equal_to_impl.hpp
[22.812s] -- Installing: /home/ph/treasure/dockerBENCH/helios16p_ws/install/vicon_receiver/include/boost/fusion/container/vector/detail/distance_impl.hpp
[22.812s] -- Installing: /home/ph/treasure/dockerBENCH/helios16p_ws/install/vicon_receiver/include/boost/fusion/container/vector/detail/value_at_impl.hpp
[22.813s] -- Installing: /home/ph/treasure/dockerBENCH/helios16p_ws/install/vicon_receiver/include/boost/fusion/container/vector/detail/cpp03
[22.813s] -- Installing: /home/ph/treasure/dockerBENCH/helios16p_ws/install/vicon_receiver/include/boost/fusion/container/vector/detail/cpp03/vector10.hpp
[22.814s] -- Installing: /home/ph/treasure/dockerBENCH/helios16p_ws/install/vicon_receiver/include/boost/fusion/container/vector/detail/cpp03/vector20.hpp
[22.815s] -- Installing: /home/ph/treasure/dockerBENCH/helios16p_ws/install/vicon_receiver/include/boost/fusion/container/vector/detail/cpp03/vector20_fwd.hpp
[22.816s] -- Installing: /home/ph/treasure/dockerBENCH/helios16p_ws/install/vicon_receiver/include/boost/fusion/container/vector/detail/cpp03/vector30.hpp
[22.817s] -- Installing: /home/ph/treasure/dockerBENCH/helios16p_ws/install/vicon_receiver/include/boost/fusion/container/vector/detail/cpp03/vector_forward_ctor.hpp
[22.817s] -- Installing: /home/ph/treasure/dockerBENCH/helios16p_ws/install/vicon_receiver/include/boost/fusion/container/vector/detail/cpp03/vector.hpp
[22.818s] -- Installing: /home/ph/treasure/dockerBENCH/helios16p_ws/install/vicon_receiver/include/boost/fusion/container/vector/detail/cpp03/vector_fwd.hpp
[22.819s] -- Installing: /home/ph/treasure/dockerBENCH/helios16p_ws/install/vicon_receiver/include/boost/fusion/container/vector/detail/cpp03/vector40_fwd.hpp
[22.820s] -- Installing: /home/ph/treasure/dockerBENCH/helios16p_ws/install/vicon_receiver/include/boost/fusion/container/vector/detail/cpp03/vector40.hpp
[22.820s] -- Installing: /home/ph/treasure/dockerBENCH/helios16p_ws/install/vicon_receiver/include/boost/fusion/container/vector/detail/cpp03/preprocessed
[22.821s] -- Installing: /home/ph/treasure/dockerBENCH/helios16p_ws/install/vicon_receiver/include/boost/fusion/container/vector/detail/cpp03/preprocessed/vvector30_fwd.hpp
[22.822s] -- Installing: /home/ph/treasure/dockerBENCH/helios16p_ws/install/vicon_receiver/include/boost/fusion/container/vector/detail/cpp03/preprocessed/vector_chooser20.hpp
[22.823s] -- Installing: /home/ph/treasure/dockerBENCH/helios16p_ws/install/vicon_receiver/include/boost/fusion/container/vector/detail/cpp03/preprocessed/vector10.hpp
[22.824s] -- Installing: /home/ph/treasure/dockerBENCH/helios16p_ws/install/vicon_receiver/include/boost/fusion/container/vector/detail/cpp03/preprocessed/vector20.hpp
[22.826s] -- Installing: /home/ph/treasure/dockerBENCH/helios16p_ws/install/vicon_receiver/include/boost/fusion/container/vector/detail/cpp03/preprocessed/vector_chooser30.hpp
[22.827s] -- Installing: /home/ph/treasure/dockerBENCH/helios16p_ws/install/vicon_receiver/include/boost/fusion/container/vector/detail/cpp03/preprocessed/vector20_fwd.hpp
[22.828s] -- Installing: /home/ph/treasure/dockerBENCH/helios16p_ws/install/vicon_receiver/include/boost/fusion/container/vector/detail/cpp03/preprocessed/vector_chooser.hpp
[22.829s] -- Installing: /home/ph/treasure/dockerBENCH/helios16p_ws/install/vicon_receiver/include/boost/fusion/container/vector/detail/cpp03/preprocessed/vvector10_fwd.hpp
[22.829s] -- Installing: /home/ph/treasure/dockerBENCH/helios16p_ws/install/vicon_receiver/include/boost/fusion/container/vector/detail/cpp03/preprocessed/vector_chooser50.hpp
[22.831s] -- Installing: /home/ph/treasure/dockerBENCH/helios16p_ws/install/vicon_receiver/include/boost/fusion/container/vector/detail/cpp03/preprocessed/vvector40.hpp
[22.832s] -- Installing: /home/ph/treasure/dockerBENCH/helios16p_ws/install/vicon_receiver/include/boost/fusion/container/vector/detail/cpp03/preprocessed/vector30.hpp
[22.835s] -- Installing: /home/ph/treasure/dockerBENCH/helios16p_ws/install/vicon_receiver/include/boost/fusion/container/vector/detail/cpp03/preprocessed/vector_chooser10.hpp
[22.836s] -- Installing: /home/ph/treasure/dockerBENCH/helios16p_ws/install/vicon_receiver/include/boost/fusion/container/vector/detail/cpp03/preprocessed/vector.hpp
[22.836s] -- Installing: /home/ph/treasure/dockerBENCH/helios16p_ws/install/vicon_receiver/include/boost/fusion/container/vector/detail/cpp03/preprocessed/vector_fwd.hpp
[22.837s] -- Installing: /home/ph/treasure/dockerBENCH/helios16p_ws/install/vicon_receiver/include/boost/fusion/container/vector/detail/cpp03/preprocessed/vector40_fwd.hpp
[22.838s] -- Installing: /home/ph/treasure/dockerBENCH/helios16p_ws/install/vicon_receiver/include/boost/fusion/container/vector/detail/cpp03/preprocessed/vector40.hpp
[22.840s] -- Installing: /home/ph/treasure/dockerBENCH/helios16p_ws/install/vicon_receiver/include/boost/fusion/container/vector/detail/cpp03/preprocessed/vvector20.hpp
[22.841s] -- Installing: /home/ph/treasure/dockerBENCH/helios16p_ws/install/vicon_receiver/include/boost/fusion/container/vector/detail/cpp03/preprocessed/vector30_fwd.hpp
[22.842s] -- Installing: /home/ph/treasure/dockerBENCH/helios16p_ws/install/vicon_receiver/include/boost/fusion/container/vector/detail/cpp03/preprocessed/vvector50.hpp
[22.844s] -- Installing: /home/ph/treasure/dockerBENCH/helios16p_ws/install/vicon_receiver/include/boost/fusion/container/vector/detail/cpp03/preprocessed/vector10_fwd.hpp
[22.845s] -- Installing: /home/ph/treasure/dockerBENCH/helios16p_ws/install/vicon_receiver/include/boost/fusion/container/vector/detail/cpp03/preprocessed/vvector20_fwd.hpp
[22.845s] -- Installing: /home/ph/treasure/dockerBENCH/helios16p_ws/install/vicon_receiver/include/boost/fusion/container/vector/detail/cpp03/preprocessed/vvector40_fwd.hpp
[22.846s] -- Installing: /home/ph/treasure/dockerBENCH/helios16p_ws/install/vicon_receiver/include/boost/fusion/container/vector/detail/cpp03/preprocessed/vvector10.hpp
[22.847s] -- Installing: /home/ph/treasure/dockerBENCH/helios16p_ws/install/vicon_receiver/include/boost/fusion/container/vector/detail/cpp03/preprocessed/vector50_fwd.hpp
[22.848s] -- Installing: /home/ph/treasure/dockerBENCH/helios16p_ws/install/vicon_receiver/include/boost/fusion/container/vector/detail/cpp03/preprocessed/vvector30.hpp
[22.850s] -- Installing: /home/ph/treasure/dockerBENCH/helios16p_ws/install/vicon_receiver/include/boost/fusion/container/vector/detail/cpp03/preprocessed/vector_chooser40.hpp
[22.851s] -- Installing: /home/ph/treasure/dockerBENCH/helios16p_ws/install/vicon_receiver/include/boost/fusion/container/vector/detail/cpp03/preprocessed/vector50.hpp
[22.854s] -- Installing: /home/ph/treasure/dockerBENCH/helios16p_ws/install/vicon_receiver/include/boost/fusion/container/vector/detail/cpp03/preprocessed/vvector50_fwd.hpp
[22.855s] -- Installing: /home/ph/treasure/dockerBENCH/helios16p_ws/install/vicon_receiver/include/boost/fusion/container/vector/detail/cpp03/vector_n.hpp
[22.856s] -- Installing: /home/ph/treasure/dockerBENCH/helios16p_ws/install/vicon_receiver/include/boost/fusion/container/vector/detail/cpp03/vector30_fwd.hpp
[22.857s] -- Installing: /home/ph/treasure/dockerBENCH/helios16p_ws/install/vicon_receiver/include/boost/fusion/container/vector/detail/cpp03/vector10_fwd.hpp
[22.857s] -- Installing: /home/ph/treasure/dockerBENCH/helios16p_ws/install/vicon_receiver/include/boost/fusion/container/vector/detail/cpp03/vector_n_chooser.hpp
[22.858s] -- Installing: /home/ph/treasure/dockerBENCH/helios16p_ws/install/vicon_receiver/include/boost/fusion/container/vector/detail/cpp03/value_at_impl.hpp
[22.859s] -- Installing: /home/ph/treasure/dockerBENCH/helios16p_ws/install/vicon_receiver/include/boost/fusion/container/vector/detail/cpp03/vector50_fwd.hpp
[22.860s] -- Installing: /home/ph/treasure/dockerBENCH/helios16p_ws/install/vicon_receiver/include/boost/fusion/container/vector/detail/cpp03/vector50.hpp
[22.861s] -- Installing: /home/ph/treasure/dockerBENCH/helios16p_ws/install/vicon_receiver/include/boost/fusion/container/vector/detail/cpp03/limits.hpp
[22.861s] -- Installing: /home/ph/treasure/dockerBENCH/helios16p_ws/install/vicon_receiver/include/boost/fusion/container/vector/detail/at_impl.hpp
[22.862s] -- Installing: /home/ph/treasure/dockerBENCH/helios16p_ws/install/vicon_receiver/include/boost/fusion/container/vector/detail/deref_impl.hpp
[22.863s] -- Installing: /home/ph/treasure/dockerBENCH/helios16p_ws/install/vicon_receiver/include/boost/fusion/container/vector/vector.hpp
[22.863s] -- Installing: /home/ph/treasure/dockerBENCH/helios16p_ws/install/vicon_receiver/include/boost/fusion/container/vector/vector_fwd.hpp
[22.865s] -- Installing: /home/ph/treasure/dockerBENCH/helios16p_ws/install/vicon_receiver/include/boost/fusion/container/vector/vector_iterator.hpp
[22.865s] -- Installing: /home/ph/treasure/dockerBENCH/helios16p_ws/install/vicon_receiver/include/boost/fusion/container/deque
[22.865s] -- Installing: /home/ph/treasure/dockerBENCH/helios16p_ws/install/vicon_receiver/include/boost/fusion/container/deque/detail
[22.867s] -- Installing: /home/ph/treasure/dockerBENCH/helios16p_ws/install/vicon_receiver/include/boost/fusion/container/deque/detail/cpp03
[22.867s] -- Installing: /home/ph/treasure/dockerBENCH/helios16p_ws/install/vicon_receiver/include/boost/fusion/container/deque/detail/cpp03/preprocessed
[22.867s] -- Installing: /home/ph/treasure/dockerBENCH/helios16p_ws/install/vicon_receiver/include/boost/fusion/container/deque/detail/cpp03/preprocessed/deque40_fwd.hpp
[22.867s] -- Installing: /home/ph/treasure/dockerBENCH/helios16p_ws/install/vicon_receiver/include/boost/fusion/container/deque/detail/cpp03/preprocessed/deque50_fwd.hpp
[22.868s] -- Installing: /home/ph/treasure/dockerBENCH/helios16p_ws/install/vicon_receiver/include/boost/fusion/container/deque/detail/cpp03/preprocessed/deque30_fwd.hpp
[22.869s] -- Installing: /home/ph/treasure/dockerBENCH/helios16p_ws/install/vicon_receiver/include/boost/fusion/container/deque/detail/cpp03/preprocessed/deque_fwd.hpp
[22.870s] -- Installing: /home/ph/treasure/dockerBENCH/helios16p_ws/install/vicon_receiver/include/boost/fusion/container/deque/detail/cpp03/preprocessed/deque20_fwd.hpp
[22.870s] -- Installing: /home/ph/treasure/dockerBENCH/helios16p_ws/install/vicon_receiver/include/boost/fusion/container/deque/detail/cpp03/preprocessed/deque10_fwd.hpp
[22.871s] -- Installing: /home/ph/treasure/dockerBENCH/helios16p_ws/install/vicon_receiver/include/boost/fusion/container/deque/detail/cpp03/deque_fwd.hpp
[22.871s] -- Installing: /home/ph/treasure/dockerBENCH/helios16p_ws/install/vicon_receiver/include/boost/fusion/container/deque/detail/cpp03/limits.hpp
[22.872s] -- Installing: /home/ph/treasure/dockerBENCH/helios16p_ws/install/vicon_receiver/include/boost/fusion/container/deque/deque_fwd.hpp
[22.873s] -- Installing: /home/ph/treasure/dockerBENCH/helios16p_ws/install/vicon_receiver/include/boost/fusion/container/set
[22.873s] -- Installing: /home/ph/treasure/dockerBENCH/helios16p_ws/install/vicon_receiver/include/boost/fusion/container/set/detail
[22.874s] -- Installing: /home/ph/treasure/dockerBENCH/helios16p_ws/install/vicon_receiver/include/boost/fusion/container/set/detail/cpp03
[22.874s] -- Installing: /home/ph/treasure/dockerBENCH/helios16p_ws/install/vicon_receiver/include/boost/fusion/container/set/detail/cpp03/preprocessed
[22.874s] -- Installing: /home/ph/treasure/dockerBENCH/helios16p_ws/install/vicon_receiver/include/boost/fusion/container/set/detail/cpp03/preprocessed/set30_fwd.hpp
[22.875s] -- Installing: /home/ph/treasure/dockerBENCH/helios16p_ws/install/vicon_receiver/include/boost/fusion/container/set/detail/cpp03/preprocessed/set50_fwd.hpp
[22.876s] -- Installing: /home/ph/treasure/dockerBENCH/helios16p_ws/install/vicon_receiver/include/boost/fusion/container/set/detail/cpp03/preprocessed/set40_fwd.hpp
[22.876s] -- Installing: /home/ph/treasure/dockerBENCH/helios16p_ws/install/vicon_receiver/include/boost/fusion/container/set/detail/cpp03/preprocessed/set20_fwd.hpp
[22.877s] -- Installing: /home/ph/treasure/dockerBENCH/helios16p_ws/install/vicon_receiver/include/boost/fusion/container/set/detail/cpp03/preprocessed/set_fwd.hpp
[22.878s] -- Installing: /home/ph/treasure/dockerBENCH/helios16p_ws/install/vicon_receiver/include/boost/fusion/container/set/detail/cpp03/preprocessed/set10_fwd.hpp
[22.878s] -- Installing: /home/ph/treasure/dockerBENCH/helios16p_ws/install/vicon_receiver/include/boost/fusion/container/set/detail/cpp03/set_fwd.hpp
[22.879s] -- Installing: /home/ph/treasure/dockerBENCH/helios16p_ws/install/vicon_receiver/include/boost/fusion/container/set/detail/cpp03/limits.hpp
[22.880s] -- Installing: /home/ph/treasure/dockerBENCH/helios16p_ws/install/vicon_receiver/include/boost/fusion/container/set/set_fwd.hpp
[22.880s] -- Installing: /home/ph/treasure/dockerBENCH/helios16p_ws/install/vicon_receiver/include/boost/fusion/mpl
[22.881s] -- Installing: /home/ph/treasure/dockerBENCH/helios16p_ws/install/vicon_receiver/include/boost/fusion/mpl/empty.hpp
[22.881s] -- Installing: /home/ph/treasure/dockerBENCH/helios16p_ws/install/vicon_receiver/include/boost/fusion/mpl/at.hpp
[22.882s] -- Installing: /home/ph/treasure/dockerBENCH/helios16p_ws/install/vicon_receiver/include/boost/fusion/mpl/push_back.hpp
[22.883s] -- Installing: /home/ph/treasure/dockerBENCH/helios16p_ws/install/vicon_receiver/include/boost/fusion/mpl/has_key.hpp
[22.884s] -- Installing: /home/ph/treasure/dockerBENCH/helios16p_ws/install/vicon_receiver/include/boost/fusion/mpl/insert_range.hpp
[22.884s] -- Installing: /home/ph/treasure/dockerBENCH/helios16p_ws/install/vicon_receiver/include/boost/fusion/mpl/detail
[22.884s] -- Installing: /home/ph/treasure/dockerBENCH/helios16p_ws/install/vicon_receiver/include/boost/fusion/mpl/detail/clear.hpp
[22.885s] -- Installing: /home/ph/treasure/dockerBENCH/helios16p_ws/install/vicon_receiver/include/boost/fusion/mpl/erase.hpp
[22.885s] -- Installing: /home/ph/treasure/dockerBENCH/helios16p_ws/install/vicon_receiver/include/boost/fusion/mpl/begin.hpp
[22.886s] -- Installing: /home/ph/treasure/dockerBENCH/helios16p_ws/install/vicon_receiver/include/boost/fusion/mpl/pop_front.hpp
[22.886s] -- Installing: /home/ph/treasure/dockerBENCH/helios16p_ws/install/vicon_receiver/include/boost/fusion/mpl/push_front.hpp
[22.887s] -- Installing: /home/ph/treasure/dockerBENCH/helios16p_ws/install/vicon_receiver/include/boost/fusion/mpl/back.hpp
[22.888s] -- Installing: /home/ph/treasure/dockerBENCH/helios16p_ws/install/vicon_receiver/include/boost/fusion/mpl/front.hpp
[22.888s] -- Installing: /home/ph/treasure/dockerBENCH/helios16p_ws/install/vicon_receiver/include/boost/fusion/mpl/clear.hpp
[22.888s] -- Installing: /home/ph/treasure/dockerBENCH/helios16p_ws/install/vicon_receiver/include/boost/fusion/mpl/end.hpp
[22.889s] -- Installing: /home/ph/treasure/dockerBENCH/helios16p_ws/install/vicon_receiver/include/boost/fusion/mpl/erase_key.hpp
[22.890s] -- Installing: /home/ph/treasure/dockerBENCH/helios16p_ws/install/vicon_receiver/include/boost/fusion/mpl/pop_back.hpp
[22.890s] -- Installing: /home/ph/treasure/dockerBENCH/helios16p_ws/install/vicon_receiver/include/boost/fusion/mpl/size.hpp
[22.890s] -- Installing: /home/ph/treasure/dockerBENCH/helios16p_ws/install/vicon_receiver/include/boost/fusion/mpl/insert.hpp
[22.891s] -- Installing: /home/ph/treasure/dockerBENCH/helios16p_ws/install/vicon_receiver/include/boost/fusion/iterator
[22.891s] -- Installing: /home/ph/treasure/dockerBENCH/helios16p_ws/install/vicon_receiver/include/boost/fusion/iterator/segmented_iterator.hpp
[22.892s] -- Installing: /home/ph/treasure/dockerBENCH/helios16p_ws/install/vicon_receiver/include/boost/fusion/iterator/advance.hpp
[22.892s] -- Installing: /home/ph/treasure/dockerBENCH/helios16p_ws/install/vicon_receiver/include/boost/fusion/iterator/distance.hpp
[22.893s] -- Installing: /home/ph/treasure/dockerBENCH/helios16p_ws/install/vicon_receiver/include/boost/fusion/iterator/detail
[22.893s] -- Installing: /home/ph/treasure/dockerBENCH/helios16p_ws/install/vicon_receiver/include/boost/fusion/iterator/detail/segmented_next_impl.hpp
[22.894s] -- Installing: /home/ph/treasure/dockerBENCH/helios16p_ws/install/vicon_receiver/include/boost/fusion/iterator/detail/segmented_iterator.hpp
[22.895s] -- Installing: /home/ph/treasure/dockerBENCH/helios16p_ws/install/vicon_receiver/include/boost/fusion/iterator/detail/segment_sequence.hpp
[22.895s] -- Installing: /home/ph/treasure/dockerBENCH/helios16p_ws/install/vicon_receiver/include/boost/fusion/iterator/detail/advance.hpp
[22.896s] -- Installing: /home/ph/treasure/dockerBENCH/helios16p_ws/install/vicon_receiver/include/boost/fusion/iterator/detail/distance.hpp
[22.896s] -- Installing: /home/ph/treasure/dockerBENCH/helios16p_ws/install/vicon_receiver/include/boost/fusion/iterator/detail/adapt_value_traits.hpp
[22.897s] -- Installing: /home/ph/treasure/dockerBENCH/helios16p_ws/install/vicon_receiver/include/boost/fusion/iterator/detail/segmented_equal_to.hpp
[22.897s] -- Installing: /home/ph/treasure/dockerBENCH/helios16p_ws/install/vicon_receiver/include/boost/fusion/iterator/detail/adapt_deref_traits.hpp
[22.898s] -- Installing: /home/ph/treasure/dockerBENCH/helios16p_ws/install/vicon_receiver/include/boost/fusion/iterator/deref.hpp
[22.898s] -- Installing: /home/ph/treasure/dockerBENCH/helios16p_ws/install/vicon_receiver/include/boost/fusion/iterator/next.hpp
[22.899s] -- Installing: /home/ph/treasure/dockerBENCH/helios16p_ws/install/vicon_receiver/include/boost/fusion/iterator/mpl
[22.900s] -- Installing: /home/ph/treasure/dockerBENCH/helios16p_ws/install/vicon_receiver/include/boost/fusion/iterator/mpl/fusion_iterator.hpp
[22.900s] -- Installing: /home/ph/treasure/dockerBENCH/helios16p_ws/install/vicon_receiver/include/boost/fusion/iterator/mpl/convert_iterator.hpp
[22.901s] -- Installing: /home/ph/treasure/dockerBENCH/helios16p_ws/install/vicon_receiver/include/boost/fusion/iterator/deref_data.hpp
[22.902s] -- Installing: /home/ph/treasure/dockerBENCH/helios16p_ws/install/vicon_receiver/include/boost/fusion/iterator/iterator_adapter.hpp
[22.902s] -- Installing: /home/ph/treasure/dockerBENCH/helios16p_ws/install/vicon_receiver/include/boost/fusion/iterator/key_of.hpp
[22.903s] -- Installing: /home/ph/treasure/dockerBENCH/helios16p_ws/install/vicon_receiver/include/boost/fusion/iterator/equal_to.hpp
[22.903s] -- Installing: /home/ph/treasure/dockerBENCH/helios16p_ws/install/vicon_receiver/include/boost/fusion/iterator/value_of.hpp
[22.904s] -- Installing: /home/ph/treasure/dockerBENCH/helios16p_ws/install/vicon_receiver/include/boost/fusion/iterator/mpl.hpp
[22.905s] -- Installing: /home/ph/treasure/dockerBENCH/helios16p_ws/install/vicon_receiver/include/boost/fusion/iterator/prior.hpp
[22.905s] -- Installing: /home/ph/treasure/dockerBENCH/helios16p_ws/install/vicon_receiver/include/boost/fusion/iterator/iterator_facade.hpp
[22.906s] -- Installing: /home/ph/treasure/dockerBENCH/helios16p_ws/install/vicon_receiver/include/boost/fusion/iterator/value_of_data.hpp
[22.906s] -- Installing: /home/ph/treasure/dockerBENCH/helios16p_ws/install/vicon_receiver/include/boost/fusion/adapted
[22.906s] -- Installing: /home/ph/treasure/dockerBENCH/helios16p_ws/install/vicon_receiver/include/boost/fusion/adapted/boost_tuple
[22.907s] -- Installing: /home/ph/treasure/dockerBENCH/helios16p_ws/install/vicon_receiver/include/boost/fusion/adapted/boost_tuple/detail
[22.907s] -- Installing: /home/ph/treasure/dockerBENCH/helios16p_ws/install/vicon_receiver/include/boost/fusion/adapted/boost_tuple/detail/end_impl.hpp
[22.908s] -- Installing: /home/ph/treasure/dockerBENCH/helios16p_ws/install/vicon_receiver/include/boost/fusion/adapted/boost_tuple/detail/build_cons.hpp
[22.908s] -- Installing: /home/ph/treasure/dockerBENCH/helios16p_ws/install/vicon_receiver/include/boost/fusion/adapted/boost_tuple/detail/size_impl.hpp
[22.909s] -- Installing: /home/ph/treasure/dockerBENCH/helios16p_ws/install/vicon_receiver/include/boost/fusion/adapted/boost_tuple/detail/convert_impl.hpp
[22.909s] -- Installing: /home/ph/treasure/dockerBENCH/helios16p_ws/install/vicon_receiver/include/boost/fusion/adapted/boost_tuple/detail/begin_impl.hpp
[22.910s] -- Installing: /home/ph/treasure/dockerBENCH/helios16p_ws/install/vicon_receiver/include/boost/fusion/adapted/boost_tuple/detail/category_of_impl.hpp
[22.910s] -- Installing: /home/ph/treasure/dockerBENCH/helios16p_ws/install/vicon_receiver/include/boost/fusion/adapted/boost_tuple/detail/is_sequence_impl.hpp
[22.911s] -- Installing: /home/ph/treasure/dockerBENCH/helios16p_ws/install/vicon_receiver/include/boost/fusion/adapted/boost_tuple/detail/is_view_impl.hpp
[22.911s] -- Installing: /home/ph/treasure/dockerBENCH/helios16p_ws/install/vicon_receiver/include/boost/fusion/adapted/boost_tuple/detail/value_at_impl.hpp
[22.912s] -- Installing: /home/ph/treasure/dockerBENCH/helios16p_ws/install/vicon_receiver/include/boost/fusion/adapted/boost_tuple/detail/at_impl.hpp
[22.913s] -- Installing: /home/ph/treasure/dockerBENCH/helios16p_ws/install/vicon_receiver/include/boost/fusion/adapted/boost_tuple/boost_tuple_iterator.hpp
[22.913s] -- Installing: /home/ph/treasure/dockerBENCH/helios16p_ws/install/vicon_receiver/include/boost/fusion/adapted/boost_tuple/mpl
[22.914s] -- Installing: /home/ph/treasure/dockerBENCH/helios16p_ws/install/vicon_receiver/include/boost/fusion/adapted/boost_tuple/mpl/clear.hpp
[22.914s] -- Installing: /home/ph/treasure/dockerBENCH/helios16p_ws/install/vicon_receiver/include/boost/fusion/adapted/boost_tuple/tag_of.hpp
[22.915s] -- Installing: /home/ph/treasure/dockerBENCH/helios16p_ws/install/vicon_receiver/include/boost/fusion/adapted/mpl
[22.915s] -- Installing: /home/ph/treasure/dockerBENCH/helios16p_ws/install/vicon_receiver/include/boost/fusion/adapted/mpl/detail
[22.916s] -- Installing: /home/ph/treasure/dockerBENCH/helios16p_ws/install/vicon_receiver/include/boost/fusion/adapted/mpl/detail/end_impl.hpp
[22.917s] -- Installing: /home/ph/treasure/dockerBENCH/helios16p_ws/install/vicon_receiver/include/boost/fusion/adapted/mpl/detail/size_impl.hpp
[22.918s] -- Installing: /home/ph/treasure/dockerBENCH/helios16p_ws/install/vicon_receiver/include/boost/fusion/adapted/mpl/detail/begin_impl.hpp
[22.918s] -- Installing: /home/ph/treasure/dockerBENCH/helios16p_ws/install/vicon_receiver/include/boost/fusion/adapted/mpl/detail/category_of_impl.hpp
[22.919s] -- Installing: /home/ph/treasure/dockerBENCH/helios16p_ws/install/vicon_receiver/include/boost/fusion/adapted/mpl/detail/is_sequence_impl.hpp
[22.920s] -- Installing: /home/ph/treasure/dockerBENCH/helios16p_ws/install/vicon_receiver/include/boost/fusion/adapted/mpl/detail/is_view_impl.hpp
[22.920s] -- Installing: /home/ph/treasure/dockerBENCH/helios16p_ws/install/vicon_receiver/include/boost/fusion/adapted/mpl/detail/value_at_impl.hpp
[22.921s] -- Installing: /home/ph/treasure/dockerBENCH/helios16p_ws/install/vicon_receiver/include/boost/fusion/adapted/mpl/detail/at_impl.hpp
[22.922s] -- Installing: /home/ph/treasure/dockerBENCH/helios16p_ws/install/vicon_receiver/include/boost/fusion/adapted/mpl/detail/empty_impl.hpp
[22.922s] -- Installing: /home/ph/treasure/dockerBENCH/helios16p_ws/install/vicon_receiver/include/boost/fusion/adapted/mpl/detail/has_key_impl.hpp
[22.923s] -- Installing: /home/ph/treasure/dockerBENCH/helios16p_ws/install/vicon_receiver/include/boost/fusion/adapted/mpl/mpl_iterator.hpp
[22.923s] -- Installing: /home/ph/treasure/dockerBENCH/helios16p_ws/install/vicon_receiver/include/boost/fusion/adapted/mpl.hpp
[22.924s] -- Installing: /home/ph/treasure/dockerBENCH/helios16p_ws/install/vicon_receiver/include/boost/fusion/adapted/boost_tuple.hpp
[22.924s] -- Installing: /home/ph/treasure/dockerBENCH/helios16p_ws/install/vicon_receiver/include/boost/fusion/mpl.hpp
[22.925s] -- Installing: /home/ph/treasure/dockerBENCH/helios16p_ws/install/vicon_receiver/include/boost/fusion/view
[22.925s] -- Installing: /home/ph/treasure/dockerBENCH/helios16p_ws/install/vicon_receiver/include/boost/fusion/view/detail
[22.926s] -- Installing: /home/ph/treasure/dockerBENCH/helios16p_ws/install/vicon_receiver/include/boost/fusion/view/detail/strictest_traversal.hpp
[22.926s] -- Installing: /home/ph/treasure/dockerBENCH/helios16p_ws/install/vicon_receiver/include/boost/fusion/view/iterator_range
[22.927s] -- Installing: /home/ph/treasure/dockerBENCH/helios16p_ws/install/vicon_receiver/include/boost/fusion/view/iterator_range/detail
[22.928s] -- Installing: /home/ph/treasure/dockerBENCH/helios16p_ws/install/vicon_receiver/include/boost/fusion/view/iterator_range/detail/end_impl.hpp
[22.928s] -- Installing: /home/ph/treasure/dockerBENCH/helios16p_ws/install/vicon_receiver/include/boost/fusion/view/iterator_range/detail/segmented_iterator_range.hpp
[22.930s] -- Installing: /home/ph/treasure/dockerBENCH/helios16p_ws/install/vicon_receiver/include/boost/fusion/view/iterator_range/detail/size_impl.hpp
[22.931s] -- Installing: /home/ph/treasure/dockerBENCH/helios16p_ws/install/vicon_receiver/include/boost/fusion/view/iterator_range/detail/begin_impl.hpp
[22.932s] -- Installing: /home/ph/treasure/dockerBENCH/helios16p_ws/install/vicon_receiver/include/boost/fusion/view/iterator_range/detail/is_segmented_impl.hpp
[22.933s] -- Installing: /home/ph/treasure/dockerBENCH/helios16p_ws/install/vicon_receiver/include/boost/fusion/view/iterator_range/detail/value_at_impl.hpp
[22.933s] -- Installing: /home/ph/treasure/dockerBENCH/helios16p_ws/install/vicon_receiver/include/boost/fusion/view/iterator_range/detail/at_impl.hpp
[22.934s] -- Installing: /home/ph/treasure/dockerBENCH/helios16p_ws/install/vicon_receiver/include/boost/fusion/view/iterator_range/detail/segments_impl.hpp
[22.935s] -- Installing: /home/ph/treasure/dockerBENCH/helios16p_ws/install/vicon_receiver/include/boost/fusion/view/iterator_range/iterator_range.hpp
[22.935s] -- Installing: /home/ph/treasure/dockerBENCH/helios16p_ws/install/vicon_receiver/include/boost/fusion/view/transform_view
[22.935s] -- Installing: /home/ph/treasure/dockerBENCH/helios16p_ws/install/vicon_receiver/include/boost/fusion/view/transform_view/detail
[22.936s] -- Installing: /home/ph/treasure/dockerBENCH/helios16p_ws/install/vicon_receiver/include/boost/fusion/view/transform_view/detail/value_of_impl.hpp
[22.937s] -- Installing: /home/ph/treasure/dockerBENCH/helios16p_ws/install/vicon_receiver/include/boost/fusion/view/transform_view/detail/end_impl.hpp
[22.937s] -- Installing: /home/ph/treasure/dockerBENCH/helios16p_ws/install/vicon_receiver/include/boost/fusion/view/transform_view/detail/advance_impl.hpp
[22.938s] -- Installing: /home/ph/treasure/dockerBENCH/helios16p_ws/install/vicon_receiver/include/boost/fusion/view/transform_view/detail/next_impl.hpp
[22.939s] -- Installing: /home/ph/treasure/dockerBENCH/helios16p_ws/install/vicon_receiver/include/boost/fusion/view/transform_view/detail/prior_impl.hpp
[22.939s] -- Installing: /home/ph/treasure/dockerBENCH/helios16p_ws/install/vicon_receiver/include/boost/fusion/view/transform_view/detail/begin_impl.hpp
[22.940s] -- Installing: /home/ph/treasure/dockerBENCH/helios16p_ws/install/vicon_receiver/include/boost/fusion/view/transform_view/detail/equal_to_impl.hpp
[22.941s] -- Installing: /home/ph/treasure/dockerBENCH/helios16p_ws/install/vicon_receiver/include/boost/fusion/view/transform_view/detail/distance_impl.hpp
[22.941s] -- Installing: /home/ph/treasure/dockerBENCH/helios16p_ws/install/vicon_receiver/include/boost/fusion/view/transform_view/detail/value_at_impl.hpp
[22.942s] -- Installing: /home/ph/treasure/dockerBENCH/helios16p_ws/install/vicon_receiver/include/boost/fusion/view/transform_view/detail/at_impl.hpp
[22.944s] -- Installing: /home/ph/treasure/dockerBENCH/helios16p_ws/install/vicon_receiver/include/boost/fusion/view/transform_view/detail/deref_impl.hpp
[22.944s] -- Installing: /home/ph/treasure/dockerBENCH/helios16p_ws/install/vicon_receiver/include/boost/fusion/view/transform_view/transform_view_fwd.hpp
[22.944s] -- Installing: /home/ph/treasure/dockerBENCH/helios16p_ws/install/vicon_receiver/include/boost/fusion/view/transform_view/transform_view.hpp
[22.945s] -- Installing: /home/ph/treasure/dockerBENCH/helios16p_ws/install/vicon_receiver/include/boost/fusion/view/transform_view/transform_view_iterator.hpp
[22.946s] -- Installing: /home/ph/treasure/dockerBENCH/helios16p_ws/install/vicon_receiver/include/boost/fusion/view/single_view
[22.946s] -- Installing: /home/ph/treasure/dockerBENCH/helios16p_ws/install/vicon_receiver/include/boost/fusion/view/single_view/detail
[22.947s] -- Installing: /home/ph/treasure/dockerBENCH/helios16p_ws/install/vicon_receiver/include/boost/fusion/view/single_view/detail/value_of_impl.hpp
[22.948s] -- Installing: /home/ph/treasure/dockerBENCH/helios16p_ws/install/vicon_receiver/include/boost/fusion/view/single_view/detail/end_impl.hpp
[22.948s] -- Installing: /home/ph/treasure/dockerBENCH/helios16p_ws/install/vicon_receiver/include/boost/fusion/view/single_view/detail/advance_impl.hpp
[22.949s] -- Installing: /home/ph/treasure/dockerBENCH/helios16p_ws/install/vicon_receiver/include/boost/fusion/view/single_view/detail/next_impl.hpp
[22.951s] -- Installing: /home/ph/treasure/dockerBENCH/helios16p_ws/install/vicon_receiver/include/boost/fusion/view/single_view/detail/size_impl.hpp
[22.951s] -- Installing: /home/ph/treasure/dockerBENCH/helios16p_ws/install/vicon_receiver/include/boost/fusion/view/single_view/detail/prior_impl.hpp
[22.951s] -- Installing: /home/ph/treasure/dockerBENCH/helios16p_ws/install/vicon_receiver/include/boost/fusion/view/single_view/detail/begin_impl.hpp
[22.952s] -- Installing: /home/ph/treasure/dockerBENCH/helios16p_ws/install/vicon_receiver/include/boost/fusion/view/single_view/detail/equal_to_impl.hpp
[22.952s] -- Installing: /home/ph/treasure/dockerBENCH/helios16p_ws/install/vicon_receiver/include/boost/fusion/view/single_view/detail/distance_impl.hpp
[22.953s] -- Installing: /home/ph/treasure/dockerBENCH/helios16p_ws/install/vicon_receiver/include/boost/fusion/view/single_view/detail/value_at_impl.hpp
[22.954s] -- Installing: /home/ph/treasure/dockerBENCH/helios16p_ws/install/vicon_receiver/include/boost/fusion/view/single_view/detail/at_impl.hpp
[22.954s] -- Installing: /home/ph/treasure/dockerBENCH/helios16p_ws/install/vicon_receiver/include/boost/fusion/view/single_view/detail/deref_impl.hpp
[22.955s] -- Installing: /home/ph/treasure/dockerBENCH/helios16p_ws/install/vicon_receiver/include/boost/fusion/view/single_view/single_view_iterator.hpp
[22.956s] -- Installing: /home/ph/treasure/dockerBENCH/helios16p_ws/install/vicon_receiver/include/boost/fusion/view/single_view/single_view.hpp
[22.956s] -- Installing: /home/ph/treasure/dockerBENCH/helios16p_ws/install/vicon_receiver/include/boost/fusion/view/joint_view
[22.957s] -- Installing: /home/ph/treasure/dockerBENCH/helios16p_ws/install/vicon_receiver/include/boost/fusion/view/joint_view/detail
[22.957s] -- Installing: /home/ph/treasure/dockerBENCH/helios16p_ws/install/vicon_receiver/include/boost/fusion/view/joint_view/detail/value_of_impl.hpp
[22.958s] -- Installing: /home/ph/treasure/dockerBENCH/helios16p_ws/install/vicon_receiver/include/boost/fusion/view/joint_view/detail/end_impl.hpp
[22.959s] -- Installing: /home/ph/treasure/dockerBENCH/helios16p_ws/install/vicon_receiver/include/boost/fusion/view/joint_view/detail/value_of_data_impl.hpp
[22.959s] -- Installing: /home/ph/treasure/dockerBENCH/helios16p_ws/install/vicon_receiver/include/boost/fusion/view/joint_view/detail/next_impl.hpp
[22.960s] -- Installing: /home/ph/treasure/dockerBENCH/helios16p_ws/install/vicon_receiver/include/boost/fusion/view/joint_view/detail/deref_data_impl.hpp
[22.960s] -- Installing: /home/ph/treasure/dockerBENCH/helios16p_ws/install/vicon_receiver/include/boost/fusion/view/joint_view/detail/begin_impl.hpp
[22.961s] -- Installing: /home/ph/treasure/dockerBENCH/helios16p_ws/install/vicon_receiver/include/boost/fusion/view/joint_view/detail/key_of_impl.hpp
[22.962s] -- Installing: /home/ph/treasure/dockerBENCH/helios16p_ws/install/vicon_receiver/include/boost/fusion/view/joint_view/detail/deref_impl.hpp
[22.962s] -- Installing: /home/ph/treasure/dockerBENCH/helios16p_ws/install/vicon_receiver/include/boost/fusion/view/joint_view/joint_view_fwd.hpp
[22.963s] -- Installing: /home/ph/treasure/dockerBENCH/helios16p_ws/install/vicon_receiver/include/boost/fusion/view/joint_view/joint_view_iterator.hpp
[22.964s] -- Installing: /home/ph/treasure/dockerBENCH/helios16p_ws/install/vicon_receiver/include/boost/fusion/view/joint_view/joint_view.hpp
[22.964s] -- Installing: /home/ph/treasure/dockerBENCH/helios16p_ws/install/vicon_receiver/include/boost/fusion/view/iterator_range.hpp
[22.965s] -- Installing: /home/ph/treasure/dockerBENCH/helios16p_ws/install/vicon_receiver/include/boost/fusion/sequence
[22.966s] -- Installing: /home/ph/treasure/dockerBENCH/helios16p_ws/install/vicon_receiver/include/boost/fusion/sequence/convert.hpp
[22.967s] -- Installing: /home/ph/treasure/dockerBENCH/helios16p_ws/install/vicon_receiver/include/boost/fusion/sequence/intrinsic
[22.967s] -- Installing: /home/ph/treasure/dockerBENCH/helios16p_ws/install/vicon_receiver/include/boost/fusion/sequence/intrinsic/empty.hpp
[22.968s] -- Installing: /home/ph/treasure/dockerBENCH/helios16p_ws/install/vicon_receiver/include/boost/fusion/sequence/intrinsic/at.hpp
[22.968s] -- Installing: /home/ph/treasure/dockerBENCH/helios16p_ws/install/vicon_receiver/include/boost/fusion/sequence/intrinsic/has_key.hpp
[22.969s] -- Installing: /home/ph/treasure/dockerBENCH/helios16p_ws/install/vicon_receiver/include/boost/fusion/sequence/intrinsic/detail
[22.969s] -- Installing: /home/ph/treasure/dockerBENCH/helios16p_ws/install/vicon_receiver/include/boost/fusion/sequence/intrinsic/detail/segmented_begin.hpp
[22.970s] -- Installing: /home/ph/treasure/dockerBENCH/helios16p_ws/install/vicon_receiver/include/boost/fusion/sequence/intrinsic/detail/segmented_size.hpp
[22.971s] -- Installing: /home/ph/treasure/dockerBENCH/helios16p_ws/install/vicon_receiver/include/boost/fusion/sequence/intrinsic/detail/segmented_end_impl.hpp
[22.971s] -- Installing: /home/ph/treasure/dockerBENCH/helios16p_ws/install/vicon_receiver/include/boost/fusion/sequence/intrinsic/detail/segmented_end.hpp
[22.972s] -- Installing: /home/ph/treasure/dockerBENCH/helios16p_ws/install/vicon_receiver/include/boost/fusion/sequence/intrinsic/detail/segmented_begin_impl.hpp
[22.972s] -- Installing: /home/ph/treasure/dockerBENCH/helios16p_ws/install/vicon_receiver/include/boost/fusion/sequence/intrinsic/begin.hpp
[22.973s] -- Installing: /home/ph/treasure/dockerBENCH/helios16p_ws/install/vicon_receiver/include/boost/fusion/sequence/intrinsic/at_c.hpp
[22.974s] -- Installing: /home/ph/treasure/dockerBENCH/helios16p_ws/install/vicon_receiver/include/boost/fusion/sequence/intrinsic/value_at.hpp
[22.974s] -- Installing: /home/ph/treasure/dockerBENCH/helios16p_ws/install/vicon_receiver/include/boost/fusion/sequence/intrinsic/end.hpp
[22.975s] -- Installing: /home/ph/treasure/dockerBENCH/helios16p_ws/install/vicon_receiver/include/boost/fusion/sequence/intrinsic/segments.hpp
[22.975s] -- Installing: /home/ph/treasure/dockerBENCH/helios16p_ws/install/vicon_receiver/include/boost/fusion/sequence/intrinsic/size.hpp
[22.976s] -- Installing: /home/ph/treasure/dockerBENCH/helios16p_ws/install/vicon_receiver/include/boost/fusion/sequence/comparison
[22.976s] -- Installing: /home/ph/treasure/dockerBENCH/helios16p_ws/install/vicon_receiver/include/boost/fusion/sequence/comparison/detail
[22.977s] -- Installing: /home/ph/treasure/dockerBENCH/helios16p_ws/install/vicon_receiver/include/boost/fusion/sequence/comparison/detail/equal_to.hpp
[22.977s] -- Installing: /home/ph/treasure/dockerBENCH/helios16p_ws/install/vicon_receiver/include/boost/fusion/sequence/comparison/enable_comparison.hpp
[22.978s] -- Installing: /home/ph/treasure/dockerBENCH/helios16p_ws/install/vicon_receiver/include/boost/fusion/sequence/comparison/equal_to.hpp
[22.978s] -- Installing: /home/ph/treasure/dockerBENCH/helios16p_ws/install/vicon_receiver/include/boost/fusion/sequence/intrinsic_fwd.hpp
[22.979s] -- Installing: /home/ph/treasure/dockerBENCH/helios16p_ws/install/vicon_receiver/include/boost/fusion/support
[22.980s] -- Installing: /home/ph/treasure/dockerBENCH/helios16p_ws/install/vicon_receiver/include/boost/fusion/support/iterator_base.hpp
[22.980s] -- Installing: /home/ph/treasure/dockerBENCH/helios16p_ws/install/vicon_receiver/include/boost/fusion/support/segmented_fold_until.hpp
[22.981s] -- Installing: /home/ph/treasure/dockerBENCH/helios16p_ws/install/vicon_receiver/include/boost/fusion/support/detail
[22.981s] -- Installing: /home/ph/treasure/dockerBENCH/helios16p_ws/install/vicon_receiver/include/boost/fusion/support/detail/is_native_fusion_sequence.hpp
[22.982s] -- Installing: /home/ph/treasure/dockerBENCH/helios16p_ws/install/vicon_receiver/include/boost/fusion/support/detail/access.hpp
[22.983s] -- Installing: /home/ph/treasure/dockerBENCH/helios16p_ws/install/vicon_receiver/include/boost/fusion/support/detail/index_sequence.hpp
[22.983s] -- Installing: /home/ph/treasure/dockerBENCH/helios16p_ws/install/vicon_receiver/include/boost/fusion/support/detail/and.hpp
[22.984s] -- Installing: /home/ph/treasure/dockerBENCH/helios16p_ws/install/vicon_receiver/include/boost/fusion/support/detail/as_fusion_element.hpp
[22.985s] -- Installing: /home/ph/treasure/dockerBENCH/helios16p_ws/install/vicon_receiver/include/boost/fusion/support/detail/enabler.hpp
[22.985s] -- Installing: /home/ph/treasure/dockerBENCH/helios16p_ws/install/vicon_receiver/include/boost/fusion/support/detail/segmented_fold_until_impl.hpp
[22.987s] -- Installing: /home/ph/treasure/dockerBENCH/helios16p_ws/install/vicon_receiver/include/boost/fusion/support/detail/is_mpl_sequence.hpp
[22.988s] -- Installing: /home/ph/treasure/dockerBENCH/helios16p_ws/install/vicon_receiver/include/boost/fusion/support/detail/pp_round.hpp
[22.988s] -- Installing: /home/ph/treasure/dockerBENCH/helios16p_ws/install/vicon_receiver/include/boost/fusion/support/detail/mpl_iterator_category.hpp
[22.989s] -- Installing: /home/ph/treasure/dockerBENCH/helios16p_ws/install/vicon_receiver/include/boost/fusion/support/tag_of_fwd.hpp
[22.989s] -- Installing: /home/ph/treasure/dockerBENCH/helios16p_ws/install/vicon_receiver/include/boost/fusion/support/config.hpp
[22.990s] -- Installing: /home/ph/treasure/dockerBENCH/helios16p_ws/install/vicon_receiver/include/boost/fusion/support/as_const.hpp
[22.990s] -- Installing: /home/ph/treasure/dockerBENCH/helios16p_ws/install/vicon_receiver/include/boost/fusion/support/is_segmented.hpp
[22.991s] -- Installing: /home/ph/treasure/dockerBENCH/helios16p_ws/install/vicon_receiver/include/boost/fusion/support/is_sequence.hpp
[22.992s] -- Installing: /home/ph/treasure/dockerBENCH/helios16p_ws/install/vicon_receiver/include/boost/fusion/support/is_view.hpp
[22.993s] -- Installing: /home/ph/treasure/dockerBENCH/helios16p_ws/install/vicon_receiver/include/boost/fusion/support/sequence_base.hpp
[22.994s] -- Installing: /home/ph/treasure/dockerBENCH/helios16p_ws/install/vicon_receiver/include/boost/fusion/support/tag_of.hpp
[22.995s] -- Installing: /home/ph/treasure/dockerBENCH/helios16p_ws/install/vicon_receiver/include/boost/fusion/support/category_of.hpp
[22.995s] -- Installing: /home/ph/treasure/dockerBENCH/helios16p_ws/install/vicon_receiver/include/boost/fusion/support/is_iterator.hpp
[22.996s] -- Installing: /home/ph/treasure/dockerBENCH/helios16p_ws/install/vicon_receiver/include/boost/fusion/support/void.hpp
[22.996s] -- Installing: /home/ph/treasure/dockerBENCH/helios16p_ws/install/vicon_receiver/include/boost/type_index
[22.997s] -- Installing: /home/ph/treasure/dockerBENCH/helios16p_ws/install/vicon_receiver/include/boost/type_index/detail
[22.997s] -- Installing: /home/ph/treasure/dockerBENCH/helios16p_ws/install/vicon_receiver/include/boost/type_index/detail/ctti_register_class.hpp
[22.999s] -- Installing: /home/ph/treasure/dockerBENCH/helios16p_ws/install/vicon_receiver/include/boost/type_index/detail/stl_register_class.hpp
[22.999s] -- Installing: /home/ph/treasure/dockerBENCH/helios16p_ws/install/vicon_receiver/include/boost/type_index/detail/compile_time_type_info.hpp
[23.000s] -- Installing: /home/ph/treasure/dockerBENCH/helios16p_ws/install/vicon_receiver/include/boost/type_index/ctti_type_index.hpp
[23.001s] -- Installing: /home/ph/treasure/dockerBENCH/helios16p_ws/install/vicon_receiver/include/boost/type_index/stl_type_index.hpp
[23.002s] -- Installing: /home/ph/treasure/dockerBENCH/helios16p_ws/install/vicon_receiver/include/boost/type_index/type_index_facade.hpp
[23.003s] -- Installing: /home/ph/treasure/dockerBENCH/helios16p_ws/install/vicon_receiver/include/boost/detail
[23.003s] -- Installing: /home/ph/treasure/dockerBENCH/helios16p_ws/install/vicon_receiver/include/boost/detail/utf8_codecvt_facet.ipp
[23.004s] -- Installing: /home/ph/treasure/dockerBENCH/helios16p_ws/install/vicon_receiver/include/boost/detail/basic_pointerbuf.hpp
[23.005s] -- Installing: /home/ph/treasure/dockerBENCH/helios16p_ws/install/vicon_receiver/include/boost/detail/scoped_enum_emulation.hpp
[23.005s] -- Installing: /home/ph/treasure/dockerBENCH/helios16p_ws/install/vicon_receiver/include/boost/detail/select_type.hpp
[23.006s] -- Installing: /home/ph/treasure/dockerBENCH/helios16p_ws/install/vicon_receiver/include/boost/detail/container_fwd.hpp
[23.007s] -- Installing: /home/ph/treasure/dockerBENCH/helios16p_ws/install/vicon_receiver/include/boost/detail/indirect_traits.hpp
[23.008s] -- Installing: /home/ph/treasure/dockerBENCH/helios16p_ws/install/vicon_receiver/include/boost/detail/call_traits.hpp
[23.008s] -- Installing: /home/ph/treasure/dockerBENCH/helios16p_ws/install/vicon_receiver/include/boost/detail/atomic_count.hpp
[23.009s] -- Installing: /home/ph/treasure/dockerBENCH/helios16p_ws/install/vicon_receiver/include/boost/detail/interlocked.hpp
[23.010s] -- Installing: /home/ph/treasure/dockerBENCH/helios16p_ws/install/vicon_receiver/include/boost/detail/lcast_precision.hpp
[23.011s] -- Installing: /home/ph/treasure/dockerBENCH/helios16p_ws/install/vicon_receiver/include/boost/detail/reference_content.hpp
[23.011s] -- Installing: /home/ph/treasure/dockerBENCH/helios16p_ws/install/vicon_receiver/include/boost/detail/fenv.hpp
[23.012s] -- Installing: /home/ph/treasure/dockerBENCH/helios16p_ws/install/vicon_receiver/include/boost/detail/no_exceptions_support.hpp
[23.013s] -- Installing: /home/ph/treasure/dockerBENCH/helios16p_ws/install/vicon_receiver/include/boost/detail/utf8_codecvt_facet.hpp
[23.013s] -- Installing: /home/ph/treasure/dockerBENCH/helios16p_ws/install/vicon_receiver/include/boost/detail/workaround.hpp
[23.014s] -- Installing: /home/ph/treasure/dockerBENCH/helios16p_ws/install/vicon_receiver/include/boost/detail/bitmask.hpp
[23.015s] -- Installing: /home/ph/treasure/dockerBENCH/helios16p_ws/install/vicon_receiver/include/boost/get_pointer.hpp
[23.015s] -- Installing: /home/ph/treasure/dockerBENCH/helios16p_ws/install/vicon_receiver/include/boost/typeof
[23.016s] -- Installing: /home/ph/treasure/dockerBENCH/helios16p_ws/install/vicon_receiver/include/boost/typeof/native.hpp
[23.017s] -- Installing: /home/ph/treasure/dockerBENCH/helios16p_ws/install/vicon_receiver/include/boost/typeof/register_fundamental.hpp
[23.017s] -- Installing: /home/ph/treasure/dockerBENCH/helios16p_ws/install/vicon_receiver/include/boost/typeof/constant.hpp
[23.018s] -- Installing: /home/ph/treasure/dockerBENCH/helios16p_ws/install/vicon_receiver/include/boost/typeof/encode_decode.hpp
[23.018s] -- Installing: /home/ph/treasure/dockerBENCH/helios16p_ws/install/vicon_receiver/include/boost/typeof/template_template_param.hpp
[23.019s] -- Installing: /home/ph/treasure/dockerBENCH/helios16p_ws/install/vicon_receiver/include/boost/typeof/register_functions.hpp
[23.020s] -- Installing: /home/ph/treasure/dockerBENCH/helios16p_ws/install/vicon_receiver/include/boost/typeof/integral_template_param.hpp
[23.021s] -- Installing: /home/ph/treasure/dockerBENCH/helios16p_ws/install/vicon_receiver/include/boost/typeof/decltype.hpp
[23.021s] -- Installing: /home/ph/treasure/dockerBENCH/helios16p_ws/install/vicon_receiver/include/boost/typeof/register_functions_iterate.hpp
[23.022s] -- Installing: /home/ph/treasure/dockerBENCH/helios16p_ws/install/vicon_receiver/include/boost/typeof/vector200.hpp
[23.031s] -- Installing: /home/ph/treasure/dockerBENCH/helios16p_ws/install/vicon_receiver/include/boost/typeof/vector.hpp
[23.032s] -- Installing: /home/ph/treasure/dockerBENCH/helios16p_ws/install/vicon_receiver/include/boost/typeof/modifiers.hpp
[23.033s] -- Installing: /home/ph/treasure/dockerBENCH/helios16p_ws/install/vicon_receiver/include/boost/typeof/template_encoding.hpp
[23.034s] -- Installing: /home/ph/treasure/dockerBENCH/helios16p_ws/install/vicon_receiver/include/boost/typeof/pointers_data_members.hpp
[23.034s] -- Installing: /home/ph/treasure/dockerBENCH/helios16p_ws/install/vicon_receiver/include/boost/typeof/register_mem_functions.hpp
[23.036s] -- Installing: /home/ph/treasure/dockerBENCH/helios16p_ws/install/vicon_receiver/include/boost/typeof/message.hpp
[23.036s] -- Installing: /home/ph/treasure/dockerBENCH/helios16p_ws/install/vicon_receiver/include/boost/typeof/msvc
[23.036s] -- Installing: /home/ph/treasure/dockerBENCH/helios16p_ws/install/vicon_receiver/include/boost/typeof/msvc/typeof_impl.hpp
[23.037s] -- Installing: /home/ph/treasure/dockerBENCH/helios16p_ws/install/vicon_receiver/include/boost/typeof/unsupported.hpp
[23.038s] -- Installing: /home/ph/treasure/dockerBENCH/helios16p_ws/install/vicon_receiver/include/boost/typeof/dmc
[23.038s] -- Installing: /home/ph/treasure/dockerBENCH/helios16p_ws/install/vicon_receiver/include/boost/typeof/dmc/typeof_impl.hpp
[23.039s] -- Installing: /home/ph/treasure/dockerBENCH/helios16p_ws/install/vicon_receiver/include/boost/typeof/vector100.hpp
[23.042s] -- Installing: /home/ph/treasure/dockerBENCH/helios16p_ws/install/vicon_receiver/include/boost/typeof/type_encoding.hpp
[23.043s] -- Installing: /home/ph/treasure/dockerBENCH/helios16p_ws/install/vicon_receiver/include/boost/typeof/typeof.hpp
[23.044s] -- Installing: /home/ph/treasure/dockerBENCH/helios16p_ws/install/vicon_receiver/include/boost/typeof/type_template_param.hpp
[23.044s] -- Installing: /home/ph/treasure/dockerBENCH/helios16p_ws/install/vicon_receiver/include/boost/typeof/typeof_impl.hpp
[23.045s] -- Installing: /home/ph/treasure/dockerBENCH/helios16p_ws/install/vicon_receiver/include/boost/typeof/int_encoding.hpp
[23.046s] -- Installing: /home/ph/treasure/dockerBENCH/helios16p_ws/install/vicon_receiver/include/boost/typeof/encode_decode_params.hpp
[23.046s] -- Installing: /home/ph/treasure/dockerBENCH/helios16p_ws/install/vicon_receiver/include/boost/typeof/vector50.hpp
[23.050s] -- Installing: /home/ph/treasure/dockerBENCH/helios16p_ws/install/vicon_receiver/include/boost/typeof/vector150.hpp
[23.059s] -- Installing: /home/ph/treasure/dockerBENCH/helios16p_ws/install/vicon_receiver/include/boost/is_placeholder.hpp
[23.060s] -- Installing: /home/ph/treasure/dockerBENCH/helios16p_ws/install/vicon_receiver/include/boost/chrono.hpp
[23.061s] -- Installing: /home/ph/treasure/dockerBENCH/helios16p_ws/install/vicon_receiver/include/boost/cregex.hpp
[23.062s] -- Installing: /home/ph/treasure/dockerBENCH/helios16p_ws/install/vicon_receiver/include/boost/utility
[23.062s] -- Installing: /home/ph/treasure/dockerBENCH/helios16p_ws/install/vicon_receiver/include/boost/utility/swap.hpp
[23.063s] -- Installing: /home/ph/treasure/dockerBENCH/helios16p_ws/install/vicon_receiver/include/boost/utility/detail
[23.064s] -- Installing: /home/ph/treasure/dockerBENCH/helios16p_ws/install/vicon_receiver/include/boost/utility/detail/result_of_iterate.hpp
[23.065s] -- Installing: /home/ph/treasure/dockerBENCH/helios16p_ws/install/vicon_receiver/include/boost/utility/identity_type.hpp
[23.066s] -- Installing: /home/ph/treasure/dockerBENCH/helios16p_ws/install/vicon_receiver/include/boost/utility/compare_pointees.hpp
[23.067s] -- Installing: /home/ph/treasure/dockerBENCH/helios16p_ws/install/vicon_receiver/include/boost/utility/addressof.hpp
[23.068s] -- Installing: /home/ph/treasure/dockerBENCH/helios16p_ws/install/vicon_receiver/include/boost/utility/declval.hpp
[23.069s] -- Installing: /home/ph/treasure/dockerBENCH/helios16p_ws/install/vicon_receiver/include/boost/utility/base_from_member.hpp
[23.070s] -- Installing: /home/ph/treasure/dockerBENCH/helios16p_ws/install/vicon_receiver/include/boost/utility/enable_if.hpp
[23.071s] -- Installing: /home/ph/treasure/dockerBENCH/helios16p_ws/install/vicon_receiver/include/boost/utility/binary.hpp
[23.073s] -- Installing: /home/ph/treasure/dockerBENCH/helios16p_ws/install/vicon_receiver/include/boost/utility/result_of.hpp
[23.075s] -- Installing: /home/ph/treasure/dockerBENCH/helios16p_ws/install/vicon_receiver/include/boost/lexical_cast
[23.076s] -- Installing: /home/ph/treasure/dockerBENCH/helios16p_ws/install/vicon_receiver/include/boost/lexical_cast/bad_lexical_cast.hpp
[23.076s] -- Installing: /home/ph/treasure/dockerBENCH/helios16p_ws/install/vicon_receiver/include/boost/lexical_cast/detail
[23.076s] -- Installing: /home/ph/treasure/dockerBENCH/helios16p_ws/install/vicon_receiver/include/boost/lexical_cast/detail/inf_nan.hpp
[23.077s] -- Installing: /home/ph/treasure/dockerBENCH/helios16p_ws/install/vicon_receiver/include/boost/lexical_cast/detail/converter_lexical_streams.hpp
[23.079s] -- Installing: /home/ph/treasure/dockerBENCH/helios16p_ws/install/vicon_receiver/include/boost/lexical_cast/detail/is_character.hpp
[23.079s] -- Installing: /home/ph/treasure/dockerBENCH/helios16p_ws/install/vicon_receiver/include/boost/lexical_cast/detail/lcast_char_constants.hpp
[23.080s] -- Installing: /home/ph/treasure/dockerBENCH/helios16p_ws/install/vicon_receiver/include/boost/lexical_cast/detail/lcast_unsigned_converters.hpp
[23.081s] -- Installing: /home/ph/treasure/dockerBENCH/helios16p_ws/install/vicon_receiver/include/boost/lexical_cast/detail/converter_numeric.hpp
[23.082s] -- Installing: /home/ph/treasure/dockerBENCH/helios16p_ws/install/vicon_receiver/include/boost/lexical_cast/detail/converter_lexical.hpp
[23.083s] -- Installing: /home/ph/treasure/dockerBENCH/helios16p_ws/install/vicon_receiver/include/boost/lexical_cast/detail/widest_char.hpp
[23.083s] -- Installing: /home/ph/treasure/dockerBENCH/helios16p_ws/install/vicon_receiver/include/boost/lexical_cast/try_lexical_convert.hpp
[23.084s] -- Installing: /home/ph/treasure/dockerBENCH/helios16p_ws/install/vicon_receiver/include/boost/ratio
[23.085s] -- Installing: /home/ph/treasure/dockerBENCH/helios16p_ws/install/vicon_receiver/include/boost/ratio/ratio.hpp
[23.086s] -- Installing: /home/ph/treasure/dockerBENCH/helios16p_ws/install/vicon_receiver/include/boost/ratio/detail
[23.087s] -- Installing: /home/ph/treasure/dockerBENCH/helios16p_ws/install/vicon_receiver/include/boost/ratio/detail/overflow_helpers.hpp
[23.087s] -- Installing: /home/ph/treasure/dockerBENCH/helios16p_ws/install/vicon_receiver/include/boost/ratio/detail/mpl
[23.088s] -- Installing: /home/ph/treasure/dockerBENCH/helios16p_ws/install/vicon_receiver/include/boost/ratio/detail/mpl/abs.hpp
[23.089s] -- Installing: /home/ph/treasure/dockerBENCH/helios16p_ws/install/vicon_receiver/include/boost/ratio/detail/mpl/gcd.hpp
[23.090s] -- Installing: /home/ph/treasure/dockerBENCH/helios16p_ws/install/vicon_receiver/include/boost/ratio/detail/mpl/sign.hpp
[23.090s] -- Installing: /home/ph/treasure/dockerBENCH/helios16p_ws/install/vicon_receiver/include/boost/ratio/detail/mpl/lcm.hpp
[23.091s] -- Installing: /home/ph/treasure/dockerBENCH/helios16p_ws/install/vicon_receiver/include/boost/ratio/detail/ratio_io.hpp
[23.092s] -- Installing: /home/ph/treasure/dockerBENCH/helios16p_ws/install/vicon_receiver/include/boost/ratio/config.hpp
[23.093s] -- Installing: /home/ph/treasure/dockerBENCH/helios16p_ws/install/vicon_receiver/include/boost/ratio/mpl
[23.093s] -- Installing: /home/ph/treasure/dockerBENCH/helios16p_ws/install/vicon_receiver/include/boost/ratio/mpl/rational_c_tag.hpp
[23.094s] -- Installing: /home/ph/treasure/dockerBENCH/helios16p_ws/install/vicon_receiver/include/boost/ratio/ratio_io.hpp
[23.095s] -- Installing: /home/ph/treasure/dockerBENCH/helios16p_ws/install/vicon_receiver/include/boost/ratio/ratio_fwd.hpp
[23.096s] -- Installing: /home/ph/treasure/dockerBENCH/helios16p_ws/install/vicon_receiver/include/boost/core
[23.097s] -- Installing: /home/ph/treasure/dockerBENCH/helios16p_ws/install/vicon_receiver/include/boost/core/noinit_adaptor.hpp
[23.097s] -- Installing: /home/ph/treasure/dockerBENCH/helios16p_ws/install/vicon_receiver/include/boost/core/ref.hpp
[23.098s] -- Installing: /home/ph/treasure/dockerBENCH/helios16p_ws/install/vicon_receiver/include/boost/core/demangle.hpp
[23.098s] -- Installing: /home/ph/treasure/dockerBENCH/helios16p_ws/install/vicon_receiver/include/boost/core/swap.hpp
[23.099s] -- Installing: /home/ph/treasure/dockerBENCH/helios16p_ws/install/vicon_receiver/include/boost/core/allocator_access.hpp
[23.100s] -- Installing: /home/ph/treasure/dockerBENCH/helios16p_ws/install/vicon_receiver/include/boost/core/noncopyable.hpp
[23.101s] -- Installing: /home/ph/treasure/dockerBENCH/helios16p_ws/install/vicon_receiver/include/boost/core/typeinfo.hpp
[23.102s] -- Installing: /home/ph/treasure/dockerBENCH/helios16p_ws/install/vicon_receiver/include/boost/core/ignore_unused.hpp
[23.103s] -- Installing: /home/ph/treasure/dockerBENCH/helios16p_ws/install/vicon_receiver/include/boost/core/addressof.hpp
[23.103s] -- Installing: /home/ph/treasure/dockerBENCH/helios16p_ws/install/vicon_receiver/include/boost/core/explicit_operator_bool.hpp
[23.104s] -- Installing: /home/ph/treasure/dockerBENCH/helios16p_ws/install/vicon_receiver/include/boost/core/default_allocator.hpp
[23.105s] -- Installing: /home/ph/treasure/dockerBENCH/helios16p_ws/install/vicon_receiver/include/boost/core/scoped_enum.hpp
[23.106s] -- Installing: /home/ph/treasure/dockerBENCH/helios16p_ws/install/vicon_receiver/include/boost/core/no_exceptions_support.hpp
[23.107s] -- Installing: /home/ph/treasure/dockerBENCH/helios16p_ws/install/vicon_receiver/include/boost/core/enable_if.hpp
[23.107s] -- Installing: /home/ph/treasure/dockerBENCH/helios16p_ws/install/vicon_receiver/include/boost/core/is_same.hpp
[23.108s] -- Installing: /home/ph/treasure/dockerBENCH/helios16p_ws/install/vicon_receiver/include/boost/core/checked_delete.hpp
[23.109s] -- Installing: /home/ph/treasure/dockerBENCH/helios16p_ws/install/vicon_receiver/include/boost/core/use_default.hpp
[23.110s] -- Installing: /home/ph/treasure/dockerBENCH/helios16p_ws/install/vicon_receiver/include/boost/core/first_scalar.hpp
[23.110s] -- Installing: /home/ph/treasure/dockerBENCH/helios16p_ws/install/vicon_receiver/include/boost/core/pointer_traits.hpp
[23.111s] -- Installing: /home/ph/treasure/dockerBENCH/helios16p_ws/install/vicon_receiver/include/boost/core/alloc_construct.hpp
[23.112s] -- Installing: /home/ph/treasure/dockerBENCH/helios16p_ws/install/vicon_receiver/include/boost/chrono
[23.113s] -- Installing: /home/ph/treasure/dockerBENCH/helios16p_ws/install/vicon_receiver/include/boost/chrono/io_v1
[23.113s] -- Installing: /home/ph/treasure/dockerBENCH/helios16p_ws/install/vicon_receiver/include/boost/chrono/io_v1/chrono_io.hpp
[23.114s] -- Installing: /home/ph/treasure/dockerBENCH/helios16p_ws/install/vicon_receiver/include/boost/chrono/process_cpu_clocks.hpp
[23.115s] -- Installing: /home/ph/treasure/dockerBENCH/helios16p_ws/install/vicon_receiver/include/boost/chrono/detail
[23.116s] -- Installing: /home/ph/treasure/dockerBENCH/helios16p_ws/install/vicon_receiver/include/boost/chrono/detail/system.hpp
[23.117s] -- Installing: /home/ph/treasure/dockerBENCH/helios16p_ws/install/vicon_receiver/include/boost/chrono/detail/no_warning
[23.118s] -- Installing: /home/ph/treasure/dockerBENCH/helios16p_ws/install/vicon_receiver/include/boost/chrono/detail/no_warning/signed_unsigned_cmp.hpp
[23.119s] -- Installing: /home/ph/treasure/dockerBENCH/helios16p_ws/install/vicon_receiver/include/boost/chrono/detail/inlined
[23.120s] -- Installing: /home/ph/treasure/dockerBENCH/helios16p_ws/install/vicon_receiver/include/boost/chrono/detail/inlined/process_cpu_clocks.hpp
[23.120s] -- Installing: /home/ph/treasure/dockerBENCH/helios16p_ws/install/vicon_receiver/include/boost/chrono/detail/inlined/chrono.hpp
[23.121s] -- Installing: /home/ph/treasure/dockerBENCH/helios16p_ws/install/vicon_receiver/include/boost/chrono/detail/inlined/posix
[23.121s] -- Installing: /home/ph/treasure/dockerBENCH/helios16p_ws/install/vicon_receiver/include/boost/chrono/detail/inlined/posix/process_cpu_clocks.hpp
[23.122s] -- Installing: /home/ph/treasure/dockerBENCH/helios16p_ws/install/vicon_receiver/include/boost/chrono/detail/inlined/posix/chrono.hpp
[23.122s] -- Installing: /home/ph/treasure/dockerBENCH/helios16p_ws/install/vicon_receiver/include/boost/chrono/detail/inlined/posix/thread_clock.hpp
[23.123s] -- Installing: /home/ph/treasure/dockerBENCH/helios16p_ws/install/vicon_receiver/include/boost/chrono/detail/inlined/win
[23.123s] -- Installing: /home/ph/treasure/dockerBENCH/helios16p_ws/install/vicon_receiver/include/boost/chrono/detail/inlined/win/process_cpu_clocks.hpp
[23.124s] -- Installing: /home/ph/treasure/dockerBENCH/helios16p_ws/install/vicon_receiver/include/boost/chrono/detail/inlined/win/chrono.hpp
[23.125s] -- Installing: /home/ph/treasure/dockerBENCH/helios16p_ws/install/vicon_receiver/include/boost/chrono/detail/inlined/win/thread_clock.hpp
[23.125s] -- Installing: /home/ph/treasure/dockerBENCH/helios16p_ws/install/vicon_receiver/include/boost/chrono/detail/inlined/thread_clock.hpp
[23.126s] -- Installing: /home/ph/treasure/dockerBENCH/helios16p_ws/install/vicon_receiver/include/boost/chrono/detail/inlined/mac
[23.126s] -- Installing: /home/ph/treasure/dockerBENCH/helios16p_ws/install/vicon_receiver/include/boost/chrono/detail/inlined/mac/process_cpu_clocks.hpp
[23.127s] -- Installing: /home/ph/treasure/dockerBENCH/helios16p_ws/install/vicon_receiver/include/boost/chrono/detail/inlined/mac/chrono.hpp
[23.128s] -- Installing: /home/ph/treasure/dockerBENCH/helios16p_ws/install/vicon_receiver/include/boost/chrono/detail/inlined/mac/thread_clock.hpp
[23.128s] -- Installing: /home/ph/treasure/dockerBENCH/helios16p_ws/install/vicon_receiver/include/boost/chrono/detail/is_evenly_divisible_by.hpp
[23.129s] -- Installing: /home/ph/treasure/dockerBENCH/helios16p_ws/install/vicon_receiver/include/boost/chrono/detail/static_assert.hpp
[23.129s] -- Installing: /home/ph/treasure/dockerBENCH/helios16p_ws/install/vicon_receiver/include/boost/chrono/detail/scan_keyword.hpp
[23.130s] -- Installing: /home/ph/treasure/dockerBENCH/helios16p_ws/install/vicon_receiver/include/boost/chrono/chrono.hpp
[23.130s] -- Installing: /home/ph/treasure/dockerBENCH/helios16p_ws/install/vicon_receiver/include/boost/chrono/floor.hpp
[23.131s] -- Installing: /home/ph/treasure/dockerBENCH/helios16p_ws/install/vicon_receiver/include/boost/chrono/duration.hpp
[23.132s] -- Installing: /home/ph/treasure/dockerBENCH/helios16p_ws/install/vicon_receiver/include/boost/chrono/config.hpp
[23.132s] -- Installing: /home/ph/treasure/dockerBENCH/helios16p_ws/install/vicon_receiver/include/boost/chrono/system_clocks.hpp
[23.134s] -- Installing: /home/ph/treasure/dockerBENCH/helios16p_ws/install/vicon_receiver/include/boost/chrono/time_point.hpp
[23.135s] -- Installing: /home/ph/treasure/dockerBENCH/helios16p_ws/install/vicon_receiver/include/boost/chrono/thread_clock.hpp
[23.136s] -- Installing: /home/ph/treasure/dockerBENCH/helios16p_ws/install/vicon_receiver/include/boost/chrono/io
[23.136s] -- Installing: /home/ph/treasure/dockerBENCH/helios16p_ws/install/vicon_receiver/include/boost/chrono/io/duration_io.hpp
[23.138s] -- Installing: /home/ph/treasure/dockerBENCH/helios16p_ws/install/vicon_receiver/include/boost/chrono/io/timezone.hpp
[23.138s] -- Installing: /home/ph/treasure/dockerBENCH/helios16p_ws/install/vicon_receiver/include/boost/chrono/io/utility
[23.139s] -- Installing: /home/ph/treasure/dockerBENCH/helios16p_ws/install/vicon_receiver/include/boost/chrono/io/utility/manip_base.hpp
[23.139s] -- Installing: /home/ph/treasure/dockerBENCH/helios16p_ws/install/vicon_receiver/include/boost/chrono/io/utility/ios_base_state_ptr.hpp
[23.140s] -- Installing: /home/ph/treasure/dockerBENCH/helios16p_ws/install/vicon_receiver/include/boost/chrono/io/utility/to_string.hpp
[23.140s] -- Installing: /home/ph/treasure/dockerBENCH/helios16p_ws/install/vicon_receiver/include/boost/chrono/io/time_point_units.hpp
[23.141s] -- Installing: /home/ph/treasure/dockerBENCH/helios16p_ws/install/vicon_receiver/include/boost/chrono/io/duration_style.hpp
[23.142s] -- Installing: /home/ph/treasure/dockerBENCH/helios16p_ws/install/vicon_receiver/include/boost/chrono/io/duration_put.hpp
[23.142s] -- Installing: /home/ph/treasure/dockerBENCH/helios16p_ws/install/vicon_receiver/include/boost/chrono/io/duration_units.hpp
[23.144s] -- Installing: /home/ph/treasure/dockerBENCH/helios16p_ws/install/vicon_receiver/include/boost/chrono/io/time_point_put.hpp
[23.144s] -- Installing: /home/ph/treasure/dockerBENCH/helios16p_ws/install/vicon_receiver/include/boost/chrono/io/duration_get.hpp
[23.145s] -- Installing: /home/ph/treasure/dockerBENCH/helios16p_ws/install/vicon_receiver/include/boost/chrono/io/time_point_get.hpp
[23.146s] -- Installing: /home/ph/treasure/dockerBENCH/helios16p_ws/install/vicon_receiver/include/boost/chrono/io/ios_base_state.hpp
[23.146s] -- Installing: /home/ph/treasure/dockerBENCH/helios16p_ws/install/vicon_receiver/include/boost/chrono/io/time_point_io.hpp
[23.148s] -- Installing: /home/ph/treasure/dockerBENCH/helios16p_ws/install/vicon_receiver/include/boost/chrono/round.hpp
[23.148s] -- Installing: /home/ph/treasure/dockerBENCH/helios16p_ws/install/vicon_receiver/include/boost/chrono/clock_string.hpp
[23.149s] -- Installing: /home/ph/treasure/dockerBENCH/helios16p_ws/install/vicon_receiver/include/boost/chrono/chrono_io.hpp
[23.150s] -- Installing: /home/ph/treasure/dockerBENCH/helios16p_ws/install/vicon_receiver/include/boost/chrono/include.hpp
[23.151s] -- Installing: /home/ph/treasure/dockerBENCH/helios16p_ws/install/vicon_receiver/include/boost/chrono/ceil.hpp
[23.152s] -- Installing: /home/ph/treasure/dockerBENCH/helios16p_ws/install/vicon_receiver/include/boost/align
[23.152s] -- Installing: /home/ph/treasure/dockerBENCH/helios16p_ws/install/vicon_receiver/include/boost/align/detail
[23.153s] -- Installing: /home/ph/treasure/dockerBENCH/helios16p_ws/install/vicon_receiver/include/boost/align/detail/aligned_alloc_android.hpp
[23.154s] -- Installing: /home/ph/treasure/dockerBENCH/helios16p_ws/install/vicon_receiver/include/boost/align/detail/alignment_of_codegear.hpp
[23.154s] -- Installing: /home/ph/treasure/dockerBENCH/helios16p_ws/install/vicon_receiver/include/boost/align/detail/align.hpp
[23.155s] -- Installing: /home/ph/treasure/dockerBENCH/helios16p_ws/install/vicon_receiver/include/boost/align/detail/aligned_alloc_posix.hpp
[23.155s] -- Installing: /home/ph/treasure/dockerBENCH/helios16p_ws/install/vicon_receiver/include/boost/align/detail/align_cxx11.hpp
[23.156s] -- Installing: /home/ph/treasure/dockerBENCH/helios16p_ws/install/vicon_receiver/include/boost/align/detail/alignment_of_clang.hpp
[23.156s] -- Installing: /home/ph/treasure/dockerBENCH/helios16p_ws/install/vicon_receiver/include/boost/align/detail/element_type.hpp
[23.157s] -- Installing: /home/ph/treasure/dockerBENCH/helios16p_ws/install/vicon_receiver/include/boost/align/detail/aligned_alloc_sunos.hpp
[23.157s] -- Installing: /home/ph/treasure/dockerBENCH/helios16p_ws/install/vicon_receiver/include/boost/align/detail/is_alignment.hpp
[23.158s] -- Installing: /home/ph/treasure/dockerBENCH/helios16p_ws/install/vicon_receiver/include/boost/align/detail/aligned_alloc_macos.hpp
[23.158s] -- Installing: /home/ph/treasure/dockerBENCH/helios16p_ws/install/vicon_receiver/include/boost/align/detail/integral_constant.hpp
[23.159s] -- Installing: /home/ph/treasure/dockerBENCH/helios16p_ws/install/vicon_receiver/include/boost/align/detail/alignment_of_cxx11.hpp
[23.160s] -- Installing: /home/ph/treasure/dockerBENCH/helios16p_ws/install/vicon_receiver/include/boost/align/detail/aligned_alloc_new.hpp
[23.160s] -- Installing: /home/ph/treasure/dockerBENCH/helios16p_ws/install/vicon_receiver/include/boost/align/detail/alignment_of_msvc.hpp
[23.161s] -- Installing: /home/ph/treasure/dockerBENCH/helios16p_ws/install/vicon_receiver/include/boost/align/detail/aligned_alloc_mingw.hpp
[23.161s] -- Installing: /home/ph/treasure/dockerBENCH/helios16p_ws/install/vicon_receiver/include/boost/align/detail/aligned_alloc_msvc.hpp
[23.162s] -- Installing: /home/ph/treasure/dockerBENCH/helios16p_ws/install/vicon_receiver/include/boost/align/detail/min_size.hpp
[23.163s] -- Installing: /home/ph/treasure/dockerBENCH/helios16p_ws/install/vicon_receiver/include/boost/align/detail/alignment_of.hpp
[23.163s] -- Installing: /home/ph/treasure/dockerBENCH/helios16p_ws/install/vicon_receiver/include/boost/align/detail/alignment_of_gcc.hpp
[23.164s] -- Installing: /home/ph/treasure/dockerBENCH/helios16p_ws/install/vicon_receiver/include/boost/align/detail/aligned_alloc.hpp
[23.164s] -- Installing: /home/ph/treasure/dockerBENCH/helios16p_ws/install/vicon_receiver/include/boost/align/align.hpp
[23.165s] -- Installing: /home/ph/treasure/dockerBENCH/helios16p_ws/install/vicon_receiver/include/boost/align/alignment_of_forward.hpp
[23.165s] -- Installing: /home/ph/treasure/dockerBENCH/helios16p_ws/install/vicon_receiver/include/boost/align/alignment_of.hpp
[23.166s] -- Installing: /home/ph/treasure/dockerBENCH/helios16p_ws/install/vicon_receiver/include/boost/align/aligned_alloc.hpp
[23.167s] -- Installing: /home/ph/treasure/dockerBENCH/helios16p_ws/install/vicon_receiver/include/boost/type.hpp
[23.168s] -- Installing: /home/ph/treasure/dockerBENCH/helios16p_ws/install/vicon_receiver/include/boost/concept_check.hpp
[23.169s] -- Installing: /home/ph/treasure/dockerBENCH/helios16p_ws/install/vicon_receiver/include/boost/atomic
[23.170s] -- Installing: /home/ph/treasure/dockerBENCH/helios16p_ws/install/vicon_receiver/include/boost/atomic/detail
[23.171s] -- Installing: /home/ph/treasure/dockerBENCH/helios16p_ws/install/vicon_receiver/include/boost/atomic/detail/extra_ops_msvc_arm.hpp
[23.171s] -- Installing: /home/ph/treasure/dockerBENCH/helios16p_ws/install/vicon_receiver/include/boost/atomic/detail/core_arch_ops_msvc_arm.hpp
[23.172s] -- Installing: /home/ph/treasure/dockerBENCH/helios16p_ws/install/vicon_receiver/include/boost/atomic/detail/wait_ops_freebsd_umtx.hpp
[23.173s] -- Installing: /home/ph/treasure/dockerBENCH/helios16p_ws/install/vicon_receiver/include/boost/atomic/detail/header.hpp
[23.174s] -- Installing: /home/ph/treasure/dockerBENCH/helios16p_ws/install/vicon_receiver/include/boost/atomic/detail/caps_arch_gcc_arm.hpp
[23.175s] -- Installing: /home/ph/treasure/dockerBENCH/helios16p_ws/install/vicon_receiver/include/boost/atomic/detail/ops_gcc_arm_common.hpp
[23.175s] -- Installing: /home/ph/treasure/dockerBENCH/helios16p_ws/install/vicon_receiver/include/boost/atomic/detail/core_ops_gcc_sync.hpp
[23.176s] -- Installing: /home/ph/treasure/dockerBENCH/helios16p_ws/install/vicon_receiver/include/boost/atomic/detail/core_operations_emulated.hpp
[23.176s] -- Installing: /home/ph/treasure/dockerBENCH/helios16p_ws/install/vicon_receiver/include/boost/atomic/detail/caps_gcc_atomic.hpp
[23.177s] -- Installing: /home/ph/treasure/dockerBENCH/helios16p_ws/install/vicon_receiver/include/boost/atomic/detail/extra_ops_gcc_ppc.hpp
[23.178s] -- Installing: /home/ph/treasure/dockerBENCH/helios16p_ws/install/vicon_receiver/include/boost/atomic/detail/core_arch_ops_gcc_sparc.hpp
[23.179s] -- Installing: /home/ph/treasure/dockerBENCH/helios16p_ws/install/vicon_receiver/include/boost/atomic/detail/fence_arch_ops_gcc_aarch32.hpp
[23.180s] -- Installing: /home/ph/treasure/dockerBENCH/helios16p_ws/install/vicon_receiver/include/boost/atomic/detail/storage_traits.hpp
[23.181s] -- Installing: /home/ph/treasure/dockerBENCH/helios16p_ws/install/vicon_receiver/include/boost/atomic/detail/integral_conversions.hpp
[23.181s] -- Installing: /home/ph/treasure/dockerBENCH/helios16p_ws/install/vicon_receiver/include/boost/atomic/detail/link.hpp
[23.184s] -- Installing: /home/ph/treasure/dockerBENCH/helios16p_ws/install/vicon_receiver/include/boost/atomic/detail/once_flag.hpp
[23.184s] -- Installing: /home/ph/treasure/dockerBENCH/helios16p_ws/install/vicon_receiver/include/boost/atomic/detail/core_arch_ops_gcc_x86.hpp
[23.185s] -- Installing: /home/ph/treasure/dockerBENCH/helios16p_ws/install/vicon_receiver/include/boost/atomic/detail/wait_caps_futex.hpp
[23.186s] -- Installing: /home/ph/treasure/dockerBENCH/helios16p_ws/install/vicon_receiver/include/boost/atomic/detail/wait_ops_generic.hpp
[23.187s] -- Installing: /home/ph/treasure/dockerBENCH/helios16p_ws/install/vicon_receiver/include/boost/atomic/detail/core_arch_ops_gcc_aarch64.hpp
[23.188s] -- Installing: /home/ph/treasure/dockerBENCH/helios16p_ws/install/vicon_receiver/include/boost/atomic/detail/core_ops_gcc_atomic.hpp
[23.188s] -- Installing: /home/ph/treasure/dockerBENCH/helios16p_ws/install/vicon_receiver/include/boost/atomic/detail/footer.hpp
[23.189s] -- Installing: /home/ph/treasure/dockerBENCH/helios16p_ws/install/vicon_receiver/include/boost/atomic/detail/caps_arch_gcc_aarch64.hpp
[23.190s] -- Installing: /home/ph/treasure/dockerBENCH/helios16p_ws/install/vicon_receiver/include/boost/atomic/detail/fence_arch_ops_gcc_sparc.hpp
[23.190s] -- Installing: /home/ph/treasure/dockerBENCH/helios16p_ws/install/vicon_receiver/include/boost/atomic/detail/fence_arch_operations.hpp
[23.191s] -- Installing: /home/ph/treasure/dockerBENCH/helios16p_ws/install/vicon_receiver/include/boost/atomic/detail/int_sizes.hpp
[23.192s] -- Installing: /home/ph/treasure/dockerBENCH/helios16p_ws/install/vicon_receiver/include/boost/atomic/detail/pause.hpp
[23.192s] -- Installing: /home/ph/treasure/dockerBENCH/helios16p_ws/install/vicon_receiver/include/boost/atomic/detail/extra_ops_gcc_x86.hpp
[23.194s] -- Installing: /home/ph/treasure/dockerBENCH/helios16p_ws/install/vicon_receiver/include/boost/atomic/detail/core_arch_ops_gcc_aarch32.hpp
[23.195s] -- Installing: /home/ph/treasure/dockerBENCH/helios16p_ws/install/vicon_receiver/include/boost/atomic/detail/core_ops_windows.hpp
[23.196s] -- Installing: /home/ph/treasure/dockerBENCH/helios16p_ws/install/vicon_receiver/include/boost/atomic/detail/bitwise_fp_cast.hpp
[23.196s] -- Installing: /home/ph/treasure/dockerBENCH/helios16p_ws/install/vicon_receiver/include/boost/atomic/detail/wait_ops_windows.hpp
[23.197s] -- Installing: /home/ph/treasure/dockerBENCH/helios16p_ws/install/vicon_receiver/include/boost/atomic/detail/fence_ops_gcc_atomic.hpp
[23.198s] -- Installing: /home/ph/treasure/dockerBENCH/helios16p_ws/install/vicon_receiver/include/boost/atomic/detail/fence_arch_ops_gcc_ppc.hpp
[23.199s] -- Installing: /home/ph/treasure/dockerBENCH/helios16p_ws/install/vicon_receiver/include/boost/atomic/detail/caps_windows.hpp
[23.200s] -- Installing: /home/ph/treasure/dockerBENCH/helios16p_ws/install/vicon_receiver/include/boost/atomic/detail/capabilities.hpp
[23.201s] -- Installing: /home/ph/treasure/dockerBENCH/helios16p_ws/install/vicon_receiver/include/boost/atomic/detail/caps_arch_msvc_arm.hpp
[23.202s] -- Installing: /home/ph/treasure/dockerBENCH/helios16p_ws/install/vicon_receiver/include/boost/atomic/detail/extra_ops_gcc_aarch32.hpp
[23.203s] -- Installing: /home/ph/treasure/dockerBENCH/helios16p_ws/install/vicon_receiver/include/boost/atomic/detail/wait_ops_dragonfly_umtx.hpp
[23.204s] -- Installing: /home/ph/treasure/dockerBENCH/helios16p_ws/install/vicon_receiver/include/boost/atomic/detail/core_operations_fwd.hpp
[23.204s] -- Installing: /home/ph/treasure/dockerBENCH/helios16p_ws/install/vicon_receiver/include/boost/atomic/detail/wait_caps_windows.hpp
[23.205s] -- Installing: /home/ph/treasure/dockerBENCH/helios16p_ws/install/vicon_receiver/include/boost/atomic/detail/extra_ops_gcc_arm.hpp
[23.206s] -- Installing: /home/ph/treasure/dockerBENCH/helios16p_ws/install/vicon_receiver/include/boost/atomic/detail/intptr.hpp
[23.207s] -- Installing: /home/ph/treasure/dockerBENCH/helios16p_ws/install/vicon_receiver/include/boost/atomic/detail/extra_operations.hpp
[23.208s] -- Installing: /home/ph/treasure/dockerBENCH/helios16p_ws/install/vicon_receiver/include/boost/atomic/detail/ops_gcc_ppc_common.hpp
[23.209s] -- Installing: /home/ph/treasure/dockerBENCH/helios16p_ws/install/vicon_receiver/include/boost/atomic/detail/config.hpp
[23.209s] -- Installing: /home/ph/treasure/dockerBENCH/helios16p_ws/install/vicon_receiver/include/boost/atomic/detail/atomic_ref_impl.hpp
[23.211s] -- Installing: /home/ph/treasure/dockerBENCH/helios16p_ws/install/vicon_receiver/include/boost/atomic/detail/addressof.hpp
[23.212s] -- Installing: /home/ph/treasure/dockerBENCH/helios16p_ws/install/vicon_receiver/include/boost/atomic/detail/extra_ops_generic.hpp
[23.213s] -- Installing: /home/ph/treasure/dockerBENCH/helios16p_ws/install/vicon_receiver/include/boost/atomic/detail/fence_arch_ops_msvc_x86.hpp
[23.214s] -- Installing: /home/ph/treasure/dockerBENCH/helios16p_ws/install/vicon_receiver/include/boost/atomic/detail/ops_gcc_aarch32_common.hpp
[23.215s] -- Installing: /home/ph/treasure/dockerBENCH/helios16p_ws/install/vicon_receiver/include/boost/atomic/detail/caps_arch_gcc_alpha.hpp
[23.216s] -- Installing: /home/ph/treasure/dockerBENCH/helios16p_ws/install/vicon_receiver/include/boost/atomic/detail/interlocked.hpp
[23.217s] -- Installing: /home/ph/treasure/dockerBENCH/helios16p_ws/install/vicon_receiver/include/boost/atomic/detail/gcc_atomic_memory_order_utils.hpp
[23.218s] -- Installing: /home/ph/treasure/dockerBENCH/helios16p_ws/install/vicon_receiver/include/boost/atomic/detail/core_arch_operations_fwd.hpp
[23.219s] -- Installing: /home/ph/treasure/dockerBENCH/helios16p_ws/install/vicon_receiver/include/boost/atomic/detail/fence_operations_emulated.hpp
[23.219s] -- Installing: /home/ph/treasure/dockerBENCH/helios16p_ws/install/vicon_receiver/include/boost/atomic/detail/fence_arch_ops_gcc_aarch64.hpp
[23.220s] -- Installing: /home/ph/treasure/dockerBENCH/helios16p_ws/install/vicon_receiver/include/boost/atomic/detail/extra_operations_fwd.hpp
[23.221s] -- Installing: /home/ph/treasure/dockerBENCH/helios16p_ws/install/vicon_receiver/include/boost/atomic/detail/extra_fp_operations_fwd.hpp
[23.221s] -- Installing: /home/ph/treasure/dockerBENCH/helios16p_ws/install/vicon_receiver/include/boost/atomic/detail/fence_arch_ops_gcc_x86.hpp
[23.222s] -- Installing: /home/ph/treasure/dockerBENCH/helios16p_ws/install/vicon_receiver/include/boost/atomic/detail/caps_arch_gcc_sparc.hpp
[23.222s] -- Installing: /home/ph/treasure/dockerBENCH/helios16p_ws/install/vicon_receiver/include/boost/atomic/detail/fence_operations.hpp
[23.223s] -- Installing: /home/ph/treasure/dockerBENCH/helios16p_ws/install/vicon_receiver/include/boost/atomic/detail/wait_caps_freebsd_umtx.hpp
[23.224s] -- Installing: /home/ph/treasure/dockerBENCH/helios16p_ws/install/vicon_receiver/include/boost/atomic/detail/extra_ops_msvc_x86.hpp
[23.225s] -- Installing: /home/ph/treasure/dockerBENCH/helios16p_ws/install/vicon_receiver/include/boost/atomic/detail/core_operations_emulated_fwd.hpp
[23.226s] -- Installing: /home/ph/treasure/dockerBENCH/helios16p_ws/install/vicon_receiver/include/boost/atomic/detail/core_arch_operations.hpp
[23.226s] -- Installing: /home/ph/treasure/dockerBENCH/helios16p_ws/install/vicon_receiver/include/boost/atomic/detail/caps_arch_gcc_x86.hpp
[23.227s] -- Installing: /home/ph/treasure/dockerBENCH/helios16p_ws/install/vicon_receiver/include/boost/atomic/detail/extending_cas_based_arithmetic.hpp
[23.228s] -- Installing: /home/ph/treasure/dockerBENCH/helios16p_ws/install/vicon_receiver/include/boost/atomic/detail/atomic_flag_impl.hpp
[23.228s] -- Installing: /home/ph/treasure/dockerBENCH/helios16p_ws/install/vicon_receiver/include/boost/atomic/detail/extra_fp_ops_generic.hpp
[23.229s] -- Installing: /home/ph/treasure/dockerBENCH/helios16p_ws/install/vicon_receiver/include/boost/atomic/detail/wait_caps_dragonfly_umtx.hpp
[23.230s] -- Installing: /home/ph/treasure/dockerBENCH/helios16p_ws/install/vicon_receiver/include/boost/atomic/detail/classify.hpp
[23.230s] -- Installing: /home/ph/treasure/dockerBENCH/helios16p_ws/install/vicon_receiver/include/boost/atomic/detail/bitwise_cast.hpp
[23.231s] -- Installing: /home/ph/treasure/dockerBENCH/helios16p_ws/install/vicon_receiver/include/boost/atomic/detail/cas_based_exchange.hpp
[23.233s] -- Installing: /home/ph/treasure/dockerBENCH/helios16p_ws/install/vicon_receiver/include/boost/atomic/detail/core_arch_ops_gcc_ppc.hpp
[23.234s] -- Installing: /home/ph/treasure/dockerBENCH/helios16p_ws/install/vicon_receiver/include/boost/atomic/detail/fence_arch_ops_gcc_arm.hpp
[23.235s] -- Installing: /home/ph/treasure/dockerBENCH/helios16p_ws/install/vicon_receiver/include/boost/atomic/detail/ops_gcc_aarch64_common.hpp
[23.235s] -- Installing: /home/ph/treasure/dockerBENCH/helios16p_ws/install/vicon_receiver/include/boost/atomic/detail/core_operations.hpp
[23.236s] -- Installing: /home/ph/treasure/dockerBENCH/helios16p_ws/install/vicon_receiver/include/boost/atomic/detail/memory_order_utils.hpp
[23.237s] -- Installing: /home/ph/treasure/dockerBENCH/helios16p_ws/install/vicon_receiver/include/boost/atomic/detail/wait_ops_emulated.hpp
[23.237s] -- Installing: /home/ph/treasure/dockerBENCH/helios16p_ws/install/vicon_receiver/include/boost/atomic/detail/wait_ops_futex.hpp
[23.238s] -- Installing: /home/ph/treasure/dockerBENCH/helios16p_ws/install/vicon_receiver/include/boost/atomic/detail/atomic_impl.hpp
[23.239s] -- Installing: /home/ph/treasure/dockerBENCH/helios16p_ws/install/vicon_receiver/include/boost/atomic/detail/fence_ops_windows.hpp
[23.240s] -- Installing: /home/ph/treasure/dockerBENCH/helios16p_ws/install/vicon_receiver/include/boost/atomic/detail/fp_operations.hpp
[23.241s] -- Installing: /home/ph/treasure/dockerBENCH/helios16p_ws/install/vicon_receiver/include/boost/atomic/detail/platform.hpp
[23.242s] -- Installing: /home/ph/treasure/dockerBENCH/helios16p_ws/install/vicon_receiver/include/boost/atomic/detail/core_arch_ops_gcc_arm.hpp
[23.243s] -- Installing: /home/ph/treasure/dockerBENCH/helios16p_ws/install/vicon_receiver/include/boost/atomic/detail/float_sizes.hpp
[23.243s] -- Installing: /home/ph/treasure/dockerBENCH/helios16p_ws/install/vicon_receiver/include/boost/atomic/detail/core_ops_linux_arm.hpp
[23.244s] -- Installing: /home/ph/treasure/dockerBENCH/helios16p_ws/install/vicon_receiver/include/boost/atomic/detail/wait_capabilities.hpp
[23.245s] -- Installing: /home/ph/treasure/dockerBENCH/helios16p_ws/install/vicon_receiver/include/boost/atomic/detail/core_ops_cas_based.hpp
[23.246s] -- Installing: /home/ph/treasure/dockerBENCH/helios16p_ws/install/vicon_receiver/include/boost/atomic/detail/futex.hpp
[23.247s] -- Installing: /home/ph/treasure/dockerBENCH/helios16p_ws/install/vicon_receiver/include/boost/atomic/detail/core_arch_ops_gcc_alpha.hpp
[23.248s] -- Installing: /home/ph/treasure/dockerBENCH/helios16p_ws/install/vicon_receiver/include/boost/atomic/detail/fence_ops_linux_arm.hpp
[23.248s] -- Installing: /home/ph/treasure/dockerBENCH/helios16p_ws/install/vicon_receiver/include/boost/atomic/detail/caps_arch_gcc_aarch32.hpp
[23.249s] -- Installing: /home/ph/treasure/dockerBENCH/helios16p_ws/install/vicon_receiver/include/boost/atomic/detail/extra_ops_emulated.hpp
[23.250s] -- Installing: /home/ph/treasure/dockerBENCH/helios16p_ws/install/vicon_receiver/include/boost/atomic/detail/caps_gcc_sync.hpp
[23.251s] -- Installing: /home/ph/treasure/dockerBENCH/helios16p_ws/install/vicon_receiver/include/boost/atomic/detail/extra_ops_gcc_aarch64.hpp
[23.253s] -- Installing: /home/ph/treasure/dockerBENCH/helios16p_ws/install/vicon_receiver/include/boost/atomic/detail/fence_arch_ops_gcc_alpha.hpp
[23.253s] -- Installing: /home/ph/treasure/dockerBENCH/helios16p_ws/install/vicon_receiver/include/boost/atomic/detail/extra_fp_ops_emulated.hpp
[23.254s] -- Installing: /home/ph/treasure/dockerBENCH/helios16p_ws/install/vicon_receiver/include/boost/atomic/detail/core_arch_ops_msvc_x86.hpp
[23.255s] -- Installing: /home/ph/treasure/dockerBENCH/helios16p_ws/install/vicon_receiver/include/boost/atomic/detail/fence_ops_gcc_sync.hpp
[23.256s] -- Installing: /home/ph/treasure/dockerBENCH/helios16p_ws/install/vicon_receiver/include/boost/atomic/detail/wait_operations_fwd.hpp
[23.257s] -- Installing: /home/ph/treasure/dockerBENCH/helios16p_ws/install/vicon_receiver/include/boost/atomic/detail/caps_arch_gcc_ppc.hpp
[23.257s] -- Installing: /home/ph/treasure/dockerBENCH/helios16p_ws/install/vicon_receiver/include/boost/atomic/detail/lock_pool.hpp
[23.258s] -- Installing: /home/ph/treasure/dockerBENCH/helios16p_ws/install/vicon_receiver/include/boost/atomic/detail/wait_operations.hpp
[23.259s] -- Installing: /home/ph/treasure/dockerBENCH/helios16p_ws/install/vicon_receiver/include/boost/atomic/detail/type_traits
[23.259s] -- Installing: /home/ph/treasure/dockerBENCH/helios16p_ws/install/vicon_receiver/include/boost/atomic/detail/type_traits/is_trivially_copyable.hpp
[23.260s] -- Installing: /home/ph/treasure/dockerBENCH/helios16p_ws/install/vicon_receiver/include/boost/atomic/detail/type_traits/is_integral.hpp
[23.261s] -- Installing: /home/ph/treasure/dockerBENCH/helios16p_ws/install/vicon_receiver/include/boost/atomic/detail/type_traits/is_trivially_default_constructible.hpp
[23.262s] -- Installing: /home/ph/treasure/dockerBENCH/helios16p_ws/install/vicon_receiver/include/boost/atomic/detail/type_traits/is_signed.hpp
[23.262s] -- Installing: /home/ph/treasure/dockerBENCH/helios16p_ws/install/vicon_receiver/include/boost/atomic/detail/type_traits/integral_constant.hpp
[23.263s] -- Installing: /home/ph/treasure/dockerBENCH/helios16p_ws/install/vicon_receiver/include/boost/atomic/detail/type_traits/is_iec559.hpp
[23.264s] -- Installing: /home/ph/treasure/dockerBENCH/helios16p_ws/install/vicon_receiver/include/boost/atomic/detail/type_traits/make_unsigned.hpp
[23.265s] -- Installing: /home/ph/treasure/dockerBENCH/helios16p_ws/install/vicon_receiver/include/boost/atomic/detail/type_traits/is_function.hpp
[23.266s] -- Installing: /home/ph/treasure/dockerBENCH/helios16p_ws/install/vicon_receiver/include/boost/atomic/detail/type_traits/conditional.hpp
[23.267s] -- Installing: /home/ph/treasure/dockerBENCH/helios16p_ws/install/vicon_receiver/include/boost/atomic/detail/type_traits/is_floating_point.hpp
[23.268s] -- Installing: /home/ph/treasure/dockerBENCH/helios16p_ws/install/vicon_receiver/include/boost/atomic/detail/type_traits/make_signed.hpp
[23.268s] -- Installing: /home/ph/treasure/dockerBENCH/helios16p_ws/install/vicon_receiver/include/boost/atomic/detail/type_traits/alignment_of.hpp
[23.269s] -- Installing: /home/ph/treasure/dockerBENCH/helios16p_ws/install/vicon_receiver/include/boost/atomic/detail/gcc_arm_asm_common.hpp
[23.270s] -- Installing: /home/ph/treasure/dockerBENCH/helios16p_ws/install/vicon_receiver/include/boost/atomic/detail/extra_fp_operations.hpp
[23.271s] -- Installing: /home/ph/treasure/dockerBENCH/helios16p_ws/install/vicon_receiver/include/boost/atomic/detail/fp_ops_emulated.hpp
[23.271s] -- Installing: /home/ph/treasure/dockerBENCH/helios16p_ws/install/vicon_receiver/include/boost/atomic/detail/string_ops.hpp
[23.272s] -- Installing: /home/ph/treasure/dockerBENCH/helios16p_ws/install/vicon_receiver/include/boost/atomic/detail/caps_linux_arm.hpp
[23.273s] -- Installing: /home/ph/treasure/dockerBENCH/helios16p_ws/install/vicon_receiver/include/boost/atomic/detail/fp_ops_generic.hpp
[23.274s] -- Installing: /home/ph/treasure/dockerBENCH/helios16p_ws/install/vicon_receiver/include/boost/atomic/detail/aligned_variable.hpp
[23.275s] -- Installing: /home/ph/treasure/dockerBENCH/helios16p_ws/install/vicon_receiver/include/boost/atomic/detail/caps_arch_msvc_x86.hpp
[23.277s] -- Installing: /home/ph/treasure/dockerBENCH/helios16p_ws/install/vicon_receiver/include/boost/atomic/detail/fp_operations_fwd.hpp
[23.277s] -- Installing: /home/ph/treasure/dockerBENCH/helios16p_ws/install/vicon_receiver/include/boost/atomic/detail/fence_arch_ops_msvc_arm.hpp
[23.278s] -- Installing: /home/ph/treasure/dockerBENCH/helios16p_ws/install/vicon_receiver/include/boost/atomic/detail/ops_msvc_common.hpp
[23.278s] -- Installing: /home/ph/treasure/dockerBENCH/helios16p_ws/install/vicon_receiver/include/boost/atomic/capabilities.hpp
[23.278s] -- Installing: /home/ph/treasure/dockerBENCH/helios16p_ws/install/vicon_receiver/include/boost/atomic/atomic.hpp
[23.279s] -- Installing: /home/ph/treasure/dockerBENCH/helios16p_ws/install/vicon_receiver/include/boost/atomic/atomic_ref.hpp
[23.280s] -- Installing: /home/ph/treasure/dockerBENCH/helios16p_ws/install/vicon_receiver/include/boost/atomic/fences.hpp
[23.280s] -- Installing: /home/ph/treasure/dockerBENCH/helios16p_ws/install/vicon_receiver/include/boost/atomic/ipc_atomic_flag.hpp
[23.280s] -- Installing: /home/ph/treasure/dockerBENCH/helios16p_ws/install/vicon_receiver/include/boost/atomic/ipc_atomic.hpp
[23.281s] -- Installing: /home/ph/treasure/dockerBENCH/helios16p_ws/install/vicon_receiver/include/boost/atomic/ipc_atomic_ref.hpp
[23.282s] -- Installing: /home/ph/treasure/dockerBENCH/helios16p_ws/install/vicon_receiver/include/boost/atomic/atomic_flag.hpp
[23.283s] -- Installing: /home/ph/treasure/dockerBENCH/helios16p_ws/install/vicon_receiver/include/boost/container
[23.284s] -- Installing: /home/ph/treasure/dockerBENCH/helios16p_ws/install/vicon_receiver/include/boost/container/detail
[23.286s] -- Installing: /home/ph/treasure/dockerBENCH/helios16p_ws/install/vicon_receiver/include/boost/container/detail/multiallocation_chain.hpp
[23.286s] -- Installing: /home/ph/treasure/dockerBENCH/helios16p_ws/install/vicon_receiver/include/boost/container/detail/compare_functors.hpp
[23.287s] -- Installing: /home/ph/treasure/dockerBENCH/helios16p_ws/install/vicon_receiver/include/boost/container/detail/algorithm.hpp
[23.288s] -- Installing: /home/ph/treasure/dockerBENCH/helios16p_ws/install/vicon_receiver/include/boost/container/detail/advanced_insert_int.hpp
[23.289s] -- Installing: /home/ph/treasure/dockerBENCH/helios16p_ws/install/vicon_receiver/include/boost/container/detail/transform_iterator.hpp
[23.289s] -- Installing: /home/ph/treasure/dockerBENCH/helios16p_ws/install/vicon_receiver/include/boost/container/detail/allocation_type.hpp
[23.290s] -- Installing: /home/ph/treasure/dockerBENCH/helios16p_ws/install/vicon_receiver/include/boost/container/detail/version_type.hpp
[23.291s] -- Installing: /home/ph/treasure/dockerBENCH/helios16p_ws/install/vicon_receiver/include/boost/container/detail/type_traits.hpp
[23.291s] -- Installing: /home/ph/treasure/dockerBENCH/helios16p_ws/install/vicon_receiver/include/boost/container/detail/addressof.hpp
[23.292s] -- Installing: /home/ph/treasure/dockerBENCH/helios16p_ws/install/vicon_receiver/include/boost/container/detail/destroyers.hpp
[23.292s] -- Installing: /home/ph/treasure/dockerBENCH/helios16p_ws/install/vicon_receiver/include/boost/container/detail/config_end.hpp
[23.293s] -- Installing: /home/ph/treasure/dockerBENCH/helios16p_ws/install/vicon_receiver/include/boost/container/detail/min_max.hpp
[23.293s] -- Installing: /home/ph/treasure/dockerBENCH/helios16p_ws/install/vicon_receiver/include/boost/container/detail/pair.hpp
[23.295s] -- Installing: /home/ph/treasure/dockerBENCH/helios16p_ws/install/vicon_receiver/include/boost/container/detail/iterators.hpp
[23.296s] -- Installing: /home/ph/treasure/dockerBENCH/helios16p_ws/install/vicon_receiver/include/boost/container/detail/std_fwd.hpp
[23.297s] -- Installing: /home/ph/treasure/dockerBENCH/helios16p_ws/install/vicon_receiver/include/boost/container/detail/construct_in_place.hpp
[23.297s] -- Installing: /home/ph/treasure/dockerBENCH/helios16p_ws/install/vicon_receiver/include/boost/container/detail/alloc_helpers.hpp
[23.298s] -- Installing: /home/ph/treasure/dockerBENCH/helios16p_ws/install/vicon_receiver/include/boost/container/detail/node_alloc_holder.hpp
[23.300s] -- Installing: /home/ph/treasure/dockerBENCH/helios16p_ws/install/vicon_receiver/include/boost/container/detail/copy_move_algo.hpp
[23.301s] -- Installing: /home/ph/treasure/dockerBENCH/helios16p_ws/install/vicon_receiver/include/boost/container/detail/config_begin.hpp
[23.302s] -- Installing: /home/ph/treasure/dockerBENCH/helios16p_ws/install/vicon_receiver/include/boost/container/detail/mpl.hpp
[23.303s] -- Installing: /home/ph/treasure/dockerBENCH/helios16p_ws/install/vicon_receiver/include/boost/container/detail/variadic_templates_tools.hpp
[23.303s] -- Installing: /home/ph/treasure/dockerBENCH/helios16p_ws/install/vicon_receiver/include/boost/container/detail/value_init.hpp
[23.304s] -- Installing: /home/ph/treasure/dockerBENCH/helios16p_ws/install/vicon_receiver/include/boost/container/detail/workaround.hpp
[23.304s] -- Installing: /home/ph/treasure/dockerBENCH/helios16p_ws/install/vicon_receiver/include/boost/container/detail/allocator_version_traits.hpp
[23.305s] -- Installing: /home/ph/treasure/dockerBENCH/helios16p_ws/install/vicon_receiver/include/boost/container/detail/iterator.hpp
[23.306s] -- Installing: /home/ph/treasure/dockerBENCH/helios16p_ws/install/vicon_receiver/include/boost/container/detail/value_functors.hpp
[23.306s] -- Installing: /home/ph/treasure/dockerBENCH/helios16p_ws/install/vicon_receiver/include/boost/container/detail/next_capacity.hpp
[23.307s] -- Installing: /home/ph/treasure/dockerBENCH/helios16p_ws/install/vicon_receiver/include/boost/container/detail/placement_new.hpp
[23.307s] -- Installing: /home/ph/treasure/dockerBENCH/helios16p_ws/install/vicon_receiver/include/boost/container/detail/dispatch_uses_allocator.hpp
[23.308s] -- Installing: /home/ph/treasure/dockerBENCH/helios16p_ws/install/vicon_receiver/include/boost/container/container_fwd.hpp
[23.309s] -- Installing: /home/ph/treasure/dockerBENCH/helios16p_ws/install/vicon_receiver/include/boost/container/deque.hpp
[23.311s] -- Installing: /home/ph/treasure/dockerBENCH/helios16p_ws/install/vicon_receiver/include/boost/container/vector.hpp
[23.312s] -- Installing: /home/ph/treasure/dockerBENCH/helios16p_ws/install/vicon_receiver/include/boost/container/scoped_allocator.hpp
[23.313s] -- Installing: /home/ph/treasure/dockerBENCH/helios16p_ws/install/vicon_receiver/include/boost/container/list.hpp
[23.315s] -- Installing: /home/ph/treasure/dockerBENCH/helios16p_ws/install/vicon_receiver/include/boost/container/new_allocator.hpp
[23.316s] -- Installing: /home/ph/treasure/dockerBENCH/helios16p_ws/install/vicon_receiver/include/boost/container/uses_allocator_fwd.hpp
[23.317s] -- Installing: /home/ph/treasure/dockerBENCH/helios16p_ws/install/vicon_receiver/include/boost/container/uses_allocator.hpp
[23.318s] -- Installing: /home/ph/treasure/dockerBENCH/helios16p_ws/install/vicon_receiver/include/boost/container/throw_exception.hpp
[23.319s] -- Installing: /home/ph/treasure/dockerBENCH/helios16p_ws/install/vicon_receiver/include/boost/container/options.hpp
[23.320s] -- Installing: /home/ph/treasure/dockerBENCH/helios16p_ws/install/vicon_receiver/include/boost/container/scoped_allocator_fwd.hpp
[23.320s] -- Installing: /home/ph/treasure/dockerBENCH/helios16p_ws/install/vicon_receiver/include/boost/container/allocator_traits.hpp
[23.322s] -- Installing: /home/ph/treasure/dockerBENCH/helios16p_ws/install/vicon_receiver/include/boost/filesystem
[23.322s] -- Installing: /home/ph/treasure/dockerBENCH/helios16p_ws/install/vicon_receiver/include/boost/filesystem/detail
[23.323s] -- Installing: /home/ph/treasure/dockerBENCH/helios16p_ws/install/vicon_receiver/include/boost/filesystem/detail/utf8_codecvt_facet.hpp
[23.324s] -- Installing: /home/ph/treasure/dockerBENCH/helios16p_ws/install/vicon_receiver/include/boost/filesystem/exception.hpp
[23.324s] -- Installing: /home/ph/treasure/dockerBENCH/helios16p_ws/install/vicon_receiver/include/boost/filesystem/config.hpp
[23.325s] -- Installing: /home/ph/treasure/dockerBENCH/helios16p_ws/install/vicon_receiver/include/boost/filesystem/path.hpp
[23.326s] -- Installing: /home/ph/treasure/dockerBENCH/helios16p_ws/install/vicon_receiver/include/boost/filesystem/convenience.hpp
[23.327s] -- Installing: /home/ph/treasure/dockerBENCH/helios16p_ws/install/vicon_receiver/include/boost/filesystem/string_file.hpp
[23.328s] -- Installing: /home/ph/treasure/dockerBENCH/helios16p_ws/install/vicon_receiver/include/boost/filesystem/path_traits.hpp
[23.328s] -- Installing: /home/ph/treasure/dockerBENCH/helios16p_ws/install/vicon_receiver/include/boost/filesystem/file_status.hpp
[23.329s] -- Installing: /home/ph/treasure/dockerBENCH/helios16p_ws/install/vicon_receiver/include/boost/filesystem/operations.hpp
[23.331s] -- Installing: /home/ph/treasure/dockerBENCH/helios16p_ws/install/vicon_receiver/include/boost/filesystem/directory.hpp
[23.332s] -- Installing: /home/ph/treasure/dockerBENCH/helios16p_ws/install/vicon_receiver/include/boost/filesystem/fstream.hpp
[23.333s] -- Installing: /home/ph/treasure/dockerBENCH/helios16p_ws/install/vicon_receiver/include/boost/atomic.hpp
[23.334s] -- Installing: /home/ph/treasure/dockerBENCH/helios16p_ws/install/vicon_receiver/include/boost/call_traits.hpp
[23.334s] -- Installing: /home/ph/treasure/dockerBENCH/helios16p_ws/install/vicon_receiver/include/boost/config.hpp
[23.335s] -- Installing: /home/ph/treasure/dockerBENCH/helios16p_ws/install/vicon_receiver/include/boost/preprocessor
[23.335s] -- Installing: /home/ph/treasure/dockerBENCH/helios16p_ws/install/vicon_receiver/include/boost/preprocessor/empty.hpp
[23.336s] -- Installing: /home/ph/treasure/dockerBENCH/helios16p_ws/install/vicon_receiver/include/boost/preprocessor/stringize.hpp
[23.337s] -- Installing: /home/ph/treasure/dockerBENCH/helios16p_ws/install/vicon_receiver/include/boost/preprocessor/enum_shifted_params.hpp
[23.337s] -- Installing: /home/ph/treasure/dockerBENCH/helios16p_ws/install/vicon_receiver/include/boost/preprocessor/logical
[23.338s] -- Installing: /home/ph/treasure/dockerBENCH/helios16p_ws/install/vicon_receiver/include/boost/preprocessor/logical/and.hpp
[23.338s] -- Installing: /home/ph/treasure/dockerBENCH/helios16p_ws/install/vicon_receiver/include/boost/preprocessor/logical/compl.hpp
[23.339s] -- Installing: /home/ph/treasure/dockerBENCH/helios16p_ws/install/vicon_receiver/include/boost/preprocessor/logical/bitand.hpp
[23.340s] -- Installing: /home/ph/treasure/dockerBENCH/helios16p_ws/install/vicon_receiver/include/boost/preprocessor/logical/bool.hpp
[23.341s] -- Installing: /home/ph/treasure/dockerBENCH/helios16p_ws/install/vicon_receiver/include/boost/preprocessor/logical/or.hpp
[23.341s] -- Installing: /home/ph/treasure/dockerBENCH/helios16p_ws/install/vicon_receiver/include/boost/preprocessor/logical/limits
[23.342s] -- Installing: /home/ph/treasure/dockerBENCH/helios16p_ws/install/vicon_receiver/include/boost/preprocessor/logical/limits/bool_1024.hpp
[23.343s] -- Installing: /home/ph/treasure/dockerBENCH/helios16p_ws/install/vicon_receiver/include/boost/preprocessor/logical/limits/bool_256.hpp
[23.344s] -- Installing: /home/ph/treasure/dockerBENCH/helios16p_ws/install/vicon_receiver/include/boost/preprocessor/logical/limits/bool_512.hpp
[23.344s] -- Installing: /home/ph/treasure/dockerBENCH/helios16p_ws/install/vicon_receiver/include/boost/preprocessor/logical/not.hpp
[23.344s] -- Installing: /home/ph/treasure/dockerBENCH/helios16p_ws/install/vicon_receiver/include/boost/preprocessor/logical/bitor.hpp
[23.345s] -- Installing: /home/ph/treasure/dockerBENCH/helios16p_ws/install/vicon_receiver/include/boost/preprocessor/expr_if.hpp
[23.346s] -- Installing: /home/ph/treasure/dockerBENCH/helios16p_ws/install/vicon_receiver/include/boost/preprocessor/iteration
[23.346s] -- Installing: /home/ph/treasure/dockerBENCH/helios16p_ws/install/vicon_receiver/include/boost/preprocessor/iteration/detail
[23.347s] -- Installing: /home/ph/treasure/dockerBENCH/helios16p_ws/install/vicon_receiver/include/boost/preprocessor/iteration/detail/start.hpp
[23.348s] -- Installing: /home/ph/treasure/dockerBENCH/helios16p_ws/install/vicon_receiver/include/boost/preprocessor/iteration/detail/rlocal.hpp
[23.348s] -- Installing: /home/ph/treasure/dockerBENCH/helios16p_ws/install/vicon_receiver/include/boost/preprocessor/iteration/detail/iter
[23.349s] -- Installing: /home/ph/treasure/dockerBENCH/helios16p_ws/install/vicon_receiver/include/boost/preprocessor/iteration/detail/iter/forward4.hpp
[23.351s] -- Installing: /home/ph/treasure/dockerBENCH/helios16p_ws/install/vicon_receiver/include/boost/preprocessor/iteration/detail/iter/reverse3.hpp
[23.352s] -- Installing: /home/ph/treasure/dockerBENCH/helios16p_ws/install/vicon_receiver/include/boost/preprocessor/iteration/detail/iter/forward5.hpp
[23.354s] -- Installing: /home/ph/treasure/dockerBENCH/helios16p_ws/install/vicon_receiver/include/boost/preprocessor/iteration/detail/iter/forward3.hpp
[23.355s] -- Installing: /home/ph/treasure/dockerBENCH/helios16p_ws/install/vicon_receiver/include/boost/preprocessor/iteration/detail/iter/reverse1.hpp
[23.357s] -- Installing: /home/ph/treasure/dockerBENCH/helios16p_ws/install/vicon_receiver/include/boost/preprocessor/iteration/detail/iter/forward2.hpp
[23.358s] -- Installing: /home/ph/treasure/dockerBENCH/helios16p_ws/install/vicon_receiver/include/boost/preprocessor/iteration/detail/iter/reverse4.hpp
[23.359s] -- Installing: /home/ph/treasure/dockerBENCH/helios16p_ws/install/vicon_receiver/include/boost/preprocessor/iteration/detail/iter/reverse5.hpp
[23.360s] -- Installing: /home/ph/treasure/dockerBENCH/helios16p_ws/install/vicon_receiver/include/boost/preprocessor/iteration/detail/iter/forward1.hpp
[23.362s] -- Installing: /home/ph/treasure/dockerBENCH/helios16p_ws/install/vicon_receiver/include/boost/preprocessor/iteration/detail/iter/reverse2.hpp
[23.363s] -- Installing: /home/ph/treasure/dockerBENCH/helios16p_ws/install/vicon_receiver/include/boost/preprocessor/iteration/detail/iter/limits
[23.364s] -- Installing: /home/ph/treasure/dockerBENCH/helios16p_ws/install/vicon_receiver/include/boost/preprocessor/iteration/detail/iter/limits/reverse1_256.hpp
[23.365s] -- Installing: /home/ph/treasure/dockerBENCH/helios16p_ws/install/vicon_receiver/include/boost/preprocessor/iteration/detail/iter/limits/reverse5_1024.hpp
[23.367s] -- Installing: /home/ph/treasure/dockerBENCH/helios16p_ws/install/vicon_receiver/include/boost/preprocessor/iteration/detail/iter/limits/reverse2_512.hpp
[23.368s] -- Installing: /home/ph/treasure/dockerBENCH/helios16p_ws/install/vicon_receiver/include/boost/preprocessor/iteration/detail/iter/limits/forward5_512.hpp
[23.369s] -- Installing: /home/ph/treasure/dockerBENCH/helios16p_ws/install/vicon_receiver/include/boost/preprocessor/iteration/detail/iter/limits/reverse5_256.hpp
[23.371s] -- Installing: /home/ph/treasure/dockerBENCH/helios16p_ws/install/vicon_receiver/include/boost/preprocessor/iteration/detail/iter/limits/forward1_1024.hpp
[23.372s] -- Installing: /home/ph/treasure/dockerBENCH/helios16p_ws/install/vicon_receiver/include/boost/preprocessor/iteration/detail/iter/limits/reverse4_256.hpp
[23.374s] -- Installing: /home/ph/treasure/dockerBENCH/helios16p_ws/install/vicon_receiver/include/boost/preprocessor/iteration/detail/iter/limits/reverse1_1024.hpp
[23.375s] -- Installing: /home/ph/treasure/dockerBENCH/helios16p_ws/install/vicon_receiver/include/boost/preprocessor/iteration/detail/iter/limits/reverse3_256.hpp
[23.377s] -- Installing: /home/ph/treasure/dockerBENCH/helios16p_ws/install/vicon_receiver/include/boost/preprocessor/iteration/detail/iter/limits/forward5_256.hpp
[23.378s] -- Installing: /home/ph/treasure/dockerBENCH/helios16p_ws/install/vicon_receiver/include/boost/preprocessor/iteration/detail/iter/limits/forward4_1024.hpp
[23.379s] -- Installing: /home/ph/treasure/dockerBENCH/helios16p_ws/install/vicon_receiver/include/boost/preprocessor/iteration/detail/iter/limits/forward4_512.hpp
[23.381s] -- Installing: /home/ph/treasure/dockerBENCH/helios16p_ws/install/vicon_receiver/include/boost/preprocessor/iteration/detail/iter/limits/reverse4_512.hpp
[23.382s] -- Installing: /home/ph/treasure/dockerBENCH/helios16p_ws/install/vicon_receiver/include/boost/preprocessor/iteration/detail/iter/limits/reverse1_512.hpp
[23.383s] -- Installing: /home/ph/treasure/dockerBENCH/helios16p_ws/install/vicon_receiver/include/boost/preprocessor/iteration/detail/iter/limits/forward3_1024.hpp
[23.385s] -- Installing: /home/ph/treasure/dockerBENCH/helios16p_ws/install/vicon_receiver/include/boost/preprocessor/iteration/detail/iter/limits/forward3_512.hpp
[23.386s] -- Installing: /home/ph/treasure/dockerBENCH/helios16p_ws/install/vicon_receiver/include/boost/preprocessor/iteration/detail/iter/limits/reverse2_256.hpp
[23.387s] -- Installing: /home/ph/treasure/dockerBENCH/helios16p_ws/install/vicon_receiver/include/boost/preprocessor/iteration/detail/iter/limits/forward1_512.hpp
[23.389s] -- Installing: /home/ph/treasure/dockerBENCH/helios16p_ws/install/vicon_receiver/include/boost/preprocessor/iteration/detail/iter/limits/forward2_1024.hpp
[23.390s] -- Installing: /home/ph/treasure/dockerBENCH/helios16p_ws/install/vicon_receiver/include/boost/preprocessor/iteration/detail/iter/limits/reverse3_1024.hpp
[23.392s] -- Installing: /home/ph/treasure/dockerBENCH/helios16p_ws/install/vicon_receiver/include/boost/preprocessor/iteration/detail/iter/limits/forward1_256.hpp
[23.393s] -- Installing: /home/ph/treasure/dockerBENCH/helios16p_ws/install/vicon_receiver/include/boost/preprocessor/iteration/detail/iter/limits/forward3_256.hpp
[23.395s] -- Installing: /home/ph/treasure/dockerBENCH/helios16p_ws/install/vicon_receiver/include/boost/preprocessor/iteration/detail/iter/limits/forward2_512.hpp
[23.396s] -- Installing: /home/ph/treasure/dockerBENCH/helios16p_ws/install/vicon_receiver/include/boost/preprocessor/iteration/detail/iter/limits/reverse4_1024.hpp
[23.397s] -- Installing: /home/ph/treasure/dockerBENCH/helios16p_ws/install/vicon_receiver/include/boost/preprocessor/iteration/detail/iter/limits/reverse2_1024.hpp
[23.400s] -- Installing: /home/ph/treasure/dockerBENCH/helios16p_ws/install/vicon_receiver/include/boost/preprocessor/iteration/detail/iter/limits/forward4_256.hpp
[23.401s] -- Installing: /home/ph/treasure/dockerBENCH/helios16p_ws/install/vicon_receiver/include/boost/preprocessor/iteration/detail/iter/limits/forward2_256.hpp
[23.402s] -- Installing: /home/ph/treasure/dockerBENCH/helios16p_ws/install/vicon_receiver/include/boost/preprocessor/iteration/detail/iter/limits/forward5_1024.hpp
[23.404s] -- Installing: /home/ph/treasure/dockerBENCH/helios16p_ws/install/vicon_receiver/include/boost/preprocessor/iteration/detail/iter/limits/reverse3_512.hpp
[23.405s] -- Installing: /home/ph/treasure/dockerBENCH/helios16p_ws/install/vicon_receiver/include/boost/preprocessor/iteration/detail/iter/limits/reverse5_512.hpp
[23.407s] -- Installing: /home/ph/treasure/dockerBENCH/helios16p_ws/install/vicon_receiver/include/boost/preprocessor/iteration/detail/finish.hpp
[23.408s] -- Installing: /home/ph/treasure/dockerBENCH/helios16p_ws/install/vicon_receiver/include/boost/preprocessor/iteration/detail/self.hpp
[23.409s] -- Installing: /home/ph/treasure/dockerBENCH/helios16p_ws/install/vicon_receiver/include/boost/preprocessor/iteration/detail/bounds
[23.409s] -- Installing: /home/ph/treasure/dockerBENCH/helios16p_ws/install/vicon_receiver/include/boost/preprocessor/iteration/detail/bounds/lower5.hpp
[23.410s] -- Installing: /home/ph/treasure/dockerBENCH/helios16p_ws/install/vicon_receiver/include/boost/preprocessor/iteration/detail/bounds/lower2.hpp
[23.411s] -- Installing: /home/ph/treasure/dockerBENCH/helios16p_ws/install/vicon_receiver/include/boost/preprocessor/iteration/detail/bounds/upper5.hpp
[23.411s] -- Installing: /home/ph/treasure/dockerBENCH/helios16p_ws/install/vicon_receiver/include/boost/preprocessor/iteration/detail/bounds/lower4.hpp
[23.412s] -- Installing: /home/ph/treasure/dockerBENCH/helios16p_ws/install/vicon_receiver/include/boost/preprocessor/iteration/detail/bounds/lower3.hpp
[23.413s] -- Installing: /home/ph/treasure/dockerBENCH/helios16p_ws/install/vicon_receiver/include/boost/preprocessor/iteration/detail/bounds/upper1.hpp
[23.414s] -- Installing: /home/ph/treasure/dockerBENCH/helios16p_ws/install/vicon_receiver/include/boost/preprocessor/iteration/detail/bounds/upper4.hpp
[23.414s] -- Installing: /home/ph/treasure/dockerBENCH/helios16p_ws/install/vicon_receiver/include/boost/preprocessor/iteration/detail/bounds/upper2.hpp
[23.415s] -- Installing: /home/ph/treasure/dockerBENCH/helios16p_ws/install/vicon_receiver/include/boost/preprocessor/iteration/detail/bounds/lower1.hpp
[23.416s] -- Installing: /home/ph/treasure/dockerBENCH/helios16p_ws/install/vicon_receiver/include/boost/preprocessor/iteration/detail/bounds/upper3.hpp
[23.417s] -- Installing: /home/ph/treasure/dockerBENCH/helios16p_ws/install/vicon_receiver/include/boost/preprocessor/iteration/detail/local.hpp
[23.418s] -- Installing: /home/ph/treasure/dockerBENCH/helios16p_ws/install/vicon_receiver/include/boost/preprocessor/iteration/detail/limits
[23.419s] -- Installing: /home/ph/treasure/dockerBENCH/helios16p_ws/install/vicon_receiver/include/boost/preprocessor/iteration/detail/limits/rlocal_256.hpp
[23.420s] -- Installing: /home/ph/treasure/dockerBENCH/helios16p_ws/install/vicon_receiver/include/boost/preprocessor/iteration/detail/limits/local_1024.hpp
[23.421s] -- Installing: /home/ph/treasure/dockerBENCH/helios16p_ws/install/vicon_receiver/include/boost/preprocessor/iteration/detail/limits/local_256.hpp
[23.423s] -- Installing: /home/ph/treasure/dockerBENCH/helios16p_ws/install/vicon_receiver/include/boost/preprocessor/iteration/detail/limits/local_512.hpp
[23.424s] -- Installing: /home/ph/treasure/dockerBENCH/helios16p_ws/install/vicon_receiver/include/boost/preprocessor/iteration/detail/limits/rlocal_512.hpp
[23.425s] -- Installing: /home/ph/treasure/dockerBENCH/helios16p_ws/install/vicon_receiver/include/boost/preprocessor/iteration/detail/limits/rlocal_1024.hpp
[23.426s] -- Installing: /home/ph/treasure/dockerBENCH/helios16p_ws/install/vicon_receiver/include/boost/preprocessor/iteration/iterate.hpp
[23.426s] -- Installing: /home/ph/treasure/dockerBENCH/helios16p_ws/install/vicon_receiver/include/boost/preprocessor/iteration/self.hpp
[23.427s] -- Installing: /home/ph/treasure/dockerBENCH/helios16p_ws/install/vicon_receiver/include/boost/preprocessor/iteration/local.hpp
[23.427s] -- Installing: /home/ph/treasure/dockerBENCH/helios16p_ws/install/vicon_receiver/include/boost/preprocessor/config
[23.428s] -- Installing: /home/ph/treasure/dockerBENCH/helios16p_ws/install/vicon_receiver/include/boost/preprocessor/config/config.hpp
[23.429s] -- Installing: /home/ph/treasure/dockerBENCH/helios16p_ws/install/vicon_receiver/include/boost/preprocessor/config/limits.hpp
[23.430s] -- Installing: /home/ph/treasure/dockerBENCH/helios16p_ws/install/vicon_receiver/include/boost/preprocessor/detail
[23.430s] -- Installing: /home/ph/treasure/dockerBENCH/helios16p_ws/install/vicon_receiver/include/boost/preprocessor/detail/is_binary.hpp
[23.431s] -- Installing: /home/ph/treasure/dockerBENCH/helios16p_ws/install/vicon_receiver/include/boost/preprocessor/detail/is_unary.hpp
[23.432s] -- Installing: /home/ph/treasure/dockerBENCH/helios16p_ws/install/vicon_receiver/include/boost/preprocessor/detail/auto_rec.hpp
[23.433s] -- Installing: /home/ph/treasure/dockerBENCH/helios16p_ws/install/vicon_receiver/include/boost/preprocessor/detail/check.hpp
[23.434s] -- Installing: /home/ph/treasure/dockerBENCH/helios16p_ws/install/vicon_receiver/include/boost/preprocessor/detail/dmc
[23.434s] -- Installing: /home/ph/treasure/dockerBENCH/helios16p_ws/install/vicon_receiver/include/boost/preprocessor/detail/dmc/auto_rec.hpp
[23.435s] -- Installing: /home/ph/treasure/dockerBENCH/helios16p_ws/install/vicon_receiver/include/boost/preprocessor/detail/limits
[23.436s] -- Installing: /home/ph/treasure/dockerBENCH/helios16p_ws/install/vicon_receiver/include/boost/preprocessor/detail/limits/auto_rec_512.hpp
[23.437s] -- Installing: /home/ph/treasure/dockerBENCH/helios16p_ws/install/vicon_receiver/include/boost/preprocessor/detail/limits/auto_rec_1024.hpp
[23.438s] -- Installing: /home/ph/treasure/dockerBENCH/helios16p_ws/install/vicon_receiver/include/boost/preprocessor/detail/limits/auto_rec_256.hpp
[23.439s] -- Installing: /home/ph/treasure/dockerBENCH/helios16p_ws/install/vicon_receiver/include/boost/preprocessor/list
[23.440s] -- Installing: /home/ph/treasure/dockerBENCH/helios16p_ws/install/vicon_receiver/include/boost/preprocessor/list/adt.hpp
[23.440s] -- Installing: /home/ph/treasure/dockerBENCH/helios16p_ws/install/vicon_receiver/include/boost/preprocessor/list/detail
[23.441s] -- Installing: /home/ph/treasure/dockerBENCH/helios16p_ws/install/vicon_receiver/include/boost/preprocessor/list/detail/fold_left.hpp
[23.442s] -- Installing: /home/ph/treasure/dockerBENCH/helios16p_ws/install/vicon_receiver/include/boost/preprocessor/list/detail/edg
[23.443s] -- Installing: /home/ph/treasure/dockerBENCH/helios16p_ws/install/vicon_receiver/include/boost/preprocessor/list/detail/edg/fold_left.hpp
[23.444s] -- Installing: /home/ph/treasure/dockerBENCH/helios16p_ws/install/vicon_receiver/include/boost/preprocessor/list/detail/edg/fold_right.hpp
[23.445s] -- Installing: /home/ph/treasure/dockerBENCH/helios16p_ws/install/vicon_receiver/include/boost/preprocessor/list/detail/edg/limits
[23.446s] -- Installing: /home/ph/treasure/dockerBENCH/helios16p_ws/install/vicon_receiver/include/boost/preprocessor/list/detail/edg/limits/fold_right_1024.hpp
[23.448s] -- Installing: /home/ph/treasure/dockerBENCH/helios16p_ws/install/vicon_receiver/include/boost/preprocessor/list/detail/edg/limits/fold_right_512.hpp
[23.450s] -- Installing: /home/ph/treasure/dockerBENCH/helios16p_ws/install/vicon_receiver/include/boost/preprocessor/list/detail/edg/limits/fold_left_512.hpp
[23.452s] -- Installing: /home/ph/treasure/dockerBENCH/helios16p_ws/install/vicon_receiver/include/boost/preprocessor/list/detail/edg/limits/fold_left_256.hpp
[23.453s] -- Installing: /home/ph/treasure/dockerBENCH/helios16p_ws/install/vicon_receiver/include/boost/preprocessor/list/detail/edg/limits/fold_left_1024.hpp
[23.455s] -- Installing: /home/ph/treasure/dockerBENCH/helios16p_ws/install/vicon_receiver/include/boost/preprocessor/list/detail/edg/limits/fold_right_256.hpp
[23.457s] -- Installing: /home/ph/treasure/dockerBENCH/helios16p_ws/install/vicon_receiver/include/boost/preprocessor/list/detail/dmc
[23.457s] -- Installing: /home/ph/treasure/dockerBENCH/helios16p_ws/install/vicon_receiver/include/boost/preprocessor/list/detail/dmc/fold_left.hpp
[23.459s] -- Installing: /home/ph/treasure/dockerBENCH/helios16p_ws/install/vicon_receiver/include/boost/preprocessor/list/detail/fold_right.hpp
[23.460s] -- Installing: /home/ph/treasure/dockerBENCH/helios16p_ws/install/vicon_receiver/include/boost/preprocessor/list/detail/limits
[23.461s] -- Installing: /home/ph/treasure/dockerBENCH/helios16p_ws/install/vicon_receiver/include/boost/preprocessor/list/detail/limits/fold_right_1024.hpp
[23.462s] -- Installing: /home/ph/treasure/dockerBENCH/helios16p_ws/install/vicon_receiver/include/boost/preprocessor/list/detail/limits/fold_right_512.hpp
[23.464s] -- Installing: /home/ph/treasure/dockerBENCH/helios16p_ws/install/vicon_receiver/include/boost/preprocessor/list/detail/limits/fold_left_512.hpp
[23.466s] -- Installing: /home/ph/treasure/dockerBENCH/helios16p_ws/install/vicon_receiver/include/boost/preprocessor/list/detail/limits/fold_left_256.hpp
[23.467s] -- Installing: /home/ph/treasure/dockerBENCH/helios16p_ws/install/vicon_receiver/include/boost/preprocessor/list/detail/limits/fold_left_1024.hpp
[23.468s] -- Installing: /home/ph/treasure/dockerBENCH/helios16p_ws/install/vicon_receiver/include/boost/preprocessor/list/detail/limits/fold_right_256.hpp
[23.469s] -- Installing: /home/ph/treasure/dockerBENCH/helios16p_ws/install/vicon_receiver/include/boost/preprocessor/list/fold_left.hpp
[23.471s] -- Installing: /home/ph/treasure/dockerBENCH/helios16p_ws/install/vicon_receiver/include/boost/preprocessor/list/reverse.hpp
[23.471s] -- Installing: /home/ph/treasure/dockerBENCH/helios16p_ws/install/vicon_receiver/include/boost/preprocessor/list/for_each_i.hpp
[23.472s] -- Installing: /home/ph/treasure/dockerBENCH/helios16p_ws/install/vicon_receiver/include/boost/preprocessor/list/fold_right.hpp
[23.473s] -- Installing: /home/ph/treasure/dockerBENCH/helios16p_ws/install/vicon_receiver/include/boost/preprocessor/list/limits
[23.473s] -- Installing: /home/ph/treasure/dockerBENCH/helios16p_ws/install/vicon_receiver/include/boost/preprocessor/list/limits/fold_left_512.hpp
[23.474s] -- Installing: /home/ph/treasure/dockerBENCH/helios16p_ws/install/vicon_receiver/include/boost/preprocessor/list/limits/fold_left_256.hpp
[23.475s] -- Installing: /home/ph/treasure/dockerBENCH/helios16p_ws/install/vicon_receiver/include/boost/preprocessor/list/limits/fold_left_1024.hpp
[23.477s] -- Installing: /home/ph/treasure/dockerBENCH/helios16p_ws/install/vicon_receiver/include/boost/preprocessor/facilities
[23.477s] -- Installing: /home/ph/treasure/dockerBENCH/helios16p_ws/install/vicon_receiver/include/boost/preprocessor/facilities/empty.hpp
[23.478s] -- Installing: /home/ph/treasure/dockerBENCH/helios16p_ws/install/vicon_receiver/include/boost/preprocessor/facilities/is_empty_variadic.hpp
[23.478s] -- Installing: /home/ph/treasure/dockerBENCH/helios16p_ws/install/vicon_receiver/include/boost/preprocessor/facilities/detail
[23.479s] -- Installing: /home/ph/treasure/dockerBENCH/helios16p_ws/install/vicon_receiver/include/boost/preprocessor/facilities/detail/is_empty.hpp
[23.480s] -- Installing: /home/ph/treasure/dockerBENCH/helios16p_ws/install/vicon_receiver/include/boost/preprocessor/facilities/check_empty.hpp
[23.480s] -- Installing: /home/ph/treasure/dockerBENCH/helios16p_ws/install/vicon_receiver/include/boost/preprocessor/facilities/expand.hpp
[23.481s] -- Installing: /home/ph/treasure/dockerBENCH/helios16p_ws/install/vicon_receiver/include/boost/preprocessor/facilities/is_empty.hpp
[23.481s] -- Installing: /home/ph/treasure/dockerBENCH/helios16p_ws/install/vicon_receiver/include/boost/preprocessor/facilities/identity.hpp
[23.482s] -- Installing: /home/ph/treasure/dockerBENCH/helios16p_ws/install/vicon_receiver/include/boost/preprocessor/facilities/overload.hpp
[23.483s] -- Installing: /home/ph/treasure/dockerBENCH/helios16p_ws/install/vicon_receiver/include/boost/preprocessor/facilities/is_1.hpp
[23.484s] -- Installing: /home/ph/treasure/dockerBENCH/helios16p_ws/install/vicon_receiver/include/boost/preprocessor/facilities/intercept.hpp
[23.484s] -- Installing: /home/ph/treasure/dockerBENCH/helios16p_ws/install/vicon_receiver/include/boost/preprocessor/facilities/limits
[23.485s] -- Installing: /home/ph/treasure/dockerBENCH/helios16p_ws/install/vicon_receiver/include/boost/preprocessor/facilities/limits/intercept_1024.hpp
[23.487s] -- Installing: /home/ph/treasure/dockerBENCH/helios16p_ws/install/vicon_receiver/include/boost/preprocessor/facilities/limits/intercept_512.hpp
[23.488s] -- Installing: /home/ph/treasure/dockerBENCH/helios16p_ws/install/vicon_receiver/include/boost/preprocessor/facilities/limits/intercept_256.hpp
[23.489s] -- Installing: /home/ph/treasure/dockerBENCH/helios16p_ws/install/vicon_receiver/include/boost/preprocessor/arithmetic
[23.489s] -- Installing: /home/ph/treasure/dockerBENCH/helios16p_ws/install/vicon_receiver/include/boost/preprocessor/arithmetic/detail
[23.490s] -- Installing: /home/ph/treasure/dockerBENCH/helios16p_ws/install/vicon_receiver/include/boost/preprocessor/arithmetic/detail/is_1_number.hpp
[23.490s] -- Installing: /home/ph/treasure/dockerBENCH/helios16p_ws/install/vicon_receiver/include/boost/preprocessor/arithmetic/detail/div_base.hpp
[23.491s] -- Installing: /home/ph/treasure/dockerBENCH/helios16p_ws/install/vicon_receiver/include/boost/preprocessor/arithmetic/detail/maximum_number.hpp
[23.491s] -- Installing: /home/ph/treasure/dockerBENCH/helios16p_ws/install/vicon_receiver/include/boost/preprocessor/arithmetic/detail/is_maximum_number.hpp
[23.492s] -- Installing: /home/ph/treasure/dockerBENCH/helios16p_ws/install/vicon_receiver/include/boost/preprocessor/arithmetic/detail/is_minimum_number.hpp
[23.493s] -- Installing: /home/ph/treasure/dockerBENCH/helios16p_ws/install/vicon_receiver/include/boost/preprocessor/arithmetic/sub.hpp
[23.493s] -- Installing: /home/ph/treasure/dockerBENCH/helios16p_ws/install/vicon_receiver/include/boost/preprocessor/arithmetic/add.hpp
[23.494s] -- Installing: /home/ph/treasure/dockerBENCH/helios16p_ws/install/vicon_receiver/include/boost/preprocessor/arithmetic/div.hpp
[23.494s] -- Installing: /home/ph/treasure/dockerBENCH/helios16p_ws/install/vicon_receiver/include/boost/preprocessor/arithmetic/inc.hpp
[23.495s] -- Installing: /home/ph/treasure/dockerBENCH/helios16p_ws/install/vicon_receiver/include/boost/preprocessor/arithmetic/dec.hpp
[23.496s] -- Installing: /home/ph/treasure/dockerBENCH/helios16p_ws/install/vicon_receiver/include/boost/preprocessor/arithmetic/mul.hpp
[23.496s] -- Installing: /home/ph/treasure/dockerBENCH/helios16p_ws/install/vicon_receiver/include/boost/preprocessor/arithmetic/limits
[23.497s] -- Installing: /home/ph/treasure/dockerBENCH/helios16p_ws/install/vicon_receiver/include/boost/preprocessor/arithmetic/limits/inc_256.hpp
[23.498s] -- Installing: /home/ph/treasure/dockerBENCH/helios16p_ws/install/vicon_receiver/include/boost/preprocessor/arithmetic/limits/dec_512.hpp
[23.498s] -- Installing: /home/ph/treasure/dockerBENCH/helios16p_ws/install/vicon_receiver/include/boost/preprocessor/arithmetic/limits/inc_1024.hpp
[23.500s] -- Installing: /home/ph/treasure/dockerBENCH/helios16p_ws/install/vicon_receiver/include/boost/preprocessor/arithmetic/limits/dec_256.hpp
[23.501s] -- Installing: /home/ph/treasure/dockerBENCH/helios16p_ws/install/vicon_receiver/include/boost/preprocessor/arithmetic/limits/dec_1024.hpp
[23.501s] -- Installing: /home/ph/treasure/dockerBENCH/helios16p_ws/install/vicon_receiver/include/boost/preprocessor/arithmetic/limits/inc_512.hpp
[23.502s] -- Installing: /home/ph/treasure/dockerBENCH/helios16p_ws/install/vicon_receiver/include/boost/preprocessor/arithmetic/mod.hpp
[23.503s] -- Installing: /home/ph/treasure/dockerBENCH/helios16p_ws/install/vicon_receiver/include/boost/preprocessor/array
[23.503s] -- Installing: /home/ph/treasure/dockerBENCH/helios16p_ws/install/vicon_receiver/include/boost/preprocessor/array/elem.hpp
[23.504s] -- Installing: /home/ph/treasure/dockerBENCH/helios16p_ws/install/vicon_receiver/include/boost/preprocessor/array/size.hpp
[23.505s] -- Installing: /home/ph/treasure/dockerBENCH/helios16p_ws/install/vicon_receiver/include/boost/preprocessor/array/data.hpp
[23.505s] -- Installing: /home/ph/treasure/dockerBENCH/helios16p_ws/install/vicon_receiver/include/boost/preprocessor/enum_params_with_a_default.hpp
[23.506s] -- Installing: /home/ph/treasure/dockerBENCH/helios16p_ws/install/vicon_receiver/include/boost/preprocessor/comma_if.hpp
[23.507s] -- Installing: /home/ph/treasure/dockerBENCH/helios16p_ws/install/vicon_receiver/include/boost/preprocessor/inc.hpp
[23.507s] -- Installing: /home/ph/treasure/dockerBENCH/helios16p_ws/install/vicon_receiver/include/boost/preprocessor/comparison
[23.508s] -- Installing: /home/ph/treasure/dockerBENCH/helios16p_ws/install/vicon_receiver/include/boost/preprocessor/comparison/not_equal.hpp
[23.510s] -- Installing: /home/ph/treasure/dockerBENCH/helios16p_ws/install/vicon_receiver/include/boost/preprocessor/comparison/less_equal.hpp
[23.510s] -- Installing: /home/ph/treasure/dockerBENCH/helios16p_ws/install/vicon_receiver/include/boost/preprocessor/comparison/less.hpp
[23.511s] -- Installing: /home/ph/treasure/dockerBENCH/helios16p_ws/install/vicon_receiver/include/boost/preprocessor/comparison/limits
[23.512s] -- Installing: /home/ph/treasure/dockerBENCH/helios16p_ws/install/vicon_receiver/include/boost/preprocessor/comparison/limits/not_equal_1024.hpp
[23.513s] -- Installing: /home/ph/treasure/dockerBENCH/helios16p_ws/install/vicon_receiver/include/boost/preprocessor/comparison/limits/not_equal_512.hpp
[23.515s] -- Installing: /home/ph/treasure/dockerBENCH/helios16p_ws/install/vicon_receiver/include/boost/preprocessor/comparison/limits/not_equal_256.hpp
[23.517s] -- Installing: /home/ph/treasure/dockerBENCH/helios16p_ws/install/vicon_receiver/include/boost/preprocessor/comparison/equal.hpp
[23.518s] -- Installing: /home/ph/treasure/dockerBENCH/helios16p_ws/install/vicon_receiver/include/boost/preprocessor/enum_params.hpp
[23.520s] -- Installing: /home/ph/treasure/dockerBENCH/helios16p_ws/install/vicon_receiver/include/boost/preprocessor/repetition
[23.520s] -- Installing: /home/ph/treasure/dockerBENCH/helios16p_ws/install/vicon_receiver/include/boost/preprocessor/repetition/enum_shifted_params.hpp
[23.521s] -- Installing: /home/ph/treasure/dockerBENCH/helios16p_ws/install/vicon_receiver/include/boost/preprocessor/repetition/detail
[23.521s] -- Installing: /home/ph/treasure/dockerBENCH/helios16p_ws/install/vicon_receiver/include/boost/preprocessor/repetition/detail/for.hpp
[23.523s] -- Installing: /home/ph/treasure/dockerBENCH/helios16p_ws/install/vicon_receiver/include/boost/preprocessor/repetition/detail/edg
[23.523s] -- Installing: /home/ph/treasure/dockerBENCH/helios16p_ws/install/vicon_receiver/include/boost/preprocessor/repetition/detail/edg/for.hpp
[23.525s] -- Installing: /home/ph/treasure/dockerBENCH/helios16p_ws/install/vicon_receiver/include/boost/preprocessor/repetition/detail/edg/limits
[23.526s] -- Installing: /home/ph/treasure/dockerBENCH/helios16p_ws/install/vicon_receiver/include/boost/preprocessor/repetition/detail/edg/limits/for_256.hpp
[23.528s] -- Installing: /home/ph/treasure/dockerBENCH/helios16p_ws/install/vicon_receiver/include/boost/preprocessor/repetition/detail/edg/limits/for_512.hpp
[23.529s] -- Installing: /home/ph/treasure/dockerBENCH/helios16p_ws/install/vicon_receiver/include/boost/preprocessor/repetition/detail/edg/limits/for_1024.hpp
[23.530s] -- Installing: /home/ph/treasure/dockerBENCH/helios16p_ws/install/vicon_receiver/include/boost/preprocessor/repetition/detail/msvc
[23.531s] -- Installing: /home/ph/treasure/dockerBENCH/helios16p_ws/install/vicon_receiver/include/boost/preprocessor/repetition/detail/msvc/for.hpp
[23.533s] -- Installing: /home/ph/treasure/dockerBENCH/helios16p_ws/install/vicon_receiver/include/boost/preprocessor/repetition/detail/dmc
[23.535s] -- Installing: /home/ph/treasure/dockerBENCH/helios16p_ws/install/vicon_receiver/include/boost/preprocessor/repetition/detail/dmc/for.hpp
[23.536s] -- Installing: /home/ph/treasure/dockerBENCH/helios16p_ws/install/vicon_receiver/include/boost/preprocessor/repetition/detail/limits
[23.536s] -- Installing: /home/ph/treasure/dockerBENCH/helios16p_ws/install/vicon_receiver/include/boost/preprocessor/repetition/detail/limits/for_256.hpp
[23.538s] -- Installing: /home/ph/treasure/dockerBENCH/helios16p_ws/install/vicon_receiver/include/boost/preprocessor/repetition/detail/limits/for_512.hpp
[23.539s] -- Installing: /home/ph/treasure/dockerBENCH/helios16p_ws/install/vicon_receiver/include/boost/preprocessor/repetition/detail/limits/for_1024.hpp
[23.541s] -- Installing: /home/ph/treasure/dockerBENCH/helios16p_ws/install/vicon_receiver/include/boost/preprocessor/repetition/enum_shifted.hpp
[23.542s] -- Installing: /home/ph/treasure/dockerBENCH/helios16p_ws/install/vicon_receiver/include/boost/preprocessor/repetition/for.hpp
[23.543s] -- Installing: /home/ph/treasure/dockerBENCH/helios16p_ws/install/vicon_receiver/include/boost/preprocessor/repetition/enum_params_with_a_default.hpp
[23.544s] -- Installing: /home/ph/treasure/dockerBENCH/helios16p_ws/install/vicon_receiver/include/boost/preprocessor/repetition/enum_params.hpp
[23.544s] -- Installing: /home/ph/treasure/dockerBENCH/helios16p_ws/install/vicon_receiver/include/boost/preprocessor/repetition/enum_trailing.hpp
[23.545s] -- Installing: /home/ph/treasure/dockerBENCH/helios16p_ws/install/vicon_receiver/include/boost/preprocessor/repetition/enum_trailing_params.hpp
[23.546s] -- Installing: /home/ph/treasure/dockerBENCH/helios16p_ws/install/vicon_receiver/include/boost/preprocessor/repetition/enum.hpp
[23.546s] -- Installing: /home/ph/treasure/dockerBENCH/helios16p_ws/install/vicon_receiver/include/boost/preprocessor/repetition/enum_binary_params.hpp
[23.547s] -- Installing: /home/ph/treasure/dockerBENCH/helios16p_ws/install/vicon_receiver/include/boost/preprocessor/repetition/repeat.hpp
[23.548s] -- Installing: /home/ph/treasure/dockerBENCH/helios16p_ws/install/vicon_receiver/include/boost/preprocessor/repetition/limits
[23.549s] -- Installing: /home/ph/treasure/dockerBENCH/helios16p_ws/install/vicon_receiver/include/boost/preprocessor/repetition/limits/for_256.hpp
[23.550s] -- Installing: /home/ph/treasure/dockerBENCH/helios16p_ws/install/vicon_receiver/include/boost/preprocessor/repetition/limits/repeat_1024.hpp
[23.553s] -- Installing: /home/ph/treasure/dockerBENCH/helios16p_ws/install/vicon_receiver/include/boost/preprocessor/repetition/limits/repeat_256.hpp
[23.554s] -- Installing: /home/ph/treasure/dockerBENCH/helios16p_ws/install/vicon_receiver/include/boost/preprocessor/repetition/limits/repeat_512.hpp
[23.556s] -- Installing: /home/ph/treasure/dockerBENCH/helios16p_ws/install/vicon_receiver/include/boost/preprocessor/repetition/limits/for_512.hpp
[23.556s] -- Installing: /home/ph/treasure/dockerBENCH/helios16p_ws/install/vicon_receiver/include/boost/preprocessor/repetition/limits/for_1024.hpp
[23.557s] -- Installing: /home/ph/treasure/dockerBENCH/helios16p_ws/install/vicon_receiver/include/boost/preprocessor/repetition/repeat_from_to.hpp
[23.558s] -- Installing: /home/ph/treasure/dockerBENCH/helios16p_ws/install/vicon_receiver/include/boost/preprocessor/dec.hpp
[23.558s] -- Installing: /home/ph/treasure/dockerBENCH/helios16p_ws/install/vicon_receiver/include/boost/preprocessor/identity.hpp
[23.559s] -- Installing: /home/ph/treasure/dockerBENCH/helios16p_ws/install/vicon_receiver/include/boost/preprocessor/iterate.hpp
[23.560s] -- Installing: /home/ph/treasure/dockerBENCH/helios16p_ws/install/vicon_receiver/include/boost/preprocessor/variadic
[23.560s] -- Installing: /home/ph/treasure/dockerBENCH/helios16p_ws/install/vicon_receiver/include/boost/preprocessor/variadic/detail
[23.561s] -- Installing: /home/ph/treasure/dockerBENCH/helios16p_ws/install/vicon_receiver/include/boost/preprocessor/variadic/detail/has_opt.hpp
[23.562s] -- Installing: /home/ph/treasure/dockerBENCH/helios16p_ws/install/vicon_receiver/include/boost/preprocessor/variadic/elem.hpp
[23.562s] -- Installing: /home/ph/treasure/dockerBENCH/helios16p_ws/install/vicon_receiver/include/boost/preprocessor/variadic/has_opt.hpp
[23.563s] -- Installing: /home/ph/treasure/dockerBENCH/helios16p_ws/install/vicon_receiver/include/boost/preprocessor/variadic/limits
[23.564s] -- Installing: /home/ph/treasure/dockerBENCH/helios16p_ws/install/vicon_receiver/include/boost/preprocessor/variadic/limits/size_256.hpp
[23.564s] -- Installing: /home/ph/treasure/dockerBENCH/helios16p_ws/install/vicon_receiver/include/boost/preprocessor/variadic/limits/size_128.hpp
[23.565s] -- Installing: /home/ph/treasure/dockerBENCH/helios16p_ws/install/vicon_receiver/include/boost/preprocessor/variadic/limits/elem_64.hpp
[23.565s] -- Installing: /home/ph/treasure/dockerBENCH/helios16p_ws/install/vicon_receiver/include/boost/preprocessor/variadic/limits/elem_128.hpp
[23.567s] -- Installing: /home/ph/treasure/dockerBENCH/helios16p_ws/install/vicon_receiver/include/boost/preprocessor/variadic/limits/size_64.hpp
[23.568s] -- Installing: /home/ph/treasure/dockerBENCH/helios16p_ws/install/vicon_receiver/include/boost/preprocessor/variadic/limits/elem_256.hpp
[23.570s] -- Installing: /home/ph/treasure/dockerBENCH/helios16p_ws/install/vicon_receiver/include/boost/preprocessor/variadic/size.hpp
[23.570s] -- Installing: /home/ph/treasure/dockerBENCH/helios16p_ws/install/vicon_receiver/include/boost/preprocessor/if.hpp
[23.571s] -- Installing: /home/ph/treasure/dockerBENCH/helios16p_ws/install/vicon_receiver/include/boost/preprocessor/control
[23.571s] -- Installing: /home/ph/treasure/dockerBENCH/helios16p_ws/install/vicon_receiver/include/boost/preprocessor/control/expr_if.hpp
[23.572s] -- Installing: /home/ph/treasure/dockerBENCH/helios16p_ws/install/vicon_receiver/include/boost/preprocessor/control/detail
[23.573s] -- Installing: /home/ph/treasure/dockerBENCH/helios16p_ws/install/vicon_receiver/include/boost/preprocessor/control/detail/while.hpp
[23.574s] -- Installing: /home/ph/treasure/dockerBENCH/helios16p_ws/install/vicon_receiver/include/boost/preprocessor/control/detail/edg
[23.575s] -- Installing: /home/ph/treasure/dockerBENCH/helios16p_ws/install/vicon_receiver/include/boost/preprocessor/control/detail/edg/while.hpp
[23.576s] -- Installing: /home/ph/treasure/dockerBENCH/helios16p_ws/install/vicon_receiver/include/boost/preprocessor/control/detail/edg/limits
[23.576s] -- Installing: /home/ph/treasure/dockerBENCH/helios16p_ws/install/vicon_receiver/include/boost/preprocessor/control/detail/edg/limits/while_1024.hpp
[23.578s] -- Installing: /home/ph/treasure/dockerBENCH/helios16p_ws/install/vicon_receiver/include/boost/preprocessor/control/detail/edg/limits/while_512.hpp
[23.579s] -- Installing: /home/ph/treasure/dockerBENCH/helios16p_ws/install/vicon_receiver/include/boost/preprocessor/control/detail/edg/limits/while_256.hpp
[23.580s] -- Installing: /home/ph/treasure/dockerBENCH/helios16p_ws/install/vicon_receiver/include/boost/preprocessor/control/detail/msvc
[23.581s] -- Installing: /home/ph/treasure/dockerBENCH/helios16p_ws/install/vicon_receiver/include/boost/preprocessor/control/detail/msvc/while.hpp
[23.583s] -- Installing: /home/ph/treasure/dockerBENCH/helios16p_ws/install/vicon_receiver/include/boost/preprocessor/control/detail/dmc
[23.584s] -- Installing: /home/ph/treasure/dockerBENCH/helios16p_ws/install/vicon_receiver/include/boost/preprocessor/control/detail/dmc/while.hpp
[23.586s] -- Installing: /home/ph/treasure/dockerBENCH/helios16p_ws/install/vicon_receiver/include/boost/preprocessor/control/detail/limits
[23.586s] -- Installing: /home/ph/treasure/dockerBENCH/helios16p_ws/install/vicon_receiver/include/boost/preprocessor/control/detail/limits/while_1024.hpp
[23.588s] -- Installing: /home/ph/treasure/dockerBENCH/helios16p_ws/install/vicon_receiver/include/boost/preprocessor/control/detail/limits/while_512.hpp
[23.590s] -- Installing: /home/ph/treasure/dockerBENCH/helios16p_ws/install/vicon_receiver/include/boost/preprocessor/control/detail/limits/while_256.hpp
[23.591s] -- Installing: /home/ph/treasure/dockerBENCH/helios16p_ws/install/vicon_receiver/include/boost/preprocessor/control/expr_iif.hpp
[23.592s] -- Installing: /home/ph/treasure/dockerBENCH/helios16p_ws/install/vicon_receiver/include/boost/preprocessor/control/iif.hpp
[23.592s] -- Installing: /home/ph/treasure/dockerBENCH/helios16p_ws/install/vicon_receiver/include/boost/preprocessor/control/deduce_d.hpp
[23.593s] -- Installing: /home/ph/treasure/dockerBENCH/helios16p_ws/install/vicon_receiver/include/boost/preprocessor/control/if.hpp
[23.593s] -- Installing: /home/ph/treasure/dockerBENCH/helios16p_ws/install/vicon_receiver/include/boost/preprocessor/control/while.hpp
[23.594s] -- Installing: /home/ph/treasure/dockerBENCH/helios16p_ws/install/vicon_receiver/include/boost/preprocessor/control/limits
[23.595s] -- Installing: /home/ph/treasure/dockerBENCH/helios16p_ws/install/vicon_receiver/include/boost/preprocessor/control/limits/while_1024.hpp
[23.596s] -- Installing: /home/ph/treasure/dockerBENCH/helios16p_ws/install/vicon_receiver/include/boost/preprocessor/control/limits/while_512.hpp
[23.597s] -- Installing: /home/ph/treasure/dockerBENCH/helios16p_ws/install/vicon_receiver/include/boost/preprocessor/control/limits/while_256.hpp
[23.597s] -- Installing: /home/ph/treasure/dockerBENCH/helios16p_ws/install/vicon_receiver/include/boost/preprocessor/tuple
[23.598s] -- Installing: /home/ph/treasure/dockerBENCH/helios16p_ws/install/vicon_receiver/include/boost/preprocessor/tuple/detail
[23.599s] -- Installing: /home/ph/treasure/dockerBENCH/helios16p_ws/install/vicon_receiver/include/boost/preprocessor/tuple/detail/is_single_return.hpp
[23.600s] -- Installing: /home/ph/treasure/dockerBENCH/helios16p_ws/install/vicon_receiver/include/boost/preprocessor/tuple/rem.hpp
[23.601s] -- Installing: /home/ph/treasure/dockerBENCH/helios16p_ws/install/vicon_receiver/include/boost/preprocessor/tuple/elem.hpp
[23.602s] -- Installing: /home/ph/treasure/dockerBENCH/helios16p_ws/install/vicon_receiver/include/boost/preprocessor/tuple/eat.hpp
[23.603s] -- Installing: /home/ph/treasure/dockerBENCH/helios16p_ws/install/vicon_receiver/include/boost/preprocessor/tuple/limits
[23.603s] -- Installing: /home/ph/treasure/dockerBENCH/helios16p_ws/install/vicon_receiver/include/boost/preprocessor/tuple/limits/to_list_256.hpp
[23.606s] -- Installing: /home/ph/treasure/dockerBENCH/helios16p_ws/install/vicon_receiver/include/boost/preprocessor/tuple/limits/to_list_128.hpp
[23.607s] -- Installing: /home/ph/treasure/dockerBENCH/helios16p_ws/install/vicon_receiver/include/boost/preprocessor/tuple/limits/to_list_64.hpp
[23.608s] -- Installing: /home/ph/treasure/dockerBENCH/helios16p_ws/install/vicon_receiver/include/boost/preprocessor/tuple/size.hpp
[23.609s] -- Installing: /home/ph/treasure/dockerBENCH/helios16p_ws/install/vicon_receiver/include/boost/preprocessor/tuple/to_list.hpp
[23.610s] -- Installing: /home/ph/treasure/dockerBENCH/helios16p_ws/install/vicon_receiver/include/boost/preprocessor/enum.hpp
[23.610s] -- Installing: /home/ph/treasure/dockerBENCH/helios16p_ws/install/vicon_receiver/include/boost/preprocessor/punctuation
[23.611s] -- Installing: /home/ph/treasure/dockerBENCH/helios16p_ws/install/vicon_receiver/include/boost/preprocessor/punctuation/detail
[23.612s] -- Installing: /home/ph/treasure/dockerBENCH/helios16p_ws/install/vicon_receiver/include/boost/preprocessor/punctuation/detail/is_begin_parens.hpp
[23.613s] -- Installing: /home/ph/treasure/dockerBENCH/helios16p_ws/install/vicon_receiver/include/boost/preprocessor/punctuation/comma_if.hpp
[23.613s] -- Installing: /home/ph/treasure/dockerBENCH/helios16p_ws/install/vicon_receiver/include/boost/preprocessor/punctuation/comma.hpp
[23.614s] -- Installing: /home/ph/treasure/dockerBENCH/helios16p_ws/install/vicon_receiver/include/boost/preprocessor/punctuation/is_begin_parens.hpp
[23.615s] -- Installing: /home/ph/treasure/dockerBENCH/helios16p_ws/install/vicon_receiver/include/boost/preprocessor/cat.hpp
[23.616s] -- Installing: /home/ph/treasure/dockerBENCH/helios16p_ws/install/vicon_receiver/include/boost/preprocessor/slot
[23.617s] -- Installing: /home/ph/treasure/dockerBENCH/helios16p_ws/install/vicon_receiver/include/boost/preprocessor/slot/detail
[23.618s] -- Installing: /home/ph/treasure/dockerBENCH/helios16p_ws/install/vicon_receiver/include/boost/preprocessor/slot/detail/counter.hpp
[23.619s] -- Installing: /home/ph/treasure/dockerBENCH/helios16p_ws/install/vicon_receiver/include/boost/preprocessor/slot/detail/def.hpp
[23.619s] -- Installing: /home/ph/treasure/dockerBENCH/helios16p_ws/install/vicon_receiver/include/boost/preprocessor/slot/detail/slot1.hpp
[23.620s] -- Installing: /home/ph/treasure/dockerBENCH/helios16p_ws/install/vicon_receiver/include/boost/preprocessor/slot/detail/slot3.hpp
[23.621s] -- Installing: /home/ph/treasure/dockerBENCH/helios16p_ws/install/vicon_receiver/include/boost/preprocessor/slot/detail/slot5.hpp
[23.622s] -- Installing: /home/ph/treasure/dockerBENCH/helios16p_ws/install/vicon_receiver/include/boost/preprocessor/slot/detail/shared.hpp
[23.623s] -- Installing: /home/ph/treasure/dockerBENCH/helios16p_ws/install/vicon_receiver/include/boost/preprocessor/slot/detail/slot2.hpp
[23.624s] -- Installing: /home/ph/treasure/dockerBENCH/helios16p_ws/install/vicon_receiver/include/boost/preprocessor/slot/detail/slot4.hpp
[23.625s] -- Installing: /home/ph/treasure/dockerBENCH/helios16p_ws/install/vicon_receiver/include/boost/preprocessor/slot/slot.hpp
[23.625s] -- Installing: /home/ph/treasure/dockerBENCH/helios16p_ws/install/vicon_receiver/include/boost/preprocessor/debug
[23.626s] -- Installing: /home/ph/treasure/dockerBENCH/helios16p_ws/install/vicon_receiver/include/boost/preprocessor/debug/error.hpp
[23.626s] -- Installing: /home/ph/treasure/dockerBENCH/helios16p_ws/install/vicon_receiver/include/boost/preprocessor/repeat.hpp
[23.627s] -- Installing: /home/ph/treasure/dockerBENCH/helios16p_ws/install/vicon_receiver/include/boost/preprocessor/repeat_from_to.hpp
[23.628s] -- Installing: /home/ph/treasure/dockerBENCH/helios16p_ws/install/vicon_receiver/include/boost/preprocessor/seq
[23.629s] -- Installing: /home/ph/treasure/dockerBENCH/helios16p_ws/install/vicon_receiver/include/boost/preprocessor/seq/transform.hpp
[23.629s] -- Installing: /home/ph/treasure/dockerBENCH/helios16p_ws/install/vicon_receiver/include/boost/preprocessor/seq/first_n.hpp
[23.630s] -- Installing: /home/ph/treasure/dockerBENCH/helios16p_ws/install/vicon_receiver/include/boost/preprocessor/seq/detail
[23.631s] -- Installing: /home/ph/treasure/dockerBENCH/helios16p_ws/install/vicon_receiver/include/boost/preprocessor/seq/detail/is_empty.hpp
[23.631s] -- Installing: /home/ph/treasure/dockerBENCH/helios16p_ws/install/vicon_receiver/include/boost/preprocessor/seq/detail/split.hpp
[23.632s] -- Installing: /home/ph/treasure/dockerBENCH/helios16p_ws/install/vicon_receiver/include/boost/preprocessor/seq/detail/limits
[23.633s] -- Installing: /home/ph/treasure/dockerBENCH/helios16p_ws/install/vicon_receiver/include/boost/preprocessor/seq/detail/limits/split_512.hpp
[23.634s] -- Installing: /home/ph/treasure/dockerBENCH/helios16p_ws/install/vicon_receiver/include/boost/preprocessor/seq/detail/limits/split_1024.hpp
[23.636s] -- Installing: /home/ph/treasure/dockerBENCH/helios16p_ws/install/vicon_receiver/include/boost/preprocessor/seq/detail/limits/split_256.hpp
[23.636s] -- Installing: /home/ph/treasure/dockerBENCH/helios16p_ws/install/vicon_receiver/include/boost/preprocessor/seq/fold_left.hpp
[23.638s] -- Installing: /home/ph/treasure/dockerBENCH/helios16p_ws/install/vicon_receiver/include/boost/preprocessor/seq/seq.hpp
[23.639s] -- Installing: /home/ph/treasure/dockerBENCH/helios16p_ws/install/vicon_receiver/include/boost/preprocessor/seq/rest_n.hpp
[23.639s] -- Installing: /home/ph/treasure/dockerBENCH/helios16p_ws/install/vicon_receiver/include/boost/preprocessor/seq/elem.hpp
[23.641s] -- Installing: /home/ph/treasure/dockerBENCH/helios16p_ws/install/vicon_receiver/include/boost/preprocessor/seq/subseq.hpp
[23.641s] -- Installing: /home/ph/treasure/dockerBENCH/helios16p_ws/install/vicon_receiver/include/boost/preprocessor/seq/for_each_i.hpp
[23.642s] -- Installing: /home/ph/treasure/dockerBENCH/helios16p_ws/install/vicon_receiver/include/boost/preprocessor/seq/enum.hpp
[23.643s] -- Installing: /home/ph/treasure/dockerBENCH/helios16p_ws/install/vicon_receiver/include/boost/preprocessor/seq/cat.hpp
[23.644s] -- Installing: /home/ph/treasure/dockerBENCH/helios16p_ws/install/vicon_receiver/include/boost/preprocessor/seq/limits
[23.644s] -- Installing: /home/ph/treasure/dockerBENCH/helios16p_ws/install/vicon_receiver/include/boost/preprocessor/seq/limits/size_512.hpp
[23.646s] -- Installing: /home/ph/treasure/dockerBENCH/helios16p_ws/install/vicon_receiver/include/boost/preprocessor/seq/limits/enum_256.hpp
[23.646s] -- Installing: /home/ph/treasure/dockerBENCH/helios16p_ws/install/vicon_receiver/include/boost/preprocessor/seq/limits/enum_512.hpp
[23.647s] -- Installing: /home/ph/treasure/dockerBENCH/helios16p_ws/install/vicon_receiver/include/boost/preprocessor/seq/limits/size_1024.hpp
[23.648s] -- Installing: /home/ph/treasure/dockerBENCH/helios16p_ws/install/vicon_receiver/include/boost/preprocessor/seq/limits/size_256.hpp
[23.649s] -- Installing: /home/ph/treasure/dockerBENCH/helios16p_ws/install/vicon_receiver/include/boost/preprocessor/seq/limits/elem_1024.hpp
[23.650s] -- Installing: /home/ph/treasure/dockerBENCH/helios16p_ws/install/vicon_receiver/include/boost/preprocessor/seq/limits/elem_512.hpp
[23.651s] -- Installing: /home/ph/treasure/dockerBENCH/helios16p_ws/install/vicon_receiver/include/boost/preprocessor/seq/limits/enum_1024.hpp
[23.652s] -- Installing: /home/ph/treasure/dockerBENCH/helios16p_ws/install/vicon_receiver/include/boost/preprocessor/seq/limits/fold_left_512.hpp
[23.653s] -- Installing: /home/ph/treasure/dockerBENCH/helios16p_ws/install/vicon_receiver/include/boost/preprocessor/seq/limits/fold_left_256.hpp
[23.655s] -- Installing: /home/ph/treasure/dockerBENCH/helios16p_ws/install/vicon_receiver/include/boost/preprocessor/seq/limits/fold_left_1024.hpp
[23.656s] -- Installing: /home/ph/treasure/dockerBENCH/helios16p_ws/install/vicon_receiver/include/boost/preprocessor/seq/limits/elem_256.hpp
[23.657s] -- Installing: /home/ph/treasure/dockerBENCH/helios16p_ws/install/vicon_receiver/include/boost/preprocessor/seq/size.hpp
[23.658s] -- Installing: /home/ph/treasure/dockerBENCH/helios16p_ws/install/vicon_receiver/include/boost/filesystem.hpp
[23.659s] -- Installing: /home/ph/treasure/dockerBENCH/helios16p_ws/install/vicon_receiver/include/boost/date_time
[23.660s] -- Installing: /home/ph/treasure/dockerBENCH/helios16p_ws/install/vicon_receiver/include/boost/date_time/date.hpp
[23.661s] -- Installing: /home/ph/treasure/dockerBENCH/helios16p_ws/install/vicon_receiver/include/boost/date_time/special_defs.hpp
[23.661s] -- Installing: /home/ph/treasure/dockerBENCH/helios16p_ws/install/vicon_receiver/include/boost/date_time/find_match.hpp
[23.661s] -- Installing: /home/ph/treasure/dockerBENCH/helios16p_ws/install/vicon_receiver/include/boost/date_time/constrained_value.hpp
[23.662s] -- Installing: /home/ph/treasure/dockerBENCH/helios16p_ws/install/vicon_receiver/include/boost/date_time/adjust_functors.hpp
[23.663s] -- Installing: /home/ph/treasure/dockerBENCH/helios16p_ws/install/vicon_receiver/include/boost/date_time/time_defs.hpp
[23.664s] -- Installing: /home/ph/treasure/dockerBENCH/helios16p_ws/install/vicon_receiver/include/boost/date_time/int_adapter.hpp
[23.664s] -- Installing: /home/ph/treasure/dockerBENCH/helios16p_ws/install/vicon_receiver/include/boost/date_time/time_system_split.hpp
[23.665s] -- Installing: /home/ph/treasure/dockerBENCH/helios16p_ws/install/vicon_receiver/include/boost/date_time/gregorian_calendar.ipp
[23.666s] -- Installing: /home/ph/treasure/dockerBENCH/helios16p_ws/install/vicon_receiver/include/boost/date_time/date_names_put.hpp
[23.666s] -- Installing: /home/ph/treasure/dockerBENCH/helios16p_ws/install/vicon_receiver/include/boost/date_time/special_values_formatter.hpp
[23.669s] -- Installing: /home/ph/treasure/dockerBENCH/helios16p_ws/install/vicon_receiver/include/boost/date_time/string_parse_tree.hpp
[23.674s] -- Installing: /home/ph/treasure/dockerBENCH/helios16p_ws/install/vicon_receiver/include/boost/date_time/date_generators.hpp
[23.675s] -- Installing: /home/ph/treasure/dockerBENCH/helios16p_ws/install/vicon_receiver/include/boost/date_time/date_defs.hpp
[23.675s] -- Installing: /home/ph/treasure/dockerBENCH/helios16p_ws/install/vicon_receiver/include/boost/date_time/wrapping_int.hpp
[23.675s] -- Installing: /home/ph/treasure/dockerBENCH/helios16p_ws/install/vicon_receiver/include/boost/date_time/date_parsing.hpp
[23.676s] -- Installing: /home/ph/treasure/dockerBENCH/helios16p_ws/install/vicon_receiver/include/boost/date_time/gregorian_calendar.hpp
[23.679s] -- Installing: /home/ph/treasure/dockerBENCH/helios16p_ws/install/vicon_receiver/include/boost/date_time/time_parsing.hpp
[23.680s] -- Installing: /home/ph/treasure/dockerBENCH/helios16p_ws/install/vicon_receiver/include/boost/date_time/strings_from_facet.hpp
[23.681s] -- Installing: /home/ph/treasure/dockerBENCH/helios16p_ws/install/vicon_receiver/include/boost/date_time/locale_config.hpp
[23.683s] -- Installing: /home/ph/treasure/dockerBENCH/helios16p_ws/install/vicon_receiver/include/boost/date_time/period.hpp
[23.687s] -- Installing: /home/ph/treasure/dockerBENCH/helios16p_ws/install/vicon_receiver/include/boost/date_time/time_clock.hpp
[23.688s] -- Installing: /home/ph/treasure/dockerBENCH/helios16p_ws/install/vicon_receiver/include/boost/date_time/date_generator_parser.hpp
[23.689s] -- Installing: /home/ph/treasure/dockerBENCH/helios16p_ws/install/vicon_receiver/include/boost/date_time/date_clock_device.hpp
[23.690s] -- Installing: /home/ph/treasure/dockerBENCH/helios16p_ws/install/vicon_receiver/include/boost/date_time/time_resolution_traits.hpp
[23.691s] -- Installing: /home/ph/treasure/dockerBENCH/helios16p_ws/install/vicon_receiver/include/boost/date_time/posix_time
[23.692s] -- Installing: /home/ph/treasure/dockerBENCH/helios16p_ws/install/vicon_receiver/include/boost/date_time/posix_time/posix_time_legacy_io.hpp
[23.693s] -- Installing: /home/ph/treasure/dockerBENCH/helios16p_ws/install/vicon_receiver/include/boost/date_time/posix_time/time_period.hpp
[23.694s] -- Installing: /home/ph/treasure/dockerBENCH/helios16p_ws/install/vicon_receiver/include/boost/date_time/posix_time/posix_time_io.hpp
[23.694s] -- Installing: /home/ph/treasure/dockerBENCH/helios16p_ws/install/vicon_receiver/include/boost/date_time/posix_time/conversion.hpp
[23.696s] -- Installing: /home/ph/treasure/dockerBENCH/helios16p_ws/install/vicon_receiver/include/boost/date_time/posix_time/time_parsers.hpp
[23.696s] -- Installing: /home/ph/treasure/dockerBENCH/helios16p_ws/install/vicon_receiver/include/boost/date_time/posix_time/posix_time_types.hpp
[23.697s] -- Installing: /home/ph/treasure/dockerBENCH/helios16p_ws/install/vicon_receiver/include/boost/date_time/posix_time/posix_time.hpp
[23.698s] -- Installing: /home/ph/treasure/dockerBENCH/helios16p_ws/install/vicon_receiver/include/boost/date_time/posix_time/date_duration_operators.hpp
[23.700s] -- Installing: /home/ph/treasure/dockerBENCH/helios16p_ws/install/vicon_receiver/include/boost/date_time/posix_time/ptime.hpp
[23.700s] -- Installing: /home/ph/treasure/dockerBENCH/helios16p_ws/install/vicon_receiver/include/boost/date_time/posix_time/time_formatters_limited.hpp
[23.701s] -- Installing: /home/ph/treasure/dockerBENCH/helios16p_ws/install/vicon_receiver/include/boost/date_time/posix_time/posix_time_config.hpp
[23.702s] -- Installing: /home/ph/treasure/dockerBENCH/helios16p_ws/install/vicon_receiver/include/boost/date_time/posix_time/posix_time_duration.hpp
[23.702s] -- Installing: /home/ph/treasure/dockerBENCH/helios16p_ws/install/vicon_receiver/include/boost/date_time/posix_time/posix_time_system.hpp
[23.703s] -- Installing: /home/ph/treasure/dockerBENCH/helios16p_ws/install/vicon_receiver/include/boost/date_time/posix_time/time_formatters.hpp
[23.704s] -- Installing: /home/ph/treasure/dockerBENCH/helios16p_ws/install/vicon_receiver/include/boost/date_time/gregorian
[23.705s] -- Installing: /home/ph/treasure/dockerBENCH/helios16p_ws/install/vicon_receiver/include/boost/date_time/gregorian/greg_day.hpp
[23.706s] -- Installing: /home/ph/treasure/dockerBENCH/helios16p_ws/install/vicon_receiver/include/boost/date_time/gregorian/gregorian_io.hpp
[23.709s] -- Installing: /home/ph/treasure/dockerBENCH/helios16p_ws/install/vicon_receiver/include/boost/date_time/gregorian/greg_facet.hpp
[23.710s] -- Installing: /home/ph/treasure/dockerBENCH/helios16p_ws/install/vicon_receiver/include/boost/date_time/gregorian/greg_calendar.hpp
[23.711s] -- Installing: /home/ph/treasure/dockerBENCH/helios16p_ws/install/vicon_receiver/include/boost/date_time/gregorian/greg_year.hpp
[23.711s] -- Installing: /home/ph/treasure/dockerBENCH/helios16p_ws/install/vicon_receiver/include/boost/date_time/gregorian/conversion.hpp
[23.712s] -- Installing: /home/ph/treasure/dockerBENCH/helios16p_ws/install/vicon_receiver/include/boost/date_time/gregorian/greg_date.hpp
[23.712s] -- Installing: /home/ph/treasure/dockerBENCH/helios16p_ws/install/vicon_receiver/include/boost/date_time/gregorian/greg_month.hpp
[23.713s] -- Installing: /home/ph/treasure/dockerBENCH/helios16p_ws/install/vicon_receiver/include/boost/date_time/gregorian/formatters_limited.hpp
[23.714s] -- Installing: /home/ph/treasure/dockerBENCH/helios16p_ws/install/vicon_receiver/include/boost/date_time/gregorian/gregorian.hpp
[23.714s] -- Installing: /home/ph/treasure/dockerBENCH/helios16p_ws/install/vicon_receiver/include/boost/date_time/gregorian/greg_day_of_year.hpp
[23.715s] -- Installing: /home/ph/treasure/dockerBENCH/helios16p_ws/install/vicon_receiver/include/boost/date_time/gregorian/greg_duration_types.hpp
[23.717s] -- Installing: /home/ph/treasure/dockerBENCH/helios16p_ws/install/vicon_receiver/include/boost/date_time/gregorian/greg_ymd.hpp
[23.717s] -- Installing: /home/ph/treasure/dockerBENCH/helios16p_ws/install/vicon_receiver/include/boost/date_time/gregorian/formatters.hpp
[23.718s] -- Installing: /home/ph/treasure/dockerBENCH/helios16p_ws/install/vicon_receiver/include/boost/date_time/gregorian/greg_weekday.hpp
[23.718s] -- Installing: /home/ph/treasure/dockerBENCH/helios16p_ws/install/vicon_receiver/include/boost/date_time/gregorian/greg_duration.hpp
[23.719s] -- Installing: /home/ph/treasure/dockerBENCH/helios16p_ws/install/vicon_receiver/include/boost/date_time/gregorian/parsers.hpp
[23.720s] -- Installing: /home/ph/treasure/dockerBENCH/helios16p_ws/install/vicon_receiver/include/boost/date_time/gregorian/gregorian_types.hpp
[23.720s] -- Installing: /home/ph/treasure/dockerBENCH/helios16p_ws/install/vicon_receiver/include/boost/date_time/format_date_parser.hpp
[23.721s] -- Installing: /home/ph/treasure/dockerBENCH/helios16p_ws/install/vicon_receiver/include/boost/date_time/date_format_simple.hpp
[23.722s] -- Installing: /home/ph/treasure/dockerBENCH/helios16p_ws/install/vicon_receiver/include/boost/date_time/date_facet.hpp
[23.724s] -- Installing: /home/ph/treasure/dockerBENCH/helios16p_ws/install/vicon_receiver/include/boost/date_time/date_generator_formatter.hpp
[23.724s] -- Installing: /home/ph/treasure/dockerBENCH/helios16p_ws/install/vicon_receiver/include/boost/date_time/date_formatting_limited.hpp
[23.725s] -- Installing: /home/ph/treasure/dockerBENCH/helios16p_ws/install/vicon_receiver/include/boost/date_time/date_formatting_locales.hpp
[23.726s] -- Installing: /home/ph/treasure/dockerBENCH/helios16p_ws/install/vicon_receiver/include/boost/date_time/dst_rules.hpp
[23.727s] -- Installing: /home/ph/treasure/dockerBENCH/helios16p_ws/install/vicon_receiver/include/boost/date_time/time_facet.hpp
[23.728s] -- Installing: /home/ph/treasure/dockerBENCH/helios16p_ws/install/vicon_receiver/include/boost/date_time/iso_format.hpp
[23.729s] -- Installing: /home/ph/treasure/dockerBENCH/helios16p_ws/install/vicon_receiver/include/boost/date_time/date_iterator.hpp
[23.730s] -- Installing: /home/ph/treasure/dockerBENCH/helios16p_ws/install/vicon_receiver/include/boost/date_time/time_iterator.hpp
[23.730s] -- Installing: /home/ph/treasure/dockerBENCH/helios16p_ws/install/vicon_receiver/include/boost/date_time/date_duration_types.hpp
[23.732s] -- Installing: /home/ph/treasure/dockerBENCH/helios16p_ws/install/vicon_receiver/include/boost/date_time/special_values_parser.hpp
[23.733s] -- Installing: /home/ph/treasure/dockerBENCH/helios16p_ws/install/vicon_receiver/include/boost/date_time/string_convert.hpp
[23.734s] -- Installing: /home/ph/treasure/dockerBENCH/helios16p_ws/install/vicon_receiver/include/boost/date_time/filetime_functions.hpp
[23.734s] -- Installing: /home/ph/treasure/dockerBENCH/helios16p_ws/install/vicon_receiver/include/boost/date_time/time_duration.hpp
[23.735s] -- Installing: /home/ph/treasure/dockerBENCH/helios16p_ws/install/vicon_receiver/include/boost/date_time/period_parser.hpp
[23.736s] -- Installing: /home/ph/treasure/dockerBENCH/helios16p_ws/install/vicon_receiver/include/boost/date_time/period_formatter.hpp
[23.737s] -- Installing: /home/ph/treasure/dockerBENCH/helios16p_ws/install/vicon_receiver/include/boost/date_time/date_formatting.hpp
[23.739s] -- Installing: /home/ph/treasure/dockerBENCH/helios16p_ws/install/vicon_receiver/include/boost/date_time/date_duration.hpp
[23.739s] -- Installing: /home/ph/treasure/dockerBENCH/helios16p_ws/install/vicon_receiver/include/boost/date_time/c_time.hpp
[23.739s] -- Installing: /home/ph/treasure/dockerBENCH/helios16p_ws/install/vicon_receiver/include/boost/date_time/time.hpp
[23.740s] -- Installing: /home/ph/treasure/dockerBENCH/helios16p_ws/install/vicon_receiver/include/boost/date_time/time_system_counted.hpp
[23.740s] -- Installing: /home/ph/treasure/dockerBENCH/helios16p_ws/install/vicon_receiver/include/boost/date_time/microsec_time_clock.hpp
[23.741s] -- Installing: /home/ph/treasure/dockerBENCH/helios16p_ws/install/vicon_receiver/include/boost/date_time/year_month_day.hpp
[23.742s] -- Installing: /home/ph/treasure/dockerBENCH/helios16p_ws/install/vicon_receiver/include/boost/date_time/compiler_config.hpp
[23.742s] -- Installing: /home/ph/treasure/dockerBENCH/helios16p_ws/install/vicon_receiver/include/boost/date_time/time_formatting_streams.hpp
[23.743s] -- Installing: /home/ph/treasure/dockerBENCH/helios16p_ws/install/vicon_receiver/include/boost/date_time/parse_format_base.hpp
[23.744s] -- Installing: /home/ph/treasure/dockerBENCH/helios16p_ws/install/vicon_receiver/include/boost/none_t.hpp
[23.744s] -- Installing: /home/ph/treasure/dockerBENCH/helios16p_ws/install/vicon_receiver/include/boost/regex_fwd.hpp
[23.745s] -- Installing: /home/ph/treasure/dockerBENCH/helios16p_ws/install/vicon_receiver/include/boost/rational.hpp
[23.746s] -- Installing: /home/ph/treasure/dockerBENCH/helios16p_ws/install/vicon_receiver/include/boost/tokenizer.hpp
[23.747s] -- Installing: /home/ph/treasure/dockerBENCH/helios16p_ws/install/vicon_receiver/include/boost/mpl
[23.747s] -- Installing: /home/ph/treasure/dockerBENCH/helios16p_ws/install/vicon_receiver/include/boost/mpl/empty.hpp
[23.748s] -- Installing: /home/ph/treasure/dockerBENCH/helios16p_ws/install/vicon_receiver/include/boost/mpl/bool_fwd.hpp
[23.748s] -- Installing: /home/ph/treasure/dockerBENCH/helios16p_ws/install/vicon_receiver/include/boost/mpl/greater.hpp
[23.750s] -- Installing: /home/ph/treasure/dockerBENCH/helios16p_ws/install/vicon_receiver/include/boost/mpl/at.hpp
[23.750s] -- Installing: /home/ph/treasure/dockerBENCH/helios16p_ws/install/vicon_receiver/include/boost/mpl/push_back.hpp
[23.750s] -- Installing: /home/ph/treasure/dockerBENCH/helios16p_ws/install/vicon_receiver/include/boost/mpl/pair_view.hpp
[23.751s] -- Installing: /home/ph/treasure/dockerBENCH/helios16p_ws/install/vicon_receiver/include/boost/mpl/transform.hpp
[23.752s] -- Installing: /home/ph/treasure/dockerBENCH/helios16p_ws/install/vicon_receiver/include/boost/mpl/has_key.hpp
[23.753s] -- Installing: /home/ph/treasure/dockerBENCH/helios16p_ws/install/vicon_receiver/include/boost/mpl/sequence_tag.hpp
[23.754s] -- Installing: /home/ph/treasure/dockerBENCH/helios16p_ws/install/vicon_receiver/include/boost/mpl/back_fwd.hpp
[23.754s] -- Installing: /home/ph/treasure/dockerBENCH/helios16p_ws/install/vicon_receiver/include/boost/mpl/insert_range.hpp
[23.755s] -- Installing: /home/ph/treasure/dockerBENCH/helios16p_ws/install/vicon_receiver/include/boost/mpl/tag.hpp
[23.756s] -- Installing: /home/ph/treasure/dockerBENCH/helios16p_ws/install/vicon_receiver/include/boost/mpl/advance.hpp
[23.756s] -- Installing: /home/ph/treasure/dockerBENCH/helios16p_ws/install/vicon_receiver/include/boost/mpl/distance.hpp
[23.757s] -- Installing: /home/ph/treasure/dockerBENCH/helios16p_ws/install/vicon_receiver/include/boost/mpl/advance_fwd.hpp
[23.758s] -- Installing: /home/ph/treasure/dockerBENCH/helios16p_ws/install/vicon_receiver/include/boost/mpl/greater_equal.hpp
[23.759s] -- Installing: /home/ph/treasure/dockerBENCH/helios16p_ws/install/vicon_receiver/include/boost/mpl/erase.hpp
[23.759s] -- Installing: /home/ph/treasure/dockerBENCH/helios16p_ws/install/vicon_receiver/include/boost/mpl/clear_fwd.hpp
[23.759s] -- Installing: /home/ph/treasure/dockerBENCH/helios16p_ws/install/vicon_receiver/include/boost/mpl/deref.hpp
[23.760s] -- Installing: /home/ph/treasure/dockerBENCH/helios16p_ws/install/vicon_receiver/include/boost/mpl/is_placeholder.hpp
[23.761s] -- Installing: /home/ph/treasure/dockerBENCH/helios16p_ws/install/vicon_receiver/include/boost/mpl/inherit.hpp
[23.761s] -- Installing: /home/ph/treasure/dockerBENCH/helios16p_ws/install/vicon_receiver/include/boost/mpl/multiplies.hpp
[23.762s] -- Installing: /home/ph/treasure/dockerBENCH/helios16p_ws/install/vicon_receiver/include/boost/mpl/apply_fwd.hpp
[23.763s] -- Installing: /home/ph/treasure/dockerBENCH/helios16p_ws/install/vicon_receiver/include/boost/mpl/same_as.hpp
[23.763s] -- Installing: /home/ph/treasure/dockerBENCH/helios16p_ws/install/vicon_receiver/include/boost/mpl/at_fwd.hpp
[23.764s] -- Installing: /home/ph/treasure/dockerBENCH/helios16p_ws/install/vicon_receiver/include/boost/mpl/next.hpp
[23.764s] -- Installing: /home/ph/treasure/dockerBENCH/helios16p_ws/install/vicon_receiver/include/boost/mpl/list
[23.765s] -- Installing: /home/ph/treasure/dockerBENCH/helios16p_ws/install/vicon_receiver/include/boost/mpl/list/list30_c.hpp
[23.766s] -- Installing: /home/ph/treasure/dockerBENCH/helios16p_ws/install/vicon_receiver/include/boost/mpl/list/list40_c.hpp
[23.767s] -- Installing: /home/ph/treasure/dockerBENCH/helios16p_ws/install/vicon_receiver/include/boost/mpl/list/list30.hpp
[23.770s] -- Installing: /home/ph/treasure/dockerBENCH/helios16p_ws/install/vicon_receiver/include/boost/mpl/list/list40.hpp
[23.770s] -- Installing: /home/ph/treasure/dockerBENCH/helios16p_ws/install/vicon_receiver/include/boost/mpl/list/list10.hpp
[23.770s] -- Installing: /home/ph/treasure/dockerBENCH/helios16p_ws/install/vicon_receiver/include/boost/mpl/list/list20.hpp
[23.770s] -- Installing: /home/ph/treasure/dockerBENCH/helios16p_ws/install/vicon_receiver/include/boost/mpl/list/aux_
[23.771s] -- Installing: /home/ph/treasure/dockerBENCH/helios16p_ws/install/vicon_receiver/include/boost/mpl/list/aux_/empty.hpp
[23.771s] -- Installing: /home/ph/treasure/dockerBENCH/helios16p_ws/install/vicon_receiver/include/boost/mpl/list/aux_/push_back.hpp
[23.772s] -- Installing: /home/ph/treasure/dockerBENCH/helios16p_ws/install/vicon_receiver/include/boost/mpl/list/aux_/item.hpp
[23.773s] -- Installing: /home/ph/treasure/dockerBENCH/helios16p_ws/install/vicon_receiver/include/boost/mpl/list/aux_/tag.hpp
[23.773s] -- Installing: /home/ph/treasure/dockerBENCH/helios16p_ws/install/vicon_receiver/include/boost/mpl/list/aux_/numbered.hpp
[23.774s] -- Installing: /home/ph/treasure/dockerBENCH/helios16p_ws/install/vicon_receiver/include/boost/mpl/list/aux_/pop_front.hpp
[23.775s] -- Installing: /home/ph/treasure/dockerBENCH/helios16p_ws/install/vicon_receiver/include/boost/mpl/list/aux_/push_front.hpp
[23.775s] -- Installing: /home/ph/treasure/dockerBENCH/helios16p_ws/install/vicon_receiver/include/boost/mpl/list/aux_/O1_size.hpp
[23.776s] -- Installing: /home/ph/treasure/dockerBENCH/helios16p_ws/install/vicon_receiver/include/boost/mpl/list/aux_/front.hpp
[23.776s] -- Installing: /home/ph/treasure/dockerBENCH/helios16p_ws/install/vicon_receiver/include/boost/mpl/list/aux_/numbered_c.hpp
[23.777s] -- Installing: /home/ph/treasure/dockerBENCH/helios16p_ws/install/vicon_receiver/include/boost/mpl/list/aux_/clear.hpp
[23.777s] -- Installing: /home/ph/treasure/dockerBENCH/helios16p_ws/install/vicon_receiver/include/boost/mpl/list/aux_/preprocessed
[23.778s] -- Installing: /home/ph/treasure/dockerBENCH/helios16p_ws/install/vicon_receiver/include/boost/mpl/list/aux_/preprocessed/plain
[23.778s] -- Installing: /home/ph/treasure/dockerBENCH/helios16p_ws/install/vicon_receiver/include/boost/mpl/list/aux_/preprocessed/plain/list30_c.hpp
[23.779s] -- Installing: /home/ph/treasure/dockerBENCH/helios16p_ws/install/vicon_receiver/include/boost/mpl/list/aux_/preprocessed/plain/list40_c.hpp
[23.780s] -- Installing: /home/ph/treasure/dockerBENCH/helios16p_ws/install/vicon_receiver/include/boost/mpl/list/aux_/preprocessed/plain/list30.hpp
[23.780s] -- Installing: /home/ph/treasure/dockerBENCH/helios16p_ws/install/vicon_receiver/include/boost/mpl/list/aux_/preprocessed/plain/list40.hpp
[23.781s] -- Installing: /home/ph/treasure/dockerBENCH/helios16p_ws/install/vicon_receiver/include/boost/mpl/list/aux_/preprocessed/plain/list10.hpp
[23.782s] -- Installing: /home/ph/treasure/dockerBENCH/helios16p_ws/install/vicon_receiver/include/boost/mpl/list/aux_/preprocessed/plain/list20.hpp
[23.783s] -- Installing: /home/ph/treasure/dockerBENCH/helios16p_ws/install/vicon_receiver/include/boost/mpl/list/aux_/preprocessed/plain/list20_c.hpp
[23.784s] -- Installing: /home/ph/treasure/dockerBENCH/helios16p_ws/install/vicon_receiver/include/boost/mpl/list/aux_/preprocessed/plain/list50.hpp
[23.785s] -- Installing: /home/ph/treasure/dockerBENCH/helios16p_ws/install/vicon_receiver/include/boost/mpl/list/aux_/preprocessed/plain/list10_c.hpp
[23.785s] -- Installing: /home/ph/treasure/dockerBENCH/helios16p_ws/install/vicon_receiver/include/boost/mpl/list/aux_/preprocessed/plain/list50_c.hpp
[23.786s] -- Installing: /home/ph/treasure/dockerBENCH/helios16p_ws/install/vicon_receiver/include/boost/mpl/list/aux_/include_preprocessed.hpp
[23.787s] -- Installing: /home/ph/treasure/dockerBENCH/helios16p_ws/install/vicon_receiver/include/boost/mpl/list/aux_/begin_end.hpp
[23.788s] -- Installing: /home/ph/treasure/dockerBENCH/helios16p_ws/install/vicon_receiver/include/boost/mpl/list/aux_/size.hpp
[23.789s] -- Installing: /home/ph/treasure/dockerBENCH/helios16p_ws/install/vicon_receiver/include/boost/mpl/list/aux_/iterator.hpp
[23.789s] -- Installing: /home/ph/treasure/dockerBENCH/helios16p_ws/install/vicon_receiver/include/boost/mpl/list/list20_c.hpp
[23.790s] -- Installing: /home/ph/treasure/dockerBENCH/helios16p_ws/install/vicon_receiver/include/boost/mpl/list/list50.hpp
[23.791s] -- Installing: /home/ph/treasure/dockerBENCH/helios16p_ws/install/vicon_receiver/include/boost/mpl/list/list10_c.hpp
[23.791s] -- Installing: /home/ph/treasure/dockerBENCH/helios16p_ws/install/vicon_receiver/include/boost/mpl/list/list0_c.hpp
[23.792s] -- Installing: /home/ph/treasure/dockerBENCH/helios16p_ws/install/vicon_receiver/include/boost/mpl/list/list0.hpp
[23.793s] -- Installing: /home/ph/treasure/dockerBENCH/helios16p_ws/install/vicon_receiver/include/boost/mpl/list/list50_c.hpp
[23.793s] -- Installing: /home/ph/treasure/dockerBENCH/helios16p_ws/install/vicon_receiver/include/boost/mpl/insert_range_fwd.hpp
[23.794s] -- Installing: /home/ph/treasure/dockerBENCH/helios16p_ws/install/vicon_receiver/include/boost/mpl/pop_back_fwd.hpp
[23.794s] -- Installing: /home/ph/treasure/dockerBENCH/helios16p_ws/install/vicon_receiver/include/boost/mpl/and.hpp
[23.795s] -- Installing: /home/ph/treasure/dockerBENCH/helios16p_ws/install/vicon_receiver/include/boost/mpl/find.hpp
[23.795s] -- Installing: /home/ph/treasure/dockerBENCH/helios16p_ws/install/vicon_receiver/include/boost/mpl/bind.hpp
[23.796s] -- Installing: /home/ph/treasure/dockerBENCH/helios16p_ws/install/vicon_receiver/include/boost/mpl/begin.hpp
[23.796s] -- Installing: /home/ph/treasure/dockerBENCH/helios16p_ws/install/vicon_receiver/include/boost/mpl/empty_fwd.hpp
[23.797s] -- Installing: /home/ph/treasure/dockerBENCH/helios16p_ws/install/vicon_receiver/include/boost/mpl/integral_c_tag.hpp
[23.797s] -- Installing: /home/ph/treasure/dockerBENCH/helios16p_ws/install/vicon_receiver/include/boost/mpl/find_if.hpp
[23.798s] -- Installing: /home/ph/treasure/dockerBENCH/helios16p_ws/install/vicon_receiver/include/boost/mpl/erase_key_fwd.hpp
[23.799s] -- Installing: /home/ph/treasure/dockerBENCH/helios16p_ws/install/vicon_receiver/include/boost/mpl/quote.hpp
[23.800s] -- Installing: /home/ph/treasure/dockerBENCH/helios16p_ws/install/vicon_receiver/include/boost/mpl/pop_front.hpp
[23.800s] -- Installing: /home/ph/treasure/dockerBENCH/helios16p_ws/install/vicon_receiver/include/boost/mpl/iterator_category.hpp
[23.801s] -- Installing: /home/ph/treasure/dockerBENCH/helios16p_ws/install/vicon_receiver/include/boost/mpl/iter_fold_if.hpp
[23.802s] -- Installing: /home/ph/treasure/dockerBENCH/helios16p_ws/install/vicon_receiver/include/boost/mpl/reverse_fold.hpp
[23.803s] -- Installing: /home/ph/treasure/dockerBENCH/helios16p_ws/install/vicon_receiver/include/boost/mpl/push_front.hpp
[23.803s] -- Installing: /home/ph/treasure/dockerBENCH/helios16p_ws/install/vicon_receiver/include/boost/mpl/arg_fwd.hpp
[23.804s] -- Installing: /home/ph/treasure/dockerBENCH/helios16p_ws/install/vicon_receiver/include/boost/mpl/O1_size.hpp
[23.805s] -- Installing: /home/ph/treasure/dockerBENCH/helios16p_ws/install/vicon_receiver/include/boost/mpl/lambda_fwd.hpp
[23.805s] -- Installing: /home/ph/treasure/dockerBENCH/helios16p_ws/install/vicon_receiver/include/boost/mpl/contains.hpp
[23.806s] -- Installing: /home/ph/treasure/dockerBENCH/helios16p_ws/install/vicon_receiver/include/boost/mpl/min_max.hpp
[23.806s] -- Installing: /home/ph/treasure/dockerBENCH/helios16p_ws/install/vicon_receiver/include/boost/mpl/back.hpp
[23.807s] -- Installing: /home/ph/treasure/dockerBENCH/helios16p_ws/install/vicon_receiver/include/boost/mpl/vector.hpp
[23.808s] -- Installing: /home/ph/treasure/dockerBENCH/helios16p_ws/install/vicon_receiver/include/boost/mpl/front.hpp
[23.808s] -- Installing: /home/ph/treasure/dockerBENCH/helios16p_ws/install/vicon_receiver/include/boost/mpl/erase_fwd.hpp
[23.809s] -- Installing: /home/ph/treasure/dockerBENCH/helios16p_ws/install/vicon_receiver/include/boost/mpl/assert.hpp
[23.809s] -- Installing: /home/ph/treasure/dockerBENCH/helios16p_ws/install/vicon_receiver/include/boost/mpl/integral_c.hpp
[23.810s] -- Installing: /home/ph/treasure/dockerBENCH/helios16p_ws/install/vicon_receiver/include/boost/mpl/empty_base.hpp
[23.811s] -- Installing: /home/ph/treasure/dockerBENCH/helios16p_ws/install/vicon_receiver/include/boost/mpl/pair.hpp
[23.811s] -- Installing: /home/ph/treasure/dockerBENCH/helios16p_ws/install/vicon_receiver/include/boost/mpl/back_inserter.hpp
[23.812s] -- Installing: /home/ph/treasure/dockerBENCH/helios16p_ws/install/vicon_receiver/include/boost/mpl/aux_
[23.812s] -- Installing: /home/ph/treasure/dockerBENCH/helios16p_ws/install/vicon_receiver/include/boost/mpl/aux_/msvc_dtw.hpp
[23.813s] -- Installing: /home/ph/treasure/dockerBENCH/helios16p_ws/install/vicon_receiver/include/boost/mpl/aux_/has_begin.hpp
[23.813s] -- Installing: /home/ph/treasure/dockerBENCH/helios16p_ws/install/vicon_receiver/include/boost/mpl/aux_/na_fwd.hpp
[23.814s] -- Installing: /home/ph/treasure/dockerBENCH/helios16p_ws/install/vicon_receiver/include/boost/mpl/aux_/iter_push_front.hpp
[23.815s] -- Installing: /home/ph/treasure/dockerBENCH/helios16p_ws/install/vicon_receiver/include/boost/mpl/aux_/type_wrapper.hpp
[23.816s] -- Installing: /home/ph/treasure/dockerBENCH/helios16p_ws/install/vicon_receiver/include/boost/mpl/aux_/config
[23.817s] -- Installing: /home/ph/treasure/dockerBENCH/helios16p_ws/install/vicon_receiver/include/boost/mpl/aux_/config/gcc.hpp
[23.817s] -- Installing: /home/ph/treasure/dockerBENCH/helios16p_ws/install/vicon_receiver/include/boost/mpl/aux_/config/forwarding.hpp
[23.818s] -- Installing: /home/ph/treasure/dockerBENCH/helios16p_ws/install/vicon_receiver/include/boost/mpl/aux_/config/use_preprocessed.hpp
[23.818s] -- Installing: /home/ph/treasure/dockerBENCH/helios16p_ws/install/vicon_receiver/include/boost/mpl/aux_/config/dtp.hpp
[23.819s] -- Installing: /home/ph/treasure/dockerBENCH/helios16p_ws/install/vicon_receiver/include/boost/mpl/aux_/config/ttp.hpp
[23.820s] -- Installing: /home/ph/treasure/dockerBENCH/helios16p_ws/install/vicon_receiver/include/boost/mpl/aux_/config/nttp.hpp
[23.820s] -- Installing: /home/ph/treasure/dockerBENCH/helios16p_ws/install/vicon_receiver/include/boost/mpl/aux_/config/dmc_ambiguous_ctps.hpp
[23.821s] -- Installing: /home/ph/treasure/dockerBENCH/helios16p_ws/install/vicon_receiver/include/boost/mpl/aux_/config/has_apply.hpp
[23.822s] -- Installing: /home/ph/treasure/dockerBENCH/helios16p_ws/install/vicon_receiver/include/boost/mpl/aux_/config/bind.hpp
[23.822s] -- Installing: /home/ph/treasure/dockerBENCH/helios16p_ws/install/vicon_receiver/include/boost/mpl/aux_/config/eti.hpp
[23.823s] -- Installing: /home/ph/treasure/dockerBENCH/helios16p_ws/install/vicon_receiver/include/boost/mpl/aux_/config/gpu.hpp
[23.823s] -- Installing: /home/ph/treasure/dockerBENCH/helios16p_ws/install/vicon_receiver/include/boost/mpl/aux_/config/bcc.hpp
[23.824s] -- Installing: /home/ph/treasure/dockerBENCH/helios16p_ws/install/vicon_receiver/include/boost/mpl/aux_/config/intel.hpp
[23.824s] -- Installing: /home/ph/treasure/dockerBENCH/helios16p_ws/install/vicon_receiver/include/boost/mpl/aux_/config/static_constant.hpp
[23.825s] -- Installing: /home/ph/treasure/dockerBENCH/helios16p_ws/install/vicon_receiver/include/boost/mpl/aux_/config/ctps.hpp
[23.825s] -- Installing: /home/ph/treasure/dockerBENCH/helios16p_ws/install/vicon_receiver/include/boost/mpl/aux_/config/has_xxx.hpp
[23.826s] -- Installing: /home/ph/treasure/dockerBENCH/helios16p_ws/install/vicon_receiver/include/boost/mpl/aux_/config/integral.hpp
[23.827s] -- Installing: /home/ph/treasure/dockerBENCH/helios16p_ws/install/vicon_receiver/include/boost/mpl/aux_/config/msvc.hpp
[23.827s] -- Installing: /home/ph/treasure/dockerBENCH/helios16p_ws/install/vicon_receiver/include/boost/mpl/aux_/config/dependent_nttp.hpp
[23.828s] -- Installing: /home/ph/treasure/dockerBENCH/helios16p_ws/install/vicon_receiver/include/boost/mpl/aux_/config/compiler.hpp
[23.828s] -- Installing: /home/ph/treasure/dockerBENCH/helios16p_ws/install/vicon_receiver/include/boost/mpl/aux_/config/overload_resolution.hpp
[23.829s] -- Installing: /home/ph/treasure/dockerBENCH/helios16p_ws/install/vicon_receiver/include/boost/mpl/aux_/config/adl.hpp
[23.829s] -- Installing: /home/ph/treasure/dockerBENCH/helios16p_ws/install/vicon_receiver/include/boost/mpl/aux_/config/arrays.hpp
[23.830s] -- Installing: /home/ph/treasure/dockerBENCH/helios16p_ws/install/vicon_receiver/include/boost/mpl/aux_/config/pp_counter.hpp
[23.831s] -- Installing: /home/ph/treasure/dockerBENCH/helios16p_ws/install/vicon_receiver/include/boost/mpl/aux_/config/typeof.hpp
[23.831s] -- Installing: /home/ph/treasure/dockerBENCH/helios16p_ws/install/vicon_receiver/include/boost/mpl/aux_/config/msvc_typename.hpp
[23.834s] -- Installing: /home/ph/treasure/dockerBENCH/helios16p_ws/install/vicon_receiver/include/boost/mpl/aux_/config/preprocessor.hpp
[23.835s] -- Installing: /home/ph/treasure/dockerBENCH/helios16p_ws/install/vicon_receiver/include/boost/mpl/aux_/config/workaround.hpp
[23.835s] -- Installing: /home/ph/treasure/dockerBENCH/helios16p_ws/install/vicon_receiver/include/boost/mpl/aux_/config/lambda.hpp
[23.835s] -- Installing: /home/ph/treasure/dockerBENCH/helios16p_ws/install/vicon_receiver/include/boost/mpl/aux_/numeric_cast_utils.hpp
[23.836s] -- Installing: /home/ph/treasure/dockerBENCH/helios16p_ws/install/vicon_receiver/include/boost/mpl/aux_/logical_op.hpp
[23.837s] -- Installing: /home/ph/treasure/dockerBENCH/helios16p_ws/install/vicon_receiver/include/boost/mpl/aux_/yes_no.hpp
[23.838s] -- Installing: /home/ph/treasure/dockerBENCH/helios16p_ws/install/vicon_receiver/include/boost/mpl/aux_/contains_impl.hpp
[23.838s] -- Installing: /home/ph/treasure/dockerBENCH/helios16p_ws/install/vicon_receiver/include/boost/mpl/aux_/push_back_impl.hpp
[23.839s] -- Installing: /home/ph/treasure/dockerBENCH/helios16p_ws/install/vicon_receiver/include/boost/mpl/aux_/value_wknd.hpp
[23.839s] -- Installing: /home/ph/treasure/dockerBENCH/helios16p_ws/install/vicon_receiver/include/boost/mpl/aux_/has_tag.hpp
[23.840s] -- Installing: /home/ph/treasure/dockerBENCH/helios16p_ws/install/vicon_receiver/include/boost/mpl/aux_/advance_backward.hpp
[23.841s] -- Installing: /home/ph/treasure/dockerBENCH/helios16p_ws/install/vicon_receiver/include/boost/mpl/aux_/has_type.hpp
[23.841s] -- Installing: /home/ph/treasure/dockerBENCH/helios16p_ws/install/vicon_receiver/include/boost/mpl/aux_/has_apply.hpp
[23.842s] -- Installing: /home/ph/treasure/dockerBENCH/helios16p_ws/install/vicon_receiver/include/boost/mpl/aux_/has_size.hpp
[23.842s] -- Installing: /home/ph/treasure/dockerBENCH/helios16p_ws/install/vicon_receiver/include/boost/mpl/aux_/lambda_no_ctps.hpp
[23.843s] -- Installing: /home/ph/treasure/dockerBENCH/helios16p_ws/install/vicon_receiver/include/boost/mpl/aux_/nested_type_wknd.hpp
[23.843s] -- Installing: /home/ph/treasure/dockerBENCH/helios16p_ws/install/vicon_receiver/include/boost/mpl/aux_/nttp_decl.hpp
[23.844s] -- Installing: /home/ph/treasure/dockerBENCH/helios16p_ws/install/vicon_receiver/include/boost/mpl/aux_/common_name_wknd.hpp
[23.844s] -- Installing: /home/ph/treasure/dockerBENCH/helios16p_ws/install/vicon_receiver/include/boost/mpl/aux_/msvc_is_class.hpp
[23.845s] -- Installing: /home/ph/treasure/dockerBENCH/helios16p_ws/install/vicon_receiver/include/boost/mpl/aux_/fold_impl_body.hpp
[23.846s] -- Installing: /home/ph/treasure/dockerBENCH/helios16p_ws/install/vicon_receiver/include/boost/mpl/aux_/preprocessor
[23.846s] -- Installing: /home/ph/treasure/dockerBENCH/helios16p_ws/install/vicon_receiver/include/boost/mpl/aux_/preprocessor/ext_params.hpp
[23.847s] -- Installing: /home/ph/treasure/dockerBENCH/helios16p_ws/install/vicon_receiver/include/boost/mpl/aux_/preprocessor/filter_params.hpp
[23.848s] -- Installing: /home/ph/treasure/dockerBENCH/helios16p_ws/install/vicon_receiver/include/boost/mpl/aux_/preprocessor/sub.hpp
[23.849s] -- Installing: /home/ph/treasure/dockerBENCH/helios16p_ws/install/vicon_receiver/include/boost/mpl/aux_/preprocessor/add.hpp
[23.850s] -- Installing: /home/ph/treasure/dockerBENCH/helios16p_ws/install/vicon_receiver/include/boost/mpl/aux_/preprocessor/range.hpp
[23.851s] -- Installing: /home/ph/treasure/dockerBENCH/helios16p_ws/install/vicon_receiver/include/boost/mpl/aux_/preprocessor/tuple.hpp
[23.851s] -- Installing: /home/ph/treasure/dockerBENCH/helios16p_ws/install/vicon_receiver/include/boost/mpl/aux_/preprocessor/params.hpp
[23.851s] -- Installing: /home/ph/treasure/dockerBENCH/helios16p_ws/install/vicon_receiver/include/boost/mpl/aux_/preprocessor/partial_spec_params.hpp
[23.852s] -- Installing: /home/ph/treasure/dockerBENCH/helios16p_ws/install/vicon_receiver/include/boost/mpl/aux_/preprocessor/enum.hpp
[23.853s] -- Installing: /home/ph/treasure/dockerBENCH/helios16p_ws/install/vicon_receiver/include/boost/mpl/aux_/preprocessor/def_params_tail.hpp
[23.854s] -- Installing: /home/ph/treasure/dockerBENCH/helios16p_ws/install/vicon_receiver/include/boost/mpl/aux_/preprocessor/repeat.hpp
[23.854s] -- Installing: /home/ph/treasure/dockerBENCH/helios16p_ws/install/vicon_receiver/include/boost/mpl/aux_/preprocessor/default_params.hpp
[23.855s] -- Installing: /home/ph/treasure/dockerBENCH/helios16p_ws/install/vicon_receiver/include/boost/mpl/aux_/insert_impl.hpp
[23.856s] -- Installing: /home/ph/treasure/dockerBENCH/helios16p_ws/install/vicon_receiver/include/boost/mpl/aux_/static_cast.hpp
[23.856s] -- Installing: /home/ph/treasure/dockerBENCH/helios16p_ws/install/vicon_receiver/include/boost/mpl/aux_/count_args.hpp
[23.857s] -- Installing: /home/ph/treasure/dockerBENCH/helios16p_ws/install/vicon_receiver/include/boost/mpl/aux_/largest_int.hpp
[23.857s] -- Installing: /home/ph/treasure/dockerBENCH/helios16p_ws/install/vicon_receiver/include/boost/mpl/aux_/begin_end_impl.hpp
[23.858s] -- Installing: /home/ph/treasure/dockerBENCH/helios16p_ws/install/vicon_receiver/include/boost/mpl/aux_/arity_spec.hpp
[23.858s] -- Installing: /home/ph/treasure/dockerBENCH/helios16p_ws/install/vicon_receiver/include/boost/mpl/aux_/msvc_type.hpp
[23.859s] -- Installing: /home/ph/treasure/dockerBENCH/helios16p_ws/install/vicon_receiver/include/boost/mpl/aux_/lambda_arity_param.hpp
[23.860s] -- Installing: /home/ph/treasure/dockerBENCH/helios16p_ws/install/vicon_receiver/include/boost/mpl/aux_/size_impl.hpp
[23.860s] -- Installing: /home/ph/treasure/dockerBENCH/helios16p_ws/install/vicon_receiver/include/boost/mpl/aux_/O1_size_impl.hpp
[23.861s] -- Installing: /home/ph/treasure/dockerBENCH/helios16p_ws/install/vicon_receiver/include/boost/mpl/aux_/has_rebind.hpp
[23.861s] -- Installing: /home/ph/treasure/dockerBENCH/helios16p_ws/install/vicon_receiver/include/boost/mpl/aux_/insert_range_impl.hpp
[23.862s] -- Installing: /home/ph/treasure/dockerBENCH/helios16p_ws/install/vicon_receiver/include/boost/mpl/aux_/find_if_pred.hpp
[23.862s] -- Installing: /home/ph/treasure/dockerBENCH/helios16p_ws/install/vicon_receiver/include/boost/mpl/aux_/clear_impl.hpp
[23.863s] -- Installing: /home/ph/treasure/dockerBENCH/helios16p_ws/install/vicon_receiver/include/boost/mpl/aux_/pop_back_impl.hpp
[23.864s] -- Installing: /home/ph/treasure/dockerBENCH/helios16p_ws/install/vicon_receiver/include/boost/mpl/aux_/template_arity.hpp
[23.864s] -- Installing: /home/ph/treasure/dockerBENCH/helios16p_ws/install/vicon_receiver/include/boost/mpl/aux_/preprocessed
[23.865s] -- Installing: /home/ph/treasure/dockerBENCH/helios16p_ws/install/vicon_receiver/include/boost/mpl/aux_/preprocessed/msvc70
[23.865s] -- Installing: /home/ph/treasure/dockerBENCH/helios16p_ws/install/vicon_receiver/include/boost/mpl/aux_/preprocessed/msvc70/greater.hpp
[23.869s] -- Installing: /home/ph/treasure/dockerBENCH/helios16p_ws/install/vicon_receiver/include/boost/mpl/aux_/preprocessed/msvc70/unpack_args.hpp
[23.869s] -- Installing: /home/ph/treasure/dockerBENCH/helios16p_ws/install/vicon_receiver/include/boost/mpl/aux_/preprocessed/msvc70/greater_equal.hpp
[23.869s] -- Installing: /home/ph/treasure/dockerBENCH/helios16p_ws/install/vicon_receiver/include/boost/mpl/aux_/preprocessed/msvc70/set_c.hpp
[23.870s] -- Installing: /home/ph/treasure/dockerBENCH/helios16p_ws/install/vicon_receiver/include/boost/mpl/aux_/preprocessed/msvc70/inherit.hpp
[23.871s] -- Installing: /home/ph/treasure/dockerBENCH/helios16p_ws/install/vicon_receiver/include/boost/mpl/aux_/preprocessed/msvc70/apply_fwd.hpp
[23.872s] -- Installing: /home/ph/treasure/dockerBENCH/helios16p_ws/install/vicon_receiver/include/boost/mpl/aux_/preprocessed/msvc70/and.hpp
[23.873s] -- Installing: /home/ph/treasure/dockerBENCH/helios16p_ws/install/vicon_receiver/include/boost/mpl/aux_/preprocessed/msvc70/map.hpp
[23.874s] -- Installing: /home/ph/treasure/dockerBENCH/helios16p_ws/install/vicon_receiver/include/boost/mpl/aux_/preprocessed/msvc70/advance_backward.hpp
[23.874s] -- Installing: /home/ph/treasure/dockerBENCH/helios16p_ws/install/vicon_receiver/include/boost/mpl/aux_/preprocessed/msvc70/bind.hpp
[23.875s] -- Installing: /home/ph/treasure/dockerBENCH/helios16p_ws/install/vicon_receiver/include/boost/mpl/aux_/preprocessed/msvc70/modulus.hpp
[23.875s] -- Installing: /home/ph/treasure/dockerBENCH/helios16p_ws/install/vicon_receiver/include/boost/mpl/aux_/preprocessed/msvc70/lambda_no_ctps.hpp
[23.878s] -- Installing: /home/ph/treasure/dockerBENCH/helios16p_ws/install/vicon_receiver/include/boost/mpl/aux_/preprocessed/msvc70/quote.hpp
[23.879s] -- Installing: /home/ph/treasure/dockerBENCH/helios16p_ws/install/vicon_receiver/include/boost/mpl/aux_/preprocessed/msvc70/deque.hpp
[23.881s] -- Installing: /home/ph/treasure/dockerBENCH/helios16p_ws/install/vicon_receiver/include/boost/mpl/aux_/preprocessed/msvc70/shift_right.hpp
[23.882s] -- Installing: /home/ph/treasure/dockerBENCH/helios16p_ws/install/vicon_receiver/include/boost/mpl/aux_/preprocessed/msvc70/basic_bind.hpp
[23.885s] -- Installing: /home/ph/treasure/dockerBENCH/helios16p_ws/install/vicon_receiver/include/boost/mpl/aux_/preprocessed/msvc70/vector.hpp
[23.887s] -- Installing: /home/ph/treasure/dockerBENCH/helios16p_ws/install/vicon_receiver/include/boost/mpl/aux_/preprocessed/msvc70/vector_c.hpp
[23.888s] -- Installing: /home/ph/treasure/dockerBENCH/helios16p_ws/install/vicon_receiver/include/boost/mpl/aux_/preprocessed/msvc70/minus.hpp
[23.890s] -- Installing: /home/ph/treasure/dockerBENCH/helios16p_ws/install/vicon_receiver/include/boost/mpl/aux_/preprocessed/msvc70/list.hpp
[23.896s] -- Installing: /home/ph/treasure/dockerBENCH/helios16p_ws/install/vicon_receiver/include/boost/mpl/aux_/preprocessed/msvc70/bitand.hpp
[23.896s] -- Installing: /home/ph/treasure/dockerBENCH/helios16p_ws/install/vicon_receiver/include/boost/mpl/aux_/preprocessed/msvc70/shift_left.hpp
[23.904s] -- Installing: /home/ph/treasure/dockerBENCH/helios16p_ws/install/vicon_receiver/include/boost/mpl/aux_/preprocessed/msvc70/template_arity.hpp
[23.910s] -- Installing: /home/ph/treasure/dockerBENCH/helios16p_ws/install/vicon_receiver/include/boost/mpl/aux_/preprocessed/msvc70/equal_to.hpp
[23.913s] -- Installing: /home/ph/treasure/dockerBENCH/helios16p_ws/install/vicon_receiver/include/boost/mpl/aux_/preprocessed/msvc70/placeholders.hpp
[23.916s] -- Installing: /home/ph/treasure/dockerBENCH/helios16p_ws/install/vicon_receiver/include/boost/mpl/aux_/preprocessed/msvc70/advance_forward.hpp
[23.947s] -- Installing: /home/ph/treasure/dockerBENCH/helios16p_ws/install/vicon_receiver/include/boost/mpl/aux_/preprocessed/msvc70/apply_wrap.hpp
[23.947s] -- Installing: /home/ph/treasure/dockerBENCH/helios16p_ws/install/vicon_receiver/include/boost/mpl/aux_/preprocessed/msvc70/or.hpp
[23.948s] -- Installing: /home/ph/treasure/dockerBENCH/helios16p_ws/install/vicon_receiver/include/boost/mpl/aux_/preprocessed/msvc70/not_equal_to.hpp
[23.949s] -- Installing: /home/ph/treasure/dockerBENCH/helios16p_ws/install/vicon_receiver/include/boost/mpl/aux_/preprocessed/msvc70/reverse_fold_impl.hpp
[23.981s] -- Installing: /home/ph/treasure/dockerBENCH/helios16p_ws/install/vicon_receiver/include/boost/mpl/aux_/preprocessed/msvc70/iter_fold_if_impl.hpp
[23.982s] -- Installing: /home/ph/treasure/dockerBENCH/helios16p_ws/install/vicon_receiver/include/boost/mpl/aux_/preprocessed/msvc70/less_equal.hpp
[23.984s] -- Installing: /home/ph/treasure/dockerBENCH/helios16p_ws/install/vicon_receiver/include/boost/mpl/aux_/preprocessed/msvc70/times.hpp
[23.985s] -- Installing: /home/ph/treasure/dockerBENCH/helios16p_ws/install/vicon_receiver/include/boost/mpl/aux_/preprocessed/msvc70/less.hpp
[23.986s] -- Installing: /home/ph/treasure/dockerBENCH/helios16p_ws/install/vicon_receiver/include/boost/mpl/aux_/preprocessed/msvc70/iter_fold_impl.hpp
[23.986s] -- Installing: /home/ph/treasure/dockerBENCH/helios16p_ws/install/vicon_receiver/include/boost/mpl/aux_/preprocessed/msvc70/full_lambda.hpp
[23.987s] -- Installing: /home/ph/treasure/dockerBENCH/helios16p_ws/install/vicon_receiver/include/boost/mpl/aux_/preprocessed/msvc70/arg.hpp
[23.988s] -- Installing: /home/ph/treasure/dockerBENCH/helios16p_ws/install/vicon_receiver/include/boost/mpl/aux_/preprocessed/msvc70/list_c.hpp
[23.990s] -- Installing: /home/ph/treasure/dockerBENCH/helios16p_ws/install/vicon_receiver/include/boost/mpl/aux_/preprocessed/msvc70/bitxor.hpp
[23.992s] -- Installing: /home/ph/treasure/dockerBENCH/helios16p_ws/install/vicon_receiver/include/boost/mpl/aux_/preprocessed/msvc70/set.hpp
[23.993s] -- Installing: /home/ph/treasure/dockerBENCH/helios16p_ws/install/vicon_receiver/include/boost/mpl/aux_/preprocessed/msvc70/bind_fwd.hpp
[23.996s] -- Installing: /home/ph/treasure/dockerBENCH/helios16p_ws/install/vicon_receiver/include/boost/mpl/aux_/preprocessed/msvc70/reverse_iter_fold_impl.hpp
[23.998s] -- Installing: /home/ph/treasure/dockerBENCH/helios16p_ws/install/vicon_receiver/include/boost/mpl/aux_/preprocessed/msvc70/divides.hpp
[23.999s] -- Installing: /home/ph/treasure/dockerBENCH/helios16p_ws/install/vicon_receiver/include/boost/mpl/aux_/preprocessed/msvc70/fold_impl.hpp
[24.000s] -- Installing: /home/ph/treasure/dockerBENCH/helios16p_ws/install/vicon_receiver/include/boost/mpl/aux_/preprocessed/msvc70/apply.hpp
[24.002s] -- Installing: /home/ph/treasure/dockerBENCH/helios16p_ws/install/vicon_receiver/include/boost/mpl/aux_/preprocessed/msvc70/plus.hpp
[24.005s] -- Installing: /home/ph/treasure/dockerBENCH/helios16p_ws/install/vicon_receiver/include/boost/mpl/aux_/preprocessed/msvc70/bitor.hpp
[24.019s] -- Installing: /home/ph/treasure/dockerBENCH/helios16p_ws/install/vicon_receiver/include/boost/mpl/aux_/preprocessed/mwcw
[24.024s] -- Installing: /home/ph/treasure/dockerBENCH/helios16p_ws/install/vicon_receiver/include/boost/mpl/aux_/preprocessed/mwcw/greater.hpp
[24.033s] -- Installing: /home/ph/treasure/dockerBENCH/helios16p_ws/install/vicon_receiver/include/boost/mpl/aux_/preprocessed/mwcw/unpack_args.hpp
[24.047s] -- Installing: /home/ph/treasure/dockerBENCH/helios16p_ws/install/vicon_receiver/include/boost/mpl/aux_/preprocessed/mwcw/greater_equal.hpp
[24.059s] -- Installing: /home/ph/treasure/dockerBENCH/helios16p_ws/install/vicon_receiver/include/boost/mpl/aux_/preprocessed/mwcw/set_c.hpp
[24.067s] -- Installing: /home/ph/treasure/dockerBENCH/helios16p_ws/install/vicon_receiver/include/boost/mpl/aux_/preprocessed/mwcw/inherit.hpp
[24.072s] -- Installing: /home/ph/treasure/dockerBENCH/helios16p_ws/install/vicon_receiver/include/boost/mpl/aux_/preprocessed/mwcw/apply_fwd.hpp
[24.073s] -- Installing: /home/ph/treasure/dockerBENCH/helios16p_ws/install/vicon_receiver/include/boost/mpl/aux_/preprocessed/mwcw/and.hpp
[24.074s] -- Installing: /home/ph/treasure/dockerBENCH/helios16p_ws/install/vicon_receiver/include/boost/mpl/aux_/preprocessed/mwcw/map.hpp
[24.091s] -- Installing: /home/ph/treasure/dockerBENCH/helios16p_ws/install/vicon_receiver/include/boost/mpl/aux_/preprocessed/mwcw/advance_backward.hpp
[24.093s] -- Installing: /home/ph/treasure/dockerBENCH/helios16p_ws/install/vicon_receiver/include/boost/mpl/aux_/preprocessed/mwcw/bind.hpp
[24.102s] -- Installing: /home/ph/treasure/dockerBENCH/helios16p_ws/install/vicon_receiver/include/boost/mpl/aux_/preprocessed/mwcw/modulus.hpp
[24.134s] -- Installing: /home/ph/treasure/dockerBENCH/helios16p_ws/install/vicon_receiver/include/boost/mpl/aux_/preprocessed/mwcw/lambda_no_ctps.hpp
[24.146s] -- Installing: /home/ph/treasure/dockerBENCH/helios16p_ws/install/vicon_receiver/include/boost/mpl/aux_/preprocessed/mwcw/quote.hpp
[24.149s] -- Installing: /home/ph/treasure/dockerBENCH/helios16p_ws/install/vicon_receiver/include/boost/mpl/aux_/preprocessed/mwcw/deque.hpp
[24.152s] -- Installing: /home/ph/treasure/dockerBENCH/helios16p_ws/install/vicon_receiver/include/boost/mpl/aux_/preprocessed/mwcw/shift_right.hpp
[24.159s] -- Installing: /home/ph/treasure/dockerBENCH/helios16p_ws/install/vicon_receiver/include/boost/mpl/aux_/preprocessed/mwcw/basic_bind.hpp
[24.165s] -- Installing: /home/ph/treasure/dockerBENCH/helios16p_ws/install/vicon_receiver/include/boost/mpl/aux_/preprocessed/mwcw/vector.hpp
[24.172s] -- Installing: /home/ph/treasure/dockerBENCH/helios16p_ws/install/vicon_receiver/include/boost/mpl/aux_/preprocessed/mwcw/vector_c.hpp
[24.173s] -- Installing: /home/ph/treasure/dockerBENCH/helios16p_ws/install/vicon_receiver/include/boost/mpl/aux_/preprocessed/mwcw/minus.hpp
[24.173s] -- Installing: /home/ph/treasure/dockerBENCH/helios16p_ws/install/vicon_receiver/include/boost/mpl/aux_/preprocessed/mwcw/list.hpp
[24.174s] -- Installing: /home/ph/treasure/dockerBENCH/helios16p_ws/install/vicon_receiver/include/boost/mpl/aux_/preprocessed/mwcw/bitand.hpp
[24.175s] -- Installing: /home/ph/treasure/dockerBENCH/helios16p_ws/install/vicon_receiver/include/boost/mpl/aux_/preprocessed/mwcw/shift_left.hpp
[24.176s] -- Installing: /home/ph/treasure/dockerBENCH/helios16p_ws/install/vicon_receiver/include/boost/mpl/aux_/preprocessed/mwcw/template_arity.hpp
[24.176s] -- Installing: /home/ph/treasure/dockerBENCH/helios16p_ws/install/vicon_receiver/include/boost/mpl/aux_/preprocessed/mwcw/equal_to.hpp
[24.177s] -- Installing: /home/ph/treasure/dockerBENCH/helios16p_ws/install/vicon_receiver/include/boost/mpl/aux_/preprocessed/mwcw/placeholders.hpp
[24.178s] -- Installing: /home/ph/treasure/dockerBENCH/helios16p_ws/install/vicon_receiver/include/boost/mpl/aux_/preprocessed/mwcw/advance_forward.hpp
[24.178s] -- Installing: /home/ph/treasure/dockerBENCH/helios16p_ws/install/vicon_receiver/include/boost/mpl/aux_/preprocessed/mwcw/apply_wrap.hpp
[24.179s] -- Installing: /home/ph/treasure/dockerBENCH/helios16p_ws/install/vicon_receiver/include/boost/mpl/aux_/preprocessed/mwcw/or.hpp
[24.180s] -- Installing: /home/ph/treasure/dockerBENCH/helios16p_ws/install/vicon_receiver/include/boost/mpl/aux_/preprocessed/mwcw/not_equal_to.hpp
[24.181s] -- Installing: /home/ph/treasure/dockerBENCH/helios16p_ws/install/vicon_receiver/include/boost/mpl/aux_/preprocessed/mwcw/reverse_fold_impl.hpp
[24.182s] -- Installing: /home/ph/treasure/dockerBENCH/helios16p_ws/install/vicon_receiver/include/boost/mpl/aux_/preprocessed/mwcw/iter_fold_if_impl.hpp
[24.183s] -- Installing: /home/ph/treasure/dockerBENCH/helios16p_ws/install/vicon_receiver/include/boost/mpl/aux_/preprocessed/mwcw/less_equal.hpp
[24.184s] -- Installing: /home/ph/treasure/dockerBENCH/helios16p_ws/install/vicon_receiver/include/boost/mpl/aux_/preprocessed/mwcw/times.hpp
[24.185s] -- Installing: /home/ph/treasure/dockerBENCH/helios16p_ws/install/vicon_receiver/include/boost/mpl/aux_/preprocessed/mwcw/less.hpp
[24.186s] -- Installing: /home/ph/treasure/dockerBENCH/helios16p_ws/install/vicon_receiver/include/boost/mpl/aux_/preprocessed/mwcw/iter_fold_impl.hpp
[24.187s] -- Installing: /home/ph/treasure/dockerBENCH/helios16p_ws/install/vicon_receiver/include/boost/mpl/aux_/preprocessed/mwcw/full_lambda.hpp
[24.188s] -- Installing: /home/ph/treasure/dockerBENCH/helios16p_ws/install/vicon_receiver/include/boost/mpl/aux_/preprocessed/mwcw/arg.hpp
[24.188s] -- Installing: /home/ph/treasure/dockerBENCH/helios16p_ws/install/vicon_receiver/include/boost/mpl/aux_/preprocessed/mwcw/list_c.hpp
[24.189s] -- Installing: /home/ph/treasure/dockerBENCH/helios16p_ws/install/vicon_receiver/include/boost/mpl/aux_/preprocessed/mwcw/bitxor.hpp
[24.190s] -- Installing: /home/ph/treasure/dockerBENCH/helios16p_ws/install/vicon_receiver/include/boost/mpl/aux_/preprocessed/mwcw/set.hpp
[24.191s] -- Installing: /home/ph/treasure/dockerBENCH/helios16p_ws/install/vicon_receiver/include/boost/mpl/aux_/preprocessed/mwcw/bind_fwd.hpp
[24.191s] -- Installing: /home/ph/treasure/dockerBENCH/helios16p_ws/install/vicon_receiver/include/boost/mpl/aux_/preprocessed/mwcw/reverse_iter_fold_impl.hpp
[24.192s] -- Installing: /home/ph/treasure/dockerBENCH/helios16p_ws/install/vicon_receiver/include/boost/mpl/aux_/preprocessed/mwcw/divides.hpp
[24.193s] -- Installing: /home/ph/treasure/dockerBENCH/helios16p_ws/install/vicon_receiver/include/boost/mpl/aux_/preprocessed/mwcw/fold_impl.hpp
[24.193s] -- Installing: /home/ph/treasure/dockerBENCH/helios16p_ws/install/vicon_receiver/include/boost/mpl/aux_/preprocessed/mwcw/apply.hpp
[24.194s] -- Installing: /home/ph/treasure/dockerBENCH/helios16p_ws/install/vicon_receiver/include/boost/mpl/aux_/preprocessed/mwcw/plus.hpp
[24.195s] -- Installing: /home/ph/treasure/dockerBENCH/helios16p_ws/install/vicon_receiver/include/boost/mpl/aux_/preprocessed/mwcw/bitor.hpp
[24.195s] -- Installing: /home/ph/treasure/dockerBENCH/helios16p_ws/install/vicon_receiver/include/boost/mpl/aux_/preprocessed/no_ttp
[24.196s] -- Installing: /home/ph/treasure/dockerBENCH/helios16p_ws/install/vicon_receiver/include/boost/mpl/aux_/preprocessed/no_ttp/greater.hpp
[24.196s] -- Installing: /home/ph/treasure/dockerBENCH/helios16p_ws/install/vicon_receiver/include/boost/mpl/aux_/preprocessed/no_ttp/unpack_args.hpp
[24.197s] -- Installing: /home/ph/treasure/dockerBENCH/helios16p_ws/install/vicon_receiver/include/boost/mpl/aux_/preprocessed/no_ttp/greater_equal.hpp
[24.198s] -- Installing: /home/ph/treasure/dockerBENCH/helios16p_ws/install/vicon_receiver/include/boost/mpl/aux_/preprocessed/no_ttp/set_c.hpp
[24.198s] -- Installing: /home/ph/treasure/dockerBENCH/helios16p_ws/install/vicon_receiver/include/boost/mpl/aux_/preprocessed/no_ttp/inherit.hpp
[24.199s] -- Installing: /home/ph/treasure/dockerBENCH/helios16p_ws/install/vicon_receiver/include/boost/mpl/aux_/preprocessed/no_ttp/apply_fwd.hpp
[24.200s] -- Installing: /home/ph/treasure/dockerBENCH/helios16p_ws/install/vicon_receiver/include/boost/mpl/aux_/preprocessed/no_ttp/and.hpp
[24.201s] -- Installing: /home/ph/treasure/dockerBENCH/helios16p_ws/install/vicon_receiver/include/boost/mpl/aux_/preprocessed/no_ttp/map.hpp
[24.201s] -- Installing: /home/ph/treasure/dockerBENCH/helios16p_ws/install/vicon_receiver/include/boost/mpl/aux_/preprocessed/no_ttp/advance_backward.hpp
[24.202s] -- Installing: /home/ph/treasure/dockerBENCH/helios16p_ws/install/vicon_receiver/include/boost/mpl/aux_/preprocessed/no_ttp/bind.hpp
[24.203s] -- Installing: /home/ph/treasure/dockerBENCH/helios16p_ws/install/vicon_receiver/include/boost/mpl/aux_/preprocessed/no_ttp/modulus.hpp
[24.204s] -- Installing: /home/ph/treasure/dockerBENCH/helios16p_ws/install/vicon_receiver/include/boost/mpl/aux_/preprocessed/no_ttp/lambda_no_ctps.hpp
[24.204s] -- Installing: /home/ph/treasure/dockerBENCH/helios16p_ws/install/vicon_receiver/include/boost/mpl/aux_/preprocessed/no_ttp/quote.hpp
[24.205s] -- Installing: /home/ph/treasure/dockerBENCH/helios16p_ws/install/vicon_receiver/include/boost/mpl/aux_/preprocessed/no_ttp/deque.hpp
[24.205s] -- Installing: /home/ph/treasure/dockerBENCH/helios16p_ws/install/vicon_receiver/include/boost/mpl/aux_/preprocessed/no_ttp/shift_right.hpp
[24.206s] -- Installing: /home/ph/treasure/dockerBENCH/helios16p_ws/install/vicon_receiver/include/boost/mpl/aux_/preprocessed/no_ttp/basic_bind.hpp
[24.207s] -- Installing: /home/ph/treasure/dockerBENCH/helios16p_ws/install/vicon_receiver/include/boost/mpl/aux_/preprocessed/no_ttp/vector.hpp
[24.207s] -- Installing: /home/ph/treasure/dockerBENCH/helios16p_ws/install/vicon_receiver/include/boost/mpl/aux_/preprocessed/no_ttp/vector_c.hpp
[24.208s] -- Installing: /home/ph/treasure/dockerBENCH/helios16p_ws/install/vicon_receiver/include/boost/mpl/aux_/preprocessed/no_ttp/minus.hpp
[24.209s] -- Installing: /home/ph/treasure/dockerBENCH/helios16p_ws/install/vicon_receiver/include/boost/mpl/aux_/preprocessed/no_ttp/list.hpp
[24.210s] -- Installing: /home/ph/treasure/dockerBENCH/helios16p_ws/install/vicon_receiver/include/boost/mpl/aux_/preprocessed/no_ttp/bitand.hpp
[24.210s] -- Installing: /home/ph/treasure/dockerBENCH/helios16p_ws/install/vicon_receiver/include/boost/mpl/aux_/preprocessed/no_ttp/shift_left.hpp
[24.211s] -- Installing: /home/ph/treasure/dockerBENCH/helios16p_ws/install/vicon_receiver/include/boost/mpl/aux_/preprocessed/no_ttp/template_arity.hpp
[24.211s] -- Installing: /home/ph/treasure/dockerBENCH/helios16p_ws/install/vicon_receiver/include/boost/mpl/aux_/preprocessed/no_ttp/equal_to.hpp
[24.212s] -- Installing: /home/ph/treasure/dockerBENCH/helios16p_ws/install/vicon_receiver/include/boost/mpl/aux_/preprocessed/no_ttp/placeholders.hpp
[24.213s] -- Installing: /home/ph/treasure/dockerBENCH/helios16p_ws/install/vicon_receiver/include/boost/mpl/aux_/preprocessed/no_ttp/advance_forward.hpp
[24.213s] -- Installing: /home/ph/treasure/dockerBENCH/helios16p_ws/install/vicon_receiver/include/boost/mpl/aux_/preprocessed/no_ttp/apply_wrap.hpp
[24.214s] -- Installing: /home/ph/treasure/dockerBENCH/helios16p_ws/install/vicon_receiver/include/boost/mpl/aux_/preprocessed/no_ttp/or.hpp
[24.214s] -- Installing: /home/ph/treasure/dockerBENCH/helios16p_ws/install/vicon_receiver/include/boost/mpl/aux_/preprocessed/no_ttp/not_equal_to.hpp
[24.215s] -- Installing: /home/ph/treasure/dockerBENCH/helios16p_ws/install/vicon_receiver/include/boost/mpl/aux_/preprocessed/no_ttp/reverse_fold_impl.hpp
[24.216s] -- Installing: /home/ph/treasure/dockerBENCH/helios16p_ws/install/vicon_receiver/include/boost/mpl/aux_/preprocessed/no_ttp/iter_fold_if_impl.hpp
[24.217s] -- Installing: /home/ph/treasure/dockerBENCH/helios16p_ws/install/vicon_receiver/include/boost/mpl/aux_/preprocessed/no_ttp/less_equal.hpp
[24.218s] -- Installing: /home/ph/treasure/dockerBENCH/helios16p_ws/install/vicon_receiver/include/boost/mpl/aux_/preprocessed/no_ttp/times.hpp
[24.219s] -- Installing: /home/ph/treasure/dockerBENCH/helios16p_ws/install/vicon_receiver/include/boost/mpl/aux_/preprocessed/no_ttp/less.hpp
[24.220s] -- Installing: /home/ph/treasure/dockerBENCH/helios16p_ws/install/vicon_receiver/include/boost/mpl/aux_/preprocessed/no_ttp/iter_fold_impl.hpp
[24.221s] -- Installing: /home/ph/treasure/dockerBENCH/helios16p_ws/install/vicon_receiver/include/boost/mpl/aux_/preprocessed/no_ttp/full_lambda.hpp
[24.221s] -- Installing: /home/ph/treasure/dockerBENCH/helios16p_ws/install/vicon_receiver/include/boost/mpl/aux_/preprocessed/no_ttp/arg.hpp
[24.222s] -- Installing: /home/ph/treasure/dockerBENCH/helios16p_ws/install/vicon_receiver/include/boost/mpl/aux_/preprocessed/no_ttp/list_c.hpp
[24.223s] -- Installing: /home/ph/treasure/dockerBENCH/helios16p_ws/install/vicon_receiver/include/boost/mpl/aux_/preprocessed/no_ttp/bitxor.hpp
[24.223s] -- Installing: /home/ph/treasure/dockerBENCH/helios16p_ws/install/vicon_receiver/include/boost/mpl/aux_/preprocessed/no_ttp/set.hpp
[24.224s] -- Installing: /home/ph/treasure/dockerBENCH/helios16p_ws/install/vicon_receiver/include/boost/mpl/aux_/preprocessed/no_ttp/bind_fwd.hpp
[24.225s] -- Installing: /home/ph/treasure/dockerBENCH/helios16p_ws/install/vicon_receiver/include/boost/mpl/aux_/preprocessed/no_ttp/reverse_iter_fold_impl.hpp
[24.225s] -- Installing: /home/ph/treasure/dockerBENCH/helios16p_ws/install/vicon_receiver/include/boost/mpl/aux_/preprocessed/no_ttp/divides.hpp
[24.226s] -- Installing: /home/ph/treasure/dockerBENCH/helios16p_ws/install/vicon_receiver/include/boost/mpl/aux_/preprocessed/no_ttp/fold_impl.hpp
[24.227s] -- Installing: /home/ph/treasure/dockerBENCH/helios16p_ws/install/vicon_receiver/include/boost/mpl/aux_/preprocessed/no_ttp/apply.hpp
[24.227s] -- Installing: /home/ph/treasure/dockerBENCH/helios16p_ws/install/vicon_receiver/include/boost/mpl/aux_/preprocessed/no_ttp/plus.hpp
[24.228s] -- Installing: /home/ph/treasure/dockerBENCH/helios16p_ws/install/vicon_receiver/include/boost/mpl/aux_/preprocessed/no_ttp/bitor.hpp
[24.228s] -- Installing: /home/ph/treasure/dockerBENCH/helios16p_ws/install/vicon_receiver/include/boost/mpl/aux_/preprocessed/gcc
[24.229s] -- Installing: /home/ph/treasure/dockerBENCH/helios16p_ws/install/vicon_receiver/include/boost/mpl/aux_/preprocessed/gcc/greater.hpp
[24.229s] -- Installing: /home/ph/treasure/dockerBENCH/helios16p_ws/install/vicon_receiver/include/boost/mpl/aux_/preprocessed/gcc/unpack_args.hpp
[24.230s] -- Installing: /home/ph/treasure/dockerBENCH/helios16p_ws/install/vicon_receiver/include/boost/mpl/aux_/preprocessed/gcc/greater_equal.hpp
[24.231s] -- Installing: /home/ph/treasure/dockerBENCH/helios16p_ws/install/vicon_receiver/include/boost/mpl/aux_/preprocessed/gcc/set_c.hpp
[24.232s] -- Installing: /home/ph/treasure/dockerBENCH/helios16p_ws/install/vicon_receiver/include/boost/mpl/aux_/preprocessed/gcc/inherit.hpp
[24.233s] -- Installing: /home/ph/treasure/dockerBENCH/helios16p_ws/install/vicon_receiver/include/boost/mpl/aux_/preprocessed/gcc/apply_fwd.hpp
[24.234s] -- Installing: /home/ph/treasure/dockerBENCH/helios16p_ws/install/vicon_receiver/include/boost/mpl/aux_/preprocessed/gcc/and.hpp
[24.234s] -- Installing: /home/ph/treasure/dockerBENCH/helios16p_ws/install/vicon_receiver/include/boost/mpl/aux_/preprocessed/gcc/map.hpp
[24.235s] -- Installing: /home/ph/treasure/dockerBENCH/helios16p_ws/install/vicon_receiver/include/boost/mpl/aux_/preprocessed/gcc/advance_backward.hpp
[24.236s] -- Installing: /home/ph/treasure/dockerBENCH/helios16p_ws/install/vicon_receiver/include/boost/mpl/aux_/preprocessed/gcc/bind.hpp
[24.237s] -- Installing: /home/ph/treasure/dockerBENCH/helios16p_ws/install/vicon_receiver/include/boost/mpl/aux_/preprocessed/gcc/modulus.hpp
[24.237s] -- Installing: /home/ph/treasure/dockerBENCH/helios16p_ws/install/vicon_receiver/include/boost/mpl/aux_/preprocessed/gcc/lambda_no_ctps.hpp
[24.238s] -- Installing: /home/ph/treasure/dockerBENCH/helios16p_ws/install/vicon_receiver/include/boost/mpl/aux_/preprocessed/gcc/quote.hpp
[24.239s] -- Installing: /home/ph/treasure/dockerBENCH/helios16p_ws/install/vicon_receiver/include/boost/mpl/aux_/preprocessed/gcc/deque.hpp
[24.240s] -- Installing: /home/ph/treasure/dockerBENCH/helios16p_ws/install/vicon_receiver/include/boost/mpl/aux_/preprocessed/gcc/shift_right.hpp
[24.240s] -- Installing: /home/ph/treasure/dockerBENCH/helios16p_ws/install/vicon_receiver/include/boost/mpl/aux_/preprocessed/gcc/basic_bind.hpp
[24.241s] -- Installing: /home/ph/treasure/dockerBENCH/helios16p_ws/install/vicon_receiver/include/boost/mpl/aux_/preprocessed/gcc/vector.hpp
[24.242s] -- Installing: /home/ph/treasure/dockerBENCH/helios16p_ws/install/vicon_receiver/include/boost/mpl/aux_/preprocessed/gcc/vector_c.hpp
[24.242s] -- Installing: /home/ph/treasure/dockerBENCH/helios16p_ws/install/vicon_receiver/include/boost/mpl/aux_/preprocessed/gcc/minus.hpp
[24.243s] -- Installing: /home/ph/treasure/dockerBENCH/helios16p_ws/install/vicon_receiver/include/boost/mpl/aux_/preprocessed/gcc/list.hpp
[24.244s] -- Installing: /home/ph/treasure/dockerBENCH/helios16p_ws/install/vicon_receiver/include/boost/mpl/aux_/preprocessed/gcc/bitand.hpp
[24.244s] -- Installing: /home/ph/treasure/dockerBENCH/helios16p_ws/install/vicon_receiver/include/boost/mpl/aux_/preprocessed/gcc/shift_left.hpp
[24.245s] -- Installing: /home/ph/treasure/dockerBENCH/helios16p_ws/install/vicon_receiver/include/boost/mpl/aux_/preprocessed/gcc/template_arity.hpp
[24.245s] -- Installing: /home/ph/treasure/dockerBENCH/helios16p_ws/install/vicon_receiver/include/boost/mpl/aux_/preprocessed/gcc/equal_to.hpp
[24.246s] -- Installing: /home/ph/treasure/dockerBENCH/helios16p_ws/install/vicon_receiver/include/boost/mpl/aux_/preprocessed/gcc/placeholders.hpp
[24.247s] -- Installing: /home/ph/treasure/dockerBENCH/helios16p_ws/install/vicon_receiver/include/boost/mpl/aux_/preprocessed/gcc/advance_forward.hpp
[24.248s] -- Installing: /home/ph/treasure/dockerBENCH/helios16p_ws/install/vicon_receiver/include/boost/mpl/aux_/preprocessed/gcc/apply_wrap.hpp
[24.249s] -- Installing: /home/ph/treasure/dockerBENCH/helios16p_ws/install/vicon_receiver/include/boost/mpl/aux_/preprocessed/gcc/or.hpp
[24.250s] -- Installing: /home/ph/treasure/dockerBENCH/helios16p_ws/install/vicon_receiver/include/boost/mpl/aux_/preprocessed/gcc/not_equal_to.hpp
[24.251s] -- Installing: /home/ph/treasure/dockerBENCH/helios16p_ws/install/vicon_receiver/include/boost/mpl/aux_/preprocessed/gcc/reverse_fold_impl.hpp
[24.252s] -- Installing: /home/ph/treasure/dockerBENCH/helios16p_ws/install/vicon_receiver/include/boost/mpl/aux_/preprocessed/gcc/iter_fold_if_impl.hpp
[24.253s] -- Installing: /home/ph/treasure/dockerBENCH/helios16p_ws/install/vicon_receiver/include/boost/mpl/aux_/preprocessed/gcc/less_equal.hpp
[24.254s] -- Installing: /home/ph/treasure/dockerBENCH/helios16p_ws/install/vicon_receiver/include/boost/mpl/aux_/preprocessed/gcc/times.hpp
[24.254s] -- Installing: /home/ph/treasure/dockerBENCH/helios16p_ws/install/vicon_receiver/include/boost/mpl/aux_/preprocessed/gcc/less.hpp
[24.255s] -- Installing: /home/ph/treasure/dockerBENCH/helios16p_ws/install/vicon_receiver/include/boost/mpl/aux_/preprocessed/gcc/iter_fold_impl.hpp
[24.256s] -- Installing: /home/ph/treasure/dockerBENCH/helios16p_ws/install/vicon_receiver/include/boost/mpl/aux_/preprocessed/gcc/full_lambda.hpp
[24.257s] -- Installing: /home/ph/treasure/dockerBENCH/helios16p_ws/install/vicon_receiver/include/boost/mpl/aux_/preprocessed/gcc/arg.hpp
[24.257s] -- Installing: /home/ph/treasure/dockerBENCH/helios16p_ws/install/vicon_receiver/include/boost/mpl/aux_/preprocessed/gcc/list_c.hpp
[24.258s] -- Installing: /home/ph/treasure/dockerBENCH/helios16p_ws/install/vicon_receiver/include/boost/mpl/aux_/preprocessed/gcc/bitxor.hpp
[24.259s] -- Installing: /home/ph/treasure/dockerBENCH/helios16p_ws/install/vicon_receiver/include/boost/mpl/aux_/preprocessed/gcc/set.hpp
[24.259s] -- Installing: /home/ph/treasure/dockerBENCH/helios16p_ws/install/vicon_receiver/include/boost/mpl/aux_/preprocessed/gcc/bind_fwd.hpp
[24.260s] -- Installing: /home/ph/treasure/dockerBENCH/helios16p_ws/install/vicon_receiver/include/boost/mpl/aux_/preprocessed/gcc/reverse_iter_fold_impl.hpp
[24.261s] -- Installing: /home/ph/treasure/dockerBENCH/helios16p_ws/install/vicon_receiver/include/boost/mpl/aux_/preprocessed/gcc/divides.hpp
[24.261s] -- Installing: /home/ph/treasure/dockerBENCH/helios16p_ws/install/vicon_receiver/include/boost/mpl/aux_/preprocessed/gcc/fold_impl.hpp
[24.262s] -- Installing: /home/ph/treasure/dockerBENCH/helios16p_ws/install/vicon_receiver/include/boost/mpl/aux_/preprocessed/gcc/apply.hpp
[24.263s] -- Installing: /home/ph/treasure/dockerBENCH/helios16p_ws/install/vicon_receiver/include/boost/mpl/aux_/preprocessed/gcc/plus.hpp
[24.263s] -- Installing: /home/ph/treasure/dockerBENCH/helios16p_ws/install/vicon_receiver/include/boost/mpl/aux_/preprocessed/gcc/bitor.hpp
[24.264s] -- Installing: /home/ph/treasure/dockerBENCH/helios16p_ws/install/vicon_receiver/include/boost/mpl/aux_/preprocessed/bcc551
[24.264s] -- Installing: /home/ph/treasure/dockerBENCH/helios16p_ws/install/vicon_receiver/include/boost/mpl/aux_/preprocessed/bcc551/greater.hpp
[24.268s] -- Installing: /home/ph/treasure/dockerBENCH/helios16p_ws/install/vicon_receiver/include/boost/mpl/aux_/preprocessed/bcc551/unpack_args.hpp
[24.268s] -- Installing: /home/ph/treasure/dockerBENCH/helios16p_ws/install/vicon_receiver/include/boost/mpl/aux_/preprocessed/bcc551/greater_equal.hpp
[24.268s] -- Installing: /home/ph/treasure/dockerBENCH/helios16p_ws/install/vicon_receiver/include/boost/mpl/aux_/preprocessed/bcc551/set_c.hpp
[24.269s] -- Installing: /home/ph/treasure/dockerBENCH/helios16p_ws/install/vicon_receiver/include/boost/mpl/aux_/preprocessed/bcc551/inherit.hpp
[24.269s] -- Installing: /home/ph/treasure/dockerBENCH/helios16p_ws/install/vicon_receiver/include/boost/mpl/aux_/preprocessed/bcc551/apply_fwd.hpp
[24.270s] -- Installing: /home/ph/treasure/dockerBENCH/helios16p_ws/install/vicon_receiver/include/boost/mpl/aux_/preprocessed/bcc551/and.hpp
[24.271s] -- Installing: /home/ph/treasure/dockerBENCH/helios16p_ws/install/vicon_receiver/include/boost/mpl/aux_/preprocessed/bcc551/map.hpp
[24.271s] -- Installing: /home/ph/treasure/dockerBENCH/helios16p_ws/install/vicon_receiver/include/boost/mpl/aux_/preprocessed/bcc551/advance_backward.hpp
[24.272s] -- Installing: /home/ph/treasure/dockerBENCH/helios16p_ws/install/vicon_receiver/include/boost/mpl/aux_/preprocessed/bcc551/bind.hpp
[24.273s] -- Installing: /home/ph/treasure/dockerBENCH/helios16p_ws/install/vicon_receiver/include/boost/mpl/aux_/preprocessed/bcc551/modulus.hpp
[24.273s] -- Installing: /home/ph/treasure/dockerBENCH/helios16p_ws/install/vicon_receiver/include/boost/mpl/aux_/preprocessed/bcc551/lambda_no_ctps.hpp
[24.274s] -- Installing: /home/ph/treasure/dockerBENCH/helios16p_ws/install/vicon_receiver/include/boost/mpl/aux_/preprocessed/bcc551/quote.hpp
[24.275s] -- Installing: /home/ph/treasure/dockerBENCH/helios16p_ws/install/vicon_receiver/include/boost/mpl/aux_/preprocessed/bcc551/deque.hpp
[24.275s] -- Installing: /home/ph/treasure/dockerBENCH/helios16p_ws/install/vicon_receiver/include/boost/mpl/aux_/preprocessed/bcc551/shift_right.hpp
[24.276s] -- Installing: /home/ph/treasure/dockerBENCH/helios16p_ws/install/vicon_receiver/include/boost/mpl/aux_/preprocessed/bcc551/basic_bind.hpp
[24.277s] -- Installing: /home/ph/treasure/dockerBENCH/helios16p_ws/install/vicon_receiver/include/boost/mpl/aux_/preprocessed/bcc551/vector.hpp
[24.277s] -- Installing: /home/ph/treasure/dockerBENCH/helios16p_ws/install/vicon_receiver/include/boost/mpl/aux_/preprocessed/bcc551/vector_c.hpp
[24.278s] -- Installing: /home/ph/treasure/dockerBENCH/helios16p_ws/install/vicon_receiver/include/boost/mpl/aux_/preprocessed/bcc551/minus.hpp
[24.278s] -- Installing: /home/ph/treasure/dockerBENCH/helios16p_ws/install/vicon_receiver/include/boost/mpl/aux_/preprocessed/bcc551/list.hpp
[24.279s] -- Installing: /home/ph/treasure/dockerBENCH/helios16p_ws/install/vicon_receiver/include/boost/mpl/aux_/preprocessed/bcc551/bitand.hpp
[24.279s] -- Installing: /home/ph/treasure/dockerBENCH/helios16p_ws/install/vicon_receiver/include/boost/mpl/aux_/preprocessed/bcc551/shift_left.hpp
[24.280s] -- Installing: /home/ph/treasure/dockerBENCH/helios16p_ws/install/vicon_receiver/include/boost/mpl/aux_/preprocessed/bcc551/template_arity.hpp
[24.280s] -- Installing: /home/ph/treasure/dockerBENCH/helios16p_ws/install/vicon_receiver/include/boost/mpl/aux_/preprocessed/bcc551/equal_to.hpp
[24.282s] -- Installing: /home/ph/treasure/dockerBENCH/helios16p_ws/install/vicon_receiver/include/boost/mpl/aux_/preprocessed/bcc551/placeholders.hpp
[24.283s] -- Installing: /home/ph/treasure/dockerBENCH/helios16p_ws/install/vicon_receiver/include/boost/mpl/aux_/preprocessed/bcc551/advance_forward.hpp
[24.284s] -- Installing: /home/ph/treasure/dockerBENCH/helios16p_ws/install/vicon_receiver/include/boost/mpl/aux_/preprocessed/bcc551/apply_wrap.hpp
[24.285s] -- Installing: /home/ph/treasure/dockerBENCH/helios16p_ws/install/vicon_receiver/include/boost/mpl/aux_/preprocessed/bcc551/or.hpp
[24.286s] -- Installing: /home/ph/treasure/dockerBENCH/helios16p_ws/install/vicon_receiver/include/boost/mpl/aux_/preprocessed/bcc551/not_equal_to.hpp
[24.286s] -- Installing: /home/ph/treasure/dockerBENCH/helios16p_ws/install/vicon_receiver/include/boost/mpl/aux_/preprocessed/bcc551/reverse_fold_impl.hpp
[24.287s] -- Installing: /home/ph/treasure/dockerBENCH/helios16p_ws/install/vicon_receiver/include/boost/mpl/aux_/preprocessed/bcc551/iter_fold_if_impl.hpp
[24.288s] -- Installing: /home/ph/treasure/dockerBENCH/helios16p_ws/install/vicon_receiver/include/boost/mpl/aux_/preprocessed/bcc551/less_equal.hpp
[24.288s] -- Installing: /home/ph/treasure/dockerBENCH/helios16p_ws/install/vicon_receiver/include/boost/mpl/aux_/preprocessed/bcc551/times.hpp
[24.289s] -- Installing: /home/ph/treasure/dockerBENCH/helios16p_ws/install/vicon_receiver/include/boost/mpl/aux_/preprocessed/bcc551/less.hpp
[24.289s] -- Installing: /home/ph/treasure/dockerBENCH/helios16p_ws/install/vicon_receiver/include/boost/mpl/aux_/preprocessed/bcc551/iter_fold_impl.hpp
[24.290s] -- Installing: /home/ph/treasure/dockerBENCH/helios16p_ws/install/vicon_receiver/include/boost/mpl/aux_/preprocessed/bcc551/full_lambda.hpp
[24.291s] -- Installing: /home/ph/treasure/dockerBENCH/helios16p_ws/install/vicon_receiver/include/boost/mpl/aux_/preprocessed/bcc551/arg.hpp
[24.292s] -- Installing: /home/ph/treasure/dockerBENCH/helios16p_ws/install/vicon_receiver/include/boost/mpl/aux_/preprocessed/bcc551/list_c.hpp
[24.292s] -- Installing: /home/ph/treasure/dockerBENCH/helios16p_ws/install/vicon_receiver/include/boost/mpl/aux_/preprocessed/bcc551/bitxor.hpp
[24.293s] -- Installing: /home/ph/treasure/dockerBENCH/helios16p_ws/install/vicon_receiver/include/boost/mpl/aux_/preprocessed/bcc551/set.hpp
[24.294s] -- Installing: /home/ph/treasure/dockerBENCH/helios16p_ws/install/vicon_receiver/include/boost/mpl/aux_/preprocessed/bcc551/bind_fwd.hpp
[24.295s] -- Installing: /home/ph/treasure/dockerBENCH/helios16p_ws/install/vicon_receiver/include/boost/mpl/aux_/preprocessed/bcc551/reverse_iter_fold_impl.hpp
[24.295s] -- Installing: /home/ph/treasure/dockerBENCH/helios16p_ws/install/vicon_receiver/include/boost/mpl/aux_/preprocessed/bcc551/divides.hpp
[24.296s] -- Installing: /home/ph/treasure/dockerBENCH/helios16p_ws/install/vicon_receiver/include/boost/mpl/aux_/preprocessed/bcc551/fold_impl.hpp
[24.298s] -- Installing: /home/ph/treasure/dockerBENCH/helios16p_ws/install/vicon_receiver/include/boost/mpl/aux_/preprocessed/bcc551/apply.hpp
[24.298s] -- Installing: /home/ph/treasure/dockerBENCH/helios16p_ws/install/vicon_receiver/include/boost/mpl/aux_/preprocessed/bcc551/plus.hpp
[24.299s] -- Installing: /home/ph/treasure/dockerBENCH/helios16p_ws/install/vicon_receiver/include/boost/mpl/aux_/preprocessed/bcc551/bitor.hpp
[24.299s] -- Installing: /home/ph/treasure/dockerBENCH/helios16p_ws/install/vicon_receiver/include/boost/mpl/aux_/preprocessed/plain
[24.300s] -- Installing: /home/ph/treasure/dockerBENCH/helios16p_ws/install/vicon_receiver/include/boost/mpl/aux_/preprocessed/plain/greater.hpp
[24.301s] -- Installing: /home/ph/treasure/dockerBENCH/helios16p_ws/install/vicon_receiver/include/boost/mpl/aux_/preprocessed/plain/unpack_args.hpp
[24.302s] -- Installing: /home/ph/treasure/dockerBENCH/helios16p_ws/install/vicon_receiver/include/boost/mpl/aux_/preprocessed/plain/greater_equal.hpp
[24.302s] -- Installing: /home/ph/treasure/dockerBENCH/helios16p_ws/install/vicon_receiver/include/boost/mpl/aux_/preprocessed/plain/set_c.hpp
[24.303s] -- Installing: /home/ph/treasure/dockerBENCH/helios16p_ws/install/vicon_receiver/include/boost/mpl/aux_/preprocessed/plain/inherit.hpp
[24.304s] -- Installing: /home/ph/treasure/dockerBENCH/helios16p_ws/install/vicon_receiver/include/boost/mpl/aux_/preprocessed/plain/apply_fwd.hpp
[24.305s] -- Installing: /home/ph/treasure/dockerBENCH/helios16p_ws/install/vicon_receiver/include/boost/mpl/aux_/preprocessed/plain/and.hpp
[24.305s] -- Installing: /home/ph/treasure/dockerBENCH/helios16p_ws/install/vicon_receiver/include/boost/mpl/aux_/preprocessed/plain/map.hpp
[24.306s] -- Installing: /home/ph/treasure/dockerBENCH/helios16p_ws/install/vicon_receiver/include/boost/mpl/aux_/preprocessed/plain/advance_backward.hpp
[24.307s] -- Installing: /home/ph/treasure/dockerBENCH/helios16p_ws/install/vicon_receiver/include/boost/mpl/aux_/preprocessed/plain/bind.hpp
[24.307s] -- Installing: /home/ph/treasure/dockerBENCH/helios16p_ws/install/vicon_receiver/include/boost/mpl/aux_/preprocessed/plain/modulus.hpp
[24.308s] -- Installing: /home/ph/treasure/dockerBENCH/helios16p_ws/install/vicon_receiver/include/boost/mpl/aux_/preprocessed/plain/lambda_no_ctps.hpp
[24.309s] -- Installing: /home/ph/treasure/dockerBENCH/helios16p_ws/install/vicon_receiver/include/boost/mpl/aux_/preprocessed/plain/quote.hpp
[24.310s] -- Installing: /home/ph/treasure/dockerBENCH/helios16p_ws/install/vicon_receiver/include/boost/mpl/aux_/preprocessed/plain/deque.hpp
[24.310s] -- Installing: /home/ph/treasure/dockerBENCH/helios16p_ws/install/vicon_receiver/include/boost/mpl/aux_/preprocessed/plain/shift_right.hpp
[24.311s] -- Installing: /home/ph/treasure/dockerBENCH/helios16p_ws/install/vicon_receiver/include/boost/mpl/aux_/preprocessed/plain/basic_bind.hpp
[24.312s] -- Installing: /home/ph/treasure/dockerBENCH/helios16p_ws/install/vicon_receiver/include/boost/mpl/aux_/preprocessed/plain/vector.hpp
[24.313s] -- Installing: /home/ph/treasure/dockerBENCH/helios16p_ws/install/vicon_receiver/include/boost/mpl/aux_/preprocessed/plain/vector_c.hpp
[24.313s] -- Installing: /home/ph/treasure/dockerBENCH/helios16p_ws/install/vicon_receiver/include/boost/mpl/aux_/preprocessed/plain/minus.hpp
[24.314s] -- Installing: /home/ph/treasure/dockerBENCH/helios16p_ws/install/vicon_receiver/include/boost/mpl/aux_/preprocessed/plain/list.hpp
[24.315s] -- Installing: /home/ph/treasure/dockerBENCH/helios16p_ws/install/vicon_receiver/include/boost/mpl/aux_/preprocessed/plain/bitand.hpp
[24.316s] -- Installing: /home/ph/treasure/dockerBENCH/helios16p_ws/install/vicon_receiver/include/boost/mpl/aux_/preprocessed/plain/shift_left.hpp
[24.317s] -- Installing: /home/ph/treasure/dockerBENCH/helios16p_ws/install/vicon_receiver/include/boost/mpl/aux_/preprocessed/plain/template_arity.hpp
[24.317s] -- Installing: /home/ph/treasure/dockerBENCH/helios16p_ws/install/vicon_receiver/include/boost/mpl/aux_/preprocessed/plain/equal_to.hpp
[24.318s] -- Installing: /home/ph/treasure/dockerBENCH/helios16p_ws/install/vicon_receiver/include/boost/mpl/aux_/preprocessed/plain/placeholders.hpp
[24.319s] -- Installing: /home/ph/treasure/dockerBENCH/helios16p_ws/install/vicon_receiver/include/boost/mpl/aux_/preprocessed/plain/advance_forward.hpp
[24.319s] -- Installing: /home/ph/treasure/dockerBENCH/helios16p_ws/install/vicon_receiver/include/boost/mpl/aux_/preprocessed/plain/apply_wrap.hpp
[24.320s] -- Installing: /home/ph/treasure/dockerBENCH/helios16p_ws/install/vicon_receiver/include/boost/mpl/aux_/preprocessed/plain/or.hpp
[24.321s] -- Installing: /home/ph/treasure/dockerBENCH/helios16p_ws/install/vicon_receiver/include/boost/mpl/aux_/preprocessed/plain/not_equal_to.hpp
[24.321s] -- Installing: /home/ph/treasure/dockerBENCH/helios16p_ws/install/vicon_receiver/include/boost/mpl/aux_/preprocessed/plain/reverse_fold_impl.hpp
[24.322s] -- Installing: /home/ph/treasure/dockerBENCH/helios16p_ws/install/vicon_receiver/include/boost/mpl/aux_/preprocessed/plain/iter_fold_if_impl.hpp
[24.323s] -- Installing: /home/ph/treasure/dockerBENCH/helios16p_ws/install/vicon_receiver/include/boost/mpl/aux_/preprocessed/plain/less_equal.hpp
[24.324s] -- Installing: /home/ph/treasure/dockerBENCH/helios16p_ws/install/vicon_receiver/include/boost/mpl/aux_/preprocessed/plain/times.hpp
[24.324s] -- Installing: /home/ph/treasure/dockerBENCH/helios16p_ws/install/vicon_receiver/include/boost/mpl/aux_/preprocessed/plain/less.hpp
[24.325s] -- Installing: /home/ph/treasure/dockerBENCH/helios16p_ws/install/vicon_receiver/include/boost/mpl/aux_/preprocessed/plain/iter_fold_impl.hpp
[24.326s] -- Installing: /home/ph/treasure/dockerBENCH/helios16p_ws/install/vicon_receiver/include/boost/mpl/aux_/preprocessed/plain/full_lambda.hpp
[24.327s] -- Installing: /home/ph/treasure/dockerBENCH/helios16p_ws/install/vicon_receiver/include/boost/mpl/aux_/preprocessed/plain/arg.hpp
[24.327s] -- Installing: /home/ph/treasure/dockerBENCH/helios16p_ws/install/vicon_receiver/include/boost/mpl/aux_/preprocessed/plain/list_c.hpp
[24.328s] -- Installing: /home/ph/treasure/dockerBENCH/helios16p_ws/install/vicon_receiver/include/boost/mpl/aux_/preprocessed/plain/bitxor.hpp
[24.329s] -- Installing: /home/ph/treasure/dockerBENCH/helios16p_ws/install/vicon_receiver/include/boost/mpl/aux_/preprocessed/plain/set.hpp
[24.329s] -- Installing: /home/ph/treasure/dockerBENCH/helios16p_ws/install/vicon_receiver/include/boost/mpl/aux_/preprocessed/plain/bind_fwd.hpp
[24.330s] -- Installing: /home/ph/treasure/dockerBENCH/helios16p_ws/install/vicon_receiver/include/boost/mpl/aux_/preprocessed/plain/reverse_iter_fold_impl.hpp
[24.331s] -- Installing: /home/ph/treasure/dockerBENCH/helios16p_ws/install/vicon_receiver/include/boost/mpl/aux_/preprocessed/plain/divides.hpp
[24.333s] -- Installing: /home/ph/treasure/dockerBENCH/helios16p_ws/install/vicon_receiver/include/boost/mpl/aux_/preprocessed/plain/fold_impl.hpp
[24.334s] -- Installing: /home/ph/treasure/dockerBENCH/helios16p_ws/install/vicon_receiver/include/boost/mpl/aux_/preprocessed/plain/apply.hpp
[24.334s] -- Installing: /home/ph/treasure/dockerBENCH/helios16p_ws/install/vicon_receiver/include/boost/mpl/aux_/preprocessed/plain/plus.hpp
[24.334s] -- Installing: /home/ph/treasure/dockerBENCH/helios16p_ws/install/vicon_receiver/include/boost/mpl/aux_/preprocessed/plain/bitor.hpp
[24.335s] -- Installing: /home/ph/treasure/dockerBENCH/helios16p_ws/install/vicon_receiver/include/boost/mpl/aux_/preprocessed/dmc
[24.338s] -- Installing: /home/ph/treasure/dockerBENCH/helios16p_ws/install/vicon_receiver/include/boost/mpl/aux_/preprocessed/dmc/greater.hpp
[24.338s] -- Installing: /home/ph/treasure/dockerBENCH/helios16p_ws/install/vicon_receiver/include/boost/mpl/aux_/preprocessed/dmc/unpack_args.hpp
[24.340s] -- Installing: /home/ph/treasure/dockerBENCH/helios16p_ws/install/vicon_receiver/include/boost/mpl/aux_/preprocessed/dmc/greater_equal.hpp
[24.341s] -- Installing: /home/ph/treasure/dockerBENCH/helios16p_ws/install/vicon_receiver/include/boost/mpl/aux_/preprocessed/dmc/set_c.hpp
[24.342s] -- Installing: /home/ph/treasure/dockerBENCH/helios16p_ws/install/vicon_receiver/include/boost/mpl/aux_/preprocessed/dmc/inherit.hpp
[24.342s] -- Installing: /home/ph/treasure/dockerBENCH/helios16p_ws/install/vicon_receiver/include/boost/mpl/aux_/preprocessed/dmc/apply_fwd.hpp
[24.343s] -- Installing: /home/ph/treasure/dockerBENCH/helios16p_ws/install/vicon_receiver/include/boost/mpl/aux_/preprocessed/dmc/and.hpp
[24.343s] -- Installing: /home/ph/treasure/dockerBENCH/helios16p_ws/install/vicon_receiver/include/boost/mpl/aux_/preprocessed/dmc/map.hpp
[24.344s] -- Installing: /home/ph/treasure/dockerBENCH/helios16p_ws/install/vicon_receiver/include/boost/mpl/aux_/preprocessed/dmc/advance_backward.hpp
[24.344s] -- Installing: /home/ph/treasure/dockerBENCH/helios16p_ws/install/vicon_receiver/include/boost/mpl/aux_/preprocessed/dmc/bind.hpp
[24.345s] -- Installing: /home/ph/treasure/dockerBENCH/helios16p_ws/install/vicon_receiver/include/boost/mpl/aux_/preprocessed/dmc/modulus.hpp
[24.345s] -- Installing: /home/ph/treasure/dockerBENCH/helios16p_ws/install/vicon_receiver/include/boost/mpl/aux_/preprocessed/dmc/lambda_no_ctps.hpp
[24.346s] -- Installing: /home/ph/treasure/dockerBENCH/helios16p_ws/install/vicon_receiver/include/boost/mpl/aux_/preprocessed/dmc/quote.hpp
[24.347s] -- Installing: /home/ph/treasure/dockerBENCH/helios16p_ws/install/vicon_receiver/include/boost/mpl/aux_/preprocessed/dmc/deque.hpp
[24.347s] -- Installing: /home/ph/treasure/dockerBENCH/helios16p_ws/install/vicon_receiver/include/boost/mpl/aux_/preprocessed/dmc/shift_right.hpp
[24.349s] -- Installing: /home/ph/treasure/dockerBENCH/helios16p_ws/install/vicon_receiver/include/boost/mpl/aux_/preprocessed/dmc/basic_bind.hpp
[24.350s] -- Installing: /home/ph/treasure/dockerBENCH/helios16p_ws/install/vicon_receiver/include/boost/mpl/aux_/preprocessed/dmc/vector.hpp
[24.351s] -- Installing: /home/ph/treasure/dockerBENCH/helios16p_ws/install/vicon_receiver/include/boost/mpl/aux_/preprocessed/dmc/vector_c.hpp
[24.352s] -- Installing: /home/ph/treasure/dockerBENCH/helios16p_ws/install/vicon_receiver/include/boost/mpl/aux_/preprocessed/dmc/minus.hpp
[24.352s] -- Installing: /home/ph/treasure/dockerBENCH/helios16p_ws/install/vicon_receiver/include/boost/mpl/aux_/preprocessed/dmc/list.hpp
[24.352s] -- Installing: /home/ph/treasure/dockerBENCH/helios16p_ws/install/vicon_receiver/include/boost/mpl/aux_/preprocessed/dmc/bitand.hpp
[24.353s] -- Installing: /home/ph/treasure/dockerBENCH/helios16p_ws/install/vicon_receiver/include/boost/mpl/aux_/preprocessed/dmc/shift_left.hpp
[24.354s] -- Installing: /home/ph/treasure/dockerBENCH/helios16p_ws/install/vicon_receiver/include/boost/mpl/aux_/preprocessed/dmc/template_arity.hpp
[24.354s] -- Installing: /home/ph/treasure/dockerBENCH/helios16p_ws/install/vicon_receiver/include/boost/mpl/aux_/preprocessed/dmc/equal_to.hpp
[24.355s] -- Installing: /home/ph/treasure/dockerBENCH/helios16p_ws/install/vicon_receiver/include/boost/mpl/aux_/preprocessed/dmc/placeholders.hpp
[24.356s] -- Installing: /home/ph/treasure/dockerBENCH/helios16p_ws/install/vicon_receiver/include/boost/mpl/aux_/preprocessed/dmc/advance_forward.hpp
[24.356s] -- Installing: /home/ph/treasure/dockerBENCH/helios16p_ws/install/vicon_receiver/include/boost/mpl/aux_/preprocessed/dmc/apply_wrap.hpp
[24.357s] -- Installing: /home/ph/treasure/dockerBENCH/helios16p_ws/install/vicon_receiver/include/boost/mpl/aux_/preprocessed/dmc/or.hpp
[24.357s] -- Installing: /home/ph/treasure/dockerBENCH/helios16p_ws/install/vicon_receiver/include/boost/mpl/aux_/preprocessed/dmc/not_equal_to.hpp
[24.358s] -- Installing: /home/ph/treasure/dockerBENCH/helios16p_ws/install/vicon_receiver/include/boost/mpl/aux_/preprocessed/dmc/reverse_fold_impl.hpp
[24.359s] -- Installing: /home/ph/treasure/dockerBENCH/helios16p_ws/install/vicon_receiver/include/boost/mpl/aux_/preprocessed/dmc/iter_fold_if_impl.hpp
[24.359s] -- Installing: /home/ph/treasure/dockerBENCH/helios16p_ws/install/vicon_receiver/include/boost/mpl/aux_/preprocessed/dmc/less_equal.hpp
[24.360s] -- Installing: /home/ph/treasure/dockerBENCH/helios16p_ws/install/vicon_receiver/include/boost/mpl/aux_/preprocessed/dmc/times.hpp
[24.361s] -- Installing: /home/ph/treasure/dockerBENCH/helios16p_ws/install/vicon_receiver/include/boost/mpl/aux_/preprocessed/dmc/less.hpp
[24.361s] -- Installing: /home/ph/treasure/dockerBENCH/helios16p_ws/install/vicon_receiver/include/boost/mpl/aux_/preprocessed/dmc/iter_fold_impl.hpp
[24.362s] -- Installing: /home/ph/treasure/dockerBENCH/helios16p_ws/install/vicon_receiver/include/boost/mpl/aux_/preprocessed/dmc/full_lambda.hpp
[24.363s] -- Installing: /home/ph/treasure/dockerBENCH/helios16p_ws/install/vicon_receiver/include/boost/mpl/aux_/preprocessed/dmc/arg.hpp
[24.363s] -- Installing: /home/ph/treasure/dockerBENCH/helios16p_ws/install/vicon_receiver/include/boost/mpl/aux_/preprocessed/dmc/list_c.hpp
[24.364s] -- Installing: /home/ph/treasure/dockerBENCH/helios16p_ws/install/vicon_receiver/include/boost/mpl/aux_/preprocessed/dmc/bitxor.hpp
[24.364s] -- Installing: /home/ph/treasure/dockerBENCH/helios16p_ws/install/vicon_receiver/include/boost/mpl/aux_/preprocessed/dmc/set.hpp
[24.369s] -- Installing: /home/ph/treasure/dockerBENCH/helios16p_ws/install/vicon_receiver/include/boost/mpl/aux_/preprocessed/dmc/bind_fwd.hpp
[24.369s] -- Installing: /home/ph/treasure/dockerBENCH/helios16p_ws/install/vicon_receiver/include/boost/mpl/aux_/preprocessed/dmc/reverse_iter_fold_impl.hpp
[24.369s] -- Installing: /home/ph/treasure/dockerBENCH/helios16p_ws/install/vicon_receiver/include/boost/mpl/aux_/preprocessed/dmc/divides.hpp
[24.369s] -- Installing: /home/ph/treasure/dockerBENCH/helios16p_ws/install/vicon_receiver/include/boost/mpl/aux_/preprocessed/dmc/fold_impl.hpp
[24.370s] -- Installing: /home/ph/treasure/dockerBENCH/helios16p_ws/install/vicon_receiver/include/boost/mpl/aux_/preprocessed/dmc/apply.hpp
[24.370s] -- Installing: /home/ph/treasure/dockerBENCH/helios16p_ws/install/vicon_receiver/include/boost/mpl/aux_/preprocessed/dmc/plus.hpp
[24.371s] -- Installing: /home/ph/treasure/dockerBENCH/helios16p_ws/install/vicon_receiver/include/boost/mpl/aux_/preprocessed/dmc/bitor.hpp
[24.371s] -- Installing: /home/ph/treasure/dockerBENCH/helios16p_ws/install/vicon_receiver/include/boost/mpl/aux_/preprocessed/bcc_pre590
[24.372s] -- Installing: /home/ph/treasure/dockerBENCH/helios16p_ws/install/vicon_receiver/include/boost/mpl/aux_/preprocessed/bcc_pre590/greater.hpp
[24.373s] -- Installing: /home/ph/treasure/dockerBENCH/helios16p_ws/install/vicon_receiver/include/boost/mpl/aux_/preprocessed/bcc_pre590/unpack_args.hpp
[24.373s] -- Installing: /home/ph/treasure/dockerBENCH/helios16p_ws/install/vicon_receiver/include/boost/mpl/aux_/preprocessed/bcc_pre590/greater_equal.hpp
[24.373s] -- Installing: /home/ph/treasure/dockerBENCH/helios16p_ws/install/vicon_receiver/include/boost/mpl/aux_/preprocessed/bcc_pre590/set_c.hpp
[24.374s] -- Installing: /home/ph/treasure/dockerBENCH/helios16p_ws/install/vicon_receiver/include/boost/mpl/aux_/preprocessed/bcc_pre590/inherit.hpp
[24.375s] -- Installing: /home/ph/treasure/dockerBENCH/helios16p_ws/install/vicon_receiver/include/boost/mpl/aux_/preprocessed/bcc_pre590/apply_fwd.hpp
[24.375s] -- Installing: /home/ph/treasure/dockerBENCH/helios16p_ws/install/vicon_receiver/include/boost/mpl/aux_/preprocessed/bcc_pre590/and.hpp
[24.376s] -- Installing: /home/ph/treasure/dockerBENCH/helios16p_ws/install/vicon_receiver/include/boost/mpl/aux_/preprocessed/bcc_pre590/map.hpp
[24.376s] -- Installing: /home/ph/treasure/dockerBENCH/helios16p_ws/install/vicon_receiver/include/boost/mpl/aux_/preprocessed/bcc_pre590/advance_backward.hpp
[24.377s] -- Installing: /home/ph/treasure/dockerBENCH/helios16p_ws/install/vicon_receiver/include/boost/mpl/aux_/preprocessed/bcc_pre590/bind.hpp
[24.377s] -- Installing: /home/ph/treasure/dockerBENCH/helios16p_ws/install/vicon_receiver/include/boost/mpl/aux_/preprocessed/bcc_pre590/modulus.hpp
[24.378s] -- Installing: /home/ph/treasure/dockerBENCH/helios16p_ws/install/vicon_receiver/include/boost/mpl/aux_/preprocessed/bcc_pre590/lambda_no_ctps.hpp
[24.378s] -- Installing: /home/ph/treasure/dockerBENCH/helios16p_ws/install/vicon_receiver/include/boost/mpl/aux_/preprocessed/bcc_pre590/quote.hpp
[24.379s] -- Installing: /home/ph/treasure/dockerBENCH/helios16p_ws/install/vicon_receiver/include/boost/mpl/aux_/preprocessed/bcc_pre590/deque.hpp
[24.379s] -- Installing: /home/ph/treasure/dockerBENCH/helios16p_ws/install/vicon_receiver/include/boost/mpl/aux_/preprocessed/bcc_pre590/shift_right.hpp
[24.380s] -- Installing: /home/ph/treasure/dockerBENCH/helios16p_ws/install/vicon_receiver/include/boost/mpl/aux_/preprocessed/bcc_pre590/basic_bind.hpp
[24.380s] -- Installing: /home/ph/treasure/dockerBENCH/helios16p_ws/install/vicon_receiver/include/boost/mpl/aux_/preprocessed/bcc_pre590/vector.hpp
[24.381s] -- Installing: /home/ph/treasure/dockerBENCH/helios16p_ws/install/vicon_receiver/include/boost/mpl/aux_/preprocessed/bcc_pre590/vector_c.hpp
[24.382s] -- Installing: /home/ph/treasure/dockerBENCH/helios16p_ws/install/vicon_receiver/include/boost/mpl/aux_/preprocessed/bcc_pre590/minus.hpp
[24.384s] -- Installing: /home/ph/treasure/dockerBENCH/helios16p_ws/install/vicon_receiver/include/boost/mpl/aux_/preprocessed/bcc_pre590/list.hpp
[24.384s] -- Installing: /home/ph/treasure/dockerBENCH/helios16p_ws/install/vicon_receiver/include/boost/mpl/aux_/preprocessed/bcc_pre590/bitand.hpp
[24.384s] -- Installing: /home/ph/treasure/dockerBENCH/helios16p_ws/install/vicon_receiver/include/boost/mpl/aux_/preprocessed/bcc_pre590/shift_left.hpp
[24.386s] -- Installing: /home/ph/treasure/dockerBENCH/helios16p_ws/install/vicon_receiver/include/boost/mpl/aux_/preprocessed/bcc_pre590/template_arity.hpp
[24.387s] -- Installing: /home/ph/treasure/dockerBENCH/helios16p_ws/install/vicon_receiver/include/boost/mpl/aux_/preprocessed/bcc_pre590/equal_to.hpp
[24.387s] -- Installing: /home/ph/treasure/dockerBENCH/helios16p_ws/install/vicon_receiver/include/boost/mpl/aux_/preprocessed/bcc_pre590/placeholders.hpp
[24.388s] -- Installing: /home/ph/treasure/dockerBENCH/helios16p_ws/install/vicon_receiver/include/boost/mpl/aux_/preprocessed/bcc_pre590/advance_forward.hpp
[24.388s] -- Installing: /home/ph/treasure/dockerBENCH/helios16p_ws/install/vicon_receiver/include/boost/mpl/aux_/preprocessed/bcc_pre590/apply_wrap.hpp
[24.389s] -- Installing: /home/ph/treasure/dockerBENCH/helios16p_ws/install/vicon_receiver/include/boost/mpl/aux_/preprocessed/bcc_pre590/or.hpp
[24.390s] -- Installing: /home/ph/treasure/dockerBENCH/helios16p_ws/install/vicon_receiver/include/boost/mpl/aux_/preprocessed/bcc_pre590/not_equal_to.hpp
[24.390s] -- Installing: /home/ph/treasure/dockerBENCH/helios16p_ws/install/vicon_receiver/include/boost/mpl/aux_/preprocessed/bcc_pre590/reverse_fold_impl.hpp
[24.391s] -- Installing: /home/ph/treasure/dockerBENCH/helios16p_ws/install/vicon_receiver/include/boost/mpl/aux_/preprocessed/bcc_pre590/iter_fold_if_impl.hpp
[24.392s] -- Installing: /home/ph/treasure/dockerBENCH/helios16p_ws/install/vicon_receiver/include/boost/mpl/aux_/preprocessed/bcc_pre590/less_equal.hpp
[24.392s] -- Installing: /home/ph/treasure/dockerBENCH/helios16p_ws/install/vicon_receiver/include/boost/mpl/aux_/preprocessed/bcc_pre590/times.hpp
[24.393s] -- Installing: /home/ph/treasure/dockerBENCH/helios16p_ws/install/vicon_receiver/include/boost/mpl/aux_/preprocessed/bcc_pre590/less.hpp
[24.394s] -- Installing: /home/ph/treasure/dockerBENCH/helios16p_ws/install/vicon_receiver/include/boost/mpl/aux_/preprocessed/bcc_pre590/iter_fold_impl.hpp
[24.394s] -- Installing: /home/ph/treasure/dockerBENCH/helios16p_ws/install/vicon_receiver/include/boost/mpl/aux_/preprocessed/bcc_pre590/full_lambda.hpp
[24.395s] -- Installing: /home/ph/treasure/dockerBENCH/helios16p_ws/install/vicon_receiver/include/boost/mpl/aux_/preprocessed/bcc_pre590/arg.hpp
[24.395s] -- Installing: /home/ph/treasure/dockerBENCH/helios16p_ws/install/vicon_receiver/include/boost/mpl/aux_/preprocessed/bcc_pre590/list_c.hpp
[24.396s] -- Installing: /home/ph/treasure/dockerBENCH/helios16p_ws/install/vicon_receiver/include/boost/mpl/aux_/preprocessed/bcc_pre590/bitxor.hpp
[24.396s] -- Installing: /home/ph/treasure/dockerBENCH/helios16p_ws/install/vicon_receiver/include/boost/mpl/aux_/preprocessed/bcc_pre590/set.hpp
[24.397s] -- Installing: /home/ph/treasure/dockerBENCH/helios16p_ws/install/vicon_receiver/include/boost/mpl/aux_/preprocessed/bcc_pre590/bind_fwd.hpp
[24.397s] -- Installing: /home/ph/treasure/dockerBENCH/helios16p_ws/install/vicon_receiver/include/boost/mpl/aux_/preprocessed/bcc_pre590/reverse_iter_fold_impl.hpp
[24.398s] -- Installing: /home/ph/treasure/dockerBENCH/helios16p_ws/install/vicon_receiver/include/boost/mpl/aux_/preprocessed/bcc_pre590/divides.hpp
[24.399s] -- Installing: /home/ph/treasure/dockerBENCH/helios16p_ws/install/vicon_receiver/include/boost/mpl/aux_/preprocessed/bcc_pre590/fold_impl.hpp
[24.400s] -- Installing: /home/ph/treasure/dockerBENCH/helios16p_ws/install/vicon_receiver/include/boost/mpl/aux_/preprocessed/bcc_pre590/apply.hpp
[24.400s] -- Installing: /home/ph/treasure/dockerBENCH/helios16p_ws/install/vicon_receiver/include/boost/mpl/aux_/preprocessed/bcc_pre590/plus.hpp
[24.401s] -- Installing: /home/ph/treasure/dockerBENCH/helios16p_ws/install/vicon_receiver/include/boost/mpl/aux_/preprocessed/bcc_pre590/bitor.hpp
[24.402s] -- Installing: /home/ph/treasure/dockerBENCH/helios16p_ws/install/vicon_receiver/include/boost/mpl/aux_/preprocessed/msvc60
[24.402s] -- Installing: /home/ph/treasure/dockerBENCH/helios16p_ws/install/vicon_receiver/include/boost/mpl/aux_/preprocessed/msvc60/greater.hpp
[24.403s] -- Installing: /home/ph/treasure/dockerBENCH/helios16p_ws/install/vicon_receiver/include/boost/mpl/aux_/preprocessed/msvc60/unpack_args.hpp
[24.404s] -- Installing: /home/ph/treasure/dockerBENCH/helios16p_ws/install/vicon_receiver/include/boost/mpl/aux_/preprocessed/msvc60/greater_equal.hpp
[24.405s] -- Installing: /home/ph/treasure/dockerBENCH/helios16p_ws/install/vicon_receiver/include/boost/mpl/aux_/preprocessed/msvc60/set_c.hpp
[24.405s] -- Installing: /home/ph/treasure/dockerBENCH/helios16p_ws/install/vicon_receiver/include/boost/mpl/aux_/preprocessed/msvc60/inherit.hpp
[24.406s] -- Installing: /home/ph/treasure/dockerBENCH/helios16p_ws/install/vicon_receiver/include/boost/mpl/aux_/preprocessed/msvc60/apply_fwd.hpp
[24.406s] -- Installing: /home/ph/treasure/dockerBENCH/helios16p_ws/install/vicon_receiver/include/boost/mpl/aux_/preprocessed/msvc60/and.hpp
[24.407s] -- Installing: /home/ph/treasure/dockerBENCH/helios16p_ws/install/vicon_receiver/include/boost/mpl/aux_/preprocessed/msvc60/map.hpp
[24.408s] -- Installing: /home/ph/treasure/dockerBENCH/helios16p_ws/install/vicon_receiver/include/boost/mpl/aux_/preprocessed/msvc60/advance_backward.hpp
[24.408s] -- Installing: /home/ph/treasure/dockerBENCH/helios16p_ws/install/vicon_receiver/include/boost/mpl/aux_/preprocessed/msvc60/bind.hpp
[24.409s] -- Installing: /home/ph/treasure/dockerBENCH/helios16p_ws/install/vicon_receiver/include/boost/mpl/aux_/preprocessed/msvc60/modulus.hpp
[24.409s] -- Installing: /home/ph/treasure/dockerBENCH/helios16p_ws/install/vicon_receiver/include/boost/mpl/aux_/preprocessed/msvc60/lambda_no_ctps.hpp
[24.410s] -- Installing: /home/ph/treasure/dockerBENCH/helios16p_ws/install/vicon_receiver/include/boost/mpl/aux_/preprocessed/msvc60/quote.hpp
[24.410s] -- Installing: /home/ph/treasure/dockerBENCH/helios16p_ws/install/vicon_receiver/include/boost/mpl/aux_/preprocessed/msvc60/deque.hpp
[24.411s] -- Installing: /home/ph/treasure/dockerBENCH/helios16p_ws/install/vicon_receiver/include/boost/mpl/aux_/preprocessed/msvc60/shift_right.hpp
[24.412s] -- Installing: /home/ph/treasure/dockerBENCH/helios16p_ws/install/vicon_receiver/include/boost/mpl/aux_/preprocessed/msvc60/basic_bind.hpp
[24.412s] -- Installing: /home/ph/treasure/dockerBENCH/helios16p_ws/install/vicon_receiver/include/boost/mpl/aux_/preprocessed/msvc60/vector.hpp
[24.413s] -- Installing: /home/ph/treasure/dockerBENCH/helios16p_ws/install/vicon_receiver/include/boost/mpl/aux_/preprocessed/msvc60/vector_c.hpp
[24.414s] -- Installing: /home/ph/treasure/dockerBENCH/helios16p_ws/install/vicon_receiver/include/boost/mpl/aux_/preprocessed/msvc60/minus.hpp
[24.414s] -- Installing: /home/ph/treasure/dockerBENCH/helios16p_ws/install/vicon_receiver/include/boost/mpl/aux_/preprocessed/msvc60/list.hpp
[24.415s] -- Installing: /home/ph/treasure/dockerBENCH/helios16p_ws/install/vicon_receiver/include/boost/mpl/aux_/preprocessed/msvc60/bitand.hpp
[24.416s] -- Installing: /home/ph/treasure/dockerBENCH/helios16p_ws/install/vicon_receiver/include/boost/mpl/aux_/preprocessed/msvc60/shift_left.hpp
[24.417s] -- Installing: /home/ph/treasure/dockerBENCH/helios16p_ws/install/vicon_receiver/include/boost/mpl/aux_/preprocessed/msvc60/template_arity.hpp
[24.417s] -- Installing: /home/ph/treasure/dockerBENCH/helios16p_ws/install/vicon_receiver/include/boost/mpl/aux_/preprocessed/msvc60/equal_to.hpp
[24.418s] -- Installing: /home/ph/treasure/dockerBENCH/helios16p_ws/install/vicon_receiver/include/boost/mpl/aux_/preprocessed/msvc60/placeholders.hpp
[24.418s] -- Installing: /home/ph/treasure/dockerBENCH/helios16p_ws/install/vicon_receiver/include/boost/mpl/aux_/preprocessed/msvc60/advance_forward.hpp
[24.419s] -- Installing: /home/ph/treasure/dockerBENCH/helios16p_ws/install/vicon_receiver/include/boost/mpl/aux_/preprocessed/msvc60/apply_wrap.hpp
[24.419s] -- Installing: /home/ph/treasure/dockerBENCH/helios16p_ws/install/vicon_receiver/include/boost/mpl/aux_/preprocessed/msvc60/or.hpp
[24.420s] -- Installing: /home/ph/treasure/dockerBENCH/helios16p_ws/install/vicon_receiver/include/boost/mpl/aux_/preprocessed/msvc60/not_equal_to.hpp
[24.420s] -- Installing: /home/ph/treasure/dockerBENCH/helios16p_ws/install/vicon_receiver/include/boost/mpl/aux_/preprocessed/msvc60/reverse_fold_impl.hpp
[24.421s] -- Installing: /home/ph/treasure/dockerBENCH/helios16p_ws/install/vicon_receiver/include/boost/mpl/aux_/preprocessed/msvc60/iter_fold_if_impl.hpp
[24.421s] -- Installing: /home/ph/treasure/dockerBENCH/helios16p_ws/install/vicon_receiver/include/boost/mpl/aux_/preprocessed/msvc60/less_equal.hpp
[24.422s] -- Installing: /home/ph/treasure/dockerBENCH/helios16p_ws/install/vicon_receiver/include/boost/mpl/aux_/preprocessed/msvc60/times.hpp
[24.422s] -- Installing: /home/ph/treasure/dockerBENCH/helios16p_ws/install/vicon_receiver/include/boost/mpl/aux_/preprocessed/msvc60/less.hpp
[24.423s] -- Installing: /home/ph/treasure/dockerBENCH/helios16p_ws/install/vicon_receiver/include/boost/mpl/aux_/preprocessed/msvc60/iter_fold_impl.hpp
[24.423s] -- Installing: /home/ph/treasure/dockerBENCH/helios16p_ws/install/vicon_receiver/include/boost/mpl/aux_/preprocessed/msvc60/full_lambda.hpp
[24.424s] -- Installing: /home/ph/treasure/dockerBENCH/helios16p_ws/install/vicon_receiver/include/boost/mpl/aux_/preprocessed/msvc60/arg.hpp
[24.425s] -- Installing: /home/ph/treasure/dockerBENCH/helios16p_ws/install/vicon_receiver/include/boost/mpl/aux_/preprocessed/msvc60/list_c.hpp
[24.426s] -- Installing: /home/ph/treasure/dockerBENCH/helios16p_ws/install/vicon_receiver/include/boost/mpl/aux_/preprocessed/msvc60/bitxor.hpp
[24.426s] -- Installing: /home/ph/treasure/dockerBENCH/helios16p_ws/install/vicon_receiver/include/boost/mpl/aux_/preprocessed/msvc60/set.hpp
[24.427s] -- Installing: /home/ph/treasure/dockerBENCH/helios16p_ws/install/vicon_receiver/include/boost/mpl/aux_/preprocessed/msvc60/bind_fwd.hpp
[24.427s] -- Installing: /home/ph/treasure/dockerBENCH/helios16p_ws/install/vicon_receiver/include/boost/mpl/aux_/preprocessed/msvc60/reverse_iter_fold_impl.hpp
[24.428s] -- Installing: /home/ph/treasure/dockerBENCH/helios16p_ws/install/vicon_receiver/include/boost/mpl/aux_/preprocessed/msvc60/divides.hpp
[24.428s] -- Installing: /home/ph/treasure/dockerBENCH/helios16p_ws/install/vicon_receiver/include/boost/mpl/aux_/preprocessed/msvc60/fold_impl.hpp
[24.429s] -- Installing: /home/ph/treasure/dockerBENCH/helios16p_ws/install/vicon_receiver/include/boost/mpl/aux_/preprocessed/msvc60/apply.hpp
[24.430s] -- Installing: /home/ph/treasure/dockerBENCH/helios16p_ws/install/vicon_receiver/include/boost/mpl/aux_/preprocessed/msvc60/plus.hpp
[24.430s] -- Installing: /home/ph/treasure/dockerBENCH/helios16p_ws/install/vicon_receiver/include/boost/mpl/aux_/preprocessed/msvc60/bitor.hpp
[24.431s] -- Installing: /home/ph/treasure/dockerBENCH/helios16p_ws/install/vicon_receiver/include/boost/mpl/aux_/preprocessed/bcc
[24.432s] -- Installing: /home/ph/treasure/dockerBENCH/helios16p_ws/install/vicon_receiver/include/boost/mpl/aux_/preprocessed/bcc/greater.hpp
[24.433s] -- Installing: /home/ph/treasure/dockerBENCH/helios16p_ws/install/vicon_receiver/include/boost/mpl/aux_/preprocessed/bcc/unpack_args.hpp
[24.433s] -- Installing: /home/ph/treasure/dockerBENCH/helios16p_ws/install/vicon_receiver/include/boost/mpl/aux_/preprocessed/bcc/greater_equal.hpp
[24.434s] -- Installing: /home/ph/treasure/dockerBENCH/helios16p_ws/install/vicon_receiver/include/boost/mpl/aux_/preprocessed/bcc/set_c.hpp
[24.435s] -- Installing: /home/ph/treasure/dockerBENCH/helios16p_ws/install/vicon_receiver/include/boost/mpl/aux_/preprocessed/bcc/inherit.hpp
[24.435s] -- Installing: /home/ph/treasure/dockerBENCH/helios16p_ws/install/vicon_receiver/include/boost/mpl/aux_/preprocessed/bcc/apply_fwd.hpp
[24.436s] -- Installing: /home/ph/treasure/dockerBENCH/helios16p_ws/install/vicon_receiver/include/boost/mpl/aux_/preprocessed/bcc/and.hpp
[24.437s] -- Installing: /home/ph/treasure/dockerBENCH/helios16p_ws/install/vicon_receiver/include/boost/mpl/aux_/preprocessed/bcc/map.hpp
[24.438s] -- Installing: /home/ph/treasure/dockerBENCH/helios16p_ws/install/vicon_receiver/include/boost/mpl/aux_/preprocessed/bcc/advance_backward.hpp
[24.438s] -- Installing: /home/ph/treasure/dockerBENCH/helios16p_ws/install/vicon_receiver/include/boost/mpl/aux_/preprocessed/bcc/bind.hpp
[24.439s] -- Installing: /home/ph/treasure/dockerBENCH/helios16p_ws/install/vicon_receiver/include/boost/mpl/aux_/preprocessed/bcc/modulus.hpp
[24.439s] -- Installing: /home/ph/treasure/dockerBENCH/helios16p_ws/install/vicon_receiver/include/boost/mpl/aux_/preprocessed/bcc/lambda_no_ctps.hpp
[24.440s] -- Installing: /home/ph/treasure/dockerBENCH/helios16p_ws/install/vicon_receiver/include/boost/mpl/aux_/preprocessed/bcc/quote.hpp
[24.441s] -- Installing: /home/ph/treasure/dockerBENCH/helios16p_ws/install/vicon_receiver/include/boost/mpl/aux_/preprocessed/bcc/deque.hpp
[24.441s] -- Installing: /home/ph/treasure/dockerBENCH/helios16p_ws/install/vicon_receiver/include/boost/mpl/aux_/preprocessed/bcc/shift_right.hpp
[24.442s] -- Installing: /home/ph/treasure/dockerBENCH/helios16p_ws/install/vicon_receiver/include/boost/mpl/aux_/preprocessed/bcc/basic_bind.hpp
[24.443s] -- Installing: /home/ph/treasure/dockerBENCH/helios16p_ws/install/vicon_receiver/include/boost/mpl/aux_/preprocessed/bcc/vector.hpp
[24.446s] -- Installing: /home/ph/treasure/dockerBENCH/helios16p_ws/install/vicon_receiver/include/boost/mpl/aux_/preprocessed/bcc/vector_c.hpp
[24.446s] -- Installing: /home/ph/treasure/dockerBENCH/helios16p_ws/install/vicon_receiver/include/boost/mpl/aux_/preprocessed/bcc/minus.hpp
[24.448s] -- Installing: /home/ph/treasure/dockerBENCH/helios16p_ws/install/vicon_receiver/include/boost/mpl/aux_/preprocessed/bcc/list.hpp
[24.451s] -- Installing: /home/ph/treasure/dockerBENCH/helios16p_ws/install/vicon_receiver/include/boost/mpl/aux_/preprocessed/bcc/bitand.hpp
[24.451s] -- Installing: /home/ph/treasure/dockerBENCH/helios16p_ws/install/vicon_receiver/include/boost/mpl/aux_/preprocessed/bcc/shift_left.hpp
[24.452s] -- Installing: /home/ph/treasure/dockerBENCH/helios16p_ws/install/vicon_receiver/include/boost/mpl/aux_/preprocessed/bcc/template_arity.hpp
[24.454s] -- Installing: /home/ph/treasure/dockerBENCH/helios16p_ws/install/vicon_receiver/include/boost/mpl/aux_/preprocessed/bcc/equal_to.hpp
[24.454s] -- Installing: /home/ph/treasure/dockerBENCH/helios16p_ws/install/vicon_receiver/include/boost/mpl/aux_/preprocessed/bcc/placeholders.hpp
[24.455s] -- Installing: /home/ph/treasure/dockerBENCH/helios16p_ws/install/vicon_receiver/include/boost/mpl/aux_/preprocessed/bcc/advance_forward.hpp
[24.456s] -- Installing: /home/ph/treasure/dockerBENCH/helios16p_ws/install/vicon_receiver/include/boost/mpl/aux_/preprocessed/bcc/apply_wrap.hpp
[24.457s] -- Installing: /home/ph/treasure/dockerBENCH/helios16p_ws/install/vicon_receiver/include/boost/mpl/aux_/preprocessed/bcc/or.hpp
[24.457s] -- Installing: /home/ph/treasure/dockerBENCH/helios16p_ws/install/vicon_receiver/include/boost/mpl/aux_/preprocessed/bcc/not_equal_to.hpp
[24.458s] -- Installing: /home/ph/treasure/dockerBENCH/helios16p_ws/install/vicon_receiver/include/boost/mpl/aux_/preprocessed/bcc/reverse_fold_impl.hpp
[24.459s] -- Installing: /home/ph/treasure/dockerBENCH/helios16p_ws/install/vicon_receiver/include/boost/mpl/aux_/preprocessed/bcc/iter_fold_if_impl.hpp
[24.460s] -- Installing: /home/ph/treasure/dockerBENCH/helios16p_ws/install/vicon_receiver/include/boost/mpl/aux_/preprocessed/bcc/less_equal.hpp
[24.461s] -- Installing: /home/ph/treasure/dockerBENCH/helios16p_ws/install/vicon_receiver/include/boost/mpl/aux_/preprocessed/bcc/times.hpp
[24.461s] -- Installing: /home/ph/treasure/dockerBENCH/helios16p_ws/install/vicon_receiver/include/boost/mpl/aux_/preprocessed/bcc/less.hpp
[24.461s] -- Installing: /home/ph/treasure/dockerBENCH/helios16p_ws/install/vicon_receiver/include/boost/mpl/aux_/preprocessed/bcc/iter_fold_impl.hpp
[24.462s] -- Installing: /home/ph/treasure/dockerBENCH/helios16p_ws/install/vicon_receiver/include/boost/mpl/aux_/preprocessed/bcc/full_lambda.hpp
[24.463s] -- Installing: /home/ph/treasure/dockerBENCH/helios16p_ws/install/vicon_receiver/include/boost/mpl/aux_/preprocessed/bcc/arg.hpp
[24.463s] -- Installing: /home/ph/treasure/dockerBENCH/helios16p_ws/install/vicon_receiver/include/boost/mpl/aux_/preprocessed/bcc/list_c.hpp
[24.464s] -- Installing: /home/ph/treasure/dockerBENCH/helios16p_ws/install/vicon_receiver/include/boost/mpl/aux_/preprocessed/bcc/bitxor.hpp
[24.465s] -- Installing: /home/ph/treasure/dockerBENCH/helios16p_ws/install/vicon_receiver/include/boost/mpl/aux_/preprocessed/bcc/set.hpp
[24.466s] -- Installing: /home/ph/treasure/dockerBENCH/helios16p_ws/install/vicon_receiver/include/boost/mpl/aux_/preprocessed/bcc/bind_fwd.hpp
[24.467s] -- Installing: /home/ph/treasure/dockerBENCH/helios16p_ws/install/vicon_receiver/include/boost/mpl/aux_/preprocessed/bcc/reverse_iter_fold_impl.hpp
[24.468s] -- Installing: /home/ph/treasure/dockerBENCH/helios16p_ws/install/vicon_receiver/include/boost/mpl/aux_/preprocessed/bcc/divides.hpp
[24.468s] -- Installing: /home/ph/treasure/dockerBENCH/helios16p_ws/install/vicon_receiver/include/boost/mpl/aux_/preprocessed/bcc/fold_impl.hpp
[24.469s] -- Installing: /home/ph/treasure/dockerBENCH/helios16p_ws/install/vicon_receiver/include/boost/mpl/aux_/preprocessed/bcc/apply.hpp
[24.469s] -- Installing: /home/ph/treasure/dockerBENCH/helios16p_ws/install/vicon_receiver/include/boost/mpl/aux_/preprocessed/bcc/plus.hpp
[24.470s] -- Installing: /home/ph/treasure/dockerBENCH/helios16p_ws/install/vicon_receiver/include/boost/mpl/aux_/preprocessed/bcc/bitor.hpp
[24.471s] -- Installing: /home/ph/treasure/dockerBENCH/helios16p_ws/install/vicon_receiver/include/boost/mpl/aux_/preprocessed/no_ctps
[24.471s] -- Installing: /home/ph/treasure/dockerBENCH/helios16p_ws/install/vicon_receiver/include/boost/mpl/aux_/preprocessed/no_ctps/greater.hpp
[24.472s] -- Installing: /home/ph/treasure/dockerBENCH/helios16p_ws/install/vicon_receiver/include/boost/mpl/aux_/preprocessed/no_ctps/unpack_args.hpp
[24.472s] -- Installing: /home/ph/treasure/dockerBENCH/helios16p_ws/install/vicon_receiver/include/boost/mpl/aux_/preprocessed/no_ctps/greater_equal.hpp
[24.473s] -- Installing: /home/ph/treasure/dockerBENCH/helios16p_ws/install/vicon_receiver/include/boost/mpl/aux_/preprocessed/no_ctps/set_c.hpp
[24.473s] -- Installing: /home/ph/treasure/dockerBENCH/helios16p_ws/install/vicon_receiver/include/boost/mpl/aux_/preprocessed/no_ctps/inherit.hpp
[24.474s] -- Installing: /home/ph/treasure/dockerBENCH/helios16p_ws/install/vicon_receiver/include/boost/mpl/aux_/preprocessed/no_ctps/apply_fwd.hpp
[24.474s] -- Installing: /home/ph/treasure/dockerBENCH/helios16p_ws/install/vicon_receiver/include/boost/mpl/aux_/preprocessed/no_ctps/and.hpp
[24.475s] -- Installing: /home/ph/treasure/dockerBENCH/helios16p_ws/install/vicon_receiver/include/boost/mpl/aux_/preprocessed/no_ctps/map.hpp
[24.476s] -- Installing: /home/ph/treasure/dockerBENCH/helios16p_ws/install/vicon_receiver/include/boost/mpl/aux_/preprocessed/no_ctps/advance_backward.hpp
[24.476s] -- Installing: /home/ph/treasure/dockerBENCH/helios16p_ws/install/vicon_receiver/include/boost/mpl/aux_/preprocessed/no_ctps/bind.hpp
[24.477s] -- Installing: /home/ph/treasure/dockerBENCH/helios16p_ws/install/vicon_receiver/include/boost/mpl/aux_/preprocessed/no_ctps/modulus.hpp
[24.477s] -- Installing: /home/ph/treasure/dockerBENCH/helios16p_ws/install/vicon_receiver/include/boost/mpl/aux_/preprocessed/no_ctps/lambda_no_ctps.hpp
[24.478s] -- Installing: /home/ph/treasure/dockerBENCH/helios16p_ws/install/vicon_receiver/include/boost/mpl/aux_/preprocessed/no_ctps/quote.hpp
[24.478s] -- Installing: /home/ph/treasure/dockerBENCH/helios16p_ws/install/vicon_receiver/include/boost/mpl/aux_/preprocessed/no_ctps/deque.hpp
[24.479s] -- Installing: /home/ph/treasure/dockerBENCH/helios16p_ws/install/vicon_receiver/include/boost/mpl/aux_/preprocessed/no_ctps/shift_right.hpp
[24.479s] -- Installing: /home/ph/treasure/dockerBENCH/helios16p_ws/install/vicon_receiver/include/boost/mpl/aux_/preprocessed/no_ctps/basic_bind.hpp
[24.480s] -- Installing: /home/ph/treasure/dockerBENCH/helios16p_ws/install/vicon_receiver/include/boost/mpl/aux_/preprocessed/no_ctps/vector.hpp
[24.480s] -- Installing: /home/ph/treasure/dockerBENCH/helios16p_ws/install/vicon_receiver/include/boost/mpl/aux_/preprocessed/no_ctps/vector_c.hpp
[24.481s] -- Installing: /home/ph/treasure/dockerBENCH/helios16p_ws/install/vicon_receiver/include/boost/mpl/aux_/preprocessed/no_ctps/minus.hpp
[24.482s] -- Installing: /home/ph/treasure/dockerBENCH/helios16p_ws/install/vicon_receiver/include/boost/mpl/aux_/preprocessed/no_ctps/list.hpp
[24.482s] -- Installing: /home/ph/treasure/dockerBENCH/helios16p_ws/install/vicon_receiver/include/boost/mpl/aux_/preprocessed/no_ctps/bitand.hpp
[24.483s] -- Installing: /home/ph/treasure/dockerBENCH/helios16p_ws/install/vicon_receiver/include/boost/mpl/aux_/preprocessed/no_ctps/shift_left.hpp
[24.484s] -- Installing: /home/ph/treasure/dockerBENCH/helios16p_ws/install/vicon_receiver/include/boost/mpl/aux_/preprocessed/no_ctps/template_arity.hpp
[24.485s] -- Installing: /home/ph/treasure/dockerBENCH/helios16p_ws/install/vicon_receiver/include/boost/mpl/aux_/preprocessed/no_ctps/equal_to.hpp
[24.485s] -- Installing: /home/ph/treasure/dockerBENCH/helios16p_ws/install/vicon_receiver/include/boost/mpl/aux_/preprocessed/no_ctps/placeholders.hpp
[24.486s] -- Installing: /home/ph/treasure/dockerBENCH/helios16p_ws/install/vicon_receiver/include/boost/mpl/aux_/preprocessed/no_ctps/advance_forward.hpp
[24.486s] -- Installing: /home/ph/treasure/dockerBENCH/helios16p_ws/install/vicon_receiver/include/boost/mpl/aux_/preprocessed/no_ctps/apply_wrap.hpp
[24.487s] -- Installing: /home/ph/treasure/dockerBENCH/helios16p_ws/install/vicon_receiver/include/boost/mpl/aux_/preprocessed/no_ctps/or.hpp
[24.488s] -- Installing: /home/ph/treasure/dockerBENCH/helios16p_ws/install/vicon_receiver/include/boost/mpl/aux_/preprocessed/no_ctps/not_equal_to.hpp
[24.489s] -- Installing: /home/ph/treasure/dockerBENCH/helios16p_ws/install/vicon_receiver/include/boost/mpl/aux_/preprocessed/no_ctps/reverse_fold_impl.hpp
[24.489s] -- Installing: /home/ph/treasure/dockerBENCH/helios16p_ws/install/vicon_receiver/include/boost/mpl/aux_/preprocessed/no_ctps/iter_fold_if_impl.hpp
[24.490s] -- Installing: /home/ph/treasure/dockerBENCH/helios16p_ws/install/vicon_receiver/include/boost/mpl/aux_/preprocessed/no_ctps/less_equal.hpp
[24.490s] -- Installing: /home/ph/treasure/dockerBENCH/helios16p_ws/install/vicon_receiver/include/boost/mpl/aux_/preprocessed/no_ctps/times.hpp
[24.491s] -- Installing: /home/ph/treasure/dockerBENCH/helios16p_ws/install/vicon_receiver/include/boost/mpl/aux_/preprocessed/no_ctps/less.hpp
[24.491s] -- Installing: /home/ph/treasure/dockerBENCH/helios16p_ws/install/vicon_receiver/include/boost/mpl/aux_/preprocessed/no_ctps/iter_fold_impl.hpp
[24.492s] -- Installing: /home/ph/treasure/dockerBENCH/helios16p_ws/install/vicon_receiver/include/boost/mpl/aux_/preprocessed/no_ctps/full_lambda.hpp
[24.493s] -- Installing: /home/ph/treasure/dockerBENCH/helios16p_ws/install/vicon_receiver/include/boost/mpl/aux_/preprocessed/no_ctps/arg.hpp
[24.493s] -- Installing: /home/ph/treasure/dockerBENCH/helios16p_ws/install/vicon_receiver/include/boost/mpl/aux_/preprocessed/no_ctps/list_c.hpp
[24.494s] -- Installing: /home/ph/treasure/dockerBENCH/helios16p_ws/install/vicon_receiver/include/boost/mpl/aux_/preprocessed/no_ctps/bitxor.hpp
[24.494s] -- Installing: /home/ph/treasure/dockerBENCH/helios16p_ws/install/vicon_receiver/include/boost/mpl/aux_/preprocessed/no_ctps/set.hpp
[24.495s] -- Installing: /home/ph/treasure/dockerBENCH/helios16p_ws/install/vicon_receiver/include/boost/mpl/aux_/preprocessed/no_ctps/bind_fwd.hpp
[24.496s] -- Installing: /home/ph/treasure/dockerBENCH/helios16p_ws/install/vicon_receiver/include/boost/mpl/aux_/preprocessed/no_ctps/reverse_iter_fold_impl.hpp
[24.496s] -- Installing: /home/ph/treasure/dockerBENCH/helios16p_ws/install/vicon_receiver/include/boost/mpl/aux_/preprocessed/no_ctps/divides.hpp
[24.497s] -- Installing: /home/ph/treasure/dockerBENCH/helios16p_ws/install/vicon_receiver/include/boost/mpl/aux_/preprocessed/no_ctps/fold_impl.hpp
[24.498s] -- Installing: /home/ph/treasure/dockerBENCH/helios16p_ws/install/vicon_receiver/include/boost/mpl/aux_/preprocessed/no_ctps/apply.hpp
[24.499s] -- Installing: /home/ph/treasure/dockerBENCH/helios16p_ws/install/vicon_receiver/include/boost/mpl/aux_/preprocessed/no_ctps/plus.hpp
[24.499s] -- Installing: /home/ph/treasure/dockerBENCH/helios16p_ws/install/vicon_receiver/include/boost/mpl/aux_/preprocessed/no_ctps/bitor.hpp
[24.500s] -- Installing: /home/ph/treasure/dockerBENCH/helios16p_ws/install/vicon_receiver/include/boost/mpl/aux_/na_assert.hpp
[24.500s] -- Installing: /home/ph/treasure/dockerBENCH/helios16p_ws/install/vicon_receiver/include/boost/mpl/aux_/iter_apply.hpp
[24.501s] -- Installing: /home/ph/treasure/dockerBENCH/helios16p_ws/install/vicon_receiver/include/boost/mpl/aux_/advance_forward.hpp
[24.501s] -- Installing: /home/ph/treasure/dockerBENCH/helios16p_ws/install/vicon_receiver/include/boost/mpl/aux_/joint_iter.hpp
[24.502s] -- Installing: /home/ph/treasure/dockerBENCH/helios16p_ws/install/vicon_receiver/include/boost/mpl/aux_/inserter_algorithm.hpp
[24.502s] -- Installing: /home/ph/treasure/dockerBENCH/helios16p_ws/install/vicon_receiver/include/boost/mpl/aux_/include_preprocessed.hpp
[24.503s] -- Installing: /home/ph/treasure/dockerBENCH/helios16p_ws/install/vicon_receiver/include/boost/mpl/aux_/reverse_fold_impl.hpp
[24.504s] -- Installing: /home/ph/treasure/dockerBENCH/helios16p_ws/install/vicon_receiver/include/boost/mpl/aux_/reverse_fold_impl_body.hpp
[24.504s] -- Installing: /home/ph/treasure/dockerBENCH/helios16p_ws/install/vicon_receiver/include/boost/mpl/aux_/arg_typedef.hpp
[24.505s] -- Installing: /home/ph/treasure/dockerBENCH/helios16p_ws/install/vicon_receiver/include/boost/mpl/aux_/numeric_op.hpp
[24.505s] -- Installing: /home/ph/treasure/dockerBENCH/helios16p_ws/install/vicon_receiver/include/boost/mpl/aux_/iter_fold_if_impl.hpp
[24.506s] -- Installing: /home/ph/treasure/dockerBENCH/helios16p_ws/install/vicon_receiver/include/boost/mpl/aux_/arithmetic_op.hpp
[24.506s] -- Installing: /home/ph/treasure/dockerBENCH/helios16p_ws/install/vicon_receiver/include/boost/mpl/aux_/msvc_eti_base.hpp
[24.507s] -- Installing: /home/ph/treasure/dockerBENCH/helios16p_ws/install/vicon_receiver/include/boost/mpl/aux_/adl_barrier.hpp
[24.508s] -- Installing: /home/ph/treasure/dockerBENCH/helios16p_ws/install/vicon_receiver/include/boost/mpl/aux_/iter_fold_impl.hpp
[24.508s] -- Installing: /home/ph/treasure/dockerBENCH/helios16p_ws/install/vicon_receiver/include/boost/mpl/aux_/full_lambda.hpp
[24.509s] -- Installing: /home/ph/treasure/dockerBENCH/helios16p_ws/install/vicon_receiver/include/boost/mpl/aux_/na_spec.hpp
[24.509s] -- Installing: /home/ph/treasure/dockerBENCH/helios16p_ws/install/vicon_receiver/include/boost/mpl/aux_/lambda_support.hpp
[24.510s] -- Installing: /home/ph/treasure/dockerBENCH/helios16p_ws/install/vicon_receiver/include/boost/mpl/aux_/lambda_spec.hpp
[24.510s] -- Installing: /home/ph/treasure/dockerBENCH/helios16p_ws/install/vicon_receiver/include/boost/mpl/aux_/push_front_impl.hpp
[24.511s] -- Installing: /home/ph/treasure/dockerBENCH/helios16p_ws/install/vicon_receiver/include/boost/mpl/aux_/sequence_wrapper.hpp
[24.512s] -- Installing: /home/ph/treasure/dockerBENCH/helios16p_ws/install/vicon_receiver/include/boost/mpl/aux_/erase_impl.hpp
[24.512s] -- Installing: /home/ph/treasure/dockerBENCH/helios16p_ws/install/vicon_receiver/include/boost/mpl/aux_/comparison_op.hpp
[24.513s] -- Installing: /home/ph/treasure/dockerBENCH/helios16p_ws/install/vicon_receiver/include/boost/mpl/aux_/msvc_never_true.hpp
[24.513s] -- Installing: /home/ph/treasure/dockerBENCH/helios16p_ws/install/vicon_receiver/include/boost/mpl/aux_/erase_key_impl.hpp
[24.514s] -- Installing: /home/ph/treasure/dockerBENCH/helios16p_ws/install/vicon_receiver/include/boost/mpl/aux_/na.hpp
[24.514s] -- Installing: /home/ph/treasure/dockerBENCH/helios16p_ws/install/vicon_receiver/include/boost/mpl/aux_/front_impl.hpp
[24.515s] -- Installing: /home/ph/treasure/dockerBENCH/helios16p_ws/install/vicon_receiver/include/boost/mpl/aux_/back_impl.hpp
[24.516s] -- Installing: /home/ph/treasure/dockerBENCH/helios16p_ws/install/vicon_receiver/include/boost/mpl/aux_/at_impl.hpp
[24.517s] -- Installing: /home/ph/treasure/dockerBENCH/helios16p_ws/install/vicon_receiver/include/boost/mpl/aux_/is_msvc_eti_arg.hpp
[24.517s] -- Installing: /home/ph/treasure/dockerBENCH/helios16p_ws/install/vicon_receiver/include/boost/mpl/aux_/arity.hpp
[24.518s] -- Installing: /home/ph/treasure/dockerBENCH/helios16p_ws/install/vicon_receiver/include/boost/mpl/aux_/traits_lambda_spec.hpp
[24.518s] -- Installing: /home/ph/treasure/dockerBENCH/helios16p_ws/install/vicon_receiver/include/boost/mpl/aux_/fold_impl.hpp
[24.519s] -- Installing: /home/ph/treasure/dockerBENCH/helios16p_ws/install/vicon_receiver/include/boost/mpl/aux_/empty_impl.hpp
[24.520s] -- Installing: /home/ph/treasure/dockerBENCH/helios16p_ws/install/vicon_receiver/include/boost/mpl/aux_/integral_wrapper.hpp
[24.520s] -- Installing: /home/ph/treasure/dockerBENCH/helios16p_ws/install/vicon_receiver/include/boost/mpl/aux_/template_arity_fwd.hpp
[24.520s] -- Installing: /home/ph/treasure/dockerBENCH/helios16p_ws/install/vicon_receiver/include/boost/mpl/aux_/pop_front_impl.hpp
[24.521s] -- Installing: /home/ph/treasure/dockerBENCH/helios16p_ws/install/vicon_receiver/include/boost/mpl/aux_/has_key_impl.hpp
[24.522s] -- Installing: /home/ph/treasure/dockerBENCH/helios16p_ws/install/vicon_receiver/include/boost/mpl/is_sequence.hpp
[24.522s] -- Installing: /home/ph/treasure/dockerBENCH/helios16p_ws/install/vicon_receiver/include/boost/mpl/has_xxx.hpp
[24.523s] -- Installing: /home/ph/treasure/dockerBENCH/helios16p_ws/install/vicon_receiver/include/boost/mpl/logical.hpp
[24.524s] -- Installing: /home/ph/treasure/dockerBENCH/helios16p_ws/install/vicon_receiver/include/boost/mpl/minus.hpp
[24.524s] -- Installing: /home/ph/treasure/dockerBENCH/helios16p_ws/install/vicon_receiver/include/boost/mpl/clear.hpp
[24.525s] -- Installing: /home/ph/treasure/dockerBENCH/helios16p_ws/install/vicon_receiver/include/boost/mpl/identity.hpp
[24.525s] -- Installing: /home/ph/treasure/dockerBENCH/helios16p_ws/install/vicon_receiver/include/boost/mpl/list.hpp
[24.526s] -- Installing: /home/ph/treasure/dockerBENCH/helios16p_ws/install/vicon_receiver/include/boost/mpl/int.hpp
[24.526s] -- Installing: /home/ph/treasure/dockerBENCH/helios16p_ws/install/vicon_receiver/include/boost/mpl/comparison.hpp
[24.527s] -- Installing: /home/ph/treasure/dockerBENCH/helios16p_ws/install/vicon_receiver/include/boost/mpl/distance_fwd.hpp
[24.527s] -- Installing: /home/ph/treasure/dockerBENCH/helios16p_ws/install/vicon_receiver/include/boost/mpl/bool.hpp
[24.527s] -- Installing: /home/ph/treasure/dockerBENCH/helios16p_ws/install/vicon_receiver/include/boost/mpl/equal_to.hpp
[24.528s] -- Installing: /home/ph/treasure/dockerBENCH/helios16p_ws/install/vicon_receiver/include/boost/mpl/end.hpp
[24.529s] -- Installing: /home/ph/treasure/dockerBENCH/helios16p_ws/install/vicon_receiver/include/boost/mpl/placeholders.hpp
[24.529s] -- Installing: /home/ph/treasure/dockerBENCH/helios16p_ws/install/vicon_receiver/include/boost/mpl/int_fwd.hpp
[24.529s] -- Installing: /home/ph/treasure/dockerBENCH/helios16p_ws/install/vicon_receiver/include/boost/mpl/fold.hpp
[24.530s] -- Installing: /home/ph/treasure/dockerBENCH/helios16p_ws/install/vicon_receiver/include/boost/mpl/push_front_fwd.hpp
[24.530s] -- Installing: /home/ph/treasure/dockerBENCH/helios16p_ws/install/vicon_receiver/include/boost/mpl/if.hpp
[24.531s] -- Installing: /home/ph/treasure/dockerBENCH/helios16p_ws/install/vicon_receiver/include/boost/mpl/remove_if.hpp
[24.532s] -- Installing: /home/ph/treasure/dockerBENCH/helios16p_ws/install/vicon_receiver/include/boost/mpl/front_fwd.hpp
[24.532s] -- Installing: /home/ph/treasure/dockerBENCH/helios16p_ws/install/vicon_receiver/include/boost/mpl/erase_key.hpp
[24.533s] -- Installing: /home/ph/treasure/dockerBENCH/helios16p_ws/install/vicon_receiver/include/boost/mpl/pop_back.hpp
[24.534s] -- Installing: /home/ph/treasure/dockerBENCH/helios16p_ws/install/vicon_receiver/include/boost/mpl/apply_wrap.hpp
[24.534s] -- Installing: /home/ph/treasure/dockerBENCH/helios16p_ws/install/vicon_receiver/include/boost/mpl/front_inserter.hpp
[24.535s] -- Installing: /home/ph/treasure/dockerBENCH/helios16p_ws/install/vicon_receiver/include/boost/mpl/or.hpp
[24.535s] -- Installing: /home/ph/treasure/dockerBENCH/helios16p_ws/install/vicon_receiver/include/boost/mpl/not_equal_to.hpp
[24.536s] -- Installing: /home/ph/treasure/dockerBENCH/helios16p_ws/install/vicon_receiver/include/boost/mpl/eval_if.hpp
[24.536s] -- Installing: /home/ph/treasure/dockerBENCH/helios16p_ws/install/vicon_receiver/include/boost/mpl/push_back_fwd.hpp
[24.537s] -- Installing: /home/ph/treasure/dockerBENCH/helios16p_ws/install/vicon_receiver/include/boost/mpl/protect.hpp
[24.537s] -- Installing: /home/ph/treasure/dockerBENCH/helios16p_ws/install/vicon_receiver/include/boost/mpl/vector
[24.538s] -- Installing: /home/ph/treasure/dockerBENCH/helios16p_ws/install/vicon_receiver/include/boost/mpl/vector/vector20_c.hpp
[24.538s] -- Installing: /home/ph/treasure/dockerBENCH/helios16p_ws/install/vicon_receiver/include/boost/mpl/vector/vector30_c.hpp
[24.539s] -- Installing: /home/ph/treasure/dockerBENCH/helios16p_ws/install/vicon_receiver/include/boost/mpl/vector/vector10.hpp
[24.539s] -- Installing: /home/ph/treasure/dockerBENCH/helios16p_ws/install/vicon_receiver/include/boost/mpl/vector/vector40_c.hpp
[24.540s] -- Installing: /home/ph/treasure/dockerBENCH/helios16p_ws/install/vicon_receiver/include/boost/mpl/vector/vector0.hpp
[24.540s] -- Installing: /home/ph/treasure/dockerBENCH/helios16p_ws/install/vicon_receiver/include/boost/mpl/vector/vector20.hpp
[24.541s] -- Installing: /home/ph/treasure/dockerBENCH/helios16p_ws/install/vicon_receiver/include/boost/mpl/vector/vector0_c.hpp
[24.541s] -- Installing: /home/ph/treasure/dockerBENCH/helios16p_ws/install/vicon_receiver/include/boost/mpl/vector/vector50_c.hpp
[24.541s] -- Installing: /home/ph/treasure/dockerBENCH/helios16p_ws/install/vicon_receiver/include/boost/mpl/vector/vector30.hpp
[24.542s] -- Installing: /home/ph/treasure/dockerBENCH/helios16p_ws/install/vicon_receiver/include/boost/mpl/vector/vector40.hpp
[24.542s] -- Installing: /home/ph/treasure/dockerBENCH/helios16p_ws/install/vicon_receiver/include/boost/mpl/vector/aux_
[24.543s] -- Installing: /home/ph/treasure/dockerBENCH/helios16p_ws/install/vicon_receiver/include/boost/mpl/vector/aux_/empty.hpp
[24.543s] -- Installing: /home/ph/treasure/dockerBENCH/helios16p_ws/install/vicon_receiver/include/boost/mpl/vector/aux_/at.hpp
[24.544s] -- Installing: /home/ph/treasure/dockerBENCH/helios16p_ws/install/vicon_receiver/include/boost/mpl/vector/aux_/push_back.hpp
[24.546s] -- Installing: /home/ph/treasure/dockerBENCH/helios16p_ws/install/vicon_receiver/include/boost/mpl/vector/aux_/item.hpp
[24.546s] -- Installing: /home/ph/treasure/dockerBENCH/helios16p_ws/install/vicon_receiver/include/boost/mpl/vector/aux_/tag.hpp
[24.547s] -- Installing: /home/ph/treasure/dockerBENCH/helios16p_ws/install/vicon_receiver/include/boost/mpl/vector/aux_/vector0.hpp
[24.548s] -- Installing: /home/ph/treasure/dockerBENCH/helios16p_ws/install/vicon_receiver/include/boost/mpl/vector/aux_/numbered.hpp
[24.552s] -- Installing: /home/ph/treasure/dockerBENCH/helios16p_ws/install/vicon_receiver/include/boost/mpl/vector/aux_/pop_front.hpp
[24.553s] -- Installing: /home/ph/treasure/dockerBENCH/helios16p_ws/install/vicon_receiver/include/boost/mpl/vector/aux_/push_front.hpp
[24.553s] -- Installing: /home/ph/treasure/dockerBENCH/helios16p_ws/install/vicon_receiver/include/boost/mpl/vector/aux_/O1_size.hpp
[24.554s] -- Installing: /home/ph/treasure/dockerBENCH/helios16p_ws/install/vicon_receiver/include/boost/mpl/vector/aux_/back.hpp
[24.554s] -- Installing: /home/ph/treasure/dockerBENCH/helios16p_ws/install/vicon_receiver/include/boost/mpl/vector/aux_/front.hpp
[24.555s] -- Installing: /home/ph/treasure/dockerBENCH/helios16p_ws/install/vicon_receiver/include/boost/mpl/vector/aux_/numbered_c.hpp
[24.557s] -- Installing: /home/ph/treasure/dockerBENCH/helios16p_ws/install/vicon_receiver/include/boost/mpl/vector/aux_/clear.hpp
[24.558s] -- Installing: /home/ph/treasure/dockerBENCH/helios16p_ws/install/vicon_receiver/include/boost/mpl/vector/aux_/preprocessed
[24.559s] -- Installing: /home/ph/treasure/dockerBENCH/helios16p_ws/install/vicon_receiver/include/boost/mpl/vector/aux_/preprocessed/typeof_based
[24.560s] -- Installing: /home/ph/treasure/dockerBENCH/helios16p_ws/install/vicon_receiver/include/boost/mpl/vector/aux_/preprocessed/typeof_based/vector20_c.hpp
[24.561s] -- Installing: /home/ph/treasure/dockerBENCH/helios16p_ws/install/vicon_receiver/include/boost/mpl/vector/aux_/preprocessed/typeof_based/vector30_c.hpp
[24.562s] -- Installing: /home/ph/treasure/dockerBENCH/helios16p_ws/install/vicon_receiver/include/boost/mpl/vector/aux_/preprocessed/typeof_based/vector10.hpp
[24.563s] -- Installing: /home/ph/treasure/dockerBENCH/helios16p_ws/install/vicon_receiver/include/boost/mpl/vector/aux_/preprocessed/typeof_based/vector40_c.hpp
[24.564s] -- Installing: /home/ph/treasure/dockerBENCH/helios16p_ws/install/vicon_receiver/include/boost/mpl/vector/aux_/preprocessed/typeof_based/vector20.hpp
[24.565s] -- Installing: /home/ph/treasure/dockerBENCH/helios16p_ws/install/vicon_receiver/include/boost/mpl/vector/aux_/preprocessed/typeof_based/vector50_c.hpp
[24.566s] -- Installing: /home/ph/treasure/dockerBENCH/helios16p_ws/install/vicon_receiver/include/boost/mpl/vector/aux_/preprocessed/typeof_based/vector30.hpp
[24.567s] -- Installing: /home/ph/treasure/dockerBENCH/helios16p_ws/install/vicon_receiver/include/boost/mpl/vector/aux_/preprocessed/typeof_based/vector40.hpp
[24.568s] -- Installing: /home/ph/treasure/dockerBENCH/helios16p_ws/install/vicon_receiver/include/boost/mpl/vector/aux_/preprocessed/typeof_based/vector10_c.hpp
[24.569s] -- Installing: /home/ph/treasure/dockerBENCH/helios16p_ws/install/vicon_receiver/include/boost/mpl/vector/aux_/preprocessed/typeof_based/vector50.hpp
[24.570s] -- Installing: /home/ph/treasure/dockerBENCH/helios16p_ws/install/vicon_receiver/include/boost/mpl/vector/aux_/preprocessed/plain
[24.571s] -- Installing: /home/ph/treasure/dockerBENCH/helios16p_ws/install/vicon_receiver/include/boost/mpl/vector/aux_/preprocessed/plain/vector20_c.hpp
[24.571s] -- Installing: /home/ph/treasure/dockerBENCH/helios16p_ws/install/vicon_receiver/include/boost/mpl/vector/aux_/preprocessed/plain/vector30_c.hpp
[24.573s] -- Installing: /home/ph/treasure/dockerBENCH/helios16p_ws/install/vicon_receiver/include/boost/mpl/vector/aux_/preprocessed/plain/vector10.hpp
[24.574s] -- Installing: /home/ph/treasure/dockerBENCH/helios16p_ws/install/vicon_receiver/include/boost/mpl/vector/aux_/preprocessed/plain/vector40_c.hpp
[24.575s] -- Installing: /home/ph/treasure/dockerBENCH/helios16p_ws/install/vicon_receiver/include/boost/mpl/vector/aux_/preprocessed/plain/vector20.hpp
[24.576s] -- Installing: /home/ph/treasure/dockerBENCH/helios16p_ws/install/vicon_receiver/include/boost/mpl/vector/aux_/preprocessed/plain/vector50_c.hpp
[24.577s] -- Installing: /home/ph/treasure/dockerBENCH/helios16p_ws/install/vicon_receiver/include/boost/mpl/vector/aux_/preprocessed/plain/vector30.hpp
[24.578s] -- Installing: /home/ph/treasure/dockerBENCH/helios16p_ws/install/vicon_receiver/include/boost/mpl/vector/aux_/preprocessed/plain/vector40.hpp
[24.579s] -- Installing: /home/ph/treasure/dockerBENCH/helios16p_ws/install/vicon_receiver/include/boost/mpl/vector/aux_/preprocessed/plain/vector10_c.hpp
[24.579s] -- Installing: /home/ph/treasure/dockerBENCH/helios16p_ws/install/vicon_receiver/include/boost/mpl/vector/aux_/preprocessed/plain/vector50.hpp
[24.581s] -- Installing: /home/ph/treasure/dockerBENCH/helios16p_ws/install/vicon_receiver/include/boost/mpl/vector/aux_/preprocessed/no_ctps
[24.582s] -- Installing: /home/ph/treasure/dockerBENCH/helios16p_ws/install/vicon_receiver/include/boost/mpl/vector/aux_/preprocessed/no_ctps/vector20_c.hpp
[24.582s] -- Installing: /home/ph/treasure/dockerBENCH/helios16p_ws/install/vicon_receiver/include/boost/mpl/vector/aux_/preprocessed/no_ctps/vector30_c.hpp
[24.583s] -- Installing: /home/ph/treasure/dockerBENCH/helios16p_ws/install/vicon_receiver/include/boost/mpl/vector/aux_/preprocessed/no_ctps/vector10.hpp
[24.584s] -- Installing: /home/ph/treasure/dockerBENCH/helios16p_ws/install/vicon_receiver/include/boost/mpl/vector/aux_/preprocessed/no_ctps/vector40_c.hpp
[24.585s] -- Installing: /home/ph/treasure/dockerBENCH/helios16p_ws/install/vicon_receiver/include/boost/mpl/vector/aux_/preprocessed/no_ctps/vector20.hpp
[24.587s] -- Installing: /home/ph/treasure/dockerBENCH/helios16p_ws/install/vicon_receiver/include/boost/mpl/vector/aux_/preprocessed/no_ctps/vector50_c.hpp
[24.587s] -- Installing: /home/ph/treasure/dockerBENCH/helios16p_ws/install/vicon_receiver/include/boost/mpl/vector/aux_/preprocessed/no_ctps/vector30.hpp
[24.589s] -- Installing: /home/ph/treasure/dockerBENCH/helios16p_ws/install/vicon_receiver/include/boost/mpl/vector/aux_/preprocessed/no_ctps/vector40.hpp
[24.590s] -- Installing: /home/ph/treasure/dockerBENCH/helios16p_ws/install/vicon_receiver/include/boost/mpl/vector/aux_/preprocessed/no_ctps/vector10_c.hpp
[24.590s] -- Installing: /home/ph/treasure/dockerBENCH/helios16p_ws/install/vicon_receiver/include/boost/mpl/vector/aux_/preprocessed/no_ctps/vector50.hpp
[24.592s] -- Installing: /home/ph/treasure/dockerBENCH/helios16p_ws/install/vicon_receiver/include/boost/mpl/vector/aux_/pop_back.hpp
[24.592s] -- Installing: /home/ph/treasure/dockerBENCH/helios16p_ws/install/vicon_receiver/include/boost/mpl/vector/aux_/include_preprocessed.hpp
[24.593s] -- Installing: /home/ph/treasure/dockerBENCH/helios16p_ws/install/vicon_receiver/include/boost/mpl/vector/aux_/begin_end.hpp
[24.593s] -- Installing: /home/ph/treasure/dockerBENCH/helios16p_ws/install/vicon_receiver/include/boost/mpl/vector/aux_/size.hpp
[24.594s] -- Installing: /home/ph/treasure/dockerBENCH/helios16p_ws/install/vicon_receiver/include/boost/mpl/vector/aux_/iterator.hpp
[24.594s] -- Installing: /home/ph/treasure/dockerBENCH/helios16p_ws/install/vicon_receiver/include/boost/mpl/vector/vector10_c.hpp
[24.595s] -- Installing: /home/ph/treasure/dockerBENCH/helios16p_ws/install/vicon_receiver/include/boost/mpl/vector/vector50.hpp
[24.595s] -- Installing: /home/ph/treasure/dockerBENCH/helios16p_ws/install/vicon_receiver/include/boost/mpl/begin_end_fwd.hpp
[24.596s] -- Installing: /home/ph/treasure/dockerBENCH/helios16p_ws/install/vicon_receiver/include/boost/mpl/less_equal.hpp
[24.596s] -- Installing: /home/ph/treasure/dockerBENCH/helios16p_ws/install/vicon_receiver/include/boost/mpl/times.hpp
[24.597s] -- Installing: /home/ph/treasure/dockerBENCH/helios16p_ws/install/vicon_receiver/include/boost/mpl/insert_fwd.hpp
[24.597s] -- Installing: /home/ph/treasure/dockerBENCH/helios16p_ws/install/vicon_receiver/include/boost/mpl/less.hpp
[24.598s] -- Installing: /home/ph/treasure/dockerBENCH/helios16p_ws/install/vicon_receiver/include/boost/mpl/void_fwd.hpp
[24.599s] -- Installing: /home/ph/treasure/dockerBENCH/helios16p_ws/install/vicon_receiver/include/boost/mpl/pop_front_fwd.hpp
[24.599s] -- Installing: /home/ph/treasure/dockerBENCH/helios16p_ws/install/vicon_receiver/include/boost/mpl/arg.hpp
[24.600s] -- Installing: /home/ph/treasure/dockerBENCH/helios16p_ws/install/vicon_receiver/include/boost/mpl/contains_fwd.hpp
[24.600s] -- Installing: /home/ph/treasure/dockerBENCH/helios16p_ws/install/vicon_receiver/include/boost/mpl/iterator_tags.hpp
[24.601s] -- Installing: /home/ph/treasure/dockerBENCH/helios16p_ws/install/vicon_receiver/include/boost/mpl/size_t_fwd.hpp
[24.601s] -- Installing: /home/ph/treasure/dockerBENCH/helios16p_ws/install/vicon_receiver/include/boost/mpl/long_fwd.hpp
[24.602s] -- Installing: /home/ph/treasure/dockerBENCH/helios16p_ws/install/vicon_receiver/include/boost/mpl/begin_end.hpp
[24.603s] -- Installing: /home/ph/treasure/dockerBENCH/helios16p_ws/install/vicon_receiver/include/boost/mpl/iter_fold.hpp
[24.603s] -- Installing: /home/ph/treasure/dockerBENCH/helios16p_ws/install/vicon_receiver/include/boost/mpl/has_key_fwd.hpp
[24.603s] -- Installing: /home/ph/treasure/dockerBENCH/helios16p_ws/install/vicon_receiver/include/boost/mpl/next_prior.hpp
[24.604s] -- Installing: /home/ph/treasure/dockerBENCH/helios16p_ws/install/vicon_receiver/include/boost/mpl/negate.hpp
[24.605s] -- Installing: /home/ph/treasure/dockerBENCH/helios16p_ws/install/vicon_receiver/include/boost/mpl/always.hpp
[24.605s] -- Installing: /home/ph/treasure/dockerBENCH/helios16p_ws/install/vicon_receiver/include/boost/mpl/size_fwd.hpp
[24.606s] -- Installing: /home/ph/treasure/dockerBENCH/helios16p_ws/install/vicon_receiver/include/boost/mpl/iterator_range.hpp
[24.606s] -- Installing: /home/ph/treasure/dockerBENCH/helios16p_ws/install/vicon_receiver/include/boost/mpl/prior.hpp
[24.607s] -- Installing: /home/ph/treasure/dockerBENCH/helios16p_ws/install/vicon_receiver/include/boost/mpl/inserter.hpp
[24.607s] -- Installing: /home/ph/treasure/dockerBENCH/helios16p_ws/install/vicon_receiver/include/boost/mpl/limits
[24.608s] -- Installing: /home/ph/treasure/dockerBENCH/helios16p_ws/install/vicon_receiver/include/boost/mpl/limits/unrolling.hpp
[24.608s] -- Installing: /home/ph/treasure/dockerBENCH/helios16p_ws/install/vicon_receiver/include/boost/mpl/limits/vector.hpp
[24.609s] -- Installing: /home/ph/treasure/dockerBENCH/helios16p_ws/install/vicon_receiver/include/boost/mpl/limits/list.hpp
[24.609s] -- Installing: /home/ph/treasure/dockerBENCH/helios16p_ws/install/vicon_receiver/include/boost/mpl/limits/arity.hpp
[24.610s] -- Installing: /home/ph/treasure/dockerBENCH/helios16p_ws/install/vicon_receiver/include/boost/mpl/bind_fwd.hpp
[24.611s] -- Installing: /home/ph/treasure/dockerBENCH/helios16p_ws/install/vicon_receiver/include/boost/mpl/void.hpp
[24.611s] -- Installing: /home/ph/treasure/dockerBENCH/helios16p_ws/install/vicon_receiver/include/boost/mpl/O1_size_fwd.hpp
[24.612s] -- Installing: /home/ph/treasure/dockerBENCH/helios16p_ws/install/vicon_receiver/include/boost/mpl/size_t.hpp
[24.612s] -- Installing: /home/ph/treasure/dockerBENCH/helios16p_ws/install/vicon_receiver/include/boost/mpl/size.hpp
[24.613s] -- Installing: /home/ph/treasure/dockerBENCH/helios16p_ws/install/vicon_receiver/include/boost/mpl/lambda.hpp
[24.613s] -- Installing: /home/ph/treasure/dockerBENCH/helios16p_ws/install/vicon_receiver/include/boost/mpl/long.hpp
[24.614s] -- Installing: /home/ph/treasure/dockerBENCH/helios16p_ws/install/vicon_receiver/include/boost/mpl/sequence_tag_fwd.hpp
[24.615s] -- Installing: /home/ph/treasure/dockerBENCH/helios16p_ws/install/vicon_receiver/include/boost/mpl/apply.hpp
[24.615s] -- Installing: /home/ph/treasure/dockerBENCH/helios16p_ws/install/vicon_receiver/include/boost/mpl/insert.hpp
[24.616s] -- Installing: /home/ph/treasure/dockerBENCH/helios16p_ws/install/vicon_receiver/include/boost/mpl/numeric_cast.hpp
[24.617s] -- Installing: /home/ph/treasure/dockerBENCH/helios16p_ws/install/vicon_receiver/include/boost/mpl/joint_view.hpp
[24.617s] -- Installing: /home/ph/treasure/dockerBENCH/helios16p_ws/install/vicon_receiver/include/boost/mpl/not.hpp
[24.618s] -- Installing: /home/ph/treasure/dockerBENCH/helios16p_ws/install/vicon_receiver/include/boost/mpl/integral_c_fwd.hpp
[24.618s] -- Installing: /home/ph/treasure/dockerBENCH/helios16p_ws/install/vicon_receiver/include/boost/mpl/plus.hpp
[24.619s] -- Installing: /home/ph/treasure/dockerBENCH/helios16p_ws/install/vicon_receiver/include/boost/iterator
[24.620s] -- Installing: /home/ph/treasure/dockerBENCH/helios16p_ws/install/vicon_receiver/include/boost/iterator/reverse_iterator.hpp
[24.621s] -- Installing: /home/ph/treasure/dockerBENCH/helios16p_ws/install/vicon_receiver/include/boost/iterator/advance.hpp
[24.622s] -- Installing: /home/ph/treasure/dockerBENCH/helios16p_ws/install/vicon_receiver/include/boost/iterator/transform_iterator.hpp
[24.622s] -- Installing: /home/ph/treasure/dockerBENCH/helios16p_ws/install/vicon_receiver/include/boost/iterator/distance.hpp
[24.623s] -- Installing: /home/ph/treasure/dockerBENCH/helios16p_ws/install/vicon_receiver/include/boost/iterator/detail
[24.623s] -- Installing: /home/ph/treasure/dockerBENCH/helios16p_ws/install/vicon_receiver/include/boost/iterator/detail/config_undef.hpp
[24.624s] -- Installing: /home/ph/treasure/dockerBENCH/helios16p_ws/install/vicon_receiver/include/boost/iterator/detail/facade_iterator_category.hpp
[24.624s] -- Installing: /home/ph/treasure/dockerBENCH/helios16p_ws/install/vicon_receiver/include/boost/iterator/detail/enable_if.hpp
[24.625s] -- Installing: /home/ph/treasure/dockerBENCH/helios16p_ws/install/vicon_receiver/include/boost/iterator/detail/config_def.hpp
[24.626s] -- Installing: /home/ph/treasure/dockerBENCH/helios16p_ws/install/vicon_receiver/include/boost/iterator/zip_iterator.hpp
[24.627s] -- Installing: /home/ph/treasure/dockerBENCH/helios16p_ws/install/vicon_receiver/include/boost/iterator/iterator_traits.hpp
[24.628s] -- Installing: /home/ph/treasure/dockerBENCH/helios16p_ws/install/vicon_receiver/include/boost/iterator/iterator_adaptor.hpp
[24.629s] -- Installing: /home/ph/treasure/dockerBENCH/helios16p_ws/install/vicon_receiver/include/boost/iterator/interoperable.hpp
[24.630s] -- Installing: /home/ph/treasure/dockerBENCH/helios16p_ws/install/vicon_receiver/include/boost/iterator/iterator_concepts.hpp
[24.630s] -- Installing: /home/ph/treasure/dockerBENCH/helios16p_ws/install/vicon_receiver/include/boost/iterator/minimum_category.hpp
[24.632s] -- Installing: /home/ph/treasure/dockerBENCH/helios16p_ws/install/vicon_receiver/include/boost/iterator/iterator_categories.hpp
[24.633s] -- Installing: /home/ph/treasure/dockerBENCH/helios16p_ws/install/vicon_receiver/include/boost/iterator/iterator_facade.hpp
[24.634s] -- Installing: /home/ph/treasure/dockerBENCH/helios16p_ws/install/vicon_receiver/include/boost/integer_traits.hpp
[24.635s] -- Installing: /home/ph/treasure/dockerBENCH/helios16p_ws/install/vicon_receiver/include/boost/optional.hpp
[24.636s] -- Installing: /home/ph/treasure/dockerBENCH/helios16p_ws/install/vicon_receiver/include/boost/function.hpp
[24.636s] -- Installing: /home/ph/treasure/dockerBENCH/helios16p_ws/install/vicon_receiver/include/boost/assert.hpp
[24.637s] -- Installing: /home/ph/treasure/dockerBENCH/helios16p_ws/install/vicon_receiver/include/boost/cstdint.hpp
[24.638s] -- Installing: /home/ph/treasure/dockerBENCH/helios16p_ws/install/vicon_receiver/include/boost/regex
[24.639s] -- Installing: /home/ph/treasure/dockerBENCH/helios16p_ws/install/vicon_receiver/include/boost/regex/config
[24.639s] -- Installing: /home/ph/treasure/dockerBENCH/helios16p_ws/install/vicon_receiver/include/boost/regex/config/cwchar.hpp
[24.640s] -- Installing: /home/ph/treasure/dockerBENCH/helios16p_ws/install/vicon_receiver/include/boost/regex/config/borland.hpp
[24.641s] -- Installing: /home/ph/treasure/dockerBENCH/helios16p_ws/install/vicon_receiver/include/boost/regex/user.hpp
[24.641s] -- Installing: /home/ph/treasure/dockerBENCH/helios16p_ws/install/vicon_receiver/include/boost/regex/config.hpp
[24.642s] -- Installing: /home/ph/treasure/dockerBENCH/helios16p_ws/install/vicon_receiver/include/boost/regex/pending
[24.643s] -- Installing: /home/ph/treasure/dockerBENCH/helios16p_ws/install/vicon_receiver/include/boost/regex/pending/static_mutex.hpp
[24.643s] -- Installing: /home/ph/treasure/dockerBENCH/helios16p_ws/install/vicon_receiver/include/boost/regex/pending/unicode_iterator.hpp
[24.644s] -- Installing: /home/ph/treasure/dockerBENCH/helios16p_ws/install/vicon_receiver/include/boost/regex/pending/object_cache.hpp
[24.645s] -- Installing: /home/ph/treasure/dockerBENCH/helios16p_ws/install/vicon_receiver/include/boost/regex/regex_traits.hpp
[24.646s] -- Installing: /home/ph/treasure/dockerBENCH/helios16p_ws/install/vicon_receiver/include/boost/regex/icu.hpp
[24.648s] -- Installing: /home/ph/treasure/dockerBENCH/helios16p_ws/install/vicon_receiver/include/boost/regex/pattern_except.hpp
[24.649s] -- Installing: /home/ph/treasure/dockerBENCH/helios16p_ws/install/vicon_receiver/include/boost/regex/v4
[24.650s] -- Installing: /home/ph/treasure/dockerBENCH/helios16p_ws/install/vicon_receiver/include/boost/regex/v4/regex_match.hpp
[24.650s] -- Installing: /home/ph/treasure/dockerBENCH/helios16p_ws/install/vicon_receiver/include/boost/regex/v4/basic_regex_parser.hpp
[24.653s] -- Installing: /home/ph/treasure/dockerBENCH/helios16p_ws/install/vicon_receiver/include/boost/regex/v4/fileiter.hpp
[24.654s] -- Installing: /home/ph/treasure/dockerBENCH/helios16p_ws/install/vicon_receiver/include/boost/regex/v4/mem_block_cache.hpp
[24.655s] -- Installing: /home/ph/treasure/dockerBENCH/helios16p_ws/install/vicon_receiver/include/boost/regex/v4/protected_call.hpp
[24.656s] -- Installing: /home/ph/treasure/dockerBENCH/helios16p_ws/install/vicon_receiver/include/boost/regex/v4/cregex.hpp
[24.657s] -- Installing: /home/ph/treasure/dockerBENCH/helios16p_ws/install/vicon_receiver/include/boost/regex/v4/instances.hpp
[24.657s] -- Installing: /home/ph/treasure/dockerBENCH/helios16p_ws/install/vicon_receiver/include/boost/regex/v4/c_regex_traits.hpp
[24.658s] -- Installing: /home/ph/treasure/dockerBENCH/helios16p_ws/install/vicon_receiver/include/boost/regex/v4/regex_raw_buffer.hpp
[24.659s] -- Installing: /home/ph/treasure/dockerBENCH/helios16p_ws/install/vicon_receiver/include/boost/regex/v4/basic_regex_creator.hpp
[24.660s] -- Installing: /home/ph/treasure/dockerBENCH/helios16p_ws/install/vicon_receiver/include/boost/regex/v4/regex_split.hpp
[24.661s] -- Installing: /home/ph/treasure/dockerBENCH/helios16p_ws/install/vicon_receiver/include/boost/regex/v4/char_regex_traits.hpp
[24.661s] -- Installing: /home/ph/treasure/dockerBENCH/helios16p_ws/install/vicon_receiver/include/boost/regex/v4/iterator_traits.hpp
[24.662s] -- Installing: /home/ph/treasure/dockerBENCH/helios16p_ws/install/vicon_receiver/include/boost/regex/v4/regex_grep.hpp
[24.663s] -- Installing: /home/ph/treasure/dockerBENCH/helios16p_ws/install/vicon_receiver/include/boost/regex/v4/regex_replace.hpp
[24.663s] -- Installing: /home/ph/treasure/dockerBENCH/helios16p_ws/install/vicon_receiver/include/boost/regex/v4/iterator_category.hpp
[24.664s] -- Installing: /home/ph/treasure/dockerBENCH/helios16p_ws/install/vicon_receiver/include/boost/regex/v4/indexed_bit_flag.hpp
[24.667s] -- Installing: /home/ph/treasure/dockerBENCH/helios16p_ws/install/vicon_receiver/include/boost/regex/v4/regbase.hpp
[24.667s] -- Installing: /home/ph/treasure/dockerBENCH/helios16p_ws/install/vicon_receiver/include/boost/regex/v4/u32regex_token_iterator.hpp
[24.667s] -- Installing: /home/ph/treasure/dockerBENCH/helios16p_ws/install/vicon_receiver/include/boost/regex/v4/regex_fwd.hpp
[24.667s] -- Installing: /home/ph/treasure/dockerBENCH/helios16p_ws/install/vicon_receiver/include/boost/regex/v4/w32_regex_traits.hpp
[24.668s] -- Installing: /home/ph/treasure/dockerBENCH/helios16p_ws/install/vicon_receiver/include/boost/regex/v4/error_type.hpp
[24.669s] -- Installing: /home/ph/treasure/dockerBENCH/helios16p_ws/install/vicon_receiver/include/boost/regex/v4/match_results.hpp
[24.670s] -- Installing: /home/ph/treasure/dockerBENCH/helios16p_ws/install/vicon_receiver/include/boost/regex/v4/perl_matcher.hpp
[24.671s] -- Installing: /home/ph/treasure/dockerBENCH/helios16p_ws/install/vicon_receiver/include/boost/regex/v4/regex_iterator.hpp
[24.671s] -- Installing: /home/ph/treasure/dockerBENCH/helios16p_ws/install/vicon_receiver/include/boost/regex/v4/syntax_type.hpp
[24.672s] -- Installing: /home/ph/treasure/dockerBENCH/helios16p_ws/install/vicon_receiver/include/boost/regex/v4/regex_traits.hpp
[24.672s] -- Installing: /home/ph/treasure/dockerBENCH/helios16p_ws/install/vicon_receiver/include/boost/regex/v4/primary_transform.hpp
[24.673s] -- Installing: /home/ph/treasure/dockerBENCH/helios16p_ws/install/vicon_receiver/include/boost/regex/v4/u32regex_iterator.hpp
[24.673s] -- Installing: /home/ph/treasure/dockerBENCH/helios16p_ws/install/vicon_receiver/include/boost/regex/v4/regex_search.hpp
[24.674s] -- Installing: /home/ph/treasure/dockerBENCH/helios16p_ws/install/vicon_receiver/include/boost/regex/v4/regex.hpp
[24.675s] -- Installing: /home/ph/treasure/dockerBENCH/helios16p_ws/install/vicon_receiver/include/boost/regex/v4/cpp_regex_traits.hpp
[24.676s] -- Installing: /home/ph/treasure/dockerBENCH/helios16p_ws/install/vicon_receiver/include/boost/regex/v4/regex_token_iterator.hpp
[24.676s] -- Installing: /home/ph/treasure/dockerBENCH/helios16p_ws/install/vicon_receiver/include/boost/regex/v4/perl_matcher_common.hpp
[24.678s] -- Installing: /home/ph/treasure/dockerBENCH/helios16p_ws/install/vicon_receiver/include/boost/regex/v4/perl_matcher_recursive.hpp
[24.679s] -- Installing: /home/ph/treasure/dockerBENCH/helios16p_ws/install/vicon_receiver/include/boost/regex/v4/match_flags.hpp
[24.680s] -- Installing: /home/ph/treasure/dockerBENCH/helios16p_ws/install/vicon_receiver/include/boost/regex/v4/regex_merge.hpp
[24.680s] -- Installing: /home/ph/treasure/dockerBENCH/helios16p_ws/install/vicon_receiver/include/boost/regex/v4/regex_traits_defaults.hpp
[24.681s] -- Installing: /home/ph/treasure/dockerBENCH/helios16p_ws/install/vicon_receiver/include/boost/regex/v4/perl_matcher_non_recursive.hpp
[24.682s] -- Installing: /home/ph/treasure/dockerBENCH/helios16p_ws/install/vicon_receiver/include/boost/regex/v4/sub_match.hpp
[24.683s] -- Installing: /home/ph/treasure/dockerBENCH/helios16p_ws/install/vicon_receiver/include/boost/regex/v4/regex_workaround.hpp
[24.684s] -- Installing: /home/ph/treasure/dockerBENCH/helios16p_ws/install/vicon_receiver/include/boost/regex/v4/regex_format.hpp
[24.685s] -- Installing: /home/ph/treasure/dockerBENCH/helios16p_ws/install/vicon_receiver/include/boost/regex/v4/basic_regex.hpp
[24.686s] -- Installing: /home/ph/treasure/dockerBENCH/helios16p_ws/install/vicon_receiver/include/boost/regex/v4/states.hpp
[24.686s] -- Installing: /home/ph/treasure/dockerBENCH/helios16p_ws/install/vicon_receiver/include/boost/io
[24.687s] -- Installing: /home/ph/treasure/dockerBENCH/helios16p_ws/install/vicon_receiver/include/boost/io/detail
[24.687s] -- Installing: /home/ph/treasure/dockerBENCH/helios16p_ws/install/vicon_receiver/include/boost/io/detail/buffer_fill.hpp
[24.688s] -- Installing: /home/ph/treasure/dockerBENCH/helios16p_ws/install/vicon_receiver/include/boost/io/detail/ostream_guard.hpp
[24.689s] -- Installing: /home/ph/treasure/dockerBENCH/helios16p_ws/install/vicon_receiver/include/boost/io/quoted.hpp
[24.689s] -- Installing: /home/ph/treasure/dockerBENCH/helios16p_ws/install/vicon_receiver/include/boost/io/ios_state.hpp
[24.690s] -- Installing: /home/ph/treasure/dockerBENCH/helios16p_ws/install/vicon_receiver/include/boost/winapi
[24.690s] -- Installing: /home/ph/treasure/dockerBENCH/helios16p_ws/install/vicon_receiver/include/boost/winapi/thread.hpp
[24.691s] -- Installing: /home/ph/treasure/dockerBENCH/helios16p_ws/install/vicon_receiver/include/boost/winapi/wait_on_address.hpp
[24.691s] -- Installing: /home/ph/treasure/dockerBENCH/helios16p_ws/install/vicon_receiver/include/boost/winapi/error_handling.hpp
[24.692s] -- Installing: /home/ph/treasure/dockerBENCH/helios16p_ws/install/vicon_receiver/include/boost/winapi/crypt.hpp
[24.693s] -- Installing: /home/ph/treasure/dockerBENCH/helios16p_ws/install/vicon_receiver/include/boost/winapi/get_current_thread.hpp
[24.693s] -- Installing: /home/ph/treasure/dockerBENCH/helios16p_ws/install/vicon_receiver/include/boost/winapi/timers.hpp
[24.694s] -- Installing: /home/ph/treasure/dockerBENCH/helios16p_ws/install/vicon_receiver/include/boost/winapi/bcrypt.hpp
[24.694s] -- Installing: /home/ph/treasure/dockerBENCH/helios16p_ws/install/vicon_receiver/include/boost/winapi/detail
[24.695s] -- Installing: /home/ph/treasure/dockerBENCH/helios16p_ws/install/vicon_receiver/include/boost/winapi/detail/header.hpp
[24.695s] -- Installing: /home/ph/treasure/dockerBENCH/helios16p_ws/install/vicon_receiver/include/boost/winapi/detail/footer.hpp
[24.696s] -- Installing: /home/ph/treasure/dockerBENCH/helios16p_ws/install/vicon_receiver/include/boost/winapi/detail/cast_ptr.hpp
[24.697s] -- Installing: /home/ph/treasure/dockerBENCH/helios16p_ws/install/vicon_receiver/include/boost/winapi/system.hpp
[24.697s] -- Installing: /home/ph/treasure/dockerBENCH/helios16p_ws/install/vicon_receiver/include/boost/winapi/access_rights.hpp
[24.698s] -- Installing: /home/ph/treasure/dockerBENCH/helios16p_ws/install/vicon_receiver/include/boost/winapi/config.hpp
[24.700s] -- Installing: /home/ph/treasure/dockerBENCH/helios16p_ws/install/vicon_receiver/include/boost/winapi/get_proc_address.hpp
[24.701s] -- Installing: /home/ph/treasure/dockerBENCH/helios16p_ws/install/vicon_receiver/include/boost/winapi/condition_variable.hpp
[24.701s] -- Installing: /home/ph/treasure/dockerBENCH/helios16p_ws/install/vicon_receiver/include/boost/winapi/get_current_thread_id.hpp
[24.701s] -- Installing: /home/ph/treasure/dockerBENCH/helios16p_ws/install/vicon_receiver/include/boost/winapi/error_codes.hpp
[24.703s] -- Installing: /home/ph/treasure/dockerBENCH/helios16p_ws/install/vicon_receiver/include/boost/winapi/local_memory.hpp
[24.704s] -- Installing: /home/ph/treasure/dockerBENCH/helios16p_ws/install/vicon_receiver/include/boost/winapi/get_last_error.hpp
[24.704s] -- Installing: /home/ph/treasure/dockerBENCH/helios16p_ws/install/vicon_receiver/include/boost/winapi/character_code_conversion.hpp
[24.705s] -- Installing: /home/ph/treasure/dockerBENCH/helios16p_ws/install/vicon_receiver/include/boost/winapi/wait_constants.hpp
[24.705s] -- Installing: /home/ph/treasure/dockerBENCH/helios16p_ws/install/vicon_receiver/include/boost/winapi/basic_types.hpp
[24.706s] -- Installing: /home/ph/treasure/dockerBENCH/helios16p_ws/install/vicon_receiver/include/boost/winapi/thread_pool.hpp
[24.707s] -- Installing: /home/ph/treasure/dockerBENCH/helios16p_ws/install/vicon_receiver/include/boost/winapi/get_current_process.hpp
[24.708s] -- Installing: /home/ph/treasure/dockerBENCH/helios16p_ws/install/vicon_receiver/include/boost/winapi/wait.hpp
[24.708s] -- Installing: /home/ph/treasure/dockerBENCH/helios16p_ws/install/vicon_receiver/include/boost/winapi/dll.hpp
[24.709s] -- Installing: /home/ph/treasure/dockerBENCH/helios16p_ws/install/vicon_receiver/include/boost/winapi/time.hpp
[24.710s] -- Installing: /home/ph/treasure/dockerBENCH/helios16p_ws/install/vicon_receiver/include/boost/winapi/semaphore.hpp
[24.710s] -- Installing: /home/ph/treasure/dockerBENCH/helios16p_ws/install/vicon_receiver/include/boost/winapi/get_current_process_id.hpp
[24.711s] -- Installing: /home/ph/treasure/dockerBENCH/helios16p_ws/install/vicon_receiver/include/boost/winapi/heap_memory.hpp
[24.712s] -- Installing: /home/ph/treasure/dockerBENCH/helios16p_ws/install/vicon_receiver/include/boost/winapi/srw_lock.hpp
[24.712s] -- Installing: /home/ph/treasure/dockerBENCH/helios16p_ws/install/vicon_receiver/include/boost/winapi/get_thread_times.hpp
[24.713s] -- Installing: /home/ph/treasure/dockerBENCH/helios16p_ws/install/vicon_receiver/include/boost/winapi/event.hpp
[24.713s] -- Installing: /home/ph/treasure/dockerBENCH/helios16p_ws/install/vicon_receiver/include/boost/winapi/get_process_times.hpp
[24.714s] -- Installing: /home/ph/treasure/dockerBENCH/helios16p_ws/install/vicon_receiver/include/boost/winapi/handles.hpp
[24.715s] -- Installing: /home/ph/treasure/dockerBENCH/helios16p_ws/install/vicon_receiver/include/boost/winapi/critical_section.hpp
[24.715s] -- Installing: /home/ph/treasure/dockerBENCH/helios16p_ws/install/vicon_receiver/include/boost/thread
[24.716s] -- Installing: /home/ph/treasure/dockerBENCH/helios16p_ws/install/vicon_receiver/include/boost/thread/poly_lockable.hpp
[24.717s] -- Installing: /home/ph/treasure/dockerBENCH/helios16p_ws/install/vicon_receiver/include/boost/thread/thread.hpp
[24.717s] -- Installing: /home/ph/treasure/dockerBENCH/helios16p_ws/install/vicon_receiver/include/boost/thread/futures
[24.718s] -- Installing: /home/ph/treasure/dockerBENCH/helios16p_ws/install/vicon_receiver/include/boost/thread/futures/is_future_type.hpp
[24.718s] -- Installing: /home/ph/treasure/dockerBENCH/helios16p_ws/install/vicon_receiver/include/boost/thread/futures/future_status.hpp
[24.719s] -- Installing: /home/ph/treasure/dockerBENCH/helios16p_ws/install/vicon_receiver/include/boost/thread/futures/wait_for_any.hpp
[24.719s] -- Installing: /home/ph/treasure/dockerBENCH/helios16p_ws/install/vicon_receiver/include/boost/thread/futures/wait_for_all.hpp
[24.720s] -- Installing: /home/ph/treasure/dockerBENCH/helios16p_ws/install/vicon_receiver/include/boost/thread/futures/launch.hpp
[24.720s] -- Installing: /home/ph/treasure/dockerBENCH/helios16p_ws/install/vicon_receiver/include/boost/thread/futures/future_error_code.hpp
[24.721s] -- Installing: /home/ph/treasure/dockerBENCH/helios16p_ws/install/vicon_receiver/include/boost/thread/futures/future_error.hpp
[24.721s] -- Installing: /home/ph/treasure/dockerBENCH/helios16p_ws/install/vicon_receiver/include/boost/thread/lock_factories.hpp
[24.722s] -- Installing: /home/ph/treasure/dockerBENCH/helios16p_ws/install/vicon_receiver/include/boost/thread/lock_algorithms.hpp
[24.722s] -- Installing: /home/ph/treasure/dockerBENCH/helios16p_ws/install/vicon_receiver/include/boost/thread/mutex.hpp
[24.723s] -- Installing: /home/ph/treasure/dockerBENCH/helios16p_ws/install/vicon_receiver/include/boost/thread/lock_guard.hpp
[24.723s] -- Installing: /home/ph/treasure/dockerBENCH/helios16p_ws/install/vicon_receiver/include/boost/thread/recursive_mutex.hpp
[24.724s] -- Installing: /home/ph/treasure/dockerBENCH/helios16p_ws/install/vicon_receiver/include/boost/thread/poly_lockable_adapter.hpp
[24.724s] -- Installing: /home/ph/treasure/dockerBENCH/helios16p_ws/install/vicon_receiver/include/boost/thread/lock_options.hpp
[24.725s] -- Installing: /home/ph/treasure/dockerBENCH/helios16p_ws/install/vicon_receiver/include/boost/thread/poly_shared_lockable.hpp
[24.725s] -- Installing: /home/ph/treasure/dockerBENCH/helios16p_ws/install/vicon_receiver/include/boost/thread/experimental
[24.726s] -- Installing: /home/ph/treasure/dockerBENCH/helios16p_ws/install/vicon_receiver/include/boost/thread/experimental/config
[24.726s] -- Installing: /home/ph/treasure/dockerBENCH/helios16p_ws/install/vicon_receiver/include/boost/thread/experimental/config/inline_namespace.hpp
[24.727s] -- Installing: /home/ph/treasure/dockerBENCH/helios16p_ws/install/vicon_receiver/include/boost/thread/experimental/exception_list.hpp
[24.727s] -- Installing: /home/ph/treasure/dockerBENCH/helios16p_ws/install/vicon_receiver/include/boost/thread/experimental/parallel
[24.728s] -- Installing: /home/ph/treasure/dockerBENCH/helios16p_ws/install/vicon_receiver/include/boost/thread/experimental/parallel/v1
[24.728s] -- Installing: /home/ph/treasure/dockerBENCH/helios16p_ws/install/vicon_receiver/include/boost/thread/experimental/parallel/v1/inline_namespace.hpp
[24.729s] -- Installing: /home/ph/treasure/dockerBENCH/helios16p_ws/install/vicon_receiver/include/boost/thread/experimental/parallel/v1/exception_list.hpp
[24.729s] -- Installing: /home/ph/treasure/dockerBENCH/helios16p_ws/install/vicon_receiver/include/boost/thread/experimental/parallel/v2
[24.730s] -- Installing: /home/ph/treasure/dockerBENCH/helios16p_ws/install/vicon_receiver/include/boost/thread/experimental/parallel/v2/inline_namespace.hpp
[24.730s] -- Installing: /home/ph/treasure/dockerBENCH/helios16p_ws/install/vicon_receiver/include/boost/thread/experimental/parallel/v2/task_region.hpp
[24.731s] -- Installing: /home/ph/treasure/dockerBENCH/helios16p_ws/install/vicon_receiver/include/boost/thread/is_locked_by_this_thread.hpp
[24.732s] -- Installing: /home/ph/treasure/dockerBENCH/helios16p_ws/install/vicon_receiver/include/boost/thread/detail
[24.733s] -- Installing: /home/ph/treasure/dockerBENCH/helios16p_ws/install/vicon_receiver/include/boost/thread/detail/thread.hpp
[24.733s] -- Installing: /home/ph/treasure/dockerBENCH/helios16p_ws/install/vicon_receiver/include/boost/thread/detail/counter.hpp
[24.734s] -- Installing: /home/ph/treasure/dockerBENCH/helios16p_ws/install/vicon_receiver/include/boost/thread/detail/invoke.hpp
[24.735s] -- Installing: /home/ph/treasure/dockerBENCH/helios16p_ws/install/vicon_receiver/include/boost/thread/detail/thread_group.hpp
[24.736s] -- Installing: /home/ph/treasure/dockerBENCH/helios16p_ws/install/vicon_receiver/include/boost/thread/detail/thread_safety.hpp
[24.737s] -- Installing: /home/ph/treasure/dockerBENCH/helios16p_ws/install/vicon_receiver/include/boost/thread/detail/variadic_header.hpp
[24.737s] -- Installing: /home/ph/treasure/dockerBENCH/helios16p_ws/install/vicon_receiver/include/boost/thread/detail/invoker.hpp
[24.738s] -- Installing: /home/ph/treasure/dockerBENCH/helios16p_ws/install/vicon_receiver/include/boost/thread/detail/is_convertible.hpp
[24.740s] -- Installing: /home/ph/treasure/dockerBENCH/helios16p_ws/install/vicon_receiver/include/boost/thread/detail/lockable_wrapper.hpp
[24.741s] -- Installing: /home/ph/treasure/dockerBENCH/helios16p_ws/install/vicon_receiver/include/boost/thread/detail/atomic_undef_macros.hpp
[24.742s] -- Installing: /home/ph/treasure/dockerBENCH/helios16p_ws/install/vicon_receiver/include/boost/thread/detail/config.hpp
[24.743s] -- Installing: /home/ph/treasure/dockerBENCH/helios16p_ws/install/vicon_receiver/include/boost/thread/detail/tss_hooks.hpp
[24.744s] -- Installing: /home/ph/treasure/dockerBENCH/helios16p_ws/install/vicon_receiver/include/boost/thread/detail/thread_interruption.hpp
[24.744s] -- Installing: /home/ph/treasure/dockerBENCH/helios16p_ws/install/vicon_receiver/include/boost/thread/detail/memory.hpp
[24.745s] -- Installing: /home/ph/treasure/dockerBENCH/helios16p_ws/install/vicon_receiver/include/boost/thread/detail/atomic_redef_macros.hpp
[24.746s] -- Installing: /home/ph/treasure/dockerBENCH/helios16p_ws/install/vicon_receiver/include/boost/thread/detail/nullary_function.hpp
[24.746s] -- Installing: /home/ph/treasure/dockerBENCH/helios16p_ws/install/vicon_receiver/include/boost/thread/detail/platform_time.hpp
[24.747s] -- Installing: /home/ph/treasure/dockerBENCH/helios16p_ws/install/vicon_receiver/include/boost/thread/detail/platform.hpp
[24.747s] -- Installing: /home/ph/treasure/dockerBENCH/helios16p_ws/install/vicon_receiver/include/boost/thread/detail/make_tuple_indices.hpp
[24.748s] -- Installing: /home/ph/treasure/dockerBENCH/helios16p_ws/install/vicon_receiver/include/boost/thread/detail/move.hpp
[24.749s] -- Installing: /home/ph/treasure/dockerBENCH/helios16p_ws/install/vicon_receiver/include/boost/thread/detail/variadic_footer.hpp
[24.749s] -- Installing: /home/ph/treasure/dockerBENCH/helios16p_ws/install/vicon_receiver/include/boost/thread/detail/thread_heap_alloc.hpp
[24.750s] -- Installing: /home/ph/treasure/dockerBENCH/helios16p_ws/install/vicon_receiver/include/boost/thread/detail/delete.hpp
[24.751s] -- Installing: /home/ph/treasure/dockerBENCH/helios16p_ws/install/vicon_receiver/include/boost/thread/thread_time.hpp
[24.751s] -- Installing: /home/ph/treasure/dockerBENCH/helios16p_ws/install/vicon_receiver/include/boost/thread/csbl
[24.752s] -- Installing: /home/ph/treasure/dockerBENCH/helios16p_ws/install/vicon_receiver/include/boost/thread/csbl/devector.hpp
[24.753s] -- Installing: /home/ph/treasure/dockerBENCH/helios16p_ws/install/vicon_receiver/include/boost/thread/csbl/vector.hpp
[24.753s] -- Installing: /home/ph/treasure/dockerBENCH/helios16p_ws/install/vicon_receiver/include/boost/thread/csbl/tuple.hpp
[24.754s] -- Installing: /home/ph/treasure/dockerBENCH/helios16p_ws/install/vicon_receiver/include/boost/thread/csbl/memory
[24.754s] -- Installing: /home/ph/treasure/dockerBENCH/helios16p_ws/install/vicon_receiver/include/boost/thread/csbl/memory/shared_ptr.hpp
[24.755s] -- Installing: /home/ph/treasure/dockerBENCH/helios16p_ws/install/vicon_receiver/include/boost/thread/csbl/memory/config.hpp
[24.756s] -- Installing: /home/ph/treasure/dockerBENCH/helios16p_ws/install/vicon_receiver/include/boost/thread/csbl/memory/scoped_allocator.hpp
[24.756s] -- Installing: /home/ph/treasure/dockerBENCH/helios16p_ws/install/vicon_receiver/include/boost/thread/csbl/memory/allocator_arg.hpp
[24.757s] -- Installing: /home/ph/treasure/dockerBENCH/helios16p_ws/install/vicon_receiver/include/boost/thread/csbl/memory/default_delete.hpp
[24.758s] -- Installing: /home/ph/treasure/dockerBENCH/helios16p_ws/install/vicon_receiver/include/boost/thread/csbl/memory/unique_ptr.hpp
[24.759s] -- Installing: /home/ph/treasure/dockerBENCH/helios16p_ws/install/vicon_receiver/include/boost/thread/csbl/memory/pointer_traits.hpp
[24.759s] -- Installing: /home/ph/treasure/dockerBENCH/helios16p_ws/install/vicon_receiver/include/boost/thread/csbl/memory/allocator_traits.hpp
[24.760s] -- Installing: /home/ph/treasure/dockerBENCH/helios16p_ws/install/vicon_receiver/include/boost/thread/csbl/functional.hpp
[24.761s] -- Installing: /home/ph/treasure/dockerBENCH/helios16p_ws/install/vicon_receiver/include/boost/thread/future.hpp
[24.762s] -- Installing: /home/ph/treasure/dockerBENCH/helios16p_ws/install/vicon_receiver/include/boost/thread/externally_locked.hpp
[24.762s] -- Installing: /home/ph/treasure/dockerBENCH/helios16p_ws/install/vicon_receiver/include/boost/thread/thread_only.hpp
[24.763s] -- Installing: /home/ph/treasure/dockerBENCH/helios16p_ws/install/vicon_receiver/include/boost/thread/executor.hpp
[24.763s] -- Installing: /home/ph/treasure/dockerBENCH/helios16p_ws/install/vicon_receiver/include/boost/thread/tss.hpp
[24.764s] -- Installing: /home/ph/treasure/dockerBENCH/helios16p_ws/install/vicon_receiver/include/boost/thread/lock_traits.hpp
[24.764s] -- Installing: /home/ph/treasure/dockerBENCH/helios16p_ws/install/vicon_receiver/include/boost/thread/scoped_thread.hpp
[24.765s] -- Installing: /home/ph/treasure/dockerBENCH/helios16p_ws/install/vicon_receiver/include/boost/thread/cv_status.hpp
[24.766s] -- Installing: /home/ph/treasure/dockerBENCH/helios16p_ws/install/vicon_receiver/include/boost/thread/concurrent_queues
[24.767s] -- Installing: /home/ph/treasure/dockerBENCH/helios16p_ws/install/vicon_receiver/include/boost/thread/concurrent_queues/sync_queue.hpp
[24.767s] -- Installing: /home/ph/treasure/dockerBENCH/helios16p_ws/install/vicon_receiver/include/boost/thread/concurrent_queues/sync_priority_queue.hpp
[24.768s] -- Installing: /home/ph/treasure/dockerBENCH/helios16p_ws/install/vicon_receiver/include/boost/thread/concurrent_queues/sync_bounded_queue.hpp
[24.769s] -- Installing: /home/ph/treasure/dockerBENCH/helios16p_ws/install/vicon_receiver/include/boost/thread/concurrent_queues/detail
[24.770s] -- Installing: /home/ph/treasure/dockerBENCH/helios16p_ws/install/vicon_receiver/include/boost/thread/concurrent_queues/detail/sync_queue_base.hpp
[24.771s] -- Installing: /home/ph/treasure/dockerBENCH/helios16p_ws/install/vicon_receiver/include/boost/thread/concurrent_queues/deque_base.hpp
[24.771s] -- Installing: /home/ph/treasure/dockerBENCH/helios16p_ws/install/vicon_receiver/include/boost/thread/concurrent_queues/sync_timed_queue.hpp
[24.772s] -- Installing: /home/ph/treasure/dockerBENCH/helios16p_ws/install/vicon_receiver/include/boost/thread/concurrent_queues/queue_base.hpp
[24.773s] -- Installing: /home/ph/treasure/dockerBENCH/helios16p_ws/install/vicon_receiver/include/boost/thread/concurrent_queues/queue_op_status.hpp
[24.774s] -- Installing: /home/ph/treasure/dockerBENCH/helios16p_ws/install/vicon_receiver/include/boost/thread/win32
[24.774s] -- Installing: /home/ph/treasure/dockerBENCH/helios16p_ws/install/vicon_receiver/include/boost/thread/win32/mutex.hpp
[24.775s] -- Installing: /home/ph/treasure/dockerBENCH/helios16p_ws/install/vicon_receiver/include/boost/thread/win32/recursive_mutex.hpp
[24.775s] -- Installing: /home/ph/treasure/dockerBENCH/helios16p_ws/install/vicon_receiver/include/boost/thread/win32/basic_timed_mutex.hpp
[24.776s] -- Installing: /home/ph/treasure/dockerBENCH/helios16p_ws/install/vicon_receiver/include/boost/thread/win32/condition_variable.hpp
[24.777s] -- Installing: /home/ph/treasure/dockerBENCH/helios16p_ws/install/vicon_receiver/include/boost/thread/win32/once.hpp
[24.779s] -- Installing: /home/ph/treasure/dockerBENCH/helios16p_ws/install/vicon_receiver/include/boost/thread/win32/thread_data.hpp
[24.780s] -- Installing: /home/ph/treasure/dockerBENCH/helios16p_ws/install/vicon_receiver/include/boost/thread/win32/interlocked_read.hpp
[24.781s] -- Installing: /home/ph/treasure/dockerBENCH/helios16p_ws/install/vicon_receiver/include/boost/thread/win32/basic_recursive_mutex.hpp
[24.782s] -- Installing: /home/ph/treasure/dockerBENCH/helios16p_ws/install/vicon_receiver/include/boost/thread/win32/shared_mutex.hpp
[24.784s] -- Installing: /home/ph/treasure/dockerBENCH/helios16p_ws/install/vicon_receiver/include/boost/thread/win32/thread_primitives.hpp
[24.785s] -- Installing: /home/ph/treasure/dockerBENCH/helios16p_ws/install/vicon_receiver/include/boost/thread/win32/thread_heap_alloc.hpp
[24.786s] -- Installing: /home/ph/treasure/dockerBENCH/helios16p_ws/install/vicon_receiver/include/boost/thread/lock_concepts.hpp
[24.787s] -- Installing: /home/ph/treasure/dockerBENCH/helios16p_ws/install/vicon_receiver/include/boost/thread/condition_variable.hpp
[24.788s] -- Installing: /home/ph/treasure/dockerBENCH/helios16p_ws/install/vicon_receiver/include/boost/thread/lockable_concepts.hpp
[24.789s] -- Installing: /home/ph/treasure/dockerBENCH/helios16p_ws/install/vicon_receiver/include/boost/thread/once.hpp
[24.789s] -- Installing: /home/ph/treasure/dockerBENCH/helios16p_ws/install/vicon_receiver/include/boost/thread/pthread
[24.790s] -- Installing: /home/ph/treasure/dockerBENCH/helios16p_ws/install/vicon_receiver/include/boost/thread/pthread/mutex.hpp
[24.790s] -- Installing: /home/ph/treasure/dockerBENCH/helios16p_ws/install/vicon_receiver/include/boost/thread/pthread/recursive_mutex.hpp
[24.791s] -- Installing: /home/ph/treasure/dockerBENCH/helios16p_ws/install/vicon_receiver/include/boost/thread/pthread/condition_variable.hpp
[24.791s] -- Installing: /home/ph/treasure/dockerBENCH/helios16p_ws/install/vicon_receiver/include/boost/thread/pthread/pthread_helpers.hpp
[24.792s] -- Installing: /home/ph/treasure/dockerBENCH/helios16p_ws/install/vicon_receiver/include/boost/thread/pthread/once.hpp
[24.793s] -- Installing: /home/ph/treasure/dockerBENCH/helios16p_ws/install/vicon_receiver/include/boost/thread/pthread/thread_data.hpp
[24.794s] -- Installing: /home/ph/treasure/dockerBENCH/helios16p_ws/install/vicon_receiver/include/boost/thread/pthread/pthread_mutex_scoped_lock.hpp
[24.795s] -- Installing: /home/ph/treasure/dockerBENCH/helios16p_ws/install/vicon_receiver/include/boost/thread/pthread/condition_variable_fwd.hpp
[24.795s] -- Installing: /home/ph/treasure/dockerBENCH/helios16p_ws/install/vicon_receiver/include/boost/thread/pthread/once_atomic.hpp
[24.796s] -- Installing: /home/ph/treasure/dockerBENCH/helios16p_ws/install/vicon_receiver/include/boost/thread/pthread/shared_mutex.hpp
[24.797s] -- Installing: /home/ph/treasure/dockerBENCH/helios16p_ws/install/vicon_receiver/include/boost/thread/pthread/thread_heap_alloc.hpp
[24.798s] -- Installing: /home/ph/treasure/dockerBENCH/helios16p_ws/install/vicon_receiver/include/boost/thread/thread_functors.hpp
[24.799s] -- Installing: /home/ph/treasure/dockerBENCH/helios16p_ws/install/vicon_receiver/include/boost/thread/exceptions.hpp
[24.800s] -- Installing: /home/ph/treasure/dockerBENCH/helios16p_ws/install/vicon_receiver/include/boost/thread/v2
[24.801s] -- Installing: /home/ph/treasure/dockerBENCH/helios16p_ws/install/vicon_receiver/include/boost/thread/v2/shared_mutex.hpp
[24.802s] -- Installing: /home/ph/treasure/dockerBENCH/helios16p_ws/install/vicon_receiver/include/boost/thread/lockable_traits.hpp
[24.803s] -- Installing: /home/ph/treasure/dockerBENCH/helios16p_ws/install/vicon_receiver/include/boost/thread/exceptional_ptr.hpp
[24.804s] -- Installing: /home/ph/treasure/dockerBENCH/helios16p_ws/install/vicon_receiver/include/boost/thread/executors
[24.804s] -- Installing: /home/ph/treasure/dockerBENCH/helios16p_ws/install/vicon_receiver/include/boost/thread/executors/generic_executor_ref.hpp
[24.805s] -- Installing: /home/ph/treasure/dockerBENCH/helios16p_ws/install/vicon_receiver/include/boost/thread/executors/detail
[24.806s] -- Installing: /home/ph/treasure/dockerBENCH/helios16p_ws/install/vicon_receiver/include/boost/thread/executors/detail/priority_executor_base.hpp
[24.806s] -- Installing: /home/ph/treasure/dockerBENCH/helios16p_ws/install/vicon_receiver/include/boost/thread/executors/detail/scheduled_executor_base.hpp
[24.807s] -- Installing: /home/ph/treasure/dockerBENCH/helios16p_ws/install/vicon_receiver/include/boost/thread/executors/executor.hpp
[24.808s] -- Installing: /home/ph/treasure/dockerBENCH/helios16p_ws/install/vicon_receiver/include/boost/thread/executors/work.hpp
[24.808s] -- Installing: /home/ph/treasure/dockerBENCH/helios16p_ws/install/vicon_receiver/include/boost/thread/executors/executor_adaptor.hpp
[24.809s] -- Installing: /home/ph/treasure/dockerBENCH/helios16p_ws/install/vicon_receiver/include/boost/thread/executors/basic_thread_pool.hpp
[24.810s] -- Installing: /home/ph/treasure/dockerBENCH/helios16p_ws/install/vicon_receiver/include/boost/thread/lock_types.hpp
[24.811s] -- Installing: /home/ph/treasure/dockerBENCH/helios16p_ws/install/vicon_receiver/include/boost/thread/strict_lock.hpp
[24.811s] -- Installing: /home/ph/treasure/dockerBENCH/helios16p_ws/install/vicon_receiver/include/boost/thread/shared_mutex.hpp
[24.812s] -- Installing: /home/ph/treasure/dockerBENCH/helios16p_ws/install/vicon_receiver/include/boost/thread/shared_lock_guard.hpp
[24.813s] -- Installing: /home/ph/treasure/dockerBENCH/helios16p_ws/install/vicon_receiver/include/boost/thread/barrier.hpp
[24.814s] -- Installing: /home/ph/treasure/dockerBENCH/helios16p_ws/install/vicon_receiver/include/boost/thread/locks.hpp
[24.814s] -- Installing: /home/ph/treasure/dockerBENCH/helios16p_ws/install/vicon_receiver/include/boost/thread/condition.hpp
[24.815s] -- Installing: /home/ph/treasure/dockerBENCH/helios16p_ws/install/vicon_receiver/include/boost/thread/interruption.hpp
[24.817s] -- Installing: /home/ph/treasure/dockerBENCH/helios16p_ws/install/vicon_receiver/include/boost/thread/xtime.hpp
[24.818s] -- Installing: /home/ph/treasure/dockerBENCH/helios16p_ws/install/vicon_receiver/include/boost/smart_ptr
[24.818s] -- Installing: /home/ph/treasure/dockerBENCH/helios16p_ws/install/vicon_receiver/include/boost/smart_ptr/shared_ptr.hpp
[24.819s] -- Installing: /home/ph/treasure/dockerBENCH/helios16p_ws/install/vicon_receiver/include/boost/smart_ptr/bad_weak_ptr.hpp
[24.820s] -- Installing: /home/ph/treasure/dockerBENCH/helios16p_ws/install/vicon_receiver/include/boost/smart_ptr/detail
[24.820s] -- Installing: /home/ph/treasure/dockerBENCH/helios16p_ws/install/vicon_receiver/include/boost/smart_ptr/detail/sp_thread_sleep.hpp
[24.821s] -- Installing: /home/ph/treasure/dockerBENCH/helios16p_ws/install/vicon_receiver/include/boost/smart_ptr/detail/atomic_count_gcc_x86.hpp
[24.822s] -- Installing: /home/ph/treasure/dockerBENCH/helios16p_ws/install/vicon_receiver/include/boost/smart_ptr/detail/lwm_win32_cs.hpp
[24.822s] -- Installing: /home/ph/treasure/dockerBENCH/helios16p_ws/install/vicon_receiver/include/boost/smart_ptr/detail/yield_k.hpp
[24.823s] -- Installing: /home/ph/treasure/dockerBENCH/helios16p_ws/install/vicon_receiver/include/boost/smart_ptr/detail/sp_disable_deprecated.hpp
[24.823s] -- Installing: /home/ph/treasure/dockerBENCH/helios16p_ws/install/vicon_receiver/include/boost/smart_ptr/detail/sp_win32_sleep.hpp
[24.824s] -- Installing: /home/ph/treasure/dockerBENCH/helios16p_ws/install/vicon_receiver/include/boost/smart_ptr/detail/spinlock_pool.hpp
[24.825s] -- Installing: /home/ph/treasure/dockerBENCH/helios16p_ws/install/vicon_receiver/include/boost/smart_ptr/detail/sp_counted_impl.hpp
[24.825s] -- Installing: /home/ph/treasure/dockerBENCH/helios16p_ws/install/vicon_receiver/include/boost/smart_ptr/detail/atomic_count_nt.hpp
[24.826s] -- Installing: /home/ph/treasure/dockerBENCH/helios16p_ws/install/vicon_receiver/include/boost/smart_ptr/detail/operator_bool.hpp
[24.827s] -- Installing: /home/ph/treasure/dockerBENCH/helios16p_ws/install/vicon_receiver/include/boost/smart_ptr/detail/sp_counted_base_gcc_mips.hpp
[24.827s] -- Installing: /home/ph/treasure/dockerBENCH/helios16p_ws/install/vicon_receiver/include/boost/smart_ptr/detail/sp_counted_base.hpp
[24.828s] -- Installing: /home/ph/treasure/dockerBENCH/helios16p_ws/install/vicon_receiver/include/boost/smart_ptr/detail/sp_forward.hpp
[24.829s] -- Installing: /home/ph/treasure/dockerBENCH/helios16p_ws/install/vicon_receiver/include/boost/smart_ptr/detail/sp_counted_base_gcc_ia64.hpp
[24.829s] -- Installing: /home/ph/treasure/dockerBENCH/helios16p_ws/install/vicon_receiver/include/boost/smart_ptr/detail/sp_counted_base_gcc_sparc.hpp
[24.830s] -- Installing: /home/ph/treasure/dockerBENCH/helios16p_ws/install/vicon_receiver/include/boost/smart_ptr/detail/sp_convertible.hpp
[24.831s] -- Installing: /home/ph/treasure/dockerBENCH/helios16p_ws/install/vicon_receiver/include/boost/smart_ptr/detail/sp_counted_base_gcc_ppc.hpp
[24.832s] -- Installing: /home/ph/treasure/dockerBENCH/helios16p_ws/install/vicon_receiver/include/boost/smart_ptr/detail/atomic_count_gcc_atomic.hpp
[24.833s] -- Installing: /home/ph/treasure/dockerBENCH/helios16p_ws/install/vicon_receiver/include/boost/smart_ptr/detail/spinlock_sync.hpp
[24.833s] -- Installing: /home/ph/treasure/dockerBENCH/helios16p_ws/install/vicon_receiver/include/boost/smart_ptr/detail/sp_counted_base_acc_ia64.hpp
[24.834s] -- Installing: /home/ph/treasure/dockerBENCH/helios16p_ws/install/vicon_receiver/include/boost/smart_ptr/detail/local_sp_deleter.hpp
[24.835s] -- Installing: /home/ph/treasure/dockerBENCH/helios16p_ws/install/vicon_receiver/include/boost/smart_ptr/detail/spinlock_pt.hpp
[24.835s] -- Installing: /home/ph/treasure/dockerBENCH/helios16p_ws/install/vicon_receiver/include/boost/smart_ptr/detail/atomic_count.hpp
[24.836s] -- Installing: /home/ph/treasure/dockerBENCH/helios16p_ws/install/vicon_receiver/include/boost/smart_ptr/detail/atomic_count_pt.hpp
[24.836s] -- Installing: /home/ph/treasure/dockerBENCH/helios16p_ws/install/vicon_receiver/include/boost/smart_ptr/detail/sp_thread_pause.hpp
[24.837s] -- Installing: /home/ph/treasure/dockerBENCH/helios16p_ws/install/vicon_receiver/include/boost/smart_ptr/detail/shared_count.hpp
[24.837s] -- Installing: /home/ph/treasure/dockerBENCH/helios16p_ws/install/vicon_receiver/include/boost/smart_ptr/detail/sp_counted_base_snc_ps3.hpp
[24.838s] -- Installing: /home/ph/treasure/dockerBENCH/helios16p_ws/install/vicon_receiver/include/boost/smart_ptr/detail/lwm_std_mutex.hpp
[24.839s] -- Installing: /home/ph/treasure/dockerBENCH/helios16p_ws/install/vicon_receiver/include/boost/smart_ptr/detail/atomic_count_std_atomic.hpp
[24.839s] -- Installing: /home/ph/treasure/dockerBENCH/helios16p_ws/install/vicon_receiver/include/boost/smart_ptr/detail/sp_noexcept.hpp
[24.840s] -- Installing: /home/ph/treasure/dockerBENCH/helios16p_ws/install/vicon_receiver/include/boost/smart_ptr/detail/local_counted_base.hpp
[24.841s] -- Installing: /home/ph/treasure/dockerBENCH/helios16p_ws/install/vicon_receiver/include/boost/smart_ptr/detail/sp_counted_base_std_atomic.hpp
[24.841s] -- Installing: /home/ph/treasure/dockerBENCH/helios16p_ws/install/vicon_receiver/include/boost/smart_ptr/detail/lightweight_mutex.hpp
[24.842s] -- Installing: /home/ph/treasure/dockerBENCH/helios16p_ws/install/vicon_receiver/include/boost/smart_ptr/detail/spinlock_std_atomic.hpp
[24.843s] -- Installing: /home/ph/treasure/dockerBENCH/helios16p_ws/install/vicon_receiver/include/boost/smart_ptr/detail/sp_counted_base_vacpp_ppc.hpp
[24.843s] -- Installing: /home/ph/treasure/dockerBENCH/helios16p_ws/install/vicon_receiver/include/boost/smart_ptr/detail/sp_counted_base_gcc_x86.hpp
[24.844s] -- Installing: /home/ph/treasure/dockerBENCH/helios16p_ws/install/vicon_receiver/include/boost/smart_ptr/detail/sp_counted_base_w32.hpp
[24.845s] -- Installing: /home/ph/treasure/dockerBENCH/helios16p_ws/install/vicon_receiver/include/boost/smart_ptr/detail/sp_has_sync_intrinsics.hpp
[24.845s] -- Installing: /home/ph/treasure/dockerBENCH/helios16p_ws/install/vicon_receiver/include/boost/smart_ptr/detail/sp_counted_base_sync.hpp
[24.846s] -- Installing: /home/ph/treasure/dockerBENCH/helios16p_ws/install/vicon_receiver/include/boost/smart_ptr/detail/atomic_count_spin.hpp
[24.847s] -- Installing: /home/ph/treasure/dockerBENCH/helios16p_ws/install/vicon_receiver/include/boost/smart_ptr/detail/sp_typeinfo_.hpp
[24.847s] -- Installing: /home/ph/treasure/dockerBENCH/helios16p_ws/install/vicon_receiver/include/boost/smart_ptr/detail/sp_counted_base_nt.hpp
[24.848s] -- Installing: /home/ph/treasure/dockerBENCH/helios16p_ws/install/vicon_receiver/include/boost/smart_ptr/detail/spinlock_gcc_arm.hpp
[24.849s] -- Installing: /home/ph/treasure/dockerBENCH/helios16p_ws/install/vicon_receiver/include/boost/smart_ptr/detail/sp_has_gcc_intrinsics.hpp
[24.849s] -- Installing: /home/ph/treasure/dockerBENCH/helios16p_ws/install/vicon_receiver/include/boost/smart_ptr/detail/spinlock_w32.hpp
[24.850s] -- Installing: /home/ph/treasure/dockerBENCH/helios16p_ws/install/vicon_receiver/include/boost/smart_ptr/detail/lwm_pthreads.hpp
[24.851s] -- Installing: /home/ph/treasure/dockerBENCH/helios16p_ws/install/vicon_receiver/include/boost/smart_ptr/detail/sp_counted_base_cw_ppc.hpp
[24.851s] -- Installing: /home/ph/treasure/dockerBENCH/helios16p_ws/install/vicon_receiver/include/boost/smart_ptr/detail/atomic_count_win32.hpp
[24.852s] -- Installing: /home/ph/treasure/dockerBENCH/helios16p_ws/install/vicon_receiver/include/boost/smart_ptr/detail/sp_counted_base_pt.hpp
[24.852s] -- Installing: /home/ph/treasure/dockerBENCH/helios16p_ws/install/vicon_receiver/include/boost/smart_ptr/detail/sp_interlocked.hpp
[24.853s] -- Installing: /home/ph/treasure/dockerBENCH/helios16p_ws/install/vicon_receiver/include/boost/smart_ptr/detail/sp_counted_base_gcc_atomic.hpp
[24.854s] -- Installing: /home/ph/treasure/dockerBENCH/helios16p_ws/install/vicon_receiver/include/boost/smart_ptr/detail/sp_nullptr_t.hpp
[24.854s] -- Installing: /home/ph/treasure/dockerBENCH/helios16p_ws/install/vicon_receiver/include/boost/smart_ptr/detail/sp_thread_yield.hpp
[24.855s] -- Installing: /home/ph/treasure/dockerBENCH/helios16p_ws/install/vicon_receiver/include/boost/smart_ptr/detail/atomic_count_sync.hpp
[24.856s] -- Installing: /home/ph/treasure/dockerBENCH/helios16p_ws/install/vicon_receiver/include/boost/smart_ptr/detail/quick_allocator.hpp
[24.856s] -- Installing: /home/ph/treasure/dockerBENCH/helios16p_ws/install/vicon_receiver/include/boost/smart_ptr/detail/sp_obsolete.hpp
[24.857s] -- Installing: /home/ph/treasure/dockerBENCH/helios16p_ws/install/vicon_receiver/include/boost/smart_ptr/detail/sp_counted_base_aix.hpp
[24.858s] -- Installing: /home/ph/treasure/dockerBENCH/helios16p_ws/install/vicon_receiver/include/boost/smart_ptr/detail/spinlock_gcc_atomic.hpp
[24.858s] -- Installing: /home/ph/treasure/dockerBENCH/helios16p_ws/install/vicon_receiver/include/boost/smart_ptr/detail/spinlock_nt.hpp
[24.859s] -- Installing: /home/ph/treasure/dockerBENCH/helios16p_ws/install/vicon_receiver/include/boost/smart_ptr/detail/spinlock.hpp
[24.860s] -- Installing: /home/ph/treasure/dockerBENCH/helios16p_ws/install/vicon_receiver/include/boost/smart_ptr/detail/sp_counted_base_spin.hpp
[24.861s] -- Installing: /home/ph/treasure/dockerBENCH/helios16p_ws/install/vicon_receiver/include/boost/smart_ptr/detail/atomic_count_gcc.hpp
[24.861s] -- Installing: /home/ph/treasure/dockerBENCH/helios16p_ws/install/vicon_receiver/include/boost/smart_ptr/intrusive_ref_counter.hpp
[24.862s] -- Installing: /home/ph/treasure/dockerBENCH/helios16p_ws/install/vicon_receiver/include/boost/smart_ptr/make_shared_object.hpp
[24.863s] -- Installing: /home/ph/treasure/dockerBENCH/helios16p_ws/install/vicon_receiver/include/boost/smart_ptr/make_shared.hpp
[24.864s] -- Installing: /home/ph/treasure/dockerBENCH/helios16p_ws/install/vicon_receiver/include/boost/smart_ptr/weak_ptr.hpp
[24.865s] -- Installing: /home/ph/treasure/dockerBENCH/helios16p_ws/install/vicon_receiver/include/boost/smart_ptr/allocate_shared_array.hpp
[24.866s] -- Installing: /home/ph/treasure/dockerBENCH/helios16p_ws/install/vicon_receiver/include/boost/smart_ptr/enable_shared_from_this.hpp
[24.867s] -- Installing: /home/ph/treasure/dockerBENCH/helios16p_ws/install/vicon_receiver/include/boost/smart_ptr/intrusive_ptr.hpp
[24.867s] -- Installing: /home/ph/treasure/dockerBENCH/helios16p_ws/install/vicon_receiver/include/boost/smart_ptr/make_shared_array.hpp
[24.868s] -- Installing: /home/ph/treasure/dockerBENCH/helios16p_ws/install/vicon_receiver/include/boost/smart_ptr/scoped_array.hpp
[24.869s] -- Installing: /home/ph/treasure/dockerBENCH/helios16p_ws/install/vicon_receiver/include/boost/smart_ptr/scoped_ptr.hpp
[24.870s] -- Installing: /home/ph/treasure/dockerBENCH/helios16p_ws/install/vicon_receiver/include/boost/optional
[24.870s] -- Installing: /home/ph/treasure/dockerBENCH/helios16p_ws/install/vicon_receiver/include/boost/optional/bad_optional_access.hpp
[24.871s] -- Installing: /home/ph/treasure/dockerBENCH/helios16p_ws/install/vicon_receiver/include/boost/optional/detail
[24.872s] -- Installing: /home/ph/treasure/dockerBENCH/helios16p_ws/install/vicon_receiver/include/boost/optional/detail/optional_trivially_copyable_base.hpp
[24.872s] -- Installing: /home/ph/treasure/dockerBENCH/helios16p_ws/install/vicon_receiver/include/boost/optional/detail/optional_reference_spec.hpp
[24.873s] -- Installing: /home/ph/treasure/dockerBENCH/helios16p_ws/install/vicon_receiver/include/boost/optional/detail/optional_aligned_storage.hpp
[24.874s] -- Installing: /home/ph/treasure/dockerBENCH/helios16p_ws/install/vicon_receiver/include/boost/optional/detail/optional_config.hpp
[24.874s] -- Installing: /home/ph/treasure/dockerBENCH/helios16p_ws/install/vicon_receiver/include/boost/optional/detail/optional_swap.hpp
[24.875s] -- Installing: /home/ph/treasure/dockerBENCH/helios16p_ws/install/vicon_receiver/include/boost/optional/detail/optional_relops.hpp
[24.876s] -- Installing: /home/ph/treasure/dockerBENCH/helios16p_ws/install/vicon_receiver/include/boost/optional/detail/old_optional_implementation.hpp
[24.877s] -- Installing: /home/ph/treasure/dockerBENCH/helios16p_ws/install/vicon_receiver/include/boost/optional/detail/optional_factory_support.hpp
[24.878s] -- Installing: /home/ph/treasure/dockerBENCH/helios16p_ws/install/vicon_receiver/include/boost/optional/optional.hpp
[24.879s] -- Installing: /home/ph/treasure/dockerBENCH/helios16p_ws/install/vicon_receiver/include/boost/optional/optional_fwd.hpp
[24.880s] -- Installing: /home/ph/treasure/dockerBENCH/helios16p_ws/install/vicon_receiver/include/boost/version.hpp
[24.880s] -- Installing: /home/ph/treasure/dockerBENCH/helios16p_ws/install/vicon_receiver/include/boost/static_assert.hpp
[24.881s] -- Installing: /home/ph/treasure/dockerBENCH/helios16p_ws/install/vicon_receiver/include/boost/move
[24.882s] -- Installing: /home/ph/treasure/dockerBENCH/helios16p_ws/install/vicon_receiver/include/boost/move/algo
[24.883s] -- Installing: /home/ph/treasure/dockerBENCH/helios16p_ws/install/vicon_receiver/include/boost/move/algo/detail
[24.883s] -- Installing: /home/ph/treasure/dockerBENCH/helios16p_ws/install/vicon_receiver/include/boost/move/algo/detail/merge.hpp
[24.885s] -- Installing: /home/ph/treasure/dockerBENCH/helios16p_ws/install/vicon_receiver/include/boost/move/algo/detail/set_difference.hpp
[24.886s] -- Installing: /home/ph/treasure/dockerBENCH/helios16p_ws/install/vicon_receiver/include/boost/move/algo/detail/insertion_sort.hpp
[24.886s] -- Installing: /home/ph/treasure/dockerBENCH/helios16p_ws/install/vicon_receiver/include/boost/move/algo/detail/is_sorted.hpp
[24.887s] -- Installing: /home/ph/treasure/dockerBENCH/helios16p_ws/install/vicon_receiver/include/boost/move/algo/detail/heap_sort.hpp
[24.888s] -- Installing: /home/ph/treasure/dockerBENCH/helios16p_ws/install/vicon_receiver/include/boost/move/algo/detail/basic_op.hpp
[24.889s] -- Installing: /home/ph/treasure/dockerBENCH/helios16p_ws/install/vicon_receiver/include/boost/move/algo/detail/merge_sort.hpp
[24.889s] -- Installing: /home/ph/treasure/dockerBENCH/helios16p_ws/install/vicon_receiver/include/boost/move/algo/detail/adaptive_sort_merge.hpp
[24.891s] -- Installing: /home/ph/treasure/dockerBENCH/helios16p_ws/install/vicon_receiver/include/boost/move/algo/unique.hpp
[24.892s] -- Installing: /home/ph/treasure/dockerBENCH/helios16p_ws/install/vicon_receiver/include/boost/move/algo/adaptive_merge.hpp
[24.892s] -- Installing: /home/ph/treasure/dockerBENCH/helios16p_ws/install/vicon_receiver/include/boost/move/algo/move.hpp
[24.893s] -- Installing: /home/ph/treasure/dockerBENCH/helios16p_ws/install/vicon_receiver/include/boost/move/algo/predicate.hpp
[24.894s] -- Installing: /home/ph/treasure/dockerBENCH/helios16p_ws/install/vicon_receiver/include/boost/move/core.hpp
[24.895s] -- Installing: /home/ph/treasure/dockerBENCH/helios16p_ws/install/vicon_receiver/include/boost/move/adl_move_swap.hpp
[24.896s] -- Installing: /home/ph/treasure/dockerBENCH/helios16p_ws/install/vicon_receiver/include/boost/move/detail
[24.896s] -- Installing: /home/ph/treasure/dockerBENCH/helios16p_ws/install/vicon_receiver/include/boost/move/detail/reverse_iterator.hpp
[24.897s] -- Installing: /home/ph/treasure/dockerBENCH/helios16p_ws/install/vicon_receiver/include/boost/move/detail/iterator_to_raw_pointer.hpp
[24.898s] -- Installing: /home/ph/treasure/dockerBENCH/helios16p_ws/install/vicon_receiver/include/boost/move/detail/to_raw_pointer.hpp
[24.898s] -- Installing: /home/ph/treasure/dockerBENCH/helios16p_ws/install/vicon_receiver/include/boost/move/detail/meta_utils_core.hpp
[24.899s] -- Installing: /home/ph/treasure/dockerBENCH/helios16p_ws/install/vicon_receiver/include/boost/move/detail/iterator_traits.hpp
[24.900s] -- Installing: /home/ph/treasure/dockerBENCH/helios16p_ws/install/vicon_receiver/include/boost/move/detail/type_traits.hpp
[24.902s] -- Installing: /home/ph/treasure/dockerBENCH/helios16p_ws/install/vicon_receiver/include/boost/move/detail/move_helpers.hpp
[24.903s] -- Installing: /home/ph/treasure/dockerBENCH/helios16p_ws/install/vicon_receiver/include/boost/move/detail/config_end.hpp
[24.904s] -- Installing: /home/ph/treasure/dockerBENCH/helios16p_ws/install/vicon_receiver/include/boost/move/detail/destruct_n.hpp
[24.905s] -- Installing: /home/ph/treasure/dockerBENCH/helios16p_ws/install/vicon_receiver/include/boost/move/detail/unique_ptr_meta_utils.hpp
[24.905s] -- Installing: /home/ph/treasure/dockerBENCH/helios16p_ws/install/vicon_receiver/include/boost/move/detail/std_ns_begin.hpp
[24.906s] -- Installing: /home/ph/treasure/dockerBENCH/helios16p_ws/install/vicon_receiver/include/boost/move/detail/meta_utils.hpp
[24.907s] -- Installing: /home/ph/treasure/dockerBENCH/helios16p_ws/install/vicon_receiver/include/boost/move/detail/pointer_element.hpp
[24.908s] -- Installing: /home/ph/treasure/dockerBENCH/helios16p_ws/install/vicon_receiver/include/boost/move/detail/config_begin.hpp
[24.909s] -- Installing: /home/ph/treasure/dockerBENCH/helios16p_ws/install/vicon_receiver/include/boost/move/detail/std_ns_end.hpp
[24.910s] -- Installing: /home/ph/treasure/dockerBENCH/helios16p_ws/install/vicon_receiver/include/boost/move/detail/workaround.hpp
[24.910s] -- Installing: /home/ph/treasure/dockerBENCH/helios16p_ws/install/vicon_receiver/include/boost/move/detail/fwd_macros.hpp
[24.912s] -- Installing: /home/ph/treasure/dockerBENCH/helios16p_ws/install/vicon_receiver/include/boost/move/detail/placement_new.hpp
[24.913s] -- Installing: /home/ph/treasure/dockerBENCH/helios16p_ws/install/vicon_receiver/include/boost/move/traits.hpp
[24.914s] -- Installing: /home/ph/treasure/dockerBENCH/helios16p_ws/install/vicon_receiver/include/boost/move/utility.hpp
[24.914s] -- Installing: /home/ph/treasure/dockerBENCH/helios16p_ws/install/vicon_receiver/include/boost/move/default_delete.hpp
[24.916s] -- Installing: /home/ph/treasure/dockerBENCH/helios16p_ws/install/vicon_receiver/include/boost/move/unique_ptr.hpp
[24.917s] -- Installing: /home/ph/treasure/dockerBENCH/helios16p_ws/install/vicon_receiver/include/boost/move/utility_core.hpp
[24.918s] -- Installing: /home/ph/treasure/dockerBENCH/helios16p_ws/install/vicon_receiver/include/boost/move/make_unique.hpp
[24.918s] -- Installing: /home/ph/treasure/dockerBENCH/helios16p_ws/install/vicon_receiver/include/boost/move/iterator.hpp
[24.919s] -- Installing: /home/ph/treasure/dockerBENCH/helios16p_ws/install/vicon_receiver/include/boost/function
[24.920s] -- Installing: /home/ph/treasure/dockerBENCH/helios16p_ws/install/vicon_receiver/include/boost/function/function10.hpp
[24.920s] -- Installing: /home/ph/treasure/dockerBENCH/helios16p_ws/install/vicon_receiver/include/boost/function/detail
[24.921s] -- Installing: /home/ph/treasure/dockerBENCH/helios16p_ws/install/vicon_receiver/include/boost/function/detail/prologue.hpp
[24.922s] -- Installing: /home/ph/treasure/dockerBENCH/helios16p_ws/install/vicon_receiver/include/boost/function/detail/gen_maybe_include.pl
[24.922s] -- Installing: /home/ph/treasure/dockerBENCH/helios16p_ws/install/vicon_receiver/include/boost/function/detail/function_iterate.hpp
[24.923s] -- Installing: /home/ph/treasure/dockerBENCH/helios16p_ws/install/vicon_receiver/include/boost/function/detail/maybe_include.hpp
[24.923s] -- Installing: /home/ph/treasure/dockerBENCH/helios16p_ws/install/vicon_receiver/include/boost/function/function3.hpp
[24.924s] -- Installing: /home/ph/treasure/dockerBENCH/helios16p_ws/install/vicon_receiver/include/boost/function/function2.hpp
[24.925s] -- Installing: /home/ph/treasure/dockerBENCH/helios16p_ws/install/vicon_receiver/include/boost/function/function7.hpp
[24.925s] -- Installing: /home/ph/treasure/dockerBENCH/helios16p_ws/install/vicon_receiver/include/boost/function/function9.hpp
[24.926s] -- Installing: /home/ph/treasure/dockerBENCH/helios16p_ws/install/vicon_receiver/include/boost/function/function1.hpp
[24.926s] -- Installing: /home/ph/treasure/dockerBENCH/helios16p_ws/install/vicon_receiver/include/boost/function/function6.hpp
[24.927s] -- Installing: /home/ph/treasure/dockerBENCH/helios16p_ws/install/vicon_receiver/include/boost/function/function0.hpp
[24.927s] -- Installing: /home/ph/treasure/dockerBENCH/helios16p_ws/install/vicon_receiver/include/boost/function/function_template.hpp
[24.928s] -- Installing: /home/ph/treasure/dockerBENCH/helios16p_ws/install/vicon_receiver/include/boost/function/function_fwd.hpp
[24.929s] -- Installing: /home/ph/treasure/dockerBENCH/helios16p_ws/install/vicon_receiver/include/boost/function/function4.hpp
[24.929s] -- Installing: /home/ph/treasure/dockerBENCH/helios16p_ws/install/vicon_receiver/include/boost/function/function8.hpp
[24.930s] -- Installing: /home/ph/treasure/dockerBENCH/helios16p_ws/install/vicon_receiver/include/boost/function/function_base.hpp
[24.930s] -- Installing: /home/ph/treasure/dockerBENCH/helios16p_ws/install/vicon_receiver/include/boost/function/function5.hpp
[24.934s] -- Installing: /home/ph/treasure/dockerBENCH/helios16p_ws/install/vicon_receiver/include/boost/current_function.hpp
[24.934s] -- Installing: /home/ph/treasure/dockerBENCH/helios16p_ws/install/vicon_receiver/include/boost/exception_ptr.hpp
[24.935s] -- Installing: /home/ph/treasure/dockerBENCH/helios16p_ws/install/vicon_receiver/include/boost/format.hpp
[24.935s] -- Installing: /home/ph/treasure/dockerBENCH/helios16p_ws/install/vicon_receiver/include/boost/io_fwd.hpp
[24.935s] -- Installing: /home/ph/treasure/dockerBENCH/helios16p_ws/install/vicon_receiver/include/boost/make_shared.hpp
[24.935s] -- Installing: /home/ph/treasure/dockerBENCH/helios16p_ws/install/vicon_receiver/include/boost/utility.hpp
[24.936s] -- Installing: /home/ph/treasure/dockerBENCH/helios16p_ws/install/vicon_receiver/include/boost/cerrno.hpp
[24.936s] -- Installing: /home/ph/treasure/dockerBENCH/helios16p_ws/install/vicon_receiver/include/boost/lexical_cast.hpp
[24.937s] -- Installing: /home/ph/treasure/dockerBENCH/helios16p_ws/install/vicon_receiver/include/boost/tuple
[24.937s] -- Installing: /home/ph/treasure/dockerBENCH/helios16p_ws/install/vicon_receiver/include/boost/tuple/detail
[24.938s] -- Installing: /home/ph/treasure/dockerBENCH/helios16p_ws/install/vicon_receiver/include/boost/tuple/detail/tuple_basic.hpp
[24.940s] -- Installing: /home/ph/treasure/dockerBENCH/helios16p_ws/install/vicon_receiver/include/boost/tuple/tuple.hpp
[24.940s] -- Installing: /home/ph/treasure/dockerBENCH/helios16p_ws/install/vicon_receiver/include/boost/container_hash
[24.941s] -- Installing: /home/ph/treasure/dockerBENCH/helios16p_ws/install/vicon_receiver/include/boost/container_hash/hash.hpp
[24.942s] -- Installing: /home/ph/treasure/dockerBENCH/helios16p_ws/install/vicon_receiver/include/boost/container_hash/detail
[24.943s] -- Installing: /home/ph/treasure/dockerBENCH/helios16p_ws/install/vicon_receiver/include/boost/container_hash/detail/hash_float.hpp
[24.944s] -- Installing: /home/ph/treasure/dockerBENCH/helios16p_ws/install/vicon_receiver/include/boost/container_hash/detail/float_functions.hpp
[24.944s] -- Installing: /home/ph/treasure/dockerBENCH/helios16p_ws/install/vicon_receiver/include/boost/container_hash/detail/limits.hpp
[24.945s] -- Installing: /home/ph/treasure/dockerBENCH/helios16p_ws/install/vicon_receiver/include/boost/container_hash/extensions.hpp
[24.946s] -- Installing: /home/ph/treasure/dockerBENCH/helios16p_ws/install/vicon_receiver/include/boost/container_hash/hash_fwd.hpp
[24.947s] -- Installing: /home/ph/treasure/dockerBENCH/helios16p_ws/install/vicon_receiver/include/boost/functional
[24.947s] -- Installing: /home/ph/treasure/dockerBENCH/helios16p_ws/install/vicon_receiver/include/boost/functional/hash.hpp
[24.949s] -- Installing: /home/ph/treasure/dockerBENCH/helios16p_ws/install/vicon_receiver/include/boost/functional/hash_fwd.hpp
[24.950s] -- Installing: /home/ph/treasure/dockerBENCH/helios16p_ws/install/vicon_receiver/include/boost/weak_ptr.hpp
[24.950s] -- Installing: /home/ph/treasure/dockerBENCH/helios16p_ws/install/vicon_receiver/include/boost/throw_exception.hpp
[24.951s] -- Installing: /home/ph/treasure/dockerBENCH/helios16p_ws/install/vicon_receiver/include/boost/token_iterator.hpp
[24.952s] -- Installing: /home/ph/treasure/dockerBENCH/helios16p_ws/install/vicon_receiver/include/boost/checked_delete.hpp
[24.952s] -- Installing: /home/ph/treasure/dockerBENCH/helios16p_ws/install/vicon_receiver/include/boost/integer
[24.953s] -- Installing: /home/ph/treasure/dockerBENCH/helios16p_ws/install/vicon_receiver/include/boost/integer/static_log2.hpp
[24.953s] -- Installing: /home/ph/treasure/dockerBENCH/helios16p_ws/install/vicon_receiver/include/boost/integer/common_factor_rt.hpp
[24.955s] -- Installing: /home/ph/treasure/dockerBENCH/helios16p_ws/install/vicon_receiver/include/boost/array.hpp
[24.956s] -- Installing: /home/ph/treasure/dockerBENCH/helios16p_ws/install/vicon_receiver/include/boost/format
[24.956s] -- Installing: /home/ph/treasure/dockerBENCH/helios16p_ws/install/vicon_receiver/include/boost/format/format_implementation.hpp
[24.957s] -- Installing: /home/ph/treasure/dockerBENCH/helios16p_ws/install/vicon_receiver/include/boost/format/detail
[24.958s] -- Installing: /home/ph/treasure/dockerBENCH/helios16p_ws/install/vicon_receiver/include/boost/format/detail/compat_workarounds.hpp
[24.958s] -- Installing: /home/ph/treasure/dockerBENCH/helios16p_ws/install/vicon_receiver/include/boost/format/detail/workarounds_stlport.hpp
[24.959s] -- Installing: /home/ph/treasure/dockerBENCH/helios16p_ws/install/vicon_receiver/include/boost/format/detail/unset_macros.hpp
[24.960s] -- Installing: /home/ph/treasure/dockerBENCH/helios16p_ws/install/vicon_receiver/include/boost/format/detail/config_macros.hpp
[24.961s] -- Installing: /home/ph/treasure/dockerBENCH/helios16p_ws/install/vicon_receiver/include/boost/format/detail/msvc_disambiguater.hpp
[24.962s] -- Installing: /home/ph/treasure/dockerBENCH/helios16p_ws/install/vicon_receiver/include/boost/format/detail/workarounds_gcc-2_95.hpp
[24.963s] -- Installing: /home/ph/treasure/dockerBENCH/helios16p_ws/install/vicon_receiver/include/boost/format/parsing.hpp
[24.963s] -- Installing: /home/ph/treasure/dockerBENCH/helios16p_ws/install/vicon_receiver/include/boost/format/alt_sstream_impl.hpp
[24.965s] -- Installing: /home/ph/treasure/dockerBENCH/helios16p_ws/install/vicon_receiver/include/boost/format/internals.hpp
[24.967s] -- Installing: /home/ph/treasure/dockerBENCH/helios16p_ws/install/vicon_receiver/include/boost/format/format_fwd.hpp
[24.967s] -- Installing: /home/ph/treasure/dockerBENCH/helios16p_ws/install/vicon_receiver/include/boost/format/alt_sstream.hpp
[24.968s] -- Installing: /home/ph/treasure/dockerBENCH/helios16p_ws/install/vicon_receiver/include/boost/format/group.hpp
[24.968s] -- Installing: /home/ph/treasure/dockerBENCH/helios16p_ws/install/vicon_receiver/include/boost/format/exceptions.hpp
[24.969s] -- Installing: /home/ph/treasure/dockerBENCH/helios16p_ws/install/vicon_receiver/include/boost/format/format_class.hpp
[24.970s] -- Installing: /home/ph/treasure/dockerBENCH/helios16p_ws/install/vicon_receiver/include/boost/format/feed_args.hpp
[24.971s] -- Installing: /home/ph/treasure/dockerBENCH/helios16p_ws/install/vicon_receiver/include/boost/format/free_funcs.hpp
[24.971s] -- Installing: /home/ph/treasure/dockerBENCH/helios16p_ws/install/vicon_receiver/include/boost/format/internals_fwd.hpp
[24.972s] -- Installing: /home/ph/treasure/dockerBENCH/helios16p_ws/install/vicon_receiver/include/boost/regex.hpp
[24.973s] -- Installing: /home/ph/treasure/dockerBENCH/helios16p_ws/install/vicon_receiver/include/boost/visit_each.hpp
[24.973s] -- Installing: /home/ph/treasure/dockerBENCH/helios16p_ws/install/vicon_receiver/include/boost/integer_fwd.hpp
[24.974s] -- Installing: /home/ph/treasure/dockerBENCH/helios16p_ws/install/vicon_receiver/include/boost/next_prior.hpp
[24.975s] -- Installing: /home/ph/treasure/dockerBENCH/helios16p_ws/install/vicon_receiver/include/boost/enable_shared_from_this.hpp
[24.975s] -- Installing: /home/ph/treasure/dockerBENCH/helios16p_ws/install/vicon_receiver/include/boost/bind
[24.976s] -- Installing: /home/ph/treasure/dockerBENCH/helios16p_ws/install/vicon_receiver/include/boost/bind/mem_fn_cc.hpp
[24.977s] -- Installing: /home/ph/treasure/dockerBENCH/helios16p_ws/install/vicon_receiver/include/boost/bind/mem_fn.hpp
[24.978s] -- Installing: /home/ph/treasure/dockerBENCH/helios16p_ws/install/vicon_receiver/include/boost/bind/detail
[24.978s] -- Installing: /home/ph/treasure/dockerBENCH/helios16p_ws/install/vicon_receiver/include/boost/bind/detail/result_traits.hpp
[24.979s] -- Installing: /home/ph/treasure/dockerBENCH/helios16p_ws/install/vicon_receiver/include/boost/bind/bind_cc.hpp
[24.979s] -- Installing: /home/ph/treasure/dockerBENCH/helios16p_ws/install/vicon_receiver/include/boost/bind/bind.hpp
[24.981s] -- Installing: /home/ph/treasure/dockerBENCH/helios16p_ws/install/vicon_receiver/include/boost/bind/bind_template.hpp
[24.981s] -- Installing: /home/ph/treasure/dockerBENCH/helios16p_ws/install/vicon_receiver/include/boost/bind/mem_fn_template.hpp
[24.983s] -- Installing: /home/ph/treasure/dockerBENCH/helios16p_ws/install/vicon_receiver/include/boost/bind/placeholders.hpp
[24.983s] -- Installing: /home/ph/treasure/dockerBENCH/helios16p_ws/install/vicon_receiver/include/boost/bind/bind_mf2_cc.hpp
[24.984s] -- Installing: /home/ph/treasure/dockerBENCH/helios16p_ws/install/vicon_receiver/include/boost/bind/arg.hpp
[24.984s] -- Installing: /home/ph/treasure/dockerBENCH/helios16p_ws/install/vicon_receiver/include/boost/bind/bind_mf_cc.hpp
[24.985s] -- Installing: /home/ph/treasure/dockerBENCH/helios16p_ws/install/vicon_receiver/include/boost/bind/storage.hpp
[24.986s] -- Installing: /home/ph/treasure/dockerBENCH/helios16p_ws/install/vicon_receiver/include/boost/bind/mem_fn_vw.hpp
[24.987s] -- Installing: /home/ph/treasure/dockerBENCH/helios16p_ws/install/vicon_receiver/include/boost/range
[24.987s] -- Installing: /home/ph/treasure/dockerBENCH/helios16p_ws/install/vicon_receiver/include/boost/range/empty.hpp
[24.988s] -- Installing: /home/ph/treasure/dockerBENCH/helios16p_ws/install/vicon_receiver/include/boost/range/reverse_iterator.hpp
[24.988s] -- Installing: /home/ph/treasure/dockerBENCH/helios16p_ws/install/vicon_receiver/include/boost/range/algorithm
[24.989s] -- Installing: /home/ph/treasure/dockerBENCH/helios16p_ws/install/vicon_receiver/include/boost/range/algorithm/equal.hpp
[24.990s] -- Installing: /home/ph/treasure/dockerBENCH/helios16p_ws/install/vicon_receiver/include/boost/range/iterator_range_io.hpp
[24.990s] -- Installing: /home/ph/treasure/dockerBENCH/helios16p_ws/install/vicon_receiver/include/boost/range/distance.hpp
[24.991s] -- Installing: /home/ph/treasure/dockerBENCH/helios16p_ws/install/vicon_receiver/include/boost/range/detail
[24.991s] -- Installing: /home/ph/treasure/dockerBENCH/helios16p_ws/install/vicon_receiver/include/boost/range/detail/common.hpp
[24.992s] -- Installing: /home/ph/treasure/dockerBENCH/helios16p_ws/install/vicon_receiver/include/boost/range/detail/safe_bool.hpp
[24.993s] -- Installing: /home/ph/treasure/dockerBENCH/helios16p_ws/install/vicon_receiver/include/boost/range/detail/misc_concept.hpp
[24.993s] -- Installing: /home/ph/treasure/dockerBENCH/helios16p_ws/install/vicon_receiver/include/boost/range/detail/combine_cxx03.hpp
[24.994s] -- Installing: /home/ph/treasure/dockerBENCH/helios16p_ws/install/vicon_receiver/include/boost/range/detail/has_member_size.hpp
[24.995s] -- Installing: /home/ph/treasure/dockerBENCH/helios16p_ws/install/vicon_receiver/include/boost/range/detail/combine_cxx11.hpp
[24.995s] -- Installing: /home/ph/treasure/dockerBENCH/helios16p_ws/install/vicon_receiver/include/boost/range/detail/msvc_has_iterator_workaround.hpp
[24.996s] -- Installing: /home/ph/treasure/dockerBENCH/helios16p_ws/install/vicon_receiver/include/boost/range/detail/extract_optional_type.hpp
[24.996s] -- Installing: /home/ph/treasure/dockerBENCH/helios16p_ws/install/vicon_receiver/include/boost/range/detail/combine_no_rvalue.hpp
[24.997s] -- Installing: /home/ph/treasure/dockerBENCH/helios16p_ws/install/vicon_receiver/include/boost/range/detail/implementation_help.hpp
[24.998s] -- Installing: /home/ph/treasure/dockerBENCH/helios16p_ws/install/vicon_receiver/include/boost/range/detail/combine_rvalue.hpp
[24.999s] -- Installing: /home/ph/treasure/dockerBENCH/helios16p_ws/install/vicon_receiver/include/boost/range/detail/sfinae.hpp
[24.999s] -- Installing: /home/ph/treasure/dockerBENCH/helios16p_ws/install/vicon_receiver/include/boost/range/detail/str_types.hpp
[25.000s] -- Installing: /home/ph/treasure/dockerBENCH/helios16p_ws/install/vicon_receiver/include/boost/range/functions.hpp
[25.001s] -- Installing: /home/ph/treasure/dockerBENCH/helios16p_ws/install/vicon_receiver/include/boost/range/as_literal.hpp
[25.001s] -- Installing: /home/ph/treasure/dockerBENCH/helios16p_ws/install/vicon_receiver/include/boost/range/size_type.hpp
[25.002s] -- Installing: /home/ph/treasure/dockerBENCH/helios16p_ws/install/vicon_receiver/include/boost/range/begin.hpp
[25.002s] -- Installing: /home/ph/treasure/dockerBENCH/helios16p_ws/install/vicon_receiver/include/boost/range/rbegin.hpp
[25.003s] -- Installing: /home/ph/treasure/dockerBENCH/helios16p_ws/install/vicon_receiver/include/boost/range/config.hpp
[25.004s] -- Installing: /home/ph/treasure/dockerBENCH/helios16p_ws/install/vicon_receiver/include/boost/range/range_fwd.hpp
[25.004s] -- Installing: /home/ph/treasure/dockerBENCH/helios16p_ws/install/vicon_receiver/include/boost/range/has_range_iterator.hpp
[25.005s] -- Installing: /home/ph/treasure/dockerBENCH/helios16p_ws/install/vicon_receiver/include/boost/range/difference_type.hpp
[25.005s] -- Installing: /home/ph/treasure/dockerBENCH/helios16p_ws/install/vicon_receiver/include/boost/range/concepts.hpp
[25.006s] -- Installing: /home/ph/treasure/dockerBENCH/helios16p_ws/install/vicon_receiver/include/boost/range/end.hpp
[25.007s] -- Installing: /home/ph/treasure/dockerBENCH/helios16p_ws/install/vicon_receiver/include/boost/range/combine.hpp
[25.007s] -- Installing: /home/ph/treasure/dockerBENCH/helios16p_ws/install/vicon_receiver/include/boost/range/const_iterator.hpp
[25.008s] -- Installing: /home/ph/treasure/dockerBENCH/helios16p_ws/install/vicon_receiver/include/boost/range/iterator_range_core.hpp
[25.009s] -- Installing: /home/ph/treasure/dockerBENCH/helios16p_ws/install/vicon_receiver/include/boost/range/mutable_iterator.hpp
[25.009s] -- Installing: /home/ph/treasure/dockerBENCH/helios16p_ws/install/vicon_receiver/include/boost/range/value_type.hpp
[25.010s] -- Installing: /home/ph/treasure/dockerBENCH/helios16p_ws/install/vicon_receiver/include/boost/range/rend.hpp
[25.010s] -- Installing: /home/ph/treasure/dockerBENCH/helios16p_ws/install/vicon_receiver/include/boost/range/iterator_range.hpp
[25.011s] -- Installing: /home/ph/treasure/dockerBENCH/helios16p_ws/install/vicon_receiver/include/boost/range/size.hpp
[25.012s] -- Installing: /home/ph/treasure/dockerBENCH/helios16p_ws/install/vicon_receiver/include/boost/range/iterator.hpp
[25.012s] -- Installing: /home/ph/treasure/dockerBENCH/helios16p_ws/install/vicon_receiver/include/boost/math
[25.013s] -- Installing: /home/ph/treasure/dockerBENCH/helios16p_ws/install/vicon_receiver/include/boost/math/special_functions
[25.013s] -- Installing: /home/ph/treasure/dockerBENCH/helios16p_ws/install/vicon_receiver/include/boost/math/special_functions/math_fwd.hpp
[25.015s] -- Installing: /home/ph/treasure/dockerBENCH/helios16p_ws/install/vicon_receiver/include/boost/math/special_functions/detail
[25.015s] -- Installing: /home/ph/treasure/dockerBENCH/helios16p_ws/install/vicon_receiver/include/boost/math/special_functions/detail/round_fwd.hpp
[25.016s] -- Installing: /home/ph/treasure/dockerBENCH/helios16p_ws/install/vicon_receiver/include/boost/math/special_functions/detail/fp_traits.hpp
[25.017s] -- Installing: /home/ph/treasure/dockerBENCH/helios16p_ws/install/vicon_receiver/include/boost/math/special_functions/fpclassify.hpp
[25.018s] -- Installing: /home/ph/treasure/dockerBENCH/helios16p_ws/install/vicon_receiver/include/boost/math/special_functions/sign.hpp
[25.019s] -- Installing: /home/ph/treasure/dockerBENCH/helios16p_ws/install/vicon_receiver/include/boost/math/constants
[25.019s] -- Installing: /home/ph/treasure/dockerBENCH/helios16p_ws/install/vicon_receiver/include/boost/math/constants/calculate_constants.hpp
[25.020s] -- Installing: /home/ph/treasure/dockerBENCH/helios16p_ws/install/vicon_receiver/include/boost/math/constants/constants.hpp
[25.021s] -- Installing: /home/ph/treasure/dockerBENCH/helios16p_ws/install/vicon_receiver/include/boost/math/policies
[25.021s] -- Installing: /home/ph/treasure/dockerBENCH/helios16p_ws/install/vicon_receiver/include/boost/math/policies/policy.hpp
[25.023s] -- Installing: /home/ph/treasure/dockerBENCH/helios16p_ws/install/vicon_receiver/include/boost/math/tools
[25.023s] -- Installing: /home/ph/treasure/dockerBENCH/helios16p_ws/install/vicon_receiver/include/boost/math/tools/convert_from_string.hpp
[25.024s] -- Installing: /home/ph/treasure/dockerBENCH/helios16p_ws/install/vicon_receiver/include/boost/math/tools/real_cast.hpp
[25.024s] -- Installing: /home/ph/treasure/dockerBENCH/helios16p_ws/install/vicon_receiver/include/boost/math/tools/user.hpp
[25.025s] -- Installing: /home/ph/treasure/dockerBENCH/helios16p_ws/install/vicon_receiver/include/boost/math/tools/config.hpp
[25.026s] -- Installing: /home/ph/treasure/dockerBENCH/helios16p_ws/install/vicon_receiver/include/boost/math/tools/promotion.hpp
[25.027s] -- Installing: /home/ph/treasure/dockerBENCH/helios16p_ws/install/vicon_receiver/include/boost/math/tools/cxx03_warn.hpp
[25.027s] -- Installing: /home/ph/treasure/dockerBENCH/helios16p_ws/install/vicon_receiver/include/boost/math/tools/precision.hpp
[25.028s] -- Installing: /home/ph/treasure/dockerBENCH/helios16p_ws/install/vicon_receiver/include/boost/type_index.hpp
[25.029s] -- Installing: /home/ph/treasure/dockerBENCH/helios16p_ws/install/vicon_receiver/include/boost/intrusive_ptr.hpp
[25.030s] -- Installing: /home/ph/treasure/dockerBENCH/helios16p_ws/install/vicon_receiver/include/boost/none.hpp
[25.030s] -- Installing: /home/ph/treasure/dockerBENCH/helios16p_ws/install/vicon_receiver/include/boost/type_traits
[25.032s] -- Installing: /home/ph/treasure/dockerBENCH/helios16p_ws/install/vicon_receiver/include/boost/type_traits/has_trivial_move_constructor.hpp
[25.032s] -- Installing: /home/ph/treasure/dockerBENCH/helios16p_ws/install/vicon_receiver/include/boost/type_traits/remove_pointer.hpp
[25.033s] -- Installing: /home/ph/treasure/dockerBENCH/helios16p_ws/install/vicon_receiver/include/boost/type_traits/copy_cv.hpp
[25.033s] -- Installing: /home/ph/treasure/dockerBENCH/helios16p_ws/install/vicon_receiver/include/boost/type_traits/is_const.hpp
[25.034s] -- Installing: /home/ph/treasure/dockerBENCH/helios16p_ws/install/vicon_receiver/include/boost/type_traits/has_nothrow_destructor.hpp
[25.035s] -- Installing: /home/ph/treasure/dockerBENCH/helios16p_ws/install/vicon_receiver/include/boost/type_traits/add_rvalue_reference.hpp
[25.035s] -- Installing: /home/ph/treasure/dockerBENCH/helios16p_ws/install/vicon_receiver/include/boost/type_traits/composite_traits.hpp
[25.036s] -- Installing: /home/ph/treasure/dockerBENCH/helios16p_ws/install/vicon_receiver/include/boost/type_traits/detail
[25.036s] -- Installing: /home/ph/treasure/dockerBENCH/helios16p_ws/install/vicon_receiver/include/boost/type_traits/detail/is_mem_fun_pointer_tester.hpp
[25.038s] -- Installing: /home/ph/treasure/dockerBENCH/helios16p_ws/install/vicon_receiver/include/boost/type_traits/detail/composite_member_pointer_type.hpp
[25.039s] -- Installing: /home/ph/treasure/dockerBENCH/helios16p_ws/install/vicon_receiver/include/boost/type_traits/detail/is_member_function_pointer_cxx_11.hpp
[25.040s] -- Installing: /home/ph/treasure/dockerBENCH/helios16p_ws/install/vicon_receiver/include/boost/type_traits/detail/yes_no_type.hpp
[25.041s] -- Installing: /home/ph/treasure/dockerBENCH/helios16p_ws/install/vicon_receiver/include/boost/type_traits/detail/common_type_impl.hpp
[25.041s] -- Installing: /home/ph/treasure/dockerBENCH/helios16p_ws/install/vicon_receiver/include/boost/type_traits/detail/is_likely_lambda.hpp
[25.042s] -- Installing: /home/ph/treasure/dockerBENCH/helios16p_ws/install/vicon_receiver/include/boost/type_traits/detail/is_function_cxx_11.hpp
[25.043s] -- Installing: /home/ph/treasure/dockerBENCH/helios16p_ws/install/vicon_receiver/include/boost/type_traits/detail/config.hpp
[25.044s] -- Installing: /home/ph/treasure/dockerBENCH/helios16p_ws/install/vicon_receiver/include/boost/type_traits/detail/is_member_function_pointer_cxx_03.hpp
[25.044s] -- Installing: /home/ph/treasure/dockerBENCH/helios16p_ws/install/vicon_receiver/include/boost/type_traits/detail/is_function_cxx_03.hpp
[25.045s] -- Installing: /home/ph/treasure/dockerBENCH/helios16p_ws/install/vicon_receiver/include/boost/type_traits/detail/is_mem_fun_pointer_impl.hpp
[25.047s] -- Installing: /home/ph/treasure/dockerBENCH/helios16p_ws/install/vicon_receiver/include/boost/type_traits/detail/is_function_msvc10_fix.hpp
[25.047s] -- Installing: /home/ph/treasure/dockerBENCH/helios16p_ws/install/vicon_receiver/include/boost/type_traits/detail/common_arithmetic_type.hpp
[25.048s] -- Installing: /home/ph/treasure/dockerBENCH/helios16p_ws/install/vicon_receiver/include/boost/type_traits/detail/is_function_ptr_tester.hpp
[25.050s] -- Installing: /home/ph/treasure/dockerBENCH/helios16p_ws/install/vicon_receiver/include/boost/type_traits/detail/composite_pointer_type.hpp
[25.050s] -- Installing: /home/ph/treasure/dockerBENCH/helios16p_ws/install/vicon_receiver/include/boost/type_traits/detail/is_function_ptr_helper.hpp
[25.051s] -- Installing: /home/ph/treasure/dockerBENCH/helios16p_ws/install/vicon_receiver/include/boost/type_traits/detail/is_rvalue_reference_msvc10_fix.hpp
[25.052s] -- Installing: /home/ph/treasure/dockerBENCH/helios16p_ws/install/vicon_receiver/include/boost/type_traits/detail/mp_defer.hpp
[25.052s] -- Installing: /home/ph/treasure/dockerBENCH/helios16p_ws/install/vicon_receiver/include/boost/type_traits/detail/has_binary_operator.hpp
[25.053s] -- Installing: /home/ph/treasure/dockerBENCH/helios16p_ws/install/vicon_receiver/include/boost/type_traits/is_float.hpp
[25.054s] -- Installing: /home/ph/treasure/dockerBENCH/helios16p_ws/install/vicon_receiver/include/boost/type_traits/is_noncopyable.hpp
[25.054s] -- Installing: /home/ph/treasure/dockerBENCH/helios16p_ws/install/vicon_receiver/include/boost/type_traits/is_union.hpp
[25.055s] -- Installing: /home/ph/treasure/dockerBENCH/helios16p_ws/install/vicon_receiver/include/boost/type_traits/same_traits.hpp
[25.056s] -- Installing: /home/ph/treasure/dockerBENCH/helios16p_ws/install/vicon_receiver/include/boost/type_traits/has_right_shift.hpp
[25.056s] -- Installing: /home/ph/treasure/dockerBENCH/helios16p_ws/install/vicon_receiver/include/boost/type_traits/remove_extent.hpp
[25.057s] -- Installing: /home/ph/treasure/dockerBENCH/helios16p_ws/install/vicon_receiver/include/boost/type_traits/is_object.hpp
[25.058s] -- Installing: /home/ph/treasure/dockerBENCH/helios16p_ws/install/vicon_receiver/include/boost/type_traits/is_pod.hpp
[25.058s] -- Installing: /home/ph/treasure/dockerBENCH/helios16p_ws/install/vicon_receiver/include/boost/type_traits/remove_bounds.hpp
[25.059s] -- Installing: /home/ph/treasure/dockerBENCH/helios16p_ws/install/vicon_receiver/include/boost/type_traits/add_reference.hpp
[25.060s] -- Installing: /home/ph/treasure/dockerBENCH/helios16p_ws/install/vicon_receiver/include/boost/type_traits/is_unbounded_array.hpp
[25.060s] -- Installing: /home/ph/treasure/dockerBENCH/helios16p_ws/install/vicon_receiver/include/boost/type_traits/is_pointer.hpp
[25.061s] -- Installing: /home/ph/treasure/dockerBENCH/helios16p_ws/install/vicon_receiver/include/boost/type_traits/is_convertible.hpp
[25.062s] -- Installing: /home/ph/treasure/dockerBENCH/helios16p_ws/install/vicon_receiver/include/boost/type_traits/is_abstract.hpp
[25.062s] -- Installing: /home/ph/treasure/dockerBENCH/helios16p_ws/install/vicon_receiver/include/boost/type_traits/is_member_pointer.hpp
[25.063s] -- Installing: /home/ph/treasure/dockerBENCH/helios16p_ws/install/vicon_receiver/include/boost/type_traits/remove_all_extents.hpp
[25.064s] -- Installing: /home/ph/treasure/dockerBENCH/helios16p_ws/install/vicon_receiver/include/boost/type_traits/add_const.hpp
[25.065s] -- Installing: /home/ph/treasure/dockerBENCH/helios16p_ws/install/vicon_receiver/include/boost/type_traits/is_assignable.hpp
[25.066s] -- Installing: /home/ph/treasure/dockerBENCH/helios16p_ws/install/vicon_receiver/include/boost/type_traits/add_volatile.hpp
[25.066s] -- Installing: /home/ph/treasure/dockerBENCH/helios16p_ws/install/vicon_receiver/include/boost/type_traits/is_destructible.hpp
[25.067s] -- Installing: /home/ph/treasure/dockerBENCH/helios16p_ws/install/vicon_receiver/include/boost/type_traits/is_reference.hpp
[25.067s] -- Installing: /home/ph/treasure/dockerBENCH/helios16p_ws/install/vicon_receiver/include/boost/type_traits/is_class.hpp
[25.068s] -- Installing: /home/ph/treasure/dockerBENCH/helios16p_ws/install/vicon_receiver/include/boost/type_traits/is_empty.hpp
[25.068s] -- Installing: /home/ph/treasure/dockerBENCH/helios16p_ws/install/vicon_receiver/include/boost/type_traits/is_constructible.hpp
[25.069s] -- Installing: /home/ph/treasure/dockerBENCH/helios16p_ws/install/vicon_receiver/include/boost/type_traits/is_integral.hpp
[25.070s] -- Installing: /home/ph/treasure/dockerBENCH/helios16p_ws/install/vicon_receiver/include/boost/type_traits/has_left_shift.hpp
[25.070s] -- Installing: /home/ph/treasure/dockerBENCH/helios16p_ws/install/vicon_receiver/include/boost/type_traits/is_enum.hpp
[25.071s] -- Installing: /home/ph/treasure/dockerBENCH/helios16p_ws/install/vicon_receiver/include/boost/type_traits/declval.hpp
[25.071s] -- Installing: /home/ph/treasure/dockerBENCH/helios16p_ws/install/vicon_receiver/include/boost/type_traits/add_pointer.hpp
[25.072s] -- Installing: /home/ph/treasure/dockerBENCH/helios16p_ws/install/vicon_receiver/include/boost/type_traits/make_void.hpp
[25.072s] -- Installing: /home/ph/treasure/dockerBENCH/helios16p_ws/install/vicon_receiver/include/boost/type_traits/is_scalar.hpp
[25.073s] -- Installing: /home/ph/treasure/dockerBENCH/helios16p_ws/install/vicon_receiver/include/boost/type_traits/type_with_alignment.hpp
[25.074s] -- Installing: /home/ph/treasure/dockerBENCH/helios16p_ws/install/vicon_receiver/include/boost/type_traits/is_unsigned.hpp
[25.074s] -- Installing: /home/ph/treasure/dockerBENCH/helios16p_ws/install/vicon_receiver/include/boost/type_traits/add_lvalue_reference.hpp
[25.075s] -- Installing: /home/ph/treasure/dockerBENCH/helios16p_ws/install/vicon_receiver/include/boost/type_traits/has_nothrow_assign.hpp
[25.076s] -- Installing: /home/ph/treasure/dockerBENCH/helios16p_ws/install/vicon_receiver/include/boost/type_traits/aligned_storage.hpp
[25.076s] -- Installing: /home/ph/treasure/dockerBENCH/helios16p_ws/install/vicon_receiver/include/boost/type_traits/is_member_function_pointer.hpp
[25.077s] -- Installing: /home/ph/treasure/dockerBENCH/helios16p_ws/install/vicon_receiver/include/boost/type_traits/has_nothrow_copy.hpp
[25.077s] -- Installing: /home/ph/treasure/dockerBENCH/helios16p_ws/install/vicon_receiver/include/boost/type_traits/is_rvalue_reference.hpp
[25.078s] -- Installing: /home/ph/treasure/dockerBENCH/helios16p_ws/install/vicon_receiver/include/boost/type_traits/is_signed.hpp
[25.078s] -- Installing: /home/ph/treasure/dockerBENCH/helios16p_ws/install/vicon_receiver/include/boost/type_traits/remove_cv.hpp
[25.079s] -- Installing: /home/ph/treasure/dockerBENCH/helios16p_ws/install/vicon_receiver/include/boost/type_traits/remove_volatile.hpp
[25.080s] -- Installing: /home/ph/treasure/dockerBENCH/helios16p_ws/install/vicon_receiver/include/boost/type_traits/conversion_traits.hpp
[25.080s] -- Installing: /home/ph/treasure/dockerBENCH/helios16p_ws/install/vicon_receiver/include/boost/type_traits/is_volatile.hpp
[25.081s] -- Installing: /home/ph/treasure/dockerBENCH/helios16p_ws/install/vicon_receiver/include/boost/type_traits/has_trivial_move_assign.hpp
[25.082s] -- Installing: /home/ph/treasure/dockerBENCH/helios16p_ws/install/vicon_receiver/include/boost/type_traits/type_identity.hpp
[25.083s] -- Installing: /home/ph/treasure/dockerBENCH/helios16p_ws/install/vicon_receiver/include/boost/type_traits/has_nothrow_constructor.hpp
[25.083s] -- Installing: /home/ph/treasure/dockerBENCH/helios16p_ws/install/vicon_receiver/include/boost/type_traits/has_minus_assign.hpp
[25.083s] -- Installing: /home/ph/treasure/dockerBENCH/helios16p_ws/install/vicon_receiver/include/boost/type_traits/has_trivial_constructor.hpp
[25.084s] -- Installing: /home/ph/treasure/dockerBENCH/helios16p_ws/install/vicon_receiver/include/boost/type_traits/enable_if.hpp
[25.084s] -- Installing: /home/ph/treasure/dockerBENCH/helios16p_ws/install/vicon_receiver/include/boost/type_traits/integral_constant.hpp
[25.085s] -- Installing: /home/ph/treasure/dockerBENCH/helios16p_ws/install/vicon_receiver/include/boost/type_traits/has_trivial_assign.hpp
[25.086s] -- Installing: /home/ph/treasure/dockerBENCH/helios16p_ws/install/vicon_receiver/include/boost/type_traits/is_polymorphic.hpp
[25.086s] -- Installing: /home/ph/treasure/dockerBENCH/helios16p_ws/install/vicon_receiver/include/boost/type_traits/is_arithmetic.hpp
[25.087s] -- Installing: /home/ph/treasure/dockerBENCH/helios16p_ws/install/vicon_receiver/include/boost/type_traits/remove_reference.hpp
[25.087s] -- Installing: /home/ph/treasure/dockerBENCH/helios16p_ws/install/vicon_receiver/include/boost/type_traits/is_same.hpp
[25.088s] -- Installing: /home/ph/treasure/dockerBENCH/helios16p_ws/install/vicon_receiver/include/boost/type_traits/intrinsics.hpp
[25.089s] -- Installing: /home/ph/treasure/dockerBENCH/helios16p_ws/install/vicon_receiver/include/boost/type_traits/is_nothrow_move_constructible.hpp
[25.089s] -- Installing: /home/ph/treasure/dockerBENCH/helios16p_ws/install/vicon_receiver/include/boost/type_traits/is_base_and_derived.hpp
[25.090s] -- Installing: /home/ph/treasure/dockerBENCH/helios16p_ws/install/vicon_receiver/include/boost/type_traits/make_unsigned.hpp
[25.091s] -- Installing: /home/ph/treasure/dockerBENCH/helios16p_ws/install/vicon_receiver/include/boost/type_traits/is_array.hpp
[25.091s] -- Installing: /home/ph/treasure/dockerBENCH/helios16p_ws/install/vicon_receiver/include/boost/type_traits/is_function.hpp
[25.092s] -- Installing: /home/ph/treasure/dockerBENCH/helios16p_ws/install/vicon_receiver/include/boost/type_traits/extent.hpp
[25.092s] -- Installing: /home/ph/treasure/dockerBENCH/helios16p_ws/install/vicon_receiver/include/boost/type_traits/is_bounded_array.hpp
[25.093s] -- Installing: /home/ph/treasure/dockerBENCH/helios16p_ws/install/vicon_receiver/include/boost/type_traits/is_complete.hpp
[25.094s] -- Installing: /home/ph/treasure/dockerBENCH/helios16p_ws/install/vicon_receiver/include/boost/type_traits/has_plus_assign.hpp
[25.094s] -- Installing: /home/ph/treasure/dockerBENCH/helios16p_ws/install/vicon_receiver/include/boost/type_traits/remove_cv_ref.hpp
[25.095s] -- Installing: /home/ph/treasure/dockerBENCH/helios16p_ws/install/vicon_receiver/include/boost/type_traits/has_minus.hpp
[25.096s] -- Installing: /home/ph/treasure/dockerBENCH/helios16p_ws/install/vicon_receiver/include/boost/type_traits/cv_traits.hpp
[25.096s] -- Installing: /home/ph/treasure/dockerBENCH/helios16p_ws/install/vicon_receiver/include/boost/type_traits/conditional.hpp
[25.097s] -- Installing: /home/ph/treasure/dockerBENCH/helios16p_ws/install/vicon_receiver/include/boost/type_traits/has_plus.hpp
[25.097s] -- Installing: /home/ph/treasure/dockerBENCH/helios16p_ws/install/vicon_receiver/include/boost/type_traits/is_lvalue_reference.hpp
[25.098s] -- Installing: /home/ph/treasure/dockerBENCH/helios16p_ws/install/vicon_receiver/include/boost/type_traits/remove_const.hpp
[25.099s] -- Installing: /home/ph/treasure/dockerBENCH/helios16p_ws/install/vicon_receiver/include/boost/type_traits/is_nothrow_move_assignable.hpp
[25.100s] -- Installing: /home/ph/treasure/dockerBENCH/helios16p_ws/install/vicon_receiver/include/boost/type_traits/function_traits.hpp
[25.100s] -- Installing: /home/ph/treasure/dockerBENCH/helios16p_ws/install/vicon_receiver/include/boost/type_traits/add_cv.hpp
[25.101s] -- Installing: /home/ph/treasure/dockerBENCH/helios16p_ws/install/vicon_receiver/include/boost/type_traits/is_fundamental.hpp
[25.101s] -- Installing: /home/ph/treasure/dockerBENCH/helios16p_ws/install/vicon_receiver/include/boost/type_traits/is_copy_constructible.hpp
[25.102s] -- Installing: /home/ph/treasure/dockerBENCH/helios16p_ws/install/vicon_receiver/include/boost/type_traits/is_floating_point.hpp
[25.103s] -- Installing: /home/ph/treasure/dockerBENCH/helios16p_ws/install/vicon_receiver/include/boost/type_traits/has_trivial_destructor.hpp
[25.103s] -- Installing: /home/ph/treasure/dockerBENCH/helios16p_ws/install/vicon_receiver/include/boost/type_traits/is_base_of.hpp
[25.104s] -- Installing: /home/ph/treasure/dockerBENCH/helios16p_ws/install/vicon_receiver/include/boost/type_traits/common_type.hpp
[25.104s] -- Installing: /home/ph/treasure/dockerBENCH/helios16p_ws/install/vicon_receiver/include/boost/type_traits/make_signed.hpp
[25.105s] -- Installing: /home/ph/treasure/dockerBENCH/helios16p_ws/install/vicon_receiver/include/boost/type_traits/alignment_of.hpp
[25.105s] -- Installing: /home/ph/treasure/dockerBENCH/helios16p_ws/install/vicon_receiver/include/boost/type_traits/is_default_constructible.hpp
[25.106s] -- Installing: /home/ph/treasure/dockerBENCH/helios16p_ws/install/vicon_receiver/include/boost/type_traits/is_void.hpp
[25.107s] -- Installing: /home/ph/treasure/dockerBENCH/helios16p_ws/install/vicon_receiver/include/boost/type_traits/has_trivial_copy.hpp
[25.108s] -- Installing: /home/ph/treasure/dockerBENCH/helios16p_ws/install/vicon_receiver/include/boost/type_traits/decay.hpp
[25.108s] -- Installing: /home/ph/treasure/dockerBENCH/helios16p_ws/install/vicon_receiver/include/boost/system
[25.109s] -- Installing: /home/ph/treasure/dockerBENCH/helios16p_ws/install/vicon_receiver/include/boost/system/error_code.hpp
[25.109s] -- Installing: /home/ph/treasure/dockerBENCH/helios16p_ws/install/vicon_receiver/include/boost/system/detail
[25.110s] -- Installing: /home/ph/treasure/dockerBENCH/helios16p_ws/install/vicon_receiver/include/boost/system/detail/error_code.hpp
[25.110s] -- Installing: /home/ph/treasure/dockerBENCH/helios16p_ws/install/vicon_receiver/include/boost/system/detail/error_category_impl.hpp
[25.111s] -- Installing: /home/ph/treasure/dockerBENCH/helios16p_ws/install/vicon_receiver/include/boost/system/detail/generic_category_message.hpp
[25.112s] -- Installing: /home/ph/treasure/dockerBENCH/helios16p_ws/install/vicon_receiver/include/boost/system/detail/system_category_condition_win32.hpp
[25.112s] -- Installing: /home/ph/treasure/dockerBENCH/helios16p_ws/install/vicon_receiver/include/boost/system/detail/error_condition.hpp
[25.113s] -- Installing: /home/ph/treasure/dockerBENCH/helios16p_ws/install/vicon_receiver/include/boost/system/detail/config.hpp
[25.114s] -- Installing: /home/ph/treasure/dockerBENCH/helios16p_ws/install/vicon_receiver/include/boost/system/detail/errc.hpp
[25.115s] -- Installing: /home/ph/treasure/dockerBENCH/helios16p_ws/install/vicon_receiver/include/boost/system/detail/error_category.hpp
[25.116s] -- Installing: /home/ph/treasure/dockerBENCH/helios16p_ws/install/vicon_receiver/include/boost/system/detail/cerrno.hpp
[25.116s] -- Installing: /home/ph/treasure/dockerBENCH/helios16p_ws/install/vicon_receiver/include/boost/system/detail/system_category_message_win32.hpp
[25.117s] -- Installing: /home/ph/treasure/dockerBENCH/helios16p_ws/install/vicon_receiver/include/boost/system/detail/enable_if.hpp
[25.118s] -- Installing: /home/ph/treasure/dockerBENCH/helios16p_ws/install/vicon_receiver/include/boost/system/detail/is_generic_value.hpp
[25.118s] -- Installing: /home/ph/treasure/dockerBENCH/helios16p_ws/install/vicon_receiver/include/boost/system/detail/generic_category.hpp
[25.119s] -- Installing: /home/ph/treasure/dockerBENCH/helios16p_ws/install/vicon_receiver/include/boost/system/detail/throws.hpp
[25.120s] -- Installing: /home/ph/treasure/dockerBENCH/helios16p_ws/install/vicon_receiver/include/boost/system/detail/to_std_category.hpp
[25.121s] -- Installing: /home/ph/treasure/dockerBENCH/helios16p_ws/install/vicon_receiver/include/boost/system/detail/system_category_impl.hpp
[25.121s] -- Installing: /home/ph/treasure/dockerBENCH/helios16p_ws/install/vicon_receiver/include/boost/system/detail/system_category.hpp
[25.122s] -- Installing: /home/ph/treasure/dockerBENCH/helios16p_ws/install/vicon_receiver/include/boost/system/system_error.hpp
[25.122s] -- Installing: /home/ph/treasure/dockerBENCH/helios16p_ws/install/vicon_receiver/include/boost/system/error_condition.hpp
[25.123s] -- Installing: /home/ph/treasure/dockerBENCH/helios16p_ws/install/vicon_receiver/include/boost/system/config.hpp
[25.124s] -- Installing: /home/ph/treasure/dockerBENCH/helios16p_ws/install/vicon_receiver/include/boost/system/errc.hpp
[25.124s] -- Installing: /home/ph/treasure/dockerBENCH/helios16p_ws/install/vicon_receiver/include/boost/system/is_error_code_enum.hpp
[25.125s] -- Installing: /home/ph/treasure/dockerBENCH/helios16p_ws/install/vicon_receiver/include/boost/system/error_category.hpp
[25.126s] -- Installing: /home/ph/treasure/dockerBENCH/helios16p_ws/install/vicon_receiver/include/boost/system/generic_category.hpp
[25.126s] -- Installing: /home/ph/treasure/dockerBENCH/helios16p_ws/install/vicon_receiver/include/boost/system/api_config.hpp
[25.127s] -- Installing: /home/ph/treasure/dockerBENCH/helios16p_ws/install/vicon_receiver/include/boost/system/system_category.hpp
[25.128s] -- Installing: /home/ph/treasure/dockerBENCH/helios16p_ws/install/vicon_receiver/include/boost/system/is_error_condition_enum.hpp
[25.129s] -- Installing: /home/ph/treasure/dockerBENCH/helios16p_ws/install/vicon_receiver/include/boost/intrusive
[25.129s] -- Installing: /home/ph/treasure/dockerBENCH/helios16p_ws/install/vicon_receiver/include/boost/intrusive/slist_hook.hpp
[25.130s] -- Installing: /home/ph/treasure/dockerBENCH/helios16p_ws/install/vicon_receiver/include/boost/intrusive/detail
[25.131s] -- Installing: /home/ph/treasure/dockerBENCH/helios16p_ws/install/vicon_receiver/include/boost/intrusive/detail/reverse_iterator.hpp
[25.135s] -- Installing: /home/ph/treasure/dockerBENCH/helios16p_ws/install/vicon_receiver/include/boost/intrusive/detail/algorithm.hpp
[25.135s] -- Installing: /home/ph/treasure/dockerBENCH/helios16p_ws/install/vicon_receiver/include/boost/intrusive/detail/size_holder.hpp
[25.135s] -- Installing: /home/ph/treasure/dockerBENCH/helios16p_ws/install/vicon_receiver/include/boost/intrusive/detail/generic_hook.hpp
[25.135s] -- Installing: /home/ph/treasure/dockerBENCH/helios16p_ws/install/vicon_receiver/include/boost/intrusive/detail/exception_disposer.hpp
[25.136s] -- Installing: /home/ph/treasure/dockerBENCH/helios16p_ws/install/vicon_receiver/include/boost/intrusive/detail/algo_type.hpp
[25.136s] -- Installing: /home/ph/treasure/dockerBENCH/helios16p_ws/install/vicon_receiver/include/boost/intrusive/detail/slist_node.hpp
[25.137s] -- Installing: /home/ph/treasure/dockerBENCH/helios16p_ws/install/vicon_receiver/include/boost/intrusive/detail/array_initializer.hpp
[25.138s] -- Installing: /home/ph/treasure/dockerBENCH/helios16p_ws/install/vicon_receiver/include/boost/intrusive/detail/get_value_traits.hpp
[25.139s] -- Installing: /home/ph/treasure/dockerBENCH/helios16p_ws/install/vicon_receiver/include/boost/intrusive/detail/uncast.hpp
[25.140s] -- Installing: /home/ph/treasure/dockerBENCH/helios16p_ws/install/vicon_receiver/include/boost/intrusive/detail/has_member_function_callable_with.hpp
[25.141s] -- Installing: /home/ph/treasure/dockerBENCH/helios16p_ws/install/vicon_receiver/include/boost/intrusive/detail/config_end.hpp
[25.142s] -- Installing: /home/ph/treasure/dockerBENCH/helios16p_ws/install/vicon_receiver/include/boost/intrusive/detail/slist_iterator.hpp
[25.143s] -- Installing: /home/ph/treasure/dockerBENCH/helios16p_ws/install/vicon_receiver/include/boost/intrusive/detail/list_node.hpp
[25.144s] -- Installing: /home/ph/treasure/dockerBENCH/helios16p_ws/install/vicon_receiver/include/boost/intrusive/detail/list_iterator.hpp
[25.144s] -- Installing: /home/ph/treasure/dockerBENCH/helios16p_ws/install/vicon_receiver/include/boost/intrusive/detail/assert.hpp
[25.145s] -- Installing: /home/ph/treasure/dockerBENCH/helios16p_ws/install/vicon_receiver/include/boost/intrusive/detail/is_stateful_value_traits.hpp
[25.146s] -- Installing: /home/ph/treasure/dockerBENCH/helios16p_ws/install/vicon_receiver/include/boost/intrusive/detail/std_fwd.hpp
[25.147s] -- Installing: /home/ph/treasure/dockerBENCH/helios16p_ws/install/vicon_receiver/include/boost/intrusive/detail/ebo_functor_holder.hpp
[25.148s] -- Installing: /home/ph/treasure/dockerBENCH/helios16p_ws/install/vicon_receiver/include/boost/intrusive/detail/function_detector.hpp
[25.148s] -- Installing: /home/ph/treasure/dockerBENCH/helios16p_ws/install/vicon_receiver/include/boost/intrusive/detail/node_holder.hpp
[25.149s] -- Installing: /home/ph/treasure/dockerBENCH/helios16p_ws/install/vicon_receiver/include/boost/intrusive/detail/equal_to_value.hpp
[25.150s] -- Installing: /home/ph/treasure/dockerBENCH/helios16p_ws/install/vicon_receiver/include/boost/intrusive/detail/minimal_less_equal_header.hpp
[25.151s] -- Installing: /home/ph/treasure/dockerBENCH/helios16p_ws/install/vicon_receiver/include/boost/intrusive/detail/parent_from_member.hpp
[25.152s] -- Installing: /home/ph/treasure/dockerBENCH/helios16p_ws/install/vicon_receiver/include/boost/intrusive/detail/simple_disposers.hpp
[25.153s] -- Installing: /home/ph/treasure/dockerBENCH/helios16p_ws/install/vicon_receiver/include/boost/intrusive/detail/config_begin.hpp
[25.153s] -- Installing: /home/ph/treasure/dockerBENCH/helios16p_ws/install/vicon_receiver/include/boost/intrusive/detail/mpl.hpp
[25.154s] -- Installing: /home/ph/treasure/dockerBENCH/helios16p_ws/install/vicon_receiver/include/boost/intrusive/detail/tree_value_compare.hpp
[25.155s] -- Installing: /home/ph/treasure/dockerBENCH/helios16p_ws/install/vicon_receiver/include/boost/intrusive/detail/default_header_holder.hpp
[25.156s] -- Installing: /home/ph/treasure/dockerBENCH/helios16p_ws/install/vicon_receiver/include/boost/intrusive/detail/iiterator.hpp
[25.157s] -- Installing: /home/ph/treasure/dockerBENCH/helios16p_ws/install/vicon_receiver/include/boost/intrusive/detail/key_nodeptr_comp.hpp
[25.158s] -- Installing: /home/ph/treasure/dockerBENCH/helios16p_ws/install/vicon_receiver/include/boost/intrusive/detail/minimal_pair_header.hpp
[25.158s] -- Installing: /home/ph/treasure/dockerBENCH/helios16p_ws/install/vicon_receiver/include/boost/intrusive/detail/workaround.hpp
[25.159s] -- Installing: /home/ph/treasure/dockerBENCH/helios16p_ws/install/vicon_receiver/include/boost/intrusive/detail/common_slist_algorithms.hpp
[25.160s] -- Installing: /home/ph/treasure/dockerBENCH/helios16p_ws/install/vicon_receiver/include/boost/intrusive/detail/iterator.hpp
[25.161s] -- Installing: /home/ph/treasure/dockerBENCH/helios16p_ws/install/vicon_receiver/include/boost/intrusive/detail/hook_traits.hpp
[25.162s] -- Installing: /home/ph/treasure/dockerBENCH/helios16p_ws/install/vicon_receiver/include/boost/intrusive/pointer_rebind.hpp
[25.162s] -- Installing: /home/ph/treasure/dockerBENCH/helios16p_ws/install/vicon_receiver/include/boost/intrusive/slist.hpp
[25.164s] -- Installing: /home/ph/treasure/dockerBENCH/helios16p_ws/install/vicon_receiver/include/boost/intrusive/list_hook.hpp
[25.165s] -- Installing: /home/ph/treasure/dockerBENCH/helios16p_ws/install/vicon_receiver/include/boost/intrusive/intrusive_fwd.hpp
[25.167s] -- Installing: /home/ph/treasure/dockerBENCH/helios16p_ws/install/vicon_receiver/include/boost/intrusive/list.hpp
[25.168s] -- Installing: /home/ph/treasure/dockerBENCH/helios16p_ws/install/vicon_receiver/include/boost/intrusive/circular_slist_algorithms.hpp
[25.168s] -- Installing: /home/ph/treasure/dockerBENCH/helios16p_ws/install/vicon_receiver/include/boost/intrusive/circular_list_algorithms.hpp
[25.169s] -- Installing: /home/ph/treasure/dockerBENCH/helios16p_ws/install/vicon_receiver/include/boost/intrusive/linear_slist_algorithms.hpp
[25.170s] -- Installing: /home/ph/treasure/dockerBENCH/helios16p_ws/install/vicon_receiver/include/boost/intrusive/pack_options.hpp
[25.171s] -- Installing: /home/ph/treasure/dockerBENCH/helios16p_ws/install/vicon_receiver/include/boost/intrusive/options.hpp
[25.171s] -- Installing: /home/ph/treasure/dockerBENCH/helios16p_ws/install/vicon_receiver/include/boost/intrusive/link_mode.hpp
[25.172s] -- Installing: /home/ph/treasure/dockerBENCH/helios16p_ws/install/vicon_receiver/include/boost/intrusive/pointer_traits.hpp
[25.173s] -- Installing: /home/ph/treasure/dockerBENCH/helios16p_ws/install/vicon_receiver/include/boost/scoped_array.hpp
[25.173s] -- Installing: /home/ph/treasure/dockerBENCH/helios16p_ws/install/vicon_receiver/include/boost/scoped_ptr.hpp
[25.174s] -- Installing: /home/ph/treasure/dockerBENCH/helios16p_ws/install/vicon_receiver/include/boost/token_functions.hpp
[25.176s] -- Installing: /home/ph/treasure/dockerBENCH/helios16p_ws/install/vicon_receiver/include/boost/assert
[25.176s] -- Installing: /home/ph/treasure/dockerBENCH/helios16p_ws/install/vicon_receiver/include/boost/assert/source_location.hpp
[25.177s] -- Installing: /home/ph/treasure/dockerBENCH/helios16p_ws/install/vicon_receiver/include/boost/concept
[25.178s] -- Installing: /home/ph/treasure/dockerBENCH/helios16p_ws/install/vicon_receiver/include/boost/concept/detail
[25.178s] -- Installing: /home/ph/treasure/dockerBENCH/helios16p_ws/install/vicon_receiver/include/boost/concept/detail/concept_def.hpp
[25.179s] -- Installing: /home/ph/treasure/dockerBENCH/helios16p_ws/install/vicon_receiver/include/boost/concept/detail/borland.hpp
[25.180s] -- Installing: /home/ph/treasure/dockerBENCH/helios16p_ws/install/vicon_receiver/include/boost/concept/detail/msvc.hpp
[25.181s] -- Installing: /home/ph/treasure/dockerBENCH/helios16p_ws/install/vicon_receiver/include/boost/concept/detail/has_constraints.hpp
[25.182s] -- Installing: /home/ph/treasure/dockerBENCH/helios16p_ws/install/vicon_receiver/include/boost/concept/detail/backward_compatibility.hpp
[25.182s] -- Installing: /home/ph/treasure/dockerBENCH/helios16p_ws/install/vicon_receiver/include/boost/concept/detail/concept_undef.hpp
[25.183s] -- Installing: /home/ph/treasure/dockerBENCH/helios16p_ws/install/vicon_receiver/include/boost/concept/detail/general.hpp
[25.184s] -- Installing: /home/ph/treasure/dockerBENCH/helios16p_ws/install/vicon_receiver/include/boost/concept/usage.hpp
[25.185s] -- Installing: /home/ph/treasure/dockerBENCH/helios16p_ws/install/vicon_receiver/include/boost/concept/assert.hpp
[25.185s] -- Installing: /home/ph/treasure/dockerBENCH/helios16p_ws/install/vicon_receiver/include/boost/integer.hpp
[25.186s] -- Installing: /home/ph/treasure/dockerBENCH/helios16p_ws/install/vicon_receiver/include/boost/limits.hpp
[25.187s] -- Installing: /home/ph/treasure/dockerBENCH/helios16p_ws/install/vicon_receiver/include/boost/memory_order.hpp
[25.188s] -- Installing: /home/ph/treasure/dockerBENCH/helios16p_ws/install/vicon_receiver/include/boost/numeric
[25.188s] -- Installing: /home/ph/treasure/dockerBENCH/helios16p_ws/install/vicon_receiver/include/boost/numeric/conversion
[25.189s] -- Installing: /home/ph/treasure/dockerBENCH/helios16p_ws/install/vicon_receiver/include/boost/numeric/conversion/numeric_cast_traits.hpp
[25.189s] -- Installing: /home/ph/treasure/dockerBENCH/helios16p_ws/install/vicon_receiver/include/boost/numeric/conversion/detail
[25.190s] -- Installing: /home/ph/treasure/dockerBENCH/helios16p_ws/install/vicon_receiver/include/boost/numeric/conversion/detail/numeric_cast_traits.hpp
[25.191s] -- Installing: /home/ph/treasure/dockerBENCH/helios16p_ws/install/vicon_receiver/include/boost/numeric/conversion/detail/sign_mixture.hpp
[25.191s] -- Installing: /home/ph/treasure/dockerBENCH/helios16p_ws/install/vicon_receiver/include/boost/numeric/conversion/detail/int_float_mixture.hpp
[25.192s] -- Installing: /home/ph/treasure/dockerBENCH/helios16p_ws/install/vicon_receiver/include/boost/numeric/conversion/detail/old_numeric_cast.hpp
[25.192s] -- Installing: /home/ph/treasure/dockerBENCH/helios16p_ws/install/vicon_receiver/include/boost/numeric/conversion/detail/bounds.hpp
[25.193s] -- Installing: /home/ph/treasure/dockerBENCH/helios16p_ws/install/vicon_receiver/include/boost/numeric/conversion/detail/converter.hpp
[25.193s] -- Installing: /home/ph/treasure/dockerBENCH/helios16p_ws/install/vicon_receiver/include/boost/numeric/conversion/detail/meta.hpp
[25.194s] -- Installing: /home/ph/treasure/dockerBENCH/helios16p_ws/install/vicon_receiver/include/boost/numeric/conversion/detail/preprocessed
[25.194s] -- Installing: /home/ph/treasure/dockerBENCH/helios16p_ws/install/vicon_receiver/include/boost/numeric/conversion/detail/preprocessed/numeric_cast_traits_long_long.hpp
[25.195s] -- Installing: /home/ph/treasure/dockerBENCH/helios16p_ws/install/vicon_receiver/include/boost/numeric/conversion/detail/preprocessed/numeric_cast_traits_common.hpp
[25.196s] -- Installing: /home/ph/treasure/dockerBENCH/helios16p_ws/install/vicon_receiver/include/boost/numeric/conversion/detail/conversion_traits.hpp
[25.197s] -- Installing: /home/ph/treasure/dockerBENCH/helios16p_ws/install/vicon_receiver/include/boost/numeric/conversion/detail/is_subranged.hpp
[25.197s] -- Installing: /home/ph/treasure/dockerBENCH/helios16p_ws/install/vicon_receiver/include/boost/numeric/conversion/detail/udt_builtin_mixture.hpp
[25.198s] -- Installing: /home/ph/treasure/dockerBENCH/helios16p_ws/install/vicon_receiver/include/boost/numeric/conversion/bounds.hpp
[25.199s] -- Installing: /home/ph/treasure/dockerBENCH/helios16p_ws/install/vicon_receiver/include/boost/numeric/conversion/converter.hpp
[25.200s] -- Installing: /home/ph/treasure/dockerBENCH/helios16p_ws/install/vicon_receiver/include/boost/numeric/conversion/udt_builtin_mixture_enum.hpp
[25.200s] -- Installing: /home/ph/treasure/dockerBENCH/helios16p_ws/install/vicon_receiver/include/boost/numeric/conversion/int_float_mixture_enum.hpp
[25.201s] -- Installing: /home/ph/treasure/dockerBENCH/helios16p_ws/install/vicon_receiver/include/boost/numeric/conversion/conversion_traits.hpp
[25.201s] -- Installing: /home/ph/treasure/dockerBENCH/helios16p_ws/install/vicon_receiver/include/boost/numeric/conversion/sign_mixture_enum.hpp
[25.202s] -- Installing: /home/ph/treasure/dockerBENCH/helios16p_ws/install/vicon_receiver/include/boost/numeric/conversion/cast.hpp
[25.203s] -- Installing: /home/ph/treasure/dockerBENCH/helios16p_ws/install/vicon_receiver/include/boost/numeric/conversion/converter_policies.hpp
[25.203s] -- Installing: /home/ph/treasure/dockerBENCH/helios16p_ws/install/vicon_receiver/include/boost/predef
[25.204s] -- Installing: /home/ph/treasure/dockerBENCH/helios16p_ws/install/vicon_receiver/include/boost/predef/hardware.h
[25.204s] -- Installing: /home/ph/treasure/dockerBENCH/helios16p_ws/install/vicon_receiver/include/boost/predef/hardware
[25.205s] -- Installing: /home/ph/treasure/dockerBENCH/helios16p_ws/install/vicon_receiver/include/boost/predef/hardware/simd
[25.206s] -- Installing: /home/ph/treasure/dockerBENCH/helios16p_ws/install/vicon_receiver/include/boost/predef/hardware/simd/ppc.h
[25.206s] -- Installing: /home/ph/treasure/dockerBENCH/helios16p_ws/install/vicon_receiver/include/boost/predef/hardware/simd/x86_amd
[25.207s] -- Installing: /home/ph/treasure/dockerBENCH/helios16p_ws/install/vicon_receiver/include/boost/predef/hardware/simd/x86_amd/versions.h
[25.208s] -- Installing: /home/ph/treasure/dockerBENCH/helios16p_ws/install/vicon_receiver/include/boost/predef/hardware/simd/arm.h
[25.208s] -- Installing: /home/ph/treasure/dockerBENCH/helios16p_ws/install/vicon_receiver/include/boost/predef/hardware/simd/x86
[25.209s] -- Installing: /home/ph/treasure/dockerBENCH/helios16p_ws/install/vicon_receiver/include/boost/predef/hardware/simd/x86/versions.h
[25.209s] -- Installing: /home/ph/treasure/dockerBENCH/helios16p_ws/install/vicon_receiver/include/boost/predef/hardware/simd/x86.h
[25.210s] -- Installing: /home/ph/treasure/dockerBENCH/helios16p_ws/install/vicon_receiver/include/boost/predef/hardware/simd/x86_amd.h
[25.211s] -- Installing: /home/ph/treasure/dockerBENCH/helios16p_ws/install/vicon_receiver/include/boost/predef/hardware/simd/ppc
[25.211s] -- Installing: /home/ph/treasure/dockerBENCH/helios16p_ws/install/vicon_receiver/include/boost/predef/hardware/simd/ppc/versions.h
[25.212s] -- Installing: /home/ph/treasure/dockerBENCH/helios16p_ws/install/vicon_receiver/include/boost/predef/hardware/simd/arm
[25.212s] -- Installing: /home/ph/treasure/dockerBENCH/helios16p_ws/install/vicon_receiver/include/boost/predef/hardware/simd/arm/versions.h
[25.213s] -- Installing: /home/ph/treasure/dockerBENCH/helios16p_ws/install/vicon_receiver/include/boost/predef/hardware/simd.h
[25.214s] -- Installing: /home/ph/treasure/dockerBENCH/helios16p_ws/install/vicon_receiver/include/boost/predef/architecture
[25.215s] -- Installing: /home/ph/treasure/dockerBENCH/helios16p_ws/install/vicon_receiver/include/boost/predef/architecture/parisc.h
[25.216s] -- Installing: /home/ph/treasure/dockerBENCH/helios16p_ws/install/vicon_receiver/include/boost/predef/architecture/superh.h
[25.216s] -- Installing: /home/ph/treasure/dockerBENCH/helios16p_ws/install/vicon_receiver/include/boost/predef/architecture/sys370.h
[25.217s] -- Installing: /home/ph/treasure/dockerBENCH/helios16p_ws/install/vicon_receiver/include/boost/predef/architecture/sparc.h
[25.218s] -- Installing: /home/ph/treasure/dockerBENCH/helios16p_ws/install/vicon_receiver/include/boost/predef/architecture/ppc.h
[25.218s] -- Installing: /home/ph/treasure/dockerBENCH/helios16p_ws/install/vicon_receiver/include/boost/predef/architecture/ptx.h
[25.219s] -- Installing: /home/ph/treasure/dockerBENCH/helios16p_ws/install/vicon_receiver/include/boost/predef/architecture/ia64.h
[25.220s] -- Installing: /home/ph/treasure/dockerBENCH/helios16p_ws/install/vicon_receiver/include/boost/predef/architecture/blackfin.h
[25.221s] -- Installing: /home/ph/treasure/dockerBENCH/helios16p_ws/install/vicon_receiver/include/boost/predef/architecture/pyramid.h
[25.221s] -- Installing: /home/ph/treasure/dockerBENCH/helios16p_ws/install/vicon_receiver/include/boost/predef/architecture/arm.h
[25.222s] -- Installing: /home/ph/treasure/dockerBENCH/helios16p_ws/install/vicon_receiver/include/boost/predef/architecture/sys390.h
[25.222s] -- Installing: /home/ph/treasure/dockerBENCH/helios16p_ws/install/vicon_receiver/include/boost/predef/architecture/rs6k.h
[25.223s] -- Installing: /home/ph/treasure/dockerBENCH/helios16p_ws/install/vicon_receiver/include/boost/predef/architecture/convex.h
[25.224s] -- Installing: /home/ph/treasure/dockerBENCH/helios16p_ws/install/vicon_receiver/include/boost/predef/architecture/mips.h
[25.224s] -- Installing: /home/ph/treasure/dockerBENCH/helios16p_ws/install/vicon_receiver/include/boost/predef/architecture/m68k.h
[25.225s] -- Installing: /home/ph/treasure/dockerBENCH/helios16p_ws/install/vicon_receiver/include/boost/predef/architecture/x86
[25.226s] -- Installing: /home/ph/treasure/dockerBENCH/helios16p_ws/install/vicon_receiver/include/boost/predef/architecture/x86/32.h
[25.226s] -- Installing: /home/ph/treasure/dockerBENCH/helios16p_ws/install/vicon_receiver/include/boost/predef/architecture/x86/64.h
[25.227s] -- Installing: /home/ph/treasure/dockerBENCH/helios16p_ws/install/vicon_receiver/include/boost/predef/architecture/x86.h
[25.228s] -- Installing: /home/ph/treasure/dockerBENCH/helios16p_ws/install/vicon_receiver/include/boost/predef/architecture/alpha.h
[25.229s] -- Installing: /home/ph/treasure/dockerBENCH/helios16p_ws/install/vicon_receiver/include/boost/predef/architecture/riscv.h
[25.229s] -- Installing: /home/ph/treasure/dockerBENCH/helios16p_ws/install/vicon_receiver/include/boost/predef/architecture/z.h
[25.230s] -- Installing: /home/ph/treasure/dockerBENCH/helios16p_ws/install/vicon_receiver/include/boost/predef/compiler
[25.231s] -- Installing: /home/ph/treasure/dockerBENCH/helios16p_ws/install/vicon_receiver/include/boost/predef/compiler/sunpro.h
[25.232s] -- Installing: /home/ph/treasure/dockerBENCH/helios16p_ws/install/vicon_receiver/include/boost/predef/compiler/metaware.h
[25.232s] -- Installing: /home/ph/treasure/dockerBENCH/helios16p_ws/install/vicon_receiver/include/boost/predef/compiler/compaq.h
[25.234s] -- Installing: /home/ph/treasure/dockerBENCH/helios16p_ws/install/vicon_receiver/include/boost/predef/compiler/visualc.h
[25.234s] -- Installing: /home/ph/treasure/dockerBENCH/helios16p_ws/install/vicon_receiver/include/boost/predef/compiler/mpw.h
[25.235s] -- Installing: /home/ph/treasure/dockerBENCH/helios16p_ws/install/vicon_receiver/include/boost/predef/compiler/gcc.h
[25.236s] -- Installing: /home/ph/treasure/dockerBENCH/helios16p_ws/install/vicon_receiver/include/boost/predef/compiler/clang.h
[25.236s] -- Installing: /home/ph/treasure/dockerBENCH/helios16p_ws/install/vicon_receiver/include/boost/predef/compiler/borland.h
[25.237s] -- Installing: /home/ph/treasure/dockerBENCH/helios16p_ws/install/vicon_receiver/include/boost/predef/compiler/greenhills.h
[25.238s] -- Installing: /home/ph/treasure/dockerBENCH/helios16p_ws/install/vicon_receiver/include/boost/predef/compiler/ibm.h
[25.239s] -- Installing: /home/ph/treasure/dockerBENCH/helios16p_ws/install/vicon_receiver/include/boost/predef/compiler/gcc_xml.h
[25.239s] -- Installing: /home/ph/treasure/dockerBENCH/helios16p_ws/install/vicon_receiver/include/boost/predef/compiler/edg.h
[25.240s] -- Installing: /home/ph/treasure/dockerBENCH/helios16p_ws/install/vicon_receiver/include/boost/predef/compiler/ekopath.h
[25.241s] -- Installing: /home/ph/treasure/dockerBENCH/helios16p_ws/install/vicon_receiver/include/boost/predef/compiler/kai.h
[25.242s] -- Installing: /home/ph/treasure/dockerBENCH/helios16p_ws/install/vicon_receiver/include/boost/predef/compiler/watcom.h
[25.242s] -- Installing: /home/ph/treasure/dockerBENCH/helios16p_ws/install/vicon_receiver/include/boost/predef/compiler/nvcc.h
[25.243s] -- Installing: /home/ph/treasure/dockerBENCH/helios16p_ws/install/vicon_receiver/include/boost/predef/compiler/sgi_mipspro.h
[25.244s] -- Installing: /home/ph/treasure/dockerBENCH/helios16p_ws/install/vicon_receiver/include/boost/predef/compiler/llvm.h
[25.245s] -- Installing: /home/ph/treasure/dockerBENCH/helios16p_ws/install/vicon_receiver/include/boost/predef/compiler/iar.h
[25.246s] -- Installing: /home/ph/treasure/dockerBENCH/helios16p_ws/install/vicon_receiver/include/boost/predef/compiler/tendra.h
[25.246s] -- Installing: /home/ph/treasure/dockerBENCH/helios16p_ws/install/vicon_receiver/include/boost/predef/compiler/palm.h
[25.247s] -- Installing: /home/ph/treasure/dockerBENCH/helios16p_ws/install/vicon_receiver/include/boost/predef/compiler/dignus.h
[25.248s] -- Installing: /home/ph/treasure/dockerBENCH/helios16p_ws/install/vicon_receiver/include/boost/predef/compiler/metrowerks.h
[25.249s] -- Installing: /home/ph/treasure/dockerBENCH/helios16p_ws/install/vicon_receiver/include/boost/predef/compiler/intel.h
[25.250s] -- Installing: /home/ph/treasure/dockerBENCH/helios16p_ws/install/vicon_receiver/include/boost/predef/compiler/hp_acc.h
[25.251s] -- Installing: /home/ph/treasure/dockerBENCH/helios16p_ws/install/vicon_receiver/include/boost/predef/compiler/microtec.h
[25.251s] -- Installing: /home/ph/treasure/dockerBENCH/helios16p_ws/install/vicon_receiver/include/boost/predef/compiler/pgi.h
[25.252s] -- Installing: /home/ph/treasure/dockerBENCH/helios16p_ws/install/vicon_receiver/include/boost/predef/compiler/digitalmars.h
[25.253s] -- Installing: /home/ph/treasure/dockerBENCH/helios16p_ws/install/vicon_receiver/include/boost/predef/compiler/comeau.h
[25.254s] -- Installing: /home/ph/treasure/dockerBENCH/helios16p_ws/install/vicon_receiver/include/boost/predef/compiler/diab.h
[25.254s] -- Installing: /home/ph/treasure/dockerBENCH/helios16p_ws/install/vicon_receiver/include/boost/predef/detail
[25.256s] -- Installing: /home/ph/treasure/dockerBENCH/helios16p_ws/install/vicon_receiver/include/boost/predef/detail/comp_detected.h
[25.257s] -- Installing: /home/ph/treasure/dockerBENCH/helios16p_ws/install/vicon_receiver/include/boost/predef/detail/_cassert.h
[25.257s] -- Installing: /home/ph/treasure/dockerBENCH/helios16p_ws/install/vicon_receiver/include/boost/predef/detail/_exception.h
[25.259s] -- Installing: /home/ph/treasure/dockerBENCH/helios16p_ws/install/vicon_receiver/include/boost/predef/detail/test.h
[25.259s] -- Installing: /home/ph/treasure/dockerBENCH/helios16p_ws/install/vicon_receiver/include/boost/predef/detail/os_detected.h
[25.260s] -- Installing: /home/ph/treasure/dockerBENCH/helios16p_ws/install/vicon_receiver/include/boost/predef/detail/platform_detected.h
[25.261s] -- Installing: /home/ph/treasure/dockerBENCH/helios16p_ws/install/vicon_receiver/include/boost/predef/make.h
[25.262s] -- Installing: /home/ph/treasure/dockerBENCH/helios16p_ws/install/vicon_receiver/include/boost/predef/architecture.h
[25.262s] -- Installing: /home/ph/treasure/dockerBENCH/helios16p_ws/install/vicon_receiver/include/boost/predef/os.h
[25.263s] -- Installing: /home/ph/treasure/dockerBENCH/helios16p_ws/install/vicon_receiver/include/boost/predef/platform
[25.263s] -- Installing: /home/ph/treasure/dockerBENCH/helios16p_ws/install/vicon_receiver/include/boost/predef/platform/mingw32.h
[25.265s] -- Installing: /home/ph/treasure/dockerBENCH/helios16p_ws/install/vicon_receiver/include/boost/predef/platform/mingw.h
[25.266s] -- Installing: /home/ph/treasure/dockerBENCH/helios16p_ws/install/vicon_receiver/include/boost/predef/platform/windows_phone.h
[25.267s] -- Installing: /home/ph/treasure/dockerBENCH/helios16p_ws/install/vicon_receiver/include/boost/predef/platform/mingw64.h
[25.267s] -- Installing: /home/ph/treasure/dockerBENCH/helios16p_ws/install/vicon_receiver/include/boost/predef/platform/windows_store.h
[25.268s] -- Installing: /home/ph/treasure/dockerBENCH/helios16p_ws/install/vicon_receiver/include/boost/predef/platform/windows_server.h
[25.269s] -- Installing: /home/ph/treasure/dockerBENCH/helios16p_ws/install/vicon_receiver/include/boost/predef/platform/windows_uwp.h
[25.269s] -- Installing: /home/ph/treasure/dockerBENCH/helios16p_ws/install/vicon_receiver/include/boost/predef/platform/windows_system.h
[25.270s] -- Installing: /home/ph/treasure/dockerBENCH/helios16p_ws/install/vicon_receiver/include/boost/predef/platform/windows_desktop.h
[25.271s] -- Installing: /home/ph/treasure/dockerBENCH/helios16p_ws/install/vicon_receiver/include/boost/predef/platform/android.h
[25.271s] -- Installing: /home/ph/treasure/dockerBENCH/helios16p_ws/install/vicon_receiver/include/boost/predef/platform/ios.h
[25.272s] -- Installing: /home/ph/treasure/dockerBENCH/helios16p_ws/install/vicon_receiver/include/boost/predef/platform/cloudabi.h
[25.272s] -- Installing: /home/ph/treasure/dockerBENCH/helios16p_ws/install/vicon_receiver/include/boost/predef/platform/windows_runtime.h
[25.273s] -- Installing: /home/ph/treasure/dockerBENCH/helios16p_ws/install/vicon_receiver/include/boost/predef/compiler.h
[25.273s] -- Installing: /home/ph/treasure/dockerBENCH/helios16p_ws/install/vicon_receiver/include/boost/predef/library.h
[25.274s] -- Installing: /home/ph/treasure/dockerBENCH/helios16p_ws/install/vicon_receiver/include/boost/predef/os
[25.275s] -- Installing: /home/ph/treasure/dockerBENCH/helios16p_ws/install/vicon_receiver/include/boost/predef/os/linux.h
[25.275s] -- Installing: /home/ph/treasure/dockerBENCH/helios16p_ws/install/vicon_receiver/include/boost/predef/os/windows.h
[25.276s] -- Installing: /home/ph/treasure/dockerBENCH/helios16p_ws/install/vicon_receiver/include/boost/predef/os/unix.h
[25.276s] -- Installing: /home/ph/treasure/dockerBENCH/helios16p_ws/install/vicon_receiver/include/boost/predef/os/qnxnto.h
[25.277s] -- Installing: /home/ph/treasure/dockerBENCH/helios16p_ws/install/vicon_receiver/include/boost/predef/os/hpux.h
[25.278s] -- Installing: /home/ph/treasure/dockerBENCH/helios16p_ws/install/vicon_receiver/include/boost/predef/os/bsd
[25.278s] -- Installing: /home/ph/treasure/dockerBENCH/helios16p_ws/install/vicon_receiver/include/boost/predef/os/bsd/open.h
[25.279s] -- Installing: /home/ph/treasure/dockerBENCH/helios16p_ws/install/vicon_receiver/include/boost/predef/os/bsd/free.h
[25.279s] -- Installing: /home/ph/treasure/dockerBENCH/helios16p_ws/install/vicon_receiver/include/boost/predef/os/bsd/bsdi.h
[25.280s] -- Installing: /home/ph/treasure/dockerBENCH/helios16p_ws/install/vicon_receiver/include/boost/predef/os/bsd/net.h
[25.280s] -- Installing: /home/ph/treasure/dockerBENCH/helios16p_ws/install/vicon_receiver/include/boost/predef/os/bsd/dragonfly.h
[25.281s] -- Installing: /home/ph/treasure/dockerBENCH/helios16p_ws/install/vicon_receiver/include/boost/predef/os/cygwin.h
[25.282s] -- Installing: /home/ph/treasure/dockerBENCH/helios16p_ws/install/vicon_receiver/include/boost/predef/os/amigaos.h
[25.283s] -- Installing: /home/ph/treasure/dockerBENCH/helios16p_ws/install/vicon_receiver/include/boost/predef/os/solaris.h
[25.284s] -- Installing: /home/ph/treasure/dockerBENCH/helios16p_ws/install/vicon_receiver/include/boost/predef/os/beos.h
[25.284s] -- Installing: /home/ph/treasure/dockerBENCH/helios16p_ws/install/vicon_receiver/include/boost/predef/os/bsd.h
[25.285s] -- Installing: /home/ph/treasure/dockerBENCH/helios16p_ws/install/vicon_receiver/include/boost/predef/os/os400.h
[25.286s] -- Installing: /home/ph/treasure/dockerBENCH/helios16p_ws/install/vicon_receiver/include/boost/predef/os/aix.h
[25.286s] -- Installing: /home/ph/treasure/dockerBENCH/helios16p_ws/install/vicon_receiver/include/boost/predef/os/macos.h
[25.287s] -- Installing: /home/ph/treasure/dockerBENCH/helios16p_ws/install/vicon_receiver/include/boost/predef/os/vms.h
[25.287s] -- Installing: /home/ph/treasure/dockerBENCH/helios16p_ws/install/vicon_receiver/include/boost/predef/os/irix.h
[25.288s] -- Installing: /home/ph/treasure/dockerBENCH/helios16p_ws/install/vicon_receiver/include/boost/predef/os/ios.h
[25.288s] -- Installing: /home/ph/treasure/dockerBENCH/helios16p_ws/install/vicon_receiver/include/boost/predef/os/haiku.h
[25.289s] -- Installing: /home/ph/treasure/dockerBENCH/helios16p_ws/install/vicon_receiver/include/boost/predef/platform.h
[25.289s] -- Installing: /home/ph/treasure/dockerBENCH/helios16p_ws/install/vicon_receiver/include/boost/predef/version_number.h
[25.290s] -- Installing: /home/ph/treasure/dockerBENCH/helios16p_ws/install/vicon_receiver/include/boost/predef/language.h
[25.290s] -- Installing: /home/ph/treasure/dockerBENCH/helios16p_ws/install/vicon_receiver/include/boost/predef/language
[25.291s] -- Installing: /home/ph/treasure/dockerBENCH/helios16p_ws/install/vicon_receiver/include/boost/predef/language/stdc.h
[25.292s] -- Installing: /home/ph/treasure/dockerBENCH/helios16p_ws/install/vicon_receiver/include/boost/predef/language/stdcpp.h
[25.292s] -- Installing: /home/ph/treasure/dockerBENCH/helios16p_ws/install/vicon_receiver/include/boost/predef/language/objc.h
[25.293s] -- Installing: /home/ph/treasure/dockerBENCH/helios16p_ws/install/vicon_receiver/include/boost/predef/language/cuda.h
[25.294s] -- Installing: /home/ph/treasure/dockerBENCH/helios16p_ws/install/vicon_receiver/include/boost/predef/other.h
[25.294s] -- Installing: /home/ph/treasure/dockerBENCH/helios16p_ws/install/vicon_receiver/include/boost/predef/other
[25.295s] -- Installing: /home/ph/treasure/dockerBENCH/helios16p_ws/install/vicon_receiver/include/boost/predef/other/endian.h
[25.296s] -- Installing: /home/ph/treasure/dockerBENCH/helios16p_ws/install/vicon_receiver/include/boost/predef/version.h
[25.296s] -- Installing: /home/ph/treasure/dockerBENCH/helios16p_ws/install/vicon_receiver/include/boost/predef/library
[25.297s] -- Installing: /home/ph/treasure/dockerBENCH/helios16p_ws/install/vicon_receiver/include/boost/predef/library/std
[25.297s] -- Installing: /home/ph/treasure/dockerBENCH/helios16p_ws/install/vicon_receiver/include/boost/predef/library/std/_prefix.h
[25.298s] -- Installing: /home/ph/treasure/dockerBENCH/helios16p_ws/install/vicon_receiver/include/boost/predef/library/std/modena.h
[25.299s] -- Installing: /home/ph/treasure/dockerBENCH/helios16p_ws/install/vicon_receiver/include/boost/predef/library/std/cxx.h
[25.300s] -- Installing: /home/ph/treasure/dockerBENCH/helios16p_ws/install/vicon_receiver/include/boost/predef/library/std/stlport.h
[25.300s] -- Installing: /home/ph/treasure/dockerBENCH/helios16p_ws/install/vicon_receiver/include/boost/predef/library/std/dinkumware.h
[25.301s] -- Installing: /home/ph/treasure/dockerBENCH/helios16p_ws/install/vicon_receiver/include/boost/predef/library/std/libcomo.h
[25.302s] -- Installing: /home/ph/treasure/dockerBENCH/helios16p_ws/install/vicon_receiver/include/boost/predef/library/std/roguewave.h
[25.303s] -- Installing: /home/ph/treasure/dockerBENCH/helios16p_ws/install/vicon_receiver/include/boost/predef/library/std/msl.h
[25.303s] -- Installing: /home/ph/treasure/dockerBENCH/helios16p_ws/install/vicon_receiver/include/boost/predef/library/std/vacpp.h
[25.304s] -- Installing: /home/ph/treasure/dockerBENCH/helios16p_ws/install/vicon_receiver/include/boost/predef/library/std/sgi.h
[25.304s] -- Installing: /home/ph/treasure/dockerBENCH/helios16p_ws/install/vicon_receiver/include/boost/predef/library/std/stdcpp3.h
[25.305s] -- Installing: /home/ph/treasure/dockerBENCH/helios16p_ws/install/vicon_receiver/include/boost/predef/library/c
[25.305s] -- Installing: /home/ph/treasure/dockerBENCH/helios16p_ws/install/vicon_receiver/include/boost/predef/library/c/gnu.h
[25.306s] -- Installing: /home/ph/treasure/dockerBENCH/helios16p_ws/install/vicon_receiver/include/boost/predef/library/c/_prefix.h
[25.307s] -- Installing: /home/ph/treasure/dockerBENCH/helios16p_ws/install/vicon_receiver/include/boost/predef/library/c/zos.h
[25.307s] -- Installing: /home/ph/treasure/dockerBENCH/helios16p_ws/install/vicon_receiver/include/boost/predef/library/c/uc.h
[25.308s] -- Installing: /home/ph/treasure/dockerBENCH/helios16p_ws/install/vicon_receiver/include/boost/predef/library/c/vms.h
[25.309s] -- Installing: /home/ph/treasure/dockerBENCH/helios16p_ws/install/vicon_receiver/include/boost/predef/library/c/cloudabi.h
[25.310s] -- Installing: /home/ph/treasure/dockerBENCH/helios16p_ws/install/vicon_receiver/include/boost/predef/library/c.h
[25.310s] -- Installing: /home/ph/treasure/dockerBENCH/helios16p_ws/install/vicon_receiver/include/boost/predef/library/std.h
[25.313s] -- Installing: /home/ph/treasure/dockerBENCH/helios16p_ws/install/vicon_receiver/lib/libboost_system.so.1.75.0
[25.314s] -- Installing: /home/ph/treasure/dockerBENCH/helios16p_ws/install/vicon_receiver/lib/libboost_thread.so.1.75.0
[25.315s] -- Installing: /home/ph/treasure/dockerBENCH/helios16p_ws/install/vicon_receiver/lib/libboost_chrono.so.1.75.0
[25.317s] -- Installing: /home/ph/treasure/dockerBENCH/helios16p_ws/install/vicon_receiver/lib/libboost_timer.so.1.75.0
[25.317s] -- Installing: /home/ph/treasure/dockerBENCH/helios16p_ws/install/vicon_receiver/lib/libViconDataStreamSDK_CPP.so
[25.324s] -- Up-to-date: /home/ph/treasure/dockerBENCH/helios16p_ws/install/vicon_receiver/include
[25.324s] -- Installing: /home/ph/treasure/dockerBENCH/helios16p_ws/install/vicon_receiver/include/vicon-datastream-sdk
[25.325s] -- Installing: /home/ph/treasure/dockerBENCH/helios16p_ws/install/vicon_receiver/include/vicon-datastream-sdk/IDataStreamClientBase.h
[25.326s] -- Installing: /home/ph/treasure/dockerBENCH/helios16p_ws/install/vicon_receiver/include/vicon-datastream-sdk/DataStreamClient.h
[25.329s] -- Up-to-date: /home/ph/treasure/dockerBENCH/helios16p_ws/install/vicon_receiver/include
[25.329s] -- Installing: /home/ph/treasure/dockerBENCH/helios16p_ws/install/vicon_receiver/include/vicon_receiver
[25.330s] -- Installing: /home/ph/treasure/dockerBENCH/helios16p_ws/install/vicon_receiver/include/vicon_receiver/communicator.hpp
[25.331s] -- Installing: /home/ph/treasure/dockerBENCH/helios16p_ws/install/vicon_receiver/include/vicon_receiver/publisher.hpp
[25.333s] -- Installing: /home/ph/treasure/dockerBENCH/helios16p_ws/install/vicon_receiver/lib/vicon_receiver/vicon_client
[25.336s] -- Set non-toolchain portion of runtime path of "/home/ph/treasure/dockerBENCH/helios16p_ws/install/vicon_receiver/lib/vicon_receiver/vicon_client" to "$ORIGIN/../lib"
[25.336s] -- Installing: /home/ph/treasure/dockerBENCH/helios16p_ws/install/vicon_receiver/share/vicon_receiver/launch
[25.337s] -- Installing: /home/ph/treasure/dockerBENCH/helios16p_ws/install/vicon_receiver/share/vicon_receiver/launch/client.launch.py
[25.337s] -- Installing: /home/ph/treasure/dockerBENCH/helios16p_ws/install/vicon_receiver/share/ament_index/resource_index/package_run_dependencies/vicon_receiver
[25.338s] -- Installing: /home/ph/treasure/dockerBENCH/helios16p_ws/install/vicon_receiver/share/ament_index/resource_index/parent_prefix_path/vicon_receiver
[25.339s] -- Installing: /home/ph/treasure/dockerBENCH/helios16p_ws/install/vicon_receiver/share/vicon_receiver/environment/ament_prefix_path.sh
[25.340s] -- Installing: /home/ph/treasure/dockerBENCH/helios16p_ws/install/vicon_receiver/share/vicon_receiver/environment/ament_prefix_path.dsv
[25.340s] -- Installing: /home/ph/treasure/dockerBENCH/helios16p_ws/install/vicon_receiver/share/vicon_receiver/environment/path.sh
[25.341s] -- Installing: /home/ph/treasure/dockerBENCH/helios16p_ws/install/vicon_receiver/share/vicon_receiver/environment/path.dsv
[25.342s] -- Installing: /home/ph/treasure/dockerBENCH/helios16p_ws/install/vicon_receiver/share/vicon_receiver/local_setup.bash
[25.342s] -- Installing: /home/ph/treasure/dockerBENCH/helios16p_ws/install/vicon_receiver/share/vicon_receiver/local_setup.sh
[25.343s] -- Installing: /home/ph/treasure/dockerBENCH/helios16p_ws/install/vicon_receiver/share/vicon_receiver/local_setup.zsh
[25.343s] -- Installing: /home/ph/treasure/dockerBENCH/helios16p_ws/install/vicon_receiver/share/vicon_receiver/local_setup.dsv
[25.344s] -- Installing: /home/ph/treasure/dockerBENCH/helios16p_ws/install/vicon_receiver/share/vicon_receiver/package.dsv
[25.345s] -- Installing: /home/ph/treasure/dockerBENCH/helios16p_ws/install/vicon_receiver/share/ament_index/resource_index/packages/vicon_receiver
[25.345s] -- Installing: /home/ph/treasure/dockerBENCH/helios16p_ws/install/vicon_receiver/share/vicon_receiver/cmake/vicon_receiverConfig.cmake
[25.346s] -- Installing: /home/ph/treasure/dockerBENCH/helios16p_ws/install/vicon_receiver/share/vicon_receiver/cmake/vicon_receiverConfig-version.cmake
[25.347s] -- Installing: /home/ph/treasure/dockerBENCH/helios16p_ws/install/vicon_receiver/share/vicon_receiver/package.xml
[25.354s] Invoked command in '/home/ph/treasure/dockerBENCH/helios16p_ws/build/vicon_receiver' returned '0': CMAKE_PREFIX_PATH=/opt/ros/humble PS1=(pvenv) \[\e]0;\u@\h: \w\a\]${debian_chroot:+($debian_chroot)}\u@\h:\w\$ VIRTUAL_ENV_PROMPT=(pvenv) /home/ph/.local/bin/cmake --install /home/ph/treasure/dockerBENCH/helios16p_ws/build/vicon_receiver
