[100%] Built target vicon_client
-- Install configuration: ""
-- Up-to-date: /home/ph/treasure/dockerBENCH/helios16p_ws/install/vicon_receiver/include
-- Up-to-date: /home/ph/treasure/dockerBENCH/helios16p_ws/install/vicon_receiver/include/boost
-- Up-to-date: /home/ph/treasure/dockerBENCH/helios16p_ws/install/vicon_receiver/include/boost/thread.hpp
-- Up-to-date: /home/ph/treasure/dockerBENCH/helios16p_ws/install/vicon_receiver/include/boost/asio.hpp
-- Up-to-date: /home/ph/treasure/dockerBENCH/helios16p_ws/install/vicon_receiver/include/boost/asio
-- Up-to-date: /home/ph/treasure/dockerBENCH/helios16p_ws/install/vicon_receiver/include/boost/asio/executor_work_guard.hpp
-- Up-to-date: /home/ph/treasure/dockerBENCH/helios16p_ws/install/vicon_receiver/include/boost/asio/basic_streambuf.hpp
-- Up-to-date: /home/ph/treasure/dockerBENCH/helios16p_ws/install/vicon_receiver/include/boost/asio/handler_continuation_hook.hpp
-- Up-to-date: /home/ph/treasure/dockerBENCH/helios16p_ws/install/vicon_receiver/include/boost/asio/compose.hpp
-- Up-to-date: /home/ph/treasure/dockerBENCH/helios16p_ws/install/vicon_receiver/include/boost/asio/post.hpp
-- Up-to-date: /home/ph/treasure/dockerBENCH/helios16p_ws/install/vicon_receiver/include/boost/asio/static_thread_pool.hpp
-- Up-to-date: /home/ph/treasure/dockerBENCH/helios16p_ws/install/vicon_receiver/include/boost/asio/system_executor.hpp
-- Up-to-date: /home/ph/treasure/dockerBENCH/helios16p_ws/install/vicon_receiver/include/boost/asio/streambuf.hpp
-- Up-to-date: /home/ph/treasure/dockerBENCH/helios16p_ws/install/vicon_receiver/include/boost/asio/basic_socket_iostream.hpp
-- Up-to-date: /home/ph/treasure/dockerBENCH/helios16p_ws/install/vicon_receiver/include/boost/asio/async_result.hpp
-- Up-to-date: /home/ph/treasure/dockerBENCH/helios16p_ws/install/vicon_receiver/include/boost/asio/use_awaitable.hpp
-- Up-to-date: /home/ph/treasure/dockerBENCH/helios16p_ws/install/vicon_receiver/include/boost/asio/detail
-- Up-to-date: /home/ph/treasure/dockerBENCH/helios16p_ws/install/vicon_receiver/include/boost/asio/detail/object_pool.hpp
-- Up-to-date: /home/ph/treasure/dockerBENCH/helios16p_ws/install/vicon_receiver/include/boost/asio/detail/thread.hpp
-- Up-to-date: /home/ph/treasure/dockerBENCH/helios16p_ws/install/vicon_receiver/include/boost/asio/detail/dependent_type.hpp
-- Up-to-date: /home/ph/treasure/dockerBENCH/helios16p_ws/install/vicon_receiver/include/boost/asio/detail/win_global.hpp
-- Up-to-date: /home/ph/treasure/dockerBENCH/helios16p_ws/install/vicon_receiver/include/boost/asio/detail/win_mutex.hpp
-- Up-to-date: /home/ph/treasure/dockerBENCH/helios16p_ws/install/vicon_receiver/include/boost/asio/detail/timer_queue_ptime.hpp
-- Up-to-date: /home/ph/treasure/dockerBENCH/helios16p_ws/install/vicon_receiver/include/boost/asio/detail/win_iocp_handle_service.hpp
-- Up-to-date: /home/ph/treasure/dockerBENCH/helios16p_ws/install/vicon_receiver/include/boost/asio/detail/reactor_fwd.hpp
-- Up-to-date: /home/ph/treasure/dockerBENCH/helios16p_ws/install/vicon_receiver/include/boost/asio/detail/mutex.hpp
-- Up-to-date: /home/ph/treasure/dockerBENCH/helios16p_ws/install/vicon_receiver/include/boost/asio/detail/win_iocp_socket_send_op.hpp
-- Up-to-date: /home/ph/treasure/dockerBENCH/helios16p_ws/install/vicon_receiver/include/boost/asio/detail/scheduler.hpp
-- Up-to-date: /home/ph/treasure/dockerBENCH/helios16p_ws/install/vicon_receiver/include/boost/asio/detail/chrono_time_traits.hpp
-- Up-to-date: /home/ph/treasure/dockerBENCH/helios16p_ws/install/vicon_receiver/include/boost/asio/detail/static_mutex.hpp
-- Up-to-date: /home/ph/treasure/dockerBENCH/helios16p_ws/install/vicon_receiver/include/boost/asio/detail/win_iocp_socket_recvfrom_op.hpp
-- Up-to-date: /home/ph/treasure/dockerBENCH/helios16p_ws/install/vicon_receiver/include/boost/asio/detail/reactive_socket_service.hpp
-- Up-to-date: /home/ph/treasure/dockerBENCH/helios16p_ws/install/vicon_receiver/include/boost/asio/detail/std_mutex.hpp
-- Up-to-date: /home/ph/treasure/dockerBENCH/helios16p_ws/install/vicon_receiver/include/boost/asio/detail/scheduler_thread_info.hpp
-- Up-to-date: /home/ph/treasure/dockerBENCH/helios16p_ws/install/vicon_receiver/include/boost/asio/detail/thread_group.hpp
-- Up-to-date: /home/ph/treasure/dockerBENCH/helios16p_ws/install/vicon_receiver/include/boost/asio/detail/strand_executor_service.hpp
-- Up-to-date: /home/ph/treasure/dockerBENCH/helios16p_ws/install/vicon_receiver/include/boost/asio/detail/win_event.hpp
-- Up-to-date: /home/ph/treasure/dockerBENCH/helios16p_ws/install/vicon_receiver/include/boost/asio/detail/executor_op.hpp
-- Up-to-date: /home/ph/treasure/dockerBENCH/helios16p_ws/install/vicon_receiver/include/boost/asio/detail/noncopyable.hpp
-- Up-to-date: /home/ph/treasure/dockerBENCH/helios16p_ws/install/vicon_receiver/include/boost/asio/detail/bind_handler.hpp
-- Up-to-date: /home/ph/treasure/dockerBENCH/helios16p_ws/install/vicon_receiver/include/boost/asio/detail/win_iocp_socket_service.hpp
-- Up-to-date: /home/ph/treasure/dockerBENCH/helios16p_ws/install/vicon_receiver/include/boost/asio/detail/win_tss_ptr.hpp
-- Up-to-date: /home/ph/treasure/dockerBENCH/helios16p_ws/install/vicon_receiver/include/boost/asio/detail/reactive_socket_recv_op.hpp
-- Up-to-date: /home/ph/treasure/dockerBENCH/helios16p_ws/install/vicon_receiver/include/boost/asio/detail/win_iocp_socket_accept_op.hpp
-- Up-to-date: /home/ph/treasure/dockerBENCH/helios16p_ws/install/vicon_receiver/include/boost/asio/detail/strand_service.hpp
-- Up-to-date: /home/ph/treasure/dockerBENCH/helios16p_ws/install/vicon_receiver/include/boost/asio/detail/wrapped_handler.hpp
-- Up-to-date: /home/ph/treasure/dockerBENCH/helios16p_ws/install/vicon_receiver/include/boost/asio/detail/null_signal_blocker.hpp
-- Up-to-date: /home/ph/treasure/dockerBENCH/helios16p_ws/install/vicon_receiver/include/boost/asio/detail/reactive_null_buffers_op.hpp
-- Up-to-date: /home/ph/treasure/dockerBENCH/helios16p_ws/install/vicon_receiver/include/boost/asio/detail/is_buffer_sequence.hpp
-- Up-to-date: /home/ph/treasure/dockerBENCH/helios16p_ws/install/vicon_receiver/include/boost/asio/detail/posix_signal_blocker.hpp
-- Up-to-date: /home/ph/treasure/dockerBENCH/helios16p_ws/install/vicon_receiver/include/boost/asio/detail/fd_set_adapter.hpp
-- Up-to-date: /home/ph/treasure/dockerBENCH/helios16p_ws/install/vicon_receiver/include/boost/asio/detail/deadline_timer_service.hpp
-- Up-to-date: /home/ph/treasure/dockerBENCH/helios16p_ws/install/vicon_receiver/include/boost/asio/detail/reactor_op_queue.hpp
-- Up-to-date: /home/ph/treasure/dockerBENCH/helios16p_ws/install/vicon_receiver/include/boost/asio/detail/chrono.hpp
-- Up-to-date: /home/ph/treasure/dockerBENCH/helios16p_ws/install/vicon_receiver/include/boost/asio/detail/wait_op.hpp
-- Up-to-date: /home/ph/treasure/dockerBENCH/helios16p_ws/install/vicon_receiver/include/boost/asio/detail/dev_poll_reactor.hpp
-- Up-to-date: /home/ph/treasure/dockerBENCH/helios16p_ws/install/vicon_receiver/include/boost/asio/detail/posix_tss_ptr.hpp
-- Up-to-date: /home/ph/treasure/dockerBENCH/helios16p_ws/install/vicon_receiver/include/boost/asio/detail/throw_error.hpp
-- Up-to-date: /home/ph/treasure/dockerBENCH/helios16p_ws/install/vicon_receiver/include/boost/asio/detail/timer_queue.hpp
-- Up-to-date: /home/ph/treasure/dockerBENCH/helios16p_ws/install/vicon_receiver/include/boost/asio/detail/completion_handler.hpp
-- Up-to-date: /home/ph/treasure/dockerBENCH/helios16p_ws/install/vicon_receiver/include/boost/asio/detail/reactor.hpp
-- Up-to-date: /home/ph/treasure/dockerBENCH/helios16p_ws/install/vicon_receiver/include/boost/asio/detail/future.hpp
-- Up-to-date: /home/ph/treasure/dockerBENCH/helios16p_ws/install/vicon_receiver/include/boost/asio/detail/socket_ops.hpp
-- Up-to-date: /home/ph/treasure/dockerBENCH/helios16p_ws/install/vicon_receiver/include/boost/asio/detail/std_global.hpp
-- Up-to-date: /home/ph/treasure/dockerBENCH/helios16p_ws/install/vicon_receiver/include/boost/asio/detail/blocking_executor_op.hpp
-- Up-to-date: /home/ph/treasure/dockerBENCH/helios16p_ws/install/vicon_receiver/include/boost/asio/detail/timer_scheduler_fwd.hpp
-- Up-to-date: /home/ph/treasure/dockerBENCH/helios16p_ws/install/vicon_receiver/include/boost/asio/detail/work_dispatcher.hpp
-- Up-to-date: /home/ph/treasure/dockerBENCH/helios16p_ws/install/vicon_receiver/include/boost/asio/detail/reactive_socket_connect_op.hpp
-- Up-to-date: /home/ph/treasure/dockerBENCH/helios16p_ws/install/vicon_receiver/include/boost/asio/detail/posix_thread.hpp
-- Up-to-date: /home/ph/treasure/dockerBENCH/helios16p_ws/install/vicon_receiver/include/boost/asio/detail/call_stack.hpp
-- Up-to-date: /home/ph/treasure/dockerBENCH/helios16p_ws/install/vicon_receiver/include/boost/asio/detail/select_interrupter.hpp
-- Up-to-date: /home/ph/treasure/dockerBENCH/helios16p_ws/install/vicon_receiver/include/boost/asio/detail/null_fenced_block.hpp
-- Up-to-date: /home/ph/treasure/dockerBENCH/helios16p_ws/install/vicon_receiver/include/boost/asio/detail/win_iocp_socket_recvmsg_op.hpp
-- Up-to-date: /home/ph/treasure/dockerBENCH/helios16p_ws/install/vicon_receiver/include/boost/asio/detail/null_socket_service.hpp
-- Up-to-date: /home/ph/treasure/dockerBENCH/helios16p_ws/install/vicon_receiver/include/boost/asio/detail/null_static_mutex.hpp
-- Up-to-date: /home/ph/treasure/dockerBENCH/helios16p_ws/install/vicon_receiver/include/boost/asio/detail/config.hpp
-- Up-to-date: /home/ph/treasure/dockerBENCH/helios16p_ws/install/vicon_receiver/include/boost/asio/detail/recycling_allocator.hpp
-- Up-to-date: /home/ph/treasure/dockerBENCH/helios16p_ws/install/vicon_receiver/include/boost/asio/detail/winsock_init.hpp
-- Up-to-date: /home/ph/treasure/dockerBENCH/helios16p_ws/install/vicon_receiver/include/boost/asio/detail/type_traits.hpp
-- Up-to-date: /home/ph/treasure/dockerBENCH/helios16p_ws/install/vicon_receiver/include/boost/asio/detail/winrt_resolve_op.hpp
-- Up-to-date: /home/ph/treasure/dockerBENCH/helios16p_ws/install/vicon_receiver/include/boost/asio/detail/null_tss_ptr.hpp
-- Up-to-date: /home/ph/treasure/dockerBENCH/helios16p_ws/install/vicon_receiver/include/boost/asio/detail/win_iocp_overlapped_op.hpp
-- Up-to-date: /home/ph/treasure/dockerBENCH/helios16p_ws/install/vicon_receiver/include/boost/asio/detail/epoll_reactor.hpp
-- Up-to-date: /home/ph/treasure/dockerBENCH/helios16p_ws/install/vicon_receiver/include/boost/asio/detail/push_options.hpp
-- Up-to-date: /home/ph/treasure/dockerBENCH/helios16p_ws/install/vicon_receiver/include/boost/asio/detail/signal_set_service.hpp
-- Up-to-date: /home/ph/treasure/dockerBENCH/helios16p_ws/install/vicon_receiver/include/boost/asio/detail/socket_option.hpp
-- Up-to-date: /home/ph/treasure/dockerBENCH/helios16p_ws/install/vicon_receiver/include/boost/asio/detail/regex_fwd.hpp
-- Up-to-date: /home/ph/treasure/dockerBENCH/helios16p_ws/install/vicon_receiver/include/boost/asio/detail/atomic_count.hpp
-- Up-to-date: /home/ph/treasure/dockerBENCH/helios16p_ws/install/vicon_receiver/include/boost/asio/detail/conditionally_enabled_mutex.hpp
-- Up-to-date: /home/ph/treasure/dockerBENCH/helios16p_ws/install/vicon_receiver/include/boost/asio/detail/timer_queue_base.hpp
-- Up-to-date: /home/ph/treasure/dockerBENCH/helios16p_ws/install/vicon_receiver/include/boost/asio/detail/handler_invoke_helpers.hpp
-- Up-to-date: /home/ph/treasure/dockerBENCH/helios16p_ws/install/vicon_receiver/include/boost/asio/detail/win_iocp_handle_read_op.hpp
-- Up-to-date: /home/ph/treasure/dockerBENCH/helios16p_ws/install/vicon_receiver/include/boost/asio/detail/resolve_query_op.hpp
-- Up-to-date: /home/ph/treasure/dockerBENCH/helios16p_ws/install/vicon_receiver/include/boost/asio/detail/reactive_socket_accept_op.hpp
-- Up-to-date: /home/ph/treasure/dockerBENCH/helios16p_ws/install/vicon_receiver/include/boost/asio/detail/win_iocp_serial_port_service.hpp
-- Up-to-date: /home/ph/treasure/dockerBENCH/helios16p_ws/install/vicon_receiver/include/boost/asio/detail/string_view.hpp
-- Up-to-date: /home/ph/treasure/dockerBENCH/helios16p_ws/install/vicon_receiver/include/boost/asio/detail/consuming_buffers.hpp
-- Up-to-date: /home/ph/treasure/dockerBENCH/helios16p_ws/install/vicon_receiver/include/boost/asio/detail/winrt_async_manager.hpp
-- Up-to-date: /home/ph/treasure/dockerBENCH/helios16p_ws/install/vicon_receiver/include/boost/asio/detail/handler_type_requirements.hpp
-- Up-to-date: /home/ph/treasure/dockerBENCH/helios16p_ws/install/vicon_receiver/include/boost/asio/detail/source_location.hpp
-- Up-to-date: /home/ph/treasure/dockerBENCH/helios16p_ws/install/vicon_receiver/include/boost/asio/detail/assert.hpp
-- Up-to-date: /home/ph/treasure/dockerBENCH/helios16p_ws/install/vicon_receiver/include/boost/asio/detail/win_fenced_block.hpp
-- Up-to-date: /home/ph/treasure/dockerBENCH/helios16p_ws/install/vicon_receiver/include/boost/asio/detail/posix_static_mutex.hpp
-- Up-to-date: /home/ph/treasure/dockerBENCH/helios16p_ws/install/vicon_receiver/include/boost/asio/detail/macos_fenced_block.hpp
-- Up-to-date: /home/ph/treasure/dockerBENCH/helios16p_ws/install/vicon_receiver/include/boost/asio/detail/concurrency_hint.hpp
-- Up-to-date: /home/ph/treasure/dockerBENCH/helios16p_ws/install/vicon_receiver/include/boost/asio/detail/buffer_resize_guard.hpp
-- Up-to-date: /home/ph/treasure/dockerBENCH/helios16p_ws/install/vicon_receiver/include/boost/asio/detail/cstdint.hpp
-- Up-to-date: /home/ph/treasure/dockerBENCH/helios16p_ws/install/vicon_receiver/include/boost/asio/detail/kqueue_reactor.hpp
-- Up-to-date: /home/ph/treasure/dockerBENCH/helios16p_ws/install/vicon_receiver/include/boost/asio/detail/null_event.hpp
-- Up-to-date: /home/ph/treasure/dockerBENCH/helios16p_ws/install/vicon_receiver/include/boost/asio/detail/winrt_resolver_service.hpp
-- Up-to-date: /home/ph/treasure/dockerBENCH/helios16p_ws/install/vicon_receiver/include/boost/asio/detail/std_thread.hpp
-- Up-to-date: /home/ph/treasure/dockerBENCH/helios16p_ws/install/vicon_receiver/include/boost/asio/detail/thread_info_base.hpp
-- Up-to-date: /home/ph/treasure/dockerBENCH/helios16p_ws/install/vicon_receiver/include/boost/asio/detail/posix_event.hpp
-- Up-to-date: /home/ph/treasure/dockerBENCH/helios16p_ws/install/vicon_receiver/include/boost/asio/detail/null_mutex.hpp
-- Up-to-date: /home/ph/treasure/dockerBENCH/helios16p_ws/install/vicon_receiver/include/boost/asio/detail/solaris_fenced_block.hpp
-- Up-to-date: /home/ph/treasure/dockerBENCH/helios16p_ws/install/vicon_receiver/include/boost/asio/detail/fenced_block.hpp
-- Up-to-date: /home/ph/treasure/dockerBENCH/helios16p_ws/install/vicon_receiver/include/boost/asio/detail/wait_handler.hpp
-- Up-to-date: /home/ph/treasure/dockerBENCH/helios16p_ws/install/vicon_receiver/include/boost/asio/detail/variadic_templates.hpp
-- Up-to-date: /home/ph/treasure/dockerBENCH/helios16p_ws/install/vicon_receiver/include/boost/asio/detail/socket_types.hpp
-- Up-to-date: /home/ph/treasure/dockerBENCH/helios16p_ws/install/vicon_receiver/include/boost/asio/detail/memory.hpp
-- Up-to-date: /home/ph/treasure/dockerBENCH/helios16p_ws/install/vicon_receiver/include/boost/asio/detail/win_iocp_io_context.hpp
-- Up-to-date: /home/ph/treasure/dockerBENCH/helios16p_ws/install/vicon_receiver/include/boost/asio/detail/win_iocp_socket_service_base.hpp
-- Up-to-date: /home/ph/treasure/dockerBENCH/helios16p_ws/install/vicon_receiver/include/boost/asio/detail/null_global.hpp
-- Up-to-date: /home/ph/treasure/dockerBENCH/helios16p_ws/install/vicon_receiver/include/boost/asio/detail/bulk_executor_op.hpp
-- Up-to-date: /home/ph/treasure/dockerBENCH/helios16p_ws/install/vicon_receiver/include/boost/asio/detail/posix_global.hpp
-- Up-to-date: /home/ph/treasure/dockerBENCH/helios16p_ws/install/vicon_receiver/include/boost/asio/detail/operation.hpp
-- Up-to-date: /home/ph/treasure/dockerBENCH/helios16p_ws/install/vicon_receiver/include/boost/asio/detail/executor_function.hpp
-- Up-to-date: /home/ph/treasure/dockerBENCH/helios16p_ws/install/vicon_receiver/include/boost/asio/detail/resolve_endpoint_op.hpp
-- Up-to-date: /home/ph/treasure/dockerBENCH/helios16p_ws/install/vicon_receiver/include/boost/asio/detail/posix_fd_set_adapter.hpp
-- Up-to-date: /home/ph/treasure/dockerBENCH/helios16p_ws/install/vicon_receiver/include/boost/asio/detail/signal_handler.hpp
-- Up-to-date: /home/ph/treasure/dockerBENCH/helios16p_ws/install/vicon_receiver/include/boost/asio/detail/std_fenced_block.hpp
-- Up-to-date: /home/ph/treasure/dockerBENCH/helios16p_ws/install/vicon_receiver/include/boost/asio/detail/win_iocp_null_buffers_op.hpp
-- Up-to-date: /home/ph/treasure/dockerBENCH/helios16p_ws/install/vicon_receiver/include/boost/asio/detail/resolver_service_base.hpp
-- Up-to-date: /home/ph/treasure/dockerBENCH/helios16p_ws/install/vicon_receiver/include/boost/asio/detail/reactive_socket_recvfrom_op.hpp
-- Up-to-date: /home/ph/treasure/dockerBENCH/helios16p_ws/install/vicon_receiver/include/boost/asio/detail/win_iocp_overlapped_ptr.hpp
-- Up-to-date: /home/ph/treasure/dockerBENCH/helios16p_ws/install/vicon_receiver/include/boost/asio/detail/timer_scheduler.hpp
-- Up-to-date: /home/ph/treasure/dockerBENCH/helios16p_ws/install/vicon_receiver/include/boost/asio/detail/gcc_arm_fenced_block.hpp
-- Up-to-date: /home/ph/treasure/dockerBENCH/helios16p_ws/install/vicon_receiver/include/boost/asio/detail/win_iocp_wait_op.hpp
-- Up-to-date: /home/ph/treasure/dockerBENCH/helios16p_ws/install/vicon_receiver/include/boost/asio/detail/signal_blocker.hpp
-- Up-to-date: /home/ph/treasure/dockerBENCH/helios16p_ws/install/vicon_receiver/include/boost/asio/detail/reactive_wait_op.hpp
-- Up-to-date: /home/ph/treasure/dockerBENCH/helios16p_ws/install/vicon_receiver/include/boost/asio/detail/winrt_timer_scheduler.hpp
-- Up-to-date: /home/ph/treasure/dockerBENCH/helios16p_ws/install/vicon_receiver/include/boost/asio/detail/eventfd_select_interrupter.hpp
-- Up-to-date: /home/ph/treasure/dockerBENCH/helios16p_ws/install/vicon_receiver/include/boost/asio/detail/pop_options.hpp
-- Up-to-date: /home/ph/treasure/dockerBENCH/helios16p_ws/install/vicon_receiver/include/boost/asio/detail/functional.hpp
-- Up-to-date: /home/ph/treasure/dockerBENCH/helios16p_ws/install/vicon_receiver/include/boost/asio/detail/is_executor.hpp
-- Up-to-date: /home/ph/treasure/dockerBENCH/helios16p_ws/install/vicon_receiver/include/boost/asio/detail/reactive_socket_sendto_op.hpp
-- Up-to-date: /home/ph/treasure/dockerBENCH/helios16p_ws/install/vicon_receiver/include/boost/asio/detail/std_event.hpp
-- Up-to-date: /home/ph/treasure/dockerBENCH/helios16p_ws/install/vicon_receiver/include/boost/asio/detail/resolver_service.hpp
-- Up-to-date: /home/ph/treasure/dockerBENCH/helios16p_ws/install/vicon_receiver/include/boost/asio/detail/descriptor_ops.hpp
-- Up-to-date: /home/ph/treasure/dockerBENCH/helios16p_ws/install/vicon_receiver/include/boost/asio/detail/win_iocp_handle_write_op.hpp
-- Up-to-date: /home/ph/treasure/dockerBENCH/helios16p_ws/install/vicon_receiver/include/boost/asio/detail/io_control.hpp
-- Up-to-date: /home/ph/treasure/dockerBENCH/helios16p_ws/install/vicon_receiver/include/boost/asio/detail/signal_init.hpp
-- Up-to-date: /home/ph/treasure/dockerBENCH/helios16p_ws/install/vicon_receiver/include/boost/asio/detail/pipe_select_interrupter.hpp
-- Up-to-date: /home/ph/treasure/dockerBENCH/helios16p_ws/install/vicon_receiver/include/boost/asio/detail/throw_exception.hpp
-- Up-to-date: /home/ph/treasure/dockerBENCH/helios16p_ws/install/vicon_receiver/include/boost/asio/detail/winapp_thread.hpp
-- Up-to-date: /home/ph/treasure/dockerBENCH/helios16p_ws/install/vicon_receiver/include/boost/asio/detail/array_fwd.hpp
-- Up-to-date: /home/ph/treasure/dockerBENCH/helios16p_ws/install/vicon_receiver/include/boost/asio/detail/win_fd_set_adapter.hpp
-- Up-to-date: /home/ph/treasure/dockerBENCH/helios16p_ws/install/vicon_receiver/include/boost/asio/detail/keyword_tss_ptr.hpp
-- Up-to-date: /home/ph/treasure/dockerBENCH/helios16p_ws/install/vicon_receiver/include/boost/asio/detail/impl
-- Up-to-date: /home/ph/treasure/dockerBENCH/helios16p_ws/install/vicon_receiver/include/boost/asio/detail/impl/win_iocp_serial_port_service.ipp
-- Up-to-date: /home/ph/treasure/dockerBENCH/helios16p_ws/install/vicon_receiver/include/boost/asio/detail/impl/select_reactor.ipp
-- Up-to-date: /home/ph/treasure/dockerBENCH/helios16p_ws/install/vicon_receiver/include/boost/asio/detail/impl/strand_executor_service.hpp
-- Up-to-date: /home/ph/treasure/dockerBENCH/helios16p_ws/install/vicon_receiver/include/boost/asio/detail/impl/winsock_init.ipp
-- Up-to-date: /home/ph/treasure/dockerBENCH/helios16p_ws/install/vicon_receiver/include/boost/asio/detail/impl/win_mutex.ipp
-- Up-to-date: /home/ph/treasure/dockerBENCH/helios16p_ws/install/vicon_receiver/include/boost/asio/detail/impl/strand_service.hpp
-- Up-to-date: /home/ph/treasure/dockerBENCH/helios16p_ws/install/vicon_receiver/include/boost/asio/detail/impl/dev_poll_reactor.hpp
-- Up-to-date: /home/ph/treasure/dockerBENCH/helios16p_ws/install/vicon_receiver/include/boost/asio/detail/impl/win_event.ipp
-- Up-to-date: /home/ph/treasure/dockerBENCH/helios16p_ws/install/vicon_receiver/include/boost/asio/detail/impl/timer_queue_ptime.ipp
-- Up-to-date: /home/ph/treasure/dockerBENCH/helios16p_ws/install/vicon_receiver/include/boost/asio/detail/impl/descriptor_ops.ipp
-- Up-to-date: /home/ph/treasure/dockerBENCH/helios16p_ws/install/vicon_receiver/include/boost/asio/detail/impl/resolver_service_base.ipp
-- Up-to-date: /home/ph/treasure/dockerBENCH/helios16p_ws/install/vicon_receiver/include/boost/asio/detail/impl/win_static_mutex.ipp
-- Up-to-date: /home/ph/treasure/dockerBENCH/helios16p_ws/install/vicon_receiver/include/boost/asio/detail/impl/reactive_descriptor_service.ipp
-- Up-to-date: /home/ph/treasure/dockerBENCH/helios16p_ws/install/vicon_receiver/include/boost/asio/detail/impl/kqueue_reactor.ipp
-- Up-to-date: /home/ph/treasure/dockerBENCH/helios16p_ws/install/vicon_receiver/include/boost/asio/detail/impl/eventfd_select_interrupter.ipp
-- Up-to-date: /home/ph/treasure/dockerBENCH/helios16p_ws/install/vicon_receiver/include/boost/asio/detail/impl/win_tss_ptr.ipp
-- Up-to-date: /home/ph/treasure/dockerBENCH/helios16p_ws/install/vicon_receiver/include/boost/asio/detail/impl/socket_select_interrupter.ipp
-- Up-to-date: /home/ph/treasure/dockerBENCH/helios16p_ws/install/vicon_receiver/include/boost/asio/detail/impl/posix_mutex.ipp
-- Up-to-date: /home/ph/treasure/dockerBENCH/helios16p_ws/install/vicon_receiver/include/boost/asio/detail/impl/socket_ops.ipp
-- Up-to-date: /home/ph/treasure/dockerBENCH/helios16p_ws/install/vicon_receiver/include/boost/asio/detail/impl/epoll_reactor.hpp
-- Up-to-date: /home/ph/treasure/dockerBENCH/helios16p_ws/install/vicon_receiver/include/boost/asio/detail/impl/scheduler.ipp
-- Up-to-date: /home/ph/treasure/dockerBENCH/helios16p_ws/install/vicon_receiver/include/boost/asio/detail/impl/win_iocp_socket_service_base.ipp
-- Up-to-date: /home/ph/treasure/dockerBENCH/helios16p_ws/install/vicon_receiver/include/boost/asio/detail/impl/posix_thread.ipp
-- Up-to-date: /home/ph/treasure/dockerBENCH/helios16p_ws/install/vicon_receiver/include/boost/asio/detail/impl/dev_poll_reactor.ipp
-- Up-to-date: /home/ph/treasure/dockerBENCH/helios16p_ws/install/vicon_receiver/include/boost/asio/detail/impl/win_object_handle_service.ipp
-- Up-to-date: /home/ph/treasure/dockerBENCH/helios16p_ws/install/vicon_receiver/include/boost/asio/detail/impl/kqueue_reactor.hpp
-- Up-to-date: /home/ph/treasure/dockerBENCH/helios16p_ws/install/vicon_receiver/include/boost/asio/detail/impl/win_thread.ipp
-- Up-to-date: /home/ph/treasure/dockerBENCH/helios16p_ws/install/vicon_receiver/include/boost/asio/detail/impl/win_iocp_io_context.hpp
-- Up-to-date: /home/ph/treasure/dockerBENCH/helios16p_ws/install/vicon_receiver/include/boost/asio/detail/impl/timer_queue_set.ipp
-- Up-to-date: /home/ph/treasure/dockerBENCH/helios16p_ws/install/vicon_receiver/include/boost/asio/detail/impl/posix_event.ipp
-- Up-to-date: /home/ph/treasure/dockerBENCH/helios16p_ws/install/vicon_receiver/include/boost/asio/detail/impl/posix_tss_ptr.ipp
-- Up-to-date: /home/ph/treasure/dockerBENCH/helios16p_ws/install/vicon_receiver/include/boost/asio/detail/impl/reactive_socket_service_base.ipp
-- Up-to-date: /home/ph/treasure/dockerBENCH/helios16p_ws/install/vicon_receiver/include/boost/asio/detail/impl/winrt_timer_scheduler.hpp
-- Up-to-date: /home/ph/treasure/dockerBENCH/helios16p_ws/install/vicon_receiver/include/boost/asio/detail/impl/win_iocp_io_context.ipp
-- Up-to-date: /home/ph/treasure/dockerBENCH/helios16p_ws/install/vicon_receiver/include/boost/asio/detail/impl/handler_tracking.ipp
-- Up-to-date: /home/ph/treasure/dockerBENCH/helios16p_ws/install/vicon_receiver/include/boost/asio/detail/impl/strand_service.ipp
-- Up-to-date: /home/ph/treasure/dockerBENCH/helios16p_ws/install/vicon_receiver/include/boost/asio/detail/impl/null_event.ipp
-- Up-to-date: /home/ph/treasure/dockerBENCH/helios16p_ws/install/vicon_receiver/include/boost/asio/detail/impl/service_registry.ipp
-- Up-to-date: /home/ph/treasure/dockerBENCH/helios16p_ws/install/vicon_receiver/include/boost/asio/detail/impl/epoll_reactor.ipp
-- Up-to-date: /home/ph/treasure/dockerBENCH/helios16p_ws/install/vicon_receiver/include/boost/asio/detail/impl/win_iocp_handle_service.ipp
-- Up-to-date: /home/ph/treasure/dockerBENCH/helios16p_ws/install/vicon_receiver/include/boost/asio/detail/impl/buffer_sequence_adapter.ipp
-- Up-to-date: /home/ph/treasure/dockerBENCH/helios16p_ws/install/vicon_receiver/include/boost/asio/detail/impl/service_registry.hpp
-- Up-to-date: /home/ph/treasure/dockerBENCH/helios16p_ws/install/vicon_receiver/include/boost/asio/detail/impl/signal_set_service.ipp
-- Up-to-date: /home/ph/treasure/dockerBENCH/helios16p_ws/install/vicon_receiver/include/boost/asio/detail/impl/reactive_serial_port_service.ipp
-- Up-to-date: /home/ph/treasure/dockerBENCH/helios16p_ws/install/vicon_receiver/include/boost/asio/detail/impl/select_reactor.hpp
-- Up-to-date: /home/ph/treasure/dockerBENCH/helios16p_ws/install/vicon_receiver/include/boost/asio/detail/impl/pipe_select_interrupter.ipp
-- Up-to-date: /home/ph/treasure/dockerBENCH/helios16p_ws/install/vicon_receiver/include/boost/asio/detail/impl/strand_executor_service.ipp
-- Up-to-date: /home/ph/treasure/dockerBENCH/helios16p_ws/install/vicon_receiver/include/boost/asio/detail/impl/throw_error.ipp
-- Up-to-date: /home/ph/treasure/dockerBENCH/helios16p_ws/install/vicon_receiver/include/boost/asio/detail/impl/winrt_timer_scheduler.ipp
-- Up-to-date: /home/ph/treasure/dockerBENCH/helios16p_ws/install/vicon_receiver/include/boost/asio/detail/descriptor_write_op.hpp
-- Up-to-date: /home/ph/treasure/dockerBENCH/helios16p_ws/install/vicon_receiver/include/boost/asio/detail/wince_thread.hpp
-- Up-to-date: /home/ph/treasure/dockerBENCH/helios16p_ws/install/vicon_receiver/include/boost/asio/detail/hash_map.hpp
-- Up-to-date: /home/ph/treasure/dockerBENCH/helios16p_ws/install/vicon_receiver/include/boost/asio/detail/array.hpp
-- Up-to-date: /home/ph/treasure/dockerBENCH/helios16p_ws/install/vicon_receiver/include/boost/asio/detail/socket_holder.hpp
-- Up-to-date: /home/ph/treasure/dockerBENCH/helios16p_ws/install/vicon_receiver/include/boost/asio/detail/base_from_completion_cond.hpp
-- Up-to-date: /home/ph/treasure/dockerBENCH/helios16p_ws/install/vicon_receiver/include/boost/asio/detail/gcc_hppa_fenced_block.hpp
-- Up-to-date: /home/ph/treasure/dockerBENCH/helios16p_ws/install/vicon_receiver/include/boost/asio/detail/timer_queue_set.hpp
-- Up-to-date: /home/ph/treasure/dockerBENCH/helios16p_ws/install/vicon_receiver/include/boost/asio/detail/win_iocp_operation.hpp
-- Up-to-date: /home/ph/treasure/dockerBENCH/helios16p_ws/install/vicon_receiver/include/boost/asio/detail/buffered_stream_storage.hpp
-- Up-to-date: /home/ph/treasure/dockerBENCH/helios16p_ws/install/vicon_receiver/include/boost/asio/detail/win_iocp_socket_connect_op.hpp
-- Up-to-date: /home/ph/treasure/dockerBENCH/helios16p_ws/install/vicon_receiver/include/boost/asio/detail/non_const_lvalue.hpp
-- Up-to-date: /home/ph/treasure/dockerBENCH/helios16p_ws/install/vicon_receiver/include/boost/asio/detail/old_win_sdk_compat.hpp
-- Up-to-date: /home/ph/treasure/dockerBENCH/helios16p_ws/install/vicon_receiver/include/boost/asio/detail/reactive_descriptor_service.hpp
-- Up-to-date: /home/ph/treasure/dockerBENCH/helios16p_ws/install/vicon_receiver/include/boost/asio/detail/service_registry.hpp
-- Up-to-date: /home/ph/treasure/dockerBENCH/helios16p_ws/install/vicon_receiver/include/boost/asio/detail/std_static_mutex.hpp
-- Up-to-date: /home/ph/treasure/dockerBENCH/helios16p_ws/install/vicon_receiver/include/boost/asio/detail/reactive_socket_send_op.hpp
-- Up-to-date: /home/ph/treasure/dockerBENCH/helios16p_ws/install/vicon_receiver/include/boost/asio/detail/descriptor_read_op.hpp
-- Up-to-date: /home/ph/treasure/dockerBENCH/helios16p_ws/install/vicon_receiver/include/boost/asio/detail/socket_select_interrupter.hpp
-- Up-to-date: /home/ph/treasure/dockerBENCH/helios16p_ws/install/vicon_receiver/include/boost/asio/detail/reactive_socket_service_base.hpp
-- Up-to-date: /home/ph/treasure/dockerBENCH/helios16p_ws/install/vicon_receiver/include/boost/asio/detail/signal_op.hpp
-- Up-to-date: /home/ph/treasure/dockerBENCH/helios16p_ws/install/vicon_receiver/include/boost/asio/detail/null_thread.hpp
-- Up-to-date: /home/ph/treasure/dockerBENCH/helios16p_ws/install/vicon_receiver/include/boost/asio/detail/posix_mutex.hpp
-- Up-to-date: /home/ph/treasure/dockerBENCH/helios16p_ws/install/vicon_receiver/include/boost/asio/detail/resolve_op.hpp
-- Up-to-date: /home/ph/treasure/dockerBENCH/helios16p_ws/install/vicon_receiver/include/boost/asio/detail/cstddef.hpp
-- Up-to-date: /home/ph/treasure/dockerBENCH/helios16p_ws/install/vicon_receiver/include/boost/asio/detail/win_object_handle_service.hpp
-- Up-to-date: /home/ph/treasure/dockerBENCH/helios16p_ws/install/vicon_receiver/include/boost/asio/detail/op_queue.hpp
-- Up-to-date: /home/ph/treasure/dockerBENCH/helios16p_ws/install/vicon_receiver/include/boost/asio/detail/win_iocp_thread_info.hpp
-- Up-to-date: /home/ph/treasure/dockerBENCH/helios16p_ws/install/vicon_receiver/include/boost/asio/detail/winrt_utils.hpp
-- Up-to-date: /home/ph/treasure/dockerBENCH/helios16p_ws/install/vicon_receiver/include/boost/asio/detail/global.hpp
-- Up-to-date: /home/ph/treasure/dockerBENCH/helios16p_ws/install/vicon_receiver/include/boost/asio/detail/handler_cont_helpers.hpp
-- Up-to-date: /home/ph/treasure/dockerBENCH/helios16p_ws/install/vicon_receiver/include/boost/asio/detail/select_reactor.hpp
-- Up-to-date: /home/ph/treasure/dockerBENCH/helios16p_ws/install/vicon_receiver/include/boost/asio/detail/thread_context.hpp
-- Up-to-date: /home/ph/treasure/dockerBENCH/helios16p_ws/install/vicon_receiver/include/boost/asio/detail/reactive_serial_port_service.hpp
-- Up-to-date: /home/ph/treasure/dockerBENCH/helios16p_ws/install/vicon_receiver/include/boost/asio/detail/tss_ptr.hpp
-- Up-to-date: /home/ph/treasure/dockerBENCH/helios16p_ws/install/vicon_receiver/include/boost/asio/detail/handler_alloc_helpers.hpp
-- Up-to-date: /home/ph/treasure/dockerBENCH/helios16p_ws/install/vicon_receiver/include/boost/asio/detail/reactor_op.hpp
-- Up-to-date: /home/ph/treasure/dockerBENCH/helios16p_ws/install/vicon_receiver/include/boost/asio/detail/gcc_x86_fenced_block.hpp
-- Up-to-date: /home/ph/treasure/dockerBENCH/helios16p_ws/install/vicon_receiver/include/boost/asio/detail/event.hpp
-- Up-to-date: /home/ph/treasure/dockerBENCH/helios16p_ws/install/vicon_receiver/include/boost/asio/detail/conditionally_enabled_event.hpp
-- Up-to-date: /home/ph/treasure/dockerBENCH/helios16p_ws/install/vicon_receiver/include/boost/asio/detail/scheduler_operation.hpp
-- Up-to-date: /home/ph/treasure/dockerBENCH/helios16p_ws/install/vicon_receiver/include/boost/asio/detail/win_iocp_socket_recv_op.hpp
-- Up-to-date: /home/ph/treasure/dockerBENCH/helios16p_ws/install/vicon_receiver/include/boost/asio/detail/winrt_async_op.hpp
-- Up-to-date: /home/ph/treasure/dockerBENCH/helios16p_ws/install/vicon_receiver/include/boost/asio/detail/win_static_mutex.hpp
-- Up-to-date: /home/ph/treasure/dockerBENCH/helios16p_ws/install/vicon_receiver/include/boost/asio/detail/handler_work.hpp
-- Up-to-date: /home/ph/treasure/dockerBENCH/helios16p_ws/install/vicon_receiver/include/boost/asio/detail/date_time_fwd.hpp
-- Up-to-date: /home/ph/treasure/dockerBENCH/helios16p_ws/install/vicon_receiver/include/boost/asio/detail/scoped_ptr.hpp
-- Up-to-date: /home/ph/treasure/dockerBENCH/helios16p_ws/install/vicon_receiver/include/boost/asio/detail/handler_tracking.hpp
-- Up-to-date: /home/ph/treasure/dockerBENCH/helios16p_ws/install/vicon_receiver/include/boost/asio/detail/scoped_lock.hpp
-- Up-to-date: /home/ph/treasure/dockerBENCH/helios16p_ws/install/vicon_receiver/include/boost/asio/detail/null_reactor.hpp
-- Up-to-date: /home/ph/treasure/dockerBENCH/helios16p_ws/install/vicon_receiver/include/boost/asio/detail/win_thread.hpp
-- Up-to-date: /home/ph/treasure/dockerBENCH/helios16p_ws/install/vicon_receiver/include/boost/asio/detail/gcc_sync_fenced_block.hpp
-- Up-to-date: /home/ph/treasure/dockerBENCH/helios16p_ws/install/vicon_receiver/include/boost/asio/detail/limits.hpp
-- Up-to-date: /home/ph/treasure/dockerBENCH/helios16p_ws/install/vicon_receiver/include/boost/asio/detail/buffer_sequence_adapter.hpp
-- Up-to-date: /home/ph/treasure/dockerBENCH/helios16p_ws/install/vicon_receiver/include/boost/asio/detail/reactive_socket_recvmsg_op.hpp
-- Up-to-date: /home/ph/treasure/dockerBENCH/helios16p_ws/install/vicon_receiver/include/boost/asio/detail/io_object_impl.hpp
-- Up-to-date: /home/ph/treasure/dockerBENCH/helios16p_ws/install/vicon_receiver/include/boost/asio/execution
-- Up-to-date: /home/ph/treasure/dockerBENCH/helios16p_ws/install/vicon_receiver/include/boost/asio/execution/schedule.hpp
-- Up-to-date: /home/ph/treasure/dockerBENCH/helios16p_ws/install/vicon_receiver/include/boost/asio/execution/allocator.hpp
-- Up-to-date: /home/ph/treasure/dockerBENCH/helios16p_ws/install/vicon_receiver/include/boost/asio/execution/scheduler.hpp
-- Up-to-date: /home/ph/treasure/dockerBENCH/helios16p_ws/install/vicon_receiver/include/boost/asio/execution/invocable_archetype.hpp
-- Up-to-date: /home/ph/treasure/dockerBENCH/helios16p_ws/install/vicon_receiver/include/boost/asio/execution/receiver_invocation_error.hpp
-- Up-to-date: /home/ph/treasure/dockerBENCH/helios16p_ws/install/vicon_receiver/include/boost/asio/execution/detail
-- Up-to-date: /home/ph/treasure/dockerBENCH/helios16p_ws/install/vicon_receiver/include/boost/asio/execution/detail/as_receiver.hpp
-- Up-to-date: /home/ph/treasure/dockerBENCH/helios16p_ws/install/vicon_receiver/include/boost/asio/execution/detail/submit_receiver.hpp
-- Up-to-date: /home/ph/treasure/dockerBENCH/helios16p_ws/install/vicon_receiver/include/boost/asio/execution/detail/as_operation.hpp
-- Up-to-date: /home/ph/treasure/dockerBENCH/helios16p_ws/install/vicon_receiver/include/boost/asio/execution/detail/void_receiver.hpp
-- Up-to-date: /home/ph/treasure/dockerBENCH/helios16p_ws/install/vicon_receiver/include/boost/asio/execution/detail/as_invocable.hpp
-- Up-to-date: /home/ph/treasure/dockerBENCH/helios16p_ws/install/vicon_receiver/include/boost/asio/execution/detail/bulk_sender.hpp
-- Up-to-date: /home/ph/treasure/dockerBENCH/helios16p_ws/install/vicon_receiver/include/boost/asio/execution/start.hpp
-- Up-to-date: /home/ph/treasure/dockerBENCH/helios16p_ws/install/vicon_receiver/include/boost/asio/execution/operation_state.hpp
-- Up-to-date: /home/ph/treasure/dockerBENCH/helios16p_ws/install/vicon_receiver/include/boost/asio/execution/sender.hpp
-- Up-to-date: /home/ph/treasure/dockerBENCH/helios16p_ws/install/vicon_receiver/include/boost/asio/execution/set_done.hpp
-- Up-to-date: /home/ph/treasure/dockerBENCH/helios16p_ws/install/vicon_receiver/include/boost/asio/execution/executor.hpp
-- Up-to-date: /home/ph/treasure/dockerBENCH/helios16p_ws/install/vicon_receiver/include/boost/asio/execution/relationship.hpp
-- Up-to-date: /home/ph/treasure/dockerBENCH/helios16p_ws/install/vicon_receiver/include/boost/asio/execution/bulk_execute.hpp
-- Up-to-date: /home/ph/treasure/dockerBENCH/helios16p_ws/install/vicon_receiver/include/boost/asio/execution/any_executor.hpp
-- Up-to-date: /home/ph/treasure/dockerBENCH/helios16p_ws/install/vicon_receiver/include/boost/asio/execution/prefer_only.hpp
-- Up-to-date: /home/ph/treasure/dockerBENCH/helios16p_ws/install/vicon_receiver/include/boost/asio/execution/outstanding_work.hpp
-- Up-to-date: /home/ph/treasure/dockerBENCH/helios16p_ws/install/vicon_receiver/include/boost/asio/execution/bad_executor.hpp
-- Up-to-date: /home/ph/treasure/dockerBENCH/helios16p_ws/install/vicon_receiver/include/boost/asio/execution/execute.hpp
-- Up-to-date: /home/ph/treasure/dockerBENCH/helios16p_ws/install/vicon_receiver/include/boost/asio/execution/set_error.hpp
-- Up-to-date: /home/ph/treasure/dockerBENCH/helios16p_ws/install/vicon_receiver/include/boost/asio/execution/context_as.hpp
-- Up-to-date: /home/ph/treasure/dockerBENCH/helios16p_ws/install/vicon_receiver/include/boost/asio/execution/set_value.hpp
-- Up-to-date: /home/ph/treasure/dockerBENCH/helios16p_ws/install/vicon_receiver/include/boost/asio/execution/blocking.hpp
-- Up-to-date: /home/ph/treasure/dockerBENCH/helios16p_ws/install/vicon_receiver/include/boost/asio/execution/bulk_guarantee.hpp
-- Up-to-date: /home/ph/treasure/dockerBENCH/helios16p_ws/install/vicon_receiver/include/boost/asio/execution/mapping.hpp
-- Up-to-date: /home/ph/treasure/dockerBENCH/helios16p_ws/install/vicon_receiver/include/boost/asio/execution/impl
-- Up-to-date: /home/ph/treasure/dockerBENCH/helios16p_ws/install/vicon_receiver/include/boost/asio/execution/impl/receiver_invocation_error.ipp
-- Up-to-date: /home/ph/treasure/dockerBENCH/helios16p_ws/install/vicon_receiver/include/boost/asio/execution/impl/bad_executor.ipp
-- Up-to-date: /home/ph/treasure/dockerBENCH/helios16p_ws/install/vicon_receiver/include/boost/asio/execution/receiver.hpp
-- Up-to-date: /home/ph/treasure/dockerBENCH/helios16p_ws/install/vicon_receiver/include/boost/asio/execution/occupancy.hpp
-- Up-to-date: /home/ph/treasure/dockerBENCH/helios16p_ws/install/vicon_receiver/include/boost/asio/execution/submit.hpp
-- Up-to-date: /home/ph/treasure/dockerBENCH/helios16p_ws/install/vicon_receiver/include/boost/asio/execution/connect.hpp
-- Up-to-date: /home/ph/treasure/dockerBENCH/helios16p_ws/install/vicon_receiver/include/boost/asio/execution/blocking_adaptation.hpp
-- Up-to-date: /home/ph/treasure/dockerBENCH/helios16p_ws/install/vicon_receiver/include/boost/asio/execution/context.hpp
-- Up-to-date: /home/ph/treasure/dockerBENCH/helios16p_ws/install/vicon_receiver/include/boost/asio/buffered_stream.hpp
-- Up-to-date: /home/ph/treasure/dockerBENCH/helios16p_ws/install/vicon_receiver/include/boost/asio/posix
-- Up-to-date: /home/ph/treasure/dockerBENCH/helios16p_ws/install/vicon_receiver/include/boost/asio/posix/stream_descriptor.hpp
-- Up-to-date: /home/ph/treasure/dockerBENCH/helios16p_ws/install/vicon_receiver/include/boost/asio/posix/basic_stream_descriptor.hpp
-- Up-to-date: /home/ph/treasure/dockerBENCH/helios16p_ws/install/vicon_receiver/include/boost/asio/posix/descriptor.hpp
-- Up-to-date: /home/ph/treasure/dockerBENCH/helios16p_ws/install/vicon_receiver/include/boost/asio/posix/basic_descriptor.hpp
-- Up-to-date: /home/ph/treasure/dockerBENCH/helios16p_ws/install/vicon_receiver/include/boost/asio/posix/descriptor_base.hpp
-- Up-to-date: /home/ph/treasure/dockerBENCH/helios16p_ws/install/vicon_receiver/include/boost/asio/steady_timer.hpp
-- Up-to-date: /home/ph/treasure/dockerBENCH/helios16p_ws/install/vicon_receiver/include/boost/asio/buffered_read_stream.hpp
-- Up-to-date: /home/ph/treasure/dockerBENCH/helios16p_ws/install/vicon_receiver/include/boost/asio/write.hpp
-- Up-to-date: /home/ph/treasure/dockerBENCH/helios16p_ws/install/vicon_receiver/include/boost/asio/require_concept.hpp
-- Up-to-date: /home/ph/treasure/dockerBENCH/helios16p_ws/install/vicon_receiver/include/boost/asio/basic_signal_set.hpp
-- Up-to-date: /home/ph/treasure/dockerBENCH/helios16p_ws/install/vicon_receiver/include/boost/asio/basic_streambuf_fwd.hpp
-- Up-to-date: /home/ph/treasure/dockerBENCH/helios16p_ws/install/vicon_receiver/include/boost/asio/basic_io_object.hpp
-- Up-to-date: /home/ph/treasure/dockerBENCH/helios16p_ws/install/vicon_receiver/include/boost/asio/io_service_strand.hpp
-- Up-to-date: /home/ph/treasure/dockerBENCH/helios16p_ws/install/vicon_receiver/include/boost/asio/strand.hpp
-- Up-to-date: /home/ph/treasure/dockerBENCH/helios16p_ws/install/vicon_receiver/include/boost/asio/basic_deadline_timer.hpp
-- Up-to-date: /home/ph/treasure/dockerBENCH/helios16p_ws/install/vicon_receiver/include/boost/asio/executor.hpp
-- Up-to-date: /home/ph/treasure/dockerBENCH/helios16p_ws/install/vicon_receiver/include/boost/asio/this_coro.hpp
-- Up-to-date: /home/ph/treasure/dockerBENCH/helios16p_ws/install/vicon_receiver/include/boost/asio/serial_port_base.hpp
-- Up-to-date: /home/ph/treasure/dockerBENCH/helios16p_ws/install/vicon_receiver/include/boost/asio/high_resolution_timer.hpp
-- Up-to-date: /home/ph/treasure/dockerBENCH/helios16p_ws/install/vicon_receiver/include/boost/asio/time_traits.hpp
-- Up-to-date: /home/ph/treasure/dockerBENCH/helios16p_ws/install/vicon_receiver/include/boost/asio/signal_set.hpp
-- Up-to-date: /home/ph/treasure/dockerBENCH/helios16p_ws/install/vicon_receiver/include/boost/asio/error.hpp
-- Up-to-date: /home/ph/treasure/dockerBENCH/helios16p_ws/install/vicon_receiver/include/boost/asio/buffered_read_stream_fwd.hpp
-- Up-to-date: /home/ph/treasure/dockerBENCH/helios16p_ws/install/vicon_receiver/include/boost/asio/defer.hpp
-- Up-to-date: /home/ph/treasure/dockerBENCH/helios16p_ws/install/vicon_receiver/include/boost/asio/dispatch.hpp
-- Up-to-date: /home/ph/treasure/dockerBENCH/helios16p_ws/install/vicon_receiver/include/boost/asio/execution_context.hpp
-- Up-to-date: /home/ph/treasure/dockerBENCH/helios16p_ws/install/vicon_receiver/include/boost/asio/redirect_error.hpp
-- Up-to-date: /home/ph/treasure/dockerBENCH/helios16p_ws/install/vicon_receiver/include/boost/asio/system_context.hpp
-- Up-to-date: /home/ph/treasure/dockerBENCH/helios16p_ws/install/vicon_receiver/include/boost/asio/use_future.hpp
-- Up-to-date: /home/ph/treasure/dockerBENCH/helios16p_ws/install/vicon_receiver/include/boost/asio/io_service.hpp
-- Up-to-date: /home/ph/treasure/dockerBENCH/helios16p_ws/install/vicon_receiver/include/boost/asio/version.hpp
-- Up-to-date: /home/ph/treasure/dockerBENCH/helios16p_ws/install/vicon_receiver/include/boost/asio/traits
-- Up-to-date: /home/ph/treasure/dockerBENCH/helios16p_ws/install/vicon_receiver/include/boost/asio/traits/start_free.hpp
-- Up-to-date: /home/ph/treasure/dockerBENCH/helios16p_ws/install/vicon_receiver/include/boost/asio/traits/require_member.hpp
-- Up-to-date: /home/ph/treasure/dockerBENCH/helios16p_ws/install/vicon_receiver/include/boost/asio/traits/static_require.hpp
-- Up-to-date: /home/ph/treasure/dockerBENCH/helios16p_ws/install/vicon_receiver/include/boost/asio/traits/schedule_free.hpp
-- Up-to-date: /home/ph/treasure/dockerBENCH/helios16p_ws/install/vicon_receiver/include/boost/asio/traits/set_error_member.hpp
-- Up-to-date: /home/ph/treasure/dockerBENCH/helios16p_ws/install/vicon_receiver/include/boost/asio/traits/execute_free.hpp
-- Up-to-date: /home/ph/treasure/dockerBENCH/helios16p_ws/install/vicon_receiver/include/boost/asio/traits/connect_free.hpp
-- Up-to-date: /home/ph/treasure/dockerBENCH/helios16p_ws/install/vicon_receiver/include/boost/asio/traits/query_static_constexpr_member.hpp
-- Up-to-date: /home/ph/treasure/dockerBENCH/helios16p_ws/install/vicon_receiver/include/boost/asio/traits/bulk_execute_member.hpp
-- Up-to-date: /home/ph/treasure/dockerBENCH/helios16p_ws/install/vicon_receiver/include/boost/asio/traits/query_member.hpp
-- Up-to-date: /home/ph/treasure/dockerBENCH/helios16p_ws/install/vicon_receiver/include/boost/asio/traits/set_done_member.hpp
-- Up-to-date: /home/ph/treasure/dockerBENCH/helios16p_ws/install/vicon_receiver/include/boost/asio/traits/execute_member.hpp
-- Up-to-date: /home/ph/treasure/dockerBENCH/helios16p_ws/install/vicon_receiver/include/boost/asio/traits/submit_free.hpp
-- Up-to-date: /home/ph/treasure/dockerBENCH/helios16p_ws/install/vicon_receiver/include/boost/asio/traits/static_query.hpp
-- Up-to-date: /home/ph/treasure/dockerBENCH/helios16p_ws/install/vicon_receiver/include/boost/asio/traits/static_require_concept.hpp
-- Up-to-date: /home/ph/treasure/dockerBENCH/helios16p_ws/install/vicon_receiver/include/boost/asio/traits/set_value_member.hpp
-- Up-to-date: /home/ph/treasure/dockerBENCH/helios16p_ws/install/vicon_receiver/include/boost/asio/traits/require_free.hpp
-- Up-to-date: /home/ph/treasure/dockerBENCH/helios16p_ws/install/vicon_receiver/include/boost/asio/traits/connect_member.hpp
-- Up-to-date: /home/ph/treasure/dockerBENCH/helios16p_ws/install/vicon_receiver/include/boost/asio/traits/schedule_member.hpp
-- Up-to-date: /home/ph/treasure/dockerBENCH/helios16p_ws/install/vicon_receiver/include/boost/asio/traits/require_concept_member.hpp
-- Up-to-date: /home/ph/treasure/dockerBENCH/helios16p_ws/install/vicon_receiver/include/boost/asio/traits/start_member.hpp
-- Up-to-date: /home/ph/treasure/dockerBENCH/helios16p_ws/install/vicon_receiver/include/boost/asio/traits/set_value_free.hpp
-- Up-to-date: /home/ph/treasure/dockerBENCH/helios16p_ws/install/vicon_receiver/include/boost/asio/traits/bulk_execute_free.hpp
-- Up-to-date: /home/ph/treasure/dockerBENCH/helios16p_ws/install/vicon_receiver/include/boost/asio/traits/prefer_member.hpp
-- Up-to-date: /home/ph/treasure/dockerBENCH/helios16p_ws/install/vicon_receiver/include/boost/asio/traits/submit_member.hpp
-- Up-to-date: /home/ph/treasure/dockerBENCH/helios16p_ws/install/vicon_receiver/include/boost/asio/traits/set_error_free.hpp
-- Up-to-date: /home/ph/treasure/dockerBENCH/helios16p_ws/install/vicon_receiver/include/boost/asio/traits/query_free.hpp
-- Up-to-date: /home/ph/treasure/dockerBENCH/helios16p_ws/install/vicon_receiver/include/boost/asio/traits/require_concept_free.hpp
-- Up-to-date: /home/ph/treasure/dockerBENCH/helios16p_ws/install/vicon_receiver/include/boost/asio/traits/set_done_free.hpp
-- Up-to-date: /home/ph/treasure/dockerBENCH/helios16p_ws/install/vicon_receiver/include/boost/asio/traits/equality_comparable.hpp
-- Up-to-date: /home/ph/treasure/dockerBENCH/helios16p_ws/install/vicon_receiver/include/boost/asio/traits/prefer_free.hpp
-- Up-to-date: /home/ph/treasure/dockerBENCH/helios16p_ws/install/vicon_receiver/include/boost/asio/basic_socket.hpp
-- Up-to-date: /home/ph/treasure/dockerBENCH/helios16p_ws/install/vicon_receiver/include/boost/asio/buffers_iterator.hpp
-- Up-to-date: /home/ph/treasure/dockerBENCH/helios16p_ws/install/vicon_receiver/include/boost/asio/windows
-- Up-to-date: /home/ph/treasure/dockerBENCH/helios16p_ws/install/vicon_receiver/include/boost/asio/windows/overlapped_ptr.hpp
-- Up-to-date: /home/ph/treasure/dockerBENCH/helios16p_ws/install/vicon_receiver/include/boost/asio/windows/basic_object_handle.hpp
-- Up-to-date: /home/ph/treasure/dockerBENCH/helios16p_ws/install/vicon_receiver/include/boost/asio/windows/basic_stream_handle.hpp
-- Up-to-date: /home/ph/treasure/dockerBENCH/helios16p_ws/install/vicon_receiver/include/boost/asio/windows/basic_overlapped_handle.hpp
-- Up-to-date: /home/ph/treasure/dockerBENCH/helios16p_ws/install/vicon_receiver/include/boost/asio/windows/basic_random_access_handle.hpp
-- Up-to-date: /home/ph/treasure/dockerBENCH/helios16p_ws/install/vicon_receiver/include/boost/asio/windows/object_handle.hpp
-- Up-to-date: /home/ph/treasure/dockerBENCH/helios16p_ws/install/vicon_receiver/include/boost/asio/windows/stream_handle.hpp
-- Up-to-date: /home/ph/treasure/dockerBENCH/helios16p_ws/install/vicon_receiver/include/boost/asio/windows/overlapped_handle.hpp
-- Up-to-date: /home/ph/treasure/dockerBENCH/helios16p_ws/install/vicon_receiver/include/boost/asio/windows/random_access_handle.hpp
-- Up-to-date: /home/ph/treasure/dockerBENCH/helios16p_ws/install/vicon_receiver/include/boost/asio/buffered_stream_fwd.hpp
-- Up-to-date: /home/ph/treasure/dockerBENCH/helios16p_ws/install/vicon_receiver/include/boost/asio/bind_executor.hpp
-- Up-to-date: /home/ph/treasure/dockerBENCH/helios16p_ws/install/vicon_receiver/include/boost/asio/read_until.hpp
-- Up-to-date: /home/ph/treasure/dockerBENCH/helios16p_ws/install/vicon_receiver/include/boost/asio/placeholders.hpp
-- Up-to-date: /home/ph/treasure/dockerBENCH/helios16p_ws/install/vicon_receiver/include/boost/asio/buffer.hpp
-- Up-to-date: /home/ph/treasure/dockerBENCH/helios16p_ws/install/vicon_receiver/include/boost/asio/basic_serial_port.hpp
-- Up-to-date: /home/ph/treasure/dockerBENCH/helios16p_ws/install/vicon_receiver/include/boost/asio/basic_socket_acceptor.hpp
-- Up-to-date: /home/ph/treasure/dockerBENCH/helios16p_ws/install/vicon_receiver/include/boost/asio/local
-- Up-to-date: /home/ph/treasure/dockerBENCH/helios16p_ws/install/vicon_receiver/include/boost/asio/local/detail
-- Up-to-date: /home/ph/treasure/dockerBENCH/helios16p_ws/install/vicon_receiver/include/boost/asio/local/detail/impl
-- Up-to-date: /home/ph/treasure/dockerBENCH/helios16p_ws/install/vicon_receiver/include/boost/asio/local/detail/impl/endpoint.ipp
-- Up-to-date: /home/ph/treasure/dockerBENCH/helios16p_ws/install/vicon_receiver/include/boost/asio/local/detail/endpoint.hpp
-- Up-to-date: /home/ph/treasure/dockerBENCH/helios16p_ws/install/vicon_receiver/include/boost/asio/local/stream_protocol.hpp
-- Up-to-date: /home/ph/treasure/dockerBENCH/helios16p_ws/install/vicon_receiver/include/boost/asio/local/basic_endpoint.hpp
-- Up-to-date: /home/ph/treasure/dockerBENCH/helios16p_ws/install/vicon_receiver/include/boost/asio/local/datagram_protocol.hpp
-- Up-to-date: /home/ph/treasure/dockerBENCH/helios16p_ws/install/vicon_receiver/include/boost/asio/local/connect_pair.hpp
-- Up-to-date: /home/ph/treasure/dockerBENCH/helios16p_ws/install/vicon_receiver/include/boost/asio/basic_seq_packet_socket.hpp
-- Up-to-date: /home/ph/treasure/dockerBENCH/helios16p_ws/install/vicon_receiver/include/boost/asio/deadline_timer.hpp
-- Up-to-date: /home/ph/treasure/dockerBENCH/helios16p_ws/install/vicon_receiver/include/boost/asio/prefer.hpp
-- Up-to-date: /home/ph/treasure/dockerBENCH/helios16p_ws/install/vicon_receiver/include/boost/asio/wait_traits.hpp
-- Up-to-date: /home/ph/treasure/dockerBENCH/helios16p_ws/install/vicon_receiver/include/boost/asio/basic_raw_socket.hpp
-- Up-to-date: /home/ph/treasure/dockerBENCH/helios16p_ws/install/vicon_receiver/include/boost/asio/is_executor.hpp
-- Up-to-date: /home/ph/treasure/dockerBENCH/helios16p_ws/install/vicon_receiver/include/boost/asio/require.hpp
-- Up-to-date: /home/ph/treasure/dockerBENCH/helios16p_ws/install/vicon_receiver/include/boost/asio/buffered_write_stream_fwd.hpp
-- Up-to-date: /home/ph/treasure/dockerBENCH/helios16p_ws/install/vicon_receiver/include/boost/asio/socket_base.hpp
-- Up-to-date: /home/ph/treasure/dockerBENCH/helios16p_ws/install/vicon_receiver/include/boost/asio/awaitable.hpp
-- Up-to-date: /home/ph/treasure/dockerBENCH/helios16p_ws/install/vicon_receiver/include/boost/asio/uses_executor.hpp
-- Up-to-date: /home/ph/treasure/dockerBENCH/helios16p_ws/install/vicon_receiver/include/boost/asio/thread_pool.hpp
-- Up-to-date: /home/ph/treasure/dockerBENCH/helios16p_ws/install/vicon_receiver/include/boost/asio/associated_allocator.hpp
-- Up-to-date: /home/ph/treasure/dockerBENCH/helios16p_ws/install/vicon_receiver/include/boost/asio/any_io_executor.hpp
-- Up-to-date: /home/ph/treasure/dockerBENCH/helios16p_ws/install/vicon_receiver/include/boost/asio/read_at.hpp
-- Up-to-date: /home/ph/treasure/dockerBENCH/helios16p_ws/install/vicon_receiver/include/boost/asio/system_timer.hpp
-- Up-to-date: /home/ph/treasure/dockerBENCH/helios16p_ws/install/vicon_receiver/include/boost/asio/multiple_exceptions.hpp
-- Up-to-date: /home/ph/treasure/dockerBENCH/helios16p_ws/install/vicon_receiver/include/boost/asio/read.hpp
-- Up-to-date: /home/ph/treasure/dockerBENCH/helios16p_ws/install/vicon_receiver/include/boost/asio/impl
-- Up-to-date: /home/ph/treasure/dockerBENCH/helios16p_ws/install/vicon_receiver/include/boost/asio/impl/executor.ipp
-- Up-to-date: /home/ph/treasure/dockerBENCH/helios16p_ws/install/vicon_receiver/include/boost/asio/impl/compose.hpp
-- Up-to-date: /home/ph/treasure/dockerBENCH/helios16p_ws/install/vicon_receiver/include/boost/asio/impl/post.hpp
-- Up-to-date: /home/ph/treasure/dockerBENCH/helios16p_ws/install/vicon_receiver/include/boost/asio/impl/system_executor.hpp
-- Up-to-date: /home/ph/treasure/dockerBENCH/helios16p_ws/install/vicon_receiver/include/boost/asio/impl/use_awaitable.hpp
-- Up-to-date: /home/ph/treasure/dockerBENCH/helios16p_ws/install/vicon_receiver/include/boost/asio/impl/system_context.ipp
-- Up-to-date: /home/ph/treasure/dockerBENCH/helios16p_ws/install/vicon_receiver/include/boost/asio/impl/multiple_exceptions.ipp
-- Up-to-date: /home/ph/treasure/dockerBENCH/helios16p_ws/install/vicon_receiver/include/boost/asio/impl/buffered_read_stream.hpp
-- Up-to-date: /home/ph/treasure/dockerBENCH/helios16p_ws/install/vicon_receiver/include/boost/asio/impl/write.hpp
-- Up-to-date: /home/ph/treasure/dockerBENCH/helios16p_ws/install/vicon_receiver/include/boost/asio/impl/thread_pool.ipp
-- Up-to-date: /home/ph/treasure/dockerBENCH/helios16p_ws/install/vicon_receiver/include/boost/asio/impl/execution_context.ipp
-- Up-to-date: /home/ph/treasure/dockerBENCH/helios16p_ws/install/vicon_receiver/include/boost/asio/impl/executor.hpp
-- Up-to-date: /home/ph/treasure/dockerBENCH/helios16p_ws/install/vicon_receiver/include/boost/asio/impl/serial_port_base.ipp
-- Up-to-date: /home/ph/treasure/dockerBENCH/helios16p_ws/install/vicon_receiver/include/boost/asio/impl/serial_port_base.hpp
-- Up-to-date: /home/ph/treasure/dockerBENCH/helios16p_ws/install/vicon_receiver/include/boost/asio/impl/error.ipp
-- Up-to-date: /home/ph/treasure/dockerBENCH/helios16p_ws/install/vicon_receiver/include/boost/asio/impl/defer.hpp
-- Up-to-date: /home/ph/treasure/dockerBENCH/helios16p_ws/install/vicon_receiver/include/boost/asio/impl/dispatch.hpp
-- Up-to-date: /home/ph/treasure/dockerBENCH/helios16p_ws/install/vicon_receiver/include/boost/asio/impl/execution_context.hpp
-- Up-to-date: /home/ph/treasure/dockerBENCH/helios16p_ws/install/vicon_receiver/include/boost/asio/impl/redirect_error.hpp
-- Up-to-date: /home/ph/treasure/dockerBENCH/helios16p_ws/install/vicon_receiver/include/boost/asio/impl/system_context.hpp
-- Up-to-date: /home/ph/treasure/dockerBENCH/helios16p_ws/install/vicon_receiver/include/boost/asio/impl/use_future.hpp
-- Up-to-date: /home/ph/treasure/dockerBENCH/helios16p_ws/install/vicon_receiver/include/boost/asio/impl/read_until.hpp
-- Up-to-date: /home/ph/treasure/dockerBENCH/helios16p_ws/install/vicon_receiver/include/boost/asio/impl/handler_alloc_hook.ipp
-- Up-to-date: /home/ph/treasure/dockerBENCH/helios16p_ws/install/vicon_receiver/include/boost/asio/impl/io_context.ipp
-- Up-to-date: /home/ph/treasure/dockerBENCH/helios16p_ws/install/vicon_receiver/include/boost/asio/impl/awaitable.hpp
-- Up-to-date: /home/ph/treasure/dockerBENCH/helios16p_ws/install/vicon_receiver/include/boost/asio/impl/thread_pool.hpp
-- Up-to-date: /home/ph/treasure/dockerBENCH/helios16p_ws/install/vicon_receiver/include/boost/asio/impl/read_at.hpp
-- Up-to-date: /home/ph/treasure/dockerBENCH/helios16p_ws/install/vicon_receiver/include/boost/asio/impl/read.hpp
-- Up-to-date: /home/ph/treasure/dockerBENCH/helios16p_ws/install/vicon_receiver/include/boost/asio/impl/detached.hpp
-- Up-to-date: /home/ph/treasure/dockerBENCH/helios16p_ws/install/vicon_receiver/include/boost/asio/impl/buffered_write_stream.hpp
-- Up-to-date: /home/ph/treasure/dockerBENCH/helios16p_ws/install/vicon_receiver/include/boost/asio/impl/connect.hpp
-- Up-to-date: /home/ph/treasure/dockerBENCH/helios16p_ws/install/vicon_receiver/include/boost/asio/impl/io_context.hpp
-- Up-to-date: /home/ph/treasure/dockerBENCH/helios16p_ws/install/vicon_receiver/include/boost/asio/impl/write_at.hpp
-- Up-to-date: /home/ph/treasure/dockerBENCH/helios16p_ws/install/vicon_receiver/include/boost/asio/impl/co_spawn.hpp
-- Up-to-date: /home/ph/treasure/dockerBENCH/helios16p_ws/install/vicon_receiver/include/boost/asio/generic
-- Up-to-date: /home/ph/treasure/dockerBENCH/helios16p_ws/install/vicon_receiver/include/boost/asio/generic/detail
-- Up-to-date: /home/ph/treasure/dockerBENCH/helios16p_ws/install/vicon_receiver/include/boost/asio/generic/detail/impl
-- Up-to-date: /home/ph/treasure/dockerBENCH/helios16p_ws/install/vicon_receiver/include/boost/asio/generic/detail/impl/endpoint.ipp
-- Up-to-date: /home/ph/treasure/dockerBENCH/helios16p_ws/install/vicon_receiver/include/boost/asio/generic/detail/endpoint.hpp
-- Up-to-date: /home/ph/treasure/dockerBENCH/helios16p_ws/install/vicon_receiver/include/boost/asio/generic/seq_packet_protocol.hpp
-- Up-to-date: /home/ph/treasure/dockerBENCH/helios16p_ws/install/vicon_receiver/include/boost/asio/generic/stream_protocol.hpp
-- Up-to-date: /home/ph/treasure/dockerBENCH/helios16p_ws/install/vicon_receiver/include/boost/asio/generic/basic_endpoint.hpp
-- Up-to-date: /home/ph/treasure/dockerBENCH/helios16p_ws/install/vicon_receiver/include/boost/asio/generic/datagram_protocol.hpp
-- Up-to-date: /home/ph/treasure/dockerBENCH/helios16p_ws/install/vicon_receiver/include/boost/asio/generic/raw_protocol.hpp
-- Up-to-date: /home/ph/treasure/dockerBENCH/helios16p_ws/install/vicon_receiver/include/boost/asio/basic_socket_streambuf.hpp
-- Up-to-date: /home/ph/treasure/dockerBENCH/helios16p_ws/install/vicon_receiver/include/boost/asio/packaged_task.hpp
-- Up-to-date: /home/ph/treasure/dockerBENCH/helios16p_ws/install/vicon_receiver/include/boost/asio/associated_executor.hpp
-- Up-to-date: /home/ph/treasure/dockerBENCH/helios16p_ws/install/vicon_receiver/include/boost/asio/is_write_buffered.hpp
-- Up-to-date: /home/ph/treasure/dockerBENCH/helios16p_ws/install/vicon_receiver/include/boost/asio/detached.hpp
-- Up-to-date: /home/ph/treasure/dockerBENCH/helios16p_ws/install/vicon_receiver/include/boost/asio/execution.hpp
-- Up-to-date: /home/ph/treasure/dockerBENCH/helios16p_ws/install/vicon_receiver/include/boost/asio/basic_stream_socket.hpp
-- Up-to-date: /home/ph/treasure/dockerBENCH/helios16p_ws/install/vicon_receiver/include/boost/asio/buffered_write_stream.hpp
-- Up-to-date: /home/ph/treasure/dockerBENCH/helios16p_ws/install/vicon_receiver/include/boost/asio/is_applicable_property.hpp
-- Up-to-date: /home/ph/treasure/dockerBENCH/helios16p_ws/install/vicon_receiver/include/boost/asio/coroutine.hpp
-- Up-to-date: /home/ph/treasure/dockerBENCH/helios16p_ws/install/vicon_receiver/include/boost/asio/connect.hpp
-- Up-to-date: /home/ph/treasure/dockerBENCH/helios16p_ws/install/vicon_receiver/include/boost/asio/query.hpp
-- Up-to-date: /home/ph/treasure/dockerBENCH/helios16p_ws/install/vicon_receiver/include/boost/asio/io_context_strand.hpp
-- Up-to-date: /home/ph/treasure/dockerBENCH/helios16p_ws/install/vicon_receiver/include/boost/asio/io_context.hpp
-- Up-to-date: /home/ph/treasure/dockerBENCH/helios16p_ws/install/vicon_receiver/include/boost/asio/write_at.hpp
-- Up-to-date: /home/ph/treasure/dockerBENCH/helios16p_ws/install/vicon_receiver/include/boost/asio/handler_invoke_hook.hpp
-- Up-to-date: /home/ph/treasure/dockerBENCH/helios16p_ws/install/vicon_receiver/include/boost/asio/handler_alloc_hook.hpp
-- Up-to-date: /home/ph/treasure/dockerBENCH/helios16p_ws/install/vicon_receiver/include/boost/asio/basic_datagram_socket.hpp
-- Up-to-date: /home/ph/treasure/dockerBENCH/helios16p_ws/install/vicon_receiver/include/boost/asio/completion_condition.hpp
-- Up-to-date: /home/ph/treasure/dockerBENCH/helios16p_ws/install/vicon_receiver/include/boost/asio/serial_port.hpp
-- Up-to-date: /home/ph/treasure/dockerBENCH/helios16p_ws/install/vicon_receiver/include/boost/asio/basic_waitable_timer.hpp
-- Up-to-date: /home/ph/treasure/dockerBENCH/helios16p_ws/install/vicon_receiver/include/boost/asio/is_read_buffered.hpp
-- Up-to-date: /home/ph/treasure/dockerBENCH/helios16p_ws/install/vicon_receiver/include/boost/asio/ip
-- Up-to-date: /home/ph/treasure/dockerBENCH/helios16p_ws/install/vicon_receiver/include/boost/asio/ip/address_v4.hpp
-- Up-to-date: /home/ph/treasure/dockerBENCH/helios16p_ws/install/vicon_receiver/include/boost/asio/ip/basic_resolver_results.hpp
-- Up-to-date: /home/ph/treasure/dockerBENCH/helios16p_ws/install/vicon_receiver/include/boost/asio/ip/address_v6_range.hpp
-- Up-to-date: /home/ph/treasure/dockerBENCH/helios16p_ws/install/vicon_receiver/include/boost/asio/ip/multicast.hpp
-- Up-to-date: /home/ph/treasure/dockerBENCH/helios16p_ws/install/vicon_receiver/include/boost/asio/ip/detail
-- Up-to-date: /home/ph/treasure/dockerBENCH/helios16p_ws/install/vicon_receiver/include/boost/asio/ip/detail/socket_option.hpp
-- Up-to-date: /home/ph/treasure/dockerBENCH/helios16p_ws/install/vicon_receiver/include/boost/asio/ip/detail/impl
-- Up-to-date: /home/ph/treasure/dockerBENCH/helios16p_ws/install/vicon_receiver/include/boost/asio/ip/detail/impl/endpoint.ipp
-- Up-to-date: /home/ph/treasure/dockerBENCH/helios16p_ws/install/vicon_receiver/include/boost/asio/ip/detail/endpoint.hpp
-- Up-to-date: /home/ph/treasure/dockerBENCH/helios16p_ws/install/vicon_receiver/include/boost/asio/ip/bad_address_cast.hpp
-- Up-to-date: /home/ph/treasure/dockerBENCH/helios16p_ws/install/vicon_receiver/include/boost/asio/ip/basic_resolver.hpp
-- Up-to-date: /home/ph/treasure/dockerBENCH/helios16p_ws/install/vicon_receiver/include/boost/asio/ip/address_v6.hpp
-- Up-to-date: /home/ph/treasure/dockerBENCH/helios16p_ws/install/vicon_receiver/include/boost/asio/ip/address_v4_iterator.hpp
-- Up-to-date: /home/ph/treasure/dockerBENCH/helios16p_ws/install/vicon_receiver/include/boost/asio/ip/resolver_query_base.hpp
-- Up-to-date: /home/ph/treasure/dockerBENCH/helios16p_ws/install/vicon_receiver/include/boost/asio/ip/udp.hpp
-- Up-to-date: /home/ph/treasure/dockerBENCH/helios16p_ws/install/vicon_receiver/include/boost/asio/ip/basic_endpoint.hpp
-- Up-to-date: /home/ph/treasure/dockerBENCH/helios16p_ws/install/vicon_receiver/include/boost/asio/ip/network_v4.hpp
-- Up-to-date: /home/ph/treasure/dockerBENCH/helios16p_ws/install/vicon_receiver/include/boost/asio/ip/network_v6.hpp
-- Up-to-date: /home/ph/treasure/dockerBENCH/helios16p_ws/install/vicon_receiver/include/boost/asio/ip/address_v6_iterator.hpp
-- Up-to-date: /home/ph/treasure/dockerBENCH/helios16p_ws/install/vicon_receiver/include/boost/asio/ip/address_v4_range.hpp
-- Up-to-date: /home/ph/treasure/dockerBENCH/helios16p_ws/install/vicon_receiver/include/boost/asio/ip/icmp.hpp
-- Up-to-date: /home/ph/treasure/dockerBENCH/helios16p_ws/install/vicon_receiver/include/boost/asio/ip/host_name.hpp
-- Up-to-date: /home/ph/treasure/dockerBENCH/helios16p_ws/install/vicon_receiver/include/boost/asio/ip/unicast.hpp
-- Up-to-date: /home/ph/treasure/dockerBENCH/helios16p_ws/install/vicon_receiver/include/boost/asio/ip/impl
-- Up-to-date: /home/ph/treasure/dockerBENCH/helios16p_ws/install/vicon_receiver/include/boost/asio/ip/impl/address_v4.hpp
-- Up-to-date: /home/ph/treasure/dockerBENCH/helios16p_ws/install/vicon_receiver/include/boost/asio/ip/impl/address_v4.ipp
-- Up-to-date: /home/ph/treasure/dockerBENCH/helios16p_ws/install/vicon_receiver/include/boost/asio/ip/impl/address_v6.hpp
-- Up-to-date: /home/ph/treasure/dockerBENCH/helios16p_ws/install/vicon_receiver/include/boost/asio/ip/impl/network_v4.ipp
-- Up-to-date: /home/ph/treasure/dockerBENCH/helios16p_ws/install/vicon_receiver/include/boost/asio/ip/impl/basic_endpoint.hpp
-- Up-to-date: /home/ph/treasure/dockerBENCH/helios16p_ws/install/vicon_receiver/include/boost/asio/ip/impl/network_v4.hpp
-- Up-to-date: /home/ph/treasure/dockerBENCH/helios16p_ws/install/vicon_receiver/include/boost/asio/ip/impl/network_v6.hpp
-- Up-to-date: /home/ph/treasure/dockerBENCH/helios16p_ws/install/vicon_receiver/include/boost/asio/ip/impl/network_v6.ipp
-- Up-to-date: /home/ph/treasure/dockerBENCH/helios16p_ws/install/vicon_receiver/include/boost/asio/ip/impl/host_name.ipp
-- Up-to-date: /home/ph/treasure/dockerBENCH/helios16p_ws/install/vicon_receiver/include/boost/asio/ip/impl/address.ipp
-- Up-to-date: /home/ph/treasure/dockerBENCH/helios16p_ws/install/vicon_receiver/include/boost/asio/ip/impl/address.hpp
-- Up-to-date: /home/ph/treasure/dockerBENCH/helios16p_ws/install/vicon_receiver/include/boost/asio/ip/impl/address_v6.ipp
-- Up-to-date: /home/ph/treasure/dockerBENCH/helios16p_ws/install/vicon_receiver/include/boost/asio/ip/basic_resolver_entry.hpp
-- Up-to-date: /home/ph/treasure/dockerBENCH/helios16p_ws/install/vicon_receiver/include/boost/asio/ip/resolver_base.hpp
-- Up-to-date: /home/ph/treasure/dockerBENCH/helios16p_ws/install/vicon_receiver/include/boost/asio/ip/basic_resolver_query.hpp
-- Up-to-date: /home/ph/treasure/dockerBENCH/helios16p_ws/install/vicon_receiver/include/boost/asio/ip/address.hpp
-- Up-to-date: /home/ph/treasure/dockerBENCH/helios16p_ws/install/vicon_receiver/include/boost/asio/ip/v6_only.hpp
-- Up-to-date: /home/ph/treasure/dockerBENCH/helios16p_ws/install/vicon_receiver/include/boost/asio/ip/basic_resolver_iterator.hpp
-- Up-to-date: /home/ph/treasure/dockerBENCH/helios16p_ws/install/vicon_receiver/include/boost/asio/ip/tcp.hpp
-- Up-to-date: /home/ph/treasure/dockerBENCH/helios16p_ws/install/vicon_receiver/include/boost/asio/co_spawn.hpp
-- Up-to-date: /home/ph/treasure/dockerBENCH/helios16p_ws/install/vicon_receiver/include/boost/algorithm
-- Up-to-date: /home/ph/treasure/dockerBENCH/helios16p_ws/install/vicon_receiver/include/boost/algorithm/string.hpp
-- Up-to-date: /home/ph/treasure/dockerBENCH/helios16p_ws/install/vicon_receiver/include/boost/algorithm/string
-- Up-to-date: /home/ph/treasure/dockerBENCH/helios16p_ws/install/vicon_receiver/include/boost/algorithm/string/std_containers_traits.hpp
-- Up-to-date: /home/ph/treasure/dockerBENCH/helios16p_ws/install/vicon_receiver/include/boost/algorithm/string/detail
-- Up-to-date: /home/ph/treasure/dockerBENCH/helios16p_ws/install/vicon_receiver/include/boost/algorithm/string/detail/find_format_store.hpp
-- Up-to-date: /home/ph/treasure/dockerBENCH/helios16p_ws/install/vicon_receiver/include/boost/algorithm/string/detail/replace_storage.hpp
-- Up-to-date: /home/ph/treasure/dockerBENCH/helios16p_ws/install/vicon_receiver/include/boost/algorithm/string/detail/find_iterator.hpp
-- Up-to-date: /home/ph/treasure/dockerBENCH/helios16p_ws/install/vicon_receiver/include/boost/algorithm/string/detail/finder.hpp
-- Up-to-date: /home/ph/treasure/dockerBENCH/helios16p_ws/install/vicon_receiver/include/boost/algorithm/string/detail/util.hpp
-- Up-to-date: /home/ph/treasure/dockerBENCH/helios16p_ws/install/vicon_receiver/include/boost/algorithm/string/detail/trim.hpp
-- Up-to-date: /home/ph/treasure/dockerBENCH/helios16p_ws/install/vicon_receiver/include/boost/algorithm/string/detail/sequence.hpp
-- Up-to-date: /home/ph/treasure/dockerBENCH/helios16p_ws/install/vicon_receiver/include/boost/algorithm/string/detail/find_format.hpp
-- Up-to-date: /home/ph/treasure/dockerBENCH/helios16p_ws/install/vicon_receiver/include/boost/algorithm/string/detail/classification.hpp
-- Up-to-date: /home/ph/treasure/dockerBENCH/helios16p_ws/install/vicon_receiver/include/boost/algorithm/string/detail/predicate.hpp
-- Up-to-date: /home/ph/treasure/dockerBENCH/helios16p_ws/install/vicon_receiver/include/boost/algorithm/string/detail/find_format_all.hpp
-- Up-to-date: /home/ph/treasure/dockerBENCH/helios16p_ws/install/vicon_receiver/include/boost/algorithm/string/detail/formatter.hpp
-- Up-to-date: /home/ph/treasure/dockerBENCH/helios16p_ws/install/vicon_receiver/include/boost/algorithm/string/detail/case_conv.hpp
-- Up-to-date: /home/ph/treasure/dockerBENCH/helios16p_ws/install/vicon_receiver/include/boost/algorithm/string/erase.hpp
-- Up-to-date: /home/ph/treasure/dockerBENCH/helios16p_ws/install/vicon_receiver/include/boost/algorithm/string/sequence_traits.hpp
-- Up-to-date: /home/ph/treasure/dockerBENCH/helios16p_ws/install/vicon_receiver/include/boost/algorithm/string/find_iterator.hpp
-- Up-to-date: /home/ph/treasure/dockerBENCH/helios16p_ws/install/vicon_receiver/include/boost/algorithm/string/yes_no_type.hpp
-- Up-to-date: /home/ph/treasure/dockerBENCH/helios16p_ws/install/vicon_receiver/include/boost/algorithm/string/find.hpp
-- Up-to-date: /home/ph/treasure/dockerBENCH/helios16p_ws/install/vicon_receiver/include/boost/algorithm/string/std
-- Up-to-date: /home/ph/treasure/dockerBENCH/helios16p_ws/install/vicon_receiver/include/boost/algorithm/string/std/slist_traits.hpp
-- Up-to-date: /home/ph/treasure/dockerBENCH/helios16p_ws/install/vicon_receiver/include/boost/algorithm/string/std/string_traits.hpp
-- Up-to-date: /home/ph/treasure/dockerBENCH/helios16p_ws/install/vicon_receiver/include/boost/algorithm/string/std/list_traits.hpp
-- Up-to-date: /home/ph/treasure/dockerBENCH/helios16p_ws/install/vicon_receiver/include/boost/algorithm/string/finder.hpp
-- Up-to-date: /home/ph/treasure/dockerBENCH/helios16p_ws/install/vicon_receiver/include/boost/algorithm/string/config.hpp
-- Up-to-date: /home/ph/treasure/dockerBENCH/helios16p_ws/install/vicon_receiver/include/boost/algorithm/string/trim.hpp
-- Up-to-date: /home/ph/treasure/dockerBENCH/helios16p_ws/install/vicon_receiver/include/boost/algorithm/string/join.hpp
-- Up-to-date: /home/ph/treasure/dockerBENCH/helios16p_ws/install/vicon_receiver/include/boost/algorithm/string/replace.hpp
-- Up-to-date: /home/ph/treasure/dockerBENCH/helios16p_ws/install/vicon_receiver/include/boost/algorithm/string/compare.hpp
-- Up-to-date: /home/ph/treasure/dockerBENCH/helios16p_ws/install/vicon_receiver/include/boost/algorithm/string/split.hpp
-- Up-to-date: /home/ph/treasure/dockerBENCH/helios16p_ws/install/vicon_receiver/include/boost/algorithm/string/constants.hpp
-- Up-to-date: /home/ph/treasure/dockerBENCH/helios16p_ws/install/vicon_receiver/include/boost/algorithm/string/concept.hpp
-- Up-to-date: /home/ph/treasure/dockerBENCH/helios16p_ws/install/vicon_receiver/include/boost/algorithm/string/iter_find.hpp
-- Up-to-date: /home/ph/treasure/dockerBENCH/helios16p_ws/install/vicon_receiver/include/boost/algorithm/string/find_format.hpp
-- Up-to-date: /home/ph/treasure/dockerBENCH/helios16p_ws/install/vicon_receiver/include/boost/algorithm/string/classification.hpp
-- Up-to-date: /home/ph/treasure/dockerBENCH/helios16p_ws/install/vicon_receiver/include/boost/algorithm/string/predicate.hpp
-- Up-to-date: /home/ph/treasure/dockerBENCH/helios16p_ws/install/vicon_receiver/include/boost/algorithm/string/formatter.hpp
-- Up-to-date: /home/ph/treasure/dockerBENCH/helios16p_ws/install/vicon_receiver/include/boost/algorithm/string/predicate_facade.hpp
-- Up-to-date: /home/ph/treasure/dockerBENCH/helios16p_ws/install/vicon_receiver/include/boost/algorithm/string/case_conv.hpp
-- Up-to-date: /home/ph/treasure/dockerBENCH/helios16p_ws/install/vicon_receiver/include/boost/function_equal.hpp
-- Up-to-date: /home/ph/treasure/dockerBENCH/helios16p_ws/install/vicon_receiver/include/boost/operators.hpp
-- Up-to-date: /home/ph/treasure/dockerBENCH/helios16p_ws/install/vicon_receiver/include/boost/ref.hpp
-- Up-to-date: /home/ph/treasure/dockerBENCH/helios16p_ws/install/vicon_receiver/include/boost/non_type.hpp
-- Up-to-date: /home/ph/treasure/dockerBENCH/helios16p_ws/install/vicon_receiver/include/boost/swap.hpp
-- Up-to-date: /home/ph/treasure/dockerBENCH/helios16p_ws/install/vicon_receiver/include/boost/exception
-- Up-to-date: /home/ph/treasure/dockerBENCH/helios16p_ws/install/vicon_receiver/include/boost/exception/detail
-- Up-to-date: /home/ph/treasure/dockerBENCH/helios16p_ws/install/vicon_receiver/include/boost/exception/detail/shared_ptr.hpp
-- Up-to-date: /home/ph/treasure/dockerBENCH/helios16p_ws/install/vicon_receiver/include/boost/exception/detail/is_output_streamable.hpp
-- Up-to-date: /home/ph/treasure/dockerBENCH/helios16p_ws/install/vicon_receiver/include/boost/exception/detail/type_info.hpp
-- Up-to-date: /home/ph/treasure/dockerBENCH/helios16p_ws/install/vicon_receiver/include/boost/exception/detail/exception_ptr.hpp
-- Up-to-date: /home/ph/treasure/dockerBENCH/helios16p_ws/install/vicon_receiver/include/boost/exception/detail/error_info_impl.hpp
-- Up-to-date: /home/ph/treasure/dockerBENCH/helios16p_ws/install/vicon_receiver/include/boost/exception/detail/clone_current_exception.hpp
-- Up-to-date: /home/ph/treasure/dockerBENCH/helios16p_ws/install/vicon_receiver/include/boost/exception/detail/object_hex_dump.hpp
-- Up-to-date: /home/ph/treasure/dockerBENCH/helios16p_ws/install/vicon_receiver/include/boost/exception/exception.hpp
-- Up-to-date: /home/ph/treasure/dockerBENCH/helios16p_ws/install/vicon_receiver/include/boost/exception/diagnostic_information.hpp
-- Up-to-date: /home/ph/treasure/dockerBENCH/helios16p_ws/install/vicon_receiver/include/boost/exception/to_string.hpp
-- Up-to-date: /home/ph/treasure/dockerBENCH/helios16p_ws/install/vicon_receiver/include/boost/exception/current_exception_cast.hpp
-- Up-to-date: /home/ph/treasure/dockerBENCH/helios16p_ws/install/vicon_receiver/include/boost/exception/to_string_stub.hpp
-- Up-to-date: /home/ph/treasure/dockerBENCH/helios16p_ws/install/vicon_receiver/include/boost/exception/get_error_info.hpp
-- Up-to-date: /home/ph/treasure/dockerBENCH/helios16p_ws/install/vicon_receiver/include/boost/exception/info.hpp
-- Up-to-date: /home/ph/treasure/dockerBENCH/helios16p_ws/install/vicon_receiver/include/boost/noncopyable.hpp
-- Up-to-date: /home/ph/treasure/dockerBENCH/helios16p_ws/install/vicon_receiver/include/boost/shared_ptr.hpp
-- Up-to-date: /home/ph/treasure/dockerBENCH/helios16p_ws/install/vicon_receiver/include/boost/predef.h
-- Up-to-date: /home/ph/treasure/dockerBENCH/helios16p_ws/install/vicon_receiver/include/boost/mem_fn.hpp
-- Up-to-date: /home/ph/treasure/dockerBENCH/helios16p_ws/install/vicon_receiver/include/boost/config
-- Up-to-date: /home/ph/treasure/dockerBENCH/helios16p_ws/install/vicon_receiver/include/boost/config/compiler
-- Up-to-date: /home/ph/treasure/dockerBENCH/helios16p_ws/install/vicon_receiver/include/boost/config/compiler/cray.hpp
-- Up-to-date: /home/ph/treasure/dockerBENCH/helios16p_ws/install/vicon_receiver/include/boost/config/compiler/mpw.hpp
-- Up-to-date: /home/ph/treasure/dockerBENCH/helios16p_ws/install/vicon_receiver/include/boost/config/compiler/gcc.hpp
-- Up-to-date: /home/ph/treasure/dockerBENCH/helios16p_ws/install/vicon_receiver/include/boost/config/compiler/diab.hpp
-- Up-to-date: /home/ph/treasure/dockerBENCH/helios16p_ws/install/vicon_receiver/include/boost/config/compiler/codegear.hpp
-- Up-to-date: /home/ph/treasure/dockerBENCH/helios16p_ws/install/vicon_receiver/include/boost/config/compiler/pgi.hpp
-- Up-to-date: /home/ph/treasure/dockerBENCH/helios16p_ws/install/vicon_receiver/include/boost/config/compiler/borland.hpp
-- Up-to-date: /home/ph/treasure/dockerBENCH/helios16p_ws/install/vicon_receiver/include/boost/config/compiler/intel.hpp
-- Up-to-date: /home/ph/treasure/dockerBENCH/helios16p_ws/install/vicon_receiver/include/boost/config/compiler/vacpp.hpp
-- Up-to-date: /home/ph/treasure/dockerBENCH/helios16p_ws/install/vicon_receiver/include/boost/config/compiler/common_edg.hpp
-- Up-to-date: /home/ph/treasure/dockerBENCH/helios16p_ws/install/vicon_receiver/include/boost/config/compiler/visualc.hpp
-- Up-to-date: /home/ph/treasure/dockerBENCH/helios16p_ws/install/vicon_receiver/include/boost/config/compiler/kai.hpp
-- Up-to-date: /home/ph/treasure/dockerBENCH/helios16p_ws/install/vicon_receiver/include/boost/config/compiler/digitalmars.hpp
-- Up-to-date: /home/ph/treasure/dockerBENCH/helios16p_ws/install/vicon_receiver/include/boost/config/compiler/hp_acc.hpp
-- Up-to-date: /home/ph/treasure/dockerBENCH/helios16p_ws/install/vicon_receiver/include/boost/config/compiler/sgi_mipspro.hpp
-- Up-to-date: /home/ph/treasure/dockerBENCH/helios16p_ws/install/vicon_receiver/include/boost/config/compiler/pathscale.hpp
-- Up-to-date: /home/ph/treasure/dockerBENCH/helios16p_ws/install/vicon_receiver/include/boost/config/compiler/greenhills.hpp
-- Up-to-date: /home/ph/treasure/dockerBENCH/helios16p_ws/install/vicon_receiver/include/boost/config/compiler/sunpro_cc.hpp
-- Up-to-date: /home/ph/treasure/dockerBENCH/helios16p_ws/install/vicon_receiver/include/boost/config/compiler/xlcpp.hpp
-- Up-to-date: /home/ph/treasure/dockerBENCH/helios16p_ws/install/vicon_receiver/include/boost/config/compiler/comeau.hpp
-- Up-to-date: /home/ph/treasure/dockerBENCH/helios16p_ws/install/vicon_receiver/include/boost/config/compiler/compaq_cxx.hpp
-- Up-to-date: /home/ph/treasure/dockerBENCH/helios16p_ws/install/vicon_receiver/include/boost/config/compiler/nvcc.hpp
-- Up-to-date: /home/ph/treasure/dockerBENCH/helios16p_ws/install/vicon_receiver/include/boost/config/compiler/metrowerks.hpp
-- Up-to-date: /home/ph/treasure/dockerBENCH/helios16p_ws/install/vicon_receiver/include/boost/config/compiler/clang.hpp
-- Up-to-date: /home/ph/treasure/dockerBENCH/helios16p_ws/install/vicon_receiver/include/boost/config/compiler/xlcpp_zos.hpp
-- Up-to-date: /home/ph/treasure/dockerBENCH/helios16p_ws/install/vicon_receiver/include/boost/config/compiler/gcc_xml.hpp
-- Up-to-date: /home/ph/treasure/dockerBENCH/helios16p_ws/install/vicon_receiver/include/boost/config/detail
-- Up-to-date: /home/ph/treasure/dockerBENCH/helios16p_ws/install/vicon_receiver/include/boost/config/detail/select_stdlib_config.hpp
-- Up-to-date: /home/ph/treasure/dockerBENCH/helios16p_ws/install/vicon_receiver/include/boost/config/detail/suffix.hpp
-- Up-to-date: /home/ph/treasure/dockerBENCH/helios16p_ws/install/vicon_receiver/include/boost/config/detail/select_compiler_config.hpp
-- Up-to-date: /home/ph/treasure/dockerBENCH/helios16p_ws/install/vicon_receiver/include/boost/config/detail/posix_features.hpp
-- Up-to-date: /home/ph/treasure/dockerBENCH/helios16p_ws/install/vicon_receiver/include/boost/config/detail/select_platform_config.hpp
-- Up-to-date: /home/ph/treasure/dockerBENCH/helios16p_ws/install/vicon_receiver/include/boost/config/abi
-- Up-to-date: /home/ph/treasure/dockerBENCH/helios16p_ws/install/vicon_receiver/include/boost/config/abi/borland_suffix.hpp
-- Up-to-date: /home/ph/treasure/dockerBENCH/helios16p_ws/install/vicon_receiver/include/boost/config/abi/borland_prefix.hpp
-- Up-to-date: /home/ph/treasure/dockerBENCH/helios16p_ws/install/vicon_receiver/include/boost/config/abi/msvc_suffix.hpp
-- Up-to-date: /home/ph/treasure/dockerBENCH/helios16p_ws/install/vicon_receiver/include/boost/config/abi/msvc_prefix.hpp
-- Up-to-date: /home/ph/treasure/dockerBENCH/helios16p_ws/install/vicon_receiver/include/boost/config/user.hpp
-- Up-to-date: /home/ph/treasure/dockerBENCH/helios16p_ws/install/vicon_receiver/include/boost/config/pragma_message.hpp
-- Up-to-date: /home/ph/treasure/dockerBENCH/helios16p_ws/install/vicon_receiver/include/boost/config/abi_suffix.hpp
-- Up-to-date: /home/ph/treasure/dockerBENCH/helios16p_ws/install/vicon_receiver/include/boost/config/helper_macros.hpp
-- Up-to-date: /home/ph/treasure/dockerBENCH/helios16p_ws/install/vicon_receiver/include/boost/config/platform
-- Up-to-date: /home/ph/treasure/dockerBENCH/helios16p_ws/install/vicon_receiver/include/boost/config/platform/cray.hpp
-- Up-to-date: /home/ph/treasure/dockerBENCH/helios16p_ws/install/vicon_receiver/include/boost/config/platform/macos.hpp
-- Up-to-date: /home/ph/treasure/dockerBENCH/helios16p_ws/install/vicon_receiver/include/boost/config/platform/haiku.hpp
-- Up-to-date: /home/ph/treasure/dockerBENCH/helios16p_ws/install/vicon_receiver/include/boost/config/platform/hpux.hpp
-- Up-to-date: /home/ph/treasure/dockerBENCH/helios16p_ws/install/vicon_receiver/include/boost/config/platform/zos.hpp
-- Up-to-date: /home/ph/treasure/dockerBENCH/helios16p_ws/install/vicon_receiver/include/boost/config/platform/irix.hpp
-- Up-to-date: /home/ph/treasure/dockerBENCH/helios16p_ws/install/vicon_receiver/include/boost/config/platform/win32.hpp
-- Up-to-date: /home/ph/treasure/dockerBENCH/helios16p_ws/install/vicon_receiver/include/boost/config/platform/symbian.hpp
-- Up-to-date: /home/ph/treasure/dockerBENCH/helios16p_ws/install/vicon_receiver/include/boost/config/platform/beos.hpp
-- Up-to-date: /home/ph/treasure/dockerBENCH/helios16p_ws/install/vicon_receiver/include/boost/config/platform/amigaos.hpp
-- Up-to-date: /home/ph/treasure/dockerBENCH/helios16p_ws/install/vicon_receiver/include/boost/config/platform/linux.hpp
-- Up-to-date: /home/ph/treasure/dockerBENCH/helios16p_ws/install/vicon_receiver/include/boost/config/platform/aix.hpp
-- Up-to-date: /home/ph/treasure/dockerBENCH/helios16p_ws/install/vicon_receiver/include/boost/config/platform/cygwin.hpp
-- Up-to-date: /home/ph/treasure/dockerBENCH/helios16p_ws/install/vicon_receiver/include/boost/config/platform/solaris.hpp
-- Up-to-date: /home/ph/treasure/dockerBENCH/helios16p_ws/install/vicon_receiver/include/boost/config/platform/vms.hpp
-- Up-to-date: /home/ph/treasure/dockerBENCH/helios16p_ws/install/vicon_receiver/include/boost/config/platform/qnxnto.hpp
-- Up-to-date: /home/ph/treasure/dockerBENCH/helios16p_ws/install/vicon_receiver/include/boost/config/platform/vxworks.hpp
-- Up-to-date: /home/ph/treasure/dockerBENCH/helios16p_ws/install/vicon_receiver/include/boost/config/platform/cloudabi.hpp
-- Up-to-date: /home/ph/treasure/dockerBENCH/helios16p_ws/install/vicon_receiver/include/boost/config/platform/bsd.hpp
-- Up-to-date: /home/ph/treasure/dockerBENCH/helios16p_ws/install/vicon_receiver/include/boost/config/warning_disable.hpp
-- Up-to-date: /home/ph/treasure/dockerBENCH/helios16p_ws/install/vicon_receiver/include/boost/config/requires_threads.hpp
-- Up-to-date: /home/ph/treasure/dockerBENCH/helios16p_ws/install/vicon_receiver/include/boost/config/header_deprecated.hpp
-- Up-to-date: /home/ph/treasure/dockerBENCH/helios16p_ws/install/vicon_receiver/include/boost/config/stdlib
-- Up-to-date: /home/ph/treasure/dockerBENCH/helios16p_ws/install/vicon_receiver/include/boost/config/stdlib/dinkumware.hpp
-- Up-to-date: /home/ph/treasure/dockerBENCH/helios16p_ws/install/vicon_receiver/include/boost/config/stdlib/sgi.hpp
-- Up-to-date: /home/ph/treasure/dockerBENCH/helios16p_ws/install/vicon_receiver/include/boost/config/stdlib/msl.hpp
-- Up-to-date: /home/ph/treasure/dockerBENCH/helios16p_ws/install/vicon_receiver/include/boost/config/stdlib/stlport.hpp
-- Up-to-date: /home/ph/treasure/dockerBENCH/helios16p_ws/install/vicon_receiver/include/boost/config/stdlib/libcpp.hpp
-- Up-to-date: /home/ph/treasure/dockerBENCH/helios16p_ws/install/vicon_receiver/include/boost/config/stdlib/vacpp.hpp
-- Up-to-date: /home/ph/treasure/dockerBENCH/helios16p_ws/install/vicon_receiver/include/boost/config/stdlib/roguewave.hpp
-- Up-to-date: /home/ph/treasure/dockerBENCH/helios16p_ws/install/vicon_receiver/include/boost/config/stdlib/libstdcpp3.hpp
-- Up-to-date: /home/ph/treasure/dockerBENCH/helios16p_ws/install/vicon_receiver/include/boost/config/stdlib/libcomo.hpp
-- Up-to-date: /home/ph/treasure/dockerBENCH/helios16p_ws/install/vicon_receiver/include/boost/config/stdlib/modena.hpp
-- Up-to-date: /home/ph/treasure/dockerBENCH/helios16p_ws/install/vicon_receiver/include/boost/config/stdlib/xlcpp_zos.hpp
-- Up-to-date: /home/ph/treasure/dockerBENCH/helios16p_ws/install/vicon_receiver/include/boost/config/no_tr1
-- Up-to-date: /home/ph/treasure/dockerBENCH/helios16p_ws/install/vicon_receiver/include/boost/config/no_tr1/cmath.hpp
-- Up-to-date: /home/ph/treasure/dockerBENCH/helios16p_ws/install/vicon_receiver/include/boost/config/no_tr1/memory.hpp
-- Up-to-date: /home/ph/treasure/dockerBENCH/helios16p_ws/install/vicon_receiver/include/boost/config/no_tr1/utility.hpp
-- Up-to-date: /home/ph/treasure/dockerBENCH/helios16p_ws/install/vicon_receiver/include/boost/config/no_tr1/functional.hpp
-- Up-to-date: /home/ph/treasure/dockerBENCH/helios16p_ws/install/vicon_receiver/include/boost/config/no_tr1/complex.hpp
-- Up-to-date: /home/ph/treasure/dockerBENCH/helios16p_ws/install/vicon_receiver/include/boost/config/workaround.hpp
-- Up-to-date: /home/ph/treasure/dockerBENCH/helios16p_ws/install/vicon_receiver/include/boost/config/abi_prefix.hpp
-- Up-to-date: /home/ph/treasure/dockerBENCH/helios16p_ws/install/vicon_receiver/include/boost/config/auto_link.hpp
-- Up-to-date: /home/ph/treasure/dockerBENCH/helios16p_ws/install/vicon_receiver/include/boost/fusion
-- Up-to-date: /home/ph/treasure/dockerBENCH/helios16p_ws/install/vicon_receiver/include/boost/fusion/algorithm
-- Up-to-date: /home/ph/treasure/dockerBENCH/helios16p_ws/install/vicon_receiver/include/boost/fusion/algorithm/iteration
-- Up-to-date: /home/ph/treasure/dockerBENCH/helios16p_ws/install/vicon_receiver/include/boost/fusion/algorithm/iteration/for_each.hpp
-- Up-to-date: /home/ph/treasure/dockerBENCH/helios16p_ws/install/vicon_receiver/include/boost/fusion/algorithm/iteration/detail
-- Up-to-date: /home/ph/treasure/dockerBENCH/helios16p_ws/install/vicon_receiver/include/boost/fusion/algorithm/iteration/detail/for_each.hpp
-- Up-to-date: /home/ph/treasure/dockerBENCH/helios16p_ws/install/vicon_receiver/include/boost/fusion/algorithm/iteration/detail/segmented_fold.hpp
-- Up-to-date: /home/ph/treasure/dockerBENCH/helios16p_ws/install/vicon_receiver/include/boost/fusion/algorithm/iteration/detail/segmented_for_each.hpp
-- Up-to-date: /home/ph/treasure/dockerBENCH/helios16p_ws/install/vicon_receiver/include/boost/fusion/algorithm/iteration/detail/preprocessed
-- Up-to-date: /home/ph/treasure/dockerBENCH/helios16p_ws/install/vicon_receiver/include/boost/fusion/algorithm/iteration/detail/preprocessed/fold.hpp
-- Up-to-date: /home/ph/treasure/dockerBENCH/helios16p_ws/install/vicon_receiver/include/boost/fusion/algorithm/iteration/detail/fold.hpp
-- Up-to-date: /home/ph/treasure/dockerBENCH/helios16p_ws/install/vicon_receiver/include/boost/fusion/algorithm/iteration/fold_fwd.hpp
-- Up-to-date: /home/ph/treasure/dockerBENCH/helios16p_ws/install/vicon_receiver/include/boost/fusion/algorithm/iteration/fold.hpp
-- Up-to-date: /home/ph/treasure/dockerBENCH/helios16p_ws/install/vicon_receiver/include/boost/fusion/algorithm/iteration/for_each_fwd.hpp
-- Up-to-date: /home/ph/treasure/dockerBENCH/helios16p_ws/install/vicon_receiver/include/boost/fusion/algorithm/query
-- Up-to-date: /home/ph/treasure/dockerBENCH/helios16p_ws/install/vicon_receiver/include/boost/fusion/algorithm/query/detail
-- Up-to-date: /home/ph/treasure/dockerBENCH/helios16p_ws/install/vicon_receiver/include/boost/fusion/algorithm/query/detail/find_if.hpp
-- Up-to-date: /home/ph/treasure/dockerBENCH/helios16p_ws/install/vicon_receiver/include/boost/fusion/algorithm/query/detail/segmented_find.hpp
-- Up-to-date: /home/ph/treasure/dockerBENCH/helios16p_ws/install/vicon_receiver/include/boost/fusion/algorithm/query/find.hpp
-- Up-to-date: /home/ph/treasure/dockerBENCH/helios16p_ws/install/vicon_receiver/include/boost/fusion/algorithm/query/find_if_fwd.hpp
-- Up-to-date: /home/ph/treasure/dockerBENCH/helios16p_ws/install/vicon_receiver/include/boost/fusion/algorithm/query/find_fwd.hpp
-- Up-to-date: /home/ph/treasure/dockerBENCH/helios16p_ws/install/vicon_receiver/include/boost/fusion/algorithm/transformation
-- Up-to-date: /home/ph/treasure/dockerBENCH/helios16p_ws/install/vicon_receiver/include/boost/fusion/algorithm/transformation/push_back.hpp
-- Up-to-date: /home/ph/treasure/dockerBENCH/helios16p_ws/install/vicon_receiver/include/boost/fusion/algorithm/transformation/transform.hpp
-- Up-to-date: /home/ph/treasure/dockerBENCH/helios16p_ws/install/vicon_receiver/include/boost/fusion/algorithm/transformation/insert_range.hpp
-- Up-to-date: /home/ph/treasure/dockerBENCH/helios16p_ws/install/vicon_receiver/include/boost/fusion/algorithm/transformation/erase.hpp
-- Up-to-date: /home/ph/treasure/dockerBENCH/helios16p_ws/install/vicon_receiver/include/boost/fusion/algorithm/transformation/pop_front.hpp
-- Up-to-date: /home/ph/treasure/dockerBENCH/helios16p_ws/install/vicon_receiver/include/boost/fusion/algorithm/transformation/push_front.hpp
-- Up-to-date: /home/ph/treasure/dockerBENCH/helios16p_ws/install/vicon_receiver/include/boost/fusion/algorithm/transformation/erase_key.hpp
-- Up-to-date: /home/ph/treasure/dockerBENCH/helios16p_ws/install/vicon_receiver/include/boost/fusion/algorithm/transformation/pop_back.hpp
-- Up-to-date: /home/ph/treasure/dockerBENCH/helios16p_ws/install/vicon_receiver/include/boost/fusion/algorithm/transformation/insert.hpp
-- Up-to-date: /home/ph/treasure/dockerBENCH/helios16p_ws/install/vicon_receiver/include/boost/fusion/container
-- Up-to-date: /home/ph/treasure/dockerBENCH/helios16p_ws/install/vicon_receiver/include/boost/fusion/container/map
-- Up-to-date: /home/ph/treasure/dockerBENCH/helios16p_ws/install/vicon_receiver/include/boost/fusion/container/map/detail
-- Up-to-date: /home/ph/treasure/dockerBENCH/helios16p_ws/install/vicon_receiver/include/boost/fusion/container/map/detail/cpp03
-- Up-to-date: /home/ph/treasure/dockerBENCH/helios16p_ws/install/vicon_receiver/include/boost/fusion/container/map/detail/cpp03/map_fwd.hpp
-- Up-to-date: /home/ph/treasure/dockerBENCH/helios16p_ws/install/vicon_receiver/include/boost/fusion/container/map/detail/cpp03/preprocessed
-- Up-to-date: /home/ph/treasure/dockerBENCH/helios16p_ws/install/vicon_receiver/include/boost/fusion/container/map/detail/cpp03/preprocessed/map50_fwd.hpp
-- Up-to-date: /home/ph/treasure/dockerBENCH/helios16p_ws/install/vicon_receiver/include/boost/fusion/container/map/detail/cpp03/preprocessed/map40_fwd.hpp
-- Up-to-date: /home/ph/treasure/dockerBENCH/helios16p_ws/install/vicon_receiver/include/boost/fusion/container/map/detail/cpp03/preprocessed/map_fwd.hpp
-- Up-to-date: /home/ph/treasure/dockerBENCH/helios16p_ws/install/vicon_receiver/include/boost/fusion/container/map/detail/cpp03/preprocessed/map30_fwd.hpp
-- Up-to-date: /home/ph/treasure/dockerBENCH/helios16p_ws/install/vicon_receiver/include/boost/fusion/container/map/detail/cpp03/preprocessed/map20_fwd.hpp
-- Up-to-date: /home/ph/treasure/dockerBENCH/helios16p_ws/install/vicon_receiver/include/boost/fusion/container/map/detail/cpp03/preprocessed/map10_fwd.hpp
-- Up-to-date: /home/ph/treasure/dockerBENCH/helios16p_ws/install/vicon_receiver/include/boost/fusion/container/map/detail/cpp03/limits.hpp
-- Up-to-date: /home/ph/treasure/dockerBENCH/helios16p_ws/install/vicon_receiver/include/boost/fusion/container/map/map_fwd.hpp
-- Up-to-date: /home/ph/treasure/dockerBENCH/helios16p_ws/install/vicon_receiver/include/boost/fusion/container/list
-- Up-to-date: /home/ph/treasure/dockerBENCH/helios16p_ws/install/vicon_receiver/include/boost/fusion/container/list/nil.hpp
-- Up-to-date: /home/ph/treasure/dockerBENCH/helios16p_ws/install/vicon_receiver/include/boost/fusion/container/list/detail
-- Up-to-date: /home/ph/treasure/dockerBENCH/helios16p_ws/install/vicon_receiver/include/boost/fusion/container/list/detail/value_of_impl.hpp
-- Up-to-date: /home/ph/treasure/dockerBENCH/helios16p_ws/install/vicon_receiver/include/boost/fusion/container/list/detail/end_impl.hpp
-- Up-to-date: /home/ph/treasure/dockerBENCH/helios16p_ws/install/vicon_receiver/include/boost/fusion/container/list/detail/next_impl.hpp
-- Up-to-date: /home/ph/treasure/dockerBENCH/helios16p_ws/install/vicon_receiver/include/boost/fusion/container/list/detail/reverse_cons.hpp
-- Up-to-date: /home/ph/treasure/dockerBENCH/helios16p_ws/install/vicon_receiver/include/boost/fusion/container/list/detail/begin_impl.hpp
-- Up-to-date: /home/ph/treasure/dockerBENCH/helios16p_ws/install/vicon_receiver/include/boost/fusion/container/list/detail/equal_to_impl.hpp
-- Up-to-date: /home/ph/treasure/dockerBENCH/helios16p_ws/install/vicon_receiver/include/boost/fusion/container/list/detail/value_at_impl.hpp
-- Up-to-date: /home/ph/treasure/dockerBENCH/helios16p_ws/install/vicon_receiver/include/boost/fusion/container/list/detail/cpp03
-- Up-to-date: /home/ph/treasure/dockerBENCH/helios16p_ws/install/vicon_receiver/include/boost/fusion/container/list/detail/cpp03/preprocessed
-- Up-to-date: /home/ph/treasure/dockerBENCH/helios16p_ws/install/vicon_receiver/include/boost/fusion/container/list/detail/cpp03/preprocessed/list30_fwd.hpp
-- Up-to-date: /home/ph/treasure/dockerBENCH/helios16p_ws/install/vicon_receiver/include/boost/fusion/container/list/detail/cpp03/preprocessed/list_fwd.hpp
-- Up-to-date: /home/ph/treasure/dockerBENCH/helios16p_ws/install/vicon_receiver/include/boost/fusion/container/list/detail/cpp03/preprocessed/list40_fwd.hpp
-- Up-to-date: /home/ph/treasure/dockerBENCH/helios16p_ws/install/vicon_receiver/include/boost/fusion/container/list/detail/cpp03/preprocessed/list10_fwd.hpp
-- Up-to-date: /home/ph/treasure/dockerBENCH/helios16p_ws/install/vicon_receiver/include/boost/fusion/container/list/detail/cpp03/preprocessed/list20_fwd.hpp
-- Up-to-date: /home/ph/treasure/dockerBENCH/helios16p_ws/install/vicon_receiver/include/boost/fusion/container/list/detail/cpp03/preprocessed/list50_fwd.hpp
-- Up-to-date: /home/ph/treasure/dockerBENCH/helios16p_ws/install/vicon_receiver/include/boost/fusion/container/list/detail/cpp03/list_fwd.hpp
-- Up-to-date: /home/ph/treasure/dockerBENCH/helios16p_ws/install/vicon_receiver/include/boost/fusion/container/list/detail/cpp03/limits.hpp
-- Up-to-date: /home/ph/treasure/dockerBENCH/helios16p_ws/install/vicon_receiver/include/boost/fusion/container/list/detail/at_impl.hpp
-- Up-to-date: /home/ph/treasure/dockerBENCH/helios16p_ws/install/vicon_receiver/include/boost/fusion/container/list/detail/deref_impl.hpp
-- Up-to-date: /home/ph/treasure/dockerBENCH/helios16p_ws/install/vicon_receiver/include/boost/fusion/container/list/detail/empty_impl.hpp
-- Up-to-date: /home/ph/treasure/dockerBENCH/helios16p_ws/install/vicon_receiver/include/boost/fusion/container/list/cons_fwd.hpp
-- Up-to-date: /home/ph/treasure/dockerBENCH/helios16p_ws/install/vicon_receiver/include/boost/fusion/container/list/list_fwd.hpp
-- Up-to-date: /home/ph/treasure/dockerBENCH/helios16p_ws/install/vicon_receiver/include/boost/fusion/container/list/cons.hpp
-- Up-to-date: /home/ph/treasure/dockerBENCH/helios16p_ws/install/vicon_receiver/include/boost/fusion/container/list/cons_iterator.hpp
-- Up-to-date: /home/ph/treasure/dockerBENCH/helios16p_ws/install/vicon_receiver/include/boost/fusion/container/vector
-- Up-to-date: /home/ph/treasure/dockerBENCH/helios16p_ws/install/vicon_receiver/include/boost/fusion/container/vector/vector10.hpp
-- Up-to-date: /home/ph/treasure/dockerBENCH/helios16p_ws/install/vicon_receiver/include/boost/fusion/container/vector/detail
-- Up-to-date: /home/ph/treasure/dockerBENCH/helios16p_ws/install/vicon_receiver/include/boost/fusion/container/vector/detail/value_of_impl.hpp
-- Up-to-date: /home/ph/treasure/dockerBENCH/helios16p_ws/install/vicon_receiver/include/boost/fusion/container/vector/detail/end_impl.hpp
-- Up-to-date: /home/ph/treasure/dockerBENCH/helios16p_ws/install/vicon_receiver/include/boost/fusion/container/vector/detail/advance_impl.hpp
-- Up-to-date: /home/ph/treasure/dockerBENCH/helios16p_ws/install/vicon_receiver/include/boost/fusion/container/vector/detail/config.hpp
-- Up-to-date: /home/ph/treasure/dockerBENCH/helios16p_ws/install/vicon_receiver/include/boost/fusion/container/vector/detail/next_impl.hpp
-- Up-to-date: /home/ph/treasure/dockerBENCH/helios16p_ws/install/vicon_receiver/include/boost/fusion/container/vector/detail/prior_impl.hpp
-- Up-to-date: /home/ph/treasure/dockerBENCH/helios16p_ws/install/vicon_receiver/include/boost/fusion/container/vector/detail/begin_impl.hpp
-- Up-to-date: /home/ph/treasure/dockerBENCH/helios16p_ws/install/vicon_receiver/include/boost/fusion/container/vector/detail/equal_to_impl.hpp
-- Up-to-date: /home/ph/treasure/dockerBENCH/helios16p_ws/install/vicon_receiver/include/boost/fusion/container/vector/detail/distance_impl.hpp
-- Up-to-date: /home/ph/treasure/dockerBENCH/helios16p_ws/install/vicon_receiver/include/boost/fusion/container/vector/detail/value_at_impl.hpp
-- Up-to-date: /home/ph/treasure/dockerBENCH/helios16p_ws/install/vicon_receiver/include/boost/fusion/container/vector/detail/cpp03
-- Up-to-date: /home/ph/treasure/dockerBENCH/helios16p_ws/install/vicon_receiver/include/boost/fusion/container/vector/detail/cpp03/vector10.hpp
-- Up-to-date: /home/ph/treasure/dockerBENCH/helios16p_ws/install/vicon_receiver/include/boost/fusion/container/vector/detail/cpp03/vector20.hpp
-- Up-to-date: /home/ph/treasure/dockerBENCH/helios16p_ws/install/vicon_receiver/include/boost/fusion/container/vector/detail/cpp03/vector20_fwd.hpp
-- Up-to-date: /home/ph/treasure/dockerBENCH/helios16p_ws/install/vicon_receiver/include/boost/fusion/container/vector/detail/cpp03/vector30.hpp
-- Up-to-date: /home/ph/treasure/dockerBENCH/helios16p_ws/install/vicon_receiver/include/boost/fusion/container/vector/detail/cpp03/vector_forward_ctor.hpp
-- Up-to-date: /home/ph/treasure/dockerBENCH/helios16p_ws/install/vicon_receiver/include/boost/fusion/container/vector/detail/cpp03/vector.hpp
-- Up-to-date: /home/ph/treasure/dockerBENCH/helios16p_ws/install/vicon_receiver/include/boost/fusion/container/vector/detail/cpp03/vector_fwd.hpp
-- Up-to-date: /home/ph/treasure/dockerBENCH/helios16p_ws/install/vicon_receiver/include/boost/fusion/container/vector/detail/cpp03/vector40_fwd.hpp
-- Up-to-date: /home/ph/treasure/dockerBENCH/helios16p_ws/install/vicon_receiver/include/boost/fusion/container/vector/detail/cpp03/vector40.hpp
-- Up-to-date: /home/ph/treasure/dockerBENCH/helios16p_ws/install/vicon_receiver/include/boost/fusion/container/vector/detail/cpp03/preprocessed
-- Up-to-date: /home/ph/treasure/dockerBENCH/helios16p_ws/install/vicon_receiver/include/boost/fusion/container/vector/detail/cpp03/preprocessed/vvector30_fwd.hpp
-- Up-to-date: /home/ph/treasure/dockerBENCH/helios16p_ws/install/vicon_receiver/include/boost/fusion/container/vector/detail/cpp03/preprocessed/vector_chooser20.hpp
-- Up-to-date: /home/ph/treasure/dockerBENCH/helios16p_ws/install/vicon_receiver/include/boost/fusion/container/vector/detail/cpp03/preprocessed/vector10.hpp
-- Up-to-date: /home/ph/treasure/dockerBENCH/helios16p_ws/install/vicon_receiver/include/boost/fusion/container/vector/detail/cpp03/preprocessed/vector20.hpp
-- Up-to-date: /home/ph/treasure/dockerBENCH/helios16p_ws/install/vicon_receiver/include/boost/fusion/container/vector/detail/cpp03/preprocessed/vector_chooser30.hpp
-- Up-to-date: /home/ph/treasure/dockerBENCH/helios16p_ws/install/vicon_receiver/include/boost/fusion/container/vector/detail/cpp03/preprocessed/vector20_fwd.hpp
-- Up-to-date: /home/ph/treasure/dockerBENCH/helios16p_ws/install/vicon_receiver/include/boost/fusion/container/vector/detail/cpp03/preprocessed/vector_chooser.hpp
-- Up-to-date: /home/ph/treasure/dockerBENCH/helios16p_ws/install/vicon_receiver/include/boost/fusion/container/vector/detail/cpp03/preprocessed/vvector10_fwd.hpp
-- Up-to-date: /home/ph/treasure/dockerBENCH/helios16p_ws/install/vicon_receiver/include/boost/fusion/container/vector/detail/cpp03/preprocessed/vector_chooser50.hpp
-- Up-to-date: /home/ph/treasure/dockerBENCH/helios16p_ws/install/vicon_receiver/include/boost/fusion/container/vector/detail/cpp03/preprocessed/vvector40.hpp
-- Up-to-date: /home/ph/treasure/dockerBENCH/helios16p_ws/install/vicon_receiver/include/boost/fusion/container/vector/detail/cpp03/preprocessed/vector30.hpp
-- Up-to-date: /home/ph/treasure/dockerBENCH/helios16p_ws/install/vicon_receiver/include/boost/fusion/container/vector/detail/cpp03/preprocessed/vector_chooser10.hpp
-- Up-to-date: /home/ph/treasure/dockerBENCH/helios16p_ws/install/vicon_receiver/include/boost/fusion/container/vector/detail/cpp03/preprocessed/vector.hpp
-- Up-to-date: /home/ph/treasure/dockerBENCH/helios16p_ws/install/vicon_receiver/include/boost/fusion/container/vector/detail/cpp03/preprocessed/vector_fwd.hpp
-- Up-to-date: /home/ph/treasure/dockerBENCH/helios16p_ws/install/vicon_receiver/include/boost/fusion/container/vector/detail/cpp03/preprocessed/vector40_fwd.hpp
-- Up-to-date: /home/ph/treasure/dockerBENCH/helios16p_ws/install/vicon_receiver/include/boost/fusion/container/vector/detail/cpp03/preprocessed/vector40.hpp
-- Up-to-date: /home/ph/treasure/dockerBENCH/helios16p_ws/install/vicon_receiver/include/boost/fusion/container/vector/detail/cpp03/preprocessed/vvector20.hpp
-- Up-to-date: /home/ph/treasure/dockerBENCH/helios16p_ws/install/vicon_receiver/include/boost/fusion/container/vector/detail/cpp03/preprocessed/vector30_fwd.hpp
-- Up-to-date: /home/ph/treasure/dockerBENCH/helios16p_ws/install/vicon_receiver/include/boost/fusion/container/vector/detail/cpp03/preprocessed/vvector50.hpp
-- Up-to-date: /home/ph/treasure/dockerBENCH/helios16p_ws/install/vicon_receiver/include/boost/fusion/container/vector/detail/cpp03/preprocessed/vector10_fwd.hpp
-- Up-to-date: /home/ph/treasure/dockerBENCH/helios16p_ws/install/vicon_receiver/include/boost/fusion/container/vector/detail/cpp03/preprocessed/vvector20_fwd.hpp
-- Up-to-date: /home/ph/treasure/dockerBENCH/helios16p_ws/install/vicon_receiver/include/boost/fusion/container/vector/detail/cpp03/preprocessed/vvector40_fwd.hpp
-- Up-to-date: /home/ph/treasure/dockerBENCH/helios16p_ws/install/vicon_receiver/include/boost/fusion/container/vector/detail/cpp03/preprocessed/vvector10.hpp
-- Up-to-date: /home/ph/treasure/dockerBENCH/helios16p_ws/install/vicon_receiver/include/boost/fusion/container/vector/detail/cpp03/preprocessed/vector50_fwd.hpp
-- Up-to-date: /home/ph/treasure/dockerBENCH/helios16p_ws/install/vicon_receiver/include/boost/fusion/container/vector/detail/cpp03/preprocessed/vvector30.hpp
-- Up-to-date: /home/ph/treasure/dockerBENCH/helios16p_ws/install/vicon_receiver/include/boost/fusion/container/vector/detail/cpp03/preprocessed/vector_chooser40.hpp
-- Up-to-date: /home/ph/treasure/dockerBENCH/helios16p_ws/install/vicon_receiver/include/boost/fusion/container/vector/detail/cpp03/preprocessed/vector50.hpp
-- Up-to-date: /home/ph/treasure/dockerBENCH/helios16p_ws/install/vicon_receiver/include/boost/fusion/container/vector/detail/cpp03/preprocessed/vvector50_fwd.hpp
-- Up-to-date: /home/ph/treasure/dockerBENCH/helios16p_ws/install/vicon_receiver/include/boost/fusion/container/vector/detail/cpp03/vector_n.hpp
-- Up-to-date: /home/ph/treasure/dockerBENCH/helios16p_ws/install/vicon_receiver/include/boost/fusion/container/vector/detail/cpp03/vector30_fwd.hpp
-- Up-to-date: /home/ph/treasure/dockerBENCH/helios16p_ws/install/vicon_receiver/include/boost/fusion/container/vector/detail/cpp03/vector10_fwd.hpp
-- Up-to-date: /home/ph/treasure/dockerBENCH/helios16p_ws/install/vicon_receiver/include/boost/fusion/container/vector/detail/cpp03/vector_n_chooser.hpp
-- Up-to-date: /home/ph/treasure/dockerBENCH/helios16p_ws/install/vicon_receiver/include/boost/fusion/container/vector/detail/cpp03/value_at_impl.hpp
-- Up-to-date: /home/ph/treasure/dockerBENCH/helios16p_ws/install/vicon_receiver/include/boost/fusion/container/vector/detail/cpp03/vector50_fwd.hpp
-- Up-to-date: /home/ph/treasure/dockerBENCH/helios16p_ws/install/vicon_receiver/include/boost/fusion/container/vector/detail/cpp03/vector50.hpp
-- Up-to-date: /home/ph/treasure/dockerBENCH/helios16p_ws/install/vicon_receiver/include/boost/fusion/container/vector/detail/cpp03/limits.hpp
-- Up-to-date: /home/ph/treasure/dockerBENCH/helios16p_ws/install/vicon_receiver/include/boost/fusion/container/vector/detail/at_impl.hpp
-- Up-to-date: /home/ph/treasure/dockerBENCH/helios16p_ws/install/vicon_receiver/include/boost/fusion/container/vector/detail/deref_impl.hpp
-- Up-to-date: /home/ph/treasure/dockerBENCH/helios16p_ws/install/vicon_receiver/include/boost/fusion/container/vector/vector.hpp
-- Up-to-date: /home/ph/treasure/dockerBENCH/helios16p_ws/install/vicon_receiver/include/boost/fusion/container/vector/vector_fwd.hpp
-- Up-to-date: /home/ph/treasure/dockerBENCH/helios16p_ws/install/vicon_receiver/include/boost/fusion/container/vector/vector_iterator.hpp
-- Up-to-date: /home/ph/treasure/dockerBENCH/helios16p_ws/install/vicon_receiver/include/boost/fusion/container/deque
-- Up-to-date: /home/ph/treasure/dockerBENCH/helios16p_ws/install/vicon_receiver/include/boost/fusion/container/deque/detail
-- Up-to-date: /home/ph/treasure/dockerBENCH/helios16p_ws/install/vicon_receiver/include/boost/fusion/container/deque/detail/cpp03
-- Up-to-date: /home/ph/treasure/dockerBENCH/helios16p_ws/install/vicon_receiver/include/boost/fusion/container/deque/detail/cpp03/preprocessed
-- Up-to-date: /home/ph/treasure/dockerBENCH/helios16p_ws/install/vicon_receiver/include/boost/fusion/container/deque/detail/cpp03/preprocessed/deque40_fwd.hpp
-- Up-to-date: /home/ph/treasure/dockerBENCH/helios16p_ws/install/vicon_receiver/include/boost/fusion/container/deque/detail/cpp03/preprocessed/deque50_fwd.hpp
-- Up-to-date: /home/ph/treasure/dockerBENCH/helios16p_ws/install/vicon_receiver/include/boost/fusion/container/deque/detail/cpp03/preprocessed/deque30_fwd.hpp
-- Up-to-date: /home/ph/treasure/dockerBENCH/helios16p_ws/install/vicon_receiver/include/boost/fusion/container/deque/detail/cpp03/preprocessed/deque_fwd.hpp
-- Up-to-date: /home/ph/treasure/dockerBENCH/helios16p_ws/install/vicon_receiver/include/boost/fusion/container/deque/detail/cpp03/preprocessed/deque20_fwd.hpp
-- Up-to-date: /home/ph/treasure/dockerBENCH/helios16p_ws/install/vicon_receiver/include/boost/fusion/container/deque/detail/cpp03/preprocessed/deque10_fwd.hpp
-- Up-to-date: /home/ph/treasure/dockerBENCH/helios16p_ws/install/vicon_receiver/include/boost/fusion/container/deque/detail/cpp03/deque_fwd.hpp
-- Up-to-date: /home/ph/treasure/dockerBENCH/helios16p_ws/install/vicon_receiver/include/boost/fusion/container/deque/detail/cpp03/limits.hpp
-- Up-to-date: /home/ph/treasure/dockerBENCH/helios16p_ws/install/vicon_receiver/include/boost/fusion/container/deque/deque_fwd.hpp
-- Up-to-date: /home/ph/treasure/dockerBENCH/helios16p_ws/install/vicon_receiver/include/boost/fusion/container/set
-- Up-to-date: /home/ph/treasure/dockerBENCH/helios16p_ws/install/vicon_receiver/include/boost/fusion/container/set/detail
-- Up-to-date: /home/ph/treasure/dockerBENCH/helios16p_ws/install/vicon_receiver/include/boost/fusion/container/set/detail/cpp03
-- Up-to-date: /home/ph/treasure/dockerBENCH/helios16p_ws/install/vicon_receiver/include/boost/fusion/container/set/detail/cpp03/preprocessed
-- Up-to-date: /home/ph/treasure/dockerBENCH/helios16p_ws/install/vicon_receiver/include/boost/fusion/container/set/detail/cpp03/preprocessed/set30_fwd.hpp
-- Up-to-date: /home/ph/treasure/dockerBENCH/helios16p_ws/install/vicon_receiver/include/boost/fusion/container/set/detail/cpp03/preprocessed/set50_fwd.hpp
-- Up-to-date: /home/ph/treasure/dockerBENCH/helios16p_ws/install/vicon_receiver/include/boost/fusion/container/set/detail/cpp03/preprocessed/set40_fwd.hpp
-- Up-to-date: /home/ph/treasure/dockerBENCH/helios16p_ws/install/vicon_receiver/include/boost/fusion/container/set/detail/cpp03/preprocessed/set20_fwd.hpp
-- Up-to-date: /home/ph/treasure/dockerBENCH/helios16p_ws/install/vicon_receiver/include/boost/fusion/container/set/detail/cpp03/preprocessed/set_fwd.hpp
-- Up-to-date: /home/ph/treasure/dockerBENCH/helios16p_ws/install/vicon_receiver/include/boost/fusion/container/set/detail/cpp03/preprocessed/set10_fwd.hpp
-- Up-to-date: /home/ph/treasure/dockerBENCH/helios16p_ws/install/vicon_receiver/include/boost/fusion/container/set/detail/cpp03/set_fwd.hpp
-- Up-to-date: /home/ph/treasure/dockerBENCH/helios16p_ws/install/vicon_receiver/include/boost/fusion/container/set/detail/cpp03/limits.hpp
-- Up-to-date: /home/ph/treasure/dockerBENCH/helios16p_ws/install/vicon_receiver/include/boost/fusion/container/set/set_fwd.hpp
-- Up-to-date: /home/ph/treasure/dockerBENCH/helios16p_ws/install/vicon_receiver/include/boost/fusion/mpl
-- Up-to-date: /home/ph/treasure/dockerBENCH/helios16p_ws/install/vicon_receiver/include/boost/fusion/mpl/empty.hpp
-- Up-to-date: /home/ph/treasure/dockerBENCH/helios16p_ws/install/vicon_receiver/include/boost/fusion/mpl/at.hpp
-- Up-to-date: /home/ph/treasure/dockerBENCH/helios16p_ws/install/vicon_receiver/include/boost/fusion/mpl/push_back.hpp
-- Up-to-date: /home/ph/treasure/dockerBENCH/helios16p_ws/install/vicon_receiver/include/boost/fusion/mpl/has_key.hpp
-- Up-to-date: /home/ph/treasure/dockerBENCH/helios16p_ws/install/vicon_receiver/include/boost/fusion/mpl/insert_range.hpp
-- Up-to-date: /home/ph/treasure/dockerBENCH/helios16p_ws/install/vicon_receiver/include/boost/fusion/mpl/detail
-- Up-to-date: /home/ph/treasure/dockerBENCH/helios16p_ws/install/vicon_receiver/include/boost/fusion/mpl/detail/clear.hpp
-- Up-to-date: /home/ph/treasure/dockerBENCH/helios16p_ws/install/vicon_receiver/include/boost/fusion/mpl/erase.hpp
-- Up-to-date: /home/ph/treasure/dockerBENCH/helios16p_ws/install/vicon_receiver/include/boost/fusion/mpl/begin.hpp
-- Up-to-date: /home/ph/treasure/dockerBENCH/helios16p_ws/install/vicon_receiver/include/boost/fusion/mpl/pop_front.hpp
-- Up-to-date: /home/ph/treasure/dockerBENCH/helios16p_ws/install/vicon_receiver/include/boost/fusion/mpl/push_front.hpp
-- Up-to-date: /home/ph/treasure/dockerBENCH/helios16p_ws/install/vicon_receiver/include/boost/fusion/mpl/back.hpp
-- Up-to-date: /home/ph/treasure/dockerBENCH/helios16p_ws/install/vicon_receiver/include/boost/fusion/mpl/front.hpp
-- Up-to-date: /home/ph/treasure/dockerBENCH/helios16p_ws/install/vicon_receiver/include/boost/fusion/mpl/clear.hpp
-- Up-to-date: /home/ph/treasure/dockerBENCH/helios16p_ws/install/vicon_receiver/include/boost/fusion/mpl/end.hpp
-- Up-to-date: /home/ph/treasure/dockerBENCH/helios16p_ws/install/vicon_receiver/include/boost/fusion/mpl/erase_key.hpp
-- Up-to-date: /home/ph/treasure/dockerBENCH/helios16p_ws/install/vicon_receiver/include/boost/fusion/mpl/pop_back.hpp
-- Up-to-date: /home/ph/treasure/dockerBENCH/helios16p_ws/install/vicon_receiver/include/boost/fusion/mpl/size.hpp
-- Up-to-date: /home/ph/treasure/dockerBENCH/helios16p_ws/install/vicon_receiver/include/boost/fusion/mpl/insert.hpp
-- Up-to-date: /home/ph/treasure/dockerBENCH/helios16p_ws/install/vicon_receiver/include/boost/fusion/iterator
-- Up-to-date: /home/ph/treasure/dockerBENCH/helios16p_ws/install/vicon_receiver/include/boost/fusion/iterator/segmented_iterator.hpp
-- Up-to-date: /home/ph/treasure/dockerBENCH/helios16p_ws/install/vicon_receiver/include/boost/fusion/iterator/advance.hpp
-- Up-to-date: /home/ph/treasure/dockerBENCH/helios16p_ws/install/vicon_receiver/include/boost/fusion/iterator/distance.hpp
-- Up-to-date: /home/ph/treasure/dockerBENCH/helios16p_ws/install/vicon_receiver/include/boost/fusion/iterator/detail
-- Up-to-date: /home/ph/treasure/dockerBENCH/helios16p_ws/install/vicon_receiver/include/boost/fusion/iterator/detail/segmented_next_impl.hpp
-- Up-to-date: /home/ph/treasure/dockerBENCH/helios16p_ws/install/vicon_receiver/include/boost/fusion/iterator/detail/segmented_iterator.hpp
-- Up-to-date: /home/ph/treasure/dockerBENCH/helios16p_ws/install/vicon_receiver/include/boost/fusion/iterator/detail/segment_sequence.hpp
-- Up-to-date: /home/ph/treasure/dockerBENCH/helios16p_ws/install/vicon_receiver/include/boost/fusion/iterator/detail/advance.hpp
-- Up-to-date: /home/ph/treasure/dockerBENCH/helios16p_ws/install/vicon_receiver/include/boost/fusion/iterator/detail/distance.hpp
-- Up-to-date: /home/ph/treasure/dockerBENCH/helios16p_ws/install/vicon_receiver/include/boost/fusion/iterator/detail/adapt_value_traits.hpp
-- Up-to-date: /home/ph/treasure/dockerBENCH/helios16p_ws/install/vicon_receiver/include/boost/fusion/iterator/detail/segmented_equal_to.hpp
-- Up-to-date: /home/ph/treasure/dockerBENCH/helios16p_ws/install/vicon_receiver/include/boost/fusion/iterator/detail/adapt_deref_traits.hpp
-- Up-to-date: /home/ph/treasure/dockerBENCH/helios16p_ws/install/vicon_receiver/include/boost/fusion/iterator/deref.hpp
-- Up-to-date: /home/ph/treasure/dockerBENCH/helios16p_ws/install/vicon_receiver/include/boost/fusion/iterator/next.hpp
-- Up-to-date: /home/ph/treasure/dockerBENCH/helios16p_ws/install/vicon_receiver/include/boost/fusion/iterator/mpl
-- Up-to-date: /home/ph/treasure/dockerBENCH/helios16p_ws/install/vicon_receiver/include/boost/fusion/iterator/mpl/fusion_iterator.hpp
-- Up-to-date: /home/ph/treasure/dockerBENCH/helios16p_ws/install/vicon_receiver/include/boost/fusion/iterator/mpl/convert_iterator.hpp
-- Up-to-date: /home/ph/treasure/dockerBENCH/helios16p_ws/install/vicon_receiver/include/boost/fusion/iterator/deref_data.hpp
-- Up-to-date: /home/ph/treasure/dockerBENCH/helios16p_ws/install/vicon_receiver/include/boost/fusion/iterator/iterator_adapter.hpp
-- Up-to-date: /home/ph/treasure/dockerBENCH/helios16p_ws/install/vicon_receiver/include/boost/fusion/iterator/key_of.hpp
-- Up-to-date: /home/ph/treasure/dockerBENCH/helios16p_ws/install/vicon_receiver/include/boost/fusion/iterator/equal_to.hpp
-- Up-to-date: /home/ph/treasure/dockerBENCH/helios16p_ws/install/vicon_receiver/include/boost/fusion/iterator/value_of.hpp
-- Up-to-date: /home/ph/treasure/dockerBENCH/helios16p_ws/install/vicon_receiver/include/boost/fusion/iterator/mpl.hpp
-- Up-to-date: /home/ph/treasure/dockerBENCH/helios16p_ws/install/vicon_receiver/include/boost/fusion/iterator/prior.hpp
-- Up-to-date: /home/ph/treasure/dockerBENCH/helios16p_ws/install/vicon_receiver/include/boost/fusion/iterator/iterator_facade.hpp
-- Up-to-date: /home/ph/treasure/dockerBENCH/helios16p_ws/install/vicon_receiver/include/boost/fusion/iterator/value_of_data.hpp
-- Up-to-date: /home/ph/treasure/dockerBENCH/helios16p_ws/install/vicon_receiver/include/boost/fusion/adapted
-- Up-to-date: /home/ph/treasure/dockerBENCH/helios16p_ws/install/vicon_receiver/include/boost/fusion/adapted/boost_tuple
-- Up-to-date: /home/ph/treasure/dockerBENCH/helios16p_ws/install/vicon_receiver/include/boost/fusion/adapted/boost_tuple/detail
-- Up-to-date: /home/ph/treasure/dockerBENCH/helios16p_ws/install/vicon_receiver/include/boost/fusion/adapted/boost_tuple/detail/end_impl.hpp
-- Up-to-date: /home/ph/treasure/dockerBENCH/helios16p_ws/install/vicon_receiver/include/boost/fusion/adapted/boost_tuple/detail/build_cons.hpp
-- Up-to-date: /home/ph/treasure/dockerBENCH/helios16p_ws/install/vicon_receiver/include/boost/fusion/adapted/boost_tuple/detail/size_impl.hpp
-- Up-to-date: /home/ph/treasure/dockerBENCH/helios16p_ws/install/vicon_receiver/include/boost/fusion/adapted/boost_tuple/detail/convert_impl.hpp
-- Up-to-date: /home/ph/treasure/dockerBENCH/helios16p_ws/install/vicon_receiver/include/boost/fusion/adapted/boost_tuple/detail/begin_impl.hpp
-- Up-to-date: /home/ph/treasure/dockerBENCH/helios16p_ws/install/vicon_receiver/include/boost/fusion/adapted/boost_tuple/detail/category_of_impl.hpp
-- Up-to-date: /home/ph/treasure/dockerBENCH/helios16p_ws/install/vicon_receiver/include/boost/fusion/adapted/boost_tuple/detail/is_sequence_impl.hpp
-- Up-to-date: /home/ph/treasure/dockerBENCH/helios16p_ws/install/vicon_receiver/include/boost/fusion/adapted/boost_tuple/detail/is_view_impl.hpp
-- Up-to-date: /home/ph/treasure/dockerBENCH/helios16p_ws/install/vicon_receiver/include/boost/fusion/adapted/boost_tuple/detail/value_at_impl.hpp
-- Up-to-date: /home/ph/treasure/dockerBENCH/helios16p_ws/install/vicon_receiver/include/boost/fusion/adapted/boost_tuple/detail/at_impl.hpp
-- Up-to-date: /home/ph/treasure/dockerBENCH/helios16p_ws/install/vicon_receiver/include/boost/fusion/adapted/boost_tuple/boost_tuple_iterator.hpp
-- Up-to-date: /home/ph/treasure/dockerBENCH/helios16p_ws/install/vicon_receiver/include/boost/fusion/adapted/boost_tuple/mpl
-- Up-to-date: /home/ph/treasure/dockerBENCH/helios16p_ws/install/vicon_receiver/include/boost/fusion/adapted/boost_tuple/mpl/clear.hpp
-- Up-to-date: /home/ph/treasure/dockerBENCH/helios16p_ws/install/vicon_receiver/include/boost/fusion/adapted/boost_tuple/tag_of.hpp
-- Up-to-date: /home/ph/treasure/dockerBENCH/helios16p_ws/install/vicon_receiver/include/boost/fusion/adapted/mpl
-- Up-to-date: /home/ph/treasure/dockerBENCH/helios16p_ws/install/vicon_receiver/include/boost/fusion/adapted/mpl/detail
-- Up-to-date: /home/ph/treasure/dockerBENCH/helios16p_ws/install/vicon_receiver/include/boost/fusion/adapted/mpl/detail/end_impl.hpp
-- Up-to-date: /home/ph/treasure/dockerBENCH/helios16p_ws/install/vicon_receiver/include/boost/fusion/adapted/mpl/detail/size_impl.hpp
-- Up-to-date: /home/ph/treasure/dockerBENCH/helios16p_ws/install/vicon_receiver/include/boost/fusion/adapted/mpl/detail/begin_impl.hpp
-- Up-to-date: /home/ph/treasure/dockerBENCH/helios16p_ws/install/vicon_receiver/include/boost/fusion/adapted/mpl/detail/category_of_impl.hpp
-- Up-to-date: /home/ph/treasure/dockerBENCH/helios16p_ws/install/vicon_receiver/include/boost/fusion/adapted/mpl/detail/is_sequence_impl.hpp
-- Up-to-date: /home/ph/treasure/dockerBENCH/helios16p_ws/install/vicon_receiver/include/boost/fusion/adapted/mpl/detail/is_view_impl.hpp
-- Up-to-date: /home/ph/treasure/dockerBENCH/helios16p_ws/install/vicon_receiver/include/boost/fusion/adapted/mpl/detail/value_at_impl.hpp
-- Up-to-date: /home/ph/treasure/dockerBENCH/helios16p_ws/install/vicon_receiver/include/boost/fusion/adapted/mpl/detail/at_impl.hpp
-- Up-to-date: /home/ph/treasure/dockerBENCH/helios16p_ws/install/vicon_receiver/include/boost/fusion/adapted/mpl/detail/empty_impl.hpp
-- Up-to-date: /home/ph/treasure/dockerBENCH/helios16p_ws/install/vicon_receiver/include/boost/fusion/adapted/mpl/detail/has_key_impl.hpp
-- Up-to-date: /home/ph/treasure/dockerBENCH/helios16p_ws/install/vicon_receiver/include/boost/fusion/adapted/mpl/mpl_iterator.hpp
-- Up-to-date: /home/ph/treasure/dockerBENCH/helios16p_ws/install/vicon_receiver/include/boost/fusion/adapted/mpl.hpp
-- Up-to-date: /home/ph/treasure/dockerBENCH/helios16p_ws/install/vicon_receiver/include/boost/fusion/adapted/boost_tuple.hpp
-- Up-to-date: /home/ph/treasure/dockerBENCH/helios16p_ws/install/vicon_receiver/include/boost/fusion/mpl.hpp
-- Up-to-date: /home/ph/treasure/dockerBENCH/helios16p_ws/install/vicon_receiver/include/boost/fusion/view
-- Up-to-date: /home/ph/treasure/dockerBENCH/helios16p_ws/install/vicon_receiver/include/boost/fusion/view/detail
-- Up-to-date: /home/ph/treasure/dockerBENCH/helios16p_ws/install/vicon_receiver/include/boost/fusion/view/detail/strictest_traversal.hpp
-- Up-to-date: /home/ph/treasure/dockerBENCH/helios16p_ws/install/vicon_receiver/include/boost/fusion/view/iterator_range
-- Up-to-date: /home/ph/treasure/dockerBENCH/helios16p_ws/install/vicon_receiver/include/boost/fusion/view/iterator_range/detail
-- Up-to-date: /home/ph/treasure/dockerBENCH/helios16p_ws/install/vicon_receiver/include/boost/fusion/view/iterator_range/detail/end_impl.hpp
-- Up-to-date: /home/ph/treasure/dockerBENCH/helios16p_ws/install/vicon_receiver/include/boost/fusion/view/iterator_range/detail/segmented_iterator_range.hpp
-- Up-to-date: /home/ph/treasure/dockerBENCH/helios16p_ws/install/vicon_receiver/include/boost/fusion/view/iterator_range/detail/size_impl.hpp
-- Up-to-date: /home/ph/treasure/dockerBENCH/helios16p_ws/install/vicon_receiver/include/boost/fusion/view/iterator_range/detail/begin_impl.hpp
-- Up-to-date: /home/ph/treasure/dockerBENCH/helios16p_ws/install/vicon_receiver/include/boost/fusion/view/iterator_range/detail/is_segmented_impl.hpp
-- Up-to-date: /home/ph/treasure/dockerBENCH/helios16p_ws/install/vicon_receiver/include/boost/fusion/view/iterator_range/detail/value_at_impl.hpp
-- Up-to-date: /home/ph/treasure/dockerBENCH/helios16p_ws/install/vicon_receiver/include/boost/fusion/view/iterator_range/detail/at_impl.hpp
-- Up-to-date: /home/ph/treasure/dockerBENCH/helios16p_ws/install/vicon_receiver/include/boost/fusion/view/iterator_range/detail/segments_impl.hpp
-- Up-to-date: /home/ph/treasure/dockerBENCH/helios16p_ws/install/vicon_receiver/include/boost/fusion/view/iterator_range/iterator_range.hpp
-- Up-to-date: /home/ph/treasure/dockerBENCH/helios16p_ws/install/vicon_receiver/include/boost/fusion/view/transform_view
-- Up-to-date: /home/ph/treasure/dockerBENCH/helios16p_ws/install/vicon_receiver/include/boost/fusion/view/transform_view/detail
-- Up-to-date: /home/ph/treasure/dockerBENCH/helios16p_ws/install/vicon_receiver/include/boost/fusion/view/transform_view/detail/value_of_impl.hpp
-- Up-to-date: /home/ph/treasure/dockerBENCH/helios16p_ws/install/vicon_receiver/include/boost/fusion/view/transform_view/detail/end_impl.hpp
-- Up-to-date: /home/ph/treasure/dockerBENCH/helios16p_ws/install/vicon_receiver/include/boost/fusion/view/transform_view/detail/advance_impl.hpp
-- Up-to-date: /home/ph/treasure/dockerBENCH/helios16p_ws/install/vicon_receiver/include/boost/fusion/view/transform_view/detail/next_impl.hpp
-- Up-to-date: /home/ph/treasure/dockerBENCH/helios16p_ws/install/vicon_receiver/include/boost/fusion/view/transform_view/detail/prior_impl.hpp
-- Up-to-date: /home/ph/treasure/dockerBENCH/helios16p_ws/install/vicon_receiver/include/boost/fusion/view/transform_view/detail/begin_impl.hpp
-- Up-to-date: /home/ph/treasure/dockerBENCH/helios16p_ws/install/vicon_receiver/include/boost/fusion/view/transform_view/detail/equal_to_impl.hpp
-- Up-to-date: /home/ph/treasure/dockerBENCH/helios16p_ws/install/vicon_receiver/include/boost/fusion/view/transform_view/detail/distance_impl.hpp
-- Up-to-date: /home/ph/treasure/dockerBENCH/helios16p_ws/install/vicon_receiver/include/boost/fusion/view/transform_view/detail/value_at_impl.hpp
-- Up-to-date: /home/ph/treasure/dockerBENCH/helios16p_ws/install/vicon_receiver/include/boost/fusion/view/transform_view/detail/at_impl.hpp
-- Up-to-date: /home/ph/treasure/dockerBENCH/helios16p_ws/install/vicon_receiver/include/boost/fusion/view/transform_view/detail/deref_impl.hpp
-- Up-to-date: /home/ph/treasure/dockerBENCH/helios16p_ws/install/vicon_receiver/include/boost/fusion/view/transform_view/transform_view_fwd.hpp
-- Up-to-date: /home/ph/treasure/dockerBENCH/helios16p_ws/install/vicon_receiver/include/boost/fusion/view/transform_view/transform_view.hpp
-- Up-to-date: /home/ph/treasure/dockerBENCH/helios16p_ws/install/vicon_receiver/include/boost/fusion/view/transform_view/transform_view_iterator.hpp
-- Up-to-date: /home/ph/treasure/dockerBENCH/helios16p_ws/install/vicon_receiver/include/boost/fusion/view/single_view
-- Up-to-date: /home/ph/treasure/dockerBENCH/helios16p_ws/install/vicon_receiver/include/boost/fusion/view/single_view/detail
-- Up-to-date: /home/ph/treasure/dockerBENCH/helios16p_ws/install/vicon_receiver/include/boost/fusion/view/single_view/detail/value_of_impl.hpp
-- Up-to-date: /home/ph/treasure/dockerBENCH/helios16p_ws/install/vicon_receiver/include/boost/fusion/view/single_view/detail/end_impl.hpp
-- Up-to-date: /home/ph/treasure/dockerBENCH/helios16p_ws/install/vicon_receiver/include/boost/fusion/view/single_view/detail/advance_impl.hpp
-- Up-to-date: /home/ph/treasure/dockerBENCH/helios16p_ws/install/vicon_receiver/include/boost/fusion/view/single_view/detail/next_impl.hpp
-- Up-to-date: /home/ph/treasure/dockerBENCH/helios16p_ws/install/vicon_receiver/include/boost/fusion/view/single_view/detail/size_impl.hpp
-- Up-to-date: /home/ph/treasure/dockerBENCH/helios16p_ws/install/vicon_receiver/include/boost/fusion/view/single_view/detail/prior_impl.hpp
-- Up-to-date: /home/ph/treasure/dockerBENCH/helios16p_ws/install/vicon_receiver/include/boost/fusion/view/single_view/detail/begin_impl.hpp
-- Up-to-date: /home/ph/treasure/dockerBENCH/helios16p_ws/install/vicon_receiver/include/boost/fusion/view/single_view/detail/equal_to_impl.hpp
-- Up-to-date: /home/ph/treasure/dockerBENCH/helios16p_ws/install/vicon_receiver/include/boost/fusion/view/single_view/detail/distance_impl.hpp
-- Up-to-date: /home/ph/treasure/dockerBENCH/helios16p_ws/install/vicon_receiver/include/boost/fusion/view/single_view/detail/value_at_impl.hpp
-- Up-to-date: /home/ph/treasure/dockerBENCH/helios16p_ws/install/vicon_receiver/include/boost/fusion/view/single_view/detail/at_impl.hpp
-- Up-to-date: /home/ph/treasure/dockerBENCH/helios16p_ws/install/vicon_receiver/include/boost/fusion/view/single_view/detail/deref_impl.hpp
-- Up-to-date: /home/ph/treasure/dockerBENCH/helios16p_ws/install/vicon_receiver/include/boost/fusion/view/single_view/single_view_iterator.hpp
-- Up-to-date: /home/ph/treasure/dockerBENCH/helios16p_ws/install/vicon_receiver/include/boost/fusion/view/single_view/single_view.hpp
-- Up-to-date: /home/ph/treasure/dockerBENCH/helios16p_ws/install/vicon_receiver/include/boost/fusion/view/joint_view
-- Up-to-date: /home/ph/treasure/dockerBENCH/helios16p_ws/install/vicon_receiver/include/boost/fusion/view/joint_view/detail
-- Up-to-date: /home/ph/treasure/dockerBENCH/helios16p_ws/install/vicon_receiver/include/boost/fusion/view/joint_view/detail/value_of_impl.hpp
-- Up-to-date: /home/ph/treasure/dockerBENCH/helios16p_ws/install/vicon_receiver/include/boost/fusion/view/joint_view/detail/end_impl.hpp
-- Up-to-date: /home/ph/treasure/dockerBENCH/helios16p_ws/install/vicon_receiver/include/boost/fusion/view/joint_view/detail/value_of_data_impl.hpp
-- Up-to-date: /home/ph/treasure/dockerBENCH/helios16p_ws/install/vicon_receiver/include/boost/fusion/view/joint_view/detail/next_impl.hpp
-- Up-to-date: /home/ph/treasure/dockerBENCH/helios16p_ws/install/vicon_receiver/include/boost/fusion/view/joint_view/detail/deref_data_impl.hpp
-- Up-to-date: /home/ph/treasure/dockerBENCH/helios16p_ws/install/vicon_receiver/include/boost/fusion/view/joint_view/detail/begin_impl.hpp
-- Up-to-date: /home/ph/treasure/dockerBENCH/helios16p_ws/install/vicon_receiver/include/boost/fusion/view/joint_view/detail/key_of_impl.hpp
-- Up-to-date: /home/ph/treasure/dockerBENCH/helios16p_ws/install/vicon_receiver/include/boost/fusion/view/joint_view/detail/deref_impl.hpp
-- Up-to-date: /home/ph/treasure/dockerBENCH/helios16p_ws/install/vicon_receiver/include/boost/fusion/view/joint_view/joint_view_fwd.hpp
-- Up-to-date: /home/ph/treasure/dockerBENCH/helios16p_ws/install/vicon_receiver/include/boost/fusion/view/joint_view/joint_view_iterator.hpp
-- Up-to-date: /home/ph/treasure/dockerBENCH/helios16p_ws/install/vicon_receiver/include/boost/fusion/view/joint_view/joint_view.hpp
-- Up-to-date: /home/ph/treasure/dockerBENCH/helios16p_ws/install/vicon_receiver/include/boost/fusion/view/iterator_range.hpp
-- Up-to-date: /home/ph/treasure/dockerBENCH/helios16p_ws/install/vicon_receiver/include/boost/fusion/sequence
-- Up-to-date: /home/ph/treasure/dockerBENCH/helios16p_ws/install/vicon_receiver/include/boost/fusion/sequence/convert.hpp
-- Up-to-date: /home/ph/treasure/dockerBENCH/helios16p_ws/install/vicon_receiver/include/boost/fusion/sequence/intrinsic
-- Up-to-date: /home/ph/treasure/dockerBENCH/helios16p_ws/install/vicon_receiver/include/boost/fusion/sequence/intrinsic/empty.hpp
-- Up-to-date: /home/ph/treasure/dockerBENCH/helios16p_ws/install/vicon_receiver/include/boost/fusion/sequence/intrinsic/at.hpp
-- Up-to-date: /home/ph/treasure/dockerBENCH/helios16p_ws/install/vicon_receiver/include/boost/fusion/sequence/intrinsic/has_key.hpp
-- Up-to-date: /home/ph/treasure/dockerBENCH/helios16p_ws/install/vicon_receiver/include/boost/fusion/sequence/intrinsic/detail
-- Up-to-date: /home/ph/treasure/dockerBENCH/helios16p_ws/install/vicon_receiver/include/boost/fusion/sequence/intrinsic/detail/segmented_begin.hpp
-- Up-to-date: /home/ph/treasure/dockerBENCH/helios16p_ws/install/vicon_receiver/include/boost/fusion/sequence/intrinsic/detail/segmented_size.hpp
-- Up-to-date: /home/ph/treasure/dockerBENCH/helios16p_ws/install/vicon_receiver/include/boost/fusion/sequence/intrinsic/detail/segmented_end_impl.hpp
-- Up-to-date: /home/ph/treasure/dockerBENCH/helios16p_ws/install/vicon_receiver/include/boost/fusion/sequence/intrinsic/detail/segmented_end.hpp
-- Up-to-date: /home/ph/treasure/dockerBENCH/helios16p_ws/install/vicon_receiver/include/boost/fusion/sequence/intrinsic/detail/segmented_begin_impl.hpp
-- Up-to-date: /home/ph/treasure/dockerBENCH/helios16p_ws/install/vicon_receiver/include/boost/fusion/sequence/intrinsic/begin.hpp
-- Up-to-date: /home/ph/treasure/dockerBENCH/helios16p_ws/install/vicon_receiver/include/boost/fusion/sequence/intrinsic/at_c.hpp
-- Up-to-date: /home/ph/treasure/dockerBENCH/helios16p_ws/install/vicon_receiver/include/boost/fusion/sequence/intrinsic/value_at.hpp
-- Up-to-date: /home/ph/treasure/dockerBENCH/helios16p_ws/install/vicon_receiver/include/boost/fusion/sequence/intrinsic/end.hpp
-- Up-to-date: /home/ph/treasure/dockerBENCH/helios16p_ws/install/vicon_receiver/include/boost/fusion/sequence/intrinsic/segments.hpp
-- Up-to-date: /home/ph/treasure/dockerBENCH/helios16p_ws/install/vicon_receiver/include/boost/fusion/sequence/intrinsic/size.hpp
-- Up-to-date: /home/ph/treasure/dockerBENCH/helios16p_ws/install/vicon_receiver/include/boost/fusion/sequence/comparison
-- Up-to-date: /home/ph/treasure/dockerBENCH/helios16p_ws/install/vicon_receiver/include/boost/fusion/sequence/comparison/detail
-- Up-to-date: /home/ph/treasure/dockerBENCH/helios16p_ws/install/vicon_receiver/include/boost/fusion/sequence/comparison/detail/equal_to.hpp
-- Up-to-date: /home/ph/treasure/dockerBENCH/helios16p_ws/install/vicon_receiver/include/boost/fusion/sequence/comparison/enable_comparison.hpp
-- Up-to-date: /home/ph/treasure/dockerBENCH/helios16p_ws/install/vicon_receiver/include/boost/fusion/sequence/comparison/equal_to.hpp
-- Up-to-date: /home/ph/treasure/dockerBENCH/helios16p_ws/install/vicon_receiver/include/boost/fusion/sequence/intrinsic_fwd.hpp
-- Up-to-date: /home/ph/treasure/dockerBENCH/helios16p_ws/install/vicon_receiver/include/boost/fusion/support
-- Up-to-date: /home/ph/treasure/dockerBENCH/helios16p_ws/install/vicon_receiver/include/boost/fusion/support/iterator_base.hpp
-- Up-to-date: /home/ph/treasure/dockerBENCH/helios16p_ws/install/vicon_receiver/include/boost/fusion/support/segmented_fold_until.hpp
-- Up-to-date: /home/ph/treasure/dockerBENCH/helios16p_ws/install/vicon_receiver/include/boost/fusion/support/detail
-- Up-to-date: /home/ph/treasure/dockerBENCH/helios16p_ws/install/vicon_receiver/include/boost/fusion/support/detail/is_native_fusion_sequence.hpp
-- Up-to-date: /home/ph/treasure/dockerBENCH/helios16p_ws/install/vicon_receiver/include/boost/fusion/support/detail/access.hpp
-- Up-to-date: /home/ph/treasure/dockerBENCH/helios16p_ws/install/vicon_receiver/include/boost/fusion/support/detail/index_sequence.hpp
-- Up-to-date: /home/ph/treasure/dockerBENCH/helios16p_ws/install/vicon_receiver/include/boost/fusion/support/detail/and.hpp
-- Up-to-date: /home/ph/treasure/dockerBENCH/helios16p_ws/install/vicon_receiver/include/boost/fusion/support/detail/as_fusion_element.hpp
-- Up-to-date: /home/ph/treasure/dockerBENCH/helios16p_ws/install/vicon_receiver/include/boost/fusion/support/detail/enabler.hpp
-- Up-to-date: /home/ph/treasure/dockerBENCH/helios16p_ws/install/vicon_receiver/include/boost/fusion/support/detail/segmented_fold_until_impl.hpp
-- Up-to-date: /home/ph/treasure/dockerBENCH/helios16p_ws/install/vicon_receiver/include/boost/fusion/support/detail/is_mpl_sequence.hpp
-- Up-to-date: /home/ph/treasure/dockerBENCH/helios16p_ws/install/vicon_receiver/include/boost/fusion/support/detail/pp_round.hpp
-- Up-to-date: /home/ph/treasure/dockerBENCH/helios16p_ws/install/vicon_receiver/include/boost/fusion/support/detail/mpl_iterator_category.hpp
-- Up-to-date: /home/ph/treasure/dockerBENCH/helios16p_ws/install/vicon_receiver/include/boost/fusion/support/tag_of_fwd.hpp
-- Up-to-date: /home/ph/treasure/dockerBENCH/helios16p_ws/install/vicon_receiver/include/boost/fusion/support/config.hpp
-- Up-to-date: /home/ph/treasure/dockerBENCH/helios16p_ws/install/vicon_receiver/include/boost/fusion/support/as_const.hpp
-- Up-to-date: /home/ph/treasure/dockerBENCH/helios16p_ws/install/vicon_receiver/include/boost/fusion/support/is_segmented.hpp
-- Up-to-date: /home/ph/treasure/dockerBENCH/helios16p_ws/install/vicon_receiver/include/boost/fusion/support/is_sequence.hpp
-- Up-to-date: /home/ph/treasure/dockerBENCH/helios16p_ws/install/vicon_receiver/include/boost/fusion/support/is_view.hpp
-- Up-to-date: /home/ph/treasure/dockerBENCH/helios16p_ws/install/vicon_receiver/include/boost/fusion/support/sequence_base.hpp
-- Up-to-date: /home/ph/treasure/dockerBENCH/helios16p_ws/install/vicon_receiver/include/boost/fusion/support/tag_of.hpp
-- Up-to-date: /home/ph/treasure/dockerBENCH/helios16p_ws/install/vicon_receiver/include/boost/fusion/support/category_of.hpp
-- Up-to-date: /home/ph/treasure/dockerBENCH/helios16p_ws/install/vicon_receiver/include/boost/fusion/support/is_iterator.hpp
-- Up-to-date: /home/ph/treasure/dockerBENCH/helios16p_ws/install/vicon_receiver/include/boost/fusion/support/void.hpp
-- Up-to-date: /home/ph/treasure/dockerBENCH/helios16p_ws/install/vicon_receiver/include/boost/type_index
-- Up-to-date: /home/ph/treasure/dockerBENCH/helios16p_ws/install/vicon_receiver/include/boost/type_index/detail
-- Up-to-date: /home/ph/treasure/dockerBENCH/helios16p_ws/install/vicon_receiver/include/boost/type_index/detail/ctti_register_class.hpp
-- Up-to-date: /home/ph/treasure/dockerBENCH/helios16p_ws/install/vicon_receiver/include/boost/type_index/detail/stl_register_class.hpp
-- Up-to-date: /home/ph/treasure/dockerBENCH/helios16p_ws/install/vicon_receiver/include/boost/type_index/detail/compile_time_type_info.hpp
-- Up-to-date: /home/ph/treasure/dockerBENCH/helios16p_ws/install/vicon_receiver/include/boost/type_index/ctti_type_index.hpp
-- Up-to-date: /home/ph/treasure/dockerBENCH/helios16p_ws/install/vicon_receiver/include/boost/type_index/stl_type_index.hpp
-- Up-to-date: /home/ph/treasure/dockerBENCH/helios16p_ws/install/vicon_receiver/include/boost/type_index/type_index_facade.hpp
-- Up-to-date: /home/ph/treasure/dockerBENCH/helios16p_ws/install/vicon_receiver/include/boost/detail
-- Up-to-date: /home/ph/treasure/dockerBENCH/helios16p_ws/install/vicon_receiver/include/boost/detail/utf8_codecvt_facet.ipp
-- Up-to-date: /home/ph/treasure/dockerBENCH/helios16p_ws/install/vicon_receiver/include/boost/detail/basic_pointerbuf.hpp
-- Up-to-date: /home/ph/treasure/dockerBENCH/helios16p_ws/install/vicon_receiver/include/boost/detail/scoped_enum_emulation.hpp
-- Up-to-date: /home/ph/treasure/dockerBENCH/helios16p_ws/install/vicon_receiver/include/boost/detail/select_type.hpp
-- Up-to-date: /home/ph/treasure/dockerBENCH/helios16p_ws/install/vicon_receiver/include/boost/detail/container_fwd.hpp
-- Up-to-date: /home/ph/treasure/dockerBENCH/helios16p_ws/install/vicon_receiver/include/boost/detail/indirect_traits.hpp
-- Up-to-date: /home/ph/treasure/dockerBENCH/helios16p_ws/install/vicon_receiver/include/boost/detail/call_traits.hpp
-- Up-to-date: /home/ph/treasure/dockerBENCH/helios16p_ws/install/vicon_receiver/include/boost/detail/atomic_count.hpp
-- Up-to-date: /home/ph/treasure/dockerBENCH/helios16p_ws/install/vicon_receiver/include/boost/detail/interlocked.hpp
-- Up-to-date: /home/ph/treasure/dockerBENCH/helios16p_ws/install/vicon_receiver/include/boost/detail/lcast_precision.hpp
-- Up-to-date: /home/ph/treasure/dockerBENCH/helios16p_ws/install/vicon_receiver/include/boost/detail/reference_content.hpp
-- Up-to-date: /home/ph/treasure/dockerBENCH/helios16p_ws/install/vicon_receiver/include/boost/detail/fenv.hpp
-- Up-to-date: /home/ph/treasure/dockerBENCH/helios16p_ws/install/vicon_receiver/include/boost/detail/no_exceptions_support.hpp
-- Up-to-date: /home/ph/treasure/dockerBENCH/helios16p_ws/install/vicon_receiver/include/boost/detail/utf8_codecvt_facet.hpp
-- Up-to-date: /home/ph/treasure/dockerBENCH/helios16p_ws/install/vicon_receiver/include/boost/detail/workaround.hpp
-- Up-to-date: /home/ph/treasure/dockerBENCH/helios16p_ws/install/vicon_receiver/include/boost/detail/bitmask.hpp
-- Up-to-date: /home/ph/treasure/dockerBENCH/helios16p_ws/install/vicon_receiver/include/boost/get_pointer.hpp
-- Up-to-date: /home/ph/treasure/dockerBENCH/helios16p_ws/install/vicon_receiver/include/boost/typeof
-- Up-to-date: /home/ph/treasure/dockerBENCH/helios16p_ws/install/vicon_receiver/include/boost/typeof/native.hpp
-- Up-to-date: /home/ph/treasure/dockerBENCH/helios16p_ws/install/vicon_receiver/include/boost/typeof/register_fundamental.hpp
-- Up-to-date: /home/ph/treasure/dockerBENCH/helios16p_ws/install/vicon_receiver/include/boost/typeof/constant.hpp
-- Up-to-date: /home/ph/treasure/dockerBENCH/helios16p_ws/install/vicon_receiver/include/boost/typeof/encode_decode.hpp
-- Up-to-date: /home/ph/treasure/dockerBENCH/helios16p_ws/install/vicon_receiver/include/boost/typeof/template_template_param.hpp
-- Up-to-date: /home/ph/treasure/dockerBENCH/helios16p_ws/install/vicon_receiver/include/boost/typeof/register_functions.hpp
-- Up-to-date: /home/ph/treasure/dockerBENCH/helios16p_ws/install/vicon_receiver/include/boost/typeof/integral_template_param.hpp
-- Up-to-date: /home/ph/treasure/dockerBENCH/helios16p_ws/install/vicon_receiver/include/boost/typeof/decltype.hpp
-- Up-to-date: /home/ph/treasure/dockerBENCH/helios16p_ws/install/vicon_receiver/include/boost/typeof/register_functions_iterate.hpp
-- Up-to-date: /home/ph/treasure/dockerBENCH/helios16p_ws/install/vicon_receiver/include/boost/typeof/vector200.hpp
-- Up-to-date: /home/ph/treasure/dockerBENCH/helios16p_ws/install/vicon_receiver/include/boost/typeof/vector.hpp
-- Up-to-date: /home/ph/treasure/dockerBENCH/helios16p_ws/install/vicon_receiver/include/boost/typeof/modifiers.hpp
-- Up-to-date: /home/ph/treasure/dockerBENCH/helios16p_ws/install/vicon_receiver/include/boost/typeof/template_encoding.hpp
-- Up-to-date: /home/ph/treasure/dockerBENCH/helios16p_ws/install/vicon_receiver/include/boost/typeof/pointers_data_members.hpp
-- Up-to-date: /home/ph/treasure/dockerBENCH/helios16p_ws/install/vicon_receiver/include/boost/typeof/register_mem_functions.hpp
-- Up-to-date: /home/ph/treasure/dockerBENCH/helios16p_ws/install/vicon_receiver/include/boost/typeof/message.hpp
-- Up-to-date: /home/ph/treasure/dockerBENCH/helios16p_ws/install/vicon_receiver/include/boost/typeof/msvc
-- Up-to-date: /home/ph/treasure/dockerBENCH/helios16p_ws/install/vicon_receiver/include/boost/typeof/msvc/typeof_impl.hpp
-- Up-to-date: /home/ph/treasure/dockerBENCH/helios16p_ws/install/vicon_receiver/include/boost/typeof/unsupported.hpp
-- Up-to-date: /home/ph/treasure/dockerBENCH/helios16p_ws/install/vicon_receiver/include/boost/typeof/dmc
-- Up-to-date: /home/ph/treasure/dockerBENCH/helios16p_ws/install/vicon_receiver/include/boost/typeof/dmc/typeof_impl.hpp
-- Up-to-date: /home/ph/treasure/dockerBENCH/helios16p_ws/install/vicon_receiver/include/boost/typeof/vector100.hpp
-- Up-to-date: /home/ph/treasure/dockerBENCH/helios16p_ws/install/vicon_receiver/include/boost/typeof/type_encoding.hpp
-- Up-to-date: /home/ph/treasure/dockerBENCH/helios16p_ws/install/vicon_receiver/include/boost/typeof/typeof.hpp
-- Up-to-date: /home/ph/treasure/dockerBENCH/helios16p_ws/install/vicon_receiver/include/boost/typeof/type_template_param.hpp
-- Up-to-date: /home/ph/treasure/dockerBENCH/helios16p_ws/install/vicon_receiver/include/boost/typeof/typeof_impl.hpp
-- Up-to-date: /home/ph/treasure/dockerBENCH/helios16p_ws/install/vicon_receiver/include/boost/typeof/int_encoding.hpp
-- Up-to-date: /home/ph/treasure/dockerBENCH/helios16p_ws/install/vicon_receiver/include/boost/typeof/encode_decode_params.hpp
-- Up-to-date: /home/ph/treasure/dockerBENCH/helios16p_ws/install/vicon_receiver/include/boost/typeof/vector50.hpp
-- Up-to-date: /home/ph/treasure/dockerBENCH/helios16p_ws/install/vicon_receiver/include/boost/typeof/vector150.hpp
-- Up-to-date: /home/ph/treasure/dockerBENCH/helios16p_ws/install/vicon_receiver/include/boost/is_placeholder.hpp
-- Up-to-date: /home/ph/treasure/dockerBENCH/helios16p_ws/install/vicon_receiver/include/boost/chrono.hpp
-- Up-to-date: /home/ph/treasure/dockerBENCH/helios16p_ws/install/vicon_receiver/include/boost/cregex.hpp
-- Up-to-date: /home/ph/treasure/dockerBENCH/helios16p_ws/install/vicon_receiver/include/boost/utility
-- Up-to-date: /home/ph/treasure/dockerBENCH/helios16p_ws/install/vicon_receiver/include/boost/utility/swap.hpp
-- Up-to-date: /home/ph/treasure/dockerBENCH/helios16p_ws/install/vicon_receiver/include/boost/utility/detail
-- Up-to-date: /home/ph/treasure/dockerBENCH/helios16p_ws/install/vicon_receiver/include/boost/utility/detail/result_of_iterate.hpp
-- Up-to-date: /home/ph/treasure/dockerBENCH/helios16p_ws/install/vicon_receiver/include/boost/utility/identity_type.hpp
-- Up-to-date: /home/ph/treasure/dockerBENCH/helios16p_ws/install/vicon_receiver/include/boost/utility/compare_pointees.hpp
-- Up-to-date: /home/ph/treasure/dockerBENCH/helios16p_ws/install/vicon_receiver/include/boost/utility/addressof.hpp
-- Up-to-date: /home/ph/treasure/dockerBENCH/helios16p_ws/install/vicon_receiver/include/boost/utility/declval.hpp
-- Up-to-date: /home/ph/treasure/dockerBENCH/helios16p_ws/install/vicon_receiver/include/boost/utility/base_from_member.hpp
-- Up-to-date: /home/ph/treasure/dockerBENCH/helios16p_ws/install/vicon_receiver/include/boost/utility/enable_if.hpp
-- Up-to-date: /home/ph/treasure/dockerBENCH/helios16p_ws/install/vicon_receiver/include/boost/utility/binary.hpp
-- Up-to-date: /home/ph/treasure/dockerBENCH/helios16p_ws/install/vicon_receiver/include/boost/utility/result_of.hpp
-- Up-to-date: /home/ph/treasure/dockerBENCH/helios16p_ws/install/vicon_receiver/include/boost/lexical_cast
-- Up-to-date: /home/ph/treasure/dockerBENCH/helios16p_ws/install/vicon_receiver/include/boost/lexical_cast/bad_lexical_cast.hpp
-- Up-to-date: /home/ph/treasure/dockerBENCH/helios16p_ws/install/vicon_receiver/include/boost/lexical_cast/detail
-- Up-to-date: /home/ph/treasure/dockerBENCH/helios16p_ws/install/vicon_receiver/include/boost/lexical_cast/detail/inf_nan.hpp
-- Up-to-date: /home/ph/treasure/dockerBENCH/helios16p_ws/install/vicon_receiver/include/boost/lexical_cast/detail/converter_lexical_streams.hpp
-- Up-to-date: /home/ph/treasure/dockerBENCH/helios16p_ws/install/vicon_receiver/include/boost/lexical_cast/detail/is_character.hpp
-- Up-to-date: /home/ph/treasure/dockerBENCH/helios16p_ws/install/vicon_receiver/include/boost/lexical_cast/detail/lcast_char_constants.hpp
-- Up-to-date: /home/ph/treasure/dockerBENCH/helios16p_ws/install/vicon_receiver/include/boost/lexical_cast/detail/lcast_unsigned_converters.hpp
-- Up-to-date: /home/ph/treasure/dockerBENCH/helios16p_ws/install/vicon_receiver/include/boost/lexical_cast/detail/converter_numeric.hpp
-- Up-to-date: /home/ph/treasure/dockerBENCH/helios16p_ws/install/vicon_receiver/include/boost/lexical_cast/detail/converter_lexical.hpp
-- Up-to-date: /home/ph/treasure/dockerBENCH/helios16p_ws/install/vicon_receiver/include/boost/lexical_cast/detail/widest_char.hpp
-- Up-to-date: /home/ph/treasure/dockerBENCH/helios16p_ws/install/vicon_receiver/include/boost/lexical_cast/try_lexical_convert.hpp
-- Up-to-date: /home/ph/treasure/dockerBENCH/helios16p_ws/install/vicon_receiver/include/boost/ratio
-- Up-to-date: /home/ph/treasure/dockerBENCH/helios16p_ws/install/vicon_receiver/include/boost/ratio/ratio.hpp
-- Up-to-date: /home/ph/treasure/dockerBENCH/helios16p_ws/install/vicon_receiver/include/boost/ratio/detail
-- Up-to-date: /home/ph/treasure/dockerBENCH/helios16p_ws/install/vicon_receiver/include/boost/ratio/detail/overflow_helpers.hpp
-- Up-to-date: /home/ph/treasure/dockerBENCH/helios16p_ws/install/vicon_receiver/include/boost/ratio/detail/mpl
-- Up-to-date: /home/ph/treasure/dockerBENCH/helios16p_ws/install/vicon_receiver/include/boost/ratio/detail/mpl/abs.hpp
-- Up-to-date: /home/ph/treasure/dockerBENCH/helios16p_ws/install/vicon_receiver/include/boost/ratio/detail/mpl/gcd.hpp
-- Up-to-date: /home/ph/treasure/dockerBENCH/helios16p_ws/install/vicon_receiver/include/boost/ratio/detail/mpl/sign.hpp
-- Up-to-date: /home/ph/treasure/dockerBENCH/helios16p_ws/install/vicon_receiver/include/boost/ratio/detail/mpl/lcm.hpp
-- Up-to-date: /home/ph/treasure/dockerBENCH/helios16p_ws/install/vicon_receiver/include/boost/ratio/detail/ratio_io.hpp
-- Up-to-date: /home/ph/treasure/dockerBENCH/helios16p_ws/install/vicon_receiver/include/boost/ratio/config.hpp
-- Up-to-date: /home/ph/treasure/dockerBENCH/helios16p_ws/install/vicon_receiver/include/boost/ratio/mpl
-- Up-to-date: /home/ph/treasure/dockerBENCH/helios16p_ws/install/vicon_receiver/include/boost/ratio/mpl/rational_c_tag.hpp
-- Up-to-date: /home/ph/treasure/dockerBENCH/helios16p_ws/install/vicon_receiver/include/boost/ratio/ratio_io.hpp
-- Up-to-date: /home/ph/treasure/dockerBENCH/helios16p_ws/install/vicon_receiver/include/boost/ratio/ratio_fwd.hpp
-- Up-to-date: /home/ph/treasure/dockerBENCH/helios16p_ws/install/vicon_receiver/include/boost/core
-- Up-to-date: /home/ph/treasure/dockerBENCH/helios16p_ws/install/vicon_receiver/include/boost/core/noinit_adaptor.hpp
-- Up-to-date: /home/ph/treasure/dockerBENCH/helios16p_ws/install/vicon_receiver/include/boost/core/ref.hpp
-- Up-to-date: /home/ph/treasure/dockerBENCH/helios16p_ws/install/vicon_receiver/include/boost/core/demangle.hpp
-- Up-to-date: /home/ph/treasure/dockerBENCH/helios16p_ws/install/vicon_receiver/include/boost/core/swap.hpp
-- Up-to-date: /home/ph/treasure/dockerBENCH/helios16p_ws/install/vicon_receiver/include/boost/core/allocator_access.hpp
-- Up-to-date: /home/ph/treasure/dockerBENCH/helios16p_ws/install/vicon_receiver/include/boost/core/noncopyable.hpp
-- Up-to-date: /home/ph/treasure/dockerBENCH/helios16p_ws/install/vicon_receiver/include/boost/core/typeinfo.hpp
-- Up-to-date: /home/ph/treasure/dockerBENCH/helios16p_ws/install/vicon_receiver/include/boost/core/ignore_unused.hpp
-- Up-to-date: /home/ph/treasure/dockerBENCH/helios16p_ws/install/vicon_receiver/include/boost/core/addressof.hpp
-- Up-to-date: /home/ph/treasure/dockerBENCH/helios16p_ws/install/vicon_receiver/include/boost/core/explicit_operator_bool.hpp
-- Up-to-date: /home/ph/treasure/dockerBENCH/helios16p_ws/install/vicon_receiver/include/boost/core/default_allocator.hpp
-- Up-to-date: /home/ph/treasure/dockerBENCH/helios16p_ws/install/vicon_receiver/include/boost/core/scoped_enum.hpp
-- Up-to-date: /home/ph/treasure/dockerBENCH/helios16p_ws/install/vicon_receiver/include/boost/core/no_exceptions_support.hpp
-- Up-to-date: /home/ph/treasure/dockerBENCH/helios16p_ws/install/vicon_receiver/include/boost/core/enable_if.hpp
-- Up-to-date: /home/ph/treasure/dockerBENCH/helios16p_ws/install/vicon_receiver/include/boost/core/is_same.hpp
-- Up-to-date: /home/ph/treasure/dockerBENCH/helios16p_ws/install/vicon_receiver/include/boost/core/checked_delete.hpp
-- Up-to-date: /home/ph/treasure/dockerBENCH/helios16p_ws/install/vicon_receiver/include/boost/core/use_default.hpp
-- Up-to-date: /home/ph/treasure/dockerBENCH/helios16p_ws/install/vicon_receiver/include/boost/core/first_scalar.hpp
-- Up-to-date: /home/ph/treasure/dockerBENCH/helios16p_ws/install/vicon_receiver/include/boost/core/pointer_traits.hpp
-- Up-to-date: /home/ph/treasure/dockerBENCH/helios16p_ws/install/vicon_receiver/include/boost/core/alloc_construct.hpp
-- Up-to-date: /home/ph/treasure/dockerBENCH/helios16p_ws/install/vicon_receiver/include/boost/chrono
-- Up-to-date: /home/ph/treasure/dockerBENCH/helios16p_ws/install/vicon_receiver/include/boost/chrono/io_v1
-- Up-to-date: /home/ph/treasure/dockerBENCH/helios16p_ws/install/vicon_receiver/include/boost/chrono/io_v1/chrono_io.hpp
-- Up-to-date: /home/ph/treasure/dockerBENCH/helios16p_ws/install/vicon_receiver/include/boost/chrono/process_cpu_clocks.hpp
-- Up-to-date: /home/ph/treasure/dockerBENCH/helios16p_ws/install/vicon_receiver/include/boost/chrono/detail
-- Up-to-date: /home/ph/treasure/dockerBENCH/helios16p_ws/install/vicon_receiver/include/boost/chrono/detail/system.hpp
-- Up-to-date: /home/ph/treasure/dockerBENCH/helios16p_ws/install/vicon_receiver/include/boost/chrono/detail/no_warning
-- Up-to-date: /home/ph/treasure/dockerBENCH/helios16p_ws/install/vicon_receiver/include/boost/chrono/detail/no_warning/signed_unsigned_cmp.hpp
-- Up-to-date: /home/ph/treasure/dockerBENCH/helios16p_ws/install/vicon_receiver/include/boost/chrono/detail/inlined
-- Up-to-date: /home/ph/treasure/dockerBENCH/helios16p_ws/install/vicon_receiver/include/boost/chrono/detail/inlined/process_cpu_clocks.hpp
-- Up-to-date: /home/ph/treasure/dockerBENCH/helios16p_ws/install/vicon_receiver/include/boost/chrono/detail/inlined/chrono.hpp
-- Up-to-date: /home/ph/treasure/dockerBENCH/helios16p_ws/install/vicon_receiver/include/boost/chrono/detail/inlined/posix
-- Up-to-date: /home/ph/treasure/dockerBENCH/helios16p_ws/install/vicon_receiver/include/boost/chrono/detail/inlined/posix/process_cpu_clocks.hpp
-- Up-to-date: /home/ph/treasure/dockerBENCH/helios16p_ws/install/vicon_receiver/include/boost/chrono/detail/inlined/posix/chrono.hpp
-- Up-to-date: /home/ph/treasure/dockerBENCH/helios16p_ws/install/vicon_receiver/include/boost/chrono/detail/inlined/posix/thread_clock.hpp
-- Up-to-date: /home/ph/treasure/dockerBENCH/helios16p_ws/install/vicon_receiver/include/boost/chrono/detail/inlined/win
-- Up-to-date: /home/ph/treasure/dockerBENCH/helios16p_ws/install/vicon_receiver/include/boost/chrono/detail/inlined/win/process_cpu_clocks.hpp
-- Up-to-date: /home/ph/treasure/dockerBENCH/helios16p_ws/install/vicon_receiver/include/boost/chrono/detail/inlined/win/chrono.hpp
-- Up-to-date: /home/ph/treasure/dockerBENCH/helios16p_ws/install/vicon_receiver/include/boost/chrono/detail/inlined/win/thread_clock.hpp
-- Up-to-date: /home/ph/treasure/dockerBENCH/helios16p_ws/install/vicon_receiver/include/boost/chrono/detail/inlined/thread_clock.hpp
-- Up-to-date: /home/ph/treasure/dockerBENCH/helios16p_ws/install/vicon_receiver/include/boost/chrono/detail/inlined/mac
-- Up-to-date: /home/ph/treasure/dockerBENCH/helios16p_ws/install/vicon_receiver/include/boost/chrono/detail/inlined/mac/process_cpu_clocks.hpp
-- Up-to-date: /home/ph/treasure/dockerBENCH/helios16p_ws/install/vicon_receiver/include/boost/chrono/detail/inlined/mac/chrono.hpp
-- Up-to-date: /home/ph/treasure/dockerBENCH/helios16p_ws/install/vicon_receiver/include/boost/chrono/detail/inlined/mac/thread_clock.hpp
-- Up-to-date: /home/ph/treasure/dockerBENCH/helios16p_ws/install/vicon_receiver/include/boost/chrono/detail/is_evenly_divisible_by.hpp
-- Up-to-date: /home/ph/treasure/dockerBENCH/helios16p_ws/install/vicon_receiver/include/boost/chrono/detail/static_assert.hpp
-- Up-to-date: /home/ph/treasure/dockerBENCH/helios16p_ws/install/vicon_receiver/include/boost/chrono/detail/scan_keyword.hpp
-- Up-to-date: /home/ph/treasure/dockerBENCH/helios16p_ws/install/vicon_receiver/include/boost/chrono/chrono.hpp
-- Up-to-date: /home/ph/treasure/dockerBENCH/helios16p_ws/install/vicon_receiver/include/boost/chrono/floor.hpp
-- Up-to-date: /home/ph/treasure/dockerBENCH/helios16p_ws/install/vicon_receiver/include/boost/chrono/duration.hpp
-- Up-to-date: /home/ph/treasure/dockerBENCH/helios16p_ws/install/vicon_receiver/include/boost/chrono/config.hpp
-- Up-to-date: /home/ph/treasure/dockerBENCH/helios16p_ws/install/vicon_receiver/include/boost/chrono/system_clocks.hpp
-- Up-to-date: /home/ph/treasure/dockerBENCH/helios16p_ws/install/vicon_receiver/include/boost/chrono/time_point.hpp
-- Up-to-date: /home/ph/treasure/dockerBENCH/helios16p_ws/install/vicon_receiver/include/boost/chrono/thread_clock.hpp
-- Up-to-date: /home/ph/treasure/dockerBENCH/helios16p_ws/install/vicon_receiver/include/boost/chrono/io
-- Up-to-date: /home/ph/treasure/dockerBENCH/helios16p_ws/install/vicon_receiver/include/boost/chrono/io/duration_io.hpp
-- Up-to-date: /home/ph/treasure/dockerBENCH/helios16p_ws/install/vicon_receiver/include/boost/chrono/io/timezone.hpp
-- Up-to-date: /home/ph/treasure/dockerBENCH/helios16p_ws/install/vicon_receiver/include/boost/chrono/io/utility
-- Up-to-date: /home/ph/treasure/dockerBENCH/helios16p_ws/install/vicon_receiver/include/boost/chrono/io/utility/manip_base.hpp
-- Up-to-date: /home/ph/treasure/dockerBENCH/helios16p_ws/install/vicon_receiver/include/boost/chrono/io/utility/ios_base_state_ptr.hpp
-- Up-to-date: /home/ph/treasure/dockerBENCH/helios16p_ws/install/vicon_receiver/include/boost/chrono/io/utility/to_string.hpp
-- Up-to-date: /home/ph/treasure/dockerBENCH/helios16p_ws/install/vicon_receiver/include/boost/chrono/io/time_point_units.hpp
-- Up-to-date: /home/ph/treasure/dockerBENCH/helios16p_ws/install/vicon_receiver/include/boost/chrono/io/duration_style.hpp
-- Up-to-date: /home/ph/treasure/dockerBENCH/helios16p_ws/install/vicon_receiver/include/boost/chrono/io/duration_put.hpp
-- Up-to-date: /home/ph/treasure/dockerBENCH/helios16p_ws/install/vicon_receiver/include/boost/chrono/io/duration_units.hpp
-- Up-to-date: /home/ph/treasure/dockerBENCH/helios16p_ws/install/vicon_receiver/include/boost/chrono/io/time_point_put.hpp
-- Up-to-date: /home/ph/treasure/dockerBENCH/helios16p_ws/install/vicon_receiver/include/boost/chrono/io/duration_get.hpp
-- Up-to-date: /home/ph/treasure/dockerBENCH/helios16p_ws/install/vicon_receiver/include/boost/chrono/io/time_point_get.hpp
-- Up-to-date: /home/ph/treasure/dockerBENCH/helios16p_ws/install/vicon_receiver/include/boost/chrono/io/ios_base_state.hpp
-- Up-to-date: /home/ph/treasure/dockerBENCH/helios16p_ws/install/vicon_receiver/include/boost/chrono/io/time_point_io.hpp
-- Up-to-date: /home/ph/treasure/dockerBENCH/helios16p_ws/install/vicon_receiver/include/boost/chrono/round.hpp
-- Up-to-date: /home/ph/treasure/dockerBENCH/helios16p_ws/install/vicon_receiver/include/boost/chrono/clock_string.hpp
-- Up-to-date: /home/ph/treasure/dockerBENCH/helios16p_ws/install/vicon_receiver/include/boost/chrono/chrono_io.hpp
-- Up-to-date: /home/ph/treasure/dockerBENCH/helios16p_ws/install/vicon_receiver/include/boost/chrono/include.hpp
-- Up-to-date: /home/ph/treasure/dockerBENCH/helios16p_ws/install/vicon_receiver/include/boost/chrono/ceil.hpp
-- Up-to-date: /home/ph/treasure/dockerBENCH/helios16p_ws/install/vicon_receiver/include/boost/align
-- Up-to-date: /home/ph/treasure/dockerBENCH/helios16p_ws/install/vicon_receiver/include/boost/align/detail
-- Up-to-date: /home/ph/treasure/dockerBENCH/helios16p_ws/install/vicon_receiver/include/boost/align/detail/aligned_alloc_android.hpp
-- Up-to-date: /home/ph/treasure/dockerBENCH/helios16p_ws/install/vicon_receiver/include/boost/align/detail/alignment_of_codegear.hpp
-- Up-to-date: /home/ph/treasure/dockerBENCH/helios16p_ws/install/vicon_receiver/include/boost/align/detail/align.hpp
-- Up-to-date: /home/ph/treasure/dockerBENCH/helios16p_ws/install/vicon_receiver/include/boost/align/detail/aligned_alloc_posix.hpp
-- Up-to-date: /home/ph/treasure/dockerBENCH/helios16p_ws/install/vicon_receiver/include/boost/align/detail/align_cxx11.hpp
-- Up-to-date: /home/ph/treasure/dockerBENCH/helios16p_ws/install/vicon_receiver/include/boost/align/detail/alignment_of_clang.hpp
-- Up-to-date: /home/ph/treasure/dockerBENCH/helios16p_ws/install/vicon_receiver/include/boost/align/detail/element_type.hpp
-- Up-to-date: /home/ph/treasure/dockerBENCH/helios16p_ws/install/vicon_receiver/include/boost/align/detail/aligned_alloc_sunos.hpp
-- Up-to-date: /home/ph/treasure/dockerBENCH/helios16p_ws/install/vicon_receiver/include/boost/align/detail/is_alignment.hpp
-- Up-to-date: /home/ph/treasure/dockerBENCH/helios16p_ws/install/vicon_receiver/include/boost/align/detail/aligned_alloc_macos.hpp
-- Up-to-date: /home/ph/treasure/dockerBENCH/helios16p_ws/install/vicon_receiver/include/boost/align/detail/integral_constant.hpp
-- Up-to-date: /home/ph/treasure/dockerBENCH/helios16p_ws/install/vicon_receiver/include/boost/align/detail/alignment_of_cxx11.hpp
-- Up-to-date: /home/ph/treasure/dockerBENCH/helios16p_ws/install/vicon_receiver/include/boost/align/detail/aligned_alloc_new.hpp
-- Up-to-date: /home/ph/treasure/dockerBENCH/helios16p_ws/install/vicon_receiver/include/boost/align/detail/alignment_of_msvc.hpp
-- Up-to-date: /home/ph/treasure/dockerBENCH/helios16p_ws/install/vicon_receiver/include/boost/align/detail/aligned_alloc_mingw.hpp
-- Up-to-date: /home/ph/treasure/dockerBENCH/helios16p_ws/install/vicon_receiver/include/boost/align/detail/aligned_alloc_msvc.hpp
-- Up-to-date: /home/ph/treasure/dockerBENCH/helios16p_ws/install/vicon_receiver/include/boost/align/detail/min_size.hpp
-- Up-to-date: /home/ph/treasure/dockerBENCH/helios16p_ws/install/vicon_receiver/include/boost/align/detail/alignment_of.hpp
-- Up-to-date: /home/ph/treasure/dockerBENCH/helios16p_ws/install/vicon_receiver/include/boost/align/detail/alignment_of_gcc.hpp
-- Up-to-date: /home/ph/treasure/dockerBENCH/helios16p_ws/install/vicon_receiver/include/boost/align/detail/aligned_alloc.hpp
-- Up-to-date: /home/ph/treasure/dockerBENCH/helios16p_ws/install/vicon_receiver/include/boost/align/align.hpp
-- Up-to-date: /home/ph/treasure/dockerBENCH/helios16p_ws/install/vicon_receiver/include/boost/align/alignment_of_forward.hpp
-- Up-to-date: /home/ph/treasure/dockerBENCH/helios16p_ws/install/vicon_receiver/include/boost/align/alignment_of.hpp
-- Up-to-date: /home/ph/treasure/dockerBENCH/helios16p_ws/install/vicon_receiver/include/boost/align/aligned_alloc.hpp
-- Up-to-date: /home/ph/treasure/dockerBENCH/helios16p_ws/install/vicon_receiver/include/boost/type.hpp
-- Up-to-date: /home/ph/treasure/dockerBENCH/helios16p_ws/install/vicon_receiver/include/boost/concept_check.hpp
-- Up-to-date: /home/ph/treasure/dockerBENCH/helios16p_ws/install/vicon_receiver/include/boost/atomic
-- Up-to-date: /home/ph/treasure/dockerBENCH/helios16p_ws/install/vicon_receiver/include/boost/atomic/detail
-- Up-to-date: /home/ph/treasure/dockerBENCH/helios16p_ws/install/vicon_receiver/include/boost/atomic/detail/extra_ops_msvc_arm.hpp
-- Up-to-date: /home/ph/treasure/dockerBENCH/helios16p_ws/install/vicon_receiver/include/boost/atomic/detail/core_arch_ops_msvc_arm.hpp
-- Up-to-date: /home/ph/treasure/dockerBENCH/helios16p_ws/install/vicon_receiver/include/boost/atomic/detail/wait_ops_freebsd_umtx.hpp
-- Up-to-date: /home/ph/treasure/dockerBENCH/helios16p_ws/install/vicon_receiver/include/boost/atomic/detail/header.hpp
-- Up-to-date: /home/ph/treasure/dockerBENCH/helios16p_ws/install/vicon_receiver/include/boost/atomic/detail/caps_arch_gcc_arm.hpp
-- Up-to-date: /home/ph/treasure/dockerBENCH/helios16p_ws/install/vicon_receiver/include/boost/atomic/detail/ops_gcc_arm_common.hpp
-- Up-to-date: /home/ph/treasure/dockerBENCH/helios16p_ws/install/vicon_receiver/include/boost/atomic/detail/core_ops_gcc_sync.hpp
-- Up-to-date: /home/ph/treasure/dockerBENCH/helios16p_ws/install/vicon_receiver/include/boost/atomic/detail/core_operations_emulated.hpp
-- Up-to-date: /home/ph/treasure/dockerBENCH/helios16p_ws/install/vicon_receiver/include/boost/atomic/detail/caps_gcc_atomic.hpp
-- Up-to-date: /home/ph/treasure/dockerBENCH/helios16p_ws/install/vicon_receiver/include/boost/atomic/detail/extra_ops_gcc_ppc.hpp
-- Up-to-date: /home/ph/treasure/dockerBENCH/helios16p_ws/install/vicon_receiver/include/boost/atomic/detail/core_arch_ops_gcc_sparc.hpp
-- Up-to-date: /home/ph/treasure/dockerBENCH/helios16p_ws/install/vicon_receiver/include/boost/atomic/detail/fence_arch_ops_gcc_aarch32.hpp
-- Up-to-date: /home/ph/treasure/dockerBENCH/helios16p_ws/install/vicon_receiver/include/boost/atomic/detail/storage_traits.hpp
-- Up-to-date: /home/ph/treasure/dockerBENCH/helios16p_ws/install/vicon_receiver/include/boost/atomic/detail/integral_conversions.hpp
-- Up-to-date: /home/ph/treasure/dockerBENCH/helios16p_ws/install/vicon_receiver/include/boost/atomic/detail/link.hpp
-- Up-to-date: /home/ph/treasure/dockerBENCH/helios16p_ws/install/vicon_receiver/include/boost/atomic/detail/once_flag.hpp
-- Up-to-date: /home/ph/treasure/dockerBENCH/helios16p_ws/install/vicon_receiver/include/boost/atomic/detail/core_arch_ops_gcc_x86.hpp
-- Up-to-date: /home/ph/treasure/dockerBENCH/helios16p_ws/install/vicon_receiver/include/boost/atomic/detail/wait_caps_futex.hpp
-- Up-to-date: /home/ph/treasure/dockerBENCH/helios16p_ws/install/vicon_receiver/include/boost/atomic/detail/wait_ops_generic.hpp
-- Up-to-date: /home/ph/treasure/dockerBENCH/helios16p_ws/install/vicon_receiver/include/boost/atomic/detail/core_arch_ops_gcc_aarch64.hpp
-- Up-to-date: /home/ph/treasure/dockerBENCH/helios16p_ws/install/vicon_receiver/include/boost/atomic/detail/core_ops_gcc_atomic.hpp
-- Up-to-date: /home/ph/treasure/dockerBENCH/helios16p_ws/install/vicon_receiver/include/boost/atomic/detail/footer.hpp
-- Up-to-date: /home/ph/treasure/dockerBENCH/helios16p_ws/install/vicon_receiver/include/boost/atomic/detail/caps_arch_gcc_aarch64.hpp
-- Up-to-date: /home/ph/treasure/dockerBENCH/helios16p_ws/install/vicon_receiver/include/boost/atomic/detail/fence_arch_ops_gcc_sparc.hpp
-- Up-to-date: /home/ph/treasure/dockerBENCH/helios16p_ws/install/vicon_receiver/include/boost/atomic/detail/fence_arch_operations.hpp
-- Up-to-date: /home/ph/treasure/dockerBENCH/helios16p_ws/install/vicon_receiver/include/boost/atomic/detail/int_sizes.hpp
-- Up-to-date: /home/ph/treasure/dockerBENCH/helios16p_ws/install/vicon_receiver/include/boost/atomic/detail/pause.hpp
-- Up-to-date: /home/ph/treasure/dockerBENCH/helios16p_ws/install/vicon_receiver/include/boost/atomic/detail/extra_ops_gcc_x86.hpp
-- Up-to-date: /home/ph/treasure/dockerBENCH/helios16p_ws/install/vicon_receiver/include/boost/atomic/detail/core_arch_ops_gcc_aarch32.hpp
-- Up-to-date: /home/ph/treasure/dockerBENCH/helios16p_ws/install/vicon_receiver/include/boost/atomic/detail/core_ops_windows.hpp
-- Up-to-date: /home/ph/treasure/dockerBENCH/helios16p_ws/install/vicon_receiver/include/boost/atomic/detail/bitwise_fp_cast.hpp
-- Up-to-date: /home/ph/treasure/dockerBENCH/helios16p_ws/install/vicon_receiver/include/boost/atomic/detail/wait_ops_windows.hpp
-- Up-to-date: /home/ph/treasure/dockerBENCH/helios16p_ws/install/vicon_receiver/include/boost/atomic/detail/fence_ops_gcc_atomic.hpp
-- Up-to-date: /home/ph/treasure/dockerBENCH/helios16p_ws/install/vicon_receiver/include/boost/atomic/detail/fence_arch_ops_gcc_ppc.hpp
-- Up-to-date: /home/ph/treasure/dockerBENCH/helios16p_ws/install/vicon_receiver/include/boost/atomic/detail/caps_windows.hpp
-- Up-to-date: /home/ph/treasure/dockerBENCH/helios16p_ws/install/vicon_receiver/include/boost/atomic/detail/capabilities.hpp
-- Up-to-date: /home/ph/treasure/dockerBENCH/helios16p_ws/install/vicon_receiver/include/boost/atomic/detail/caps_arch_msvc_arm.hpp
-- Up-to-date: /home/ph/treasure/dockerBENCH/helios16p_ws/install/vicon_receiver/include/boost/atomic/detail/extra_ops_gcc_aarch32.hpp
-- Up-to-date: /home/ph/treasure/dockerBENCH/helios16p_ws/install/vicon_receiver/include/boost/atomic/detail/wait_ops_dragonfly_umtx.hpp
-- Up-to-date: /home/ph/treasure/dockerBENCH/helios16p_ws/install/vicon_receiver/include/boost/atomic/detail/core_operations_fwd.hpp
-- Up-to-date: /home/ph/treasure/dockerBENCH/helios16p_ws/install/vicon_receiver/include/boost/atomic/detail/wait_caps_windows.hpp
-- Up-to-date: /home/ph/treasure/dockerBENCH/helios16p_ws/install/vicon_receiver/include/boost/atomic/detail/extra_ops_gcc_arm.hpp
-- Up-to-date: /home/ph/treasure/dockerBENCH/helios16p_ws/install/vicon_receiver/include/boost/atomic/detail/intptr.hpp
-- Up-to-date: /home/ph/treasure/dockerBENCH/helios16p_ws/install/vicon_receiver/include/boost/atomic/detail/extra_operations.hpp
-- Up-to-date: /home/ph/treasure/dockerBENCH/helios16p_ws/install/vicon_receiver/include/boost/atomic/detail/ops_gcc_ppc_common.hpp
-- Up-to-date: /home/ph/treasure/dockerBENCH/helios16p_ws/install/vicon_receiver/include/boost/atomic/detail/config.hpp
-- Up-to-date: /home/ph/treasure/dockerBENCH/helios16p_ws/install/vicon_receiver/include/boost/atomic/detail/atomic_ref_impl.hpp
-- Up-to-date: /home/ph/treasure/dockerBENCH/helios16p_ws/install/vicon_receiver/include/boost/atomic/detail/addressof.hpp
-- Up-to-date: /home/ph/treasure/dockerBENCH/helios16p_ws/install/vicon_receiver/include/boost/atomic/detail/extra_ops_generic.hpp
-- Up-to-date: /home/ph/treasure/dockerBENCH/helios16p_ws/install/vicon_receiver/include/boost/atomic/detail/fence_arch_ops_msvc_x86.hpp
-- Up-to-date: /home/ph/treasure/dockerBENCH/helios16p_ws/install/vicon_receiver/include/boost/atomic/detail/ops_gcc_aarch32_common.hpp
-- Up-to-date: /home/ph/treasure/dockerBENCH/helios16p_ws/install/vicon_receiver/include/boost/atomic/detail/caps_arch_gcc_alpha.hpp
-- Up-to-date: /home/ph/treasure/dockerBENCH/helios16p_ws/install/vicon_receiver/include/boost/atomic/detail/interlocked.hpp
-- Up-to-date: /home/ph/treasure/dockerBENCH/helios16p_ws/install/vicon_receiver/include/boost/atomic/detail/gcc_atomic_memory_order_utils.hpp
-- Up-to-date: /home/ph/treasure/dockerBENCH/helios16p_ws/install/vicon_receiver/include/boost/atomic/detail/core_arch_operations_fwd.hpp
-- Up-to-date: /home/ph/treasure/dockerBENCH/helios16p_ws/install/vicon_receiver/include/boost/atomic/detail/fence_operations_emulated.hpp
-- Up-to-date: /home/ph/treasure/dockerBENCH/helios16p_ws/install/vicon_receiver/include/boost/atomic/detail/fence_arch_ops_gcc_aarch64.hpp
-- Up-to-date: /home/ph/treasure/dockerBENCH/helios16p_ws/install/vicon_receiver/include/boost/atomic/detail/extra_operations_fwd.hpp
-- Up-to-date: /home/ph/treasure/dockerBENCH/helios16p_ws/install/vicon_receiver/include/boost/atomic/detail/extra_fp_operations_fwd.hpp
-- Up-to-date: /home/ph/treasure/dockerBENCH/helios16p_ws/install/vicon_receiver/include/boost/atomic/detail/fence_arch_ops_gcc_x86.hpp
-- Up-to-date: /home/ph/treasure/dockerBENCH/helios16p_ws/install/vicon_receiver/include/boost/atomic/detail/caps_arch_gcc_sparc.hpp
-- Up-to-date: /home/ph/treasure/dockerBENCH/helios16p_ws/install/vicon_receiver/include/boost/atomic/detail/fence_operations.hpp
-- Up-to-date: /home/ph/treasure/dockerBENCH/helios16p_ws/install/vicon_receiver/include/boost/atomic/detail/wait_caps_freebsd_umtx.hpp
-- Up-to-date: /home/ph/treasure/dockerBENCH/helios16p_ws/install/vicon_receiver/include/boost/atomic/detail/extra_ops_msvc_x86.hpp
-- Up-to-date: /home/ph/treasure/dockerBENCH/helios16p_ws/install/vicon_receiver/include/boost/atomic/detail/core_operations_emulated_fwd.hpp
-- Up-to-date: /home/ph/treasure/dockerBENCH/helios16p_ws/install/vicon_receiver/include/boost/atomic/detail/core_arch_operations.hpp
-- Up-to-date: /home/ph/treasure/dockerBENCH/helios16p_ws/install/vicon_receiver/include/boost/atomic/detail/caps_arch_gcc_x86.hpp
-- Up-to-date: /home/ph/treasure/dockerBENCH/helios16p_ws/install/vicon_receiver/include/boost/atomic/detail/extending_cas_based_arithmetic.hpp
-- Up-to-date: /home/ph/treasure/dockerBENCH/helios16p_ws/install/vicon_receiver/include/boost/atomic/detail/atomic_flag_impl.hpp
-- Up-to-date: /home/ph/treasure/dockerBENCH/helios16p_ws/install/vicon_receiver/include/boost/atomic/detail/extra_fp_ops_generic.hpp
-- Up-to-date: /home/ph/treasure/dockerBENCH/helios16p_ws/install/vicon_receiver/include/boost/atomic/detail/wait_caps_dragonfly_umtx.hpp
-- Up-to-date: /home/ph/treasure/dockerBENCH/helios16p_ws/install/vicon_receiver/include/boost/atomic/detail/classify.hpp
-- Up-to-date: /home/ph/treasure/dockerBENCH/helios16p_ws/install/vicon_receiver/include/boost/atomic/detail/bitwise_cast.hpp
-- Up-to-date: /home/ph/treasure/dockerBENCH/helios16p_ws/install/vicon_receiver/include/boost/atomic/detail/cas_based_exchange.hpp
-- Up-to-date: /home/ph/treasure/dockerBENCH/helios16p_ws/install/vicon_receiver/include/boost/atomic/detail/core_arch_ops_gcc_ppc.hpp
-- Up-to-date: /home/ph/treasure/dockerBENCH/helios16p_ws/install/vicon_receiver/include/boost/atomic/detail/fence_arch_ops_gcc_arm.hpp
-- Up-to-date: /home/ph/treasure/dockerBENCH/helios16p_ws/install/vicon_receiver/include/boost/atomic/detail/ops_gcc_aarch64_common.hpp
-- Up-to-date: /home/ph/treasure/dockerBENCH/helios16p_ws/install/vicon_receiver/include/boost/atomic/detail/core_operations.hpp
-- Up-to-date: /home/ph/treasure/dockerBENCH/helios16p_ws/install/vicon_receiver/include/boost/atomic/detail/memory_order_utils.hpp
-- Up-to-date: /home/ph/treasure/dockerBENCH/helios16p_ws/install/vicon_receiver/include/boost/atomic/detail/wait_ops_emulated.hpp
-- Up-to-date: /home/ph/treasure/dockerBENCH/helios16p_ws/install/vicon_receiver/include/boost/atomic/detail/wait_ops_futex.hpp
-- Up-to-date: /home/ph/treasure/dockerBENCH/helios16p_ws/install/vicon_receiver/include/boost/atomic/detail/atomic_impl.hpp
-- Up-to-date: /home/ph/treasure/dockerBENCH/helios16p_ws/install/vicon_receiver/include/boost/atomic/detail/fence_ops_windows.hpp
-- Up-to-date: /home/ph/treasure/dockerBENCH/helios16p_ws/install/vicon_receiver/include/boost/atomic/detail/fp_operations.hpp
-- Up-to-date: /home/ph/treasure/dockerBENCH/helios16p_ws/install/vicon_receiver/include/boost/atomic/detail/platform.hpp
-- Up-to-date: /home/ph/treasure/dockerBENCH/helios16p_ws/install/vicon_receiver/include/boost/atomic/detail/core_arch_ops_gcc_arm.hpp
-- Up-to-date: /home/ph/treasure/dockerBENCH/helios16p_ws/install/vicon_receiver/include/boost/atomic/detail/float_sizes.hpp
-- Up-to-date: /home/ph/treasure/dockerBENCH/helios16p_ws/install/vicon_receiver/include/boost/atomic/detail/core_ops_linux_arm.hpp
-- Up-to-date: /home/ph/treasure/dockerBENCH/helios16p_ws/install/vicon_receiver/include/boost/atomic/detail/wait_capabilities.hpp
-- Up-to-date: /home/ph/treasure/dockerBENCH/helios16p_ws/install/vicon_receiver/include/boost/atomic/detail/core_ops_cas_based.hpp
-- Up-to-date: /home/ph/treasure/dockerBENCH/helios16p_ws/install/vicon_receiver/include/boost/atomic/detail/futex.hpp
-- Up-to-date: /home/ph/treasure/dockerBENCH/helios16p_ws/install/vicon_receiver/include/boost/atomic/detail/core_arch_ops_gcc_alpha.hpp
-- Up-to-date: /home/ph/treasure/dockerBENCH/helios16p_ws/install/vicon_receiver/include/boost/atomic/detail/fence_ops_linux_arm.hpp
-- Up-to-date: /home/ph/treasure/dockerBENCH/helios16p_ws/install/vicon_receiver/include/boost/atomic/detail/caps_arch_gcc_aarch32.hpp
-- Up-to-date: /home/ph/treasure/dockerBENCH/helios16p_ws/install/vicon_receiver/include/boost/atomic/detail/extra_ops_emulated.hpp
-- Up-to-date: /home/ph/treasure/dockerBENCH/helios16p_ws/install/vicon_receiver/include/boost/atomic/detail/caps_gcc_sync.hpp
-- Up-to-date: /home/ph/treasure/dockerBENCH/helios16p_ws/install/vicon_receiver/include/boost/atomic/detail/extra_ops_gcc_aarch64.hpp
-- Up-to-date: /home/ph/treasure/dockerBENCH/helios16p_ws/install/vicon_receiver/include/boost/atomic/detail/fence_arch_ops_gcc_alpha.hpp
-- Up-to-date: /home/ph/treasure/dockerBENCH/helios16p_ws/install/vicon_receiver/include/boost/atomic/detail/extra_fp_ops_emulated.hpp
-- Up-to-date: /home/ph/treasure/dockerBENCH/helios16p_ws/install/vicon_receiver/include/boost/atomic/detail/core_arch_ops_msvc_x86.hpp
-- Up-to-date: /home/ph/treasure/dockerBENCH/helios16p_ws/install/vicon_receiver/include/boost/atomic/detail/fence_ops_gcc_sync.hpp
-- Up-to-date: /home/ph/treasure/dockerBENCH/helios16p_ws/install/vicon_receiver/include/boost/atomic/detail/wait_operations_fwd.hpp
-- Up-to-date: /home/ph/treasure/dockerBENCH/helios16p_ws/install/vicon_receiver/include/boost/atomic/detail/caps_arch_gcc_ppc.hpp
-- Up-to-date: /home/ph/treasure/dockerBENCH/helios16p_ws/install/vicon_receiver/include/boost/atomic/detail/lock_pool.hpp
-- Up-to-date: /home/ph/treasure/dockerBENCH/helios16p_ws/install/vicon_receiver/include/boost/atomic/detail/wait_operations.hpp
-- Up-to-date: /home/ph/treasure/dockerBENCH/helios16p_ws/install/vicon_receiver/include/boost/atomic/detail/type_traits
-- Up-to-date: /home/ph/treasure/dockerBENCH/helios16p_ws/install/vicon_receiver/include/boost/atomic/detail/type_traits/is_trivially_copyable.hpp
-- Up-to-date: /home/ph/treasure/dockerBENCH/helios16p_ws/install/vicon_receiver/include/boost/atomic/detail/type_traits/is_integral.hpp
-- Up-to-date: /home/ph/treasure/dockerBENCH/helios16p_ws/install/vicon_receiver/include/boost/atomic/detail/type_traits/is_trivially_default_constructible.hpp
-- Up-to-date: /home/ph/treasure/dockerBENCH/helios16p_ws/install/vicon_receiver/include/boost/atomic/detail/type_traits/is_signed.hpp
-- Up-to-date: /home/ph/treasure/dockerBENCH/helios16p_ws/install/vicon_receiver/include/boost/atomic/detail/type_traits/integral_constant.hpp
-- Up-to-date: /home/ph/treasure/dockerBENCH/helios16p_ws/install/vicon_receiver/include/boost/atomic/detail/type_traits/is_iec559.hpp
-- Up-to-date: /home/ph/treasure/dockerBENCH/helios16p_ws/install/vicon_receiver/include/boost/atomic/detail/type_traits/make_unsigned.hpp
-- Up-to-date: /home/ph/treasure/dockerBENCH/helios16p_ws/install/vicon_receiver/include/boost/atomic/detail/type_traits/is_function.hpp
-- Up-to-date: /home/ph/treasure/dockerBENCH/helios16p_ws/install/vicon_receiver/include/boost/atomic/detail/type_traits/conditional.hpp
-- Up-to-date: /home/ph/treasure/dockerBENCH/helios16p_ws/install/vicon_receiver/include/boost/atomic/detail/type_traits/is_floating_point.hpp
-- Up-to-date: /home/ph/treasure/dockerBENCH/helios16p_ws/install/vicon_receiver/include/boost/atomic/detail/type_traits/make_signed.hpp
-- Up-to-date: /home/ph/treasure/dockerBENCH/helios16p_ws/install/vicon_receiver/include/boost/atomic/detail/type_traits/alignment_of.hpp
-- Up-to-date: /home/ph/treasure/dockerBENCH/helios16p_ws/install/vicon_receiver/include/boost/atomic/detail/gcc_arm_asm_common.hpp
-- Up-to-date: /home/ph/treasure/dockerBENCH/helios16p_ws/install/vicon_receiver/include/boost/atomic/detail/extra_fp_operations.hpp
-- Up-to-date: /home/ph/treasure/dockerBENCH/helios16p_ws/install/vicon_receiver/include/boost/atomic/detail/fp_ops_emulated.hpp
-- Up-to-date: /home/ph/treasure/dockerBENCH/helios16p_ws/install/vicon_receiver/include/boost/atomic/detail/string_ops.hpp
-- Up-to-date: /home/ph/treasure/dockerBENCH/helios16p_ws/install/vicon_receiver/include/boost/atomic/detail/caps_linux_arm.hpp
-- Up-to-date: /home/ph/treasure/dockerBENCH/helios16p_ws/install/vicon_receiver/include/boost/atomic/detail/fp_ops_generic.hpp
-- Up-to-date: /home/ph/treasure/dockerBENCH/helios16p_ws/install/vicon_receiver/include/boost/atomic/detail/aligned_variable.hpp
-- Up-to-date: /home/ph/treasure/dockerBENCH/helios16p_ws/install/vicon_receiver/include/boost/atomic/detail/caps_arch_msvc_x86.hpp
-- Up-to-date: /home/ph/treasure/dockerBENCH/helios16p_ws/install/vicon_receiver/include/boost/atomic/detail/fp_operations_fwd.hpp
-- Up-to-date: /home/ph/treasure/dockerBENCH/helios16p_ws/install/vicon_receiver/include/boost/atomic/detail/fence_arch_ops_msvc_arm.hpp
-- Up-to-date: /home/ph/treasure/dockerBENCH/helios16p_ws/install/vicon_receiver/include/boost/atomic/detail/ops_msvc_common.hpp
-- Up-to-date: /home/ph/treasure/dockerBENCH/helios16p_ws/install/vicon_receiver/include/boost/atomic/capabilities.hpp
-- Up-to-date: /home/ph/treasure/dockerBENCH/helios16p_ws/install/vicon_receiver/include/boost/atomic/atomic.hpp
-- Up-to-date: /home/ph/treasure/dockerBENCH/helios16p_ws/install/vicon_receiver/include/boost/atomic/atomic_ref.hpp
-- Up-to-date: /home/ph/treasure/dockerBENCH/helios16p_ws/install/vicon_receiver/include/boost/atomic/fences.hpp
-- Up-to-date: /home/ph/treasure/dockerBENCH/helios16p_ws/install/vicon_receiver/include/boost/atomic/ipc_atomic_flag.hpp
-- Up-to-date: /home/ph/treasure/dockerBENCH/helios16p_ws/install/vicon_receiver/include/boost/atomic/ipc_atomic.hpp
-- Up-to-date: /home/ph/treasure/dockerBENCH/helios16p_ws/install/vicon_receiver/include/boost/atomic/ipc_atomic_ref.hpp
-- Up-to-date: /home/ph/treasure/dockerBENCH/helios16p_ws/install/vicon_receiver/include/boost/atomic/atomic_flag.hpp
-- Up-to-date: /home/ph/treasure/dockerBENCH/helios16p_ws/install/vicon_receiver/include/boost/container
-- Up-to-date: /home/ph/treasure/dockerBENCH/helios16p_ws/install/vicon_receiver/include/boost/container/detail
-- Up-to-date: /home/ph/treasure/dockerBENCH/helios16p_ws/install/vicon_receiver/include/boost/container/detail/multiallocation_chain.hpp
-- Up-to-date: /home/ph/treasure/dockerBENCH/helios16p_ws/install/vicon_receiver/include/boost/container/detail/compare_functors.hpp
-- Up-to-date: /home/ph/treasure/dockerBENCH/helios16p_ws/install/vicon_receiver/include/boost/container/detail/algorithm.hpp
-- Up-to-date: /home/ph/treasure/dockerBENCH/helios16p_ws/install/vicon_receiver/include/boost/container/detail/advanced_insert_int.hpp
-- Up-to-date: /home/ph/treasure/dockerBENCH/helios16p_ws/install/vicon_receiver/include/boost/container/detail/transform_iterator.hpp
-- Up-to-date: /home/ph/treasure/dockerBENCH/helios16p_ws/install/vicon_receiver/include/boost/container/detail/allocation_type.hpp
-- Up-to-date: /home/ph/treasure/dockerBENCH/helios16p_ws/install/vicon_receiver/include/boost/container/detail/version_type.hpp
-- Up-to-date: /home/ph/treasure/dockerBENCH/helios16p_ws/install/vicon_receiver/include/boost/container/detail/type_traits.hpp
-- Up-to-date: /home/ph/treasure/dockerBENCH/helios16p_ws/install/vicon_receiver/include/boost/container/detail/addressof.hpp
-- Up-to-date: /home/ph/treasure/dockerBENCH/helios16p_ws/install/vicon_receiver/include/boost/container/detail/destroyers.hpp
-- Up-to-date: /home/ph/treasure/dockerBENCH/helios16p_ws/install/vicon_receiver/include/boost/container/detail/config_end.hpp
-- Up-to-date: /home/ph/treasure/dockerBENCH/helios16p_ws/install/vicon_receiver/include/boost/container/detail/min_max.hpp
-- Up-to-date: /home/ph/treasure/dockerBENCH/helios16p_ws/install/vicon_receiver/include/boost/container/detail/pair.hpp
-- Up-to-date: /home/ph/treasure/dockerBENCH/helios16p_ws/install/vicon_receiver/include/boost/container/detail/iterators.hpp
-- Up-to-date: /home/ph/treasure/dockerBENCH/helios16p_ws/install/vicon_receiver/include/boost/container/detail/std_fwd.hpp
-- Up-to-date: /home/ph/treasure/dockerBENCH/helios16p_ws/install/vicon_receiver/include/boost/container/detail/construct_in_place.hpp
-- Up-to-date: /home/ph/treasure/dockerBENCH/helios16p_ws/install/vicon_receiver/include/boost/container/detail/alloc_helpers.hpp
-- Up-to-date: /home/ph/treasure/dockerBENCH/helios16p_ws/install/vicon_receiver/include/boost/container/detail/node_alloc_holder.hpp
-- Up-to-date: /home/ph/treasure/dockerBENCH/helios16p_ws/install/vicon_receiver/include/boost/container/detail/copy_move_algo.hpp
-- Up-to-date: /home/ph/treasure/dockerBENCH/helios16p_ws/install/vicon_receiver/include/boost/container/detail/config_begin.hpp
-- Up-to-date: /home/ph/treasure/dockerBENCH/helios16p_ws/install/vicon_receiver/include/boost/container/detail/mpl.hpp
-- Up-to-date: /home/ph/treasure/dockerBENCH/helios16p_ws/install/vicon_receiver/include/boost/container/detail/variadic_templates_tools.hpp
-- Up-to-date: /home/ph/treasure/dockerBENCH/helios16p_ws/install/vicon_receiver/include/boost/container/detail/value_init.hpp
-- Up-to-date: /home/ph/treasure/dockerBENCH/helios16p_ws/install/vicon_receiver/include/boost/container/detail/workaround.hpp
-- Up-to-date: /home/ph/treasure/dockerBENCH/helios16p_ws/install/vicon_receiver/include/boost/container/detail/allocator_version_traits.hpp
-- Up-to-date: /home/ph/treasure/dockerBENCH/helios16p_ws/install/vicon_receiver/include/boost/container/detail/iterator.hpp
-- Up-to-date: /home/ph/treasure/dockerBENCH/helios16p_ws/install/vicon_receiver/include/boost/container/detail/value_functors.hpp
-- Up-to-date: /home/ph/treasure/dockerBENCH/helios16p_ws/install/vicon_receiver/include/boost/container/detail/next_capacity.hpp
-- Up-to-date: /home/ph/treasure/dockerBENCH/helios16p_ws/install/vicon_receiver/include/boost/container/detail/placement_new.hpp
-- Up-to-date: /home/ph/treasure/dockerBENCH/helios16p_ws/install/vicon_receiver/include/boost/container/detail/dispatch_uses_allocator.hpp
-- Up-to-date: /home/ph/treasure/dockerBENCH/helios16p_ws/install/vicon_receiver/include/boost/container/container_fwd.hpp
-- Up-to-date: /home/ph/treasure/dockerBENCH/helios16p_ws/install/vicon_receiver/include/boost/container/deque.hpp
-- Up-to-date: /home/ph/treasure/dockerBENCH/helios16p_ws/install/vicon_receiver/include/boost/container/vector.hpp
-- Up-to-date: /home/ph/treasure/dockerBENCH/helios16p_ws/install/vicon_receiver/include/boost/container/scoped_allocator.hpp
-- Up-to-date: /home/ph/treasure/dockerBENCH/helios16p_ws/install/vicon_receiver/include/boost/container/list.hpp
-- Up-to-date: /home/ph/treasure/dockerBENCH/helios16p_ws/install/vicon_receiver/include/boost/container/new_allocator.hpp
-- Up-to-date: /home/ph/treasure/dockerBENCH/helios16p_ws/install/vicon_receiver/include/boost/container/uses_allocator_fwd.hpp
-- Up-to-date: /home/ph/treasure/dockerBENCH/helios16p_ws/install/vicon_receiver/include/boost/container/uses_allocator.hpp
-- Up-to-date: /home/ph/treasure/dockerBENCH/helios16p_ws/install/vicon_receiver/include/boost/container/throw_exception.hpp
-- Up-to-date: /home/ph/treasure/dockerBENCH/helios16p_ws/install/vicon_receiver/include/boost/container/options.hpp
-- Up-to-date: /home/ph/treasure/dockerBENCH/helios16p_ws/install/vicon_receiver/include/boost/container/scoped_allocator_fwd.hpp
-- Up-to-date: /home/ph/treasure/dockerBENCH/helios16p_ws/install/vicon_receiver/include/boost/container/allocator_traits.hpp
-- Up-to-date: /home/ph/treasure/dockerBENCH/helios16p_ws/install/vicon_receiver/include/boost/filesystem
-- Up-to-date: /home/ph/treasure/dockerBENCH/helios16p_ws/install/vicon_receiver/include/boost/filesystem/detail
-- Up-to-date: /home/ph/treasure/dockerBENCH/helios16p_ws/install/vicon_receiver/include/boost/filesystem/detail/utf8_codecvt_facet.hpp
-- Up-to-date: /home/ph/treasure/dockerBENCH/helios16p_ws/install/vicon_receiver/include/boost/filesystem/exception.hpp
-- Up-to-date: /home/ph/treasure/dockerBENCH/helios16p_ws/install/vicon_receiver/include/boost/filesystem/config.hpp
-- Up-to-date: /home/ph/treasure/dockerBENCH/helios16p_ws/install/vicon_receiver/include/boost/filesystem/path.hpp
-- Up-to-date: /home/ph/treasure/dockerBENCH/helios16p_ws/install/vicon_receiver/include/boost/filesystem/convenience.hpp
-- Up-to-date: /home/ph/treasure/dockerBENCH/helios16p_ws/install/vicon_receiver/include/boost/filesystem/string_file.hpp
-- Up-to-date: /home/ph/treasure/dockerBENCH/helios16p_ws/install/vicon_receiver/include/boost/filesystem/path_traits.hpp
-- Up-to-date: /home/ph/treasure/dockerBENCH/helios16p_ws/install/vicon_receiver/include/boost/filesystem/file_status.hpp
-- Up-to-date: /home/ph/treasure/dockerBENCH/helios16p_ws/install/vicon_receiver/include/boost/filesystem/operations.hpp
-- Up-to-date: /home/ph/treasure/dockerBENCH/helios16p_ws/install/vicon_receiver/include/boost/filesystem/directory.hpp
-- Up-to-date: /home/ph/treasure/dockerBENCH/helios16p_ws/install/vicon_receiver/include/boost/filesystem/fstream.hpp
-- Up-to-date: /home/ph/treasure/dockerBENCH/helios16p_ws/install/vicon_receiver/include/boost/atomic.hpp
-- Up-to-date: /home/ph/treasure/dockerBENCH/helios16p_ws/install/vicon_receiver/include/boost/call_traits.hpp
-- Up-to-date: /home/ph/treasure/dockerBENCH/helios16p_ws/install/vicon_receiver/include/boost/config.hpp
-- Up-to-date: /home/ph/treasure/dockerBENCH/helios16p_ws/install/vicon_receiver/include/boost/preprocessor
-- Up-to-date: /home/ph/treasure/dockerBENCH/helios16p_ws/install/vicon_receiver/include/boost/preprocessor/empty.hpp
-- Up-to-date: /home/ph/treasure/dockerBENCH/helios16p_ws/install/vicon_receiver/include/boost/preprocessor/stringize.hpp
-- Up-to-date: /home/ph/treasure/dockerBENCH/helios16p_ws/install/vicon_receiver/include/boost/preprocessor/enum_shifted_params.hpp
-- Up-to-date: /home/ph/treasure/dockerBENCH/helios16p_ws/install/vicon_receiver/include/boost/preprocessor/logical
-- Up-to-date: /home/ph/treasure/dockerBENCH/helios16p_ws/install/vicon_receiver/include/boost/preprocessor/logical/and.hpp
-- Up-to-date: /home/ph/treasure/dockerBENCH/helios16p_ws/install/vicon_receiver/include/boost/preprocessor/logical/compl.hpp
-- Up-to-date: /home/ph/treasure/dockerBENCH/helios16p_ws/install/vicon_receiver/include/boost/preprocessor/logical/bitand.hpp
-- Up-to-date: /home/ph/treasure/dockerBENCH/helios16p_ws/install/vicon_receiver/include/boost/preprocessor/logical/bool.hpp
-- Up-to-date: /home/ph/treasure/dockerBENCH/helios16p_ws/install/vicon_receiver/include/boost/preprocessor/logical/or.hpp
-- Up-to-date: /home/ph/treasure/dockerBENCH/helios16p_ws/install/vicon_receiver/include/boost/preprocessor/logical/limits
-- Up-to-date: /home/ph/treasure/dockerBENCH/helios16p_ws/install/vicon_receiver/include/boost/preprocessor/logical/limits/bool_1024.hpp
-- Up-to-date: /home/ph/treasure/dockerBENCH/helios16p_ws/install/vicon_receiver/include/boost/preprocessor/logical/limits/bool_256.hpp
-- Up-to-date: /home/ph/treasure/dockerBENCH/helios16p_ws/install/vicon_receiver/include/boost/preprocessor/logical/limits/bool_512.hpp
-- Up-to-date: /home/ph/treasure/dockerBENCH/helios16p_ws/install/vicon_receiver/include/boost/preprocessor/logical/not.hpp
-- Up-to-date: /home/ph/treasure/dockerBENCH/helios16p_ws/install/vicon_receiver/include/boost/preprocessor/logical/bitor.hpp
-- Up-to-date: /home/ph/treasure/dockerBENCH/helios16p_ws/install/vicon_receiver/include/boost/preprocessor/expr_if.hpp
-- Up-to-date: /home/ph/treasure/dockerBENCH/helios16p_ws/install/vicon_receiver/include/boost/preprocessor/iteration
-- Up-to-date: /home/ph/treasure/dockerBENCH/helios16p_ws/install/vicon_receiver/include/boost/preprocessor/iteration/detail
-- Up-to-date: /home/ph/treasure/dockerBENCH/helios16p_ws/install/vicon_receiver/include/boost/preprocessor/iteration/detail/start.hpp
-- Up-to-date: /home/ph/treasure/dockerBENCH/helios16p_ws/install/vicon_receiver/include/boost/preprocessor/iteration/detail/rlocal.hpp
-- Up-to-date: /home/ph/treasure/dockerBENCH/helios16p_ws/install/vicon_receiver/include/boost/preprocessor/iteration/detail/iter
-- Up-to-date: /home/ph/treasure/dockerBENCH/helios16p_ws/install/vicon_receiver/include/boost/preprocessor/iteration/detail/iter/forward4.hpp
-- Up-to-date: /home/ph/treasure/dockerBENCH/helios16p_ws/install/vicon_receiver/include/boost/preprocessor/iteration/detail/iter/reverse3.hpp
-- Up-to-date: /home/ph/treasure/dockerBENCH/helios16p_ws/install/vicon_receiver/include/boost/preprocessor/iteration/detail/iter/forward5.hpp
-- Up-to-date: /home/ph/treasure/dockerBENCH/helios16p_ws/install/vicon_receiver/include/boost/preprocessor/iteration/detail/iter/forward3.hpp
-- Up-to-date: /home/ph/treasure/dockerBENCH/helios16p_ws/install/vicon_receiver/include/boost/preprocessor/iteration/detail/iter/reverse1.hpp
-- Up-to-date: /home/ph/treasure/dockerBENCH/helios16p_ws/install/vicon_receiver/include/boost/preprocessor/iteration/detail/iter/forward2.hpp
-- Up-to-date: /home/ph/treasure/dockerBENCH/helios16p_ws/install/vicon_receiver/include/boost/preprocessor/iteration/detail/iter/reverse4.hpp
-- Up-to-date: /home/ph/treasure/dockerBENCH/helios16p_ws/install/vicon_receiver/include/boost/preprocessor/iteration/detail/iter/reverse5.hpp
-- Up-to-date: /home/ph/treasure/dockerBENCH/helios16p_ws/install/vicon_receiver/include/boost/preprocessor/iteration/detail/iter/forward1.hpp
-- Up-to-date: /home/ph/treasure/dockerBENCH/helios16p_ws/install/vicon_receiver/include/boost/preprocessor/iteration/detail/iter/reverse2.hpp
-- Up-to-date: /home/ph/treasure/dockerBENCH/helios16p_ws/install/vicon_receiver/include/boost/preprocessor/iteration/detail/iter/limits
-- Up-to-date: /home/ph/treasure/dockerBENCH/helios16p_ws/install/vicon_receiver/include/boost/preprocessor/iteration/detail/iter/limits/reverse1_256.hpp
-- Up-to-date: /home/ph/treasure/dockerBENCH/helios16p_ws/install/vicon_receiver/include/boost/preprocessor/iteration/detail/iter/limits/reverse5_1024.hpp
-- Up-to-date: /home/ph/treasure/dockerBENCH/helios16p_ws/install/vicon_receiver/include/boost/preprocessor/iteration/detail/iter/limits/reverse2_512.hpp
-- Up-to-date: /home/ph/treasure/dockerBENCH/helios16p_ws/install/vicon_receiver/include/boost/preprocessor/iteration/detail/iter/limits/forward5_512.hpp
-- Up-to-date: /home/ph/treasure/dockerBENCH/helios16p_ws/install/vicon_receiver/include/boost/preprocessor/iteration/detail/iter/limits/reverse5_256.hpp
-- Up-to-date: /home/ph/treasure/dockerBENCH/helios16p_ws/install/vicon_receiver/include/boost/preprocessor/iteration/detail/iter/limits/forward1_1024.hpp
-- Up-to-date: /home/ph/treasure/dockerBENCH/helios16p_ws/install/vicon_receiver/include/boost/preprocessor/iteration/detail/iter/limits/reverse4_256.hpp
-- Up-to-date: /home/ph/treasure/dockerBENCH/helios16p_ws/install/vicon_receiver/include/boost/preprocessor/iteration/detail/iter/limits/reverse1_1024.hpp
-- Up-to-date: /home/ph/treasure/dockerBENCH/helios16p_ws/install/vicon_receiver/include/boost/preprocessor/iteration/detail/iter/limits/reverse3_256.hpp
-- Up-to-date: /home/ph/treasure/dockerBENCH/helios16p_ws/install/vicon_receiver/include/boost/preprocessor/iteration/detail/iter/limits/forward5_256.hpp
-- Up-to-date: /home/ph/treasure/dockerBENCH/helios16p_ws/install/vicon_receiver/include/boost/preprocessor/iteration/detail/iter/limits/forward4_1024.hpp
-- Up-to-date: /home/ph/treasure/dockerBENCH/helios16p_ws/install/vicon_receiver/include/boost/preprocessor/iteration/detail/iter/limits/forward4_512.hpp
-- Up-to-date: /home/ph/treasure/dockerBENCH/helios16p_ws/install/vicon_receiver/include/boost/preprocessor/iteration/detail/iter/limits/reverse4_512.hpp
-- Up-to-date: /home/ph/treasure/dockerBENCH/helios16p_ws/install/vicon_receiver/include/boost/preprocessor/iteration/detail/iter/limits/reverse1_512.hpp
-- Up-to-date: /home/ph/treasure/dockerBENCH/helios16p_ws/install/vicon_receiver/include/boost/preprocessor/iteration/detail/iter/limits/forward3_1024.hpp
-- Up-to-date: /home/ph/treasure/dockerBENCH/helios16p_ws/install/vicon_receiver/include/boost/preprocessor/iteration/detail/iter/limits/forward3_512.hpp
-- Up-to-date: /home/ph/treasure/dockerBENCH/helios16p_ws/install/vicon_receiver/include/boost/preprocessor/iteration/detail/iter/limits/reverse2_256.hpp
-- Up-to-date: /home/ph/treasure/dockerBENCH/helios16p_ws/install/vicon_receiver/include/boost/preprocessor/iteration/detail/iter/limits/forward1_512.hpp
-- Up-to-date: /home/ph/treasure/dockerBENCH/helios16p_ws/install/vicon_receiver/include/boost/preprocessor/iteration/detail/iter/limits/forward2_1024.hpp
-- Up-to-date: /home/ph/treasure/dockerBENCH/helios16p_ws/install/vicon_receiver/include/boost/preprocessor/iteration/detail/iter/limits/reverse3_1024.hpp
-- Up-to-date: /home/ph/treasure/dockerBENCH/helios16p_ws/install/vicon_receiver/include/boost/preprocessor/iteration/detail/iter/limits/forward1_256.hpp
-- Up-to-date: /home/ph/treasure/dockerBENCH/helios16p_ws/install/vicon_receiver/include/boost/preprocessor/iteration/detail/iter/limits/forward3_256.hpp
-- Up-to-date: /home/ph/treasure/dockerBENCH/helios16p_ws/install/vicon_receiver/include/boost/preprocessor/iteration/detail/iter/limits/forward2_512.hpp
-- Up-to-date: /home/ph/treasure/dockerBENCH/helios16p_ws/install/vicon_receiver/include/boost/preprocessor/iteration/detail/iter/limits/reverse4_1024.hpp
-- Up-to-date: /home/ph/treasure/dockerBENCH/helios16p_ws/install/vicon_receiver/include/boost/preprocessor/iteration/detail/iter/limits/reverse2_1024.hpp
-- Up-to-date: /home/ph/treasure/dockerBENCH/helios16p_ws/install/vicon_receiver/include/boost/preprocessor/iteration/detail/iter/limits/forward4_256.hpp
-- Up-to-date: /home/ph/treasure/dockerBENCH/helios16p_ws/install/vicon_receiver/include/boost/preprocessor/iteration/detail/iter/limits/forward2_256.hpp
-- Up-to-date: /home/ph/treasure/dockerBENCH/helios16p_ws/install/vicon_receiver/include/boost/preprocessor/iteration/detail/iter/limits/forward5_1024.hpp
-- Up-to-date: /home/ph/treasure/dockerBENCH/helios16p_ws/install/vicon_receiver/include/boost/preprocessor/iteration/detail/iter/limits/reverse3_512.hpp
-- Up-to-date: /home/ph/treasure/dockerBENCH/helios16p_ws/install/vicon_receiver/include/boost/preprocessor/iteration/detail/iter/limits/reverse5_512.hpp
-- Up-to-date: /home/ph/treasure/dockerBENCH/helios16p_ws/install/vicon_receiver/include/boost/preprocessor/iteration/detail/finish.hpp
-- Up-to-date: /home/ph/treasure/dockerBENCH/helios16p_ws/install/vicon_receiver/include/boost/preprocessor/iteration/detail/self.hpp
-- Up-to-date: /home/ph/treasure/dockerBENCH/helios16p_ws/install/vicon_receiver/include/boost/preprocessor/iteration/detail/bounds
-- Up-to-date: /home/ph/treasure/dockerBENCH/helios16p_ws/install/vicon_receiver/include/boost/preprocessor/iteration/detail/bounds/lower5.hpp
-- Up-to-date: /home/ph/treasure/dockerBENCH/helios16p_ws/install/vicon_receiver/include/boost/preprocessor/iteration/detail/bounds/lower2.hpp
-- Up-to-date: /home/ph/treasure/dockerBENCH/helios16p_ws/install/vicon_receiver/include/boost/preprocessor/iteration/detail/bounds/upper5.hpp
-- Up-to-date: /home/ph/treasure/dockerBENCH/helios16p_ws/install/vicon_receiver/include/boost/preprocessor/iteration/detail/bounds/lower4.hpp
-- Up-to-date: /home/ph/treasure/dockerBENCH/helios16p_ws/install/vicon_receiver/include/boost/preprocessor/iteration/detail/bounds/lower3.hpp
-- Up-to-date: /home/ph/treasure/dockerBENCH/helios16p_ws/install/vicon_receiver/include/boost/preprocessor/iteration/detail/bounds/upper1.hpp
-- Up-to-date: /home/ph/treasure/dockerBENCH/helios16p_ws/install/vicon_receiver/include/boost/preprocessor/iteration/detail/bounds/upper4.hpp
-- Up-to-date: /home/ph/treasure/dockerBENCH/helios16p_ws/install/vicon_receiver/include/boost/preprocessor/iteration/detail/bounds/upper2.hpp
-- Up-to-date: /home/ph/treasure/dockerBENCH/helios16p_ws/install/vicon_receiver/include/boost/preprocessor/iteration/detail/bounds/lower1.hpp
-- Up-to-date: /home/ph/treasure/dockerBENCH/helios16p_ws/install/vicon_receiver/include/boost/preprocessor/iteration/detail/bounds/upper3.hpp
-- Up-to-date: /home/ph/treasure/dockerBENCH/helios16p_ws/install/vicon_receiver/include/boost/preprocessor/iteration/detail/local.hpp
-- Up-to-date: /home/ph/treasure/dockerBENCH/helios16p_ws/install/vicon_receiver/include/boost/preprocessor/iteration/detail/limits
-- Up-to-date: /home/ph/treasure/dockerBENCH/helios16p_ws/install/vicon_receiver/include/boost/preprocessor/iteration/detail/limits/rlocal_256.hpp
-- Up-to-date: /home/ph/treasure/dockerBENCH/helios16p_ws/install/vicon_receiver/include/boost/preprocessor/iteration/detail/limits/local_1024.hpp
-- Up-to-date: /home/ph/treasure/dockerBENCH/helios16p_ws/install/vicon_receiver/include/boost/preprocessor/iteration/detail/limits/local_256.hpp
-- Up-to-date: /home/ph/treasure/dockerBENCH/helios16p_ws/install/vicon_receiver/include/boost/preprocessor/iteration/detail/limits/local_512.hpp
-- Up-to-date: /home/ph/treasure/dockerBENCH/helios16p_ws/install/vicon_receiver/include/boost/preprocessor/iteration/detail/limits/rlocal_512.hpp
-- Up-to-date: /home/ph/treasure/dockerBENCH/helios16p_ws/install/vicon_receiver/include/boost/preprocessor/iteration/detail/limits/rlocal_1024.hpp
-- Up-to-date: /home/ph/treasure/dockerBENCH/helios16p_ws/install/vicon_receiver/include/boost/preprocessor/iteration/iterate.hpp
-- Up-to-date: /home/ph/treasure/dockerBENCH/helios16p_ws/install/vicon_receiver/include/boost/preprocessor/iteration/self.hpp
-- Up-to-date: /home/ph/treasure/dockerBENCH/helios16p_ws/install/vicon_receiver/include/boost/preprocessor/iteration/local.hpp
-- Up-to-date: /home/ph/treasure/dockerBENCH/helios16p_ws/install/vicon_receiver/include/boost/preprocessor/config
-- Up-to-date: /home/ph/treasure/dockerBENCH/helios16p_ws/install/vicon_receiver/include/boost/preprocessor/config/config.hpp
-- Up-to-date: /home/ph/treasure/dockerBENCH/helios16p_ws/install/vicon_receiver/include/boost/preprocessor/config/limits.hpp
-- Up-to-date: /home/ph/treasure/dockerBENCH/helios16p_ws/install/vicon_receiver/include/boost/preprocessor/detail
-- Up-to-date: /home/ph/treasure/dockerBENCH/helios16p_ws/install/vicon_receiver/include/boost/preprocessor/detail/is_binary.hpp
-- Up-to-date: /home/ph/treasure/dockerBENCH/helios16p_ws/install/vicon_receiver/include/boost/preprocessor/detail/is_unary.hpp
-- Up-to-date: /home/ph/treasure/dockerBENCH/helios16p_ws/install/vicon_receiver/include/boost/preprocessor/detail/auto_rec.hpp
-- Up-to-date: /home/ph/treasure/dockerBENCH/helios16p_ws/install/vicon_receiver/include/boost/preprocessor/detail/check.hpp
-- Up-to-date: /home/ph/treasure/dockerBENCH/helios16p_ws/install/vicon_receiver/include/boost/preprocessor/detail/dmc
-- Up-to-date: /home/ph/treasure/dockerBENCH/helios16p_ws/install/vicon_receiver/include/boost/preprocessor/detail/dmc/auto_rec.hpp
-- Up-to-date: /home/ph/treasure/dockerBENCH/helios16p_ws/install/vicon_receiver/include/boost/preprocessor/detail/limits
-- Up-to-date: /home/ph/treasure/dockerBENCH/helios16p_ws/install/vicon_receiver/include/boost/preprocessor/detail/limits/auto_rec_512.hpp
-- Up-to-date: /home/ph/treasure/dockerBENCH/helios16p_ws/install/vicon_receiver/include/boost/preprocessor/detail/limits/auto_rec_1024.hpp
-- Up-to-date: /home/ph/treasure/dockerBENCH/helios16p_ws/install/vicon_receiver/include/boost/preprocessor/detail/limits/auto_rec_256.hpp
-- Up-to-date: /home/ph/treasure/dockerBENCH/helios16p_ws/install/vicon_receiver/include/boost/preprocessor/list
-- Up-to-date: /home/ph/treasure/dockerBENCH/helios16p_ws/install/vicon_receiver/include/boost/preprocessor/list/adt.hpp
-- Up-to-date: /home/ph/treasure/dockerBENCH/helios16p_ws/install/vicon_receiver/include/boost/preprocessor/list/detail
-- Up-to-date: /home/ph/treasure/dockerBENCH/helios16p_ws/install/vicon_receiver/include/boost/preprocessor/list/detail/fold_left.hpp
-- Up-to-date: /home/ph/treasure/dockerBENCH/helios16p_ws/install/vicon_receiver/include/boost/preprocessor/list/detail/edg
-- Up-to-date: /home/ph/treasure/dockerBENCH/helios16p_ws/install/vicon_receiver/include/boost/preprocessor/list/detail/edg/fold_left.hpp
-- Up-to-date: /home/ph/treasure/dockerBENCH/helios16p_ws/install/vicon_receiver/include/boost/preprocessor/list/detail/edg/fold_right.hpp
-- Up-to-date: /home/ph/treasure/dockerBENCH/helios16p_ws/install/vicon_receiver/include/boost/preprocessor/list/detail/edg/limits
-- Up-to-date: /home/ph/treasure/dockerBENCH/helios16p_ws/install/vicon_receiver/include/boost/preprocessor/list/detail/edg/limits/fold_right_1024.hpp
-- Up-to-date: /home/ph/treasure/dockerBENCH/helios16p_ws/install/vicon_receiver/include/boost/preprocessor/list/detail/edg/limits/fold_right_512.hpp
-- Up-to-date: /home/ph/treasure/dockerBENCH/helios16p_ws/install/vicon_receiver/include/boost/preprocessor/list/detail/edg/limits/fold_left_512.hpp
-- Up-to-date: /home/ph/treasure/dockerBENCH/helios16p_ws/install/vicon_receiver/include/boost/preprocessor/list/detail/edg/limits/fold_left_256.hpp
-- Up-to-date: /home/ph/treasure/dockerBENCH/helios16p_ws/install/vicon_receiver/include/boost/preprocessor/list/detail/edg/limits/fold_left_1024.hpp
-- Up-to-date: /home/ph/treasure/dockerBENCH/helios16p_ws/install/vicon_receiver/include/boost/preprocessor/list/detail/edg/limits/fold_right_256.hpp
-- Up-to-date: /home/ph/treasure/dockerBENCH/helios16p_ws/install/vicon_receiver/include/boost/preprocessor/list/detail/dmc
-- Up-to-date: /home/ph/treasure/dockerBENCH/helios16p_ws/install/vicon_receiver/include/boost/preprocessor/list/detail/dmc/fold_left.hpp
-- Up-to-date: /home/ph/treasure/dockerBENCH/helios16p_ws/install/vicon_receiver/include/boost/preprocessor/list/detail/fold_right.hpp
-- Up-to-date: /home/ph/treasure/dockerBENCH/helios16p_ws/install/vicon_receiver/include/boost/preprocessor/list/detail/limits
-- Up-to-date: /home/ph/treasure/dockerBENCH/helios16p_ws/install/vicon_receiver/include/boost/preprocessor/list/detail/limits/fold_right_1024.hpp
-- Up-to-date: /home/ph/treasure/dockerBENCH/helios16p_ws/install/vicon_receiver/include/boost/preprocessor/list/detail/limits/fold_right_512.hpp
-- Up-to-date: /home/ph/treasure/dockerBENCH/helios16p_ws/install/vicon_receiver/include/boost/preprocessor/list/detail/limits/fold_left_512.hpp
-- Up-to-date: /home/ph/treasure/dockerBENCH/helios16p_ws/install/vicon_receiver/include/boost/preprocessor/list/detail/limits/fold_left_256.hpp
-- Up-to-date: /home/ph/treasure/dockerBENCH/helios16p_ws/install/vicon_receiver/include/boost/preprocessor/list/detail/limits/fold_left_1024.hpp
-- Up-to-date: /home/ph/treasure/dockerBENCH/helios16p_ws/install/vicon_receiver/include/boost/preprocessor/list/detail/limits/fold_right_256.hpp
-- Up-to-date: /home/ph/treasure/dockerBENCH/helios16p_ws/install/vicon_receiver/include/boost/preprocessor/list/fold_left.hpp
-- Up-to-date: /home/ph/treasure/dockerBENCH/helios16p_ws/install/vicon_receiver/include/boost/preprocessor/list/reverse.hpp
-- Up-to-date: /home/ph/treasure/dockerBENCH/helios16p_ws/install/vicon_receiver/include/boost/preprocessor/list/for_each_i.hpp
-- Up-to-date: /home/ph/treasure/dockerBENCH/helios16p_ws/install/vicon_receiver/include/boost/preprocessor/list/fold_right.hpp
-- Up-to-date: /home/ph/treasure/dockerBENCH/helios16p_ws/install/vicon_receiver/include/boost/preprocessor/list/limits
-- Up-to-date: /home/ph/treasure/dockerBENCH/helios16p_ws/install/vicon_receiver/include/boost/preprocessor/list/limits/fold_left_512.hpp
-- Up-to-date: /home/ph/treasure/dockerBENCH/helios16p_ws/install/vicon_receiver/include/boost/preprocessor/list/limits/fold_left_256.hpp
-- Up-to-date: /home/ph/treasure/dockerBENCH/helios16p_ws/install/vicon_receiver/include/boost/preprocessor/list/limits/fold_left_1024.hpp
-- Up-to-date: /home/ph/treasure/dockerBENCH/helios16p_ws/install/vicon_receiver/include/boost/preprocessor/facilities
-- Up-to-date: /home/ph/treasure/dockerBENCH/helios16p_ws/install/vicon_receiver/include/boost/preprocessor/facilities/empty.hpp
-- Up-to-date: /home/ph/treasure/dockerBENCH/helios16p_ws/install/vicon_receiver/include/boost/preprocessor/facilities/is_empty_variadic.hpp
-- Up-to-date: /home/ph/treasure/dockerBENCH/helios16p_ws/install/vicon_receiver/include/boost/preprocessor/facilities/detail
-- Up-to-date: /home/ph/treasure/dockerBENCH/helios16p_ws/install/vicon_receiver/include/boost/preprocessor/facilities/detail/is_empty.hpp
-- Up-to-date: /home/ph/treasure/dockerBENCH/helios16p_ws/install/vicon_receiver/include/boost/preprocessor/facilities/check_empty.hpp
-- Up-to-date: /home/ph/treasure/dockerBENCH/helios16p_ws/install/vicon_receiver/include/boost/preprocessor/facilities/expand.hpp
-- Up-to-date: /home/ph/treasure/dockerBENCH/helios16p_ws/install/vicon_receiver/include/boost/preprocessor/facilities/is_empty.hpp
-- Up-to-date: /home/ph/treasure/dockerBENCH/helios16p_ws/install/vicon_receiver/include/boost/preprocessor/facilities/identity.hpp
-- Up-to-date: /home/ph/treasure/dockerBENCH/helios16p_ws/install/vicon_receiver/include/boost/preprocessor/facilities/overload.hpp
-- Up-to-date: /home/ph/treasure/dockerBENCH/helios16p_ws/install/vicon_receiver/include/boost/preprocessor/facilities/is_1.hpp
-- Up-to-date: /home/ph/treasure/dockerBENCH/helios16p_ws/install/vicon_receiver/include/boost/preprocessor/facilities/intercept.hpp
-- Up-to-date: /home/ph/treasure/dockerBENCH/helios16p_ws/install/vicon_receiver/include/boost/preprocessor/facilities/limits
-- Up-to-date: /home/ph/treasure/dockerBENCH/helios16p_ws/install/vicon_receiver/include/boost/preprocessor/facilities/limits/intercept_1024.hpp
-- Up-to-date: /home/ph/treasure/dockerBENCH/helios16p_ws/install/vicon_receiver/include/boost/preprocessor/facilities/limits/intercept_512.hpp
-- Up-to-date: /home/ph/treasure/dockerBENCH/helios16p_ws/install/vicon_receiver/include/boost/preprocessor/facilities/limits/intercept_256.hpp
-- Up-to-date: /home/ph/treasure/dockerBENCH/helios16p_ws/install/vicon_receiver/include/boost/preprocessor/arithmetic
-- Up-to-date: /home/ph/treasure/dockerBENCH/helios16p_ws/install/vicon_receiver/include/boost/preprocessor/arithmetic/detail
-- Up-to-date: /home/ph/treasure/dockerBENCH/helios16p_ws/install/vicon_receiver/include/boost/preprocessor/arithmetic/detail/is_1_number.hpp
-- Up-to-date: /home/ph/treasure/dockerBENCH/helios16p_ws/install/vicon_receiver/include/boost/preprocessor/arithmetic/detail/div_base.hpp
-- Up-to-date: /home/ph/treasure/dockerBENCH/helios16p_ws/install/vicon_receiver/include/boost/preprocessor/arithmetic/detail/maximum_number.hpp
-- Up-to-date: /home/ph/treasure/dockerBENCH/helios16p_ws/install/vicon_receiver/include/boost/preprocessor/arithmetic/detail/is_maximum_number.hpp
-- Up-to-date: /home/ph/treasure/dockerBENCH/helios16p_ws/install/vicon_receiver/include/boost/preprocessor/arithmetic/detail/is_minimum_number.hpp
-- Up-to-date: /home/ph/treasure/dockerBENCH/helios16p_ws/install/vicon_receiver/include/boost/preprocessor/arithmetic/sub.hpp
-- Up-to-date: /home/ph/treasure/dockerBENCH/helios16p_ws/install/vicon_receiver/include/boost/preprocessor/arithmetic/add.hpp
-- Up-to-date: /home/ph/treasure/dockerBENCH/helios16p_ws/install/vicon_receiver/include/boost/preprocessor/arithmetic/div.hpp
-- Up-to-date: /home/ph/treasure/dockerBENCH/helios16p_ws/install/vicon_receiver/include/boost/preprocessor/arithmetic/inc.hpp
-- Up-to-date: /home/ph/treasure/dockerBENCH/helios16p_ws/install/vicon_receiver/include/boost/preprocessor/arithmetic/dec.hpp
-- Up-to-date: /home/ph/treasure/dockerBENCH/helios16p_ws/install/vicon_receiver/include/boost/preprocessor/arithmetic/mul.hpp
-- Up-to-date: /home/ph/treasure/dockerBENCH/helios16p_ws/install/vicon_receiver/include/boost/preprocessor/arithmetic/limits
-- Up-to-date: /home/ph/treasure/dockerBENCH/helios16p_ws/install/vicon_receiver/include/boost/preprocessor/arithmetic/limits/inc_256.hpp
-- Up-to-date: /home/ph/treasure/dockerBENCH/helios16p_ws/install/vicon_receiver/include/boost/preprocessor/arithmetic/limits/dec_512.hpp
-- Up-to-date: /home/ph/treasure/dockerBENCH/helios16p_ws/install/vicon_receiver/include/boost/preprocessor/arithmetic/limits/inc_1024.hpp
-- Up-to-date: /home/ph/treasure/dockerBENCH/helios16p_ws/install/vicon_receiver/include/boost/preprocessor/arithmetic/limits/dec_256.hpp
-- Up-to-date: /home/ph/treasure/dockerBENCH/helios16p_ws/install/vicon_receiver/include/boost/preprocessor/arithmetic/limits/dec_1024.hpp
-- Up-to-date: /home/ph/treasure/dockerBENCH/helios16p_ws/install/vicon_receiver/include/boost/preprocessor/arithmetic/limits/inc_512.hpp
-- Up-to-date: /home/ph/treasure/dockerBENCH/helios16p_ws/install/vicon_receiver/include/boost/preprocessor/arithmetic/mod.hpp
-- Up-to-date: /home/ph/treasure/dockerBENCH/helios16p_ws/install/vicon_receiver/include/boost/preprocessor/array
-- Up-to-date: /home/ph/treasure/dockerBENCH/helios16p_ws/install/vicon_receiver/include/boost/preprocessor/array/elem.hpp
-- Up-to-date: /home/ph/treasure/dockerBENCH/helios16p_ws/install/vicon_receiver/include/boost/preprocessor/array/size.hpp
-- Up-to-date: /home/ph/treasure/dockerBENCH/helios16p_ws/install/vicon_receiver/include/boost/preprocessor/array/data.hpp
-- Up-to-date: /home/ph/treasure/dockerBENCH/helios16p_ws/install/vicon_receiver/include/boost/preprocessor/enum_params_with_a_default.hpp
-- Up-to-date: /home/ph/treasure/dockerBENCH/helios16p_ws/install/vicon_receiver/include/boost/preprocessor/comma_if.hpp
-- Up-to-date: /home/ph/treasure/dockerBENCH/helios16p_ws/install/vicon_receiver/include/boost/preprocessor/inc.hpp
-- Up-to-date: /home/ph/treasure/dockerBENCH/helios16p_ws/install/vicon_receiver/include/boost/preprocessor/comparison
-- Up-to-date: /home/ph/treasure/dockerBENCH/helios16p_ws/install/vicon_receiver/include/boost/preprocessor/comparison/not_equal.hpp
-- Up-to-date: /home/ph/treasure/dockerBENCH/helios16p_ws/install/vicon_receiver/include/boost/preprocessor/comparison/less_equal.hpp
-- Up-to-date: /home/ph/treasure/dockerBENCH/helios16p_ws/install/vicon_receiver/include/boost/preprocessor/comparison/less.hpp
-- Up-to-date: /home/ph/treasure/dockerBENCH/helios16p_ws/install/vicon_receiver/include/boost/preprocessor/comparison/limits
-- Up-to-date: /home/ph/treasure/dockerBENCH/helios16p_ws/install/vicon_receiver/include/boost/preprocessor/comparison/limits/not_equal_1024.hpp
-- Up-to-date: /home/ph/treasure/dockerBENCH/helios16p_ws/install/vicon_receiver/include/boost/preprocessor/comparison/limits/not_equal_512.hpp
-- Up-to-date: /home/ph/treasure/dockerBENCH/helios16p_ws/install/vicon_receiver/include/boost/preprocessor/comparison/limits/not_equal_256.hpp
-- Up-to-date: /home/ph/treasure/dockerBENCH/helios16p_ws/install/vicon_receiver/include/boost/preprocessor/comparison/equal.hpp
-- Up-to-date: /home/ph/treasure/dockerBENCH/helios16p_ws/install/vicon_receiver/include/boost/preprocessor/enum_params.hpp
-- Up-to-date: /home/ph/treasure/dockerBENCH/helios16p_ws/install/vicon_receiver/include/boost/preprocessor/repetition
-- Up-to-date: /home/ph/treasure/dockerBENCH/helios16p_ws/install/vicon_receiver/include/boost/preprocessor/repetition/enum_shifted_params.hpp
-- Up-to-date: /home/ph/treasure/dockerBENCH/helios16p_ws/install/vicon_receiver/include/boost/preprocessor/repetition/detail
-- Up-to-date: /home/ph/treasure/dockerBENCH/helios16p_ws/install/vicon_receiver/include/boost/preprocessor/repetition/detail/for.hpp
-- Up-to-date: /home/ph/treasure/dockerBENCH/helios16p_ws/install/vicon_receiver/include/boost/preprocessor/repetition/detail/edg
-- Up-to-date: /home/ph/treasure/dockerBENCH/helios16p_ws/install/vicon_receiver/include/boost/preprocessor/repetition/detail/edg/for.hpp
-- Up-to-date: /home/ph/treasure/dockerBENCH/helios16p_ws/install/vicon_receiver/include/boost/preprocessor/repetition/detail/edg/limits
-- Up-to-date: /home/ph/treasure/dockerBENCH/helios16p_ws/install/vicon_receiver/include/boost/preprocessor/repetition/detail/edg/limits/for_256.hpp
-- Up-to-date: /home/ph/treasure/dockerBENCH/helios16p_ws/install/vicon_receiver/include/boost/preprocessor/repetition/detail/edg/limits/for_512.hpp
-- Up-to-date: /home/ph/treasure/dockerBENCH/helios16p_ws/install/vicon_receiver/include/boost/preprocessor/repetition/detail/edg/limits/for_1024.hpp
-- Up-to-date: /home/ph/treasure/dockerBENCH/helios16p_ws/install/vicon_receiver/include/boost/preprocessor/repetition/detail/msvc
-- Up-to-date: /home/ph/treasure/dockerBENCH/helios16p_ws/install/vicon_receiver/include/boost/preprocessor/repetition/detail/msvc/for.hpp
-- Up-to-date: /home/ph/treasure/dockerBENCH/helios16p_ws/install/vicon_receiver/include/boost/preprocessor/repetition/detail/dmc
-- Up-to-date: /home/ph/treasure/dockerBENCH/helios16p_ws/install/vicon_receiver/include/boost/preprocessor/repetition/detail/dmc/for.hpp
-- Up-to-date: /home/ph/treasure/dockerBENCH/helios16p_ws/install/vicon_receiver/include/boost/preprocessor/repetition/detail/limits
-- Up-to-date: /home/ph/treasure/dockerBENCH/helios16p_ws/install/vicon_receiver/include/boost/preprocessor/repetition/detail/limits/for_256.hpp
-- Up-to-date: /home/ph/treasure/dockerBENCH/helios16p_ws/install/vicon_receiver/include/boost/preprocessor/repetition/detail/limits/for_512.hpp
-- Up-to-date: /home/ph/treasure/dockerBENCH/helios16p_ws/install/vicon_receiver/include/boost/preprocessor/repetition/detail/limits/for_1024.hpp
-- Up-to-date: /home/ph/treasure/dockerBENCH/helios16p_ws/install/vicon_receiver/include/boost/preprocessor/repetition/enum_shifted.hpp
-- Up-to-date: /home/ph/treasure/dockerBENCH/helios16p_ws/install/vicon_receiver/include/boost/preprocessor/repetition/for.hpp
-- Up-to-date: /home/ph/treasure/dockerBENCH/helios16p_ws/install/vicon_receiver/include/boost/preprocessor/repetition/enum_params_with_a_default.hpp
-- Up-to-date: /home/ph/treasure/dockerBENCH/helios16p_ws/install/vicon_receiver/include/boost/preprocessor/repetition/enum_params.hpp
-- Up-to-date: /home/ph/treasure/dockerBENCH/helios16p_ws/install/vicon_receiver/include/boost/preprocessor/repetition/enum_trailing.hpp
-- Up-to-date: /home/ph/treasure/dockerBENCH/helios16p_ws/install/vicon_receiver/include/boost/preprocessor/repetition/enum_trailing_params.hpp
-- Up-to-date: /home/ph/treasure/dockerBENCH/helios16p_ws/install/vicon_receiver/include/boost/preprocessor/repetition/enum.hpp
-- Up-to-date: /home/ph/treasure/dockerBENCH/helios16p_ws/install/vicon_receiver/include/boost/preprocessor/repetition/enum_binary_params.hpp
-- Up-to-date: /home/ph/treasure/dockerBENCH/helios16p_ws/install/vicon_receiver/include/boost/preprocessor/repetition/repeat.hpp
-- Up-to-date: /home/ph/treasure/dockerBENCH/helios16p_ws/install/vicon_receiver/include/boost/preprocessor/repetition/limits
-- Up-to-date: /home/ph/treasure/dockerBENCH/helios16p_ws/install/vicon_receiver/include/boost/preprocessor/repetition/limits/for_256.hpp
-- Up-to-date: /home/ph/treasure/dockerBENCH/helios16p_ws/install/vicon_receiver/include/boost/preprocessor/repetition/limits/repeat_1024.hpp
-- Up-to-date: /home/ph/treasure/dockerBENCH/helios16p_ws/install/vicon_receiver/include/boost/preprocessor/repetition/limits/repeat_256.hpp
-- Up-to-date: /home/ph/treasure/dockerBENCH/helios16p_ws/install/vicon_receiver/include/boost/preprocessor/repetition/limits/repeat_512.hpp
-- Up-to-date: /home/ph/treasure/dockerBENCH/helios16p_ws/install/vicon_receiver/include/boost/preprocessor/repetition/limits/for_512.hpp
-- Up-to-date: /home/ph/treasure/dockerBENCH/helios16p_ws/install/vicon_receiver/include/boost/preprocessor/repetition/limits/for_1024.hpp
-- Up-to-date: /home/ph/treasure/dockerBENCH/helios16p_ws/install/vicon_receiver/include/boost/preprocessor/repetition/repeat_from_to.hpp
-- Up-to-date: /home/ph/treasure/dockerBENCH/helios16p_ws/install/vicon_receiver/include/boost/preprocessor/dec.hpp
-- Up-to-date: /home/ph/treasure/dockerBENCH/helios16p_ws/install/vicon_receiver/include/boost/preprocessor/identity.hpp
-- Up-to-date: /home/ph/treasure/dockerBENCH/helios16p_ws/install/vicon_receiver/include/boost/preprocessor/iterate.hpp
-- Up-to-date: /home/ph/treasure/dockerBENCH/helios16p_ws/install/vicon_receiver/include/boost/preprocessor/variadic
-- Up-to-date: /home/ph/treasure/dockerBENCH/helios16p_ws/install/vicon_receiver/include/boost/preprocessor/variadic/detail
-- Up-to-date: /home/ph/treasure/dockerBENCH/helios16p_ws/install/vicon_receiver/include/boost/preprocessor/variadic/detail/has_opt.hpp
-- Up-to-date: /home/ph/treasure/dockerBENCH/helios16p_ws/install/vicon_receiver/include/boost/preprocessor/variadic/elem.hpp
-- Up-to-date: /home/ph/treasure/dockerBENCH/helios16p_ws/install/vicon_receiver/include/boost/preprocessor/variadic/has_opt.hpp
-- Up-to-date: /home/ph/treasure/dockerBENCH/helios16p_ws/install/vicon_receiver/include/boost/preprocessor/variadic/limits
-- Up-to-date: /home/ph/treasure/dockerBENCH/helios16p_ws/install/vicon_receiver/include/boost/preprocessor/variadic/limits/size_256.hpp
-- Up-to-date: /home/ph/treasure/dockerBENCH/helios16p_ws/install/vicon_receiver/include/boost/preprocessor/variadic/limits/size_128.hpp
-- Up-to-date: /home/ph/treasure/dockerBENCH/helios16p_ws/install/vicon_receiver/include/boost/preprocessor/variadic/limits/elem_64.hpp
-- Up-to-date: /home/ph/treasure/dockerBENCH/helios16p_ws/install/vicon_receiver/include/boost/preprocessor/variadic/limits/elem_128.hpp
-- Up-to-date: /home/ph/treasure/dockerBENCH/helios16p_ws/install/vicon_receiver/include/boost/preprocessor/variadic/limits/size_64.hpp
-- Up-to-date: /home/ph/treasure/dockerBENCH/helios16p_ws/install/vicon_receiver/include/boost/preprocessor/variadic/limits/elem_256.hpp
-- Up-to-date: /home/ph/treasure/dockerBENCH/helios16p_ws/install/vicon_receiver/include/boost/preprocessor/variadic/size.hpp
-- Up-to-date: /home/ph/treasure/dockerBENCH/helios16p_ws/install/vicon_receiver/include/boost/preprocessor/if.hpp
-- Up-to-date: /home/ph/treasure/dockerBENCH/helios16p_ws/install/vicon_receiver/include/boost/preprocessor/control
-- Up-to-date: /home/ph/treasure/dockerBENCH/helios16p_ws/install/vicon_receiver/include/boost/preprocessor/control/expr_if.hpp
-- Up-to-date: /home/ph/treasure/dockerBENCH/helios16p_ws/install/vicon_receiver/include/boost/preprocessor/control/detail
-- Up-to-date: /home/ph/treasure/dockerBENCH/helios16p_ws/install/vicon_receiver/include/boost/preprocessor/control/detail/while.hpp
-- Up-to-date: /home/ph/treasure/dockerBENCH/helios16p_ws/install/vicon_receiver/include/boost/preprocessor/control/detail/edg
-- Up-to-date: /home/ph/treasure/dockerBENCH/helios16p_ws/install/vicon_receiver/include/boost/preprocessor/control/detail/edg/while.hpp
-- Up-to-date: /home/ph/treasure/dockerBENCH/helios16p_ws/install/vicon_receiver/include/boost/preprocessor/control/detail/edg/limits
-- Up-to-date: /home/ph/treasure/dockerBENCH/helios16p_ws/install/vicon_receiver/include/boost/preprocessor/control/detail/edg/limits/while_1024.hpp
-- Up-to-date: /home/ph/treasure/dockerBENCH/helios16p_ws/install/vicon_receiver/include/boost/preprocessor/control/detail/edg/limits/while_512.hpp
-- Up-to-date: /home/ph/treasure/dockerBENCH/helios16p_ws/install/vicon_receiver/include/boost/preprocessor/control/detail/edg/limits/while_256.hpp
-- Up-to-date: /home/ph/treasure/dockerBENCH/helios16p_ws/install/vicon_receiver/include/boost/preprocessor/control/detail/msvc
-- Up-to-date: /home/ph/treasure/dockerBENCH/helios16p_ws/install/vicon_receiver/include/boost/preprocessor/control/detail/msvc/while.hpp
-- Up-to-date: /home/ph/treasure/dockerBENCH/helios16p_ws/install/vicon_receiver/include/boost/preprocessor/control/detail/dmc
-- Up-to-date: /home/ph/treasure/dockerBENCH/helios16p_ws/install/vicon_receiver/include/boost/preprocessor/control/detail/dmc/while.hpp
-- Up-to-date: /home/ph/treasure/dockerBENCH/helios16p_ws/install/vicon_receiver/include/boost/preprocessor/control/detail/limits
-- Up-to-date: /home/ph/treasure/dockerBENCH/helios16p_ws/install/vicon_receiver/include/boost/preprocessor/control/detail/limits/while_1024.hpp
-- Up-to-date: /home/ph/treasure/dockerBENCH/helios16p_ws/install/vicon_receiver/include/boost/preprocessor/control/detail/limits/while_512.hpp
-- Up-to-date: /home/ph/treasure/dockerBENCH/helios16p_ws/install/vicon_receiver/include/boost/preprocessor/control/detail/limits/while_256.hpp
-- Up-to-date: /home/ph/treasure/dockerBENCH/helios16p_ws/install/vicon_receiver/include/boost/preprocessor/control/expr_iif.hpp
-- Up-to-date: /home/ph/treasure/dockerBENCH/helios16p_ws/install/vicon_receiver/include/boost/preprocessor/control/iif.hpp
-- Up-to-date: /home/ph/treasure/dockerBENCH/helios16p_ws/install/vicon_receiver/include/boost/preprocessor/control/deduce_d.hpp
-- Up-to-date: /home/ph/treasure/dockerBENCH/helios16p_ws/install/vicon_receiver/include/boost/preprocessor/control/if.hpp
-- Up-to-date: /home/ph/treasure/dockerBENCH/helios16p_ws/install/vicon_receiver/include/boost/preprocessor/control/while.hpp
-- Up-to-date: /home/ph/treasure/dockerBENCH/helios16p_ws/install/vicon_receiver/include/boost/preprocessor/control/limits
-- Up-to-date: /home/ph/treasure/dockerBENCH/helios16p_ws/install/vicon_receiver/include/boost/preprocessor/control/limits/while_1024.hpp
-- Up-to-date: /home/ph/treasure/dockerBENCH/helios16p_ws/install/vicon_receiver/include/boost/preprocessor/control/limits/while_512.hpp
-- Up-to-date: /home/ph/treasure/dockerBENCH/helios16p_ws/install/vicon_receiver/include/boost/preprocessor/control/limits/while_256.hpp
-- Up-to-date: /home/ph/treasure/dockerBENCH/helios16p_ws/install/vicon_receiver/include/boost/preprocessor/tuple
-- Up-to-date: /home/ph/treasure/dockerBENCH/helios16p_ws/install/vicon_receiver/include/boost/preprocessor/tuple/detail
-- Up-to-date: /home/ph/treasure/dockerBENCH/helios16p_ws/install/vicon_receiver/include/boost/preprocessor/tuple/detail/is_single_return.hpp
-- Up-to-date: /home/ph/treasure/dockerBENCH/helios16p_ws/install/vicon_receiver/include/boost/preprocessor/tuple/rem.hpp
-- Up-to-date: /home/ph/treasure/dockerBENCH/helios16p_ws/install/vicon_receiver/include/boost/preprocessor/tuple/elem.hpp
-- Up-to-date: /home/ph/treasure/dockerBENCH/helios16p_ws/install/vicon_receiver/include/boost/preprocessor/tuple/eat.hpp
-- Up-to-date: /home/ph/treasure/dockerBENCH/helios16p_ws/install/vicon_receiver/include/boost/preprocessor/tuple/limits
-- Up-to-date: /home/ph/treasure/dockerBENCH/helios16p_ws/install/vicon_receiver/include/boost/preprocessor/tuple/limits/to_list_256.hpp
-- Up-to-date: /home/ph/treasure/dockerBENCH/helios16p_ws/install/vicon_receiver/include/boost/preprocessor/tuple/limits/to_list_128.hpp
-- Up-to-date: /home/ph/treasure/dockerBENCH/helios16p_ws/install/vicon_receiver/include/boost/preprocessor/tuple/limits/to_list_64.hpp
-- Up-to-date: /home/ph/treasure/dockerBENCH/helios16p_ws/install/vicon_receiver/include/boost/preprocessor/tuple/size.hpp
-- Up-to-date: /home/ph/treasure/dockerBENCH/helios16p_ws/install/vicon_receiver/include/boost/preprocessor/tuple/to_list.hpp
-- Up-to-date: /home/ph/treasure/dockerBENCH/helios16p_ws/install/vicon_receiver/include/boost/preprocessor/enum.hpp
-- Up-to-date: /home/ph/treasure/dockerBENCH/helios16p_ws/install/vicon_receiver/include/boost/preprocessor/punctuation
-- Up-to-date: /home/ph/treasure/dockerBENCH/helios16p_ws/install/vicon_receiver/include/boost/preprocessor/punctuation/detail
-- Up-to-date: /home/ph/treasure/dockerBENCH/helios16p_ws/install/vicon_receiver/include/boost/preprocessor/punctuation/detail/is_begin_parens.hpp
-- Up-to-date: /home/ph/treasure/dockerBENCH/helios16p_ws/install/vicon_receiver/include/boost/preprocessor/punctuation/comma_if.hpp
-- Up-to-date: /home/ph/treasure/dockerBENCH/helios16p_ws/install/vicon_receiver/include/boost/preprocessor/punctuation/comma.hpp
-- Up-to-date: /home/ph/treasure/dockerBENCH/helios16p_ws/install/vicon_receiver/include/boost/preprocessor/punctuation/is_begin_parens.hpp
-- Up-to-date: /home/ph/treasure/dockerBENCH/helios16p_ws/install/vicon_receiver/include/boost/preprocessor/cat.hpp
-- Up-to-date: /home/ph/treasure/dockerBENCH/helios16p_ws/install/vicon_receiver/include/boost/preprocessor/slot
-- Up-to-date: /home/ph/treasure/dockerBENCH/helios16p_ws/install/vicon_receiver/include/boost/preprocessor/slot/detail
-- Up-to-date: /home/ph/treasure/dockerBENCH/helios16p_ws/install/vicon_receiver/include/boost/preprocessor/slot/detail/counter.hpp
-- Up-to-date: /home/ph/treasure/dockerBENCH/helios16p_ws/install/vicon_receiver/include/boost/preprocessor/slot/detail/def.hpp
-- Up-to-date: /home/ph/treasure/dockerBENCH/helios16p_ws/install/vicon_receiver/include/boost/preprocessor/slot/detail/slot1.hpp
-- Up-to-date: /home/ph/treasure/dockerBENCH/helios16p_ws/install/vicon_receiver/include/boost/preprocessor/slot/detail/slot3.hpp
-- Up-to-date: /home/ph/treasure/dockerBENCH/helios16p_ws/install/vicon_receiver/include/boost/preprocessor/slot/detail/slot5.hpp
-- Up-to-date: /home/ph/treasure/dockerBENCH/helios16p_ws/install/vicon_receiver/include/boost/preprocessor/slot/detail/shared.hpp
-- Up-to-date: /home/ph/treasure/dockerBENCH/helios16p_ws/install/vicon_receiver/include/boost/preprocessor/slot/detail/slot2.hpp
-- Up-to-date: /home/ph/treasure/dockerBENCH/helios16p_ws/install/vicon_receiver/include/boost/preprocessor/slot/detail/slot4.hpp
-- Up-to-date: /home/ph/treasure/dockerBENCH/helios16p_ws/install/vicon_receiver/include/boost/preprocessor/slot/slot.hpp
-- Up-to-date: /home/ph/treasure/dockerBENCH/helios16p_ws/install/vicon_receiver/include/boost/preprocessor/debug
-- Up-to-date: /home/ph/treasure/dockerBENCH/helios16p_ws/install/vicon_receiver/include/boost/preprocessor/debug/error.hpp
-- Up-to-date: /home/ph/treasure/dockerBENCH/helios16p_ws/install/vicon_receiver/include/boost/preprocessor/repeat.hpp
-- Up-to-date: /home/ph/treasure/dockerBENCH/helios16p_ws/install/vicon_receiver/include/boost/preprocessor/repeat_from_to.hpp
-- Up-to-date: /home/ph/treasure/dockerBENCH/helios16p_ws/install/vicon_receiver/include/boost/preprocessor/seq
-- Up-to-date: /home/ph/treasure/dockerBENCH/helios16p_ws/install/vicon_receiver/include/boost/preprocessor/seq/transform.hpp
-- Up-to-date: /home/ph/treasure/dockerBENCH/helios16p_ws/install/vicon_receiver/include/boost/preprocessor/seq/first_n.hpp
-- Up-to-date: /home/ph/treasure/dockerBENCH/helios16p_ws/install/vicon_receiver/include/boost/preprocessor/seq/detail
-- Up-to-date: /home/ph/treasure/dockerBENCH/helios16p_ws/install/vicon_receiver/include/boost/preprocessor/seq/detail/is_empty.hpp
-- Up-to-date: /home/ph/treasure/dockerBENCH/helios16p_ws/install/vicon_receiver/include/boost/preprocessor/seq/detail/split.hpp
-- Up-to-date: /home/ph/treasure/dockerBENCH/helios16p_ws/install/vicon_receiver/include/boost/preprocessor/seq/detail/limits
-- Up-to-date: /home/ph/treasure/dockerBENCH/helios16p_ws/install/vicon_receiver/include/boost/preprocessor/seq/detail/limits/split_512.hpp
-- Up-to-date: /home/ph/treasure/dockerBENCH/helios16p_ws/install/vicon_receiver/include/boost/preprocessor/seq/detail/limits/split_1024.hpp
-- Up-to-date: /home/ph/treasure/dockerBENCH/helios16p_ws/install/vicon_receiver/include/boost/preprocessor/seq/detail/limits/split_256.hpp
-- Up-to-date: /home/ph/treasure/dockerBENCH/helios16p_ws/install/vicon_receiver/include/boost/preprocessor/seq/fold_left.hpp
-- Up-to-date: /home/ph/treasure/dockerBENCH/helios16p_ws/install/vicon_receiver/include/boost/preprocessor/seq/seq.hpp
-- Up-to-date: /home/ph/treasure/dockerBENCH/helios16p_ws/install/vicon_receiver/include/boost/preprocessor/seq/rest_n.hpp
-- Up-to-date: /home/ph/treasure/dockerBENCH/helios16p_ws/install/vicon_receiver/include/boost/preprocessor/seq/elem.hpp
-- Up-to-date: /home/ph/treasure/dockerBENCH/helios16p_ws/install/vicon_receiver/include/boost/preprocessor/seq/subseq.hpp
-- Up-to-date: /home/ph/treasure/dockerBENCH/helios16p_ws/install/vicon_receiver/include/boost/preprocessor/seq/for_each_i.hpp
-- Up-to-date: /home/ph/treasure/dockerBENCH/helios16p_ws/install/vicon_receiver/include/boost/preprocessor/seq/enum.hpp
-- Up-to-date: /home/ph/treasure/dockerBENCH/helios16p_ws/install/vicon_receiver/include/boost/preprocessor/seq/cat.hpp
-- Up-to-date: /home/ph/treasure/dockerBENCH/helios16p_ws/install/vicon_receiver/include/boost/preprocessor/seq/limits
-- Up-to-date: /home/ph/treasure/dockerBENCH/helios16p_ws/install/vicon_receiver/include/boost/preprocessor/seq/limits/size_512.hpp
-- Up-to-date: /home/ph/treasure/dockerBENCH/helios16p_ws/install/vicon_receiver/include/boost/preprocessor/seq/limits/enum_256.hpp
-- Up-to-date: /home/ph/treasure/dockerBENCH/helios16p_ws/install/vicon_receiver/include/boost/preprocessor/seq/limits/enum_512.hpp
-- Up-to-date: /home/ph/treasure/dockerBENCH/helios16p_ws/install/vicon_receiver/include/boost/preprocessor/seq/limits/size_1024.hpp
-- Up-to-date: /home/ph/treasure/dockerBENCH/helios16p_ws/install/vicon_receiver/include/boost/preprocessor/seq/limits/size_256.hpp
-- Up-to-date: /home/ph/treasure/dockerBENCH/helios16p_ws/install/vicon_receiver/include/boost/preprocessor/seq/limits/elem_1024.hpp
-- Up-to-date: /home/ph/treasure/dockerBENCH/helios16p_ws/install/vicon_receiver/include/boost/preprocessor/seq/limits/elem_512.hpp
-- Up-to-date: /home/ph/treasure/dockerBENCH/helios16p_ws/install/vicon_receiver/include/boost/preprocessor/seq/limits/enum_1024.hpp
-- Up-to-date: /home/ph/treasure/dockerBENCH/helios16p_ws/install/vicon_receiver/include/boost/preprocessor/seq/limits/fold_left_512.hpp
-- Up-to-date: /home/ph/treasure/dockerBENCH/helios16p_ws/install/vicon_receiver/include/boost/preprocessor/seq/limits/fold_left_256.hpp
-- Up-to-date: /home/ph/treasure/dockerBENCH/helios16p_ws/install/vicon_receiver/include/boost/preprocessor/seq/limits/fold_left_1024.hpp
-- Up-to-date: /home/ph/treasure/dockerBENCH/helios16p_ws/install/vicon_receiver/include/boost/preprocessor/seq/limits/elem_256.hpp
-- Up-to-date: /home/ph/treasure/dockerBENCH/helios16p_ws/install/vicon_receiver/include/boost/preprocessor/seq/size.hpp
-- Up-to-date: /home/ph/treasure/dockerBENCH/helios16p_ws/install/vicon_receiver/include/boost/filesystem.hpp
-- Up-to-date: /home/ph/treasure/dockerBENCH/helios16p_ws/install/vicon_receiver/include/boost/date_time
-- Up-to-date: /home/ph/treasure/dockerBENCH/helios16p_ws/install/vicon_receiver/include/boost/date_time/date.hpp
-- Up-to-date: /home/ph/treasure/dockerBENCH/helios16p_ws/install/vicon_receiver/include/boost/date_time/special_defs.hpp
-- Up-to-date: /home/ph/treasure/dockerBENCH/helios16p_ws/install/vicon_receiver/include/boost/date_time/find_match.hpp
-- Up-to-date: /home/ph/treasure/dockerBENCH/helios16p_ws/install/vicon_receiver/include/boost/date_time/constrained_value.hpp
-- Up-to-date: /home/ph/treasure/dockerBENCH/helios16p_ws/install/vicon_receiver/include/boost/date_time/adjust_functors.hpp
-- Up-to-date: /home/ph/treasure/dockerBENCH/helios16p_ws/install/vicon_receiver/include/boost/date_time/time_defs.hpp
-- Up-to-date: /home/ph/treasure/dockerBENCH/helios16p_ws/install/vicon_receiver/include/boost/date_time/int_adapter.hpp
-- Up-to-date: /home/ph/treasure/dockerBENCH/helios16p_ws/install/vicon_receiver/include/boost/date_time/time_system_split.hpp
-- Up-to-date: /home/ph/treasure/dockerBENCH/helios16p_ws/install/vicon_receiver/include/boost/date_time/gregorian_calendar.ipp
-- Up-to-date: /home/ph/treasure/dockerBENCH/helios16p_ws/install/vicon_receiver/include/boost/date_time/date_names_put.hpp
-- Up-to-date: /home/ph/treasure/dockerBENCH/helios16p_ws/install/vicon_receiver/include/boost/date_time/special_values_formatter.hpp
-- Up-to-date: /home/ph/treasure/dockerBENCH/helios16p_ws/install/vicon_receiver/include/boost/date_time/string_parse_tree.hpp
-- Up-to-date: /home/ph/treasure/dockerBENCH/helios16p_ws/install/vicon_receiver/include/boost/date_time/date_generators.hpp
-- Up-to-date: /home/ph/treasure/dockerBENCH/helios16p_ws/install/vicon_receiver/include/boost/date_time/date_defs.hpp
-- Up-to-date: /home/ph/treasure/dockerBENCH/helios16p_ws/install/vicon_receiver/include/boost/date_time/wrapping_int.hpp
-- Up-to-date: /home/ph/treasure/dockerBENCH/helios16p_ws/install/vicon_receiver/include/boost/date_time/date_parsing.hpp
-- Up-to-date: /home/ph/treasure/dockerBENCH/helios16p_ws/install/vicon_receiver/include/boost/date_time/gregorian_calendar.hpp
-- Up-to-date: /home/ph/treasure/dockerBENCH/helios16p_ws/install/vicon_receiver/include/boost/date_time/time_parsing.hpp
-- Up-to-date: /home/ph/treasure/dockerBENCH/helios16p_ws/install/vicon_receiver/include/boost/date_time/strings_from_facet.hpp
-- Up-to-date: /home/ph/treasure/dockerBENCH/helios16p_ws/install/vicon_receiver/include/boost/date_time/locale_config.hpp
-- Up-to-date: /home/ph/treasure/dockerBENCH/helios16p_ws/install/vicon_receiver/include/boost/date_time/period.hpp
-- Up-to-date: /home/ph/treasure/dockerBENCH/helios16p_ws/install/vicon_receiver/include/boost/date_time/time_clock.hpp
-- Up-to-date: /home/ph/treasure/dockerBENCH/helios16p_ws/install/vicon_receiver/include/boost/date_time/date_generator_parser.hpp
-- Up-to-date: /home/ph/treasure/dockerBENCH/helios16p_ws/install/vicon_receiver/include/boost/date_time/date_clock_device.hpp
-- Up-to-date: /home/ph/treasure/dockerBENCH/helios16p_ws/install/vicon_receiver/include/boost/date_time/time_resolution_traits.hpp
-- Up-to-date: /home/ph/treasure/dockerBENCH/helios16p_ws/install/vicon_receiver/include/boost/date_time/posix_time
-- Up-to-date: /home/ph/treasure/dockerBENCH/helios16p_ws/install/vicon_receiver/include/boost/date_time/posix_time/posix_time_legacy_io.hpp
-- Up-to-date: /home/ph/treasure/dockerBENCH/helios16p_ws/install/vicon_receiver/include/boost/date_time/posix_time/time_period.hpp
-- Up-to-date: /home/ph/treasure/dockerBENCH/helios16p_ws/install/vicon_receiver/include/boost/date_time/posix_time/posix_time_io.hpp
-- Up-to-date: /home/ph/treasure/dockerBENCH/helios16p_ws/install/vicon_receiver/include/boost/date_time/posix_time/conversion.hpp
-- Up-to-date: /home/ph/treasure/dockerBENCH/helios16p_ws/install/vicon_receiver/include/boost/date_time/posix_time/time_parsers.hpp
-- Up-to-date: /home/ph/treasure/dockerBENCH/helios16p_ws/install/vicon_receiver/include/boost/date_time/posix_time/posix_time_types.hpp
-- Up-to-date: /home/ph/treasure/dockerBENCH/helios16p_ws/install/vicon_receiver/include/boost/date_time/posix_time/posix_time.hpp
-- Up-to-date: /home/ph/treasure/dockerBENCH/helios16p_ws/install/vicon_receiver/include/boost/date_time/posix_time/date_duration_operators.hpp
-- Up-to-date: /home/ph/treasure/dockerBENCH/helios16p_ws/install/vicon_receiver/include/boost/date_time/posix_time/ptime.hpp
-- Up-to-date: /home/ph/treasure/dockerBENCH/helios16p_ws/install/vicon_receiver/include/boost/date_time/posix_time/time_formatters_limited.hpp
-- Up-to-date: /home/ph/treasure/dockerBENCH/helios16p_ws/install/vicon_receiver/include/boost/date_time/posix_time/posix_time_config.hpp
-- Up-to-date: /home/ph/treasure/dockerBENCH/helios16p_ws/install/vicon_receiver/include/boost/date_time/posix_time/posix_time_duration.hpp
-- Up-to-date: /home/ph/treasure/dockerBENCH/helios16p_ws/install/vicon_receiver/include/boost/date_time/posix_time/posix_time_system.hpp
-- Up-to-date: /home/ph/treasure/dockerBENCH/helios16p_ws/install/vicon_receiver/include/boost/date_time/posix_time/time_formatters.hpp
-- Up-to-date: /home/ph/treasure/dockerBENCH/helios16p_ws/install/vicon_receiver/include/boost/date_time/gregorian
-- Up-to-date: /home/ph/treasure/dockerBENCH/helios16p_ws/install/vicon_receiver/include/boost/date_time/gregorian/greg_day.hpp
-- Up-to-date: /home/ph/treasure/dockerBENCH/helios16p_ws/install/vicon_receiver/include/boost/date_time/gregorian/gregorian_io.hpp
-- Up-to-date: /home/ph/treasure/dockerBENCH/helios16p_ws/install/vicon_receiver/include/boost/date_time/gregorian/greg_facet.hpp
-- Up-to-date: /home/ph/treasure/dockerBENCH/helios16p_ws/install/vicon_receiver/include/boost/date_time/gregorian/greg_calendar.hpp
-- Up-to-date: /home/ph/treasure/dockerBENCH/helios16p_ws/install/vicon_receiver/include/boost/date_time/gregorian/greg_year.hpp
-- Up-to-date: /home/ph/treasure/dockerBENCH/helios16p_ws/install/vicon_receiver/include/boost/date_time/gregorian/conversion.hpp
-- Up-to-date: /home/ph/treasure/dockerBENCH/helios16p_ws/install/vicon_receiver/include/boost/date_time/gregorian/greg_date.hpp
-- Up-to-date: /home/ph/treasure/dockerBENCH/helios16p_ws/install/vicon_receiver/include/boost/date_time/gregorian/greg_month.hpp
-- Up-to-date: /home/ph/treasure/dockerBENCH/helios16p_ws/install/vicon_receiver/include/boost/date_time/gregorian/formatters_limited.hpp
-- Up-to-date: /home/ph/treasure/dockerBENCH/helios16p_ws/install/vicon_receiver/include/boost/date_time/gregorian/gregorian.hpp
-- Up-to-date: /home/ph/treasure/dockerBENCH/helios16p_ws/install/vicon_receiver/include/boost/date_time/gregorian/greg_day_of_year.hpp
-- Up-to-date: /home/ph/treasure/dockerBENCH/helios16p_ws/install/vicon_receiver/include/boost/date_time/gregorian/greg_duration_types.hpp
-- Up-to-date: /home/ph/treasure/dockerBENCH/helios16p_ws/install/vicon_receiver/include/boost/date_time/gregorian/greg_ymd.hpp
-- Up-to-date: /home/ph/treasure/dockerBENCH/helios16p_ws/install/vicon_receiver/include/boost/date_time/gregorian/formatters.hpp
-- Up-to-date: /home/ph/treasure/dockerBENCH/helios16p_ws/install/vicon_receiver/include/boost/date_time/gregorian/greg_weekday.hpp
-- Up-to-date: /home/ph/treasure/dockerBENCH/helios16p_ws/install/vicon_receiver/include/boost/date_time/gregorian/greg_duration.hpp
-- Up-to-date: /home/ph/treasure/dockerBENCH/helios16p_ws/install/vicon_receiver/include/boost/date_time/gregorian/parsers.hpp
-- Up-to-date: /home/ph/treasure/dockerBENCH/helios16p_ws/install/vicon_receiver/include/boost/date_time/gregorian/gregorian_types.hpp
-- Up-to-date: /home/ph/treasure/dockerBENCH/helios16p_ws/install/vicon_receiver/include/boost/date_time/format_date_parser.hpp
-- Up-to-date: /home/ph/treasure/dockerBENCH/helios16p_ws/install/vicon_receiver/include/boost/date_time/date_format_simple.hpp
-- Up-to-date: /home/ph/treasure/dockerBENCH/helios16p_ws/install/vicon_receiver/include/boost/date_time/date_facet.hpp
-- Up-to-date: /home/ph/treasure/dockerBENCH/helios16p_ws/install/vicon_receiver/include/boost/date_time/date_generator_formatter.hpp
-- Up-to-date: /home/ph/treasure/dockerBENCH/helios16p_ws/install/vicon_receiver/include/boost/date_time/date_formatting_limited.hpp
-- Up-to-date: /home/ph/treasure/dockerBENCH/helios16p_ws/install/vicon_receiver/include/boost/date_time/date_formatting_locales.hpp
-- Up-to-date: /home/ph/treasure/dockerBENCH/helios16p_ws/install/vicon_receiver/include/boost/date_time/dst_rules.hpp
-- Up-to-date: /home/ph/treasure/dockerBENCH/helios16p_ws/install/vicon_receiver/include/boost/date_time/time_facet.hpp
-- Up-to-date: /home/ph/treasure/dockerBENCH/helios16p_ws/install/vicon_receiver/include/boost/date_time/iso_format.hpp
-- Up-to-date: /home/ph/treasure/dockerBENCH/helios16p_ws/install/vicon_receiver/include/boost/date_time/date_iterator.hpp
-- Up-to-date: /home/ph/treasure/dockerBENCH/helios16p_ws/install/vicon_receiver/include/boost/date_time/time_iterator.hpp
-- Up-to-date: /home/ph/treasure/dockerBENCH/helios16p_ws/install/vicon_receiver/include/boost/date_time/date_duration_types.hpp
-- Up-to-date: /home/ph/treasure/dockerBENCH/helios16p_ws/install/vicon_receiver/include/boost/date_time/special_values_parser.hpp
-- Up-to-date: /home/ph/treasure/dockerBENCH/helios16p_ws/install/vicon_receiver/include/boost/date_time/string_convert.hpp
-- Up-to-date: /home/ph/treasure/dockerBENCH/helios16p_ws/install/vicon_receiver/include/boost/date_time/filetime_functions.hpp
-- Up-to-date: /home/ph/treasure/dockerBENCH/helios16p_ws/install/vicon_receiver/include/boost/date_time/time_duration.hpp
-- Up-to-date: /home/ph/treasure/dockerBENCH/helios16p_ws/install/vicon_receiver/include/boost/date_time/period_parser.hpp
-- Up-to-date: /home/ph/treasure/dockerBENCH/helios16p_ws/install/vicon_receiver/include/boost/date_time/period_formatter.hpp
-- Up-to-date: /home/ph/treasure/dockerBENCH/helios16p_ws/install/vicon_receiver/include/boost/date_time/date_formatting.hpp
-- Up-to-date: /home/ph/treasure/dockerBENCH/helios16p_ws/install/vicon_receiver/include/boost/date_time/date_duration.hpp
-- Up-to-date: /home/ph/treasure/dockerBENCH/helios16p_ws/install/vicon_receiver/include/boost/date_time/c_time.hpp
-- Up-to-date: /home/ph/treasure/dockerBENCH/helios16p_ws/install/vicon_receiver/include/boost/date_time/time.hpp
-- Up-to-date: /home/ph/treasure/dockerBENCH/helios16p_ws/install/vicon_receiver/include/boost/date_time/time_system_counted.hpp
-- Up-to-date: /home/ph/treasure/dockerBENCH/helios16p_ws/install/vicon_receiver/include/boost/date_time/microsec_time_clock.hpp
-- Up-to-date: /home/ph/treasure/dockerBENCH/helios16p_ws/install/vicon_receiver/include/boost/date_time/year_month_day.hpp
-- Up-to-date: /home/ph/treasure/dockerBENCH/helios16p_ws/install/vicon_receiver/include/boost/date_time/compiler_config.hpp
-- Up-to-date: /home/ph/treasure/dockerBENCH/helios16p_ws/install/vicon_receiver/include/boost/date_time/time_formatting_streams.hpp
-- Up-to-date: /home/ph/treasure/dockerBENCH/helios16p_ws/install/vicon_receiver/include/boost/date_time/parse_format_base.hpp
-- Up-to-date: /home/ph/treasure/dockerBENCH/helios16p_ws/install/vicon_receiver/include/boost/none_t.hpp
-- Up-to-date: /home/ph/treasure/dockerBENCH/helios16p_ws/install/vicon_receiver/include/boost/regex_fwd.hpp
-- Up-to-date: /home/ph/treasure/dockerBENCH/helios16p_ws/install/vicon_receiver/include/boost/rational.hpp
-- Up-to-date: /home/ph/treasure/dockerBENCH/helios16p_ws/install/vicon_receiver/include/boost/tokenizer.hpp
-- Up-to-date: /home/ph/treasure/dockerBENCH/helios16p_ws/install/vicon_receiver/include/boost/mpl
-- Up-to-date: /home/ph/treasure/dockerBENCH/helios16p_ws/install/vicon_receiver/include/boost/mpl/empty.hpp
-- Up-to-date: /home/ph/treasure/dockerBENCH/helios16p_ws/install/vicon_receiver/include/boost/mpl/bool_fwd.hpp
-- Up-to-date: /home/ph/treasure/dockerBENCH/helios16p_ws/install/vicon_receiver/include/boost/mpl/greater.hpp
-- Up-to-date: /home/ph/treasure/dockerBENCH/helios16p_ws/install/vicon_receiver/include/boost/mpl/at.hpp
-- Up-to-date: /home/ph/treasure/dockerBENCH/helios16p_ws/install/vicon_receiver/include/boost/mpl/push_back.hpp
-- Up-to-date: /home/ph/treasure/dockerBENCH/helios16p_ws/install/vicon_receiver/include/boost/mpl/pair_view.hpp
-- Up-to-date: /home/ph/treasure/dockerBENCH/helios16p_ws/install/vicon_receiver/include/boost/mpl/transform.hpp
-- Up-to-date: /home/ph/treasure/dockerBENCH/helios16p_ws/install/vicon_receiver/include/boost/mpl/has_key.hpp
-- Up-to-date: /home/ph/treasure/dockerBENCH/helios16p_ws/install/vicon_receiver/include/boost/mpl/sequence_tag.hpp
-- Up-to-date: /home/ph/treasure/dockerBENCH/helios16p_ws/install/vicon_receiver/include/boost/mpl/back_fwd.hpp
-- Up-to-date: /home/ph/treasure/dockerBENCH/helios16p_ws/install/vicon_receiver/include/boost/mpl/insert_range.hpp
-- Up-to-date: /home/ph/treasure/dockerBENCH/helios16p_ws/install/vicon_receiver/include/boost/mpl/tag.hpp
-- Up-to-date: /home/ph/treasure/dockerBENCH/helios16p_ws/install/vicon_receiver/include/boost/mpl/advance.hpp
-- Up-to-date: /home/ph/treasure/dockerBENCH/helios16p_ws/install/vicon_receiver/include/boost/mpl/distance.hpp
-- Up-to-date: /home/ph/treasure/dockerBENCH/helios16p_ws/install/vicon_receiver/include/boost/mpl/advance_fwd.hpp
-- Up-to-date: /home/ph/treasure/dockerBENCH/helios16p_ws/install/vicon_receiver/include/boost/mpl/greater_equal.hpp
-- Up-to-date: /home/ph/treasure/dockerBENCH/helios16p_ws/install/vicon_receiver/include/boost/mpl/erase.hpp
-- Up-to-date: /home/ph/treasure/dockerBENCH/helios16p_ws/install/vicon_receiver/include/boost/mpl/clear_fwd.hpp
-- Up-to-date: /home/ph/treasure/dockerBENCH/helios16p_ws/install/vicon_receiver/include/boost/mpl/deref.hpp
-- Up-to-date: /home/ph/treasure/dockerBENCH/helios16p_ws/install/vicon_receiver/include/boost/mpl/is_placeholder.hpp
-- Up-to-date: /home/ph/treasure/dockerBENCH/helios16p_ws/install/vicon_receiver/include/boost/mpl/inherit.hpp
-- Up-to-date: /home/ph/treasure/dockerBENCH/helios16p_ws/install/vicon_receiver/include/boost/mpl/multiplies.hpp
-- Up-to-date: /home/ph/treasure/dockerBENCH/helios16p_ws/install/vicon_receiver/include/boost/mpl/apply_fwd.hpp
-- Up-to-date: /home/ph/treasure/dockerBENCH/helios16p_ws/install/vicon_receiver/include/boost/mpl/same_as.hpp
-- Up-to-date: /home/ph/treasure/dockerBENCH/helios16p_ws/install/vicon_receiver/include/boost/mpl/at_fwd.hpp
-- Up-to-date: /home/ph/treasure/dockerBENCH/helios16p_ws/install/vicon_receiver/include/boost/mpl/next.hpp
-- Up-to-date: /home/ph/treasure/dockerBENCH/helios16p_ws/install/vicon_receiver/include/boost/mpl/list
-- Up-to-date: /home/ph/treasure/dockerBENCH/helios16p_ws/install/vicon_receiver/include/boost/mpl/list/list30_c.hpp
-- Up-to-date: /home/ph/treasure/dockerBENCH/helios16p_ws/install/vicon_receiver/include/boost/mpl/list/list40_c.hpp
-- Up-to-date: /home/ph/treasure/dockerBENCH/helios16p_ws/install/vicon_receiver/include/boost/mpl/list/list30.hpp
-- Up-to-date: /home/ph/treasure/dockerBENCH/helios16p_ws/install/vicon_receiver/include/boost/mpl/list/list40.hpp
-- Up-to-date: /home/ph/treasure/dockerBENCH/helios16p_ws/install/vicon_receiver/include/boost/mpl/list/list10.hpp
-- Up-to-date: /home/ph/treasure/dockerBENCH/helios16p_ws/install/vicon_receiver/include/boost/mpl/list/list20.hpp
-- Up-to-date: /home/ph/treasure/dockerBENCH/helios16p_ws/install/vicon_receiver/include/boost/mpl/list/aux_
-- Up-to-date: /home/ph/treasure/dockerBENCH/helios16p_ws/install/vicon_receiver/include/boost/mpl/list/aux_/empty.hpp
-- Up-to-date: /home/ph/treasure/dockerBENCH/helios16p_ws/install/vicon_receiver/include/boost/mpl/list/aux_/push_back.hpp
-- Up-to-date: /home/ph/treasure/dockerBENCH/helios16p_ws/install/vicon_receiver/include/boost/mpl/list/aux_/item.hpp
-- Up-to-date: /home/ph/treasure/dockerBENCH/helios16p_ws/install/vicon_receiver/include/boost/mpl/list/aux_/tag.hpp
-- Up-to-date: /home/ph/treasure/dockerBENCH/helios16p_ws/install/vicon_receiver/include/boost/mpl/list/aux_/numbered.hpp
-- Up-to-date: /home/ph/treasure/dockerBENCH/helios16p_ws/install/vicon_receiver/include/boost/mpl/list/aux_/pop_front.hpp
-- Up-to-date: /home/ph/treasure/dockerBENCH/helios16p_ws/install/vicon_receiver/include/boost/mpl/list/aux_/push_front.hpp
-- Up-to-date: /home/ph/treasure/dockerBENCH/helios16p_ws/install/vicon_receiver/include/boost/mpl/list/aux_/O1_size.hpp
-- Up-to-date: /home/ph/treasure/dockerBENCH/helios16p_ws/install/vicon_receiver/include/boost/mpl/list/aux_/front.hpp
-- Up-to-date: /home/ph/treasure/dockerBENCH/helios16p_ws/install/vicon_receiver/include/boost/mpl/list/aux_/numbered_c.hpp
-- Up-to-date: /home/ph/treasure/dockerBENCH/helios16p_ws/install/vicon_receiver/include/boost/mpl/list/aux_/clear.hpp
-- Up-to-date: /home/ph/treasure/dockerBENCH/helios16p_ws/install/vicon_receiver/include/boost/mpl/list/aux_/preprocessed
-- Up-to-date: /home/ph/treasure/dockerBENCH/helios16p_ws/install/vicon_receiver/include/boost/mpl/list/aux_/preprocessed/plain
-- Up-to-date: /home/ph/treasure/dockerBENCH/helios16p_ws/install/vicon_receiver/include/boost/mpl/list/aux_/preprocessed/plain/list30_c.hpp
-- Up-to-date: /home/ph/treasure/dockerBENCH/helios16p_ws/install/vicon_receiver/include/boost/mpl/list/aux_/preprocessed/plain/list40_c.hpp
-- Up-to-date: /home/ph/treasure/dockerBENCH/helios16p_ws/install/vicon_receiver/include/boost/mpl/list/aux_/preprocessed/plain/list30.hpp
-- Up-to-date: /home/ph/treasure/dockerBENCH/helios16p_ws/install/vicon_receiver/include/boost/mpl/list/aux_/preprocessed/plain/list40.hpp
-- Up-to-date: /home/ph/treasure/dockerBENCH/helios16p_ws/install/vicon_receiver/include/boost/mpl/list/aux_/preprocessed/plain/list10.hpp
-- Up-to-date: /home/ph/treasure/dockerBENCH/helios16p_ws/install/vicon_receiver/include/boost/mpl/list/aux_/preprocessed/plain/list20.hpp
-- Up-to-date: /home/ph/treasure/dockerBENCH/helios16p_ws/install/vicon_receiver/include/boost/mpl/list/aux_/preprocessed/plain/list20_c.hpp
-- Up-to-date: /home/ph/treasure/dockerBENCH/helios16p_ws/install/vicon_receiver/include/boost/mpl/list/aux_/preprocessed/plain/list50.hpp
-- Up-to-date: /home/ph/treasure/dockerBENCH/helios16p_ws/install/vicon_receiver/include/boost/mpl/list/aux_/preprocessed/plain/list10_c.hpp
-- Up-to-date: /home/ph/treasure/dockerBENCH/helios16p_ws/install/vicon_receiver/include/boost/mpl/list/aux_/preprocessed/plain/list50_c.hpp
-- Up-to-date: /home/ph/treasure/dockerBENCH/helios16p_ws/install/vicon_receiver/include/boost/mpl/list/aux_/include_preprocessed.hpp
-- Up-to-date: /home/ph/treasure/dockerBENCH/helios16p_ws/install/vicon_receiver/include/boost/mpl/list/aux_/begin_end.hpp
-- Up-to-date: /home/ph/treasure/dockerBENCH/helios16p_ws/install/vicon_receiver/include/boost/mpl/list/aux_/size.hpp
-- Up-to-date: /home/ph/treasure/dockerBENCH/helios16p_ws/install/vicon_receiver/include/boost/mpl/list/aux_/iterator.hpp
-- Up-to-date: /home/ph/treasure/dockerBENCH/helios16p_ws/install/vicon_receiver/include/boost/mpl/list/list20_c.hpp
-- Up-to-date: /home/ph/treasure/dockerBENCH/helios16p_ws/install/vicon_receiver/include/boost/mpl/list/list50.hpp
-- Up-to-date: /home/ph/treasure/dockerBENCH/helios16p_ws/install/vicon_receiver/include/boost/mpl/list/list10_c.hpp
-- Up-to-date: /home/ph/treasure/dockerBENCH/helios16p_ws/install/vicon_receiver/include/boost/mpl/list/list0_c.hpp
-- Up-to-date: /home/ph/treasure/dockerBENCH/helios16p_ws/install/vicon_receiver/include/boost/mpl/list/list0.hpp
-- Up-to-date: /home/ph/treasure/dockerBENCH/helios16p_ws/install/vicon_receiver/include/boost/mpl/list/list50_c.hpp
-- Up-to-date: /home/ph/treasure/dockerBENCH/helios16p_ws/install/vicon_receiver/include/boost/mpl/insert_range_fwd.hpp
-- Up-to-date: /home/ph/treasure/dockerBENCH/helios16p_ws/install/vicon_receiver/include/boost/mpl/pop_back_fwd.hpp
-- Up-to-date: /home/ph/treasure/dockerBENCH/helios16p_ws/install/vicon_receiver/include/boost/mpl/and.hpp
-- Up-to-date: /home/ph/treasure/dockerBENCH/helios16p_ws/install/vicon_receiver/include/boost/mpl/find.hpp
-- Up-to-date: /home/ph/treasure/dockerBENCH/helios16p_ws/install/vicon_receiver/include/boost/mpl/bind.hpp
-- Up-to-date: /home/ph/treasure/dockerBENCH/helios16p_ws/install/vicon_receiver/include/boost/mpl/begin.hpp
-- Up-to-date: /home/ph/treasure/dockerBENCH/helios16p_ws/install/vicon_receiver/include/boost/mpl/empty_fwd.hpp
-- Up-to-date: /home/ph/treasure/dockerBENCH/helios16p_ws/install/vicon_receiver/include/boost/mpl/integral_c_tag.hpp
-- Up-to-date: /home/ph/treasure/dockerBENCH/helios16p_ws/install/vicon_receiver/include/boost/mpl/find_if.hpp
-- Up-to-date: /home/ph/treasure/dockerBENCH/helios16p_ws/install/vicon_receiver/include/boost/mpl/erase_key_fwd.hpp
-- Up-to-date: /home/ph/treasure/dockerBENCH/helios16p_ws/install/vicon_receiver/include/boost/mpl/quote.hpp
-- Up-to-date: /home/ph/treasure/dockerBENCH/helios16p_ws/install/vicon_receiver/include/boost/mpl/pop_front.hpp
-- Up-to-date: /home/ph/treasure/dockerBENCH/helios16p_ws/install/vicon_receiver/include/boost/mpl/iterator_category.hpp
-- Up-to-date: /home/ph/treasure/dockerBENCH/helios16p_ws/install/vicon_receiver/include/boost/mpl/iter_fold_if.hpp
-- Up-to-date: /home/ph/treasure/dockerBENCH/helios16p_ws/install/vicon_receiver/include/boost/mpl/reverse_fold.hpp
-- Up-to-date: /home/ph/treasure/dockerBENCH/helios16p_ws/install/vicon_receiver/include/boost/mpl/push_front.hpp
-- Up-to-date: /home/ph/treasure/dockerBENCH/helios16p_ws/install/vicon_receiver/include/boost/mpl/arg_fwd.hpp
-- Up-to-date: /home/ph/treasure/dockerBENCH/helios16p_ws/install/vicon_receiver/include/boost/mpl/O1_size.hpp
-- Up-to-date: /home/ph/treasure/dockerBENCH/helios16p_ws/install/vicon_receiver/include/boost/mpl/lambda_fwd.hpp
-- Up-to-date: /home/ph/treasure/dockerBENCH/helios16p_ws/install/vicon_receiver/include/boost/mpl/contains.hpp
-- Up-to-date: /home/ph/treasure/dockerBENCH/helios16p_ws/install/vicon_receiver/include/boost/mpl/min_max.hpp
-- Up-to-date: /home/ph/treasure/dockerBENCH/helios16p_ws/install/vicon_receiver/include/boost/mpl/back.hpp
-- Up-to-date: /home/ph/treasure/dockerBENCH/helios16p_ws/install/vicon_receiver/include/boost/mpl/vector.hpp
-- Up-to-date: /home/ph/treasure/dockerBENCH/helios16p_ws/install/vicon_receiver/include/boost/mpl/front.hpp
-- Up-to-date: /home/ph/treasure/dockerBENCH/helios16p_ws/install/vicon_receiver/include/boost/mpl/erase_fwd.hpp
-- Up-to-date: /home/ph/treasure/dockerBENCH/helios16p_ws/install/vicon_receiver/include/boost/mpl/assert.hpp
-- Up-to-date: /home/ph/treasure/dockerBENCH/helios16p_ws/install/vicon_receiver/include/boost/mpl/integral_c.hpp
-- Up-to-date: /home/ph/treasure/dockerBENCH/helios16p_ws/install/vicon_receiver/include/boost/mpl/empty_base.hpp
-- Up-to-date: /home/ph/treasure/dockerBENCH/helios16p_ws/install/vicon_receiver/include/boost/mpl/pair.hpp
-- Up-to-date: /home/ph/treasure/dockerBENCH/helios16p_ws/install/vicon_receiver/include/boost/mpl/back_inserter.hpp
-- Up-to-date: /home/ph/treasure/dockerBENCH/helios16p_ws/install/vicon_receiver/include/boost/mpl/aux_
-- Up-to-date: /home/ph/treasure/dockerBENCH/helios16p_ws/install/vicon_receiver/include/boost/mpl/aux_/msvc_dtw.hpp
-- Up-to-date: /home/ph/treasure/dockerBENCH/helios16p_ws/install/vicon_receiver/include/boost/mpl/aux_/has_begin.hpp
-- Up-to-date: /home/ph/treasure/dockerBENCH/helios16p_ws/install/vicon_receiver/include/boost/mpl/aux_/na_fwd.hpp
-- Up-to-date: /home/ph/treasure/dockerBENCH/helios16p_ws/install/vicon_receiver/include/boost/mpl/aux_/iter_push_front.hpp
-- Up-to-date: /home/ph/treasure/dockerBENCH/helios16p_ws/install/vicon_receiver/include/boost/mpl/aux_/type_wrapper.hpp
-- Up-to-date: /home/ph/treasure/dockerBENCH/helios16p_ws/install/vicon_receiver/include/boost/mpl/aux_/config
-- Up-to-date: /home/ph/treasure/dockerBENCH/helios16p_ws/install/vicon_receiver/include/boost/mpl/aux_/config/gcc.hpp
-- Up-to-date: /home/ph/treasure/dockerBENCH/helios16p_ws/install/vicon_receiver/include/boost/mpl/aux_/config/forwarding.hpp
-- Up-to-date: /home/ph/treasure/dockerBENCH/helios16p_ws/install/vicon_receiver/include/boost/mpl/aux_/config/use_preprocessed.hpp
-- Up-to-date: /home/ph/treasure/dockerBENCH/helios16p_ws/install/vicon_receiver/include/boost/mpl/aux_/config/dtp.hpp
-- Up-to-date: /home/ph/treasure/dockerBENCH/helios16p_ws/install/vicon_receiver/include/boost/mpl/aux_/config/ttp.hpp
-- Up-to-date: /home/ph/treasure/dockerBENCH/helios16p_ws/install/vicon_receiver/include/boost/mpl/aux_/config/nttp.hpp
-- Up-to-date: /home/ph/treasure/dockerBENCH/helios16p_ws/install/vicon_receiver/include/boost/mpl/aux_/config/dmc_ambiguous_ctps.hpp
-- Up-to-date: /home/ph/treasure/dockerBENCH/helios16p_ws/install/vicon_receiver/include/boost/mpl/aux_/config/has_apply.hpp
-- Up-to-date: /home/ph/treasure/dockerBENCH/helios16p_ws/install/vicon_receiver/include/boost/mpl/aux_/config/bind.hpp
-- Up-to-date: /home/ph/treasure/dockerBENCH/helios16p_ws/install/vicon_receiver/include/boost/mpl/aux_/config/eti.hpp
-- Up-to-date: /home/ph/treasure/dockerBENCH/helios16p_ws/install/vicon_receiver/include/boost/mpl/aux_/config/gpu.hpp
-- Up-to-date: /home/ph/treasure/dockerBENCH/helios16p_ws/install/vicon_receiver/include/boost/mpl/aux_/config/bcc.hpp
-- Up-to-date: /home/ph/treasure/dockerBENCH/helios16p_ws/install/vicon_receiver/include/boost/mpl/aux_/config/intel.hpp
-- Up-to-date: /home/ph/treasure/dockerBENCH/helios16p_ws/install/vicon_receiver/include/boost/mpl/aux_/config/static_constant.hpp
-- Up-to-date: /home/ph/treasure/dockerBENCH/helios16p_ws/install/vicon_receiver/include/boost/mpl/aux_/config/ctps.hpp
-- Up-to-date: /home/ph/treasure/dockerBENCH/helios16p_ws/install/vicon_receiver/include/boost/mpl/aux_/config/has_xxx.hpp
-- Up-to-date: /home/ph/treasure/dockerBENCH/helios16p_ws/install/vicon_receiver/include/boost/mpl/aux_/config/integral.hpp
-- Up-to-date: /home/ph/treasure/dockerBENCH/helios16p_ws/install/vicon_receiver/include/boost/mpl/aux_/config/msvc.hpp
-- Up-to-date: /home/ph/treasure/dockerBENCH/helios16p_ws/install/vicon_receiver/include/boost/mpl/aux_/config/dependent_nttp.hpp
-- Up-to-date: /home/ph/treasure/dockerBENCH/helios16p_ws/install/vicon_receiver/include/boost/mpl/aux_/config/compiler.hpp
-- Up-to-date: /home/ph/treasure/dockerBENCH/helios16p_ws/install/vicon_receiver/include/boost/mpl/aux_/config/overload_resolution.hpp
-- Up-to-date: /home/ph/treasure/dockerBENCH/helios16p_ws/install/vicon_receiver/include/boost/mpl/aux_/config/adl.hpp
-- Up-to-date: /home/ph/treasure/dockerBENCH/helios16p_ws/install/vicon_receiver/include/boost/mpl/aux_/config/arrays.hpp
-- Up-to-date: /home/ph/treasure/dockerBENCH/helios16p_ws/install/vicon_receiver/include/boost/mpl/aux_/config/pp_counter.hpp
-- Up-to-date: /home/ph/treasure/dockerBENCH/helios16p_ws/install/vicon_receiver/include/boost/mpl/aux_/config/typeof.hpp
-- Up-to-date: /home/ph/treasure/dockerBENCH/helios16p_ws/install/vicon_receiver/include/boost/mpl/aux_/config/msvc_typename.hpp
-- Up-to-date: /home/ph/treasure/dockerBENCH/helios16p_ws/install/vicon_receiver/include/boost/mpl/aux_/config/preprocessor.hpp
-- Up-to-date: /home/ph/treasure/dockerBENCH/helios16p_ws/install/vicon_receiver/include/boost/mpl/aux_/config/workaround.hpp
-- Up-to-date: /home/ph/treasure/dockerBENCH/helios16p_ws/install/vicon_receiver/include/boost/mpl/aux_/config/lambda.hpp
-- Up-to-date: /home/ph/treasure/dockerBENCH/helios16p_ws/install/vicon_receiver/include/boost/mpl/aux_/numeric_cast_utils.hpp
-- Up-to-date: /home/ph/treasure/dockerBENCH/helios16p_ws/install/vicon_receiver/include/boost/mpl/aux_/logical_op.hpp
-- Up-to-date: /home/ph/treasure/dockerBENCH/helios16p_ws/install/vicon_receiver/include/boost/mpl/aux_/yes_no.hpp
-- Up-to-date: /home/ph/treasure/dockerBENCH/helios16p_ws/install/vicon_receiver/include/boost/mpl/aux_/contains_impl.hpp
-- Up-to-date: /home/ph/treasure/dockerBENCH/helios16p_ws/install/vicon_receiver/include/boost/mpl/aux_/push_back_impl.hpp
-- Up-to-date: /home/ph/treasure/dockerBENCH/helios16p_ws/install/vicon_receiver/include/boost/mpl/aux_/value_wknd.hpp
-- Up-to-date: /home/ph/treasure/dockerBENCH/helios16p_ws/install/vicon_receiver/include/boost/mpl/aux_/has_tag.hpp
-- Up-to-date: /home/ph/treasure/dockerBENCH/helios16p_ws/install/vicon_receiver/include/boost/mpl/aux_/advance_backward.hpp
-- Up-to-date: /home/ph/treasure/dockerBENCH/helios16p_ws/install/vicon_receiver/include/boost/mpl/aux_/has_type.hpp
-- Up-to-date: /home/ph/treasure/dockerBENCH/helios16p_ws/install/vicon_receiver/include/boost/mpl/aux_/has_apply.hpp
-- Up-to-date: /home/ph/treasure/dockerBENCH/helios16p_ws/install/vicon_receiver/include/boost/mpl/aux_/has_size.hpp
-- Up-to-date: /home/ph/treasure/dockerBENCH/helios16p_ws/install/vicon_receiver/include/boost/mpl/aux_/lambda_no_ctps.hpp
-- Up-to-date: /home/ph/treasure/dockerBENCH/helios16p_ws/install/vicon_receiver/include/boost/mpl/aux_/nested_type_wknd.hpp
-- Up-to-date: /home/ph/treasure/dockerBENCH/helios16p_ws/install/vicon_receiver/include/boost/mpl/aux_/nttp_decl.hpp
-- Up-to-date: /home/ph/treasure/dockerBENCH/helios16p_ws/install/vicon_receiver/include/boost/mpl/aux_/common_name_wknd.hpp
-- Up-to-date: /home/ph/treasure/dockerBENCH/helios16p_ws/install/vicon_receiver/include/boost/mpl/aux_/msvc_is_class.hpp
-- Up-to-date: /home/ph/treasure/dockerBENCH/helios16p_ws/install/vicon_receiver/include/boost/mpl/aux_/fold_impl_body.hpp
-- Up-to-date: /home/ph/treasure/dockerBENCH/helios16p_ws/install/vicon_receiver/include/boost/mpl/aux_/preprocessor
-- Up-to-date: /home/ph/treasure/dockerBENCH/helios16p_ws/install/vicon_receiver/include/boost/mpl/aux_/preprocessor/ext_params.hpp
-- Up-to-date: /home/ph/treasure/dockerBENCH/helios16p_ws/install/vicon_receiver/include/boost/mpl/aux_/preprocessor/filter_params.hpp
-- Up-to-date: /home/ph/treasure/dockerBENCH/helios16p_ws/install/vicon_receiver/include/boost/mpl/aux_/preprocessor/sub.hpp
-- Up-to-date: /home/ph/treasure/dockerBENCH/helios16p_ws/install/vicon_receiver/include/boost/mpl/aux_/preprocessor/add.hpp
-- Up-to-date: /home/ph/treasure/dockerBENCH/helios16p_ws/install/vicon_receiver/include/boost/mpl/aux_/preprocessor/range.hpp
-- Up-to-date: /home/ph/treasure/dockerBENCH/helios16p_ws/install/vicon_receiver/include/boost/mpl/aux_/preprocessor/tuple.hpp
-- Up-to-date: /home/ph/treasure/dockerBENCH/helios16p_ws/install/vicon_receiver/include/boost/mpl/aux_/preprocessor/params.hpp
-- Up-to-date: /home/ph/treasure/dockerBENCH/helios16p_ws/install/vicon_receiver/include/boost/mpl/aux_/preprocessor/partial_spec_params.hpp
-- Up-to-date: /home/ph/treasure/dockerBENCH/helios16p_ws/install/vicon_receiver/include/boost/mpl/aux_/preprocessor/enum.hpp
-- Up-to-date: /home/ph/treasure/dockerBENCH/helios16p_ws/install/vicon_receiver/include/boost/mpl/aux_/preprocessor/def_params_tail.hpp
-- Up-to-date: /home/ph/treasure/dockerBENCH/helios16p_ws/install/vicon_receiver/include/boost/mpl/aux_/preprocessor/repeat.hpp
-- Up-to-date: /home/ph/treasure/dockerBENCH/helios16p_ws/install/vicon_receiver/include/boost/mpl/aux_/preprocessor/default_params.hpp
-- Up-to-date: /home/ph/treasure/dockerBENCH/helios16p_ws/install/vicon_receiver/include/boost/mpl/aux_/insert_impl.hpp
-- Up-to-date: /home/ph/treasure/dockerBENCH/helios16p_ws/install/vicon_receiver/include/boost/mpl/aux_/static_cast.hpp
-- Up-to-date: /home/ph/treasure/dockerBENCH/helios16p_ws/install/vicon_receiver/include/boost/mpl/aux_/count_args.hpp
-- Up-to-date: /home/ph/treasure/dockerBENCH/helios16p_ws/install/vicon_receiver/include/boost/mpl/aux_/largest_int.hpp
-- Up-to-date: /home/ph/treasure/dockerBENCH/helios16p_ws/install/vicon_receiver/include/boost/mpl/aux_/begin_end_impl.hpp
-- Up-to-date: /home/ph/treasure/dockerBENCH/helios16p_ws/install/vicon_receiver/include/boost/mpl/aux_/arity_spec.hpp
-- Up-to-date: /home/ph/treasure/dockerBENCH/helios16p_ws/install/vicon_receiver/include/boost/mpl/aux_/msvc_type.hpp
-- Up-to-date: /home/ph/treasure/dockerBENCH/helios16p_ws/install/vicon_receiver/include/boost/mpl/aux_/lambda_arity_param.hpp
-- Up-to-date: /home/ph/treasure/dockerBENCH/helios16p_ws/install/vicon_receiver/include/boost/mpl/aux_/size_impl.hpp
-- Up-to-date: /home/ph/treasure/dockerBENCH/helios16p_ws/install/vicon_receiver/include/boost/mpl/aux_/O1_size_impl.hpp
-- Up-to-date: /home/ph/treasure/dockerBENCH/helios16p_ws/install/vicon_receiver/include/boost/mpl/aux_/has_rebind.hpp
-- Up-to-date: /home/ph/treasure/dockerBENCH/helios16p_ws/install/vicon_receiver/include/boost/mpl/aux_/insert_range_impl.hpp
-- Up-to-date: /home/ph/treasure/dockerBENCH/helios16p_ws/install/vicon_receiver/include/boost/mpl/aux_/find_if_pred.hpp
-- Up-to-date: /home/ph/treasure/dockerBENCH/helios16p_ws/install/vicon_receiver/include/boost/mpl/aux_/clear_impl.hpp
-- Up-to-date: /home/ph/treasure/dockerBENCH/helios16p_ws/install/vicon_receiver/include/boost/mpl/aux_/pop_back_impl.hpp
-- Up-to-date: /home/ph/treasure/dockerBENCH/helios16p_ws/install/vicon_receiver/include/boost/mpl/aux_/template_arity.hpp
-- Up-to-date: /home/ph/treasure/dockerBENCH/helios16p_ws/install/vicon_receiver/include/boost/mpl/aux_/preprocessed
-- Up-to-date: /home/ph/treasure/dockerBENCH/helios16p_ws/install/vicon_receiver/include/boost/mpl/aux_/preprocessed/msvc70
-- Up-to-date: /home/ph/treasure/dockerBENCH/helios16p_ws/install/vicon_receiver/include/boost/mpl/aux_/preprocessed/msvc70/greater.hpp
-- Up-to-date: /home/ph/treasure/dockerBENCH/helios16p_ws/install/vicon_receiver/include/boost/mpl/aux_/preprocessed/msvc70/unpack_args.hpp
-- Up-to-date: /home/ph/treasure/dockerBENCH/helios16p_ws/install/vicon_receiver/include/boost/mpl/aux_/preprocessed/msvc70/greater_equal.hpp
-- Up-to-date: /home/ph/treasure/dockerBENCH/helios16p_ws/install/vicon_receiver/include/boost/mpl/aux_/preprocessed/msvc70/set_c.hpp
-- Up-to-date: /home/ph/treasure/dockerBENCH/helios16p_ws/install/vicon_receiver/include/boost/mpl/aux_/preprocessed/msvc70/inherit.hpp
-- Up-to-date: /home/ph/treasure/dockerBENCH/helios16p_ws/install/vicon_receiver/include/boost/mpl/aux_/preprocessed/msvc70/apply_fwd.hpp
-- Up-to-date: /home/ph/treasure/dockerBENCH/helios16p_ws/install/vicon_receiver/include/boost/mpl/aux_/preprocessed/msvc70/and.hpp
-- Up-to-date: /home/ph/treasure/dockerBENCH/helios16p_ws/install/vicon_receiver/include/boost/mpl/aux_/preprocessed/msvc70/map.hpp
-- Up-to-date: /home/ph/treasure/dockerBENCH/helios16p_ws/install/vicon_receiver/include/boost/mpl/aux_/preprocessed/msvc70/advance_backward.hpp
-- Up-to-date: /home/ph/treasure/dockerBENCH/helios16p_ws/install/vicon_receiver/include/boost/mpl/aux_/preprocessed/msvc70/bind.hpp
-- Up-to-date: /home/ph/treasure/dockerBENCH/helios16p_ws/install/vicon_receiver/include/boost/mpl/aux_/preprocessed/msvc70/modulus.hpp
-- Up-to-date: /home/ph/treasure/dockerBENCH/helios16p_ws/install/vicon_receiver/include/boost/mpl/aux_/preprocessed/msvc70/lambda_no_ctps.hpp
-- Up-to-date: /home/ph/treasure/dockerBENCH/helios16p_ws/install/vicon_receiver/include/boost/mpl/aux_/preprocessed/msvc70/quote.hpp
-- Up-to-date: /home/ph/treasure/dockerBENCH/helios16p_ws/install/vicon_receiver/include/boost/mpl/aux_/preprocessed/msvc70/deque.hpp
-- Up-to-date: /home/ph/treasure/dockerBENCH/helios16p_ws/install/vicon_receiver/include/boost/mpl/aux_/preprocessed/msvc70/shift_right.hpp
-- Up-to-date: /home/ph/treasure/dockerBENCH/helios16p_ws/install/vicon_receiver/include/boost/mpl/aux_/preprocessed/msvc70/basic_bind.hpp
-- Up-to-date: /home/ph/treasure/dockerBENCH/helios16p_ws/install/vicon_receiver/include/boost/mpl/aux_/preprocessed/msvc70/vector.hpp
-- Up-to-date: /home/ph/treasure/dockerBENCH/helios16p_ws/install/vicon_receiver/include/boost/mpl/aux_/preprocessed/msvc70/vector_c.hpp
-- Up-to-date: /home/ph/treasure/dockerBENCH/helios16p_ws/install/vicon_receiver/include/boost/mpl/aux_/preprocessed/msvc70/minus.hpp
-- Up-to-date: /home/ph/treasure/dockerBENCH/helios16p_ws/install/vicon_receiver/include/boost/mpl/aux_/preprocessed/msvc70/list.hpp
-- Up-to-date: /home/ph/treasure/dockerBENCH/helios16p_ws/install/vicon_receiver/include/boost/mpl/aux_/preprocessed/msvc70/bitand.hpp
-- Up-to-date: /home/ph/treasure/dockerBENCH/helios16p_ws/install/vicon_receiver/include/boost/mpl/aux_/preprocessed/msvc70/shift_left.hpp
-- Up-to-date: /home/ph/treasure/dockerBENCH/helios16p_ws/install/vicon_receiver/include/boost/mpl/aux_/preprocessed/msvc70/template_arity.hpp
-- Up-to-date: /home/ph/treasure/dockerBENCH/helios16p_ws/install/vicon_receiver/include/boost/mpl/aux_/preprocessed/msvc70/equal_to.hpp
-- Up-to-date: /home/ph/treasure/dockerBENCH/helios16p_ws/install/vicon_receiver/include/boost/mpl/aux_/preprocessed/msvc70/placeholders.hpp
-- Up-to-date: /home/ph/treasure/dockerBENCH/helios16p_ws/install/vicon_receiver/include/boost/mpl/aux_/preprocessed/msvc70/advance_forward.hpp
-- Up-to-date: /home/ph/treasure/dockerBENCH/helios16p_ws/install/vicon_receiver/include/boost/mpl/aux_/preprocessed/msvc70/apply_wrap.hpp
-- Up-to-date: /home/ph/treasure/dockerBENCH/helios16p_ws/install/vicon_receiver/include/boost/mpl/aux_/preprocessed/msvc70/or.hpp
-- Up-to-date: /home/ph/treasure/dockerBENCH/helios16p_ws/install/vicon_receiver/include/boost/mpl/aux_/preprocessed/msvc70/not_equal_to.hpp
-- Up-to-date: /home/ph/treasure/dockerBENCH/helios16p_ws/install/vicon_receiver/include/boost/mpl/aux_/preprocessed/msvc70/reverse_fold_impl.hpp
-- Up-to-date: /home/ph/treasure/dockerBENCH/helios16p_ws/install/vicon_receiver/include/boost/mpl/aux_/preprocessed/msvc70/iter_fold_if_impl.hpp
-- Up-to-date: /home/ph/treasure/dockerBENCH/helios16p_ws/install/vicon_receiver/include/boost/mpl/aux_/preprocessed/msvc70/less_equal.hpp
-- Up-to-date: /home/ph/treasure/dockerBENCH/helios16p_ws/install/vicon_receiver/include/boost/mpl/aux_/preprocessed/msvc70/times.hpp
-- Up-to-date: /home/ph/treasure/dockerBENCH/helios16p_ws/install/vicon_receiver/include/boost/mpl/aux_/preprocessed/msvc70/less.hpp
-- Up-to-date: /home/ph/treasure/dockerBENCH/helios16p_ws/install/vicon_receiver/include/boost/mpl/aux_/preprocessed/msvc70/iter_fold_impl.hpp
-- Up-to-date: /home/ph/treasure/dockerBENCH/helios16p_ws/install/vicon_receiver/include/boost/mpl/aux_/preprocessed/msvc70/full_lambda.hpp
-- Up-to-date: /home/ph/treasure/dockerBENCH/helios16p_ws/install/vicon_receiver/include/boost/mpl/aux_/preprocessed/msvc70/arg.hpp
-- Up-to-date: /home/ph/treasure/dockerBENCH/helios16p_ws/install/vicon_receiver/include/boost/mpl/aux_/preprocessed/msvc70/list_c.hpp
-- Up-to-date: /home/ph/treasure/dockerBENCH/helios16p_ws/install/vicon_receiver/include/boost/mpl/aux_/preprocessed/msvc70/bitxor.hpp
-- Up-to-date: /home/ph/treasure/dockerBENCH/helios16p_ws/install/vicon_receiver/include/boost/mpl/aux_/preprocessed/msvc70/set.hpp
-- Up-to-date: /home/ph/treasure/dockerBENCH/helios16p_ws/install/vicon_receiver/include/boost/mpl/aux_/preprocessed/msvc70/bind_fwd.hpp
-- Up-to-date: /home/ph/treasure/dockerBENCH/helios16p_ws/install/vicon_receiver/include/boost/mpl/aux_/preprocessed/msvc70/reverse_iter_fold_impl.hpp
-- Up-to-date: /home/ph/treasure/dockerBENCH/helios16p_ws/install/vicon_receiver/include/boost/mpl/aux_/preprocessed/msvc70/divides.hpp
-- Up-to-date: /home/ph/treasure/dockerBENCH/helios16p_ws/install/vicon_receiver/include/boost/mpl/aux_/preprocessed/msvc70/fold_impl.hpp
-- Up-to-date: /home/ph/treasure/dockerBENCH/helios16p_ws/install/vicon_receiver/include/boost/mpl/aux_/preprocessed/msvc70/apply.hpp
-- Up-to-date: /home/ph/treasure/dockerBENCH/helios16p_ws/install/vicon_receiver/include/boost/mpl/aux_/preprocessed/msvc70/plus.hpp
-- Up-to-date: /home/ph/treasure/dockerBENCH/helios16p_ws/install/vicon_receiver/include/boost/mpl/aux_/preprocessed/msvc70/bitor.hpp
-- Up-to-date: /home/ph/treasure/dockerBENCH/helios16p_ws/install/vicon_receiver/include/boost/mpl/aux_/preprocessed/mwcw
-- Up-to-date: /home/ph/treasure/dockerBENCH/helios16p_ws/install/vicon_receiver/include/boost/mpl/aux_/preprocessed/mwcw/greater.hpp
-- Up-to-date: /home/ph/treasure/dockerBENCH/helios16p_ws/install/vicon_receiver/include/boost/mpl/aux_/preprocessed/mwcw/unpack_args.hpp
-- Up-to-date: /home/ph/treasure/dockerBENCH/helios16p_ws/install/vicon_receiver/include/boost/mpl/aux_/preprocessed/mwcw/greater_equal.hpp
-- Up-to-date: /home/ph/treasure/dockerBENCH/helios16p_ws/install/vicon_receiver/include/boost/mpl/aux_/preprocessed/mwcw/set_c.hpp
-- Up-to-date: /home/ph/treasure/dockerBENCH/helios16p_ws/install/vicon_receiver/include/boost/mpl/aux_/preprocessed/mwcw/inherit.hpp
-- Up-to-date: /home/ph/treasure/dockerBENCH/helios16p_ws/install/vicon_receiver/include/boost/mpl/aux_/preprocessed/mwcw/apply_fwd.hpp
-- Up-to-date: /home/ph/treasure/dockerBENCH/helios16p_ws/install/vicon_receiver/include/boost/mpl/aux_/preprocessed/mwcw/and.hpp
-- Up-to-date: /home/ph/treasure/dockerBENCH/helios16p_ws/install/vicon_receiver/include/boost/mpl/aux_/preprocessed/mwcw/map.hpp
-- Up-to-date: /home/ph/treasure/dockerBENCH/helios16p_ws/install/vicon_receiver/include/boost/mpl/aux_/preprocessed/mwcw/advance_backward.hpp
-- Up-to-date: /home/ph/treasure/dockerBENCH/helios16p_ws/install/vicon_receiver/include/boost/mpl/aux_/preprocessed/mwcw/bind.hpp
-- Up-to-date: /home/ph/treasure/dockerBENCH/helios16p_ws/install/vicon_receiver/include/boost/mpl/aux_/preprocessed/mwcw/modulus.hpp
-- Up-to-date: /home/ph/treasure/dockerBENCH/helios16p_ws/install/vicon_receiver/include/boost/mpl/aux_/preprocessed/mwcw/lambda_no_ctps.hpp
-- Up-to-date: /home/ph/treasure/dockerBENCH/helios16p_ws/install/vicon_receiver/include/boost/mpl/aux_/preprocessed/mwcw/quote.hpp
-- Up-to-date: /home/ph/treasure/dockerBENCH/helios16p_ws/install/vicon_receiver/include/boost/mpl/aux_/preprocessed/mwcw/deque.hpp
-- Up-to-date: /home/ph/treasure/dockerBENCH/helios16p_ws/install/vicon_receiver/include/boost/mpl/aux_/preprocessed/mwcw/shift_right.hpp
-- Up-to-date: /home/ph/treasure/dockerBENCH/helios16p_ws/install/vicon_receiver/include/boost/mpl/aux_/preprocessed/mwcw/basic_bind.hpp
-- Up-to-date: /home/ph/treasure/dockerBENCH/helios16p_ws/install/vicon_receiver/include/boost/mpl/aux_/preprocessed/mwcw/vector.hpp
-- Up-to-date: /home/ph/treasure/dockerBENCH/helios16p_ws/install/vicon_receiver/include/boost/mpl/aux_/preprocessed/mwcw/vector_c.hpp
-- Up-to-date: /home/ph/treasure/dockerBENCH/helios16p_ws/install/vicon_receiver/include/boost/mpl/aux_/preprocessed/mwcw/minus.hpp
-- Up-to-date: /home/ph/treasure/dockerBENCH/helios16p_ws/install/vicon_receiver/include/boost/mpl/aux_/preprocessed/mwcw/list.hpp
-- Up-to-date: /home/ph/treasure/dockerBENCH/helios16p_ws/install/vicon_receiver/include/boost/mpl/aux_/preprocessed/mwcw/bitand.hpp
-- Up-to-date: /home/ph/treasure/dockerBENCH/helios16p_ws/install/vicon_receiver/include/boost/mpl/aux_/preprocessed/mwcw/shift_left.hpp
-- Up-to-date: /home/ph/treasure/dockerBENCH/helios16p_ws/install/vicon_receiver/include/boost/mpl/aux_/preprocessed/mwcw/template_arity.hpp
-- Up-to-date: /home/ph/treasure/dockerBENCH/helios16p_ws/install/vicon_receiver/include/boost/mpl/aux_/preprocessed/mwcw/equal_to.hpp
-- Up-to-date: /home/ph/treasure/dockerBENCH/helios16p_ws/install/vicon_receiver/include/boost/mpl/aux_/preprocessed/mwcw/placeholders.hpp
-- Up-to-date: /home/ph/treasure/dockerBENCH/helios16p_ws/install/vicon_receiver/include/boost/mpl/aux_/preprocessed/mwcw/advance_forward.hpp
-- Up-to-date: /home/ph/treasure/dockerBENCH/helios16p_ws/install/vicon_receiver/include/boost/mpl/aux_/preprocessed/mwcw/apply_wrap.hpp
-- Up-to-date: /home/ph/treasure/dockerBENCH/helios16p_ws/install/vicon_receiver/include/boost/mpl/aux_/preprocessed/mwcw/or.hpp
-- Up-to-date: /home/ph/treasure/dockerBENCH/helios16p_ws/install/vicon_receiver/include/boost/mpl/aux_/preprocessed/mwcw/not_equal_to.hpp
-- Up-to-date: /home/ph/treasure/dockerBENCH/helios16p_ws/install/vicon_receiver/include/boost/mpl/aux_/preprocessed/mwcw/reverse_fold_impl.hpp
-- Up-to-date: /home/ph/treasure/dockerBENCH/helios16p_ws/install/vicon_receiver/include/boost/mpl/aux_/preprocessed/mwcw/iter_fold_if_impl.hpp
-- Up-to-date: /home/ph/treasure/dockerBENCH/helios16p_ws/install/vicon_receiver/include/boost/mpl/aux_/preprocessed/mwcw/less_equal.hpp
-- Up-to-date: /home/ph/treasure/dockerBENCH/helios16p_ws/install/vicon_receiver/include/boost/mpl/aux_/preprocessed/mwcw/times.hpp
-- Up-to-date: /home/ph/treasure/dockerBENCH/helios16p_ws/install/vicon_receiver/include/boost/mpl/aux_/preprocessed/mwcw/less.hpp
-- Up-to-date: /home/ph/treasure/dockerBENCH/helios16p_ws/install/vicon_receiver/include/boost/mpl/aux_/preprocessed/mwcw/iter_fold_impl.hpp
-- Up-to-date: /home/ph/treasure/dockerBENCH/helios16p_ws/install/vicon_receiver/include/boost/mpl/aux_/preprocessed/mwcw/full_lambda.hpp
-- Up-to-date: /home/ph/treasure/dockerBENCH/helios16p_ws/install/vicon_receiver/include/boost/mpl/aux_/preprocessed/mwcw/arg.hpp
-- Up-to-date: /home/ph/treasure/dockerBENCH/helios16p_ws/install/vicon_receiver/include/boost/mpl/aux_/preprocessed/mwcw/list_c.hpp
-- Up-to-date: /home/ph/treasure/dockerBENCH/helios16p_ws/install/vicon_receiver/include/boost/mpl/aux_/preprocessed/mwcw/bitxor.hpp
-- Up-to-date: /home/ph/treasure/dockerBENCH/helios16p_ws/install/vicon_receiver/include/boost/mpl/aux_/preprocessed/mwcw/set.hpp
-- Up-to-date: /home/ph/treasure/dockerBENCH/helios16p_ws/install/vicon_receiver/include/boost/mpl/aux_/preprocessed/mwcw/bind_fwd.hpp
-- Up-to-date: /home/ph/treasure/dockerBENCH/helios16p_ws/install/vicon_receiver/include/boost/mpl/aux_/preprocessed/mwcw/reverse_iter_fold_impl.hpp
-- Up-to-date: /home/ph/treasure/dockerBENCH/helios16p_ws/install/vicon_receiver/include/boost/mpl/aux_/preprocessed/mwcw/divides.hpp
-- Up-to-date: /home/ph/treasure/dockerBENCH/helios16p_ws/install/vicon_receiver/include/boost/mpl/aux_/preprocessed/mwcw/fold_impl.hpp
-- Up-to-date: /home/ph/treasure/dockerBENCH/helios16p_ws/install/vicon_receiver/include/boost/mpl/aux_/preprocessed/mwcw/apply.hpp
-- Up-to-date: /home/ph/treasure/dockerBENCH/helios16p_ws/install/vicon_receiver/include/boost/mpl/aux_/preprocessed/mwcw/plus.hpp
-- Up-to-date: /home/ph/treasure/dockerBENCH/helios16p_ws/install/vicon_receiver/include/boost/mpl/aux_/preprocessed/mwcw/bitor.hpp
-- Up-to-date: /home/ph/treasure/dockerBENCH/helios16p_ws/install/vicon_receiver/include/boost/mpl/aux_/preprocessed/no_ttp
-- Up-to-date: /home/ph/treasure/dockerBENCH/helios16p_ws/install/vicon_receiver/include/boost/mpl/aux_/preprocessed/no_ttp/greater.hpp
-- Up-to-date: /home/ph/treasure/dockerBENCH/helios16p_ws/install/vicon_receiver/include/boost/mpl/aux_/preprocessed/no_ttp/unpack_args.hpp
-- Up-to-date: /home/ph/treasure/dockerBENCH/helios16p_ws/install/vicon_receiver/include/boost/mpl/aux_/preprocessed/no_ttp/greater_equal.hpp
-- Up-to-date: /home/ph/treasure/dockerBENCH/helios16p_ws/install/vicon_receiver/include/boost/mpl/aux_/preprocessed/no_ttp/set_c.hpp
-- Up-to-date: /home/ph/treasure/dockerBENCH/helios16p_ws/install/vicon_receiver/include/boost/mpl/aux_/preprocessed/no_ttp/inherit.hpp
-- Up-to-date: /home/ph/treasure/dockerBENCH/helios16p_ws/install/vicon_receiver/include/boost/mpl/aux_/preprocessed/no_ttp/apply_fwd.hpp
-- Up-to-date: /home/ph/treasure/dockerBENCH/helios16p_ws/install/vicon_receiver/include/boost/mpl/aux_/preprocessed/no_ttp/and.hpp
-- Up-to-date: /home/ph/treasure/dockerBENCH/helios16p_ws/install/vicon_receiver/include/boost/mpl/aux_/preprocessed/no_ttp/map.hpp
-- Up-to-date: /home/ph/treasure/dockerBENCH/helios16p_ws/install/vicon_receiver/include/boost/mpl/aux_/preprocessed/no_ttp/advance_backward.hpp
-- Up-to-date: /home/ph/treasure/dockerBENCH/helios16p_ws/install/vicon_receiver/include/boost/mpl/aux_/preprocessed/no_ttp/bind.hpp
-- Up-to-date: /home/ph/treasure/dockerBENCH/helios16p_ws/install/vicon_receiver/include/boost/mpl/aux_/preprocessed/no_ttp/modulus.hpp
-- Up-to-date: /home/ph/treasure/dockerBENCH/helios16p_ws/install/vicon_receiver/include/boost/mpl/aux_/preprocessed/no_ttp/lambda_no_ctps.hpp
-- Up-to-date: /home/ph/treasure/dockerBENCH/helios16p_ws/install/vicon_receiver/include/boost/mpl/aux_/preprocessed/no_ttp/quote.hpp
-- Up-to-date: /home/ph/treasure/dockerBENCH/helios16p_ws/install/vicon_receiver/include/boost/mpl/aux_/preprocessed/no_ttp/deque.hpp
-- Up-to-date: /home/ph/treasure/dockerBENCH/helios16p_ws/install/vicon_receiver/include/boost/mpl/aux_/preprocessed/no_ttp/shift_right.hpp
-- Up-to-date: /home/ph/treasure/dockerBENCH/helios16p_ws/install/vicon_receiver/include/boost/mpl/aux_/preprocessed/no_ttp/basic_bind.hpp
-- Up-to-date: /home/ph/treasure/dockerBENCH/helios16p_ws/install/vicon_receiver/include/boost/mpl/aux_/preprocessed/no_ttp/vector.hpp
-- Up-to-date: /home/ph/treasure/dockerBENCH/helios16p_ws/install/vicon_receiver/include/boost/mpl/aux_/preprocessed/no_ttp/vector_c.hpp
-- Up-to-date: /home/ph/treasure/dockerBENCH/helios16p_ws/install/vicon_receiver/include/boost/mpl/aux_/preprocessed/no_ttp/minus.hpp
-- Up-to-date: /home/ph/treasure/dockerBENCH/helios16p_ws/install/vicon_receiver/include/boost/mpl/aux_/preprocessed/no_ttp/list.hpp
-- Up-to-date: /home/ph/treasure/dockerBENCH/helios16p_ws/install/vicon_receiver/include/boost/mpl/aux_/preprocessed/no_ttp/bitand.hpp
-- Up-to-date: /home/ph/treasure/dockerBENCH/helios16p_ws/install/vicon_receiver/include/boost/mpl/aux_/preprocessed/no_ttp/shift_left.hpp
-- Up-to-date: /home/ph/treasure/dockerBENCH/helios16p_ws/install/vicon_receiver/include/boost/mpl/aux_/preprocessed/no_ttp/template_arity.hpp
-- Up-to-date: /home/ph/treasure/dockerBENCH/helios16p_ws/install/vicon_receiver/include/boost/mpl/aux_/preprocessed/no_ttp/equal_to.hpp
-- Up-to-date: /home/ph/treasure/dockerBENCH/helios16p_ws/install/vicon_receiver/include/boost/mpl/aux_/preprocessed/no_ttp/placeholders.hpp
-- Up-to-date: /home/ph/treasure/dockerBENCH/helios16p_ws/install/vicon_receiver/include/boost/mpl/aux_/preprocessed/no_ttp/advance_forward.hpp
-- Up-to-date: /home/ph/treasure/dockerBENCH/helios16p_ws/install/vicon_receiver/include/boost/mpl/aux_/preprocessed/no_ttp/apply_wrap.hpp
-- Up-to-date: /home/ph/treasure/dockerBENCH/helios16p_ws/install/vicon_receiver/include/boost/mpl/aux_/preprocessed/no_ttp/or.hpp
-- Up-to-date: /home/ph/treasure/dockerBENCH/helios16p_ws/install/vicon_receiver/include/boost/mpl/aux_/preprocessed/no_ttp/not_equal_to.hpp
-- Up-to-date: /home/ph/treasure/dockerBENCH/helios16p_ws/install/vicon_receiver/include/boost/mpl/aux_/preprocessed/no_ttp/reverse_fold_impl.hpp
-- Up-to-date: /home/ph/treasure/dockerBENCH/helios16p_ws/install/vicon_receiver/include/boost/mpl/aux_/preprocessed/no_ttp/iter_fold_if_impl.hpp
-- Up-to-date: /home/ph/treasure/dockerBENCH/helios16p_ws/install/vicon_receiver/include/boost/mpl/aux_/preprocessed/no_ttp/less_equal.hpp
-- Up-to-date: /home/ph/treasure/dockerBENCH/helios16p_ws/install/vicon_receiver/include/boost/mpl/aux_/preprocessed/no_ttp/times.hpp
-- Up-to-date: /home/ph/treasure/dockerBENCH/helios16p_ws/install/vicon_receiver/include/boost/mpl/aux_/preprocessed/no_ttp/less.hpp
-- Up-to-date: /home/ph/treasure/dockerBENCH/helios16p_ws/install/vicon_receiver/include/boost/mpl/aux_/preprocessed/no_ttp/iter_fold_impl.hpp
-- Up-to-date: /home/ph/treasure/dockerBENCH/helios16p_ws/install/vicon_receiver/include/boost/mpl/aux_/preprocessed/no_ttp/full_lambda.hpp
-- Up-to-date: /home/ph/treasure/dockerBENCH/helios16p_ws/install/vicon_receiver/include/boost/mpl/aux_/preprocessed/no_ttp/arg.hpp
-- Up-to-date: /home/ph/treasure/dockerBENCH/helios16p_ws/install/vicon_receiver/include/boost/mpl/aux_/preprocessed/no_ttp/list_c.hpp
-- Up-to-date: /home/ph/treasure/dockerBENCH/helios16p_ws/install/vicon_receiver/include/boost/mpl/aux_/preprocessed/no_ttp/bitxor.hpp
-- Up-to-date: /home/ph/treasure/dockerBENCH/helios16p_ws/install/vicon_receiver/include/boost/mpl/aux_/preprocessed/no_ttp/set.hpp
-- Up-to-date: /home/ph/treasure/dockerBENCH/helios16p_ws/install/vicon_receiver/include/boost/mpl/aux_/preprocessed/no_ttp/bind_fwd.hpp
-- Up-to-date: /home/ph/treasure/dockerBENCH/helios16p_ws/install/vicon_receiver/include/boost/mpl/aux_/preprocessed/no_ttp/reverse_iter_fold_impl.hpp
-- Up-to-date: /home/ph/treasure/dockerBENCH/helios16p_ws/install/vicon_receiver/include/boost/mpl/aux_/preprocessed/no_ttp/divides.hpp
-- Up-to-date: /home/ph/treasure/dockerBENCH/helios16p_ws/install/vicon_receiver/include/boost/mpl/aux_/preprocessed/no_ttp/fold_impl.hpp
-- Up-to-date: /home/ph/treasure/dockerBENCH/helios16p_ws/install/vicon_receiver/include/boost/mpl/aux_/preprocessed/no_ttp/apply.hpp
-- Up-to-date: /home/ph/treasure/dockerBENCH/helios16p_ws/install/vicon_receiver/include/boost/mpl/aux_/preprocessed/no_ttp/plus.hpp
-- Up-to-date: /home/ph/treasure/dockerBENCH/helios16p_ws/install/vicon_receiver/include/boost/mpl/aux_/preprocessed/no_ttp/bitor.hpp
-- Up-to-date: /home/ph/treasure/dockerBENCH/helios16p_ws/install/vicon_receiver/include/boost/mpl/aux_/preprocessed/gcc
-- Up-to-date: /home/ph/treasure/dockerBENCH/helios16p_ws/install/vicon_receiver/include/boost/mpl/aux_/preprocessed/gcc/greater.hpp
-- Up-to-date: /home/ph/treasure/dockerBENCH/helios16p_ws/install/vicon_receiver/include/boost/mpl/aux_/preprocessed/gcc/unpack_args.hpp
-- Up-to-date: /home/ph/treasure/dockerBENCH/helios16p_ws/install/vicon_receiver/include/boost/mpl/aux_/preprocessed/gcc/greater_equal.hpp
-- Up-to-date: /home/ph/treasure/dockerBENCH/helios16p_ws/install/vicon_receiver/include/boost/mpl/aux_/preprocessed/gcc/set_c.hpp
-- Up-to-date: /home/ph/treasure/dockerBENCH/helios16p_ws/install/vicon_receiver/include/boost/mpl/aux_/preprocessed/gcc/inherit.hpp
-- Up-to-date: /home/ph/treasure/dockerBENCH/helios16p_ws/install/vicon_receiver/include/boost/mpl/aux_/preprocessed/gcc/apply_fwd.hpp
-- Up-to-date: /home/ph/treasure/dockerBENCH/helios16p_ws/install/vicon_receiver/include/boost/mpl/aux_/preprocessed/gcc/and.hpp
-- Up-to-date: /home/ph/treasure/dockerBENCH/helios16p_ws/install/vicon_receiver/include/boost/mpl/aux_/preprocessed/gcc/map.hpp
-- Up-to-date: /home/ph/treasure/dockerBENCH/helios16p_ws/install/vicon_receiver/include/boost/mpl/aux_/preprocessed/gcc/advance_backward.hpp
-- Up-to-date: /home/ph/treasure/dockerBENCH/helios16p_ws/install/vicon_receiver/include/boost/mpl/aux_/preprocessed/gcc/bind.hpp
-- Up-to-date: /home/ph/treasure/dockerBENCH/helios16p_ws/install/vicon_receiver/include/boost/mpl/aux_/preprocessed/gcc/modulus.hpp
-- Up-to-date: /home/ph/treasure/dockerBENCH/helios16p_ws/install/vicon_receiver/include/boost/mpl/aux_/preprocessed/gcc/lambda_no_ctps.hpp
-- Up-to-date: /home/ph/treasure/dockerBENCH/helios16p_ws/install/vicon_receiver/include/boost/mpl/aux_/preprocessed/gcc/quote.hpp
-- Up-to-date: /home/ph/treasure/dockerBENCH/helios16p_ws/install/vicon_receiver/include/boost/mpl/aux_/preprocessed/gcc/deque.hpp
-- Up-to-date: /home/ph/treasure/dockerBENCH/helios16p_ws/install/vicon_receiver/include/boost/mpl/aux_/preprocessed/gcc/shift_right.hpp
-- Up-to-date: /home/ph/treasure/dockerBENCH/helios16p_ws/install/vicon_receiver/include/boost/mpl/aux_/preprocessed/gcc/basic_bind.hpp
-- Up-to-date: /home/ph/treasure/dockerBENCH/helios16p_ws/install/vicon_receiver/include/boost/mpl/aux_/preprocessed/gcc/vector.hpp
-- Up-to-date: /home/ph/treasure/dockerBENCH/helios16p_ws/install/vicon_receiver/include/boost/mpl/aux_/preprocessed/gcc/vector_c.hpp
-- Up-to-date: /home/ph/treasure/dockerBENCH/helios16p_ws/install/vicon_receiver/include/boost/mpl/aux_/preprocessed/gcc/minus.hpp
-- Up-to-date: /home/ph/treasure/dockerBENCH/helios16p_ws/install/vicon_receiver/include/boost/mpl/aux_/preprocessed/gcc/list.hpp
-- Up-to-date: /home/ph/treasure/dockerBENCH/helios16p_ws/install/vicon_receiver/include/boost/mpl/aux_/preprocessed/gcc/bitand.hpp
-- Up-to-date: /home/ph/treasure/dockerBENCH/helios16p_ws/install/vicon_receiver/include/boost/mpl/aux_/preprocessed/gcc/shift_left.hpp
-- Up-to-date: /home/ph/treasure/dockerBENCH/helios16p_ws/install/vicon_receiver/include/boost/mpl/aux_/preprocessed/gcc/template_arity.hpp
-- Up-to-date: /home/ph/treasure/dockerBENCH/helios16p_ws/install/vicon_receiver/include/boost/mpl/aux_/preprocessed/gcc/equal_to.hpp
-- Up-to-date: /home/ph/treasure/dockerBENCH/helios16p_ws/install/vicon_receiver/include/boost/mpl/aux_/preprocessed/gcc/placeholders.hpp
-- Up-to-date: /home/ph/treasure/dockerBENCH/helios16p_ws/install/vicon_receiver/include/boost/mpl/aux_/preprocessed/gcc/advance_forward.hpp
-- Up-to-date: /home/ph/treasure/dockerBENCH/helios16p_ws/install/vicon_receiver/include/boost/mpl/aux_/preprocessed/gcc/apply_wrap.hpp
-- Up-to-date: /home/ph/treasure/dockerBENCH/helios16p_ws/install/vicon_receiver/include/boost/mpl/aux_/preprocessed/gcc/or.hpp
-- Up-to-date: /home/ph/treasure/dockerBENCH/helios16p_ws/install/vicon_receiver/include/boost/mpl/aux_/preprocessed/gcc/not_equal_to.hpp
-- Up-to-date: /home/ph/treasure/dockerBENCH/helios16p_ws/install/vicon_receiver/include/boost/mpl/aux_/preprocessed/gcc/reverse_fold_impl.hpp
-- Up-to-date: /home/ph/treasure/dockerBENCH/helios16p_ws/install/vicon_receiver/include/boost/mpl/aux_/preprocessed/gcc/iter_fold_if_impl.hpp
-- Up-to-date: /home/ph/treasure/dockerBENCH/helios16p_ws/install/vicon_receiver/include/boost/mpl/aux_/preprocessed/gcc/less_equal.hpp
-- Up-to-date: /home/ph/treasure/dockerBENCH/helios16p_ws/install/vicon_receiver/include/boost/mpl/aux_/preprocessed/gcc/times.hpp
-- Up-to-date: /home/ph/treasure/dockerBENCH/helios16p_ws/install/vicon_receiver/include/boost/mpl/aux_/preprocessed/gcc/less.hpp
-- Up-to-date: /home/ph/treasure/dockerBENCH/helios16p_ws/install/vicon_receiver/include/boost/mpl/aux_/preprocessed/gcc/iter_fold_impl.hpp
-- Up-to-date: /home/ph/treasure/dockerBENCH/helios16p_ws/install/vicon_receiver/include/boost/mpl/aux_/preprocessed/gcc/full_lambda.hpp
-- Up-to-date: /home/ph/treasure/dockerBENCH/helios16p_ws/install/vicon_receiver/include/boost/mpl/aux_/preprocessed/gcc/arg.hpp
-- Up-to-date: /home/ph/treasure/dockerBENCH/helios16p_ws/install/vicon_receiver/include/boost/mpl/aux_/preprocessed/gcc/list_c.hpp
-- Up-to-date: /home/ph/treasure/dockerBENCH/helios16p_ws/install/vicon_receiver/include/boost/mpl/aux_/preprocessed/gcc/bitxor.hpp
-- Up-to-date: /home/ph/treasure/dockerBENCH/helios16p_ws/install/vicon_receiver/include/boost/mpl/aux_/preprocessed/gcc/set.hpp
-- Up-to-date: /home/ph/treasure/dockerBENCH/helios16p_ws/install/vicon_receiver/include/boost/mpl/aux_/preprocessed/gcc/bind_fwd.hpp
-- Up-to-date: /home/ph/treasure/dockerBENCH/helios16p_ws/install/vicon_receiver/include/boost/mpl/aux_/preprocessed/gcc/reverse_iter_fold_impl.hpp
-- Up-to-date: /home/ph/treasure/dockerBENCH/helios16p_ws/install/vicon_receiver/include/boost/mpl/aux_/preprocessed/gcc/divides.hpp
-- Up-to-date: /home/ph/treasure/dockerBENCH/helios16p_ws/install/vicon_receiver/include/boost/mpl/aux_/preprocessed/gcc/fold_impl.hpp
-- Up-to-date: /home/ph/treasure/dockerBENCH/helios16p_ws/install/vicon_receiver/include/boost/mpl/aux_/preprocessed/gcc/apply.hpp
-- Up-to-date: /home/ph/treasure/dockerBENCH/helios16p_ws/install/vicon_receiver/include/boost/mpl/aux_/preprocessed/gcc/plus.hpp
-- Up-to-date: /home/ph/treasure/dockerBENCH/helios16p_ws/install/vicon_receiver/include/boost/mpl/aux_/preprocessed/gcc/bitor.hpp
-- Up-to-date: /home/ph/treasure/dockerBENCH/helios16p_ws/install/vicon_receiver/include/boost/mpl/aux_/preprocessed/bcc551
-- Up-to-date: /home/ph/treasure/dockerBENCH/helios16p_ws/install/vicon_receiver/include/boost/mpl/aux_/preprocessed/bcc551/greater.hpp
-- Up-to-date: /home/ph/treasure/dockerBENCH/helios16p_ws/install/vicon_receiver/include/boost/mpl/aux_/preprocessed/bcc551/unpack_args.hpp
-- Up-to-date: /home/ph/treasure/dockerBENCH/helios16p_ws/install/vicon_receiver/include/boost/mpl/aux_/preprocessed/bcc551/greater_equal.hpp
-- Up-to-date: /home/ph/treasure/dockerBENCH/helios16p_ws/install/vicon_receiver/include/boost/mpl/aux_/preprocessed/bcc551/set_c.hpp
-- Up-to-date: /home/ph/treasure/dockerBENCH/helios16p_ws/install/vicon_receiver/include/boost/mpl/aux_/preprocessed/bcc551/inherit.hpp
-- Up-to-date: /home/ph/treasure/dockerBENCH/helios16p_ws/install/vicon_receiver/include/boost/mpl/aux_/preprocessed/bcc551/apply_fwd.hpp
-- Up-to-date: /home/ph/treasure/dockerBENCH/helios16p_ws/install/vicon_receiver/include/boost/mpl/aux_/preprocessed/bcc551/and.hpp
-- Up-to-date: /home/ph/treasure/dockerBENCH/helios16p_ws/install/vicon_receiver/include/boost/mpl/aux_/preprocessed/bcc551/map.hpp
-- Up-to-date: /home/ph/treasure/dockerBENCH/helios16p_ws/install/vicon_receiver/include/boost/mpl/aux_/preprocessed/bcc551/advance_backward.hpp
-- Up-to-date: /home/ph/treasure/dockerBENCH/helios16p_ws/install/vicon_receiver/include/boost/mpl/aux_/preprocessed/bcc551/bind.hpp
-- Up-to-date: /home/ph/treasure/dockerBENCH/helios16p_ws/install/vicon_receiver/include/boost/mpl/aux_/preprocessed/bcc551/modulus.hpp
-- Up-to-date: /home/ph/treasure/dockerBENCH/helios16p_ws/install/vicon_receiver/include/boost/mpl/aux_/preprocessed/bcc551/lambda_no_ctps.hpp
-- Up-to-date: /home/ph/treasure/dockerBENCH/helios16p_ws/install/vicon_receiver/include/boost/mpl/aux_/preprocessed/bcc551/quote.hpp
-- Up-to-date: /home/ph/treasure/dockerBENCH/helios16p_ws/install/vicon_receiver/include/boost/mpl/aux_/preprocessed/bcc551/deque.hpp
-- Up-to-date: /home/ph/treasure/dockerBENCH/helios16p_ws/install/vicon_receiver/include/boost/mpl/aux_/preprocessed/bcc551/shift_right.hpp
-- Up-to-date: /home/ph/treasure/dockerBENCH/helios16p_ws/install/vicon_receiver/include/boost/mpl/aux_/preprocessed/bcc551/basic_bind.hpp
-- Up-to-date: /home/ph/treasure/dockerBENCH/helios16p_ws/install/vicon_receiver/include/boost/mpl/aux_/preprocessed/bcc551/vector.hpp
-- Up-to-date: /home/ph/treasure/dockerBENCH/helios16p_ws/install/vicon_receiver/include/boost/mpl/aux_/preprocessed/bcc551/vector_c.hpp
-- Up-to-date: /home/ph/treasure/dockerBENCH/helios16p_ws/install/vicon_receiver/include/boost/mpl/aux_/preprocessed/bcc551/minus.hpp
-- Up-to-date: /home/ph/treasure/dockerBENCH/helios16p_ws/install/vicon_receiver/include/boost/mpl/aux_/preprocessed/bcc551/list.hpp
-- Up-to-date: /home/ph/treasure/dockerBENCH/helios16p_ws/install/vicon_receiver/include/boost/mpl/aux_/preprocessed/bcc551/bitand.hpp
-- Up-to-date: /home/ph/treasure/dockerBENCH/helios16p_ws/install/vicon_receiver/include/boost/mpl/aux_/preprocessed/bcc551/shift_left.hpp
-- Up-to-date: /home/ph/treasure/dockerBENCH/helios16p_ws/install/vicon_receiver/include/boost/mpl/aux_/preprocessed/bcc551/template_arity.hpp
-- Up-to-date: /home/ph/treasure/dockerBENCH/helios16p_ws/install/vicon_receiver/include/boost/mpl/aux_/preprocessed/bcc551/equal_to.hpp
-- Up-to-date: /home/ph/treasure/dockerBENCH/helios16p_ws/install/vicon_receiver/include/boost/mpl/aux_/preprocessed/bcc551/placeholders.hpp
-- Up-to-date: /home/ph/treasure/dockerBENCH/helios16p_ws/install/vicon_receiver/include/boost/mpl/aux_/preprocessed/bcc551/advance_forward.hpp
-- Up-to-date: /home/ph/treasure/dockerBENCH/helios16p_ws/install/vicon_receiver/include/boost/mpl/aux_/preprocessed/bcc551/apply_wrap.hpp
-- Up-to-date: /home/ph/treasure/dockerBENCH/helios16p_ws/install/vicon_receiver/include/boost/mpl/aux_/preprocessed/bcc551/or.hpp
-- Up-to-date: /home/ph/treasure/dockerBENCH/helios16p_ws/install/vicon_receiver/include/boost/mpl/aux_/preprocessed/bcc551/not_equal_to.hpp
-- Up-to-date: /home/ph/treasure/dockerBENCH/helios16p_ws/install/vicon_receiver/include/boost/mpl/aux_/preprocessed/bcc551/reverse_fold_impl.hpp
-- Up-to-date: /home/ph/treasure/dockerBENCH/helios16p_ws/install/vicon_receiver/include/boost/mpl/aux_/preprocessed/bcc551/iter_fold_if_impl.hpp
-- Up-to-date: /home/ph/treasure/dockerBENCH/helios16p_ws/install/vicon_receiver/include/boost/mpl/aux_/preprocessed/bcc551/less_equal.hpp
-- Up-to-date: /home/ph/treasure/dockerBENCH/helios16p_ws/install/vicon_receiver/include/boost/mpl/aux_/preprocessed/bcc551/times.hpp
-- Up-to-date: /home/ph/treasure/dockerBENCH/helios16p_ws/install/vicon_receiver/include/boost/mpl/aux_/preprocessed/bcc551/less.hpp
-- Up-to-date: /home/ph/treasure/dockerBENCH/helios16p_ws/install/vicon_receiver/include/boost/mpl/aux_/preprocessed/bcc551/iter_fold_impl.hpp
-- Up-to-date: /home/ph/treasure/dockerBENCH/helios16p_ws/install/vicon_receiver/include/boost/mpl/aux_/preprocessed/bcc551/full_lambda.hpp
-- Up-to-date: /home/ph/treasure/dockerBENCH/helios16p_ws/install/vicon_receiver/include/boost/mpl/aux_/preprocessed/bcc551/arg.hpp
-- Up-to-date: /home/ph/treasure/dockerBENCH/helios16p_ws/install/vicon_receiver/include/boost/mpl/aux_/preprocessed/bcc551/list_c.hpp
-- Up-to-date: /home/ph/treasure/dockerBENCH/helios16p_ws/install/vicon_receiver/include/boost/mpl/aux_/preprocessed/bcc551/bitxor.hpp
-- Up-to-date: /home/ph/treasure/dockerBENCH/helios16p_ws/install/vicon_receiver/include/boost/mpl/aux_/preprocessed/bcc551/set.hpp
-- Up-to-date: /home/ph/treasure/dockerBENCH/helios16p_ws/install/vicon_receiver/include/boost/mpl/aux_/preprocessed/bcc551/bind_fwd.hpp
-- Up-to-date: /home/ph/treasure/dockerBENCH/helios16p_ws/install/vicon_receiver/include/boost/mpl/aux_/preprocessed/bcc551/reverse_iter_fold_impl.hpp
-- Up-to-date: /home/ph/treasure/dockerBENCH/helios16p_ws/install/vicon_receiver/include/boost/mpl/aux_/preprocessed/bcc551/divides.hpp
-- Up-to-date: /home/ph/treasure/dockerBENCH/helios16p_ws/install/vicon_receiver/include/boost/mpl/aux_/preprocessed/bcc551/fold_impl.hpp
-- Up-to-date: /home/ph/treasure/dockerBENCH/helios16p_ws/install/vicon_receiver/include/boost/mpl/aux_/preprocessed/bcc551/apply.hpp
-- Up-to-date: /home/ph/treasure/dockerBENCH/helios16p_ws/install/vicon_receiver/include/boost/mpl/aux_/preprocessed/bcc551/plus.hpp
-- Up-to-date: /home/ph/treasure/dockerBENCH/helios16p_ws/install/vicon_receiver/include/boost/mpl/aux_/preprocessed/bcc551/bitor.hpp
-- Up-to-date: /home/ph/treasure/dockerBENCH/helios16p_ws/install/vicon_receiver/include/boost/mpl/aux_/preprocessed/plain
-- Up-to-date: /home/ph/treasure/dockerBENCH/helios16p_ws/install/vicon_receiver/include/boost/mpl/aux_/preprocessed/plain/greater.hpp
-- Up-to-date: /home/ph/treasure/dockerBENCH/helios16p_ws/install/vicon_receiver/include/boost/mpl/aux_/preprocessed/plain/unpack_args.hpp
-- Up-to-date: /home/ph/treasure/dockerBENCH/helios16p_ws/install/vicon_receiver/include/boost/mpl/aux_/preprocessed/plain/greater_equal.hpp
-- Up-to-date: /home/ph/treasure/dockerBENCH/helios16p_ws/install/vicon_receiver/include/boost/mpl/aux_/preprocessed/plain/set_c.hpp
-- Up-to-date: /home/ph/treasure/dockerBENCH/helios16p_ws/install/vicon_receiver/include/boost/mpl/aux_/preprocessed/plain/inherit.hpp
-- Up-to-date: /home/ph/treasure/dockerBENCH/helios16p_ws/install/vicon_receiver/include/boost/mpl/aux_/preprocessed/plain/apply_fwd.hpp
-- Up-to-date: /home/ph/treasure/dockerBENCH/helios16p_ws/install/vicon_receiver/include/boost/mpl/aux_/preprocessed/plain/and.hpp
-- Up-to-date: /home/ph/treasure/dockerBENCH/helios16p_ws/install/vicon_receiver/include/boost/mpl/aux_/preprocessed/plain/map.hpp
-- Up-to-date: /home/ph/treasure/dockerBENCH/helios16p_ws/install/vicon_receiver/include/boost/mpl/aux_/preprocessed/plain/advance_backward.hpp
-- Up-to-date: /home/ph/treasure/dockerBENCH/helios16p_ws/install/vicon_receiver/include/boost/mpl/aux_/preprocessed/plain/bind.hpp
-- Up-to-date: /home/ph/treasure/dockerBENCH/helios16p_ws/install/vicon_receiver/include/boost/mpl/aux_/preprocessed/plain/modulus.hpp
-- Up-to-date: /home/ph/treasure/dockerBENCH/helios16p_ws/install/vicon_receiver/include/boost/mpl/aux_/preprocessed/plain/lambda_no_ctps.hpp
-- Up-to-date: /home/ph/treasure/dockerBENCH/helios16p_ws/install/vicon_receiver/include/boost/mpl/aux_/preprocessed/plain/quote.hpp
-- Up-to-date: /home/ph/treasure/dockerBENCH/helios16p_ws/install/vicon_receiver/include/boost/mpl/aux_/preprocessed/plain/deque.hpp
-- Up-to-date: /home/ph/treasure/dockerBENCH/helios16p_ws/install/vicon_receiver/include/boost/mpl/aux_/preprocessed/plain/shift_right.hpp
-- Up-to-date: /home/ph/treasure/dockerBENCH/helios16p_ws/install/vicon_receiver/include/boost/mpl/aux_/preprocessed/plain/basic_bind.hpp
-- Up-to-date: /home/ph/treasure/dockerBENCH/helios16p_ws/install/vicon_receiver/include/boost/mpl/aux_/preprocessed/plain/vector.hpp
-- Up-to-date: /home/ph/treasure/dockerBENCH/helios16p_ws/install/vicon_receiver/include/boost/mpl/aux_/preprocessed/plain/vector_c.hpp
-- Up-to-date: /home/ph/treasure/dockerBENCH/helios16p_ws/install/vicon_receiver/include/boost/mpl/aux_/preprocessed/plain/minus.hpp
-- Up-to-date: /home/ph/treasure/dockerBENCH/helios16p_ws/install/vicon_receiver/include/boost/mpl/aux_/preprocessed/plain/list.hpp
-- Up-to-date: /home/ph/treasure/dockerBENCH/helios16p_ws/install/vicon_receiver/include/boost/mpl/aux_/preprocessed/plain/bitand.hpp
-- Up-to-date: /home/ph/treasure/dockerBENCH/helios16p_ws/install/vicon_receiver/include/boost/mpl/aux_/preprocessed/plain/shift_left.hpp
-- Up-to-date: /home/ph/treasure/dockerBENCH/helios16p_ws/install/vicon_receiver/include/boost/mpl/aux_/preprocessed/plain/template_arity.hpp
-- Up-to-date: /home/ph/treasure/dockerBENCH/helios16p_ws/install/vicon_receiver/include/boost/mpl/aux_/preprocessed/plain/equal_to.hpp
-- Up-to-date: /home/ph/treasure/dockerBENCH/helios16p_ws/install/vicon_receiver/include/boost/mpl/aux_/preprocessed/plain/placeholders.hpp
-- Up-to-date: /home/ph/treasure/dockerBENCH/helios16p_ws/install/vicon_receiver/include/boost/mpl/aux_/preprocessed/plain/advance_forward.hpp
-- Up-to-date: /home/ph/treasure/dockerBENCH/helios16p_ws/install/vicon_receiver/include/boost/mpl/aux_/preprocessed/plain/apply_wrap.hpp
-- Up-to-date: /home/ph/treasure/dockerBENCH/helios16p_ws/install/vicon_receiver/include/boost/mpl/aux_/preprocessed/plain/or.hpp
-- Up-to-date: /home/ph/treasure/dockerBENCH/helios16p_ws/install/vicon_receiver/include/boost/mpl/aux_/preprocessed/plain/not_equal_to.hpp
-- Up-to-date: /home/ph/treasure/dockerBENCH/helios16p_ws/install/vicon_receiver/include/boost/mpl/aux_/preprocessed/plain/reverse_fold_impl.hpp
-- Up-to-date: /home/ph/treasure/dockerBENCH/helios16p_ws/install/vicon_receiver/include/boost/mpl/aux_/preprocessed/plain/iter_fold_if_impl.hpp
-- Up-to-date: /home/ph/treasure/dockerBENCH/helios16p_ws/install/vicon_receiver/include/boost/mpl/aux_/preprocessed/plain/less_equal.hpp
-- Up-to-date: /home/ph/treasure/dockerBENCH/helios16p_ws/install/vicon_receiver/include/boost/mpl/aux_/preprocessed/plain/times.hpp
-- Up-to-date: /home/ph/treasure/dockerBENCH/helios16p_ws/install/vicon_receiver/include/boost/mpl/aux_/preprocessed/plain/less.hpp
-- Up-to-date: /home/ph/treasure/dockerBENCH/helios16p_ws/install/vicon_receiver/include/boost/mpl/aux_/preprocessed/plain/iter_fold_impl.hpp
-- Up-to-date: /home/ph/treasure/dockerBENCH/helios16p_ws/install/vicon_receiver/include/boost/mpl/aux_/preprocessed/plain/full_lambda.hpp
-- Up-to-date: /home/ph/treasure/dockerBENCH/helios16p_ws/install/vicon_receiver/include/boost/mpl/aux_/preprocessed/plain/arg.hpp
-- Up-to-date: /home/ph/treasure/dockerBENCH/helios16p_ws/install/vicon_receiver/include/boost/mpl/aux_/preprocessed/plain/list_c.hpp
-- Up-to-date: /home/ph/treasure/dockerBENCH/helios16p_ws/install/vicon_receiver/include/boost/mpl/aux_/preprocessed/plain/bitxor.hpp
-- Up-to-date: /home/ph/treasure/dockerBENCH/helios16p_ws/install/vicon_receiver/include/boost/mpl/aux_/preprocessed/plain/set.hpp
-- Up-to-date: /home/ph/treasure/dockerBENCH/helios16p_ws/install/vicon_receiver/include/boost/mpl/aux_/preprocessed/plain/bind_fwd.hpp
-- Up-to-date: /home/ph/treasure/dockerBENCH/helios16p_ws/install/vicon_receiver/include/boost/mpl/aux_/preprocessed/plain/reverse_iter_fold_impl.hpp
-- Up-to-date: /home/ph/treasure/dockerBENCH/helios16p_ws/install/vicon_receiver/include/boost/mpl/aux_/preprocessed/plain/divides.hpp
-- Up-to-date: /home/ph/treasure/dockerBENCH/helios16p_ws/install/vicon_receiver/include/boost/mpl/aux_/preprocessed/plain/fold_impl.hpp
-- Up-to-date: /home/ph/treasure/dockerBENCH/helios16p_ws/install/vicon_receiver/include/boost/mpl/aux_/preprocessed/plain/apply.hpp
-- Up-to-date: /home/ph/treasure/dockerBENCH/helios16p_ws/install/vicon_receiver/include/boost/mpl/aux_/preprocessed/plain/plus.hpp
-- Up-to-date: /home/ph/treasure/dockerBENCH/helios16p_ws/install/vicon_receiver/include/boost/mpl/aux_/preprocessed/plain/bitor.hpp
-- Up-to-date: /home/ph/treasure/dockerBENCH/helios16p_ws/install/vicon_receiver/include/boost/mpl/aux_/preprocessed/dmc
-- Up-to-date: /home/ph/treasure/dockerBENCH/helios16p_ws/install/vicon_receiver/include/boost/mpl/aux_/preprocessed/dmc/greater.hpp
-- Up-to-date: /home/ph/treasure/dockerBENCH/helios16p_ws/install/vicon_receiver/include/boost/mpl/aux_/preprocessed/dmc/unpack_args.hpp
-- Up-to-date: /home/ph/treasure/dockerBENCH/helios16p_ws/install/vicon_receiver/include/boost/mpl/aux_/preprocessed/dmc/greater_equal.hpp
-- Up-to-date: /home/ph/treasure/dockerBENCH/helios16p_ws/install/vicon_receiver/include/boost/mpl/aux_/preprocessed/dmc/set_c.hpp
-- Up-to-date: /home/ph/treasure/dockerBENCH/helios16p_ws/install/vicon_receiver/include/boost/mpl/aux_/preprocessed/dmc/inherit.hpp
-- Up-to-date: /home/ph/treasure/dockerBENCH/helios16p_ws/install/vicon_receiver/include/boost/mpl/aux_/preprocessed/dmc/apply_fwd.hpp
-- Up-to-date: /home/ph/treasure/dockerBENCH/helios16p_ws/install/vicon_receiver/include/boost/mpl/aux_/preprocessed/dmc/and.hpp
-- Up-to-date: /home/ph/treasure/dockerBENCH/helios16p_ws/install/vicon_receiver/include/boost/mpl/aux_/preprocessed/dmc/map.hpp
-- Up-to-date: /home/ph/treasure/dockerBENCH/helios16p_ws/install/vicon_receiver/include/boost/mpl/aux_/preprocessed/dmc/advance_backward.hpp
-- Up-to-date: /home/ph/treasure/dockerBENCH/helios16p_ws/install/vicon_receiver/include/boost/mpl/aux_/preprocessed/dmc/bind.hpp
-- Up-to-date: /home/ph/treasure/dockerBENCH/helios16p_ws/install/vicon_receiver/include/boost/mpl/aux_/preprocessed/dmc/modulus.hpp
-- Up-to-date: /home/ph/treasure/dockerBENCH/helios16p_ws/install/vicon_receiver/include/boost/mpl/aux_/preprocessed/dmc/lambda_no_ctps.hpp
-- Up-to-date: /home/ph/treasure/dockerBENCH/helios16p_ws/install/vicon_receiver/include/boost/mpl/aux_/preprocessed/dmc/quote.hpp
-- Up-to-date: /home/ph/treasure/dockerBENCH/helios16p_ws/install/vicon_receiver/include/boost/mpl/aux_/preprocessed/dmc/deque.hpp
-- Up-to-date: /home/ph/treasure/dockerBENCH/helios16p_ws/install/vicon_receiver/include/boost/mpl/aux_/preprocessed/dmc/shift_right.hpp
-- Up-to-date: /home/ph/treasure/dockerBENCH/helios16p_ws/install/vicon_receiver/include/boost/mpl/aux_/preprocessed/dmc/basic_bind.hpp
-- Up-to-date: /home/ph/treasure/dockerBENCH/helios16p_ws/install/vicon_receiver/include/boost/mpl/aux_/preprocessed/dmc/vector.hpp
-- Up-to-date: /home/ph/treasure/dockerBENCH/helios16p_ws/install/vicon_receiver/include/boost/mpl/aux_/preprocessed/dmc/vector_c.hpp
-- Up-to-date: /home/ph/treasure/dockerBENCH/helios16p_ws/install/vicon_receiver/include/boost/mpl/aux_/preprocessed/dmc/minus.hpp
-- Up-to-date: /home/ph/treasure/dockerBENCH/helios16p_ws/install/vicon_receiver/include/boost/mpl/aux_/preprocessed/dmc/list.hpp
-- Up-to-date: /home/ph/treasure/dockerBENCH/helios16p_ws/install/vicon_receiver/include/boost/mpl/aux_/preprocessed/dmc/bitand.hpp
-- Up-to-date: /home/ph/treasure/dockerBENCH/helios16p_ws/install/vicon_receiver/include/boost/mpl/aux_/preprocessed/dmc/shift_left.hpp
-- Up-to-date: /home/ph/treasure/dockerBENCH/helios16p_ws/install/vicon_receiver/include/boost/mpl/aux_/preprocessed/dmc/template_arity.hpp
-- Up-to-date: /home/ph/treasure/dockerBENCH/helios16p_ws/install/vicon_receiver/include/boost/mpl/aux_/preprocessed/dmc/equal_to.hpp
-- Up-to-date: /home/ph/treasure/dockerBENCH/helios16p_ws/install/vicon_receiver/include/boost/mpl/aux_/preprocessed/dmc/placeholders.hpp
-- Up-to-date: /home/ph/treasure/dockerBENCH/helios16p_ws/install/vicon_receiver/include/boost/mpl/aux_/preprocessed/dmc/advance_forward.hpp
-- Up-to-date: /home/ph/treasure/dockerBENCH/helios16p_ws/install/vicon_receiver/include/boost/mpl/aux_/preprocessed/dmc/apply_wrap.hpp
-- Up-to-date: /home/ph/treasure/dockerBENCH/helios16p_ws/install/vicon_receiver/include/boost/mpl/aux_/preprocessed/dmc/or.hpp
-- Up-to-date: /home/ph/treasure/dockerBENCH/helios16p_ws/install/vicon_receiver/include/boost/mpl/aux_/preprocessed/dmc/not_equal_to.hpp
-- Up-to-date: /home/ph/treasure/dockerBENCH/helios16p_ws/install/vicon_receiver/include/boost/mpl/aux_/preprocessed/dmc/reverse_fold_impl.hpp
-- Up-to-date: /home/ph/treasure/dockerBENCH/helios16p_ws/install/vicon_receiver/include/boost/mpl/aux_/preprocessed/dmc/iter_fold_if_impl.hpp
-- Up-to-date: /home/ph/treasure/dockerBENCH/helios16p_ws/install/vicon_receiver/include/boost/mpl/aux_/preprocessed/dmc/less_equal.hpp
-- Up-to-date: /home/ph/treasure/dockerBENCH/helios16p_ws/install/vicon_receiver/include/boost/mpl/aux_/preprocessed/dmc/times.hpp
-- Up-to-date: /home/ph/treasure/dockerBENCH/helios16p_ws/install/vicon_receiver/include/boost/mpl/aux_/preprocessed/dmc/less.hpp
-- Up-to-date: /home/ph/treasure/dockerBENCH/helios16p_ws/install/vicon_receiver/include/boost/mpl/aux_/preprocessed/dmc/iter_fold_impl.hpp
-- Up-to-date: /home/ph/treasure/dockerBENCH/helios16p_ws/install/vicon_receiver/include/boost/mpl/aux_/preprocessed/dmc/full_lambda.hpp
-- Up-to-date: /home/ph/treasure/dockerBENCH/helios16p_ws/install/vicon_receiver/include/boost/mpl/aux_/preprocessed/dmc/arg.hpp
-- Up-to-date: /home/ph/treasure/dockerBENCH/helios16p_ws/install/vicon_receiver/include/boost/mpl/aux_/preprocessed/dmc/list_c.hpp
-- Up-to-date: /home/ph/treasure/dockerBENCH/helios16p_ws/install/vicon_receiver/include/boost/mpl/aux_/preprocessed/dmc/bitxor.hpp
-- Up-to-date: /home/ph/treasure/dockerBENCH/helios16p_ws/install/vicon_receiver/include/boost/mpl/aux_/preprocessed/dmc/set.hpp
-- Up-to-date: /home/ph/treasure/dockerBENCH/helios16p_ws/install/vicon_receiver/include/boost/mpl/aux_/preprocessed/dmc/bind_fwd.hpp
-- Up-to-date: /home/ph/treasure/dockerBENCH/helios16p_ws/install/vicon_receiver/include/boost/mpl/aux_/preprocessed/dmc/reverse_iter_fold_impl.hpp
-- Up-to-date: /home/ph/treasure/dockerBENCH/helios16p_ws/install/vicon_receiver/include/boost/mpl/aux_/preprocessed/dmc/divides.hpp
-- Up-to-date: /home/ph/treasure/dockerBENCH/helios16p_ws/install/vicon_receiver/include/boost/mpl/aux_/preprocessed/dmc/fold_impl.hpp
-- Up-to-date: /home/ph/treasure/dockerBENCH/helios16p_ws/install/vicon_receiver/include/boost/mpl/aux_/preprocessed/dmc/apply.hpp
-- Up-to-date: /home/ph/treasure/dockerBENCH/helios16p_ws/install/vicon_receiver/include/boost/mpl/aux_/preprocessed/dmc/plus.hpp
-- Up-to-date: /home/ph/treasure/dockerBENCH/helios16p_ws/install/vicon_receiver/include/boost/mpl/aux_/preprocessed/dmc/bitor.hpp
-- Up-to-date: /home/ph/treasure/dockerBENCH/helios16p_ws/install/vicon_receiver/include/boost/mpl/aux_/preprocessed/bcc_pre590
-- Up-to-date: /home/ph/treasure/dockerBENCH/helios16p_ws/install/vicon_receiver/include/boost/mpl/aux_/preprocessed/bcc_pre590/greater.hpp
-- Up-to-date: /home/ph/treasure/dockerBENCH/helios16p_ws/install/vicon_receiver/include/boost/mpl/aux_/preprocessed/bcc_pre590/unpack_args.hpp
-- Up-to-date: /home/ph/treasure/dockerBENCH/helios16p_ws/install/vicon_receiver/include/boost/mpl/aux_/preprocessed/bcc_pre590/greater_equal.hpp
-- Up-to-date: /home/ph/treasure/dockerBENCH/helios16p_ws/install/vicon_receiver/include/boost/mpl/aux_/preprocessed/bcc_pre590/set_c.hpp
-- Up-to-date: /home/ph/treasure/dockerBENCH/helios16p_ws/install/vicon_receiver/include/boost/mpl/aux_/preprocessed/bcc_pre590/inherit.hpp
-- Up-to-date: /home/ph/treasure/dockerBENCH/helios16p_ws/install/vicon_receiver/include/boost/mpl/aux_/preprocessed/bcc_pre590/apply_fwd.hpp
-- Up-to-date: /home/ph/treasure/dockerBENCH/helios16p_ws/install/vicon_receiver/include/boost/mpl/aux_/preprocessed/bcc_pre590/and.hpp
-- Up-to-date: /home/ph/treasure/dockerBENCH/helios16p_ws/install/vicon_receiver/include/boost/mpl/aux_/preprocessed/bcc_pre590/map.hpp
-- Up-to-date: /home/ph/treasure/dockerBENCH/helios16p_ws/install/vicon_receiver/include/boost/mpl/aux_/preprocessed/bcc_pre590/advance_backward.hpp
-- Up-to-date: /home/ph/treasure/dockerBENCH/helios16p_ws/install/vicon_receiver/include/boost/mpl/aux_/preprocessed/bcc_pre590/bind.hpp
-- Up-to-date: /home/ph/treasure/dockerBENCH/helios16p_ws/install/vicon_receiver/include/boost/mpl/aux_/preprocessed/bcc_pre590/modulus.hpp
-- Up-to-date: /home/ph/treasure/dockerBENCH/helios16p_ws/install/vicon_receiver/include/boost/mpl/aux_/preprocessed/bcc_pre590/lambda_no_ctps.hpp
-- Up-to-date: /home/ph/treasure/dockerBENCH/helios16p_ws/install/vicon_receiver/include/boost/mpl/aux_/preprocessed/bcc_pre590/quote.hpp
-- Up-to-date: /home/ph/treasure/dockerBENCH/helios16p_ws/install/vicon_receiver/include/boost/mpl/aux_/preprocessed/bcc_pre590/deque.hpp
-- Up-to-date: /home/ph/treasure/dockerBENCH/helios16p_ws/install/vicon_receiver/include/boost/mpl/aux_/preprocessed/bcc_pre590/shift_right.hpp
-- Up-to-date: /home/ph/treasure/dockerBENCH/helios16p_ws/install/vicon_receiver/include/boost/mpl/aux_/preprocessed/bcc_pre590/basic_bind.hpp
-- Up-to-date: /home/ph/treasure/dockerBENCH/helios16p_ws/install/vicon_receiver/include/boost/mpl/aux_/preprocessed/bcc_pre590/vector.hpp
-- Up-to-date: /home/ph/treasure/dockerBENCH/helios16p_ws/install/vicon_receiver/include/boost/mpl/aux_/preprocessed/bcc_pre590/vector_c.hpp
-- Up-to-date: /home/ph/treasure/dockerBENCH/helios16p_ws/install/vicon_receiver/include/boost/mpl/aux_/preprocessed/bcc_pre590/minus.hpp
-- Up-to-date: /home/ph/treasure/dockerBENCH/helios16p_ws/install/vicon_receiver/include/boost/mpl/aux_/preprocessed/bcc_pre590/list.hpp
-- Up-to-date: /home/ph/treasure/dockerBENCH/helios16p_ws/install/vicon_receiver/include/boost/mpl/aux_/preprocessed/bcc_pre590/bitand.hpp
-- Up-to-date: /home/ph/treasure/dockerBENCH/helios16p_ws/install/vicon_receiver/include/boost/mpl/aux_/preprocessed/bcc_pre590/shift_left.hpp
-- Up-to-date: /home/ph/treasure/dockerBENCH/helios16p_ws/install/vicon_receiver/include/boost/mpl/aux_/preprocessed/bcc_pre590/template_arity.hpp
-- Up-to-date: /home/ph/treasure/dockerBENCH/helios16p_ws/install/vicon_receiver/include/boost/mpl/aux_/preprocessed/bcc_pre590/equal_to.hpp
-- Up-to-date: /home/ph/treasure/dockerBENCH/helios16p_ws/install/vicon_receiver/include/boost/mpl/aux_/preprocessed/bcc_pre590/placeholders.hpp
-- Up-to-date: /home/ph/treasure/dockerBENCH/helios16p_ws/install/vicon_receiver/include/boost/mpl/aux_/preprocessed/bcc_pre590/advance_forward.hpp
-- Up-to-date: /home/ph/treasure/dockerBENCH/helios16p_ws/install/vicon_receiver/include/boost/mpl/aux_/preprocessed/bcc_pre590/apply_wrap.hpp
-- Up-to-date: /home/ph/treasure/dockerBENCH/helios16p_ws/install/vicon_receiver/include/boost/mpl/aux_/preprocessed/bcc_pre590/or.hpp
-- Up-to-date: /home/ph/treasure/dockerBENCH/helios16p_ws/install/vicon_receiver/include/boost/mpl/aux_/preprocessed/bcc_pre590/not_equal_to.hpp
-- Up-to-date: /home/ph/treasure/dockerBENCH/helios16p_ws/install/vicon_receiver/include/boost/mpl/aux_/preprocessed/bcc_pre590/reverse_fold_impl.hpp
-- Up-to-date: /home/ph/treasure/dockerBENCH/helios16p_ws/install/vicon_receiver/include/boost/mpl/aux_/preprocessed/bcc_pre590/iter_fold_if_impl.hpp
-- Up-to-date: /home/ph/treasure/dockerBENCH/helios16p_ws/install/vicon_receiver/include/boost/mpl/aux_/preprocessed/bcc_pre590/less_equal.hpp
-- Up-to-date: /home/ph/treasure/dockerBENCH/helios16p_ws/install/vicon_receiver/include/boost/mpl/aux_/preprocessed/bcc_pre590/times.hpp
-- Up-to-date: /home/ph/treasure/dockerBENCH/helios16p_ws/install/vicon_receiver/include/boost/mpl/aux_/preprocessed/bcc_pre590/less.hpp
-- Up-to-date: /home/ph/treasure/dockerBENCH/helios16p_ws/install/vicon_receiver/include/boost/mpl/aux_/preprocessed/bcc_pre590/iter_fold_impl.hpp
-- Up-to-date: /home/ph/treasure/dockerBENCH/helios16p_ws/install/vicon_receiver/include/boost/mpl/aux_/preprocessed/bcc_pre590/full_lambda.hpp
-- Up-to-date: /home/ph/treasure/dockerBENCH/helios16p_ws/install/vicon_receiver/include/boost/mpl/aux_/preprocessed/bcc_pre590/arg.hpp
-- Up-to-date: /home/ph/treasure/dockerBENCH/helios16p_ws/install/vicon_receiver/include/boost/mpl/aux_/preprocessed/bcc_pre590/list_c.hpp
-- Up-to-date: /home/ph/treasure/dockerBENCH/helios16p_ws/install/vicon_receiver/include/boost/mpl/aux_/preprocessed/bcc_pre590/bitxor.hpp
-- Up-to-date: /home/ph/treasure/dockerBENCH/helios16p_ws/install/vicon_receiver/include/boost/mpl/aux_/preprocessed/bcc_pre590/set.hpp
-- Up-to-date: /home/ph/treasure/dockerBENCH/helios16p_ws/install/vicon_receiver/include/boost/mpl/aux_/preprocessed/bcc_pre590/bind_fwd.hpp
-- Up-to-date: /home/ph/treasure/dockerBENCH/helios16p_ws/install/vicon_receiver/include/boost/mpl/aux_/preprocessed/bcc_pre590/reverse_iter_fold_impl.hpp
-- Up-to-date: /home/ph/treasure/dockerBENCH/helios16p_ws/install/vicon_receiver/include/boost/mpl/aux_/preprocessed/bcc_pre590/divides.hpp
-- Up-to-date: /home/ph/treasure/dockerBENCH/helios16p_ws/install/vicon_receiver/include/boost/mpl/aux_/preprocessed/bcc_pre590/fold_impl.hpp
-- Up-to-date: /home/ph/treasure/dockerBENCH/helios16p_ws/install/vicon_receiver/include/boost/mpl/aux_/preprocessed/bcc_pre590/apply.hpp
-- Up-to-date: /home/ph/treasure/dockerBENCH/helios16p_ws/install/vicon_receiver/include/boost/mpl/aux_/preprocessed/bcc_pre590/plus.hpp
-- Up-to-date: /home/ph/treasure/dockerBENCH/helios16p_ws/install/vicon_receiver/include/boost/mpl/aux_/preprocessed/bcc_pre590/bitor.hpp
-- Up-to-date: /home/ph/treasure/dockerBENCH/helios16p_ws/install/vicon_receiver/include/boost/mpl/aux_/preprocessed/msvc60
-- Up-to-date: /home/ph/treasure/dockerBENCH/helios16p_ws/install/vicon_receiver/include/boost/mpl/aux_/preprocessed/msvc60/greater.hpp
-- Up-to-date: /home/ph/treasure/dockerBENCH/helios16p_ws/install/vicon_receiver/include/boost/mpl/aux_/preprocessed/msvc60/unpack_args.hpp
-- Up-to-date: /home/ph/treasure/dockerBENCH/helios16p_ws/install/vicon_receiver/include/boost/mpl/aux_/preprocessed/msvc60/greater_equal.hpp
-- Up-to-date: /home/ph/treasure/dockerBENCH/helios16p_ws/install/vicon_receiver/include/boost/mpl/aux_/preprocessed/msvc60/set_c.hpp
-- Up-to-date: /home/ph/treasure/dockerBENCH/helios16p_ws/install/vicon_receiver/include/boost/mpl/aux_/preprocessed/msvc60/inherit.hpp
-- Up-to-date: /home/ph/treasure/dockerBENCH/helios16p_ws/install/vicon_receiver/include/boost/mpl/aux_/preprocessed/msvc60/apply_fwd.hpp
-- Up-to-date: /home/ph/treasure/dockerBENCH/helios16p_ws/install/vicon_receiver/include/boost/mpl/aux_/preprocessed/msvc60/and.hpp
-- Up-to-date: /home/ph/treasure/dockerBENCH/helios16p_ws/install/vicon_receiver/include/boost/mpl/aux_/preprocessed/msvc60/map.hpp
-- Up-to-date: /home/ph/treasure/dockerBENCH/helios16p_ws/install/vicon_receiver/include/boost/mpl/aux_/preprocessed/msvc60/advance_backward.hpp
-- Up-to-date: /home/ph/treasure/dockerBENCH/helios16p_ws/install/vicon_receiver/include/boost/mpl/aux_/preprocessed/msvc60/bind.hpp
-- Up-to-date: /home/ph/treasure/dockerBENCH/helios16p_ws/install/vicon_receiver/include/boost/mpl/aux_/preprocessed/msvc60/modulus.hpp
-- Up-to-date: /home/ph/treasure/dockerBENCH/helios16p_ws/install/vicon_receiver/include/boost/mpl/aux_/preprocessed/msvc60/lambda_no_ctps.hpp
-- Up-to-date: /home/ph/treasure/dockerBENCH/helios16p_ws/install/vicon_receiver/include/boost/mpl/aux_/preprocessed/msvc60/quote.hpp
-- Up-to-date: /home/ph/treasure/dockerBENCH/helios16p_ws/install/vicon_receiver/include/boost/mpl/aux_/preprocessed/msvc60/deque.hpp
-- Up-to-date: /home/ph/treasure/dockerBENCH/helios16p_ws/install/vicon_receiver/include/boost/mpl/aux_/preprocessed/msvc60/shift_right.hpp
-- Up-to-date: /home/ph/treasure/dockerBENCH/helios16p_ws/install/vicon_receiver/include/boost/mpl/aux_/preprocessed/msvc60/basic_bind.hpp
-- Up-to-date: /home/ph/treasure/dockerBENCH/helios16p_ws/install/vicon_receiver/include/boost/mpl/aux_/preprocessed/msvc60/vector.hpp
-- Up-to-date: /home/ph/treasure/dockerBENCH/helios16p_ws/install/vicon_receiver/include/boost/mpl/aux_/preprocessed/msvc60/vector_c.hpp
-- Up-to-date: /home/ph/treasure/dockerBENCH/helios16p_ws/install/vicon_receiver/include/boost/mpl/aux_/preprocessed/msvc60/minus.hpp
-- Up-to-date: /home/ph/treasure/dockerBENCH/helios16p_ws/install/vicon_receiver/include/boost/mpl/aux_/preprocessed/msvc60/list.hpp
-- Up-to-date: /home/ph/treasure/dockerBENCH/helios16p_ws/install/vicon_receiver/include/boost/mpl/aux_/preprocessed/msvc60/bitand.hpp
-- Up-to-date: /home/ph/treasure/dockerBENCH/helios16p_ws/install/vicon_receiver/include/boost/mpl/aux_/preprocessed/msvc60/shift_left.hpp
-- Up-to-date: /home/ph/treasure/dockerBENCH/helios16p_ws/install/vicon_receiver/include/boost/mpl/aux_/preprocessed/msvc60/template_arity.hpp
-- Up-to-date: /home/ph/treasure/dockerBENCH/helios16p_ws/install/vicon_receiver/include/boost/mpl/aux_/preprocessed/msvc60/equal_to.hpp
-- Up-to-date: /home/ph/treasure/dockerBENCH/helios16p_ws/install/vicon_receiver/include/boost/mpl/aux_/preprocessed/msvc60/placeholders.hpp
-- Up-to-date: /home/ph/treasure/dockerBENCH/helios16p_ws/install/vicon_receiver/include/boost/mpl/aux_/preprocessed/msvc60/advance_forward.hpp
-- Up-to-date: /home/ph/treasure/dockerBENCH/helios16p_ws/install/vicon_receiver/include/boost/mpl/aux_/preprocessed/msvc60/apply_wrap.hpp
-- Up-to-date: /home/ph/treasure/dockerBENCH/helios16p_ws/install/vicon_receiver/include/boost/mpl/aux_/preprocessed/msvc60/or.hpp
-- Up-to-date: /home/ph/treasure/dockerBENCH/helios16p_ws/install/vicon_receiver/include/boost/mpl/aux_/preprocessed/msvc60/not_equal_to.hpp
-- Up-to-date: /home/ph/treasure/dockerBENCH/helios16p_ws/install/vicon_receiver/include/boost/mpl/aux_/preprocessed/msvc60/reverse_fold_impl.hpp
-- Up-to-date: /home/ph/treasure/dockerBENCH/helios16p_ws/install/vicon_receiver/include/boost/mpl/aux_/preprocessed/msvc60/iter_fold_if_impl.hpp
-- Up-to-date: /home/ph/treasure/dockerBENCH/helios16p_ws/install/vicon_receiver/include/boost/mpl/aux_/preprocessed/msvc60/less_equal.hpp
-- Up-to-date: /home/ph/treasure/dockerBENCH/helios16p_ws/install/vicon_receiver/include/boost/mpl/aux_/preprocessed/msvc60/times.hpp
-- Up-to-date: /home/ph/treasure/dockerBENCH/helios16p_ws/install/vicon_receiver/include/boost/mpl/aux_/preprocessed/msvc60/less.hpp
-- Up-to-date: /home/ph/treasure/dockerBENCH/helios16p_ws/install/vicon_receiver/include/boost/mpl/aux_/preprocessed/msvc60/iter_fold_impl.hpp
-- Up-to-date: /home/ph/treasure/dockerBENCH/helios16p_ws/install/vicon_receiver/include/boost/mpl/aux_/preprocessed/msvc60/full_lambda.hpp
-- Up-to-date: /home/ph/treasure/dockerBENCH/helios16p_ws/install/vicon_receiver/include/boost/mpl/aux_/preprocessed/msvc60/arg.hpp
-- Up-to-date: /home/ph/treasure/dockerBENCH/helios16p_ws/install/vicon_receiver/include/boost/mpl/aux_/preprocessed/msvc60/list_c.hpp
-- Up-to-date: /home/ph/treasure/dockerBENCH/helios16p_ws/install/vicon_receiver/include/boost/mpl/aux_/preprocessed/msvc60/bitxor.hpp
-- Up-to-date: /home/ph/treasure/dockerBENCH/helios16p_ws/install/vicon_receiver/include/boost/mpl/aux_/preprocessed/msvc60/set.hpp
-- Up-to-date: /home/ph/treasure/dockerBENCH/helios16p_ws/install/vicon_receiver/include/boost/mpl/aux_/preprocessed/msvc60/bind_fwd.hpp
-- Up-to-date: /home/ph/treasure/dockerBENCH/helios16p_ws/install/vicon_receiver/include/boost/mpl/aux_/preprocessed/msvc60/reverse_iter_fold_impl.hpp
-- Up-to-date: /home/ph/treasure/dockerBENCH/helios16p_ws/install/vicon_receiver/include/boost/mpl/aux_/preprocessed/msvc60/divides.hpp
-- Up-to-date: /home/ph/treasure/dockerBENCH/helios16p_ws/install/vicon_receiver/include/boost/mpl/aux_/preprocessed/msvc60/fold_impl.hpp
-- Up-to-date: /home/ph/treasure/dockerBENCH/helios16p_ws/install/vicon_receiver/include/boost/mpl/aux_/preprocessed/msvc60/apply.hpp
-- Up-to-date: /home/ph/treasure/dockerBENCH/helios16p_ws/install/vicon_receiver/include/boost/mpl/aux_/preprocessed/msvc60/plus.hpp
-- Up-to-date: /home/ph/treasure/dockerBENCH/helios16p_ws/install/vicon_receiver/include/boost/mpl/aux_/preprocessed/msvc60/bitor.hpp
-- Up-to-date: /home/ph/treasure/dockerBENCH/helios16p_ws/install/vicon_receiver/include/boost/mpl/aux_/preprocessed/bcc
-- Up-to-date: /home/ph/treasure/dockerBENCH/helios16p_ws/install/vicon_receiver/include/boost/mpl/aux_/preprocessed/bcc/greater.hpp
-- Up-to-date: /home/ph/treasure/dockerBENCH/helios16p_ws/install/vicon_receiver/include/boost/mpl/aux_/preprocessed/bcc/unpack_args.hpp
-- Up-to-date: /home/ph/treasure/dockerBENCH/helios16p_ws/install/vicon_receiver/include/boost/mpl/aux_/preprocessed/bcc/greater_equal.hpp
-- Up-to-date: /home/ph/treasure/dockerBENCH/helios16p_ws/install/vicon_receiver/include/boost/mpl/aux_/preprocessed/bcc/set_c.hpp
-- Up-to-date: /home/ph/treasure/dockerBENCH/helios16p_ws/install/vicon_receiver/include/boost/mpl/aux_/preprocessed/bcc/inherit.hpp
-- Up-to-date: /home/ph/treasure/dockerBENCH/helios16p_ws/install/vicon_receiver/include/boost/mpl/aux_/preprocessed/bcc/apply_fwd.hpp
-- Up-to-date: /home/ph/treasure/dockerBENCH/helios16p_ws/install/vicon_receiver/include/boost/mpl/aux_/preprocessed/bcc/and.hpp
-- Up-to-date: /home/ph/treasure/dockerBENCH/helios16p_ws/install/vicon_receiver/include/boost/mpl/aux_/preprocessed/bcc/map.hpp
-- Up-to-date: /home/ph/treasure/dockerBENCH/helios16p_ws/install/vicon_receiver/include/boost/mpl/aux_/preprocessed/bcc/advance_backward.hpp
-- Up-to-date: /home/ph/treasure/dockerBENCH/helios16p_ws/install/vicon_receiver/include/boost/mpl/aux_/preprocessed/bcc/bind.hpp
-- Up-to-date: /home/ph/treasure/dockerBENCH/helios16p_ws/install/vicon_receiver/include/boost/mpl/aux_/preprocessed/bcc/modulus.hpp
-- Up-to-date: /home/ph/treasure/dockerBENCH/helios16p_ws/install/vicon_receiver/include/boost/mpl/aux_/preprocessed/bcc/lambda_no_ctps.hpp
-- Up-to-date: /home/ph/treasure/dockerBENCH/helios16p_ws/install/vicon_receiver/include/boost/mpl/aux_/preprocessed/bcc/quote.hpp
-- Up-to-date: /home/ph/treasure/dockerBENCH/helios16p_ws/install/vicon_receiver/include/boost/mpl/aux_/preprocessed/bcc/deque.hpp
-- Up-to-date: /home/ph/treasure/dockerBENCH/helios16p_ws/install/vicon_receiver/include/boost/mpl/aux_/preprocessed/bcc/shift_right.hpp
-- Up-to-date: /home/ph/treasure/dockerBENCH/helios16p_ws/install/vicon_receiver/include/boost/mpl/aux_/preprocessed/bcc/basic_bind.hpp
-- Up-to-date: /home/ph/treasure/dockerBENCH/helios16p_ws/install/vicon_receiver/include/boost/mpl/aux_/preprocessed/bcc/vector.hpp
-- Up-to-date: /home/ph/treasure/dockerBENCH/helios16p_ws/install/vicon_receiver/include/boost/mpl/aux_/preprocessed/bcc/vector_c.hpp
-- Up-to-date: /home/ph/treasure/dockerBENCH/helios16p_ws/install/vicon_receiver/include/boost/mpl/aux_/preprocessed/bcc/minus.hpp
-- Up-to-date: /home/ph/treasure/dockerBENCH/helios16p_ws/install/vicon_receiver/include/boost/mpl/aux_/preprocessed/bcc/list.hpp
-- Up-to-date: /home/ph/treasure/dockerBENCH/helios16p_ws/install/vicon_receiver/include/boost/mpl/aux_/preprocessed/bcc/bitand.hpp
-- Up-to-date: /home/ph/treasure/dockerBENCH/helios16p_ws/install/vicon_receiver/include/boost/mpl/aux_/preprocessed/bcc/shift_left.hpp
-- Up-to-date: /home/ph/treasure/dockerBENCH/helios16p_ws/install/vicon_receiver/include/boost/mpl/aux_/preprocessed/bcc/template_arity.hpp
-- Up-to-date: /home/ph/treasure/dockerBENCH/helios16p_ws/install/vicon_receiver/include/boost/mpl/aux_/preprocessed/bcc/equal_to.hpp
-- Up-to-date: /home/ph/treasure/dockerBENCH/helios16p_ws/install/vicon_receiver/include/boost/mpl/aux_/preprocessed/bcc/placeholders.hpp
-- Up-to-date: /home/ph/treasure/dockerBENCH/helios16p_ws/install/vicon_receiver/include/boost/mpl/aux_/preprocessed/bcc/advance_forward.hpp
-- Up-to-date: /home/ph/treasure/dockerBENCH/helios16p_ws/install/vicon_receiver/include/boost/mpl/aux_/preprocessed/bcc/apply_wrap.hpp
-- Up-to-date: /home/ph/treasure/dockerBENCH/helios16p_ws/install/vicon_receiver/include/boost/mpl/aux_/preprocessed/bcc/or.hpp
-- Up-to-date: /home/ph/treasure/dockerBENCH/helios16p_ws/install/vicon_receiver/include/boost/mpl/aux_/preprocessed/bcc/not_equal_to.hpp
-- Up-to-date: /home/ph/treasure/dockerBENCH/helios16p_ws/install/vicon_receiver/include/boost/mpl/aux_/preprocessed/bcc/reverse_fold_impl.hpp
-- Up-to-date: /home/ph/treasure/dockerBENCH/helios16p_ws/install/vicon_receiver/include/boost/mpl/aux_/preprocessed/bcc/iter_fold_if_impl.hpp
-- Up-to-date: /home/ph/treasure/dockerBENCH/helios16p_ws/install/vicon_receiver/include/boost/mpl/aux_/preprocessed/bcc/less_equal.hpp
-- Up-to-date: /home/ph/treasure/dockerBENCH/helios16p_ws/install/vicon_receiver/include/boost/mpl/aux_/preprocessed/bcc/times.hpp
-- Up-to-date: /home/ph/treasure/dockerBENCH/helios16p_ws/install/vicon_receiver/include/boost/mpl/aux_/preprocessed/bcc/less.hpp
-- Up-to-date: /home/ph/treasure/dockerBENCH/helios16p_ws/install/vicon_receiver/include/boost/mpl/aux_/preprocessed/bcc/iter_fold_impl.hpp
-- Up-to-date: /home/ph/treasure/dockerBENCH/helios16p_ws/install/vicon_receiver/include/boost/mpl/aux_/preprocessed/bcc/full_lambda.hpp
-- Up-to-date: /home/ph/treasure/dockerBENCH/helios16p_ws/install/vicon_receiver/include/boost/mpl/aux_/preprocessed/bcc/arg.hpp
-- Up-to-date: /home/ph/treasure/dockerBENCH/helios16p_ws/install/vicon_receiver/include/boost/mpl/aux_/preprocessed/bcc/list_c.hpp
-- Up-to-date: /home/ph/treasure/dockerBENCH/helios16p_ws/install/vicon_receiver/include/boost/mpl/aux_/preprocessed/bcc/bitxor.hpp
-- Up-to-date: /home/ph/treasure/dockerBENCH/helios16p_ws/install/vicon_receiver/include/boost/mpl/aux_/preprocessed/bcc/set.hpp
-- Up-to-date: /home/ph/treasure/dockerBENCH/helios16p_ws/install/vicon_receiver/include/boost/mpl/aux_/preprocessed/bcc/bind_fwd.hpp
-- Up-to-date: /home/ph/treasure/dockerBENCH/helios16p_ws/install/vicon_receiver/include/boost/mpl/aux_/preprocessed/bcc/reverse_iter_fold_impl.hpp
-- Up-to-date: /home/ph/treasure/dockerBENCH/helios16p_ws/install/vicon_receiver/include/boost/mpl/aux_/preprocessed/bcc/divides.hpp
-- Up-to-date: /home/ph/treasure/dockerBENCH/helios16p_ws/install/vicon_receiver/include/boost/mpl/aux_/preprocessed/bcc/fold_impl.hpp
-- Up-to-date: /home/ph/treasure/dockerBENCH/helios16p_ws/install/vicon_receiver/include/boost/mpl/aux_/preprocessed/bcc/apply.hpp
-- Up-to-date: /home/ph/treasure/dockerBENCH/helios16p_ws/install/vicon_receiver/include/boost/mpl/aux_/preprocessed/bcc/plus.hpp
-- Up-to-date: /home/ph/treasure/dockerBENCH/helios16p_ws/install/vicon_receiver/include/boost/mpl/aux_/preprocessed/bcc/bitor.hpp
-- Up-to-date: /home/ph/treasure/dockerBENCH/helios16p_ws/install/vicon_receiver/include/boost/mpl/aux_/preprocessed/no_ctps
-- Up-to-date: /home/ph/treasure/dockerBENCH/helios16p_ws/install/vicon_receiver/include/boost/mpl/aux_/preprocessed/no_ctps/greater.hpp
-- Up-to-date: /home/ph/treasure/dockerBENCH/helios16p_ws/install/vicon_receiver/include/boost/mpl/aux_/preprocessed/no_ctps/unpack_args.hpp
-- Up-to-date: /home/ph/treasure/dockerBENCH/helios16p_ws/install/vicon_receiver/include/boost/mpl/aux_/preprocessed/no_ctps/greater_equal.hpp
-- Up-to-date: /home/ph/treasure/dockerBENCH/helios16p_ws/install/vicon_receiver/include/boost/mpl/aux_/preprocessed/no_ctps/set_c.hpp
-- Up-to-date: /home/ph/treasure/dockerBENCH/helios16p_ws/install/vicon_receiver/include/boost/mpl/aux_/preprocessed/no_ctps/inherit.hpp
-- Up-to-date: /home/ph/treasure/dockerBENCH/helios16p_ws/install/vicon_receiver/include/boost/mpl/aux_/preprocessed/no_ctps/apply_fwd.hpp
-- Up-to-date: /home/ph/treasure/dockerBENCH/helios16p_ws/install/vicon_receiver/include/boost/mpl/aux_/preprocessed/no_ctps/and.hpp
-- Up-to-date: /home/ph/treasure/dockerBENCH/helios16p_ws/install/vicon_receiver/include/boost/mpl/aux_/preprocessed/no_ctps/map.hpp
-- Up-to-date: /home/ph/treasure/dockerBENCH/helios16p_ws/install/vicon_receiver/include/boost/mpl/aux_/preprocessed/no_ctps/advance_backward.hpp
-- Up-to-date: /home/ph/treasure/dockerBENCH/helios16p_ws/install/vicon_receiver/include/boost/mpl/aux_/preprocessed/no_ctps/bind.hpp
-- Up-to-date: /home/ph/treasure/dockerBENCH/helios16p_ws/install/vicon_receiver/include/boost/mpl/aux_/preprocessed/no_ctps/modulus.hpp
-- Up-to-date: /home/ph/treasure/dockerBENCH/helios16p_ws/install/vicon_receiver/include/boost/mpl/aux_/preprocessed/no_ctps/lambda_no_ctps.hpp
-- Up-to-date: /home/ph/treasure/dockerBENCH/helios16p_ws/install/vicon_receiver/include/boost/mpl/aux_/preprocessed/no_ctps/quote.hpp
-- Up-to-date: /home/ph/treasure/dockerBENCH/helios16p_ws/install/vicon_receiver/include/boost/mpl/aux_/preprocessed/no_ctps/deque.hpp
-- Up-to-date: /home/ph/treasure/dockerBENCH/helios16p_ws/install/vicon_receiver/include/boost/mpl/aux_/preprocessed/no_ctps/shift_right.hpp
-- Up-to-date: /home/ph/treasure/dockerBENCH/helios16p_ws/install/vicon_receiver/include/boost/mpl/aux_/preprocessed/no_ctps/basic_bind.hpp
-- Up-to-date: /home/ph/treasure/dockerBENCH/helios16p_ws/install/vicon_receiver/include/boost/mpl/aux_/preprocessed/no_ctps/vector.hpp
-- Up-to-date: /home/ph/treasure/dockerBENCH/helios16p_ws/install/vicon_receiver/include/boost/mpl/aux_/preprocessed/no_ctps/vector_c.hpp
-- Up-to-date: /home/ph/treasure/dockerBENCH/helios16p_ws/install/vicon_receiver/include/boost/mpl/aux_/preprocessed/no_ctps/minus.hpp
-- Up-to-date: /home/ph/treasure/dockerBENCH/helios16p_ws/install/vicon_receiver/include/boost/mpl/aux_/preprocessed/no_ctps/list.hpp
-- Up-to-date: /home/ph/treasure/dockerBENCH/helios16p_ws/install/vicon_receiver/include/boost/mpl/aux_/preprocessed/no_ctps/bitand.hpp
-- Up-to-date: /home/ph/treasure/dockerBENCH/helios16p_ws/install/vicon_receiver/include/boost/mpl/aux_/preprocessed/no_ctps/shift_left.hpp
-- Up-to-date: /home/ph/treasure/dockerBENCH/helios16p_ws/install/vicon_receiver/include/boost/mpl/aux_/preprocessed/no_ctps/template_arity.hpp
-- Up-to-date: /home/ph/treasure/dockerBENCH/helios16p_ws/install/vicon_receiver/include/boost/mpl/aux_/preprocessed/no_ctps/equal_to.hpp
-- Up-to-date: /home/ph/treasure/dockerBENCH/helios16p_ws/install/vicon_receiver/include/boost/mpl/aux_/preprocessed/no_ctps/placeholders.hpp
-- Up-to-date: /home/ph/treasure/dockerBENCH/helios16p_ws/install/vicon_receiver/include/boost/mpl/aux_/preprocessed/no_ctps/advance_forward.hpp
-- Up-to-date: /home/ph/treasure/dockerBENCH/helios16p_ws/install/vicon_receiver/include/boost/mpl/aux_/preprocessed/no_ctps/apply_wrap.hpp
-- Up-to-date: /home/ph/treasure/dockerBENCH/helios16p_ws/install/vicon_receiver/include/boost/mpl/aux_/preprocessed/no_ctps/or.hpp
-- Up-to-date: /home/ph/treasure/dockerBENCH/helios16p_ws/install/vicon_receiver/include/boost/mpl/aux_/preprocessed/no_ctps/not_equal_to.hpp
-- Up-to-date: /home/ph/treasure/dockerBENCH/helios16p_ws/install/vicon_receiver/include/boost/mpl/aux_/preprocessed/no_ctps/reverse_fold_impl.hpp
-- Up-to-date: /home/ph/treasure/dockerBENCH/helios16p_ws/install/vicon_receiver/include/boost/mpl/aux_/preprocessed/no_ctps/iter_fold_if_impl.hpp
-- Up-to-date: /home/ph/treasure/dockerBENCH/helios16p_ws/install/vicon_receiver/include/boost/mpl/aux_/preprocessed/no_ctps/less_equal.hpp
-- Up-to-date: /home/ph/treasure/dockerBENCH/helios16p_ws/install/vicon_receiver/include/boost/mpl/aux_/preprocessed/no_ctps/times.hpp
-- Up-to-date: /home/ph/treasure/dockerBENCH/helios16p_ws/install/vicon_receiver/include/boost/mpl/aux_/preprocessed/no_ctps/less.hpp
-- Up-to-date: /home/ph/treasure/dockerBENCH/helios16p_ws/install/vicon_receiver/include/boost/mpl/aux_/preprocessed/no_ctps/iter_fold_impl.hpp
-- Up-to-date: /home/ph/treasure/dockerBENCH/helios16p_ws/install/vicon_receiver/include/boost/mpl/aux_/preprocessed/no_ctps/full_lambda.hpp
-- Up-to-date: /home/ph/treasure/dockerBENCH/helios16p_ws/install/vicon_receiver/include/boost/mpl/aux_/preprocessed/no_ctps/arg.hpp
-- Up-to-date: /home/ph/treasure/dockerBENCH/helios16p_ws/install/vicon_receiver/include/boost/mpl/aux_/preprocessed/no_ctps/list_c.hpp
-- Up-to-date: /home/ph/treasure/dockerBENCH/helios16p_ws/install/vicon_receiver/include/boost/mpl/aux_/preprocessed/no_ctps/bitxor.hpp
-- Up-to-date: /home/ph/treasure/dockerBENCH/helios16p_ws/install/vicon_receiver/include/boost/mpl/aux_/preprocessed/no_ctps/set.hpp
-- Up-to-date: /home/ph/treasure/dockerBENCH/helios16p_ws/install/vicon_receiver/include/boost/mpl/aux_/preprocessed/no_ctps/bind_fwd.hpp
-- Up-to-date: /home/ph/treasure/dockerBENCH/helios16p_ws/install/vicon_receiver/include/boost/mpl/aux_/preprocessed/no_ctps/reverse_iter_fold_impl.hpp
-- Up-to-date: /home/ph/treasure/dockerBENCH/helios16p_ws/install/vicon_receiver/include/boost/mpl/aux_/preprocessed/no_ctps/divides.hpp
-- Up-to-date: /home/ph/treasure/dockerBENCH/helios16p_ws/install/vicon_receiver/include/boost/mpl/aux_/preprocessed/no_ctps/fold_impl.hpp
-- Up-to-date: /home/ph/treasure/dockerBENCH/helios16p_ws/install/vicon_receiver/include/boost/mpl/aux_/preprocessed/no_ctps/apply.hpp
-- Up-to-date: /home/ph/treasure/dockerBENCH/helios16p_ws/install/vicon_receiver/include/boost/mpl/aux_/preprocessed/no_ctps/plus.hpp
-- Up-to-date: /home/ph/treasure/dockerBENCH/helios16p_ws/install/vicon_receiver/include/boost/mpl/aux_/preprocessed/no_ctps/bitor.hpp
-- Up-to-date: /home/ph/treasure/dockerBENCH/helios16p_ws/install/vicon_receiver/include/boost/mpl/aux_/na_assert.hpp
-- Up-to-date: /home/ph/treasure/dockerBENCH/helios16p_ws/install/vicon_receiver/include/boost/mpl/aux_/iter_apply.hpp
-- Up-to-date: /home/ph/treasure/dockerBENCH/helios16p_ws/install/vicon_receiver/include/boost/mpl/aux_/advance_forward.hpp
-- Up-to-date: /home/ph/treasure/dockerBENCH/helios16p_ws/install/vicon_receiver/include/boost/mpl/aux_/joint_iter.hpp
-- Up-to-date: /home/ph/treasure/dockerBENCH/helios16p_ws/install/vicon_receiver/include/boost/mpl/aux_/inserter_algorithm.hpp
-- Up-to-date: /home/ph/treasure/dockerBENCH/helios16p_ws/install/vicon_receiver/include/boost/mpl/aux_/include_preprocessed.hpp
-- Up-to-date: /home/ph/treasure/dockerBENCH/helios16p_ws/install/vicon_receiver/include/boost/mpl/aux_/reverse_fold_impl.hpp
-- Up-to-date: /home/ph/treasure/dockerBENCH/helios16p_ws/install/vicon_receiver/include/boost/mpl/aux_/reverse_fold_impl_body.hpp
-- Up-to-date: /home/ph/treasure/dockerBENCH/helios16p_ws/install/vicon_receiver/include/boost/mpl/aux_/arg_typedef.hpp
-- Up-to-date: /home/ph/treasure/dockerBENCH/helios16p_ws/install/vicon_receiver/include/boost/mpl/aux_/numeric_op.hpp
-- Up-to-date: /home/ph/treasure/dockerBENCH/helios16p_ws/install/vicon_receiver/include/boost/mpl/aux_/iter_fold_if_impl.hpp
-- Up-to-date: /home/ph/treasure/dockerBENCH/helios16p_ws/install/vicon_receiver/include/boost/mpl/aux_/arithmetic_op.hpp
-- Up-to-date: /home/ph/treasure/dockerBENCH/helios16p_ws/install/vicon_receiver/include/boost/mpl/aux_/msvc_eti_base.hpp
-- Up-to-date: /home/ph/treasure/dockerBENCH/helios16p_ws/install/vicon_receiver/include/boost/mpl/aux_/adl_barrier.hpp
-- Up-to-date: /home/ph/treasure/dockerBENCH/helios16p_ws/install/vicon_receiver/include/boost/mpl/aux_/iter_fold_impl.hpp
-- Up-to-date: /home/ph/treasure/dockerBENCH/helios16p_ws/install/vicon_receiver/include/boost/mpl/aux_/full_lambda.hpp
-- Up-to-date: /home/ph/treasure/dockerBENCH/helios16p_ws/install/vicon_receiver/include/boost/mpl/aux_/na_spec.hpp
-- Up-to-date: /home/ph/treasure/dockerBENCH/helios16p_ws/install/vicon_receiver/include/boost/mpl/aux_/lambda_support.hpp
-- Up-to-date: /home/ph/treasure/dockerBENCH/helios16p_ws/install/vicon_receiver/include/boost/mpl/aux_/lambda_spec.hpp
-- Up-to-date: /home/ph/treasure/dockerBENCH/helios16p_ws/install/vicon_receiver/include/boost/mpl/aux_/push_front_impl.hpp
-- Up-to-date: /home/ph/treasure/dockerBENCH/helios16p_ws/install/vicon_receiver/include/boost/mpl/aux_/sequence_wrapper.hpp
-- Up-to-date: /home/ph/treasure/dockerBENCH/helios16p_ws/install/vicon_receiver/include/boost/mpl/aux_/erase_impl.hpp
-- Up-to-date: /home/ph/treasure/dockerBENCH/helios16p_ws/install/vicon_receiver/include/boost/mpl/aux_/comparison_op.hpp
-- Up-to-date: /home/ph/treasure/dockerBENCH/helios16p_ws/install/vicon_receiver/include/boost/mpl/aux_/msvc_never_true.hpp
-- Up-to-date: /home/ph/treasure/dockerBENCH/helios16p_ws/install/vicon_receiver/include/boost/mpl/aux_/erase_key_impl.hpp
-- Up-to-date: /home/ph/treasure/dockerBENCH/helios16p_ws/install/vicon_receiver/include/boost/mpl/aux_/na.hpp
-- Up-to-date: /home/ph/treasure/dockerBENCH/helios16p_ws/install/vicon_receiver/include/boost/mpl/aux_/front_impl.hpp
-- Up-to-date: /home/ph/treasure/dockerBENCH/helios16p_ws/install/vicon_receiver/include/boost/mpl/aux_/back_impl.hpp
-- Up-to-date: /home/ph/treasure/dockerBENCH/helios16p_ws/install/vicon_receiver/include/boost/mpl/aux_/at_impl.hpp
-- Up-to-date: /home/ph/treasure/dockerBENCH/helios16p_ws/install/vicon_receiver/include/boost/mpl/aux_/is_msvc_eti_arg.hpp
-- Up-to-date: /home/ph/treasure/dockerBENCH/helios16p_ws/install/vicon_receiver/include/boost/mpl/aux_/arity.hpp
-- Up-to-date: /home/ph/treasure/dockerBENCH/helios16p_ws/install/vicon_receiver/include/boost/mpl/aux_/traits_lambda_spec.hpp
-- Up-to-date: /home/ph/treasure/dockerBENCH/helios16p_ws/install/vicon_receiver/include/boost/mpl/aux_/fold_impl.hpp
-- Up-to-date: /home/ph/treasure/dockerBENCH/helios16p_ws/install/vicon_receiver/include/boost/mpl/aux_/empty_impl.hpp
-- Up-to-date: /home/ph/treasure/dockerBENCH/helios16p_ws/install/vicon_receiver/include/boost/mpl/aux_/integral_wrapper.hpp
-- Up-to-date: /home/ph/treasure/dockerBENCH/helios16p_ws/install/vicon_receiver/include/boost/mpl/aux_/template_arity_fwd.hpp
-- Up-to-date: /home/ph/treasure/dockerBENCH/helios16p_ws/install/vicon_receiver/include/boost/mpl/aux_/pop_front_impl.hpp
-- Up-to-date: /home/ph/treasure/dockerBENCH/helios16p_ws/install/vicon_receiver/include/boost/mpl/aux_/has_key_impl.hpp
-- Up-to-date: /home/ph/treasure/dockerBENCH/helios16p_ws/install/vicon_receiver/include/boost/mpl/is_sequence.hpp
-- Up-to-date: /home/ph/treasure/dockerBENCH/helios16p_ws/install/vicon_receiver/include/boost/mpl/has_xxx.hpp
-- Up-to-date: /home/ph/treasure/dockerBENCH/helios16p_ws/install/vicon_receiver/include/boost/mpl/logical.hpp
-- Up-to-date: /home/ph/treasure/dockerBENCH/helios16p_ws/install/vicon_receiver/include/boost/mpl/minus.hpp
-- Up-to-date: /home/ph/treasure/dockerBENCH/helios16p_ws/install/vicon_receiver/include/boost/mpl/clear.hpp
-- Up-to-date: /home/ph/treasure/dockerBENCH/helios16p_ws/install/vicon_receiver/include/boost/mpl/identity.hpp
-- Up-to-date: /home/ph/treasure/dockerBENCH/helios16p_ws/install/vicon_receiver/include/boost/mpl/list.hpp
-- Up-to-date: /home/ph/treasure/dockerBENCH/helios16p_ws/install/vicon_receiver/include/boost/mpl/int.hpp
-- Up-to-date: /home/ph/treasure/dockerBENCH/helios16p_ws/install/vicon_receiver/include/boost/mpl/comparison.hpp
-- Up-to-date: /home/ph/treasure/dockerBENCH/helios16p_ws/install/vicon_receiver/include/boost/mpl/distance_fwd.hpp
-- Up-to-date: /home/ph/treasure/dockerBENCH/helios16p_ws/install/vicon_receiver/include/boost/mpl/bool.hpp
-- Up-to-date: /home/ph/treasure/dockerBENCH/helios16p_ws/install/vicon_receiver/include/boost/mpl/equal_to.hpp
-- Up-to-date: /home/ph/treasure/dockerBENCH/helios16p_ws/install/vicon_receiver/include/boost/mpl/end.hpp
-- Up-to-date: /home/ph/treasure/dockerBENCH/helios16p_ws/install/vicon_receiver/include/boost/mpl/placeholders.hpp
-- Up-to-date: /home/ph/treasure/dockerBENCH/helios16p_ws/install/vicon_receiver/include/boost/mpl/int_fwd.hpp
-- Up-to-date: /home/ph/treasure/dockerBENCH/helios16p_ws/install/vicon_receiver/include/boost/mpl/fold.hpp
-- Up-to-date: /home/ph/treasure/dockerBENCH/helios16p_ws/install/vicon_receiver/include/boost/mpl/push_front_fwd.hpp
-- Up-to-date: /home/ph/treasure/dockerBENCH/helios16p_ws/install/vicon_receiver/include/boost/mpl/if.hpp
-- Up-to-date: /home/ph/treasure/dockerBENCH/helios16p_ws/install/vicon_receiver/include/boost/mpl/remove_if.hpp
-- Up-to-date: /home/ph/treasure/dockerBENCH/helios16p_ws/install/vicon_receiver/include/boost/mpl/front_fwd.hpp
-- Up-to-date: /home/ph/treasure/dockerBENCH/helios16p_ws/install/vicon_receiver/include/boost/mpl/erase_key.hpp
-- Up-to-date: /home/ph/treasure/dockerBENCH/helios16p_ws/install/vicon_receiver/include/boost/mpl/pop_back.hpp
-- Up-to-date: /home/ph/treasure/dockerBENCH/helios16p_ws/install/vicon_receiver/include/boost/mpl/apply_wrap.hpp
-- Up-to-date: /home/ph/treasure/dockerBENCH/helios16p_ws/install/vicon_receiver/include/boost/mpl/front_inserter.hpp
-- Up-to-date: /home/ph/treasure/dockerBENCH/helios16p_ws/install/vicon_receiver/include/boost/mpl/or.hpp
-- Up-to-date: /home/ph/treasure/dockerBENCH/helios16p_ws/install/vicon_receiver/include/boost/mpl/not_equal_to.hpp
-- Up-to-date: /home/ph/treasure/dockerBENCH/helios16p_ws/install/vicon_receiver/include/boost/mpl/eval_if.hpp
-- Up-to-date: /home/ph/treasure/dockerBENCH/helios16p_ws/install/vicon_receiver/include/boost/mpl/push_back_fwd.hpp
-- Up-to-date: /home/ph/treasure/dockerBENCH/helios16p_ws/install/vicon_receiver/include/boost/mpl/protect.hpp
-- Up-to-date: /home/ph/treasure/dockerBENCH/helios16p_ws/install/vicon_receiver/include/boost/mpl/vector
-- Up-to-date: /home/ph/treasure/dockerBENCH/helios16p_ws/install/vicon_receiver/include/boost/mpl/vector/vector20_c.hpp
-- Up-to-date: /home/ph/treasure/dockerBENCH/helios16p_ws/install/vicon_receiver/include/boost/mpl/vector/vector30_c.hpp
-- Up-to-date: /home/ph/treasure/dockerBENCH/helios16p_ws/install/vicon_receiver/include/boost/mpl/vector/vector10.hpp
-- Up-to-date: /home/ph/treasure/dockerBENCH/helios16p_ws/install/vicon_receiver/include/boost/mpl/vector/vector40_c.hpp
-- Up-to-date: /home/ph/treasure/dockerBENCH/helios16p_ws/install/vicon_receiver/include/boost/mpl/vector/vector0.hpp
-- Up-to-date: /home/ph/treasure/dockerBENCH/helios16p_ws/install/vicon_receiver/include/boost/mpl/vector/vector20.hpp
-- Up-to-date: /home/ph/treasure/dockerBENCH/helios16p_ws/install/vicon_receiver/include/boost/mpl/vector/vector0_c.hpp
-- Up-to-date: /home/ph/treasure/dockerBENCH/helios16p_ws/install/vicon_receiver/include/boost/mpl/vector/vector50_c.hpp
-- Up-to-date: /home/ph/treasure/dockerBENCH/helios16p_ws/install/vicon_receiver/include/boost/mpl/vector/vector30.hpp
-- Up-to-date: /home/ph/treasure/dockerBENCH/helios16p_ws/install/vicon_receiver/include/boost/mpl/vector/vector40.hpp
-- Up-to-date: /home/ph/treasure/dockerBENCH/helios16p_ws/install/vicon_receiver/include/boost/mpl/vector/aux_
-- Up-to-date: /home/ph/treasure/dockerBENCH/helios16p_ws/install/vicon_receiver/include/boost/mpl/vector/aux_/empty.hpp
-- Up-to-date: /home/ph/treasure/dockerBENCH/helios16p_ws/install/vicon_receiver/include/boost/mpl/vector/aux_/at.hpp
-- Up-to-date: /home/ph/treasure/dockerBENCH/helios16p_ws/install/vicon_receiver/include/boost/mpl/vector/aux_/push_back.hpp
-- Up-to-date: /home/ph/treasure/dockerBENCH/helios16p_ws/install/vicon_receiver/include/boost/mpl/vector/aux_/item.hpp
-- Up-to-date: /home/ph/treasure/dockerBENCH/helios16p_ws/install/vicon_receiver/include/boost/mpl/vector/aux_/tag.hpp
-- Up-to-date: /home/ph/treasure/dockerBENCH/helios16p_ws/install/vicon_receiver/include/boost/mpl/vector/aux_/vector0.hpp
-- Up-to-date: /home/ph/treasure/dockerBENCH/helios16p_ws/install/vicon_receiver/include/boost/mpl/vector/aux_/numbered.hpp
-- Up-to-date: /home/ph/treasure/dockerBENCH/helios16p_ws/install/vicon_receiver/include/boost/mpl/vector/aux_/pop_front.hpp
-- Up-to-date: /home/ph/treasure/dockerBENCH/helios16p_ws/install/vicon_receiver/include/boost/mpl/vector/aux_/push_front.hpp
-- Up-to-date: /home/ph/treasure/dockerBENCH/helios16p_ws/install/vicon_receiver/include/boost/mpl/vector/aux_/O1_size.hpp
-- Up-to-date: /home/ph/treasure/dockerBENCH/helios16p_ws/install/vicon_receiver/include/boost/mpl/vector/aux_/back.hpp
-- Up-to-date: /home/ph/treasure/dockerBENCH/helios16p_ws/install/vicon_receiver/include/boost/mpl/vector/aux_/front.hpp
-- Up-to-date: /home/ph/treasure/dockerBENCH/helios16p_ws/install/vicon_receiver/include/boost/mpl/vector/aux_/numbered_c.hpp
-- Up-to-date: /home/ph/treasure/dockerBENCH/helios16p_ws/install/vicon_receiver/include/boost/mpl/vector/aux_/clear.hpp
-- Up-to-date: /home/ph/treasure/dockerBENCH/helios16p_ws/install/vicon_receiver/include/boost/mpl/vector/aux_/preprocessed
-- Up-to-date: /home/ph/treasure/dockerBENCH/helios16p_ws/install/vicon_receiver/include/boost/mpl/vector/aux_/preprocessed/typeof_based
-- Up-to-date: /home/ph/treasure/dockerBENCH/helios16p_ws/install/vicon_receiver/include/boost/mpl/vector/aux_/preprocessed/typeof_based/vector20_c.hpp
-- Up-to-date: /home/ph/treasure/dockerBENCH/helios16p_ws/install/vicon_receiver/include/boost/mpl/vector/aux_/preprocessed/typeof_based/vector30_c.hpp
-- Up-to-date: /home/ph/treasure/dockerBENCH/helios16p_ws/install/vicon_receiver/include/boost/mpl/vector/aux_/preprocessed/typeof_based/vector10.hpp
-- Up-to-date: /home/ph/treasure/dockerBENCH/helios16p_ws/install/vicon_receiver/include/boost/mpl/vector/aux_/preprocessed/typeof_based/vector40_c.hpp
-- Up-to-date: /home/ph/treasure/dockerBENCH/helios16p_ws/install/vicon_receiver/include/boost/mpl/vector/aux_/preprocessed/typeof_based/vector20.hpp
-- Up-to-date: /home/ph/treasure/dockerBENCH/helios16p_ws/install/vicon_receiver/include/boost/mpl/vector/aux_/preprocessed/typeof_based/vector50_c.hpp
-- Up-to-date: /home/ph/treasure/dockerBENCH/helios16p_ws/install/vicon_receiver/include/boost/mpl/vector/aux_/preprocessed/typeof_based/vector30.hpp
-- Up-to-date: /home/ph/treasure/dockerBENCH/helios16p_ws/install/vicon_receiver/include/boost/mpl/vector/aux_/preprocessed/typeof_based/vector40.hpp
-- Up-to-date: /home/ph/treasure/dockerBENCH/helios16p_ws/install/vicon_receiver/include/boost/mpl/vector/aux_/preprocessed/typeof_based/vector10_c.hpp
-- Up-to-date: /home/ph/treasure/dockerBENCH/helios16p_ws/install/vicon_receiver/include/boost/mpl/vector/aux_/preprocessed/typeof_based/vector50.hpp
-- Up-to-date: /home/ph/treasure/dockerBENCH/helios16p_ws/install/vicon_receiver/include/boost/mpl/vector/aux_/preprocessed/plain
-- Up-to-date: /home/ph/treasure/dockerBENCH/helios16p_ws/install/vicon_receiver/include/boost/mpl/vector/aux_/preprocessed/plain/vector20_c.hpp
-- Up-to-date: /home/ph/treasure/dockerBENCH/helios16p_ws/install/vicon_receiver/include/boost/mpl/vector/aux_/preprocessed/plain/vector30_c.hpp
-- Up-to-date: /home/ph/treasure/dockerBENCH/helios16p_ws/install/vicon_receiver/include/boost/mpl/vector/aux_/preprocessed/plain/vector10.hpp
-- Up-to-date: /home/ph/treasure/dockerBENCH/helios16p_ws/install/vicon_receiver/include/boost/mpl/vector/aux_/preprocessed/plain/vector40_c.hpp
-- Up-to-date: /home/ph/treasure/dockerBENCH/helios16p_ws/install/vicon_receiver/include/boost/mpl/vector/aux_/preprocessed/plain/vector20.hpp
-- Up-to-date: /home/ph/treasure/dockerBENCH/helios16p_ws/install/vicon_receiver/include/boost/mpl/vector/aux_/preprocessed/plain/vector50_c.hpp
-- Up-to-date: /home/ph/treasure/dockerBENCH/helios16p_ws/install/vicon_receiver/include/boost/mpl/vector/aux_/preprocessed/plain/vector30.hpp
-- Up-to-date: /home/ph/treasure/dockerBENCH/helios16p_ws/install/vicon_receiver/include/boost/mpl/vector/aux_/preprocessed/plain/vector40.hpp
-- Up-to-date: /home/ph/treasure/dockerBENCH/helios16p_ws/install/vicon_receiver/include/boost/mpl/vector/aux_/preprocessed/plain/vector10_c.hpp
-- Up-to-date: /home/ph/treasure/dockerBENCH/helios16p_ws/install/vicon_receiver/include/boost/mpl/vector/aux_/preprocessed/plain/vector50.hpp
-- Up-to-date: /home/ph/treasure/dockerBENCH/helios16p_ws/install/vicon_receiver/include/boost/mpl/vector/aux_/preprocessed/no_ctps
-- Up-to-date: /home/ph/treasure/dockerBENCH/helios16p_ws/install/vicon_receiver/include/boost/mpl/vector/aux_/preprocessed/no_ctps/vector20_c.hpp
-- Up-to-date: /home/ph/treasure/dockerBENCH/helios16p_ws/install/vicon_receiver/include/boost/mpl/vector/aux_/preprocessed/no_ctps/vector30_c.hpp
-- Up-to-date: /home/ph/treasure/dockerBENCH/helios16p_ws/install/vicon_receiver/include/boost/mpl/vector/aux_/preprocessed/no_ctps/vector10.hpp
-- Up-to-date: /home/ph/treasure/dockerBENCH/helios16p_ws/install/vicon_receiver/include/boost/mpl/vector/aux_/preprocessed/no_ctps/vector40_c.hpp
-- Up-to-date: /home/ph/treasure/dockerBENCH/helios16p_ws/install/vicon_receiver/include/boost/mpl/vector/aux_/preprocessed/no_ctps/vector20.hpp
-- Up-to-date: /home/ph/treasure/dockerBENCH/helios16p_ws/install/vicon_receiver/include/boost/mpl/vector/aux_/preprocessed/no_ctps/vector50_c.hpp
-- Up-to-date: /home/ph/treasure/dockerBENCH/helios16p_ws/install/vicon_receiver/include/boost/mpl/vector/aux_/preprocessed/no_ctps/vector30.hpp
-- Up-to-date: /home/ph/treasure/dockerBENCH/helios16p_ws/install/vicon_receiver/include/boost/mpl/vector/aux_/preprocessed/no_ctps/vector40.hpp
-- Up-to-date: /home/ph/treasure/dockerBENCH/helios16p_ws/install/vicon_receiver/include/boost/mpl/vector/aux_/preprocessed/no_ctps/vector10_c.hpp
-- Up-to-date: /home/ph/treasure/dockerBENCH/helios16p_ws/install/vicon_receiver/include/boost/mpl/vector/aux_/preprocessed/no_ctps/vector50.hpp
-- Up-to-date: /home/ph/treasure/dockerBENCH/helios16p_ws/install/vicon_receiver/include/boost/mpl/vector/aux_/pop_back.hpp
-- Up-to-date: /home/ph/treasure/dockerBENCH/helios16p_ws/install/vicon_receiver/include/boost/mpl/vector/aux_/include_preprocessed.hpp
-- Up-to-date: /home/ph/treasure/dockerBENCH/helios16p_ws/install/vicon_receiver/include/boost/mpl/vector/aux_/begin_end.hpp
-- Up-to-date: /home/ph/treasure/dockerBENCH/helios16p_ws/install/vicon_receiver/include/boost/mpl/vector/aux_/size.hpp
-- Up-to-date: /home/ph/treasure/dockerBENCH/helios16p_ws/install/vicon_receiver/include/boost/mpl/vector/aux_/iterator.hpp
-- Up-to-date: /home/ph/treasure/dockerBENCH/helios16p_ws/install/vicon_receiver/include/boost/mpl/vector/vector10_c.hpp
-- Up-to-date: /home/ph/treasure/dockerBENCH/helios16p_ws/install/vicon_receiver/include/boost/mpl/vector/vector50.hpp
-- Up-to-date: /home/ph/treasure/dockerBENCH/helios16p_ws/install/vicon_receiver/include/boost/mpl/begin_end_fwd.hpp
-- Up-to-date: /home/ph/treasure/dockerBENCH/helios16p_ws/install/vicon_receiver/include/boost/mpl/less_equal.hpp
-- Up-to-date: /home/ph/treasure/dockerBENCH/helios16p_ws/install/vicon_receiver/include/boost/mpl/times.hpp
-- Up-to-date: /home/ph/treasure/dockerBENCH/helios16p_ws/install/vicon_receiver/include/boost/mpl/insert_fwd.hpp
-- Up-to-date: /home/ph/treasure/dockerBENCH/helios16p_ws/install/vicon_receiver/include/boost/mpl/less.hpp
-- Up-to-date: /home/ph/treasure/dockerBENCH/helios16p_ws/install/vicon_receiver/include/boost/mpl/void_fwd.hpp
-- Up-to-date: /home/ph/treasure/dockerBENCH/helios16p_ws/install/vicon_receiver/include/boost/mpl/pop_front_fwd.hpp
-- Up-to-date: /home/ph/treasure/dockerBENCH/helios16p_ws/install/vicon_receiver/include/boost/mpl/arg.hpp
-- Up-to-date: /home/ph/treasure/dockerBENCH/helios16p_ws/install/vicon_receiver/include/boost/mpl/contains_fwd.hpp
-- Up-to-date: /home/ph/treasure/dockerBENCH/helios16p_ws/install/vicon_receiver/include/boost/mpl/iterator_tags.hpp
-- Up-to-date: /home/ph/treasure/dockerBENCH/helios16p_ws/install/vicon_receiver/include/boost/mpl/size_t_fwd.hpp
-- Up-to-date: /home/ph/treasure/dockerBENCH/helios16p_ws/install/vicon_receiver/include/boost/mpl/long_fwd.hpp
-- Up-to-date: /home/ph/treasure/dockerBENCH/helios16p_ws/install/vicon_receiver/include/boost/mpl/begin_end.hpp
-- Up-to-date: /home/ph/treasure/dockerBENCH/helios16p_ws/install/vicon_receiver/include/boost/mpl/iter_fold.hpp
-- Up-to-date: /home/ph/treasure/dockerBENCH/helios16p_ws/install/vicon_receiver/include/boost/mpl/has_key_fwd.hpp
-- Up-to-date: /home/ph/treasure/dockerBENCH/helios16p_ws/install/vicon_receiver/include/boost/mpl/next_prior.hpp
-- Up-to-date: /home/ph/treasure/dockerBENCH/helios16p_ws/install/vicon_receiver/include/boost/mpl/negate.hpp
-- Up-to-date: /home/ph/treasure/dockerBENCH/helios16p_ws/install/vicon_receiver/include/boost/mpl/always.hpp
-- Up-to-date: /home/ph/treasure/dockerBENCH/helios16p_ws/install/vicon_receiver/include/boost/mpl/size_fwd.hpp
-- Up-to-date: /home/ph/treasure/dockerBENCH/helios16p_ws/install/vicon_receiver/include/boost/mpl/iterator_range.hpp
-- Up-to-date: /home/ph/treasure/dockerBENCH/helios16p_ws/install/vicon_receiver/include/boost/mpl/prior.hpp
-- Up-to-date: /home/ph/treasure/dockerBENCH/helios16p_ws/install/vicon_receiver/include/boost/mpl/inserter.hpp
-- Up-to-date: /home/ph/treasure/dockerBENCH/helios16p_ws/install/vicon_receiver/include/boost/mpl/limits
-- Up-to-date: /home/ph/treasure/dockerBENCH/helios16p_ws/install/vicon_receiver/include/boost/mpl/limits/unrolling.hpp
-- Up-to-date: /home/ph/treasure/dockerBENCH/helios16p_ws/install/vicon_receiver/include/boost/mpl/limits/vector.hpp
-- Up-to-date: /home/ph/treasure/dockerBENCH/helios16p_ws/install/vicon_receiver/include/boost/mpl/limits/list.hpp
-- Up-to-date: /home/ph/treasure/dockerBENCH/helios16p_ws/install/vicon_receiver/include/boost/mpl/limits/arity.hpp
-- Up-to-date: /home/ph/treasure/dockerBENCH/helios16p_ws/install/vicon_receiver/include/boost/mpl/bind_fwd.hpp
-- Up-to-date: /home/ph/treasure/dockerBENCH/helios16p_ws/install/vicon_receiver/include/boost/mpl/void.hpp
-- Up-to-date: /home/ph/treasure/dockerBENCH/helios16p_ws/install/vicon_receiver/include/boost/mpl/O1_size_fwd.hpp
-- Up-to-date: /home/ph/treasure/dockerBENCH/helios16p_ws/install/vicon_receiver/include/boost/mpl/size_t.hpp
-- Up-to-date: /home/ph/treasure/dockerBENCH/helios16p_ws/install/vicon_receiver/include/boost/mpl/size.hpp
-- Up-to-date: /home/ph/treasure/dockerBENCH/helios16p_ws/install/vicon_receiver/include/boost/mpl/lambda.hpp
-- Up-to-date: /home/ph/treasure/dockerBENCH/helios16p_ws/install/vicon_receiver/include/boost/mpl/long.hpp
-- Up-to-date: /home/ph/treasure/dockerBENCH/helios16p_ws/install/vicon_receiver/include/boost/mpl/sequence_tag_fwd.hpp
-- Up-to-date: /home/ph/treasure/dockerBENCH/helios16p_ws/install/vicon_receiver/include/boost/mpl/apply.hpp
-- Up-to-date: /home/ph/treasure/dockerBENCH/helios16p_ws/install/vicon_receiver/include/boost/mpl/insert.hpp
-- Up-to-date: /home/ph/treasure/dockerBENCH/helios16p_ws/install/vicon_receiver/include/boost/mpl/numeric_cast.hpp
-- Up-to-date: /home/ph/treasure/dockerBENCH/helios16p_ws/install/vicon_receiver/include/boost/mpl/joint_view.hpp
-- Up-to-date: /home/ph/treasure/dockerBENCH/helios16p_ws/install/vicon_receiver/include/boost/mpl/not.hpp
-- Up-to-date: /home/ph/treasure/dockerBENCH/helios16p_ws/install/vicon_receiver/include/boost/mpl/integral_c_fwd.hpp
-- Up-to-date: /home/ph/treasure/dockerBENCH/helios16p_ws/install/vicon_receiver/include/boost/mpl/plus.hpp
-- Up-to-date: /home/ph/treasure/dockerBENCH/helios16p_ws/install/vicon_receiver/include/boost/iterator
-- Up-to-date: /home/ph/treasure/dockerBENCH/helios16p_ws/install/vicon_receiver/include/boost/iterator/reverse_iterator.hpp
-- Up-to-date: /home/ph/treasure/dockerBENCH/helios16p_ws/install/vicon_receiver/include/boost/iterator/advance.hpp
-- Up-to-date: /home/ph/treasure/dockerBENCH/helios16p_ws/install/vicon_receiver/include/boost/iterator/transform_iterator.hpp
-- Up-to-date: /home/ph/treasure/dockerBENCH/helios16p_ws/install/vicon_receiver/include/boost/iterator/distance.hpp
-- Up-to-date: /home/ph/treasure/dockerBENCH/helios16p_ws/install/vicon_receiver/include/boost/iterator/detail
-- Up-to-date: /home/ph/treasure/dockerBENCH/helios16p_ws/install/vicon_receiver/include/boost/iterator/detail/config_undef.hpp
-- Up-to-date: /home/ph/treasure/dockerBENCH/helios16p_ws/install/vicon_receiver/include/boost/iterator/detail/facade_iterator_category.hpp
-- Up-to-date: /home/ph/treasure/dockerBENCH/helios16p_ws/install/vicon_receiver/include/boost/iterator/detail/enable_if.hpp
-- Up-to-date: /home/ph/treasure/dockerBENCH/helios16p_ws/install/vicon_receiver/include/boost/iterator/detail/config_def.hpp
-- Up-to-date: /home/ph/treasure/dockerBENCH/helios16p_ws/install/vicon_receiver/include/boost/iterator/zip_iterator.hpp
-- Up-to-date: /home/ph/treasure/dockerBENCH/helios16p_ws/install/vicon_receiver/include/boost/iterator/iterator_traits.hpp
-- Up-to-date: /home/ph/treasure/dockerBENCH/helios16p_ws/install/vicon_receiver/include/boost/iterator/iterator_adaptor.hpp
-- Up-to-date: /home/ph/treasure/dockerBENCH/helios16p_ws/install/vicon_receiver/include/boost/iterator/interoperable.hpp
-- Up-to-date: /home/ph/treasure/dockerBENCH/helios16p_ws/install/vicon_receiver/include/boost/iterator/iterator_concepts.hpp
-- Up-to-date: /home/ph/treasure/dockerBENCH/helios16p_ws/install/vicon_receiver/include/boost/iterator/minimum_category.hpp
-- Up-to-date: /home/ph/treasure/dockerBENCH/helios16p_ws/install/vicon_receiver/include/boost/iterator/iterator_categories.hpp
-- Up-to-date: /home/ph/treasure/dockerBENCH/helios16p_ws/install/vicon_receiver/include/boost/iterator/iterator_facade.hpp
-- Up-to-date: /home/ph/treasure/dockerBENCH/helios16p_ws/install/vicon_receiver/include/boost/integer_traits.hpp
-- Up-to-date: /home/ph/treasure/dockerBENCH/helios16p_ws/install/vicon_receiver/include/boost/optional.hpp
-- Up-to-date: /home/ph/treasure/dockerBENCH/helios16p_ws/install/vicon_receiver/include/boost/function.hpp
-- Up-to-date: /home/ph/treasure/dockerBENCH/helios16p_ws/install/vicon_receiver/include/boost/assert.hpp
-- Up-to-date: /home/ph/treasure/dockerBENCH/helios16p_ws/install/vicon_receiver/include/boost/cstdint.hpp
-- Up-to-date: /home/ph/treasure/dockerBENCH/helios16p_ws/install/vicon_receiver/include/boost/regex
-- Up-to-date: /home/ph/treasure/dockerBENCH/helios16p_ws/install/vicon_receiver/include/boost/regex/config
-- Up-to-date: /home/ph/treasure/dockerBENCH/helios16p_ws/install/vicon_receiver/include/boost/regex/config/cwchar.hpp
-- Up-to-date: /home/ph/treasure/dockerBENCH/helios16p_ws/install/vicon_receiver/include/boost/regex/config/borland.hpp
-- Up-to-date: /home/ph/treasure/dockerBENCH/helios16p_ws/install/vicon_receiver/include/boost/regex/user.hpp
-- Up-to-date: /home/ph/treasure/dockerBENCH/helios16p_ws/install/vicon_receiver/include/boost/regex/config.hpp
-- Up-to-date: /home/ph/treasure/dockerBENCH/helios16p_ws/install/vicon_receiver/include/boost/regex/pending
-- Up-to-date: /home/ph/treasure/dockerBENCH/helios16p_ws/install/vicon_receiver/include/boost/regex/pending/static_mutex.hpp
-- Up-to-date: /home/ph/treasure/dockerBENCH/helios16p_ws/install/vicon_receiver/include/boost/regex/pending/unicode_iterator.hpp
-- Up-to-date: /home/ph/treasure/dockerBENCH/helios16p_ws/install/vicon_receiver/include/boost/regex/pending/object_cache.hpp
-- Up-to-date: /home/ph/treasure/dockerBENCH/helios16p_ws/install/vicon_receiver/include/boost/regex/regex_traits.hpp
-- Up-to-date: /home/ph/treasure/dockerBENCH/helios16p_ws/install/vicon_receiver/include/boost/regex/icu.hpp
-- Up-to-date: /home/ph/treasure/dockerBENCH/helios16p_ws/install/vicon_receiver/include/boost/regex/pattern_except.hpp
-- Up-to-date: /home/ph/treasure/dockerBENCH/helios16p_ws/install/vicon_receiver/include/boost/regex/v4
-- Up-to-date: /home/ph/treasure/dockerBENCH/helios16p_ws/install/vicon_receiver/include/boost/regex/v4/regex_match.hpp
-- Up-to-date: /home/ph/treasure/dockerBENCH/helios16p_ws/install/vicon_receiver/include/boost/regex/v4/basic_regex_parser.hpp
-- Up-to-date: /home/ph/treasure/dockerBENCH/helios16p_ws/install/vicon_receiver/include/boost/regex/v4/fileiter.hpp
-- Up-to-date: /home/ph/treasure/dockerBENCH/helios16p_ws/install/vicon_receiver/include/boost/regex/v4/mem_block_cache.hpp
-- Up-to-date: /home/ph/treasure/dockerBENCH/helios16p_ws/install/vicon_receiver/include/boost/regex/v4/protected_call.hpp
-- Up-to-date: /home/ph/treasure/dockerBENCH/helios16p_ws/install/vicon_receiver/include/boost/regex/v4/cregex.hpp
-- Up-to-date: /home/ph/treasure/dockerBENCH/helios16p_ws/install/vicon_receiver/include/boost/regex/v4/instances.hpp
-- Up-to-date: /home/ph/treasure/dockerBENCH/helios16p_ws/install/vicon_receiver/include/boost/regex/v4/c_regex_traits.hpp
-- Up-to-date: /home/ph/treasure/dockerBENCH/helios16p_ws/install/vicon_receiver/include/boost/regex/v4/regex_raw_buffer.hpp
-- Up-to-date: /home/ph/treasure/dockerBENCH/helios16p_ws/install/vicon_receiver/include/boost/regex/v4/basic_regex_creator.hpp
-- Up-to-date: /home/ph/treasure/dockerBENCH/helios16p_ws/install/vicon_receiver/include/boost/regex/v4/regex_split.hpp
-- Up-to-date: /home/ph/treasure/dockerBENCH/helios16p_ws/install/vicon_receiver/include/boost/regex/v4/char_regex_traits.hpp
-- Up-to-date: /home/ph/treasure/dockerBENCH/helios16p_ws/install/vicon_receiver/include/boost/regex/v4/iterator_traits.hpp
-- Up-to-date: /home/ph/treasure/dockerBENCH/helios16p_ws/install/vicon_receiver/include/boost/regex/v4/regex_grep.hpp
-- Up-to-date: /home/ph/treasure/dockerBENCH/helios16p_ws/install/vicon_receiver/include/boost/regex/v4/regex_replace.hpp
-- Up-to-date: /home/ph/treasure/dockerBENCH/helios16p_ws/install/vicon_receiver/include/boost/regex/v4/iterator_category.hpp
-- Up-to-date: /home/ph/treasure/dockerBENCH/helios16p_ws/install/vicon_receiver/include/boost/regex/v4/indexed_bit_flag.hpp
-- Up-to-date: /home/ph/treasure/dockerBENCH/helios16p_ws/install/vicon_receiver/include/boost/regex/v4/regbase.hpp
-- Up-to-date: /home/ph/treasure/dockerBENCH/helios16p_ws/install/vicon_receiver/include/boost/regex/v4/u32regex_token_iterator.hpp
-- Up-to-date: /home/ph/treasure/dockerBENCH/helios16p_ws/install/vicon_receiver/include/boost/regex/v4/regex_fwd.hpp
-- Up-to-date: /home/ph/treasure/dockerBENCH/helios16p_ws/install/vicon_receiver/include/boost/regex/v4/w32_regex_traits.hpp
-- Up-to-date: /home/ph/treasure/dockerBENCH/helios16p_ws/install/vicon_receiver/include/boost/regex/v4/error_type.hpp
-- Up-to-date: /home/ph/treasure/dockerBENCH/helios16p_ws/install/vicon_receiver/include/boost/regex/v4/match_results.hpp
-- Up-to-date: /home/ph/treasure/dockerBENCH/helios16p_ws/install/vicon_receiver/include/boost/regex/v4/perl_matcher.hpp
-- Up-to-date: /home/ph/treasure/dockerBENCH/helios16p_ws/install/vicon_receiver/include/boost/regex/v4/regex_iterator.hpp
-- Up-to-date: /home/ph/treasure/dockerBENCH/helios16p_ws/install/vicon_receiver/include/boost/regex/v4/syntax_type.hpp
-- Up-to-date: /home/ph/treasure/dockerBENCH/helios16p_ws/install/vicon_receiver/include/boost/regex/v4/regex_traits.hpp
-- Up-to-date: /home/ph/treasure/dockerBENCH/helios16p_ws/install/vicon_receiver/include/boost/regex/v4/primary_transform.hpp
-- Up-to-date: /home/ph/treasure/dockerBENCH/helios16p_ws/install/vicon_receiver/include/boost/regex/v4/u32regex_iterator.hpp
-- Up-to-date: /home/ph/treasure/dockerBENCH/helios16p_ws/install/vicon_receiver/include/boost/regex/v4/regex_search.hpp
-- Up-to-date: /home/ph/treasure/dockerBENCH/helios16p_ws/install/vicon_receiver/include/boost/regex/v4/regex.hpp
-- Up-to-date: /home/ph/treasure/dockerBENCH/helios16p_ws/install/vicon_receiver/include/boost/regex/v4/cpp_regex_traits.hpp
-- Up-to-date: /home/ph/treasure/dockerBENCH/helios16p_ws/install/vicon_receiver/include/boost/regex/v4/regex_token_iterator.hpp
-- Up-to-date: /home/ph/treasure/dockerBENCH/helios16p_ws/install/vicon_receiver/include/boost/regex/v4/perl_matcher_common.hpp
-- Up-to-date: /home/ph/treasure/dockerBENCH/helios16p_ws/install/vicon_receiver/include/boost/regex/v4/perl_matcher_recursive.hpp
-- Up-to-date: /home/ph/treasure/dockerBENCH/helios16p_ws/install/vicon_receiver/include/boost/regex/v4/match_flags.hpp
-- Up-to-date: /home/ph/treasure/dockerBENCH/helios16p_ws/install/vicon_receiver/include/boost/regex/v4/regex_merge.hpp
-- Up-to-date: /home/ph/treasure/dockerBENCH/helios16p_ws/install/vicon_receiver/include/boost/regex/v4/regex_traits_defaults.hpp
-- Up-to-date: /home/ph/treasure/dockerBENCH/helios16p_ws/install/vicon_receiver/include/boost/regex/v4/perl_matcher_non_recursive.hpp
-- Up-to-date: /home/ph/treasure/dockerBENCH/helios16p_ws/install/vicon_receiver/include/boost/regex/v4/sub_match.hpp
-- Up-to-date: /home/ph/treasure/dockerBENCH/helios16p_ws/install/vicon_receiver/include/boost/regex/v4/regex_workaround.hpp
-- Up-to-date: /home/ph/treasure/dockerBENCH/helios16p_ws/install/vicon_receiver/include/boost/regex/v4/regex_format.hpp
-- Up-to-date: /home/ph/treasure/dockerBENCH/helios16p_ws/install/vicon_receiver/include/boost/regex/v4/basic_regex.hpp
-- Up-to-date: /home/ph/treasure/dockerBENCH/helios16p_ws/install/vicon_receiver/include/boost/regex/v4/states.hpp
-- Up-to-date: /home/ph/treasure/dockerBENCH/helios16p_ws/install/vicon_receiver/include/boost/io
-- Up-to-date: /home/ph/treasure/dockerBENCH/helios16p_ws/install/vicon_receiver/include/boost/io/detail
-- Up-to-date: /home/ph/treasure/dockerBENCH/helios16p_ws/install/vicon_receiver/include/boost/io/detail/buffer_fill.hpp
-- Up-to-date: /home/ph/treasure/dockerBENCH/helios16p_ws/install/vicon_receiver/include/boost/io/detail/ostream_guard.hpp
-- Up-to-date: /home/ph/treasure/dockerBENCH/helios16p_ws/install/vicon_receiver/include/boost/io/quoted.hpp
-- Up-to-date: /home/ph/treasure/dockerBENCH/helios16p_ws/install/vicon_receiver/include/boost/io/ios_state.hpp
-- Up-to-date: /home/ph/treasure/dockerBENCH/helios16p_ws/install/vicon_receiver/include/boost/winapi
-- Up-to-date: /home/ph/treasure/dockerBENCH/helios16p_ws/install/vicon_receiver/include/boost/winapi/thread.hpp
-- Up-to-date: /home/ph/treasure/dockerBENCH/helios16p_ws/install/vicon_receiver/include/boost/winapi/wait_on_address.hpp
-- Up-to-date: /home/ph/treasure/dockerBENCH/helios16p_ws/install/vicon_receiver/include/boost/winapi/error_handling.hpp
-- Up-to-date: /home/ph/treasure/dockerBENCH/helios16p_ws/install/vicon_receiver/include/boost/winapi/crypt.hpp
-- Up-to-date: /home/ph/treasure/dockerBENCH/helios16p_ws/install/vicon_receiver/include/boost/winapi/get_current_thread.hpp
-- Up-to-date: /home/ph/treasure/dockerBENCH/helios16p_ws/install/vicon_receiver/include/boost/winapi/timers.hpp
-- Up-to-date: /home/ph/treasure/dockerBENCH/helios16p_ws/install/vicon_receiver/include/boost/winapi/bcrypt.hpp
-- Up-to-date: /home/ph/treasure/dockerBENCH/helios16p_ws/install/vicon_receiver/include/boost/winapi/detail
-- Up-to-date: /home/ph/treasure/dockerBENCH/helios16p_ws/install/vicon_receiver/include/boost/winapi/detail/header.hpp
-- Up-to-date: /home/ph/treasure/dockerBENCH/helios16p_ws/install/vicon_receiver/include/boost/winapi/detail/footer.hpp
-- Up-to-date: /home/ph/treasure/dockerBENCH/helios16p_ws/install/vicon_receiver/include/boost/winapi/detail/cast_ptr.hpp
-- Up-to-date: /home/ph/treasure/dockerBENCH/helios16p_ws/install/vicon_receiver/include/boost/winapi/system.hpp
-- Up-to-date: /home/ph/treasure/dockerBENCH/helios16p_ws/install/vicon_receiver/include/boost/winapi/access_rights.hpp
-- Up-to-date: /home/ph/treasure/dockerBENCH/helios16p_ws/install/vicon_receiver/include/boost/winapi/config.hpp
-- Up-to-date: /home/ph/treasure/dockerBENCH/helios16p_ws/install/vicon_receiver/include/boost/winapi/get_proc_address.hpp
-- Up-to-date: /home/ph/treasure/dockerBENCH/helios16p_ws/install/vicon_receiver/include/boost/winapi/condition_variable.hpp
-- Up-to-date: /home/ph/treasure/dockerBENCH/helios16p_ws/install/vicon_receiver/include/boost/winapi/get_current_thread_id.hpp
-- Up-to-date: /home/ph/treasure/dockerBENCH/helios16p_ws/install/vicon_receiver/include/boost/winapi/error_codes.hpp
-- Up-to-date: /home/ph/treasure/dockerBENCH/helios16p_ws/install/vicon_receiver/include/boost/winapi/local_memory.hpp
-- Up-to-date: /home/ph/treasure/dockerBENCH/helios16p_ws/install/vicon_receiver/include/boost/winapi/get_last_error.hpp
-- Up-to-date: /home/ph/treasure/dockerBENCH/helios16p_ws/install/vicon_receiver/include/boost/winapi/character_code_conversion.hpp
-- Up-to-date: /home/ph/treasure/dockerBENCH/helios16p_ws/install/vicon_receiver/include/boost/winapi/wait_constants.hpp
-- Up-to-date: /home/ph/treasure/dockerBENCH/helios16p_ws/install/vicon_receiver/include/boost/winapi/basic_types.hpp
-- Up-to-date: /home/ph/treasure/dockerBENCH/helios16p_ws/install/vicon_receiver/include/boost/winapi/thread_pool.hpp
-- Up-to-date: /home/ph/treasure/dockerBENCH/helios16p_ws/install/vicon_receiver/include/boost/winapi/get_current_process.hpp
-- Up-to-date: /home/ph/treasure/dockerBENCH/helios16p_ws/install/vicon_receiver/include/boost/winapi/wait.hpp
-- Up-to-date: /home/ph/treasure/dockerBENCH/helios16p_ws/install/vicon_receiver/include/boost/winapi/dll.hpp
-- Up-to-date: /home/ph/treasure/dockerBENCH/helios16p_ws/install/vicon_receiver/include/boost/winapi/time.hpp
-- Up-to-date: /home/ph/treasure/dockerBENCH/helios16p_ws/install/vicon_receiver/include/boost/winapi/semaphore.hpp
-- Up-to-date: /home/ph/treasure/dockerBENCH/helios16p_ws/install/vicon_receiver/include/boost/winapi/get_current_process_id.hpp
-- Up-to-date: /home/ph/treasure/dockerBENCH/helios16p_ws/install/vicon_receiver/include/boost/winapi/heap_memory.hpp
-- Up-to-date: /home/ph/treasure/dockerBENCH/helios16p_ws/install/vicon_receiver/include/boost/winapi/srw_lock.hpp
-- Up-to-date: /home/ph/treasure/dockerBENCH/helios16p_ws/install/vicon_receiver/include/boost/winapi/get_thread_times.hpp
-- Up-to-date: /home/ph/treasure/dockerBENCH/helios16p_ws/install/vicon_receiver/include/boost/winapi/event.hpp
-- Up-to-date: /home/ph/treasure/dockerBENCH/helios16p_ws/install/vicon_receiver/include/boost/winapi/get_process_times.hpp
-- Up-to-date: /home/ph/treasure/dockerBENCH/helios16p_ws/install/vicon_receiver/include/boost/winapi/handles.hpp
-- Up-to-date: /home/ph/treasure/dockerBENCH/helios16p_ws/install/vicon_receiver/include/boost/winapi/critical_section.hpp
-- Up-to-date: /home/ph/treasure/dockerBENCH/helios16p_ws/install/vicon_receiver/include/boost/thread
-- Up-to-date: /home/ph/treasure/dockerBENCH/helios16p_ws/install/vicon_receiver/include/boost/thread/poly_lockable.hpp
-- Up-to-date: /home/ph/treasure/dockerBENCH/helios16p_ws/install/vicon_receiver/include/boost/thread/thread.hpp
-- Up-to-date: /home/ph/treasure/dockerBENCH/helios16p_ws/install/vicon_receiver/include/boost/thread/futures
-- Up-to-date: /home/ph/treasure/dockerBENCH/helios16p_ws/install/vicon_receiver/include/boost/thread/futures/is_future_type.hpp
-- Up-to-date: /home/ph/treasure/dockerBENCH/helios16p_ws/install/vicon_receiver/include/boost/thread/futures/future_status.hpp
-- Up-to-date: /home/ph/treasure/dockerBENCH/helios16p_ws/install/vicon_receiver/include/boost/thread/futures/wait_for_any.hpp
-- Up-to-date: /home/ph/treasure/dockerBENCH/helios16p_ws/install/vicon_receiver/include/boost/thread/futures/wait_for_all.hpp
-- Up-to-date: /home/ph/treasure/dockerBENCH/helios16p_ws/install/vicon_receiver/include/boost/thread/futures/launch.hpp
-- Up-to-date: /home/ph/treasure/dockerBENCH/helios16p_ws/install/vicon_receiver/include/boost/thread/futures/future_error_code.hpp
-- Up-to-date: /home/ph/treasure/dockerBENCH/helios16p_ws/install/vicon_receiver/include/boost/thread/futures/future_error.hpp
-- Up-to-date: /home/ph/treasure/dockerBENCH/helios16p_ws/install/vicon_receiver/include/boost/thread/lock_factories.hpp
-- Up-to-date: /home/ph/treasure/dockerBENCH/helios16p_ws/install/vicon_receiver/include/boost/thread/lock_algorithms.hpp
-- Up-to-date: /home/ph/treasure/dockerBENCH/helios16p_ws/install/vicon_receiver/include/boost/thread/mutex.hpp
-- Up-to-date: /home/ph/treasure/dockerBENCH/helios16p_ws/install/vicon_receiver/include/boost/thread/lock_guard.hpp
-- Up-to-date: /home/ph/treasure/dockerBENCH/helios16p_ws/install/vicon_receiver/include/boost/thread/recursive_mutex.hpp
-- Up-to-date: /home/ph/treasure/dockerBENCH/helios16p_ws/install/vicon_receiver/include/boost/thread/poly_lockable_adapter.hpp
-- Up-to-date: /home/ph/treasure/dockerBENCH/helios16p_ws/install/vicon_receiver/include/boost/thread/lock_options.hpp
-- Up-to-date: /home/ph/treasure/dockerBENCH/helios16p_ws/install/vicon_receiver/include/boost/thread/poly_shared_lockable.hpp
-- Up-to-date: /home/ph/treasure/dockerBENCH/helios16p_ws/install/vicon_receiver/include/boost/thread/experimental
-- Up-to-date: /home/ph/treasure/dockerBENCH/helios16p_ws/install/vicon_receiver/include/boost/thread/experimental/config
-- Up-to-date: /home/ph/treasure/dockerBENCH/helios16p_ws/install/vicon_receiver/include/boost/thread/experimental/config/inline_namespace.hpp
-- Up-to-date: /home/ph/treasure/dockerBENCH/helios16p_ws/install/vicon_receiver/include/boost/thread/experimental/exception_list.hpp
-- Up-to-date: /home/ph/treasure/dockerBENCH/helios16p_ws/install/vicon_receiver/include/boost/thread/experimental/parallel
-- Up-to-date: /home/ph/treasure/dockerBENCH/helios16p_ws/install/vicon_receiver/include/boost/thread/experimental/parallel/v1
-- Up-to-date: /home/ph/treasure/dockerBENCH/helios16p_ws/install/vicon_receiver/include/boost/thread/experimental/parallel/v1/inline_namespace.hpp
-- Up-to-date: /home/ph/treasure/dockerBENCH/helios16p_ws/install/vicon_receiver/include/boost/thread/experimental/parallel/v1/exception_list.hpp
-- Up-to-date: /home/ph/treasure/dockerBENCH/helios16p_ws/install/vicon_receiver/include/boost/thread/experimental/parallel/v2
-- Up-to-date: /home/ph/treasure/dockerBENCH/helios16p_ws/install/vicon_receiver/include/boost/thread/experimental/parallel/v2/inline_namespace.hpp
-- Up-to-date: /home/ph/treasure/dockerBENCH/helios16p_ws/install/vicon_receiver/include/boost/thread/experimental/parallel/v2/task_region.hpp
-- Up-to-date: /home/ph/treasure/dockerBENCH/helios16p_ws/install/vicon_receiver/include/boost/thread/is_locked_by_this_thread.hpp
-- Up-to-date: /home/ph/treasure/dockerBENCH/helios16p_ws/install/vicon_receiver/include/boost/thread/detail
-- Up-to-date: /home/ph/treasure/dockerBENCH/helios16p_ws/install/vicon_receiver/include/boost/thread/detail/thread.hpp
-- Up-to-date: /home/ph/treasure/dockerBENCH/helios16p_ws/install/vicon_receiver/include/boost/thread/detail/counter.hpp
-- Up-to-date: /home/ph/treasure/dockerBENCH/helios16p_ws/install/vicon_receiver/include/boost/thread/detail/invoke.hpp
-- Up-to-date: /home/ph/treasure/dockerBENCH/helios16p_ws/install/vicon_receiver/include/boost/thread/detail/thread_group.hpp
-- Up-to-date: /home/ph/treasure/dockerBENCH/helios16p_ws/install/vicon_receiver/include/boost/thread/detail/thread_safety.hpp
-- Up-to-date: /home/ph/treasure/dockerBENCH/helios16p_ws/install/vicon_receiver/include/boost/thread/detail/variadic_header.hpp
-- Up-to-date: /home/ph/treasure/dockerBENCH/helios16p_ws/install/vicon_receiver/include/boost/thread/detail/invoker.hpp
-- Up-to-date: /home/ph/treasure/dockerBENCH/helios16p_ws/install/vicon_receiver/include/boost/thread/detail/is_convertible.hpp
-- Up-to-date: /home/ph/treasure/dockerBENCH/helios16p_ws/install/vicon_receiver/include/boost/thread/detail/lockable_wrapper.hpp
-- Up-to-date: /home/ph/treasure/dockerBENCH/helios16p_ws/install/vicon_receiver/include/boost/thread/detail/atomic_undef_macros.hpp
-- Up-to-date: /home/ph/treasure/dockerBENCH/helios16p_ws/install/vicon_receiver/include/boost/thread/detail/config.hpp
-- Up-to-date: /home/ph/treasure/dockerBENCH/helios16p_ws/install/vicon_receiver/include/boost/thread/detail/tss_hooks.hpp
-- Up-to-date: /home/ph/treasure/dockerBENCH/helios16p_ws/install/vicon_receiver/include/boost/thread/detail/thread_interruption.hpp
-- Up-to-date: /home/ph/treasure/dockerBENCH/helios16p_ws/install/vicon_receiver/include/boost/thread/detail/memory.hpp
-- Up-to-date: /home/ph/treasure/dockerBENCH/helios16p_ws/install/vicon_receiver/include/boost/thread/detail/atomic_redef_macros.hpp
-- Up-to-date: /home/ph/treasure/dockerBENCH/helios16p_ws/install/vicon_receiver/include/boost/thread/detail/nullary_function.hpp
-- Up-to-date: /home/ph/treasure/dockerBENCH/helios16p_ws/install/vicon_receiver/include/boost/thread/detail/platform_time.hpp
-- Up-to-date: /home/ph/treasure/dockerBENCH/helios16p_ws/install/vicon_receiver/include/boost/thread/detail/platform.hpp
-- Up-to-date: /home/ph/treasure/dockerBENCH/helios16p_ws/install/vicon_receiver/include/boost/thread/detail/make_tuple_indices.hpp
-- Up-to-date: /home/ph/treasure/dockerBENCH/helios16p_ws/install/vicon_receiver/include/boost/thread/detail/move.hpp
-- Up-to-date: /home/ph/treasure/dockerBENCH/helios16p_ws/install/vicon_receiver/include/boost/thread/detail/variadic_footer.hpp
-- Up-to-date: /home/ph/treasure/dockerBENCH/helios16p_ws/install/vicon_receiver/include/boost/thread/detail/thread_heap_alloc.hpp
-- Up-to-date: /home/ph/treasure/dockerBENCH/helios16p_ws/install/vicon_receiver/include/boost/thread/detail/delete.hpp
-- Up-to-date: /home/ph/treasure/dockerBENCH/helios16p_ws/install/vicon_receiver/include/boost/thread/thread_time.hpp
-- Up-to-date: /home/ph/treasure/dockerBENCH/helios16p_ws/install/vicon_receiver/include/boost/thread/csbl
-- Up-to-date: /home/ph/treasure/dockerBENCH/helios16p_ws/install/vicon_receiver/include/boost/thread/csbl/devector.hpp
-- Up-to-date: /home/ph/treasure/dockerBENCH/helios16p_ws/install/vicon_receiver/include/boost/thread/csbl/vector.hpp
-- Up-to-date: /home/ph/treasure/dockerBENCH/helios16p_ws/install/vicon_receiver/include/boost/thread/csbl/tuple.hpp
-- Up-to-date: /home/ph/treasure/dockerBENCH/helios16p_ws/install/vicon_receiver/include/boost/thread/csbl/memory
-- Up-to-date: /home/ph/treasure/dockerBENCH/helios16p_ws/install/vicon_receiver/include/boost/thread/csbl/memory/shared_ptr.hpp
-- Up-to-date: /home/ph/treasure/dockerBENCH/helios16p_ws/install/vicon_receiver/include/boost/thread/csbl/memory/config.hpp
-- Up-to-date: /home/ph/treasure/dockerBENCH/helios16p_ws/install/vicon_receiver/include/boost/thread/csbl/memory/scoped_allocator.hpp
-- Up-to-date: /home/ph/treasure/dockerBENCH/helios16p_ws/install/vicon_receiver/include/boost/thread/csbl/memory/allocator_arg.hpp
-- Up-to-date: /home/ph/treasure/dockerBENCH/helios16p_ws/install/vicon_receiver/include/boost/thread/csbl/memory/default_delete.hpp
-- Up-to-date: /home/ph/treasure/dockerBENCH/helios16p_ws/install/vicon_receiver/include/boost/thread/csbl/memory/unique_ptr.hpp
-- Up-to-date: /home/ph/treasure/dockerBENCH/helios16p_ws/install/vicon_receiver/include/boost/thread/csbl/memory/pointer_traits.hpp
-- Up-to-date: /home/ph/treasure/dockerBENCH/helios16p_ws/install/vicon_receiver/include/boost/thread/csbl/memory/allocator_traits.hpp
-- Up-to-date: /home/ph/treasure/dockerBENCH/helios16p_ws/install/vicon_receiver/include/boost/thread/csbl/functional.hpp
-- Up-to-date: /home/ph/treasure/dockerBENCH/helios16p_ws/install/vicon_receiver/include/boost/thread/future.hpp
-- Up-to-date: /home/ph/treasure/dockerBENCH/helios16p_ws/install/vicon_receiver/include/boost/thread/externally_locked.hpp
-- Up-to-date: /home/ph/treasure/dockerBENCH/helios16p_ws/install/vicon_receiver/include/boost/thread/thread_only.hpp
-- Up-to-date: /home/ph/treasure/dockerBENCH/helios16p_ws/install/vicon_receiver/include/boost/thread/executor.hpp
-- Up-to-date: /home/ph/treasure/dockerBENCH/helios16p_ws/install/vicon_receiver/include/boost/thread/tss.hpp
-- Up-to-date: /home/ph/treasure/dockerBENCH/helios16p_ws/install/vicon_receiver/include/boost/thread/lock_traits.hpp
-- Up-to-date: /home/ph/treasure/dockerBENCH/helios16p_ws/install/vicon_receiver/include/boost/thread/scoped_thread.hpp
-- Up-to-date: /home/ph/treasure/dockerBENCH/helios16p_ws/install/vicon_receiver/include/boost/thread/cv_status.hpp
-- Up-to-date: /home/ph/treasure/dockerBENCH/helios16p_ws/install/vicon_receiver/include/boost/thread/concurrent_queues
-- Up-to-date: /home/ph/treasure/dockerBENCH/helios16p_ws/install/vicon_receiver/include/boost/thread/concurrent_queues/sync_queue.hpp
-- Up-to-date: /home/ph/treasure/dockerBENCH/helios16p_ws/install/vicon_receiver/include/boost/thread/concurrent_queues/sync_priority_queue.hpp
-- Up-to-date: /home/ph/treasure/dockerBENCH/helios16p_ws/install/vicon_receiver/include/boost/thread/concurrent_queues/sync_bounded_queue.hpp
-- Up-to-date: /home/ph/treasure/dockerBENCH/helios16p_ws/install/vicon_receiver/include/boost/thread/concurrent_queues/detail
-- Up-to-date: /home/ph/treasure/dockerBENCH/helios16p_ws/install/vicon_receiver/include/boost/thread/concurrent_queues/detail/sync_queue_base.hpp
-- Up-to-date: /home/ph/treasure/dockerBENCH/helios16p_ws/install/vicon_receiver/include/boost/thread/concurrent_queues/deque_base.hpp
-- Up-to-date: /home/ph/treasure/dockerBENCH/helios16p_ws/install/vicon_receiver/include/boost/thread/concurrent_queues/sync_timed_queue.hpp
-- Up-to-date: /home/ph/treasure/dockerBENCH/helios16p_ws/install/vicon_receiver/include/boost/thread/concurrent_queues/queue_base.hpp
-- Up-to-date: /home/ph/treasure/dockerBENCH/helios16p_ws/install/vicon_receiver/include/boost/thread/concurrent_queues/queue_op_status.hpp
-- Up-to-date: /home/ph/treasure/dockerBENCH/helios16p_ws/install/vicon_receiver/include/boost/thread/win32
-- Up-to-date: /home/ph/treasure/dockerBENCH/helios16p_ws/install/vicon_receiver/include/boost/thread/win32/mutex.hpp
-- Up-to-date: /home/ph/treasure/dockerBENCH/helios16p_ws/install/vicon_receiver/include/boost/thread/win32/recursive_mutex.hpp
-- Up-to-date: /home/ph/treasure/dockerBENCH/helios16p_ws/install/vicon_receiver/include/boost/thread/win32/basic_timed_mutex.hpp
-- Up-to-date: /home/ph/treasure/dockerBENCH/helios16p_ws/install/vicon_receiver/include/boost/thread/win32/condition_variable.hpp
-- Up-to-date: /home/ph/treasure/dockerBENCH/helios16p_ws/install/vicon_receiver/include/boost/thread/win32/once.hpp
-- Up-to-date: /home/ph/treasure/dockerBENCH/helios16p_ws/install/vicon_receiver/include/boost/thread/win32/thread_data.hpp
-- Up-to-date: /home/ph/treasure/dockerBENCH/helios16p_ws/install/vicon_receiver/include/boost/thread/win32/interlocked_read.hpp
-- Up-to-date: /home/ph/treasure/dockerBENCH/helios16p_ws/install/vicon_receiver/include/boost/thread/win32/basic_recursive_mutex.hpp
-- Up-to-date: /home/ph/treasure/dockerBENCH/helios16p_ws/install/vicon_receiver/include/boost/thread/win32/shared_mutex.hpp
-- Up-to-date: /home/ph/treasure/dockerBENCH/helios16p_ws/install/vicon_receiver/include/boost/thread/win32/thread_primitives.hpp
-- Up-to-date: /home/ph/treasure/dockerBENCH/helios16p_ws/install/vicon_receiver/include/boost/thread/win32/thread_heap_alloc.hpp
-- Up-to-date: /home/ph/treasure/dockerBENCH/helios16p_ws/install/vicon_receiver/include/boost/thread/lock_concepts.hpp
-- Up-to-date: /home/ph/treasure/dockerBENCH/helios16p_ws/install/vicon_receiver/include/boost/thread/condition_variable.hpp
-- Up-to-date: /home/ph/treasure/dockerBENCH/helios16p_ws/install/vicon_receiver/include/boost/thread/lockable_concepts.hpp
-- Up-to-date: /home/ph/treasure/dockerBENCH/helios16p_ws/install/vicon_receiver/include/boost/thread/once.hpp
-- Up-to-date: /home/ph/treasure/dockerBENCH/helios16p_ws/install/vicon_receiver/include/boost/thread/pthread
-- Up-to-date: /home/ph/treasure/dockerBENCH/helios16p_ws/install/vicon_receiver/include/boost/thread/pthread/mutex.hpp
-- Up-to-date: /home/ph/treasure/dockerBENCH/helios16p_ws/install/vicon_receiver/include/boost/thread/pthread/recursive_mutex.hpp
-- Up-to-date: /home/ph/treasure/dockerBENCH/helios16p_ws/install/vicon_receiver/include/boost/thread/pthread/condition_variable.hpp
-- Up-to-date: /home/ph/treasure/dockerBENCH/helios16p_ws/install/vicon_receiver/include/boost/thread/pthread/pthread_helpers.hpp
-- Up-to-date: /home/ph/treasure/dockerBENCH/helios16p_ws/install/vicon_receiver/include/boost/thread/pthread/once.hpp
-- Up-to-date: /home/ph/treasure/dockerBENCH/helios16p_ws/install/vicon_receiver/include/boost/thread/pthread/thread_data.hpp
-- Up-to-date: /home/ph/treasure/dockerBENCH/helios16p_ws/install/vicon_receiver/include/boost/thread/pthread/pthread_mutex_scoped_lock.hpp
-- Up-to-date: /home/ph/treasure/dockerBENCH/helios16p_ws/install/vicon_receiver/include/boost/thread/pthread/condition_variable_fwd.hpp
-- Up-to-date: /home/ph/treasure/dockerBENCH/helios16p_ws/install/vicon_receiver/include/boost/thread/pthread/once_atomic.hpp
-- Up-to-date: /home/ph/treasure/dockerBENCH/helios16p_ws/install/vicon_receiver/include/boost/thread/pthread/shared_mutex.hpp
-- Up-to-date: /home/ph/treasure/dockerBENCH/helios16p_ws/install/vicon_receiver/include/boost/thread/pthread/thread_heap_alloc.hpp
-- Up-to-date: /home/ph/treasure/dockerBENCH/helios16p_ws/install/vicon_receiver/include/boost/thread/thread_functors.hpp
-- Up-to-date: /home/ph/treasure/dockerBENCH/helios16p_ws/install/vicon_receiver/include/boost/thread/exceptions.hpp
-- Up-to-date: /home/ph/treasure/dockerBENCH/helios16p_ws/install/vicon_receiver/include/boost/thread/v2
-- Up-to-date: /home/ph/treasure/dockerBENCH/helios16p_ws/install/vicon_receiver/include/boost/thread/v2/shared_mutex.hpp
-- Up-to-date: /home/ph/treasure/dockerBENCH/helios16p_ws/install/vicon_receiver/include/boost/thread/lockable_traits.hpp
-- Up-to-date: /home/ph/treasure/dockerBENCH/helios16p_ws/install/vicon_receiver/include/boost/thread/exceptional_ptr.hpp
-- Up-to-date: /home/ph/treasure/dockerBENCH/helios16p_ws/install/vicon_receiver/include/boost/thread/executors
-- Up-to-date: /home/ph/treasure/dockerBENCH/helios16p_ws/install/vicon_receiver/include/boost/thread/executors/generic_executor_ref.hpp
-- Up-to-date: /home/ph/treasure/dockerBENCH/helios16p_ws/install/vicon_receiver/include/boost/thread/executors/detail
-- Up-to-date: /home/ph/treasure/dockerBENCH/helios16p_ws/install/vicon_receiver/include/boost/thread/executors/detail/priority_executor_base.hpp
-- Up-to-date: /home/ph/treasure/dockerBENCH/helios16p_ws/install/vicon_receiver/include/boost/thread/executors/detail/scheduled_executor_base.hpp
-- Up-to-date: /home/ph/treasure/dockerBENCH/helios16p_ws/install/vicon_receiver/include/boost/thread/executors/executor.hpp
-- Up-to-date: /home/ph/treasure/dockerBENCH/helios16p_ws/install/vicon_receiver/include/boost/thread/executors/work.hpp
-- Up-to-date: /home/ph/treasure/dockerBENCH/helios16p_ws/install/vicon_receiver/include/boost/thread/executors/executor_adaptor.hpp
-- Up-to-date: /home/ph/treasure/dockerBENCH/helios16p_ws/install/vicon_receiver/include/boost/thread/executors/basic_thread_pool.hpp
-- Up-to-date: /home/ph/treasure/dockerBENCH/helios16p_ws/install/vicon_receiver/include/boost/thread/lock_types.hpp
-- Up-to-date: /home/ph/treasure/dockerBENCH/helios16p_ws/install/vicon_receiver/include/boost/thread/strict_lock.hpp
-- Up-to-date: /home/ph/treasure/dockerBENCH/helios16p_ws/install/vicon_receiver/include/boost/thread/shared_mutex.hpp
-- Up-to-date: /home/ph/treasure/dockerBENCH/helios16p_ws/install/vicon_receiver/include/boost/thread/shared_lock_guard.hpp
-- Up-to-date: /home/ph/treasure/dockerBENCH/helios16p_ws/install/vicon_receiver/include/boost/thread/barrier.hpp
-- Up-to-date: /home/ph/treasure/dockerBENCH/helios16p_ws/install/vicon_receiver/include/boost/thread/locks.hpp
-- Up-to-date: /home/ph/treasure/dockerBENCH/helios16p_ws/install/vicon_receiver/include/boost/thread/condition.hpp
-- Up-to-date: /home/ph/treasure/dockerBENCH/helios16p_ws/install/vicon_receiver/include/boost/thread/interruption.hpp
-- Up-to-date: /home/ph/treasure/dockerBENCH/helios16p_ws/install/vicon_receiver/include/boost/thread/xtime.hpp
-- Up-to-date: /home/ph/treasure/dockerBENCH/helios16p_ws/install/vicon_receiver/include/boost/smart_ptr
-- Up-to-date: /home/ph/treasure/dockerBENCH/helios16p_ws/install/vicon_receiver/include/boost/smart_ptr/shared_ptr.hpp
-- Up-to-date: /home/ph/treasure/dockerBENCH/helios16p_ws/install/vicon_receiver/include/boost/smart_ptr/bad_weak_ptr.hpp
-- Up-to-date: /home/ph/treasure/dockerBENCH/helios16p_ws/install/vicon_receiver/include/boost/smart_ptr/detail
-- Up-to-date: /home/ph/treasure/dockerBENCH/helios16p_ws/install/vicon_receiver/include/boost/smart_ptr/detail/sp_thread_sleep.hpp
-- Up-to-date: /home/ph/treasure/dockerBENCH/helios16p_ws/install/vicon_receiver/include/boost/smart_ptr/detail/atomic_count_gcc_x86.hpp
-- Up-to-date: /home/ph/treasure/dockerBENCH/helios16p_ws/install/vicon_receiver/include/boost/smart_ptr/detail/lwm_win32_cs.hpp
-- Up-to-date: /home/ph/treasure/dockerBENCH/helios16p_ws/install/vicon_receiver/include/boost/smart_ptr/detail/yield_k.hpp
-- Up-to-date: /home/ph/treasure/dockerBENCH/helios16p_ws/install/vicon_receiver/include/boost/smart_ptr/detail/sp_disable_deprecated.hpp
-- Up-to-date: /home/ph/treasure/dockerBENCH/helios16p_ws/install/vicon_receiver/include/boost/smart_ptr/detail/sp_win32_sleep.hpp
-- Up-to-date: /home/ph/treasure/dockerBENCH/helios16p_ws/install/vicon_receiver/include/boost/smart_ptr/detail/spinlock_pool.hpp
-- Up-to-date: /home/ph/treasure/dockerBENCH/helios16p_ws/install/vicon_receiver/include/boost/smart_ptr/detail/sp_counted_impl.hpp
-- Up-to-date: /home/ph/treasure/dockerBENCH/helios16p_ws/install/vicon_receiver/include/boost/smart_ptr/detail/atomic_count_nt.hpp
-- Up-to-date: /home/ph/treasure/dockerBENCH/helios16p_ws/install/vicon_receiver/include/boost/smart_ptr/detail/operator_bool.hpp
-- Up-to-date: /home/ph/treasure/dockerBENCH/helios16p_ws/install/vicon_receiver/include/boost/smart_ptr/detail/sp_counted_base_gcc_mips.hpp
-- Up-to-date: /home/ph/treasure/dockerBENCH/helios16p_ws/install/vicon_receiver/include/boost/smart_ptr/detail/sp_counted_base.hpp
-- Up-to-date: /home/ph/treasure/dockerBENCH/helios16p_ws/install/vicon_receiver/include/boost/smart_ptr/detail/sp_forward.hpp
-- Up-to-date: /home/ph/treasure/dockerBENCH/helios16p_ws/install/vicon_receiver/include/boost/smart_ptr/detail/sp_counted_base_gcc_ia64.hpp
-- Up-to-date: /home/ph/treasure/dockerBENCH/helios16p_ws/install/vicon_receiver/include/boost/smart_ptr/detail/sp_counted_base_gcc_sparc.hpp
-- Up-to-date: /home/ph/treasure/dockerBENCH/helios16p_ws/install/vicon_receiver/include/boost/smart_ptr/detail/sp_convertible.hpp
-- Up-to-date: /home/ph/treasure/dockerBENCH/helios16p_ws/install/vicon_receiver/include/boost/smart_ptr/detail/sp_counted_base_gcc_ppc.hpp
-- Up-to-date: /home/ph/treasure/dockerBENCH/helios16p_ws/install/vicon_receiver/include/boost/smart_ptr/detail/atomic_count_gcc_atomic.hpp
-- Up-to-date: /home/ph/treasure/dockerBENCH/helios16p_ws/install/vicon_receiver/include/boost/smart_ptr/detail/spinlock_sync.hpp
-- Up-to-date: /home/ph/treasure/dockerBENCH/helios16p_ws/install/vicon_receiver/include/boost/smart_ptr/detail/sp_counted_base_acc_ia64.hpp
-- Up-to-date: /home/ph/treasure/dockerBENCH/helios16p_ws/install/vicon_receiver/include/boost/smart_ptr/detail/local_sp_deleter.hpp
-- Up-to-date: /home/ph/treasure/dockerBENCH/helios16p_ws/install/vicon_receiver/include/boost/smart_ptr/detail/spinlock_pt.hpp
-- Up-to-date: /home/ph/treasure/dockerBENCH/helios16p_ws/install/vicon_receiver/include/boost/smart_ptr/detail/atomic_count.hpp
-- Up-to-date: /home/ph/treasure/dockerBENCH/helios16p_ws/install/vicon_receiver/include/boost/smart_ptr/detail/atomic_count_pt.hpp
-- Up-to-date: /home/ph/treasure/dockerBENCH/helios16p_ws/install/vicon_receiver/include/boost/smart_ptr/detail/sp_thread_pause.hpp
-- Up-to-date: /home/ph/treasure/dockerBENCH/helios16p_ws/install/vicon_receiver/include/boost/smart_ptr/detail/shared_count.hpp
-- Up-to-date: /home/ph/treasure/dockerBENCH/helios16p_ws/install/vicon_receiver/include/boost/smart_ptr/detail/sp_counted_base_snc_ps3.hpp
-- Up-to-date: /home/ph/treasure/dockerBENCH/helios16p_ws/install/vicon_receiver/include/boost/smart_ptr/detail/lwm_std_mutex.hpp
-- Up-to-date: /home/ph/treasure/dockerBENCH/helios16p_ws/install/vicon_receiver/include/boost/smart_ptr/detail/atomic_count_std_atomic.hpp
-- Up-to-date: /home/ph/treasure/dockerBENCH/helios16p_ws/install/vicon_receiver/include/boost/smart_ptr/detail/sp_noexcept.hpp
-- Up-to-date: /home/ph/treasure/dockerBENCH/helios16p_ws/install/vicon_receiver/include/boost/smart_ptr/detail/local_counted_base.hpp
-- Up-to-date: /home/ph/treasure/dockerBENCH/helios16p_ws/install/vicon_receiver/include/boost/smart_ptr/detail/sp_counted_base_std_atomic.hpp
-- Up-to-date: /home/ph/treasure/dockerBENCH/helios16p_ws/install/vicon_receiver/include/boost/smart_ptr/detail/lightweight_mutex.hpp
-- Up-to-date: /home/ph/treasure/dockerBENCH/helios16p_ws/install/vicon_receiver/include/boost/smart_ptr/detail/spinlock_std_atomic.hpp
-- Up-to-date: /home/ph/treasure/dockerBENCH/helios16p_ws/install/vicon_receiver/include/boost/smart_ptr/detail/sp_counted_base_vacpp_ppc.hpp
-- Up-to-date: /home/ph/treasure/dockerBENCH/helios16p_ws/install/vicon_receiver/include/boost/smart_ptr/detail/sp_counted_base_gcc_x86.hpp
-- Up-to-date: /home/ph/treasure/dockerBENCH/helios16p_ws/install/vicon_receiver/include/boost/smart_ptr/detail/sp_counted_base_w32.hpp
-- Up-to-date: /home/ph/treasure/dockerBENCH/helios16p_ws/install/vicon_receiver/include/boost/smart_ptr/detail/sp_has_sync_intrinsics.hpp
-- Up-to-date: /home/ph/treasure/dockerBENCH/helios16p_ws/install/vicon_receiver/include/boost/smart_ptr/detail/sp_counted_base_sync.hpp
-- Up-to-date: /home/ph/treasure/dockerBENCH/helios16p_ws/install/vicon_receiver/include/boost/smart_ptr/detail/atomic_count_spin.hpp
-- Up-to-date: /home/ph/treasure/dockerBENCH/helios16p_ws/install/vicon_receiver/include/boost/smart_ptr/detail/sp_typeinfo_.hpp
-- Up-to-date: /home/ph/treasure/dockerBENCH/helios16p_ws/install/vicon_receiver/include/boost/smart_ptr/detail/sp_counted_base_nt.hpp
-- Up-to-date: /home/ph/treasure/dockerBENCH/helios16p_ws/install/vicon_receiver/include/boost/smart_ptr/detail/spinlock_gcc_arm.hpp
-- Up-to-date: /home/ph/treasure/dockerBENCH/helios16p_ws/install/vicon_receiver/include/boost/smart_ptr/detail/sp_has_gcc_intrinsics.hpp
-- Up-to-date: /home/ph/treasure/dockerBENCH/helios16p_ws/install/vicon_receiver/include/boost/smart_ptr/detail/spinlock_w32.hpp
-- Up-to-date: /home/ph/treasure/dockerBENCH/helios16p_ws/install/vicon_receiver/include/boost/smart_ptr/detail/lwm_pthreads.hpp
-- Up-to-date: /home/ph/treasure/dockerBENCH/helios16p_ws/install/vicon_receiver/include/boost/smart_ptr/detail/sp_counted_base_cw_ppc.hpp
-- Up-to-date: /home/ph/treasure/dockerBENCH/helios16p_ws/install/vicon_receiver/include/boost/smart_ptr/detail/atomic_count_win32.hpp
-- Up-to-date: /home/ph/treasure/dockerBENCH/helios16p_ws/install/vicon_receiver/include/boost/smart_ptr/detail/sp_counted_base_pt.hpp
-- Up-to-date: /home/ph/treasure/dockerBENCH/helios16p_ws/install/vicon_receiver/include/boost/smart_ptr/detail/sp_interlocked.hpp
-- Up-to-date: /home/ph/treasure/dockerBENCH/helios16p_ws/install/vicon_receiver/include/boost/smart_ptr/detail/sp_counted_base_gcc_atomic.hpp
-- Up-to-date: /home/ph/treasure/dockerBENCH/helios16p_ws/install/vicon_receiver/include/boost/smart_ptr/detail/sp_nullptr_t.hpp
-- Up-to-date: /home/ph/treasure/dockerBENCH/helios16p_ws/install/vicon_receiver/include/boost/smart_ptr/detail/sp_thread_yield.hpp
-- Up-to-date: /home/ph/treasure/dockerBENCH/helios16p_ws/install/vicon_receiver/include/boost/smart_ptr/detail/atomic_count_sync.hpp
-- Up-to-date: /home/ph/treasure/dockerBENCH/helios16p_ws/install/vicon_receiver/include/boost/smart_ptr/detail/quick_allocator.hpp
-- Up-to-date: /home/ph/treasure/dockerBENCH/helios16p_ws/install/vicon_receiver/include/boost/smart_ptr/detail/sp_obsolete.hpp
-- Up-to-date: /home/ph/treasure/dockerBENCH/helios16p_ws/install/vicon_receiver/include/boost/smart_ptr/detail/sp_counted_base_aix.hpp
-- Up-to-date: /home/ph/treasure/dockerBENCH/helios16p_ws/install/vicon_receiver/include/boost/smart_ptr/detail/spinlock_gcc_atomic.hpp
-- Up-to-date: /home/ph/treasure/dockerBENCH/helios16p_ws/install/vicon_receiver/include/boost/smart_ptr/detail/spinlock_nt.hpp
-- Up-to-date: /home/ph/treasure/dockerBENCH/helios16p_ws/install/vicon_receiver/include/boost/smart_ptr/detail/spinlock.hpp
-- Up-to-date: /home/ph/treasure/dockerBENCH/helios16p_ws/install/vicon_receiver/include/boost/smart_ptr/detail/sp_counted_base_spin.hpp
-- Up-to-date: /home/ph/treasure/dockerBENCH/helios16p_ws/install/vicon_receiver/include/boost/smart_ptr/detail/atomic_count_gcc.hpp
-- Up-to-date: /home/ph/treasure/dockerBENCH/helios16p_ws/install/vicon_receiver/include/boost/smart_ptr/intrusive_ref_counter.hpp
-- Up-to-date: /home/ph/treasure/dockerBENCH/helios16p_ws/install/vicon_receiver/include/boost/smart_ptr/make_shared_object.hpp
-- Up-to-date: /home/ph/treasure/dockerBENCH/helios16p_ws/install/vicon_receiver/include/boost/smart_ptr/make_shared.hpp
-- Up-to-date: /home/ph/treasure/dockerBENCH/helios16p_ws/install/vicon_receiver/include/boost/smart_ptr/weak_ptr.hpp
-- Up-to-date: /home/ph/treasure/dockerBENCH/helios16p_ws/install/vicon_receiver/include/boost/smart_ptr/allocate_shared_array.hpp
-- Up-to-date: /home/ph/treasure/dockerBENCH/helios16p_ws/install/vicon_receiver/include/boost/smart_ptr/enable_shared_from_this.hpp
-- Up-to-date: /home/ph/treasure/dockerBENCH/helios16p_ws/install/vicon_receiver/include/boost/smart_ptr/intrusive_ptr.hpp
-- Up-to-date: /home/ph/treasure/dockerBENCH/helios16p_ws/install/vicon_receiver/include/boost/smart_ptr/make_shared_array.hpp
-- Up-to-date: /home/ph/treasure/dockerBENCH/helios16p_ws/install/vicon_receiver/include/boost/smart_ptr/scoped_array.hpp
-- Up-to-date: /home/ph/treasure/dockerBENCH/helios16p_ws/install/vicon_receiver/include/boost/smart_ptr/scoped_ptr.hpp
-- Up-to-date: /home/ph/treasure/dockerBENCH/helios16p_ws/install/vicon_receiver/include/boost/optional
-- Up-to-date: /home/ph/treasure/dockerBENCH/helios16p_ws/install/vicon_receiver/include/boost/optional/bad_optional_access.hpp
-- Up-to-date: /home/ph/treasure/dockerBENCH/helios16p_ws/install/vicon_receiver/include/boost/optional/detail
-- Up-to-date: /home/ph/treasure/dockerBENCH/helios16p_ws/install/vicon_receiver/include/boost/optional/detail/optional_trivially_copyable_base.hpp
-- Up-to-date: /home/ph/treasure/dockerBENCH/helios16p_ws/install/vicon_receiver/include/boost/optional/detail/optional_reference_spec.hpp
-- Up-to-date: /home/ph/treasure/dockerBENCH/helios16p_ws/install/vicon_receiver/include/boost/optional/detail/optional_aligned_storage.hpp
-- Up-to-date: /home/ph/treasure/dockerBENCH/helios16p_ws/install/vicon_receiver/include/boost/optional/detail/optional_config.hpp
-- Up-to-date: /home/ph/treasure/dockerBENCH/helios16p_ws/install/vicon_receiver/include/boost/optional/detail/optional_swap.hpp
-- Up-to-date: /home/ph/treasure/dockerBENCH/helios16p_ws/install/vicon_receiver/include/boost/optional/detail/optional_relops.hpp
-- Up-to-date: /home/ph/treasure/dockerBENCH/helios16p_ws/install/vicon_receiver/include/boost/optional/detail/old_optional_implementation.hpp
-- Up-to-date: /home/ph/treasure/dockerBENCH/helios16p_ws/install/vicon_receiver/include/boost/optional/detail/optional_factory_support.hpp
-- Up-to-date: /home/ph/treasure/dockerBENCH/helios16p_ws/install/vicon_receiver/include/boost/optional/optional.hpp
-- Up-to-date: /home/ph/treasure/dockerBENCH/helios16p_ws/install/vicon_receiver/include/boost/optional/optional_fwd.hpp
-- Up-to-date: /home/ph/treasure/dockerBENCH/helios16p_ws/install/vicon_receiver/include/boost/version.hpp
-- Up-to-date: /home/ph/treasure/dockerBENCH/helios16p_ws/install/vicon_receiver/include/boost/static_assert.hpp
-- Up-to-date: /home/ph/treasure/dockerBENCH/helios16p_ws/install/vicon_receiver/include/boost/move
-- Up-to-date: /home/ph/treasure/dockerBENCH/helios16p_ws/install/vicon_receiver/include/boost/move/algo
-- Up-to-date: /home/ph/treasure/dockerBENCH/helios16p_ws/install/vicon_receiver/include/boost/move/algo/detail
-- Up-to-date: /home/ph/treasure/dockerBENCH/helios16p_ws/install/vicon_receiver/include/boost/move/algo/detail/merge.hpp
-- Up-to-date: /home/ph/treasure/dockerBENCH/helios16p_ws/install/vicon_receiver/include/boost/move/algo/detail/set_difference.hpp
-- Up-to-date: /home/ph/treasure/dockerBENCH/helios16p_ws/install/vicon_receiver/include/boost/move/algo/detail/insertion_sort.hpp
-- Up-to-date: /home/ph/treasure/dockerBENCH/helios16p_ws/install/vicon_receiver/include/boost/move/algo/detail/is_sorted.hpp
-- Up-to-date: /home/ph/treasure/dockerBENCH/helios16p_ws/install/vicon_receiver/include/boost/move/algo/detail/heap_sort.hpp
-- Up-to-date: /home/ph/treasure/dockerBENCH/helios16p_ws/install/vicon_receiver/include/boost/move/algo/detail/basic_op.hpp
-- Up-to-date: /home/ph/treasure/dockerBENCH/helios16p_ws/install/vicon_receiver/include/boost/move/algo/detail/merge_sort.hpp
-- Up-to-date: /home/ph/treasure/dockerBENCH/helios16p_ws/install/vicon_receiver/include/boost/move/algo/detail/adaptive_sort_merge.hpp
-- Up-to-date: /home/ph/treasure/dockerBENCH/helios16p_ws/install/vicon_receiver/include/boost/move/algo/unique.hpp
-- Up-to-date: /home/ph/treasure/dockerBENCH/helios16p_ws/install/vicon_receiver/include/boost/move/algo/adaptive_merge.hpp
-- Up-to-date: /home/ph/treasure/dockerBENCH/helios16p_ws/install/vicon_receiver/include/boost/move/algo/move.hpp
-- Up-to-date: /home/ph/treasure/dockerBENCH/helios16p_ws/install/vicon_receiver/include/boost/move/algo/predicate.hpp
-- Up-to-date: /home/ph/treasure/dockerBENCH/helios16p_ws/install/vicon_receiver/include/boost/move/core.hpp
-- Up-to-date: /home/ph/treasure/dockerBENCH/helios16p_ws/install/vicon_receiver/include/boost/move/adl_move_swap.hpp
-- Up-to-date: /home/ph/treasure/dockerBENCH/helios16p_ws/install/vicon_receiver/include/boost/move/detail
-- Up-to-date: /home/ph/treasure/dockerBENCH/helios16p_ws/install/vicon_receiver/include/boost/move/detail/reverse_iterator.hpp
-- Up-to-date: /home/ph/treasure/dockerBENCH/helios16p_ws/install/vicon_receiver/include/boost/move/detail/iterator_to_raw_pointer.hpp
-- Up-to-date: /home/ph/treasure/dockerBENCH/helios16p_ws/install/vicon_receiver/include/boost/move/detail/to_raw_pointer.hpp
-- Up-to-date: /home/ph/treasure/dockerBENCH/helios16p_ws/install/vicon_receiver/include/boost/move/detail/meta_utils_core.hpp
-- Up-to-date: /home/ph/treasure/dockerBENCH/helios16p_ws/install/vicon_receiver/include/boost/move/detail/iterator_traits.hpp
-- Up-to-date: /home/ph/treasure/dockerBENCH/helios16p_ws/install/vicon_receiver/include/boost/move/detail/type_traits.hpp
-- Up-to-date: /home/ph/treasure/dockerBENCH/helios16p_ws/install/vicon_receiver/include/boost/move/detail/move_helpers.hpp
-- Up-to-date: /home/ph/treasure/dockerBENCH/helios16p_ws/install/vicon_receiver/include/boost/move/detail/config_end.hpp
-- Up-to-date: /home/ph/treasure/dockerBENCH/helios16p_ws/install/vicon_receiver/include/boost/move/detail/destruct_n.hpp
-- Up-to-date: /home/ph/treasure/dockerBENCH/helios16p_ws/install/vicon_receiver/include/boost/move/detail/unique_ptr_meta_utils.hpp
-- Up-to-date: /home/ph/treasure/dockerBENCH/helios16p_ws/install/vicon_receiver/include/boost/move/detail/std_ns_begin.hpp
-- Up-to-date: /home/ph/treasure/dockerBENCH/helios16p_ws/install/vicon_receiver/include/boost/move/detail/meta_utils.hpp
-- Up-to-date: /home/ph/treasure/dockerBENCH/helios16p_ws/install/vicon_receiver/include/boost/move/detail/pointer_element.hpp
-- Up-to-date: /home/ph/treasure/dockerBENCH/helios16p_ws/install/vicon_receiver/include/boost/move/detail/config_begin.hpp
-- Up-to-date: /home/ph/treasure/dockerBENCH/helios16p_ws/install/vicon_receiver/include/boost/move/detail/std_ns_end.hpp
-- Up-to-date: /home/ph/treasure/dockerBENCH/helios16p_ws/install/vicon_receiver/include/boost/move/detail/workaround.hpp
-- Up-to-date: /home/ph/treasure/dockerBENCH/helios16p_ws/install/vicon_receiver/include/boost/move/detail/fwd_macros.hpp
-- Up-to-date: /home/ph/treasure/dockerBENCH/helios16p_ws/install/vicon_receiver/include/boost/move/detail/placement_new.hpp
-- Up-to-date: /home/ph/treasure/dockerBENCH/helios16p_ws/install/vicon_receiver/include/boost/move/traits.hpp
-- Up-to-date: /home/ph/treasure/dockerBENCH/helios16p_ws/install/vicon_receiver/include/boost/move/utility.hpp
-- Up-to-date: /home/ph/treasure/dockerBENCH/helios16p_ws/install/vicon_receiver/include/boost/move/default_delete.hpp
-- Up-to-date: /home/ph/treasure/dockerBENCH/helios16p_ws/install/vicon_receiver/include/boost/move/unique_ptr.hpp
-- Up-to-date: /home/ph/treasure/dockerBENCH/helios16p_ws/install/vicon_receiver/include/boost/move/utility_core.hpp
-- Up-to-date: /home/ph/treasure/dockerBENCH/helios16p_ws/install/vicon_receiver/include/boost/move/make_unique.hpp
-- Up-to-date: /home/ph/treasure/dockerBENCH/helios16p_ws/install/vicon_receiver/include/boost/move/iterator.hpp
-- Up-to-date: /home/ph/treasure/dockerBENCH/helios16p_ws/install/vicon_receiver/include/boost/function
-- Up-to-date: /home/ph/treasure/dockerBENCH/helios16p_ws/install/vicon_receiver/include/boost/function/function10.hpp
-- Up-to-date: /home/ph/treasure/dockerBENCH/helios16p_ws/install/vicon_receiver/include/boost/function/detail
-- Up-to-date: /home/ph/treasure/dockerBENCH/helios16p_ws/install/vicon_receiver/include/boost/function/detail/prologue.hpp
-- Up-to-date: /home/ph/treasure/dockerBENCH/helios16p_ws/install/vicon_receiver/include/boost/function/detail/gen_maybe_include.pl
-- Up-to-date: /home/ph/treasure/dockerBENCH/helios16p_ws/install/vicon_receiver/include/boost/function/detail/function_iterate.hpp
-- Up-to-date: /home/ph/treasure/dockerBENCH/helios16p_ws/install/vicon_receiver/include/boost/function/detail/maybe_include.hpp
-- Up-to-date: /home/ph/treasure/dockerBENCH/helios16p_ws/install/vicon_receiver/include/boost/function/function3.hpp
-- Up-to-date: /home/ph/treasure/dockerBENCH/helios16p_ws/install/vicon_receiver/include/boost/function/function2.hpp
-- Up-to-date: /home/ph/treasure/dockerBENCH/helios16p_ws/install/vicon_receiver/include/boost/function/function7.hpp
-- Up-to-date: /home/ph/treasure/dockerBENCH/helios16p_ws/install/vicon_receiver/include/boost/function/function9.hpp
-- Up-to-date: /home/ph/treasure/dockerBENCH/helios16p_ws/install/vicon_receiver/include/boost/function/function1.hpp
-- Up-to-date: /home/ph/treasure/dockerBENCH/helios16p_ws/install/vicon_receiver/include/boost/function/function6.hpp
-- Up-to-date: /home/ph/treasure/dockerBENCH/helios16p_ws/install/vicon_receiver/include/boost/function/function0.hpp
-- Up-to-date: /home/ph/treasure/dockerBENCH/helios16p_ws/install/vicon_receiver/include/boost/function/function_template.hpp
-- Up-to-date: /home/ph/treasure/dockerBENCH/helios16p_ws/install/vicon_receiver/include/boost/function/function_fwd.hpp
-- Up-to-date: /home/ph/treasure/dockerBENCH/helios16p_ws/install/vicon_receiver/include/boost/function/function4.hpp
-- Up-to-date: /home/ph/treasure/dockerBENCH/helios16p_ws/install/vicon_receiver/include/boost/function/function8.hpp
-- Up-to-date: /home/ph/treasure/dockerBENCH/helios16p_ws/install/vicon_receiver/include/boost/function/function_base.hpp
-- Up-to-date: /home/ph/treasure/dockerBENCH/helios16p_ws/install/vicon_receiver/include/boost/function/function5.hpp
-- Up-to-date: /home/ph/treasure/dockerBENCH/helios16p_ws/install/vicon_receiver/include/boost/current_function.hpp
-- Up-to-date: /home/ph/treasure/dockerBENCH/helios16p_ws/install/vicon_receiver/include/boost/exception_ptr.hpp
-- Up-to-date: /home/ph/treasure/dockerBENCH/helios16p_ws/install/vicon_receiver/include/boost/format.hpp
-- Up-to-date: /home/ph/treasure/dockerBENCH/helios16p_ws/install/vicon_receiver/include/boost/io_fwd.hpp
-- Up-to-date: /home/ph/treasure/dockerBENCH/helios16p_ws/install/vicon_receiver/include/boost/make_shared.hpp
-- Up-to-date: /home/ph/treasure/dockerBENCH/helios16p_ws/install/vicon_receiver/include/boost/utility.hpp
-- Up-to-date: /home/ph/treasure/dockerBENCH/helios16p_ws/install/vicon_receiver/include/boost/cerrno.hpp
-- Up-to-date: /home/ph/treasure/dockerBENCH/helios16p_ws/install/vicon_receiver/include/boost/lexical_cast.hpp
-- Up-to-date: /home/ph/treasure/dockerBENCH/helios16p_ws/install/vicon_receiver/include/boost/tuple
-- Up-to-date: /home/ph/treasure/dockerBENCH/helios16p_ws/install/vicon_receiver/include/boost/tuple/detail
-- Up-to-date: /home/ph/treasure/dockerBENCH/helios16p_ws/install/vicon_receiver/include/boost/tuple/detail/tuple_basic.hpp
-- Up-to-date: /home/ph/treasure/dockerBENCH/helios16p_ws/install/vicon_receiver/include/boost/tuple/tuple.hpp
-- Up-to-date: /home/ph/treasure/dockerBENCH/helios16p_ws/install/vicon_receiver/include/boost/container_hash
-- Up-to-date: /home/ph/treasure/dockerBENCH/helios16p_ws/install/vicon_receiver/include/boost/container_hash/hash.hpp
-- Up-to-date: /home/ph/treasure/dockerBENCH/helios16p_ws/install/vicon_receiver/include/boost/container_hash/detail
-- Up-to-date: /home/ph/treasure/dockerBENCH/helios16p_ws/install/vicon_receiver/include/boost/container_hash/detail/hash_float.hpp
-- Up-to-date: /home/ph/treasure/dockerBENCH/helios16p_ws/install/vicon_receiver/include/boost/container_hash/detail/float_functions.hpp
-- Up-to-date: /home/ph/treasure/dockerBENCH/helios16p_ws/install/vicon_receiver/include/boost/container_hash/detail/limits.hpp
-- Up-to-date: /home/ph/treasure/dockerBENCH/helios16p_ws/install/vicon_receiver/include/boost/container_hash/extensions.hpp
-- Up-to-date: /home/ph/treasure/dockerBENCH/helios16p_ws/install/vicon_receiver/include/boost/container_hash/hash_fwd.hpp
-- Up-to-date: /home/ph/treasure/dockerBENCH/helios16p_ws/install/vicon_receiver/include/boost/functional
-- Up-to-date: /home/ph/treasure/dockerBENCH/helios16p_ws/install/vicon_receiver/include/boost/functional/hash.hpp
-- Up-to-date: /home/ph/treasure/dockerBENCH/helios16p_ws/install/vicon_receiver/include/boost/functional/hash_fwd.hpp
-- Up-to-date: /home/ph/treasure/dockerBENCH/helios16p_ws/install/vicon_receiver/include/boost/weak_ptr.hpp
-- Up-to-date: /home/ph/treasure/dockerBENCH/helios16p_ws/install/vicon_receiver/include/boost/throw_exception.hpp
-- Up-to-date: /home/ph/treasure/dockerBENCH/helios16p_ws/install/vicon_receiver/include/boost/token_iterator.hpp
-- Up-to-date: /home/ph/treasure/dockerBENCH/helios16p_ws/install/vicon_receiver/include/boost/checked_delete.hpp
-- Up-to-date: /home/ph/treasure/dockerBENCH/helios16p_ws/install/vicon_receiver/include/boost/integer
-- Up-to-date: /home/ph/treasure/dockerBENCH/helios16p_ws/install/vicon_receiver/include/boost/integer/static_log2.hpp
-- Up-to-date: /home/ph/treasure/dockerBENCH/helios16p_ws/install/vicon_receiver/include/boost/integer/common_factor_rt.hpp
-- Up-to-date: /home/ph/treasure/dockerBENCH/helios16p_ws/install/vicon_receiver/include/boost/array.hpp
-- Up-to-date: /home/ph/treasure/dockerBENCH/helios16p_ws/install/vicon_receiver/include/boost/format
-- Up-to-date: /home/ph/treasure/dockerBENCH/helios16p_ws/install/vicon_receiver/include/boost/format/format_implementation.hpp
-- Up-to-date: /home/ph/treasure/dockerBENCH/helios16p_ws/install/vicon_receiver/include/boost/format/detail
-- Up-to-date: /home/ph/treasure/dockerBENCH/helios16p_ws/install/vicon_receiver/include/boost/format/detail/compat_workarounds.hpp
-- Up-to-date: /home/ph/treasure/dockerBENCH/helios16p_ws/install/vicon_receiver/include/boost/format/detail/workarounds_stlport.hpp
-- Up-to-date: /home/ph/treasure/dockerBENCH/helios16p_ws/install/vicon_receiver/include/boost/format/detail/unset_macros.hpp
-- Up-to-date: /home/ph/treasure/dockerBENCH/helios16p_ws/install/vicon_receiver/include/boost/format/detail/config_macros.hpp
-- Up-to-date: /home/ph/treasure/dockerBENCH/helios16p_ws/install/vicon_receiver/include/boost/format/detail/msvc_disambiguater.hpp
-- Up-to-date: /home/ph/treasure/dockerBENCH/helios16p_ws/install/vicon_receiver/include/boost/format/detail/workarounds_gcc-2_95.hpp
-- Up-to-date: /home/ph/treasure/dockerBENCH/helios16p_ws/install/vicon_receiver/include/boost/format/parsing.hpp
-- Up-to-date: /home/ph/treasure/dockerBENCH/helios16p_ws/install/vicon_receiver/include/boost/format/alt_sstream_impl.hpp
-- Up-to-date: /home/ph/treasure/dockerBENCH/helios16p_ws/install/vicon_receiver/include/boost/format/internals.hpp
-- Up-to-date: /home/ph/treasure/dockerBENCH/helios16p_ws/install/vicon_receiver/include/boost/format/format_fwd.hpp
-- Up-to-date: /home/ph/treasure/dockerBENCH/helios16p_ws/install/vicon_receiver/include/boost/format/alt_sstream.hpp
-- Up-to-date: /home/ph/treasure/dockerBENCH/helios16p_ws/install/vicon_receiver/include/boost/format/group.hpp
-- Up-to-date: /home/ph/treasure/dockerBENCH/helios16p_ws/install/vicon_receiver/include/boost/format/exceptions.hpp
-- Up-to-date: /home/ph/treasure/dockerBENCH/helios16p_ws/install/vicon_receiver/include/boost/format/format_class.hpp
-- Up-to-date: /home/ph/treasure/dockerBENCH/helios16p_ws/install/vicon_receiver/include/boost/format/feed_args.hpp
-- Up-to-date: /home/ph/treasure/dockerBENCH/helios16p_ws/install/vicon_receiver/include/boost/format/free_funcs.hpp
-- Up-to-date: /home/ph/treasure/dockerBENCH/helios16p_ws/install/vicon_receiver/include/boost/format/internals_fwd.hpp
-- Up-to-date: /home/ph/treasure/dockerBENCH/helios16p_ws/install/vicon_receiver/include/boost/regex.hpp
-- Up-to-date: /home/ph/treasure/dockerBENCH/helios16p_ws/install/vicon_receiver/include/boost/visit_each.hpp
-- Up-to-date: /home/ph/treasure/dockerBENCH/helios16p_ws/install/vicon_receiver/include/boost/integer_fwd.hpp
-- Up-to-date: /home/ph/treasure/dockerBENCH/helios16p_ws/install/vicon_receiver/include/boost/next_prior.hpp
-- Up-to-date: /home/ph/treasure/dockerBENCH/helios16p_ws/install/vicon_receiver/include/boost/enable_shared_from_this.hpp
-- Up-to-date: /home/ph/treasure/dockerBENCH/helios16p_ws/install/vicon_receiver/include/boost/bind
-- Up-to-date: /home/ph/treasure/dockerBENCH/helios16p_ws/install/vicon_receiver/include/boost/bind/mem_fn_cc.hpp
-- Up-to-date: /home/ph/treasure/dockerBENCH/helios16p_ws/install/vicon_receiver/include/boost/bind/mem_fn.hpp
-- Up-to-date: /home/ph/treasure/dockerBENCH/helios16p_ws/install/vicon_receiver/include/boost/bind/detail
-- Up-to-date: /home/ph/treasure/dockerBENCH/helios16p_ws/install/vicon_receiver/include/boost/bind/detail/result_traits.hpp
-- Up-to-date: /home/ph/treasure/dockerBENCH/helios16p_ws/install/vicon_receiver/include/boost/bind/bind_cc.hpp
-- Up-to-date: /home/ph/treasure/dockerBENCH/helios16p_ws/install/vicon_receiver/include/boost/bind/bind.hpp
-- Up-to-date: /home/ph/treasure/dockerBENCH/helios16p_ws/install/vicon_receiver/include/boost/bind/bind_template.hpp
-- Up-to-date: /home/ph/treasure/dockerBENCH/helios16p_ws/install/vicon_receiver/include/boost/bind/mem_fn_template.hpp
-- Up-to-date: /home/ph/treasure/dockerBENCH/helios16p_ws/install/vicon_receiver/include/boost/bind/placeholders.hpp
-- Up-to-date: /home/ph/treasure/dockerBENCH/helios16p_ws/install/vicon_receiver/include/boost/bind/bind_mf2_cc.hpp
-- Up-to-date: /home/ph/treasure/dockerBENCH/helios16p_ws/install/vicon_receiver/include/boost/bind/arg.hpp
-- Up-to-date: /home/ph/treasure/dockerBENCH/helios16p_ws/install/vicon_receiver/include/boost/bind/bind_mf_cc.hpp
-- Up-to-date: /home/ph/treasure/dockerBENCH/helios16p_ws/install/vicon_receiver/include/boost/bind/storage.hpp
-- Up-to-date: /home/ph/treasure/dockerBENCH/helios16p_ws/install/vicon_receiver/include/boost/bind/mem_fn_vw.hpp
-- Up-to-date: /home/ph/treasure/dockerBENCH/helios16p_ws/install/vicon_receiver/include/boost/range
-- Up-to-date: /home/ph/treasure/dockerBENCH/helios16p_ws/install/vicon_receiver/include/boost/range/empty.hpp
-- Up-to-date: /home/ph/treasure/dockerBENCH/helios16p_ws/install/vicon_receiver/include/boost/range/reverse_iterator.hpp
-- Up-to-date: /home/ph/treasure/dockerBENCH/helios16p_ws/install/vicon_receiver/include/boost/range/algorithm
-- Up-to-date: /home/ph/treasure/dockerBENCH/helios16p_ws/install/vicon_receiver/include/boost/range/algorithm/equal.hpp
-- Up-to-date: /home/ph/treasure/dockerBENCH/helios16p_ws/install/vicon_receiver/include/boost/range/iterator_range_io.hpp
-- Up-to-date: /home/ph/treasure/dockerBENCH/helios16p_ws/install/vicon_receiver/include/boost/range/distance.hpp
-- Up-to-date: /home/ph/treasure/dockerBENCH/helios16p_ws/install/vicon_receiver/include/boost/range/detail
-- Up-to-date: /home/ph/treasure/dockerBENCH/helios16p_ws/install/vicon_receiver/include/boost/range/detail/common.hpp
-- Up-to-date: /home/ph/treasure/dockerBENCH/helios16p_ws/install/vicon_receiver/include/boost/range/detail/safe_bool.hpp
-- Up-to-date: /home/ph/treasure/dockerBENCH/helios16p_ws/install/vicon_receiver/include/boost/range/detail/misc_concept.hpp
-- Up-to-date: /home/ph/treasure/dockerBENCH/helios16p_ws/install/vicon_receiver/include/boost/range/detail/combine_cxx03.hpp
-- Up-to-date: /home/ph/treasure/dockerBENCH/helios16p_ws/install/vicon_receiver/include/boost/range/detail/has_member_size.hpp
-- Up-to-date: /home/ph/treasure/dockerBENCH/helios16p_ws/install/vicon_receiver/include/boost/range/detail/combine_cxx11.hpp
-- Up-to-date: /home/ph/treasure/dockerBENCH/helios16p_ws/install/vicon_receiver/include/boost/range/detail/msvc_has_iterator_workaround.hpp
-- Up-to-date: /home/ph/treasure/dockerBENCH/helios16p_ws/install/vicon_receiver/include/boost/range/detail/extract_optional_type.hpp
-- Up-to-date: /home/ph/treasure/dockerBENCH/helios16p_ws/install/vicon_receiver/include/boost/range/detail/combine_no_rvalue.hpp
-- Up-to-date: /home/ph/treasure/dockerBENCH/helios16p_ws/install/vicon_receiver/include/boost/range/detail/implementation_help.hpp
-- Up-to-date: /home/ph/treasure/dockerBENCH/helios16p_ws/install/vicon_receiver/include/boost/range/detail/combine_rvalue.hpp
-- Up-to-date: /home/ph/treasure/dockerBENCH/helios16p_ws/install/vicon_receiver/include/boost/range/detail/sfinae.hpp
-- Up-to-date: /home/ph/treasure/dockerBENCH/helios16p_ws/install/vicon_receiver/include/boost/range/detail/str_types.hpp
-- Up-to-date: /home/ph/treasure/dockerBENCH/helios16p_ws/install/vicon_receiver/include/boost/range/functions.hpp
-- Up-to-date: /home/ph/treasure/dockerBENCH/helios16p_ws/install/vicon_receiver/include/boost/range/as_literal.hpp
-- Up-to-date: /home/ph/treasure/dockerBENCH/helios16p_ws/install/vicon_receiver/include/boost/range/size_type.hpp
-- Up-to-date: /home/ph/treasure/dockerBENCH/helios16p_ws/install/vicon_receiver/include/boost/range/begin.hpp
-- Up-to-date: /home/ph/treasure/dockerBENCH/helios16p_ws/install/vicon_receiver/include/boost/range/rbegin.hpp
-- Up-to-date: /home/ph/treasure/dockerBENCH/helios16p_ws/install/vicon_receiver/include/boost/range/config.hpp
-- Up-to-date: /home/ph/treasure/dockerBENCH/helios16p_ws/install/vicon_receiver/include/boost/range/range_fwd.hpp
-- Up-to-date: /home/ph/treasure/dockerBENCH/helios16p_ws/install/vicon_receiver/include/boost/range/has_range_iterator.hpp
-- Up-to-date: /home/ph/treasure/dockerBENCH/helios16p_ws/install/vicon_receiver/include/boost/range/difference_type.hpp
-- Up-to-date: /home/ph/treasure/dockerBENCH/helios16p_ws/install/vicon_receiver/include/boost/range/concepts.hpp
-- Up-to-date: /home/ph/treasure/dockerBENCH/helios16p_ws/install/vicon_receiver/include/boost/range/end.hpp
-- Up-to-date: /home/ph/treasure/dockerBENCH/helios16p_ws/install/vicon_receiver/include/boost/range/combine.hpp
-- Up-to-date: /home/ph/treasure/dockerBENCH/helios16p_ws/install/vicon_receiver/include/boost/range/const_iterator.hpp
-- Up-to-date: /home/ph/treasure/dockerBENCH/helios16p_ws/install/vicon_receiver/include/boost/range/iterator_range_core.hpp
-- Up-to-date: /home/ph/treasure/dockerBENCH/helios16p_ws/install/vicon_receiver/include/boost/range/mutable_iterator.hpp
-- Up-to-date: /home/ph/treasure/dockerBENCH/helios16p_ws/install/vicon_receiver/include/boost/range/value_type.hpp
-- Up-to-date: /home/ph/treasure/dockerBENCH/helios16p_ws/install/vicon_receiver/include/boost/range/rend.hpp
-- Up-to-date: /home/ph/treasure/dockerBENCH/helios16p_ws/install/vicon_receiver/include/boost/range/iterator_range.hpp
-- Up-to-date: /home/ph/treasure/dockerBENCH/helios16p_ws/install/vicon_receiver/include/boost/range/size.hpp
-- Up-to-date: /home/ph/treasure/dockerBENCH/helios16p_ws/install/vicon_receiver/include/boost/range/iterator.hpp
-- Up-to-date: /home/ph/treasure/dockerBENCH/helios16p_ws/install/vicon_receiver/include/boost/math
-- Up-to-date: /home/ph/treasure/dockerBENCH/helios16p_ws/install/vicon_receiver/include/boost/math/special_functions
-- Up-to-date: /home/ph/treasure/dockerBENCH/helios16p_ws/install/vicon_receiver/include/boost/math/special_functions/math_fwd.hpp
-- Up-to-date: /home/ph/treasure/dockerBENCH/helios16p_ws/install/vicon_receiver/include/boost/math/special_functions/detail
-- Up-to-date: /home/ph/treasure/dockerBENCH/helios16p_ws/install/vicon_receiver/include/boost/math/special_functions/detail/round_fwd.hpp
-- Up-to-date: /home/ph/treasure/dockerBENCH/helios16p_ws/install/vicon_receiver/include/boost/math/special_functions/detail/fp_traits.hpp
-- Up-to-date: /home/ph/treasure/dockerBENCH/helios16p_ws/install/vicon_receiver/include/boost/math/special_functions/fpclassify.hpp
-- Up-to-date: /home/ph/treasure/dockerBENCH/helios16p_ws/install/vicon_receiver/include/boost/math/special_functions/sign.hpp
-- Up-to-date: /home/ph/treasure/dockerBENCH/helios16p_ws/install/vicon_receiver/include/boost/math/constants
-- Up-to-date: /home/ph/treasure/dockerBENCH/helios16p_ws/install/vicon_receiver/include/boost/math/constants/calculate_constants.hpp
-- Up-to-date: /home/ph/treasure/dockerBENCH/helios16p_ws/install/vicon_receiver/include/boost/math/constants/constants.hpp
-- Up-to-date: /home/ph/treasure/dockerBENCH/helios16p_ws/install/vicon_receiver/include/boost/math/policies
-- Up-to-date: /home/ph/treasure/dockerBENCH/helios16p_ws/install/vicon_receiver/include/boost/math/policies/policy.hpp
-- Up-to-date: /home/ph/treasure/dockerBENCH/helios16p_ws/install/vicon_receiver/include/boost/math/tools
-- Up-to-date: /home/ph/treasure/dockerBENCH/helios16p_ws/install/vicon_receiver/include/boost/math/tools/convert_from_string.hpp
-- Up-to-date: /home/ph/treasure/dockerBENCH/helios16p_ws/install/vicon_receiver/include/boost/math/tools/real_cast.hpp
-- Up-to-date: /home/ph/treasure/dockerBENCH/helios16p_ws/install/vicon_receiver/include/boost/math/tools/user.hpp
-- Up-to-date: /home/ph/treasure/dockerBENCH/helios16p_ws/install/vicon_receiver/include/boost/math/tools/config.hpp
-- Up-to-date: /home/ph/treasure/dockerBENCH/helios16p_ws/install/vicon_receiver/include/boost/math/tools/promotion.hpp
-- Up-to-date: /home/ph/treasure/dockerBENCH/helios16p_ws/install/vicon_receiver/include/boost/math/tools/cxx03_warn.hpp
-- Up-to-date: /home/ph/treasure/dockerBENCH/helios16p_ws/install/vicon_receiver/include/boost/math/tools/precision.hpp
-- Up-to-date: /home/ph/treasure/dockerBENCH/helios16p_ws/install/vicon_receiver/include/boost/type_index.hpp
-- Up-to-date: /home/ph/treasure/dockerBENCH/helios16p_ws/install/vicon_receiver/include/boost/intrusive_ptr.hpp
-- Up-to-date: /home/ph/treasure/dockerBENCH/helios16p_ws/install/vicon_receiver/include/boost/none.hpp
-- Up-to-date: /home/ph/treasure/dockerBENCH/helios16p_ws/install/vicon_receiver/include/boost/type_traits
-- Up-to-date: /home/ph/treasure/dockerBENCH/helios16p_ws/install/vicon_receiver/include/boost/type_traits/has_trivial_move_constructor.hpp
-- Up-to-date: /home/ph/treasure/dockerBENCH/helios16p_ws/install/vicon_receiver/include/boost/type_traits/remove_pointer.hpp
-- Up-to-date: /home/ph/treasure/dockerBENCH/helios16p_ws/install/vicon_receiver/include/boost/type_traits/copy_cv.hpp
-- Up-to-date: /home/ph/treasure/dockerBENCH/helios16p_ws/install/vicon_receiver/include/boost/type_traits/is_const.hpp
-- Up-to-date: /home/ph/treasure/dockerBENCH/helios16p_ws/install/vicon_receiver/include/boost/type_traits/has_nothrow_destructor.hpp
-- Up-to-date: /home/ph/treasure/dockerBENCH/helios16p_ws/install/vicon_receiver/include/boost/type_traits/add_rvalue_reference.hpp
-- Up-to-date: /home/ph/treasure/dockerBENCH/helios16p_ws/install/vicon_receiver/include/boost/type_traits/composite_traits.hpp
-- Up-to-date: /home/ph/treasure/dockerBENCH/helios16p_ws/install/vicon_receiver/include/boost/type_traits/detail
-- Up-to-date: /home/ph/treasure/dockerBENCH/helios16p_ws/install/vicon_receiver/include/boost/type_traits/detail/is_mem_fun_pointer_tester.hpp
-- Up-to-date: /home/ph/treasure/dockerBENCH/helios16p_ws/install/vicon_receiver/include/boost/type_traits/detail/composite_member_pointer_type.hpp
-- Up-to-date: /home/ph/treasure/dockerBENCH/helios16p_ws/install/vicon_receiver/include/boost/type_traits/detail/is_member_function_pointer_cxx_11.hpp
-- Up-to-date: /home/ph/treasure/dockerBENCH/helios16p_ws/install/vicon_receiver/include/boost/type_traits/detail/yes_no_type.hpp
-- Up-to-date: /home/ph/treasure/dockerBENCH/helios16p_ws/install/vicon_receiver/include/boost/type_traits/detail/common_type_impl.hpp
-- Up-to-date: /home/ph/treasure/dockerBENCH/helios16p_ws/install/vicon_receiver/include/boost/type_traits/detail/is_likely_lambda.hpp
-- Up-to-date: /home/ph/treasure/dockerBENCH/helios16p_ws/install/vicon_receiver/include/boost/type_traits/detail/is_function_cxx_11.hpp
-- Up-to-date: /home/ph/treasure/dockerBENCH/helios16p_ws/install/vicon_receiver/include/boost/type_traits/detail/config.hpp
-- Up-to-date: /home/ph/treasure/dockerBENCH/helios16p_ws/install/vicon_receiver/include/boost/type_traits/detail/is_member_function_pointer_cxx_03.hpp
-- Up-to-date: /home/ph/treasure/dockerBENCH/helios16p_ws/install/vicon_receiver/include/boost/type_traits/detail/is_function_cxx_03.hpp
-- Up-to-date: /home/ph/treasure/dockerBENCH/helios16p_ws/install/vicon_receiver/include/boost/type_traits/detail/is_mem_fun_pointer_impl.hpp
-- Up-to-date: /home/ph/treasure/dockerBENCH/helios16p_ws/install/vicon_receiver/include/boost/type_traits/detail/is_function_msvc10_fix.hpp
-- Up-to-date: /home/ph/treasure/dockerBENCH/helios16p_ws/install/vicon_receiver/include/boost/type_traits/detail/common_arithmetic_type.hpp
-- Up-to-date: /home/ph/treasure/dockerBENCH/helios16p_ws/install/vicon_receiver/include/boost/type_traits/detail/is_function_ptr_tester.hpp
-- Up-to-date: /home/ph/treasure/dockerBENCH/helios16p_ws/install/vicon_receiver/include/boost/type_traits/detail/composite_pointer_type.hpp
-- Up-to-date: /home/ph/treasure/dockerBENCH/helios16p_ws/install/vicon_receiver/include/boost/type_traits/detail/is_function_ptr_helper.hpp
-- Up-to-date: /home/ph/treasure/dockerBENCH/helios16p_ws/install/vicon_receiver/include/boost/type_traits/detail/is_rvalue_reference_msvc10_fix.hpp
-- Up-to-date: /home/ph/treasure/dockerBENCH/helios16p_ws/install/vicon_receiver/include/boost/type_traits/detail/mp_defer.hpp
-- Up-to-date: /home/ph/treasure/dockerBENCH/helios16p_ws/install/vicon_receiver/include/boost/type_traits/detail/has_binary_operator.hpp
-- Up-to-date: /home/ph/treasure/dockerBENCH/helios16p_ws/install/vicon_receiver/include/boost/type_traits/is_float.hpp
-- Up-to-date: /home/ph/treasure/dockerBENCH/helios16p_ws/install/vicon_receiver/include/boost/type_traits/is_noncopyable.hpp
-- Up-to-date: /home/ph/treasure/dockerBENCH/helios16p_ws/install/vicon_receiver/include/boost/type_traits/is_union.hpp
-- Up-to-date: /home/ph/treasure/dockerBENCH/helios16p_ws/install/vicon_receiver/include/boost/type_traits/same_traits.hpp
-- Up-to-date: /home/ph/treasure/dockerBENCH/helios16p_ws/install/vicon_receiver/include/boost/type_traits/has_right_shift.hpp
-- Up-to-date: /home/ph/treasure/dockerBENCH/helios16p_ws/install/vicon_receiver/include/boost/type_traits/remove_extent.hpp
-- Up-to-date: /home/ph/treasure/dockerBENCH/helios16p_ws/install/vicon_receiver/include/boost/type_traits/is_object.hpp
-- Up-to-date: /home/ph/treasure/dockerBENCH/helios16p_ws/install/vicon_receiver/include/boost/type_traits/is_pod.hpp
-- Up-to-date: /home/ph/treasure/dockerBENCH/helios16p_ws/install/vicon_receiver/include/boost/type_traits/remove_bounds.hpp
-- Up-to-date: /home/ph/treasure/dockerBENCH/helios16p_ws/install/vicon_receiver/include/boost/type_traits/add_reference.hpp
-- Up-to-date: /home/ph/treasure/dockerBENCH/helios16p_ws/install/vicon_receiver/include/boost/type_traits/is_unbounded_array.hpp
-- Up-to-date: /home/ph/treasure/dockerBENCH/helios16p_ws/install/vicon_receiver/include/boost/type_traits/is_pointer.hpp
-- Up-to-date: /home/ph/treasure/dockerBENCH/helios16p_ws/install/vicon_receiver/include/boost/type_traits/is_convertible.hpp
-- Up-to-date: /home/ph/treasure/dockerBENCH/helios16p_ws/install/vicon_receiver/include/boost/type_traits/is_abstract.hpp
-- Up-to-date: /home/ph/treasure/dockerBENCH/helios16p_ws/install/vicon_receiver/include/boost/type_traits/is_member_pointer.hpp
-- Up-to-date: /home/ph/treasure/dockerBENCH/helios16p_ws/install/vicon_receiver/include/boost/type_traits/remove_all_extents.hpp
-- Up-to-date: /home/ph/treasure/dockerBENCH/helios16p_ws/install/vicon_receiver/include/boost/type_traits/add_const.hpp
-- Up-to-date: /home/ph/treasure/dockerBENCH/helios16p_ws/install/vicon_receiver/include/boost/type_traits/is_assignable.hpp
-- Up-to-date: /home/ph/treasure/dockerBENCH/helios16p_ws/install/vicon_receiver/include/boost/type_traits/add_volatile.hpp
-- Up-to-date: /home/ph/treasure/dockerBENCH/helios16p_ws/install/vicon_receiver/include/boost/type_traits/is_destructible.hpp
-- Up-to-date: /home/ph/treasure/dockerBENCH/helios16p_ws/install/vicon_receiver/include/boost/type_traits/is_reference.hpp
-- Up-to-date: /home/ph/treasure/dockerBENCH/helios16p_ws/install/vicon_receiver/include/boost/type_traits/is_class.hpp
-- Up-to-date: /home/ph/treasure/dockerBENCH/helios16p_ws/install/vicon_receiver/include/boost/type_traits/is_empty.hpp
-- Up-to-date: /home/ph/treasure/dockerBENCH/helios16p_ws/install/vicon_receiver/include/boost/type_traits/is_constructible.hpp
-- Up-to-date: /home/ph/treasure/dockerBENCH/helios16p_ws/install/vicon_receiver/include/boost/type_traits/is_integral.hpp
-- Up-to-date: /home/ph/treasure/dockerBENCH/helios16p_ws/install/vicon_receiver/include/boost/type_traits/has_left_shift.hpp
-- Up-to-date: /home/ph/treasure/dockerBENCH/helios16p_ws/install/vicon_receiver/include/boost/type_traits/is_enum.hpp
-- Up-to-date: /home/ph/treasure/dockerBENCH/helios16p_ws/install/vicon_receiver/include/boost/type_traits/declval.hpp
-- Up-to-date: /home/ph/treasure/dockerBENCH/helios16p_ws/install/vicon_receiver/include/boost/type_traits/add_pointer.hpp
-- Up-to-date: /home/ph/treasure/dockerBENCH/helios16p_ws/install/vicon_receiver/include/boost/type_traits/make_void.hpp
-- Up-to-date: /home/ph/treasure/dockerBENCH/helios16p_ws/install/vicon_receiver/include/boost/type_traits/is_scalar.hpp
-- Up-to-date: /home/ph/treasure/dockerBENCH/helios16p_ws/install/vicon_receiver/include/boost/type_traits/type_with_alignment.hpp
-- Up-to-date: /home/ph/treasure/dockerBENCH/helios16p_ws/install/vicon_receiver/include/boost/type_traits/is_unsigned.hpp
-- Up-to-date: /home/ph/treasure/dockerBENCH/helios16p_ws/install/vicon_receiver/include/boost/type_traits/add_lvalue_reference.hpp
-- Up-to-date: /home/ph/treasure/dockerBENCH/helios16p_ws/install/vicon_receiver/include/boost/type_traits/has_nothrow_assign.hpp
-- Up-to-date: /home/ph/treasure/dockerBENCH/helios16p_ws/install/vicon_receiver/include/boost/type_traits/aligned_storage.hpp
-- Up-to-date: /home/ph/treasure/dockerBENCH/helios16p_ws/install/vicon_receiver/include/boost/type_traits/is_member_function_pointer.hpp
-- Up-to-date: /home/ph/treasure/dockerBENCH/helios16p_ws/install/vicon_receiver/include/boost/type_traits/has_nothrow_copy.hpp
-- Up-to-date: /home/ph/treasure/dockerBENCH/helios16p_ws/install/vicon_receiver/include/boost/type_traits/is_rvalue_reference.hpp
-- Up-to-date: /home/ph/treasure/dockerBENCH/helios16p_ws/install/vicon_receiver/include/boost/type_traits/is_signed.hpp
-- Up-to-date: /home/ph/treasure/dockerBENCH/helios16p_ws/install/vicon_receiver/include/boost/type_traits/remove_cv.hpp
-- Up-to-date: /home/ph/treasure/dockerBENCH/helios16p_ws/install/vicon_receiver/include/boost/type_traits/remove_volatile.hpp
-- Up-to-date: /home/ph/treasure/dockerBENCH/helios16p_ws/install/vicon_receiver/include/boost/type_traits/conversion_traits.hpp
-- Up-to-date: /home/ph/treasure/dockerBENCH/helios16p_ws/install/vicon_receiver/include/boost/type_traits/is_volatile.hpp
-- Up-to-date: /home/ph/treasure/dockerBENCH/helios16p_ws/install/vicon_receiver/include/boost/type_traits/has_trivial_move_assign.hpp
-- Up-to-date: /home/ph/treasure/dockerBENCH/helios16p_ws/install/vicon_receiver/include/boost/type_traits/type_identity.hpp
-- Up-to-date: /home/ph/treasure/dockerBENCH/helios16p_ws/install/vicon_receiver/include/boost/type_traits/has_nothrow_constructor.hpp
-- Up-to-date: /home/ph/treasure/dockerBENCH/helios16p_ws/install/vicon_receiver/include/boost/type_traits/has_minus_assign.hpp
-- Up-to-date: /home/ph/treasure/dockerBENCH/helios16p_ws/install/vicon_receiver/include/boost/type_traits/has_trivial_constructor.hpp
-- Up-to-date: /home/ph/treasure/dockerBENCH/helios16p_ws/install/vicon_receiver/include/boost/type_traits/enable_if.hpp
-- Up-to-date: /home/ph/treasure/dockerBENCH/helios16p_ws/install/vicon_receiver/include/boost/type_traits/integral_constant.hpp
-- Up-to-date: /home/ph/treasure/dockerBENCH/helios16p_ws/install/vicon_receiver/include/boost/type_traits/has_trivial_assign.hpp
-- Up-to-date: /home/ph/treasure/dockerBENCH/helios16p_ws/install/vicon_receiver/include/boost/type_traits/is_polymorphic.hpp
-- Up-to-date: /home/ph/treasure/dockerBENCH/helios16p_ws/install/vicon_receiver/include/boost/type_traits/is_arithmetic.hpp
-- Up-to-date: /home/ph/treasure/dockerBENCH/helios16p_ws/install/vicon_receiver/include/boost/type_traits/remove_reference.hpp
-- Up-to-date: /home/ph/treasure/dockerBENCH/helios16p_ws/install/vicon_receiver/include/boost/type_traits/is_same.hpp
-- Up-to-date: /home/ph/treasure/dockerBENCH/helios16p_ws/install/vicon_receiver/include/boost/type_traits/intrinsics.hpp
-- Up-to-date: /home/ph/treasure/dockerBENCH/helios16p_ws/install/vicon_receiver/include/boost/type_traits/is_nothrow_move_constructible.hpp
-- Up-to-date: /home/ph/treasure/dockerBENCH/helios16p_ws/install/vicon_receiver/include/boost/type_traits/is_base_and_derived.hpp
-- Up-to-date: /home/ph/treasure/dockerBENCH/helios16p_ws/install/vicon_receiver/include/boost/type_traits/make_unsigned.hpp
-- Up-to-date: /home/ph/treasure/dockerBENCH/helios16p_ws/install/vicon_receiver/include/boost/type_traits/is_array.hpp
-- Up-to-date: /home/ph/treasure/dockerBENCH/helios16p_ws/install/vicon_receiver/include/boost/type_traits/is_function.hpp
-- Up-to-date: /home/ph/treasure/dockerBENCH/helios16p_ws/install/vicon_receiver/include/boost/type_traits/extent.hpp
-- Up-to-date: /home/ph/treasure/dockerBENCH/helios16p_ws/install/vicon_receiver/include/boost/type_traits/is_bounded_array.hpp
-- Up-to-date: /home/ph/treasure/dockerBENCH/helios16p_ws/install/vicon_receiver/include/boost/type_traits/is_complete.hpp
-- Up-to-date: /home/ph/treasure/dockerBENCH/helios16p_ws/install/vicon_receiver/include/boost/type_traits/has_plus_assign.hpp
-- Up-to-date: /home/ph/treasure/dockerBENCH/helios16p_ws/install/vicon_receiver/include/boost/type_traits/remove_cv_ref.hpp
-- Up-to-date: /home/ph/treasure/dockerBENCH/helios16p_ws/install/vicon_receiver/include/boost/type_traits/has_minus.hpp
-- Up-to-date: /home/ph/treasure/dockerBENCH/helios16p_ws/install/vicon_receiver/include/boost/type_traits/cv_traits.hpp
-- Up-to-date: /home/ph/treasure/dockerBENCH/helios16p_ws/install/vicon_receiver/include/boost/type_traits/conditional.hpp
-- Up-to-date: /home/ph/treasure/dockerBENCH/helios16p_ws/install/vicon_receiver/include/boost/type_traits/has_plus.hpp
-- Up-to-date: /home/ph/treasure/dockerBENCH/helios16p_ws/install/vicon_receiver/include/boost/type_traits/is_lvalue_reference.hpp
-- Up-to-date: /home/ph/treasure/dockerBENCH/helios16p_ws/install/vicon_receiver/include/boost/type_traits/remove_const.hpp
-- Up-to-date: /home/ph/treasure/dockerBENCH/helios16p_ws/install/vicon_receiver/include/boost/type_traits/is_nothrow_move_assignable.hpp
-- Up-to-date: /home/ph/treasure/dockerBENCH/helios16p_ws/install/vicon_receiver/include/boost/type_traits/function_traits.hpp
-- Up-to-date: /home/ph/treasure/dockerBENCH/helios16p_ws/install/vicon_receiver/include/boost/type_traits/add_cv.hpp
-- Up-to-date: /home/ph/treasure/dockerBENCH/helios16p_ws/install/vicon_receiver/include/boost/type_traits/is_fundamental.hpp
-- Up-to-date: /home/ph/treasure/dockerBENCH/helios16p_ws/install/vicon_receiver/include/boost/type_traits/is_copy_constructible.hpp
-- Up-to-date: /home/ph/treasure/dockerBENCH/helios16p_ws/install/vicon_receiver/include/boost/type_traits/is_floating_point.hpp
-- Up-to-date: /home/ph/treasure/dockerBENCH/helios16p_ws/install/vicon_receiver/include/boost/type_traits/has_trivial_destructor.hpp
-- Up-to-date: /home/ph/treasure/dockerBENCH/helios16p_ws/install/vicon_receiver/include/boost/type_traits/is_base_of.hpp
-- Up-to-date: /home/ph/treasure/dockerBENCH/helios16p_ws/install/vicon_receiver/include/boost/type_traits/common_type.hpp
-- Up-to-date: /home/ph/treasure/dockerBENCH/helios16p_ws/install/vicon_receiver/include/boost/type_traits/make_signed.hpp
-- Up-to-date: /home/ph/treasure/dockerBENCH/helios16p_ws/install/vicon_receiver/include/boost/type_traits/alignment_of.hpp
-- Up-to-date: /home/ph/treasure/dockerBENCH/helios16p_ws/install/vicon_receiver/include/boost/type_traits/is_default_constructible.hpp
-- Up-to-date: /home/ph/treasure/dockerBENCH/helios16p_ws/install/vicon_receiver/include/boost/type_traits/is_void.hpp
-- Up-to-date: /home/ph/treasure/dockerBENCH/helios16p_ws/install/vicon_receiver/include/boost/type_traits/has_trivial_copy.hpp
-- Up-to-date: /home/ph/treasure/dockerBENCH/helios16p_ws/install/vicon_receiver/include/boost/type_traits/decay.hpp
-- Up-to-date: /home/ph/treasure/dockerBENCH/helios16p_ws/install/vicon_receiver/include/boost/system
-- Up-to-date: /home/ph/treasure/dockerBENCH/helios16p_ws/install/vicon_receiver/include/boost/system/error_code.hpp
-- Up-to-date: /home/ph/treasure/dockerBENCH/helios16p_ws/install/vicon_receiver/include/boost/system/detail
-- Up-to-date: /home/ph/treasure/dockerBENCH/helios16p_ws/install/vicon_receiver/include/boost/system/detail/error_code.hpp
-- Up-to-date: /home/ph/treasure/dockerBENCH/helios16p_ws/install/vicon_receiver/include/boost/system/detail/error_category_impl.hpp
-- Up-to-date: /home/ph/treasure/dockerBENCH/helios16p_ws/install/vicon_receiver/include/boost/system/detail/generic_category_message.hpp
-- Up-to-date: /home/ph/treasure/dockerBENCH/helios16p_ws/install/vicon_receiver/include/boost/system/detail/system_category_condition_win32.hpp
-- Up-to-date: /home/ph/treasure/dockerBENCH/helios16p_ws/install/vicon_receiver/include/boost/system/detail/error_condition.hpp
-- Up-to-date: /home/ph/treasure/dockerBENCH/helios16p_ws/install/vicon_receiver/include/boost/system/detail/config.hpp
-- Up-to-date: /home/ph/treasure/dockerBENCH/helios16p_ws/install/vicon_receiver/include/boost/system/detail/errc.hpp
-- Up-to-date: /home/ph/treasure/dockerBENCH/helios16p_ws/install/vicon_receiver/include/boost/system/detail/error_category.hpp
-- Up-to-date: /home/ph/treasure/dockerBENCH/helios16p_ws/install/vicon_receiver/include/boost/system/detail/cerrno.hpp
-- Up-to-date: /home/ph/treasure/dockerBENCH/helios16p_ws/install/vicon_receiver/include/boost/system/detail/system_category_message_win32.hpp
-- Up-to-date: /home/ph/treasure/dockerBENCH/helios16p_ws/install/vicon_receiver/include/boost/system/detail/enable_if.hpp
-- Up-to-date: /home/ph/treasure/dockerBENCH/helios16p_ws/install/vicon_receiver/include/boost/system/detail/is_generic_value.hpp
-- Up-to-date: /home/ph/treasure/dockerBENCH/helios16p_ws/install/vicon_receiver/include/boost/system/detail/generic_category.hpp
-- Up-to-date: /home/ph/treasure/dockerBENCH/helios16p_ws/install/vicon_receiver/include/boost/system/detail/throws.hpp
-- Up-to-date: /home/ph/treasure/dockerBENCH/helios16p_ws/install/vicon_receiver/include/boost/system/detail/to_std_category.hpp
-- Up-to-date: /home/ph/treasure/dockerBENCH/helios16p_ws/install/vicon_receiver/include/boost/system/detail/system_category_impl.hpp
-- Up-to-date: /home/ph/treasure/dockerBENCH/helios16p_ws/install/vicon_receiver/include/boost/system/detail/system_category.hpp
-- Up-to-date: /home/ph/treasure/dockerBENCH/helios16p_ws/install/vicon_receiver/include/boost/system/system_error.hpp
-- Up-to-date: /home/ph/treasure/dockerBENCH/helios16p_ws/install/vicon_receiver/include/boost/system/error_condition.hpp
-- Up-to-date: /home/ph/treasure/dockerBENCH/helios16p_ws/install/vicon_receiver/include/boost/system/config.hpp
-- Up-to-date: /home/ph/treasure/dockerBENCH/helios16p_ws/install/vicon_receiver/include/boost/system/errc.hpp
-- Up-to-date: /home/ph/treasure/dockerBENCH/helios16p_ws/install/vicon_receiver/include/boost/system/is_error_code_enum.hpp
-- Up-to-date: /home/ph/treasure/dockerBENCH/helios16p_ws/install/vicon_receiver/include/boost/system/error_category.hpp
-- Up-to-date: /home/ph/treasure/dockerBENCH/helios16p_ws/install/vicon_receiver/include/boost/system/generic_category.hpp
-- Up-to-date: /home/ph/treasure/dockerBENCH/helios16p_ws/install/vicon_receiver/include/boost/system/api_config.hpp
-- Up-to-date: /home/ph/treasure/dockerBENCH/helios16p_ws/install/vicon_receiver/include/boost/system/system_category.hpp
-- Up-to-date: /home/ph/treasure/dockerBENCH/helios16p_ws/install/vicon_receiver/include/boost/system/is_error_condition_enum.hpp
-- Up-to-date: /home/ph/treasure/dockerBENCH/helios16p_ws/install/vicon_receiver/include/boost/intrusive
-- Up-to-date: /home/ph/treasure/dockerBENCH/helios16p_ws/install/vicon_receiver/include/boost/intrusive/slist_hook.hpp
-- Up-to-date: /home/ph/treasure/dockerBENCH/helios16p_ws/install/vicon_receiver/include/boost/intrusive/detail
-- Up-to-date: /home/ph/treasure/dockerBENCH/helios16p_ws/install/vicon_receiver/include/boost/intrusive/detail/reverse_iterator.hpp
-- Up-to-date: /home/ph/treasure/dockerBENCH/helios16p_ws/install/vicon_receiver/include/boost/intrusive/detail/algorithm.hpp
-- Up-to-date: /home/ph/treasure/dockerBENCH/helios16p_ws/install/vicon_receiver/include/boost/intrusive/detail/size_holder.hpp
-- Up-to-date: /home/ph/treasure/dockerBENCH/helios16p_ws/install/vicon_receiver/include/boost/intrusive/detail/generic_hook.hpp
-- Up-to-date: /home/ph/treasure/dockerBENCH/helios16p_ws/install/vicon_receiver/include/boost/intrusive/detail/exception_disposer.hpp
-- Up-to-date: /home/ph/treasure/dockerBENCH/helios16p_ws/install/vicon_receiver/include/boost/intrusive/detail/algo_type.hpp
-- Up-to-date: /home/ph/treasure/dockerBENCH/helios16p_ws/install/vicon_receiver/include/boost/intrusive/detail/slist_node.hpp
-- Up-to-date: /home/ph/treasure/dockerBENCH/helios16p_ws/install/vicon_receiver/include/boost/intrusive/detail/array_initializer.hpp
-- Up-to-date: /home/ph/treasure/dockerBENCH/helios16p_ws/install/vicon_receiver/include/boost/intrusive/detail/get_value_traits.hpp
-- Up-to-date: /home/ph/treasure/dockerBENCH/helios16p_ws/install/vicon_receiver/include/boost/intrusive/detail/uncast.hpp
-- Up-to-date: /home/ph/treasure/dockerBENCH/helios16p_ws/install/vicon_receiver/include/boost/intrusive/detail/has_member_function_callable_with.hpp
-- Up-to-date: /home/ph/treasure/dockerBENCH/helios16p_ws/install/vicon_receiver/include/boost/intrusive/detail/config_end.hpp
-- Up-to-date: /home/ph/treasure/dockerBENCH/helios16p_ws/install/vicon_receiver/include/boost/intrusive/detail/slist_iterator.hpp
-- Up-to-date: /home/ph/treasure/dockerBENCH/helios16p_ws/install/vicon_receiver/include/boost/intrusive/detail/list_node.hpp
-- Up-to-date: /home/ph/treasure/dockerBENCH/helios16p_ws/install/vicon_receiver/include/boost/intrusive/detail/list_iterator.hpp
-- Up-to-date: /home/ph/treasure/dockerBENCH/helios16p_ws/install/vicon_receiver/include/boost/intrusive/detail/assert.hpp
-- Up-to-date: /home/ph/treasure/dockerBENCH/helios16p_ws/install/vicon_receiver/include/boost/intrusive/detail/is_stateful_value_traits.hpp
-- Up-to-date: /home/ph/treasure/dockerBENCH/helios16p_ws/install/vicon_receiver/include/boost/intrusive/detail/std_fwd.hpp
-- Up-to-date: /home/ph/treasure/dockerBENCH/helios16p_ws/install/vicon_receiver/include/boost/intrusive/detail/ebo_functor_holder.hpp
-- Up-to-date: /home/ph/treasure/dockerBENCH/helios16p_ws/install/vicon_receiver/include/boost/intrusive/detail/function_detector.hpp
-- Up-to-date: /home/ph/treasure/dockerBENCH/helios16p_ws/install/vicon_receiver/include/boost/intrusive/detail/node_holder.hpp
-- Up-to-date: /home/ph/treasure/dockerBENCH/helios16p_ws/install/vicon_receiver/include/boost/intrusive/detail/equal_to_value.hpp
-- Up-to-date: /home/ph/treasure/dockerBENCH/helios16p_ws/install/vicon_receiver/include/boost/intrusive/detail/minimal_less_equal_header.hpp
-- Up-to-date: /home/ph/treasure/dockerBENCH/helios16p_ws/install/vicon_receiver/include/boost/intrusive/detail/parent_from_member.hpp
-- Up-to-date: /home/ph/treasure/dockerBENCH/helios16p_ws/install/vicon_receiver/include/boost/intrusive/detail/simple_disposers.hpp
-- Up-to-date: /home/ph/treasure/dockerBENCH/helios16p_ws/install/vicon_receiver/include/boost/intrusive/detail/config_begin.hpp
-- Up-to-date: /home/ph/treasure/dockerBENCH/helios16p_ws/install/vicon_receiver/include/boost/intrusive/detail/mpl.hpp
-- Up-to-date: /home/ph/treasure/dockerBENCH/helios16p_ws/install/vicon_receiver/include/boost/intrusive/detail/tree_value_compare.hpp
-- Up-to-date: /home/ph/treasure/dockerBENCH/helios16p_ws/install/vicon_receiver/include/boost/intrusive/detail/default_header_holder.hpp
-- Up-to-date: /home/ph/treasure/dockerBENCH/helios16p_ws/install/vicon_receiver/include/boost/intrusive/detail/iiterator.hpp
-- Up-to-date: /home/ph/treasure/dockerBENCH/helios16p_ws/install/vicon_receiver/include/boost/intrusive/detail/key_nodeptr_comp.hpp
-- Up-to-date: /home/ph/treasure/dockerBENCH/helios16p_ws/install/vicon_receiver/include/boost/intrusive/detail/minimal_pair_header.hpp
-- Up-to-date: /home/ph/treasure/dockerBENCH/helios16p_ws/install/vicon_receiver/include/boost/intrusive/detail/workaround.hpp
-- Up-to-date: /home/ph/treasure/dockerBENCH/helios16p_ws/install/vicon_receiver/include/boost/intrusive/detail/common_slist_algorithms.hpp
-- Up-to-date: /home/ph/treasure/dockerBENCH/helios16p_ws/install/vicon_receiver/include/boost/intrusive/detail/iterator.hpp
-- Up-to-date: /home/ph/treasure/dockerBENCH/helios16p_ws/install/vicon_receiver/include/boost/intrusive/detail/hook_traits.hpp
-- Up-to-date: /home/ph/treasure/dockerBENCH/helios16p_ws/install/vicon_receiver/include/boost/intrusive/pointer_rebind.hpp
-- Up-to-date: /home/ph/treasure/dockerBENCH/helios16p_ws/install/vicon_receiver/include/boost/intrusive/slist.hpp
-- Up-to-date: /home/ph/treasure/dockerBENCH/helios16p_ws/install/vicon_receiver/include/boost/intrusive/list_hook.hpp
-- Up-to-date: /home/ph/treasure/dockerBENCH/helios16p_ws/install/vicon_receiver/include/boost/intrusive/intrusive_fwd.hpp
-- Up-to-date: /home/ph/treasure/dockerBENCH/helios16p_ws/install/vicon_receiver/include/boost/intrusive/list.hpp
-- Up-to-date: /home/ph/treasure/dockerBENCH/helios16p_ws/install/vicon_receiver/include/boost/intrusive/circular_slist_algorithms.hpp
-- Up-to-date: /home/ph/treasure/dockerBENCH/helios16p_ws/install/vicon_receiver/include/boost/intrusive/circular_list_algorithms.hpp
-- Up-to-date: /home/ph/treasure/dockerBENCH/helios16p_ws/install/vicon_receiver/include/boost/intrusive/linear_slist_algorithms.hpp
-- Up-to-date: /home/ph/treasure/dockerBENCH/helios16p_ws/install/vicon_receiver/include/boost/intrusive/pack_options.hpp
-- Up-to-date: /home/ph/treasure/dockerBENCH/helios16p_ws/install/vicon_receiver/include/boost/intrusive/options.hpp
-- Up-to-date: /home/ph/treasure/dockerBENCH/helios16p_ws/install/vicon_receiver/include/boost/intrusive/link_mode.hpp
-- Up-to-date: /home/ph/treasure/dockerBENCH/helios16p_ws/install/vicon_receiver/include/boost/intrusive/pointer_traits.hpp
-- Up-to-date: /home/ph/treasure/dockerBENCH/helios16p_ws/install/vicon_receiver/include/boost/scoped_array.hpp
-- Up-to-date: /home/ph/treasure/dockerBENCH/helios16p_ws/install/vicon_receiver/include/boost/scoped_ptr.hpp
-- Up-to-date: /home/ph/treasure/dockerBENCH/helios16p_ws/install/vicon_receiver/include/boost/token_functions.hpp
-- Up-to-date: /home/ph/treasure/dockerBENCH/helios16p_ws/install/vicon_receiver/include/boost/assert
-- Up-to-date: /home/ph/treasure/dockerBENCH/helios16p_ws/install/vicon_receiver/include/boost/assert/source_location.hpp
-- Up-to-date: /home/ph/treasure/dockerBENCH/helios16p_ws/install/vicon_receiver/include/boost/concept
-- Up-to-date: /home/ph/treasure/dockerBENCH/helios16p_ws/install/vicon_receiver/include/boost/concept/detail
-- Up-to-date: /home/ph/treasure/dockerBENCH/helios16p_ws/install/vicon_receiver/include/boost/concept/detail/concept_def.hpp
-- Up-to-date: /home/ph/treasure/dockerBENCH/helios16p_ws/install/vicon_receiver/include/boost/concept/detail/borland.hpp
-- Up-to-date: /home/ph/treasure/dockerBENCH/helios16p_ws/install/vicon_receiver/include/boost/concept/detail/msvc.hpp
-- Up-to-date: /home/ph/treasure/dockerBENCH/helios16p_ws/install/vicon_receiver/include/boost/concept/detail/has_constraints.hpp
-- Up-to-date: /home/ph/treasure/dockerBENCH/helios16p_ws/install/vicon_receiver/include/boost/concept/detail/backward_compatibility.hpp
-- Up-to-date: /home/ph/treasure/dockerBENCH/helios16p_ws/install/vicon_receiver/include/boost/concept/detail/concept_undef.hpp
-- Up-to-date: /home/ph/treasure/dockerBENCH/helios16p_ws/install/vicon_receiver/include/boost/concept/detail/general.hpp
-- Up-to-date: /home/ph/treasure/dockerBENCH/helios16p_ws/install/vicon_receiver/include/boost/concept/usage.hpp
-- Up-to-date: /home/ph/treasure/dockerBENCH/helios16p_ws/install/vicon_receiver/include/boost/concept/assert.hpp
-- Up-to-date: /home/ph/treasure/dockerBENCH/helios16p_ws/install/vicon_receiver/include/boost/integer.hpp
-- Up-to-date: /home/ph/treasure/dockerBENCH/helios16p_ws/install/vicon_receiver/include/boost/limits.hpp
-- Up-to-date: /home/ph/treasure/dockerBENCH/helios16p_ws/install/vicon_receiver/include/boost/memory_order.hpp
-- Up-to-date: /home/ph/treasure/dockerBENCH/helios16p_ws/install/vicon_receiver/include/boost/numeric
-- Up-to-date: /home/ph/treasure/dockerBENCH/helios16p_ws/install/vicon_receiver/include/boost/numeric/conversion
-- Up-to-date: /home/ph/treasure/dockerBENCH/helios16p_ws/install/vicon_receiver/include/boost/numeric/conversion/numeric_cast_traits.hpp
-- Up-to-date: /home/ph/treasure/dockerBENCH/helios16p_ws/install/vicon_receiver/include/boost/numeric/conversion/detail
-- Up-to-date: /home/ph/treasure/dockerBENCH/helios16p_ws/install/vicon_receiver/include/boost/numeric/conversion/detail/numeric_cast_traits.hpp
-- Up-to-date: /home/ph/treasure/dockerBENCH/helios16p_ws/install/vicon_receiver/include/boost/numeric/conversion/detail/sign_mixture.hpp
-- Up-to-date: /home/ph/treasure/dockerBENCH/helios16p_ws/install/vicon_receiver/include/boost/numeric/conversion/detail/int_float_mixture.hpp
-- Up-to-date: /home/ph/treasure/dockerBENCH/helios16p_ws/install/vicon_receiver/include/boost/numeric/conversion/detail/old_numeric_cast.hpp
-- Up-to-date: /home/ph/treasure/dockerBENCH/helios16p_ws/install/vicon_receiver/include/boost/numeric/conversion/detail/bounds.hpp
-- Up-to-date: /home/ph/treasure/dockerBENCH/helios16p_ws/install/vicon_receiver/include/boost/numeric/conversion/detail/converter.hpp
-- Up-to-date: /home/ph/treasure/dockerBENCH/helios16p_ws/install/vicon_receiver/include/boost/numeric/conversion/detail/meta.hpp
-- Up-to-date: /home/ph/treasure/dockerBENCH/helios16p_ws/install/vicon_receiver/include/boost/numeric/conversion/detail/preprocessed
-- Up-to-date: /home/ph/treasure/dockerBENCH/helios16p_ws/install/vicon_receiver/include/boost/numeric/conversion/detail/preprocessed/numeric_cast_traits_long_long.hpp
-- Up-to-date: /home/ph/treasure/dockerBENCH/helios16p_ws/install/vicon_receiver/include/boost/numeric/conversion/detail/preprocessed/numeric_cast_traits_common.hpp
-- Up-to-date: /home/ph/treasure/dockerBENCH/helios16p_ws/install/vicon_receiver/include/boost/numeric/conversion/detail/conversion_traits.hpp
-- Up-to-date: /home/ph/treasure/dockerBENCH/helios16p_ws/install/vicon_receiver/include/boost/numeric/conversion/detail/is_subranged.hpp
-- Up-to-date: /home/ph/treasure/dockerBENCH/helios16p_ws/install/vicon_receiver/include/boost/numeric/conversion/detail/udt_builtin_mixture.hpp
-- Up-to-date: /home/ph/treasure/dockerBENCH/helios16p_ws/install/vicon_receiver/include/boost/numeric/conversion/bounds.hpp
-- Up-to-date: /home/ph/treasure/dockerBENCH/helios16p_ws/install/vicon_receiver/include/boost/numeric/conversion/converter.hpp
-- Up-to-date: /home/ph/treasure/dockerBENCH/helios16p_ws/install/vicon_receiver/include/boost/numeric/conversion/udt_builtin_mixture_enum.hpp
-- Up-to-date: /home/ph/treasure/dockerBENCH/helios16p_ws/install/vicon_receiver/include/boost/numeric/conversion/int_float_mixture_enum.hpp
-- Up-to-date: /home/ph/treasure/dockerBENCH/helios16p_ws/install/vicon_receiver/include/boost/numeric/conversion/conversion_traits.hpp
-- Up-to-date: /home/ph/treasure/dockerBENCH/helios16p_ws/install/vicon_receiver/include/boost/numeric/conversion/sign_mixture_enum.hpp
-- Up-to-date: /home/ph/treasure/dockerBENCH/helios16p_ws/install/vicon_receiver/include/boost/numeric/conversion/cast.hpp
-- Up-to-date: /home/ph/treasure/dockerBENCH/helios16p_ws/install/vicon_receiver/include/boost/numeric/conversion/converter_policies.hpp
-- Up-to-date: /home/ph/treasure/dockerBENCH/helios16p_ws/install/vicon_receiver/include/boost/predef
-- Up-to-date: /home/ph/treasure/dockerBENCH/helios16p_ws/install/vicon_receiver/include/boost/predef/hardware.h
-- Up-to-date: /home/ph/treasure/dockerBENCH/helios16p_ws/install/vicon_receiver/include/boost/predef/hardware
-- Up-to-date: /home/ph/treasure/dockerBENCH/helios16p_ws/install/vicon_receiver/include/boost/predef/hardware/simd
-- Up-to-date: /home/ph/treasure/dockerBENCH/helios16p_ws/install/vicon_receiver/include/boost/predef/hardware/simd/ppc.h
-- Up-to-date: /home/ph/treasure/dockerBENCH/helios16p_ws/install/vicon_receiver/include/boost/predef/hardware/simd/x86_amd
-- Up-to-date: /home/ph/treasure/dockerBENCH/helios16p_ws/install/vicon_receiver/include/boost/predef/hardware/simd/x86_amd/versions.h
-- Up-to-date: /home/ph/treasure/dockerBENCH/helios16p_ws/install/vicon_receiver/include/boost/predef/hardware/simd/arm.h
-- Up-to-date: /home/ph/treasure/dockerBENCH/helios16p_ws/install/vicon_receiver/include/boost/predef/hardware/simd/x86
-- Up-to-date: /home/ph/treasure/dockerBENCH/helios16p_ws/install/vicon_receiver/include/boost/predef/hardware/simd/x86/versions.h
-- Up-to-date: /home/ph/treasure/dockerBENCH/helios16p_ws/install/vicon_receiver/include/boost/predef/hardware/simd/x86.h
-- Up-to-date: /home/ph/treasure/dockerBENCH/helios16p_ws/install/vicon_receiver/include/boost/predef/hardware/simd/x86_amd.h
-- Up-to-date: /home/ph/treasure/dockerBENCH/helios16p_ws/install/vicon_receiver/include/boost/predef/hardware/simd/ppc
-- Up-to-date: /home/ph/treasure/dockerBENCH/helios16p_ws/install/vicon_receiver/include/boost/predef/hardware/simd/ppc/versions.h
-- Up-to-date: /home/ph/treasure/dockerBENCH/helios16p_ws/install/vicon_receiver/include/boost/predef/hardware/simd/arm
-- Up-to-date: /home/ph/treasure/dockerBENCH/helios16p_ws/install/vicon_receiver/include/boost/predef/hardware/simd/arm/versions.h
-- Up-to-date: /home/ph/treasure/dockerBENCH/helios16p_ws/install/vicon_receiver/include/boost/predef/hardware/simd.h
-- Up-to-date: /home/ph/treasure/dockerBENCH/helios16p_ws/install/vicon_receiver/include/boost/predef/architecture
-- Up-to-date: /home/ph/treasure/dockerBENCH/helios16p_ws/install/vicon_receiver/include/boost/predef/architecture/parisc.h
-- Up-to-date: /home/ph/treasure/dockerBENCH/helios16p_ws/install/vicon_receiver/include/boost/predef/architecture/superh.h
-- Up-to-date: /home/ph/treasure/dockerBENCH/helios16p_ws/install/vicon_receiver/include/boost/predef/architecture/sys370.h
-- Up-to-date: /home/ph/treasure/dockerBENCH/helios16p_ws/install/vicon_receiver/include/boost/predef/architecture/sparc.h
-- Up-to-date: /home/ph/treasure/dockerBENCH/helios16p_ws/install/vicon_receiver/include/boost/predef/architecture/ppc.h
-- Up-to-date: /home/ph/treasure/dockerBENCH/helios16p_ws/install/vicon_receiver/include/boost/predef/architecture/ptx.h
-- Up-to-date: /home/ph/treasure/dockerBENCH/helios16p_ws/install/vicon_receiver/include/boost/predef/architecture/ia64.h
-- Up-to-date: /home/ph/treasure/dockerBENCH/helios16p_ws/install/vicon_receiver/include/boost/predef/architecture/blackfin.h
-- Up-to-date: /home/ph/treasure/dockerBENCH/helios16p_ws/install/vicon_receiver/include/boost/predef/architecture/pyramid.h
-- Up-to-date: /home/ph/treasure/dockerBENCH/helios16p_ws/install/vicon_receiver/include/boost/predef/architecture/arm.h
-- Up-to-date: /home/ph/treasure/dockerBENCH/helios16p_ws/install/vicon_receiver/include/boost/predef/architecture/sys390.h
-- Up-to-date: /home/ph/treasure/dockerBENCH/helios16p_ws/install/vicon_receiver/include/boost/predef/architecture/rs6k.h
-- Up-to-date: /home/ph/treasure/dockerBENCH/helios16p_ws/install/vicon_receiver/include/boost/predef/architecture/convex.h
-- Up-to-date: /home/ph/treasure/dockerBENCH/helios16p_ws/install/vicon_receiver/include/boost/predef/architecture/mips.h
-- Up-to-date: /home/ph/treasure/dockerBENCH/helios16p_ws/install/vicon_receiver/include/boost/predef/architecture/m68k.h
-- Up-to-date: /home/ph/treasure/dockerBENCH/helios16p_ws/install/vicon_receiver/include/boost/predef/architecture/x86
-- Up-to-date: /home/ph/treasure/dockerBENCH/helios16p_ws/install/vicon_receiver/include/boost/predef/architecture/x86/32.h
-- Up-to-date: /home/ph/treasure/dockerBENCH/helios16p_ws/install/vicon_receiver/include/boost/predef/architecture/x86/64.h
-- Up-to-date: /home/ph/treasure/dockerBENCH/helios16p_ws/install/vicon_receiver/include/boost/predef/architecture/x86.h
-- Up-to-date: /home/ph/treasure/dockerBENCH/helios16p_ws/install/vicon_receiver/include/boost/predef/architecture/alpha.h
-- Up-to-date: /home/ph/treasure/dockerBENCH/helios16p_ws/install/vicon_receiver/include/boost/predef/architecture/riscv.h
-- Up-to-date: /home/ph/treasure/dockerBENCH/helios16p_ws/install/vicon_receiver/include/boost/predef/architecture/z.h
-- Up-to-date: /home/ph/treasure/dockerBENCH/helios16p_ws/install/vicon_receiver/include/boost/predef/compiler
-- Up-to-date: /home/ph/treasure/dockerBENCH/helios16p_ws/install/vicon_receiver/include/boost/predef/compiler/sunpro.h
-- Up-to-date: /home/ph/treasure/dockerBENCH/helios16p_ws/install/vicon_receiver/include/boost/predef/compiler/metaware.h
-- Up-to-date: /home/ph/treasure/dockerBENCH/helios16p_ws/install/vicon_receiver/include/boost/predef/compiler/compaq.h
-- Up-to-date: /home/ph/treasure/dockerBENCH/helios16p_ws/install/vicon_receiver/include/boost/predef/compiler/visualc.h
-- Up-to-date: /home/ph/treasure/dockerBENCH/helios16p_ws/install/vicon_receiver/include/boost/predef/compiler/mpw.h
-- Up-to-date: /home/ph/treasure/dockerBENCH/helios16p_ws/install/vicon_receiver/include/boost/predef/compiler/gcc.h
-- Up-to-date: /home/ph/treasure/dockerBENCH/helios16p_ws/install/vicon_receiver/include/boost/predef/compiler/clang.h
-- Up-to-date: /home/ph/treasure/dockerBENCH/helios16p_ws/install/vicon_receiver/include/boost/predef/compiler/borland.h
-- Up-to-date: /home/ph/treasure/dockerBENCH/helios16p_ws/install/vicon_receiver/include/boost/predef/compiler/greenhills.h
-- Up-to-date: /home/ph/treasure/dockerBENCH/helios16p_ws/install/vicon_receiver/include/boost/predef/compiler/ibm.h
-- Up-to-date: /home/ph/treasure/dockerBENCH/helios16p_ws/install/vicon_receiver/include/boost/predef/compiler/gcc_xml.h
-- Up-to-date: /home/ph/treasure/dockerBENCH/helios16p_ws/install/vicon_receiver/include/boost/predef/compiler/edg.h
-- Up-to-date: /home/ph/treasure/dockerBENCH/helios16p_ws/install/vicon_receiver/include/boost/predef/compiler/ekopath.h
-- Up-to-date: /home/ph/treasure/dockerBENCH/helios16p_ws/install/vicon_receiver/include/boost/predef/compiler/kai.h
-- Up-to-date: /home/ph/treasure/dockerBENCH/helios16p_ws/install/vicon_receiver/include/boost/predef/compiler/watcom.h
-- Up-to-date: /home/ph/treasure/dockerBENCH/helios16p_ws/install/vicon_receiver/include/boost/predef/compiler/nvcc.h
-- Up-to-date: /home/ph/treasure/dockerBENCH/helios16p_ws/install/vicon_receiver/include/boost/predef/compiler/sgi_mipspro.h
-- Up-to-date: /home/ph/treasure/dockerBENCH/helios16p_ws/install/vicon_receiver/include/boost/predef/compiler/llvm.h
-- Up-to-date: /home/ph/treasure/dockerBENCH/helios16p_ws/install/vicon_receiver/include/boost/predef/compiler/iar.h
-- Up-to-date: /home/ph/treasure/dockerBENCH/helios16p_ws/install/vicon_receiver/include/boost/predef/compiler/tendra.h
-- Up-to-date: /home/ph/treasure/dockerBENCH/helios16p_ws/install/vicon_receiver/include/boost/predef/compiler/palm.h
-- Up-to-date: /home/ph/treasure/dockerBENCH/helios16p_ws/install/vicon_receiver/include/boost/predef/compiler/dignus.h
-- Up-to-date: /home/ph/treasure/dockerBENCH/helios16p_ws/install/vicon_receiver/include/boost/predef/compiler/metrowerks.h
-- Up-to-date: /home/ph/treasure/dockerBENCH/helios16p_ws/install/vicon_receiver/include/boost/predef/compiler/intel.h
-- Up-to-date: /home/ph/treasure/dockerBENCH/helios16p_ws/install/vicon_receiver/include/boost/predef/compiler/hp_acc.h
-- Up-to-date: /home/ph/treasure/dockerBENCH/helios16p_ws/install/vicon_receiver/include/boost/predef/compiler/microtec.h
-- Up-to-date: /home/ph/treasure/dockerBENCH/helios16p_ws/install/vicon_receiver/include/boost/predef/compiler/pgi.h
-- Up-to-date: /home/ph/treasure/dockerBENCH/helios16p_ws/install/vicon_receiver/include/boost/predef/compiler/digitalmars.h
-- Up-to-date: /home/ph/treasure/dockerBENCH/helios16p_ws/install/vicon_receiver/include/boost/predef/compiler/comeau.h
-- Up-to-date: /home/ph/treasure/dockerBENCH/helios16p_ws/install/vicon_receiver/include/boost/predef/compiler/diab.h
-- Up-to-date: /home/ph/treasure/dockerBENCH/helios16p_ws/install/vicon_receiver/include/boost/predef/detail
-- Up-to-date: /home/ph/treasure/dockerBENCH/helios16p_ws/install/vicon_receiver/include/boost/predef/detail/comp_detected.h
-- Up-to-date: /home/ph/treasure/dockerBENCH/helios16p_ws/install/vicon_receiver/include/boost/predef/detail/_cassert.h
-- Up-to-date: /home/ph/treasure/dockerBENCH/helios16p_ws/install/vicon_receiver/include/boost/predef/detail/_exception.h
-- Up-to-date: /home/ph/treasure/dockerBENCH/helios16p_ws/install/vicon_receiver/include/boost/predef/detail/test.h
-- Up-to-date: /home/ph/treasure/dockerBENCH/helios16p_ws/install/vicon_receiver/include/boost/predef/detail/os_detected.h
-- Up-to-date: /home/ph/treasure/dockerBENCH/helios16p_ws/install/vicon_receiver/include/boost/predef/detail/platform_detected.h
-- Up-to-date: /home/ph/treasure/dockerBENCH/helios16p_ws/install/vicon_receiver/include/boost/predef/make.h
-- Up-to-date: /home/ph/treasure/dockerBENCH/helios16p_ws/install/vicon_receiver/include/boost/predef/architecture.h
-- Up-to-date: /home/ph/treasure/dockerBENCH/helios16p_ws/install/vicon_receiver/include/boost/predef/os.h
-- Up-to-date: /home/ph/treasure/dockerBENCH/helios16p_ws/install/vicon_receiver/include/boost/predef/platform
-- Up-to-date: /home/ph/treasure/dockerBENCH/helios16p_ws/install/vicon_receiver/include/boost/predef/platform/mingw32.h
-- Up-to-date: /home/ph/treasure/dockerBENCH/helios16p_ws/install/vicon_receiver/include/boost/predef/platform/mingw.h
-- Up-to-date: /home/ph/treasure/dockerBENCH/helios16p_ws/install/vicon_receiver/include/boost/predef/platform/windows_phone.h
-- Up-to-date: /home/ph/treasure/dockerBENCH/helios16p_ws/install/vicon_receiver/include/boost/predef/platform/mingw64.h
-- Up-to-date: /home/ph/treasure/dockerBENCH/helios16p_ws/install/vicon_receiver/include/boost/predef/platform/windows_store.h
-- Up-to-date: /home/ph/treasure/dockerBENCH/helios16p_ws/install/vicon_receiver/include/boost/predef/platform/windows_server.h
-- Up-to-date: /home/ph/treasure/dockerBENCH/helios16p_ws/install/vicon_receiver/include/boost/predef/platform/windows_uwp.h
-- Up-to-date: /home/ph/treasure/dockerBENCH/helios16p_ws/install/vicon_receiver/include/boost/predef/platform/windows_system.h
-- Up-to-date: /home/ph/treasure/dockerBENCH/helios16p_ws/install/vicon_receiver/include/boost/predef/platform/windows_desktop.h
-- Up-to-date: /home/ph/treasure/dockerBENCH/helios16p_ws/install/vicon_receiver/include/boost/predef/platform/android.h
-- Up-to-date: /home/ph/treasure/dockerBENCH/helios16p_ws/install/vicon_receiver/include/boost/predef/platform/ios.h
-- Up-to-date: /home/ph/treasure/dockerBENCH/helios16p_ws/install/vicon_receiver/include/boost/predef/platform/cloudabi.h
-- Up-to-date: /home/ph/treasure/dockerBENCH/helios16p_ws/install/vicon_receiver/include/boost/predef/platform/windows_runtime.h
-- Up-to-date: /home/ph/treasure/dockerBENCH/helios16p_ws/install/vicon_receiver/include/boost/predef/compiler.h
-- Up-to-date: /home/ph/treasure/dockerBENCH/helios16p_ws/install/vicon_receiver/include/boost/predef/library.h
-- Up-to-date: /home/ph/treasure/dockerBENCH/helios16p_ws/install/vicon_receiver/include/boost/predef/os
-- Up-to-date: /home/ph/treasure/dockerBENCH/helios16p_ws/install/vicon_receiver/include/boost/predef/os/linux.h
-- Up-to-date: /home/ph/treasure/dockerBENCH/helios16p_ws/install/vicon_receiver/include/boost/predef/os/windows.h
-- Up-to-date: /home/ph/treasure/dockerBENCH/helios16p_ws/install/vicon_receiver/include/boost/predef/os/unix.h
-- Up-to-date: /home/ph/treasure/dockerBENCH/helios16p_ws/install/vicon_receiver/include/boost/predef/os/qnxnto.h
-- Up-to-date: /home/ph/treasure/dockerBENCH/helios16p_ws/install/vicon_receiver/include/boost/predef/os/hpux.h
-- Up-to-date: /home/ph/treasure/dockerBENCH/helios16p_ws/install/vicon_receiver/include/boost/predef/os/bsd
-- Up-to-date: /home/ph/treasure/dockerBENCH/helios16p_ws/install/vicon_receiver/include/boost/predef/os/bsd/open.h
-- Up-to-date: /home/ph/treasure/dockerBENCH/helios16p_ws/install/vicon_receiver/include/boost/predef/os/bsd/free.h
-- Up-to-date: /home/ph/treasure/dockerBENCH/helios16p_ws/install/vicon_receiver/include/boost/predef/os/bsd/bsdi.h
-- Up-to-date: /home/ph/treasure/dockerBENCH/helios16p_ws/install/vicon_receiver/include/boost/predef/os/bsd/net.h
-- Up-to-date: /home/ph/treasure/dockerBENCH/helios16p_ws/install/vicon_receiver/include/boost/predef/os/bsd/dragonfly.h
-- Up-to-date: /home/ph/treasure/dockerBENCH/helios16p_ws/install/vicon_receiver/include/boost/predef/os/cygwin.h
-- Up-to-date: /home/ph/treasure/dockerBENCH/helios16p_ws/install/vicon_receiver/include/boost/predef/os/amigaos.h
-- Up-to-date: /home/ph/treasure/dockerBENCH/helios16p_ws/install/vicon_receiver/include/boost/predef/os/solaris.h
-- Up-to-date: /home/ph/treasure/dockerBENCH/helios16p_ws/install/vicon_receiver/include/boost/predef/os/beos.h
-- Up-to-date: /home/ph/treasure/dockerBENCH/helios16p_ws/install/vicon_receiver/include/boost/predef/os/bsd.h
-- Up-to-date: /home/ph/treasure/dockerBENCH/helios16p_ws/install/vicon_receiver/include/boost/predef/os/os400.h
-- Up-to-date: /home/ph/treasure/dockerBENCH/helios16p_ws/install/vicon_receiver/include/boost/predef/os/aix.h
-- Up-to-date: /home/ph/treasure/dockerBENCH/helios16p_ws/install/vicon_receiver/include/boost/predef/os/macos.h
-- Up-to-date: /home/ph/treasure/dockerBENCH/helios16p_ws/install/vicon_receiver/include/boost/predef/os/vms.h
-- Up-to-date: /home/ph/treasure/dockerBENCH/helios16p_ws/install/vicon_receiver/include/boost/predef/os/irix.h
-- Up-to-date: /home/ph/treasure/dockerBENCH/helios16p_ws/install/vicon_receiver/include/boost/predef/os/ios.h
-- Up-to-date: /home/ph/treasure/dockerBENCH/helios16p_ws/install/vicon_receiver/include/boost/predef/os/haiku.h
-- Up-to-date: /home/ph/treasure/dockerBENCH/helios16p_ws/install/vicon_receiver/include/boost/predef/platform.h
-- Up-to-date: /home/ph/treasure/dockerBENCH/helios16p_ws/install/vicon_receiver/include/boost/predef/version_number.h
-- Up-to-date: /home/ph/treasure/dockerBENCH/helios16p_ws/install/vicon_receiver/include/boost/predef/language.h
-- Up-to-date: /home/ph/treasure/dockerBENCH/helios16p_ws/install/vicon_receiver/include/boost/predef/language
-- Up-to-date: /home/ph/treasure/dockerBENCH/helios16p_ws/install/vicon_receiver/include/boost/predef/language/stdc.h
-- Up-to-date: /home/ph/treasure/dockerBENCH/helios16p_ws/install/vicon_receiver/include/boost/predef/language/stdcpp.h
-- Up-to-date: /home/ph/treasure/dockerBENCH/helios16p_ws/install/vicon_receiver/include/boost/predef/language/objc.h
-- Up-to-date: /home/ph/treasure/dockerBENCH/helios16p_ws/install/vicon_receiver/include/boost/predef/language/cuda.h
-- Up-to-date: /home/ph/treasure/dockerBENCH/helios16p_ws/install/vicon_receiver/include/boost/predef/other.h
-- Up-to-date: /home/ph/treasure/dockerBENCH/helios16p_ws/install/vicon_receiver/include/boost/predef/other
-- Up-to-date: /home/ph/treasure/dockerBENCH/helios16p_ws/install/vicon_receiver/include/boost/predef/other/endian.h
-- Up-to-date: /home/ph/treasure/dockerBENCH/helios16p_ws/install/vicon_receiver/include/boost/predef/version.h
-- Up-to-date: /home/ph/treasure/dockerBENCH/helios16p_ws/install/vicon_receiver/include/boost/predef/library
-- Up-to-date: /home/ph/treasure/dockerBENCH/helios16p_ws/install/vicon_receiver/include/boost/predef/library/std
-- Up-to-date: /home/ph/treasure/dockerBENCH/helios16p_ws/install/vicon_receiver/include/boost/predef/library/std/_prefix.h
-- Up-to-date: /home/ph/treasure/dockerBENCH/helios16p_ws/install/vicon_receiver/include/boost/predef/library/std/modena.h
-- Up-to-date: /home/ph/treasure/dockerBENCH/helios16p_ws/install/vicon_receiver/include/boost/predef/library/std/cxx.h
-- Up-to-date: /home/ph/treasure/dockerBENCH/helios16p_ws/install/vicon_receiver/include/boost/predef/library/std/stlport.h
-- Up-to-date: /home/ph/treasure/dockerBENCH/helios16p_ws/install/vicon_receiver/include/boost/predef/library/std/dinkumware.h
-- Up-to-date: /home/ph/treasure/dockerBENCH/helios16p_ws/install/vicon_receiver/include/boost/predef/library/std/libcomo.h
-- Up-to-date: /home/ph/treasure/dockerBENCH/helios16p_ws/install/vicon_receiver/include/boost/predef/library/std/roguewave.h
-- Up-to-date: /home/ph/treasure/dockerBENCH/helios16p_ws/install/vicon_receiver/include/boost/predef/library/std/msl.h
-- Up-to-date: /home/ph/treasure/dockerBENCH/helios16p_ws/install/vicon_receiver/include/boost/predef/library/std/vacpp.h
-- Up-to-date: /home/ph/treasure/dockerBENCH/helios16p_ws/install/vicon_receiver/include/boost/predef/library/std/sgi.h
-- Up-to-date: /home/ph/treasure/dockerBENCH/helios16p_ws/install/vicon_receiver/include/boost/predef/library/std/stdcpp3.h
-- Up-to-date: /home/ph/treasure/dockerBENCH/helios16p_ws/install/vicon_receiver/include/boost/predef/library/c
-- Up-to-date: /home/ph/treasure/dockerBENCH/helios16p_ws/install/vicon_receiver/include/boost/predef/library/c/gnu.h
-- Up-to-date: /home/ph/treasure/dockerBENCH/helios16p_ws/install/vicon_receiver/include/boost/predef/library/c/_prefix.h
-- Up-to-date: /home/ph/treasure/dockerBENCH/helios16p_ws/install/vicon_receiver/include/boost/predef/library/c/zos.h
-- Up-to-date: /home/ph/treasure/dockerBENCH/helios16p_ws/install/vicon_receiver/include/boost/predef/library/c/uc.h
-- Up-to-date: /home/ph/treasure/dockerBENCH/helios16p_ws/install/vicon_receiver/include/boost/predef/library/c/vms.h
-- Up-to-date: /home/ph/treasure/dockerBENCH/helios16p_ws/install/vicon_receiver/include/boost/predef/library/c/cloudabi.h
-- Up-to-date: /home/ph/treasure/dockerBENCH/helios16p_ws/install/vicon_receiver/include/boost/predef/library/c.h
-- Up-to-date: /home/ph/treasure/dockerBENCH/helios16p_ws/install/vicon_receiver/include/boost/predef/library/std.h
-- Up-to-date: /home/ph/treasure/dockerBENCH/helios16p_ws/install/vicon_receiver/lib/libboost_system.so.1.75.0
-- Up-to-date: /home/ph/treasure/dockerBENCH/helios16p_ws/install/vicon_receiver/lib/libboost_thread.so.1.75.0
-- Up-to-date: /home/ph/treasure/dockerBENCH/helios16p_ws/install/vicon_receiver/lib/libboost_chrono.so.1.75.0
-- Up-to-date: /home/ph/treasure/dockerBENCH/helios16p_ws/install/vicon_receiver/lib/libboost_timer.so.1.75.0
-- Up-to-date: /home/ph/treasure/dockerBENCH/helios16p_ws/install/vicon_receiver/lib/libViconDataStreamSDK_CPP.so
-- Up-to-date: /home/ph/treasure/dockerBENCH/helios16p_ws/install/vicon_receiver/include
-- Up-to-date: /home/ph/treasure/dockerBENCH/helios16p_ws/install/vicon_receiver/include/vicon-datastream-sdk
-- Up-to-date: /home/ph/treasure/dockerBENCH/helios16p_ws/install/vicon_receiver/include/vicon-datastream-sdk/IDataStreamClientBase.h
-- Up-to-date: /home/ph/treasure/dockerBENCH/helios16p_ws/install/vicon_receiver/include/vicon-datastream-sdk/DataStreamClient.h
-- Up-to-date: /home/ph/treasure/dockerBENCH/helios16p_ws/install/vicon_receiver/include
-- Up-to-date: /home/ph/treasure/dockerBENCH/helios16p_ws/install/vicon_receiver/include/vicon_receiver
-- Up-to-date: /home/ph/treasure/dockerBENCH/helios16p_ws/install/vicon_receiver/include/vicon_receiver/communicator.hpp
-- Up-to-date: /home/ph/treasure/dockerBENCH/helios16p_ws/install/vicon_receiver/include/vicon_receiver/publisher.hpp
-- Up-to-date: /home/ph/treasure/dockerBENCH/helios16p_ws/install/vicon_receiver/lib/vicon_receiver/vicon_client
-- Up-to-date: /home/ph/treasure/dockerBENCH/helios16p_ws/install/vicon_receiver/share/vicon_receiver/launch
-- Up-to-date: /home/ph/treasure/dockerBENCH/helios16p_ws/install/vicon_receiver/share/vicon_receiver/launch/client.launch.py
-- Up-to-date: /home/ph/treasure/dockerBENCH/helios16p_ws/install/vicon_receiver/share/ament_index/resource_index/package_run_dependencies/vicon_receiver
-- Up-to-date: /home/ph/treasure/dockerBENCH/helios16p_ws/install/vicon_receiver/share/ament_index/resource_index/parent_prefix_path/vicon_receiver
-- Up-to-date: /home/ph/treasure/dockerBENCH/helios16p_ws/install/vicon_receiver/share/vicon_receiver/environment/ament_prefix_path.sh
-- Up-to-date: /home/ph/treasure/dockerBENCH/helios16p_ws/install/vicon_receiver/share/vicon_receiver/environment/ament_prefix_path.dsv
-- Up-to-date: /home/ph/treasure/dockerBENCH/helios16p_ws/install/vicon_receiver/share/vicon_receiver/environment/path.sh
-- Up-to-date: /home/ph/treasure/dockerBENCH/helios16p_ws/install/vicon_receiver/share/vicon_receiver/environment/path.dsv
-- Up-to-date: /home/ph/treasure/dockerBENCH/helios16p_ws/install/vicon_receiver/share/vicon_receiver/local_setup.bash
-- Up-to-date: /home/ph/treasure/dockerBENCH/helios16p_ws/install/vicon_receiver/share/vicon_receiver/local_setup.sh
-- Up-to-date: /home/ph/treasure/dockerBENCH/helios16p_ws/install/vicon_receiver/share/vicon_receiver/local_setup.zsh
-- Up-to-date: /home/ph/treasure/dockerBENCH/helios16p_ws/install/vicon_receiver/share/vicon_receiver/local_setup.dsv
-- Installing: /home/ph/treasure/dockerBENCH/helios16p_ws/install/vicon_receiver/share/vicon_receiver/package.dsv
-- Up-to-date: /home/ph/treasure/dockerBENCH/helios16p_ws/install/vicon_receiver/share/ament_index/resource_index/packages/vicon_receiver
-- Up-to-date: /home/ph/treasure/dockerBENCH/helios16p_ws/install/vicon_receiver/share/vicon_receiver/cmake/vicon_receiverConfig.cmake
-- Up-to-date: /home/ph/treasure/dockerBENCH/helios16p_ws/install/vicon_receiver/share/vicon_receiver/cmake/vicon_receiverConfig-version.cmake
-- Up-to-date: /home/ph/treasure/dockerBENCH/helios16p_ws/install/vicon_receiver/share/vicon_receiver/package.xml
